"gene_id","scer_gene_name","functional_category","category_order","name_raw","desc_raw"
"YKR066C","CCP1","Stress / Redox",1,"YKR066C   CCP1       OXIDATIVE STRESS RESPONSE               CYTOCHROME-C PEROXIDASE                 S0001774","OXIDATIVE STRESS RESPONSE CYTOCHROME-C PEROXIDASE S0001774"
"YGR088W","CTT1","Stress / Redox",1,"YGR088W   CTT1       OXIDATIVE STRESS RESPONSE               CATALASE T                              S0003320","OXIDATIVE STRESS RESPONSE CATALASE T S0003320"
"YOL151W","GRE2","Stress / Redox",1,"YOL151W   GRE2       UNKNOWN                                 UNKNOWN; INDUCED BY OSMOTIC STRESS      S0005511","UNKNOWN UNKNOWN; INDUCED BY OSMOTIC STRESS S0005511"
"YHR104W","GRE3","Stress / Redox",1,"YHR104W   GRE3       UNKNOWN                                 INDUCED BY OSMOTIC STRESS               S0001146","UNKNOWN INDUCED BY OSMOTIC STRESS S0001146"
"YBR072W","HSP26","Stress / Redox",1,"YBR072W   HSP26      DIAUXIC SHIFT                           STRESS-INDUCED PROTEIN                  S0000276","DIAUXIC SHIFT STRESS-INDUCED PROTEIN S0000276"
"YIR037W","HYR1","Stress / Redox",1,"YIR037W   HYR1       OXIDATIVE STRESS RESPONSE               GLUTATHIONE PEROXIDASE                  S0001476","OXIDATIVE STRESS RESPONSE GLUTATHIONE PEROXIDASE S0001476"
"YLR142W","PUT1","Stress / Redox",1,"YLR142W   PUT1       PROLINE UTILIZATION                     PROLINE OXIDASE                         S0004132","PROLINE UTILIZATION PROLINE OXIDASE S0004132"
"YIL101C","XBP1","Stress / Redox",1,"YIL101C   XBP1       STRESS RESPONSE                         TRANSCRIPTIONAL REPRESSOR               S0001363","STRESS RESPONSE TRANSCRIPTIONAL REPRESSOR S0001363"
"YHR171W","APG7","Protein folding / QC",2,"YHR171W   APG7       AUTOPHAGY                               UNKNOWN; SIMILAR TO UBIQUITIN-ACTIVATINGS0001214","AUTOPHAGY UNKNOWN; SIMILAR TO UBIQUITIN-ACTIVATINGS0001214"
"YJL014W","CCT3","Protein folding / QC",2,"YJL014W   CCT3       PROTEIN FOLDING                         CYTOPLASMIC CHAPERONIN COMPLEX          S0003551","PROTEIN FOLDING CYTOPLASMIC CHAPERONIN COMPLEX S0003551"
"YDL143W","CCT4","Protein folding / QC",2,"YDL143W   CCT4       PROTEIN FOLDING                         CYTOPLASMIC CHAPERONIN SUBUNIT          S0002302","PROTEIN FOLDING CYTOPLASMIC CHAPERONIN SUBUNIT S0002302"
"YJR064W","CCT5","Protein folding / QC",2,"YJR064W   CCT5       PROTEIN TARGETING                       CYTOPLASMIC CHAPERONIN COMPLEX          S0003825","PROTEIN TARGETING CYTOPLASMIC CHAPERONIN COMPLEX S0003825"
"YMR173W","DDR48","Protein folding / QC",2,"YMR173W   DDR48      UNKNOWN                                 INDUCED BY DNA DAMAGE, HEAT SHOCK, OR OSS0004784","UNKNOWN INDUCED BY DNA DAMAGE, HEAT SHOCK, OR OSS0004784"
"YLR449W","FPR4","Protein folding / QC",2,"YLR449W   FPR4       PROTEIN FOLDING (PUTATIVE)              SIMILAR TO PEPTIDYL-PROLYL CIS-TRANS ISOS0004441","PROTEIN FOLDING (PUTATIVE) SIMILAR TO PEPTIDYL-PROLYL CIS-TRANS ISOS0004441"
"YNL153C","GIM3","Protein folding / QC",2,"YNL153C   GIM3       PROTEIN FOLDING                         PREFOLDIN SUBUNIT 4                     S0005097","PROTEIN FOLDING PREFOLDIN SUBUNIT 4 S0005097"
"YLL026W","HSP104","Protein folding / QC",2,"YLL026W   HSP104     HEAT SHOCK RESPONSE /THERMOTOLERANCE    HEAT SHOCK PROTEIN                      S0003949","HEAT SHOCK RESPONSE /THERMOTOLERANCE HEAT SHOCK PROTEIN S0003949"
"YFL014W","HSP12","Protein folding / QC",2,"YFL014W   HSP12      GLUCOSE AND LIPID UTILIZATION           HEAT SHOCK PROTEIN                      S0001880","GLUCOSE AND LIPID UTILIZATION HEAT SHOCK PROTEIN S0001880"
"YDR171W","HSP42","Protein folding / QC",2,"YDR171W   HSP42      CYTOSKELETON ASSEMBLY                   HEAT SHOCK PROTEIN, SIMILAR TO HSP26    S0002578","CYTOSKELETON ASSEMBLY HEAT SHOCK PROTEIN, SIMILAR TO HSP26 S0002578"
"YDR258C","HSP78","Protein folding / QC",2,"YDR258C   HSP78      PROTEIN FOLDING                         MITOCHONDRIAL                           S0002666","PROTEIN FOLDING MITOCHONDRIAL S0002666"
"YKL103C","LAP4","Protein folding / QC",2,"YKL103C   LAP4       PROTEIN DEGRADATION                     VACUOLAR AMINOPEPTIDASE YSC1            S0001586","PROTEIN DEGRADATION VACUOLAR AMINOPEPTIDASE YSC1 S0001586"
"YMR174C","PAI3","Protein folding / QC",2,"YMR174C   PAI3       OSMOTIC STRESS RESPONSE                 PROTEASE A (YSCA) INHIBITOR IA3         S0004786","OSMOTIC STRESS RESPONSE PROTEASE A (YSCA) INHIBITOR IA3 S0004786"
"YNL015W","PBI2","Protein folding / QC",2,"YNL015W   PBI2       UNKNOWN                                 PROTEASE INHIBITOR                      S0004960","UNKNOWN PROTEASE INHIBITOR S0004960"
"YHR064C","PDR13","Protein folding / QC",2,"YHR064C   PDR13      DRUG RESISTANCE                         HSP70 HOMOLOG                           S0001106","DRUG RESISTANCE HSP70 HOMOLOG S0001106"
"YPL154C","PEP4","Protein folding / QC",2,"YPL154C   PEP4       PROTEIN DEGRADATION                     VACUOLAR ASPARTYL PROTEASE              S0006075","PROTEIN DEGRADATION VACUOLAR ASPARTYL PROTEASE S0006075"
"YEL060C","PRB1","Protein folding / QC",2,"YEL060C   PRB1       PROTEIN DEGRADATION                     VACUOLAR PROTEASE B                     S0000786","PROTEIN DEGRADATION VACUOLAR PROTEASE B S0000786"
"YBL075C","SSA3","Protein folding / QC",2,"YBL075C   SSA3       ER AND MITOCHONDRIAL TRANSLOCATION      CYTOSOLIC HSP70                         S0000171","ER AND MITOCHONDRIAL TRANSLOCATION CYTOSOLIC HSP70 S0000171"
"YER103W","SSA4","Protein folding / QC",2,"YER103W   SSA4       ER AND MITOCHONDRIAL TRANSLOCATION      CYTOSOLIC HSP70                         S0000905","ER AND MITOCHONDRIAL TRANSLOCATION CYTOSOLIC HSP70 S0000905"
"YBR169C","SSE2","Protein folding / QC",2,"YBR169C   SSE2       HEAT SHOCK RESPONSE                     HSP70 FAMILY                            S0000373","HEAT SHOCK RESPONSE HSP70 FAMILY S0000373"
"YDR059C","UBC5","Protein folding / QC",2,"YDR059C   UBC5       PROTEIN DEGRADATION, UBIQUITIN-MEDIATED E2 UB.-CONJUGATING ENZYME               S0002466","PROTEIN DEGRADATION, UBIQUITIN-MEDIATED E2 UB.-CONJUGATING ENZYME S0002466"
"YEL012W","UBC8","Protein folding / QC",2,"YEL012W   UBC8       PROTEIN DEGRADATION, UBIQUITIN-MEDIATED E2 UB.-CONJUGATING ENZYME               S0000738","PROTEIN DEGRADATION, UBIQUITIN-MEDIATED E2 UB.-CONJUGATING ENZYME S0000738"
"YLL039C","UBI4","Protein folding / QC",2,"YLL039C   UBI4       PROTEIN DEGRADATION, UBIQUITIN-MEDIATED UBIQUITIN                               S0003962","PROTEIN DEGRADATION, UBIQUITIN-MEDIATED UBIQUITIN S0003962"
"YNL186W","UBP10","Protein folding / QC",2,"YNL186W   UBP10      PROTEIN DEGRADATION, UBIQUITIN-MEDIATED UBIQUITIN C-TERMINAL HYDROLASE          S0005130","PROTEIN DEGRADATION, UBIQUITIN-MEDIATED UBIQUITIN C-TERMINAL HYDROLASE S0005130"
"YMR304W","UBP15","Protein folding / QC",2,"YMR304W   UBP15      PROTEIN DEGRADATION, UBIQUITIN-MEDIATED PUTATIVE DEUBIQUITINATING ENZYME        S0004920","PROTEIN DEGRADATION, UBIQUITIN-MEDIATED PUTATIVE DEUBIQUITINATING ENZYME S0004920"
"YJL163C","YJL163C","Protein folding / QC",2,"YJL163C              UNKNOWN                                 UNKNOWN; SIMILAR TO BOVINE PREFOLDIN SUBS0003699","UNKNOWN; SIMILAR TO BOVINE PREFOLDIN SUBS0003699"
"YIR039C","YPS6","Protein folding / QC",2,"YIR039C   YPS6       PROTEIN DEGRADATION                     GPI-ANCHORED ASPARTIC PROTEASE          S0001478","PROTEIN DEGRADATION GPI-ANCHORED ASPARTIC PROTEASE S0001478"
"YBR084C-A","-A","Translation / Ribosome",3,"YBR084C-A RPL19A     PROTEIN SYNTHESIS                       RIBOSOMAL PROTEIN L19A                  S0002156","RPL19A PROTEIN SYNTHESIS RIBOSOMAL PROTEIN L19A S0002156"
"YER056C-A","-A","Translation / Ribosome",3,"YER056C-A RPL34A     PROTEIN SYNTHESIS                       RIBOSOMAL PROTEIN L34A                  S0002135","RPL34A PROTEIN SYNTHESIS RIBOSOMAL PROTEIN L34A S0002135"
"YFR031C-A","-A","Translation / Ribosome",3,"YFR031C-A RPL2A      PROTEIN SYNTHESIS                       RIBOSOMAL PROTEIN L2A                   S0002104","RPL2A PROTEIN SYNTHESIS RIBOSOMAL PROTEIN L2A S0002104"
"YJR094W-A","-A","Translation / Ribosome",3,"YJR094W-A RPL43B     PROTEIN SYNTHESIS                       RIBOSOMAL PROTEIN L43B                  S0003855","RPL43B PROTEIN SYNTHESIS RIBOSOMAL PROTEIN L43B S0003855"
"YPL160W","CDC60","Translation / Ribosome",3,"YPL160W   CDC60      PROTEIN SYNTHESIS                       TRNA SYNTHETASE, LEUCYL                 S0006081","PROTEIN SYNTHESIS TRNA SYNTHETASE, LEUCYL S0006081"
"YGL078C","DBP3","Translation / Ribosome",3,"YGL078C   DBP3       RRNA PROCESSING                         RNA HELICASE                            S0003046","RRNA PROCESSING RNA HELICASE S0003046"
"YKR024C","DBP7","Translation / Ribosome",3,"YKR024C   DBP7       RIBOSOME BIOGENESIS                     PUTATIVE RNA HELICASE                   S0001732","RIBOSOME BIOGENESIS PUTATIVE RNA HELICASE S0001732"
"YHR019C","DED81","Translation / Ribosome",3,"YHR019C   DED81      PROTEIN SYNTHESIS                       TRNA SYNTHETASE, ARPARAGINYL            S0001061","PROTEIN SYNTHESIS TRNA SYNTHETASE, ARPARAGINYL S0001061"
"YPL266W","DIM1","Translation / Ribosome",3,"YPL266W   DIM1       RRNA PROCESSING, 18S                    DIMETHYLADENOSINE TRANSFERASE           S0006187","RRNA PROCESSING, 18S DIMETHYLADENOSINE TRANSFERASE S0006187"
"YLL008W","DRS1","Translation / Ribosome",3,"YLL008W   DRS1       RRNA PROCESSING                         RNA HELICASE                            S0003931","RRNA PROCESSING RNA HELICASE S0003931"
"YAL003W","EFB1","Translation / Ribosome",3,"YAL003W   EFB1       PROTEIN SYNTHESIS                       TRANSLATION ELONGATION FACTOR EF1-BETA  S0000003","PROTEIN SYNTHESIS TRANSLATION ELONGATION FACTOR EF1-BETA S0000003"
"YDR385W","EFT2","Translation / Ribosome",3,"YDR385W   EFT2       PROTEIN SYNTHESIS                       TRANSLATION ELONGATION FACTOR EEF2      S0002793","PROTEIN SYNTHESIS TRANSLATION ELONGATION FACTOR EEF2 S0002793"
"YLR060W","FRS1","Translation / Ribosome",3,"YLR060W   FRS1       PROTEIN SYNTHESIS                       TRNA SYNTHETASE, PHENYLALANYL, SUBUNIT  S0004050","PROTEIN SYNTHESIS TRNA SYNTHETASE, PHENYLALANYL, SUBUNIT S0004050"
"YFL022C","FRS2","Translation / Ribosome",3,"YFL022C   FRS2       PROTEIN SYNTHESIS                       TRNA SYNTHETASE, PHENYLALANYL           S0001872","PROTEIN SYNTHESIS TRNA SYNTHETASE, PHENYLALANYL S0001872"
"YHR089C","GAR1","Translation / Ribosome",3,"YHR089C   GAR1       RRNA PROCESSING                         SNORNP PROTEIN                          S0001131","RRNA PROCESSING SNORNP PROTEIN S0001131"
"YOR260W","GCD1","Translation / Ribosome",3,"YOR260W   GCD1       PROTEIN SYNTHESIS                       TRANSLATION INITIATION FACTOR EIF2B GAMMS0005786","PROTEIN SYNTHESIS TRANSLATION INITIATION FACTOR EIF2B GAMMS0005786"
"YNL062C","GCD10","Translation / Ribosome",3,"YNL062C   GCD10      PROTEIN SYNTHESIS                       TRANSLATION INITIATION FACTOR EIF3 RNA-BS0005006","PROTEIN SYNTHESIS TRANSLATION INITIATION FACTOR EIF3 RNA-BS0005006"
"YER025W","GCD11","Translation / Ribosome",3,"YER025W   GCD11      PROTEIN SYNTHESIS                       TRANSLATION INITIATION FACTOR EIF2 GAMMAS0000827","PROTEIN SYNTHESIS TRANSLATION INITIATION FACTOR EIF2 GAMMAS0000827"
"YJL125C","GCD14","Translation / Ribosome",3,"YJL125C   GCD14      PROTEIN SYNTHESIS                       TRANSLATION REPRESSOR OF GCN4           S0003661","PROTEIN SYNTHESIS TRANSLATION REPRESSOR OF GCN4 S0003661"
"YGR083C","GCD2","Translation / Ribosome",3,"YGR083C   GCD2       PROTEIN SYNTHESIS                       TRANSLATION INITIATION FACTOR EIF2B SUBUS0003315","PROTEIN SYNTHESIS TRANSLATION INITIATION FACTOR EIF2B SUBUS0003315"
"YDR211W","GCD6","Translation / Ribosome",3,"YDR211W   GCD6       PROTEIN SYNTHESIS                       TRANSLATION INITIATION FACTOR EIF2B SUBUS0002619","PROTEIN SYNTHESIS TRANSLATION INITIATION FACTOR EIF2B SUBUS0002619"
"YLR291C","GCD7","Translation / Ribosome",3,"YLR291C   GCD7       PROTEIN SYNTHESIS                       TRANSLATION INITIATION FACTOR EIF2B SUBUS0004282","PROTEIN SYNTHESIS TRANSLATION INITIATION FACTOR EIF2B SUBUS0004282"
"YKR026C","GCN3","Translation / Ribosome",3,"YKR026C   GCN3       PROTEIN SYNTHESIS                       TRANSLATION INITIATION FACTOR EIF2B     S0001734","PROTEIN SYNTHESIS TRANSLATION INITIATION FACTOR EIF2B S0001734"
"YOR168W","GLN4","Translation / Ribosome",3,"YOR168W   GLN4       PROTEIN SYNTHESIS                       TRNA SYNTHETASE, GLUTAMINYL             S0005694","PROTEIN SYNTHESIS TRNA SYNTHETASE, GLUTAMINYL S0005694"
"YBR121C","GRS1","Translation / Ribosome",3,"YBR121C   GRS1       PROTEIN SYNTHESIS                       TRNA SYNTHASE, GLYCYL                   S0000325","PROTEIN SYNTHESIS TRNA SYNTHASE, GLYCYL S0000325"
"YJL033W","HCA4","Translation / Ribosome",3,"YJL033W   HCA4       RRNA PROCESSING                         RNA HELICASE                            S0003570","RRNA PROCESSING RNA HELICASE S0003570"
"YPR033C","HTS1","Translation / Ribosome",3,"YPR033C   HTS1       PROTEIN SYNTHESIS                       TRNA SYNTHETASE, HISTIDYL               S0006237","PROTEIN SYNTHESIS TRNA SYNTHETASE, HISTIDYL S0006237"
"YHR148W","IMP3","Translation / Ribosome",3,"YHR148W   IMP3       RRNA PROCESSING                         U3 SNORNP PROTEIN                       S0001191","RRNA PROCESSING U3 SNORNP PROTEIN S0001191"
"YNL075W","IMP4","Translation / Ribosome",3,"YNL075W   IMP4       RRNA PROCESSING                         U3 SNORNP PROTEIN                       S0005019","RRNA PROCESSING U3 SNORNP PROTEIN S0005019"
"YDR037W","KRS1","Translation / Ribosome",3,"YDR037W   KRS1       PROTEIN SYNTHESIS                       TRNA SYNTHETASE, LYSYL                  S0002444","PROTEIN SYNTHESIS TRNA SYNTHETASE, LYSYL S0002444"
"YER127W","LCP5","Translation / Ribosome",3,"YER127W   LCP5       RRNA PROCESSING, PUTATIVE               UNKNOWN                                 S0000929","RRNA PROCESSING, PUTATIVE UNKNOWN S0000929"
"YKL205W","LOS1","Translation / Ribosome",3,"YKL205W   LOS1       TRNA SPLICING                           NUCLEAR PORE PROTEIN                    S0001688","TRNA SPLICING NUCLEAR PORE PROTEIN S0001688"
"YGR264C","MES1","Translation / Ribosome",3,"YGR264C   MES1       PROTEIN SYNTHESIS                       TRNA SYNTHETASE, METHIONYL              S0003496","PROTEIN SYNTHESIS TRNA SYNTHETASE, METHIONYL S0003496"
"YJR002W","MPP10","Translation / Ribosome",3,"YJR002W   MPP10      RRNA PROCESSING                         U3 SNORNP PROTEIN                       S0003762","RRNA PROCESSING U3 SNORNP PROTEIN S0003762"
"YKL142W","MRP8","Translation / Ribosome",3,"YKL142W   MRP8       PROTEIN SYNTHESIS                       RIBOSOMAL PROTEIN, MITOCHONDRIAL SMALL SS0001625","PROTEIN SYNTHESIS RIBOSOMAL PROTEIN, MITOCHONDRIAL SMALL SS0001625"
"YPL211W","NIP7","Translation / Ribosome",3,"YPL211W   NIP7       RRNA PROCESSING                         UNKNOWN                                 S0006132","RRNA PROCESSING UNKNOWN S0006132"
"YPL043W","NOP4","Translation / Ribosome",3,"YPL043W   NOP4       RRNA PROCESSING                         RNA BINDING PROTEIN                     S0005964","RRNA PROCESSING RNA BINDING PROTEIN S0005964"
"YOR310C","NOP58","Translation / Ribosome",3,"YOR310C   NOP58      RIBOSOME BIOGENESIS                     NUCLEOLAR PROTEIN                       S0005837","RIBOSOME BIOGENESIS NUCLEOLAR PROTEIN S0005837"
"YNL163C","PROTEIN","Translation / Ribosome",3,"YNL163C              PROTEIN SYNTHESIS                       TRANSLATION ELONGATION FACTOR EEF4      S0005107","SYNTHESIS TRANSLATION ELONGATION FACTOR EEF4 S0005107"
"YNL247W","PROTEIN","Translation / Ribosome",3,"YNL247W              PROTEIN SYNTHESIS                       TRNA SYNTHETASE, CYSTEINYL              S0005191","SYNTHESIS TRNA SYNTHETASE, CYSTEINYL S0005191"
"YDR341C","PROTEIN","Translation / Ribosome",3,"YDR341C              PROTEIN SYNTHESIS                       TRNA SYNTHETASE, ARGININE               S0002749","SYNTHESIS TRNA SYNTHETASE, ARGININE S0002749"
"YLR009W","PROTEIN","Translation / Ribosome",3,"YLR009W              PROTEIN SYNTHESIS                       RIBOSOMAL PROTEIN L24B (PUTATIVE)       S0003999","SYNTHESIS RIBOSOMAL PROTEIN L24B (PUTATIVE) S0003999"
"YMR302C","PRP12","Translation / Ribosome",3,"YMR302C   PRP12      RRNA PROCESSING                         MITOCHONDRIAL INNER MEMBRANE PROTEIN    S0004917","RRNA PROCESSING MITOCHONDRIAL INNER MEMBRANE PROTEIN S0004917"
"YOR361C","PRT1","Translation / Ribosome",3,"YOR361C   PRT1       PROTEIN SYNTHESIS                       TRANSLATION INITIATION FACTOR EIF3 SUBUNS0005888","PROTEIN SYNTHESIS TRANSLATION INITIATION FACTOR EIF3 SUBUNS0005888"
"YPL212C","PUS1","Translation / Ribosome",3,"YPL212C   PUS1       TRNA PROCESSING                         PSEUDOURIDINE SYNTHASE                  S0006133","TRNA PROCESSING PSEUDOURIDINE SYNTHASE S0006133"
"YNL292W","PUS4","Translation / Ribosome",3,"YNL292W   PUS4       TRNA PROCESSING                         PSEUDOURIDINE SYNTHASE                  S0005236","TRNA PROCESSING PSEUDOURIDINE SYNTHASE S0005236"
"YNL002C","RLP7","Translation / Ribosome",3,"YNL002C   RLP7       PROTEIN SYNTHESIS                       RIBOSOMAL PROTEIN L7 (PUTATIVE)         S0004947","PROTEIN SYNTHESIS RIBOSOMAL PROTEIN L7 (PUTATIVE) S0004947"
"YMR239C","RNT1","Translation / Ribosome",3,"YMR239C   RNT1       RRNA PROCESSING                         RIBONUCLEASE III                        S0004852","RRNA PROCESSING RIBONUCLEASE III S0004852"
"YGL171W","ROK1","Translation / Ribosome",3,"YGL171W   ROK1       RRNA PROCESSING                         RNA HELICASE                            S0003139","RRNA PROCESSING RNA HELICASE S0003139"
"YBR079C","RPG1","Translation / Ribosome",3,"YBR079C   RPG1       PROTEIN SYNTHESIS                       TRANSLATION INITIATION FACTOR EIF3      S0000283","PROTEIN SYNTHESIS TRANSLATION INITIATION FACTOR EIF3 S0000283"
"YLR075W","RPL10","Translation / Ribosome",3,"YLR075W   RPL10      PROTEIN SYNTHESIS                       RIBOSOMAL PROTEIN L10                   S0004065","PROTEIN SYNTHESIS RIBOSOMAL PROTEIN L10 S0004065"
"YPR102C","RPL11A","Translation / Ribosome",3,"YPR102C   RPL11A     PROTEIN SYNTHESIS                       RIBOSOMAL PROTEIN L11A                  S0006306","PROTEIN SYNTHESIS RIBOSOMAL PROTEIN L11A S0006306"
"YGR085C","RPL11B","Translation / Ribosome",3,"YGR085C   RPL11B     PROTEIN SYNTHESIS                       RIBOSOMAL PROTEIN L11B                  S0003317","PROTEIN SYNTHESIS RIBOSOMAL PROTEIN L11B S0003317"
"YEL054C","RPL12A","Translation / Ribosome",3,"YEL054C   RPL12A     PROTEIN SYNTHESIS                       RIBOSOMAL PROTEIN L12A                  S0000780","PROTEIN SYNTHESIS RIBOSOMAL PROTEIN L12A S0000780"
"YDR418W","RPL12B","Translation / Ribosome",3,"YDR418W   RPL12B     PROTEIN SYNTHESIS                       RIBOSOMAL PROTEIN L12B                  S0002826","PROTEIN SYNTHESIS RIBOSOMAL PROTEIN L12B S0002826"
"YDL082W","RPL13A","Translation / Ribosome",3,"YDL082W   RPL13A     PROTEIN SYNTHESIS                       RIBOSOMAL PROTEIN L13A                  S0002240","PROTEIN SYNTHESIS RIBOSOMAL PROTEIN L13A S0002240"
"YMR142C","RPL13B","Translation / Ribosome",3,"YMR142C   RPL13B     PROTEIN SYNTHESIS                       RIBOSOMAL PROTEIN L13B                  S0004750","PROTEIN SYNTHESIS RIBOSOMAL PROTEIN L13B S0004750"
"YKL006W","RPL14A","Translation / Ribosome",3,"YKL006W   RPL14A     PROTEIN SYNTHESIS                       RIBOSOMAL PROTEIN L14A                  S0001489","PROTEIN SYNTHESIS RIBOSOMAL PROTEIN L14A S0001489"
"YHL001W","RPL14B","Translation / Ribosome",3,"YHL001W   RPL14B     PROTEIN SYNTHESIS                       RIBOSOMAL PROTEIN L14B                  S0000993","PROTEIN SYNTHESIS RIBOSOMAL PROTEIN L14B S0000993"
"YLR029C","RPL15A","Translation / Ribosome",3,"YLR029C   RPL15A     PROTEIN SYNTHESIS                       RIBOSOMAL PROTEIN L15A                  S0004019","PROTEIN SYNTHESIS RIBOSOMAL PROTEIN L15A S0004019"
"YMR121C","RPL15B","Translation / Ribosome",3,"YMR121C   RPL15B     PROTEIN SYNTHESIS                       RIBOSOMAL PROTEIN L15B                  S0004728","PROTEIN SYNTHESIS RIBOSOMAL PROTEIN L15B S0004728"
"YIL133C","RPL16A","Translation / Ribosome",3,"YIL133C   RPL16A     PROTEIN SYNTHESIS                       RIBOSOMAL PROTEIN L16A                  S0001395","PROTEIN SYNTHESIS RIBOSOMAL PROTEIN L16A S0001395"
"YNL069C","RPL16B","Translation / Ribosome",3,"YNL069C   RPL16B     PROTEIN SYNTHESIS                       RIBOSOMAL PROTEIN L16B                  S0005013","PROTEIN SYNTHESIS RIBOSOMAL PROTEIN L16B S0005013"
"YKL180W","RPL17A","Translation / Ribosome",3,"YKL180W   RPL17A     PROTEIN SYNTHESIS                       RIBOSOMAL PROTEIN L17A                  S0001663","PROTEIN SYNTHESIS RIBOSOMAL PROTEIN L17A S0001663"
"YJL177W","RPL17B","Translation / Ribosome",3,"YJL177W   RPL17B     PROTEIN SYNTHESIS                       RIBOSOMAL PROTEIN L17B                  S0003713","PROTEIN SYNTHESIS RIBOSOMAL PROTEIN L17B S0003713"
"YOL120C","RPL18A","Translation / Ribosome",3,"YOL120C   RPL18A     PROTEIN SYNTHESIS                       RIBOSOMAL PROTEIN L18A                  S0005480","PROTEIN SYNTHESIS RIBOSOMAL PROTEIN L18A S0005480"
"YNL301C","RPL18B","Translation / Ribosome",3,"YNL301C   RPL18B     PROTEIN SYNTHESIS                       RIBOSOMAL PROTEIN L18B                  S0005245","PROTEIN SYNTHESIS RIBOSOMAL PROTEIN L18B S0005245"
"YBL027W","RPL19B","Translation / Ribosome",3,"YBL027W   RPL19B     PROTEIN SYNTHESIS                       RIBOSOMAL PROTEIN L19B                  S0000123","PROTEIN SYNTHESIS RIBOSOMAL PROTEIN L19B S0000123"
"YPL220W","RPL1A","Translation / Ribosome",3,"YPL220W   RPL1A      PROTEIN SYNTHESIS                       RIBOSOMAL PROTEIN L1A                   S0006141","PROTEIN SYNTHESIS RIBOSOMAL PROTEIN L1A S0006141"
"YGL135W","RPL1B","Translation / Ribosome",3,"YGL135W   RPL1B      PROTEIN SYNTHESIS                       RIBOSOMAL PROTEIN L1B                   S0003103","PROTEIN SYNTHESIS RIBOSOMAL PROTEIN L1B S0003103"
"YMR242C","RPL20A","Translation / Ribosome",3,"YMR242C   RPL20A     PROTEIN SYNTHESIS                       RIBOSOMAL PROTEIN L20A                  S0004855","PROTEIN SYNTHESIS RIBOSOMAL PROTEIN L20A S0004855"
"YOR312C","RPL20B","Translation / Ribosome",3,"YOR312C   RPL20B     PROTEIN SYNTHESIS                       RIBOSOMAL PROTEIN L20B                  S0005839","PROTEIN SYNTHESIS RIBOSOMAL PROTEIN L20B S0005839"
"YBR191W","RPL21A","Translation / Ribosome",3,"YBR191W   RPL21A     PROTEIN SYNTHESIS                       RIBOSOMAL PROTEIN L21A                  S0000395","PROTEIN SYNTHESIS RIBOSOMAL PROTEIN L21A S0000395"
"YPL079W","RPL21B","Translation / Ribosome",3,"YPL079W   RPL21B     PROTEIN SYNTHESIS                       RIBOSOMAL PROTEIN L21B                  S0006000","PROTEIN SYNTHESIS RIBOSOMAL PROTEIN L21B S0006000"
"YLR061W","RPL22A","Translation / Ribosome",3,"YLR061W   RPL22A     PROTEIN SYNTHESIS                       RIBOSOMAL PROTEIN L22A                  S0004051","PROTEIN SYNTHESIS RIBOSOMAL PROTEIN L22A S0004051"
"YBL087C","RPL23A","Translation / Ribosome",3,"YBL087C   RPL23A     PROTEIN SYNTHESIS                       RIBOSOMAL PROTEIN L23A                  S0000183","PROTEIN SYNTHESIS RIBOSOMAL PROTEIN L23A S0000183"
"YER117W","RPL23B","Translation / Ribosome",3,"YER117W   RPL23B     PROTEIN SYNTHESIS                       RIBOSOMAL PROTEIN L23B                  S0000919","PROTEIN SYNTHESIS RIBOSOMAL PROTEIN L23B S0000919"
"YGL031C","RPL24A","Translation / Ribosome",3,"YGL031C   RPL24A     PROTEIN SYNTHESIS                       RIBOSOMAL PROTEIN L24A                  S0002999","PROTEIN SYNTHESIS RIBOSOMAL PROTEIN L24A S0002999"
"YGR148C","RPL24B","Translation / Ribosome",3,"YGR148C   RPL24B     PROTEIN SYNTHESIS                       RIBOSOMAL PROTEIN L24B                  S0003380","PROTEIN SYNTHESIS RIBOSOMAL PROTEIN L24B S0003380"
"YOL127W","RPL25","Translation / Ribosome",3,"YOL127W   RPL25      PROTEIN SYNTHESIS                       RIBOSOMAL PROTEIN L25                   S0005487","PROTEIN SYNTHESIS RIBOSOMAL PROTEIN L25 S0005487"
"YLR344W","RPL26A","Translation / Ribosome",3,"YLR344W   RPL26A     PROTEIN SYNTHESIS                       RIBOSOMAL PROTEIN L26A                  S0004336","PROTEIN SYNTHESIS RIBOSOMAL PROTEIN L26A S0004336"
"YGR034W","RPL26B","Translation / Ribosome",3,"YGR034W   RPL26B     PROTEIN SYNTHESIS                       RIBOSOMAL PROTEIN L26B                  S0003266","PROTEIN SYNTHESIS RIBOSOMAL PROTEIN L26B S0003266"
"YHR010W","RPL27A","Translation / Ribosome",3,"YHR010W   RPL27A     PROTEIN SYNTHESIS                       RIBOSOMAL PROTEIN L27A                  S0001052","PROTEIN SYNTHESIS RIBOSOMAL PROTEIN L27A S0001052"
"YDR471W","RPL27B","Translation / Ribosome",3,"YDR471W   RPL27B     PROTEIN SYNTHESIS                       RIBOSOMAL PROTEIN L27B                  S0002879","PROTEIN SYNTHESIS RIBOSOMAL PROTEIN L27B S0002879"
"YGL103W","RPL28","Translation / Ribosome",3,"YGL103W   RPL28      PROTEIN SYNTHESIS                       RIBOSOMAL PROTEIN L28                   S0003071","PROTEIN SYNTHESIS RIBOSOMAL PROTEIN L28 S0003071"
"YIL018W","RPL2B","Translation / Ribosome",3,"YIL018W   RPL2B      PROTEIN SYNTHESIS                       RIBOSOMAL PROTEIN L2B                   S0001280","PROTEIN SYNTHESIS RIBOSOMAL PROTEIN L2B S0001280"
"YOR063W","RPL3","Translation / Ribosome",3,"YOR063W   RPL3       PROTEIN SYNTHESIS                       RIBOSOMAL PROTEIN L3                    S0005589","PROTEIN SYNTHESIS RIBOSOMAL PROTEIN L3 S0005589"
"YGL030W","RPL30","Translation / Ribosome",3,"YGL030W   RPL30      PROTEIN SYNTHESIS                       RIBOSOMAL PROTEIN L30                   S0002998","PROTEIN SYNTHESIS RIBOSOMAL PROTEIN L30 S0002998"
"YDL075W","RPL31A","Translation / Ribosome",3,"YDL075W   RPL31A     PROTEIN SYNTHESIS                       RIBOSOMAL PROTEIN L31A                  S0002233","PROTEIN SYNTHESIS RIBOSOMAL PROTEIN L31A S0002233"
"YBL092W","RPL32","Translation / Ribosome",3,"YBL092W   RPL32      PROTEIN SYNTHESIS                       RIBOSOMAL PROTEIN L23                   S0000188","PROTEIN SYNTHESIS RIBOSOMAL PROTEIN L23 S0000188"
"YPL143W","RPL33A","Translation / Ribosome",3,"YPL143W   RPL33A     PROTEIN SYNTHESIS                       RIBOSOMAL PROTEIN L33A                  S0006064","PROTEIN SYNTHESIS RIBOSOMAL PROTEIN L33A S0006064"
"YOR234C","RPL33B","Translation / Ribosome",3,"YOR234C   RPL33B     PROTEIN SYNTHESIS                       RIBOSOMAL PROTEIN L33B                  S0005760","PROTEIN SYNTHESIS RIBOSOMAL PROTEIN L33B S0005760"
"YIL052C","RPL34B","Translation / Ribosome",3,"YIL052C   RPL34B     PROTEIN SYNTHESIS                       RIBOSOMAL PROTEIN L34B                  S0001314","PROTEIN SYNTHESIS RIBOSOMAL PROTEIN L34B S0001314"
"YDL191W","RPL35A","Translation / Ribosome",3,"YDL191W   RPL35A     PROTEIN SYNTHESIS                       RIBOSOMAL PROTEIN L35A                  S0002350","PROTEIN SYNTHESIS RIBOSOMAL PROTEIN L35A S0002350"
"YDL136W","RPL35B","Translation / Ribosome",3,"YDL136W   RPL35B     PROTEIN SYNTHESIS                       RIBOSOMAL PROTEIN L35B                  S0002295","PROTEIN SYNTHESIS RIBOSOMAL PROTEIN L35B S0002295"
"YMR194W","RPL36A","Translation / Ribosome",3,"YMR194W   RPL36A     PROTEIN SYNTHESIS                       RIBOSOMAL PROTEIN L36A                  S0004807","PROTEIN SYNTHESIS RIBOSOMAL PROTEIN L36A S0004807"
"YLR185W","RPL37A","Translation / Ribosome",3,"YLR185W   RPL37A     PROTEIN SYNTHESIS                       RIBOSOMAL PROTEIN L37A                  S0004175","PROTEIN SYNTHESIS RIBOSOMAL PROTEIN L37A S0004175"
"YDR500C","RPL37B","Translation / Ribosome",3,"YDR500C   RPL37B     PROTEIN SYNTHESIS                       RIBOSOMAL PROTEIN L37B                  S0002908","PROTEIN SYNTHESIS RIBOSOMAL PROTEIN L37B S0002908"
"YLR325C","RPL38","Translation / Ribosome",3,"YLR325C   RPL38      PROTEIN SYNTHESIS                       RIBOSOMAL PROTEIN L38                   S0004317","PROTEIN SYNTHESIS RIBOSOMAL PROTEIN L38 S0004317"
"YJL189W","RPL39","Translation / Ribosome",3,"YJL189W   RPL39      PROTEIN SYNTHESIS                       RIBOSOMAL PROTEIN L39                   S0003725","PROTEIN SYNTHESIS RIBOSOMAL PROTEIN L39 S0003725"
"YIL148W","RPL40A","Translation / Ribosome",3,"YIL148W   RPL40A     PROTEIN SYNTHESIS                       RIBOSOMAL PROTEIN L40A                  S0001410","PROTEIN SYNTHESIS RIBOSOMAL PROTEIN L40A S0001410"
"YKR094C","RPL40B","Translation / Ribosome",3,"YKR094C   RPL40B     PROTEIN SYNTHESIS                       RIBOSOMAL PROTEIN L40B                  S0001802","PROTEIN SYNTHESIS RIBOSOMAL PROTEIN L40B S0001802"
"YNL162W","RPL42A","Translation / Ribosome",3,"YNL162W   RPL42A     PROTEIN SYNTHESIS                       RIBOSOMAL PROTEIN L42A                  S0005106","PROTEIN SYNTHESIS RIBOSOMAL PROTEIN L42A S0005106"
"YHR141C","RPL42B","Translation / Ribosome",3,"YHR141C   RPL42B     PROTEIN SYNTHESIS                       RIBOSOMAL PROTEIN L42B                  S0001183","PROTEIN SYNTHESIS RIBOSOMAL PROTEIN L42B S0001183"
"YPR043W","RPL43A","Translation / Ribosome",3,"YPR043W   RPL43A     PROTEIN SYNTHESIS                       RIBOSOMAL PROTEIN L34A                  S0006247","PROTEIN SYNTHESIS RIBOSOMAL PROTEIN L34A S0006247"
"YBR031W","RPL4A","Translation / Ribosome",3,"YBR031W   RPL4A      PROTEIN SYNTHESIS                       RIBOSOMAL PROTEIN L4A                   S0000235","PROTEIN SYNTHESIS RIBOSOMAL PROTEIN L4A S0000235"
"YDR012W","RPL4B","Translation / Ribosome",3,"YDR012W   RPL4B      PROTEIN SYNTHESIS                       RIBOSOMAL PROTEIN L4B                   S0002419","PROTEIN SYNTHESIS RIBOSOMAL PROTEIN L4B S0002419"
"YML073C","RPL6A","Translation / Ribosome",3,"YML073C   RPL6A      PROTEIN SYNTHESIS                       RIBOSOMAL PROTEIN L6A                   S0004538","PROTEIN SYNTHESIS RIBOSOMAL PROTEIN L6A S0004538"
"YLR448W","RPL6B","Translation / Ribosome",3,"YLR448W   RPL6B      PROTEIN SYNTHESIS                       RIBOSOMAL PROTEIN L6B                   S0004440","PROTEIN SYNTHESIS RIBOSOMAL PROTEIN L6B S0004440"
"YGL076C","RPL7A","Translation / Ribosome",3,"YGL076C   RPL7A      PROTEIN SYNTHESIS                       RIBOSOMAL PROTEIN L7A                   S0003044","PROTEIN SYNTHESIS RIBOSOMAL PROTEIN L7A S0003044"
"YPL198W","RPL7B","Translation / Ribosome",3,"YPL198W   RPL7B      PROTEIN SYNTHESIS                       RIBOSOMAL PROTEIN L7B                   S0006119","PROTEIN SYNTHESIS RIBOSOMAL PROTEIN L7B S0006119"
"YHL033C","RPL8A","Translation / Ribosome",3,"YHL033C   RPL8A      PROTEIN SYNTHESIS                       RIBOSOMAL PROTEIN L8A                   S0001025","PROTEIN SYNTHESIS RIBOSOMAL PROTEIN L8A S0001025"
"YLL045C","RPL8B","Translation / Ribosome",3,"YLL045C   RPL8B      PROTEIN SYNTHESIS                       RIBOSOMAL PROTEIN L8B                   S0003968","PROTEIN SYNTHESIS RIBOSOMAL PROTEIN L8B S0003968"
"YGL147C","RPL9A","Translation / Ribosome",3,"YGL147C   RPL9A      PROTEIN SYNTHESIS                       RIBOSOMAL PROTEIN L9A                   S0003115","PROTEIN SYNTHESIS RIBOSOMAL PROTEIN L9A S0003115"
"YNL067W","RPL9B","Translation / Ribosome",3,"YNL067W   RPL9B      PROTEIN SYNTHESIS                       RIBOSOMAL PROTEIN L9B                   S0005011","PROTEIN SYNTHESIS RIBOSOMAL PROTEIN L9B S0005011"
"YLR340W","RPP0","Translation / Ribosome",3,"YLR340W   RPP0       PROTEIN SYNTHESIS                       RIBOSOMAL PROTEIN L10, ACIDIC           S0004332","PROTEIN SYNTHESIS RIBOSOMAL PROTEIN L10, ACIDIC S0004332"
"YDL081C","RPP1A","Translation / Ribosome",3,"YDL081C   RPP1A      PROTEIN SYNTHESIS                       RIBOSOMAL PROTEIN P1A, ACIDIC           S0002239","PROTEIN SYNTHESIS RIBOSOMAL PROTEIN P1A, ACIDIC S0002239"
"YOL039W","RPP2A","Translation / Ribosome",3,"YOL039W   RPP2A      PROTEIN SYNTHESIS                       RIBOSOMAL PROTEIN P2A/L44, ACIDIC       S0005399","PROTEIN SYNTHESIS RIBOSOMAL PROTEIN P2A/L44, ACIDIC S0005399"
"YDR382W","RPP2B","Translation / Ribosome",3,"YDR382W   RPP2B      PROTEIN SYNTHESIS                       RIBOSOMAL PROTEIN L45, ACIDIC           S0002790","PROTEIN SYNTHESIS RIBOSOMAL PROTEIN L45, ACIDIC S0002790"
"YGR214W","RPS0A","Translation / Ribosome",3,"YGR214W   RPS0A      PROTEIN SYNTHESIS                       RIBOSOMAL PROTEIN S0A                   S0003446","PROTEIN SYNTHESIS RIBOSOMAL PROTEIN S0A S0003446"
"YLR048W","RPS0B","Translation / Ribosome",3,"YLR048W   RPS0B      PROTEIN SYNTHESIS                       RIBOSOMAL PROTEIN S0B                   S0004038","PROTEIN SYNTHESIS RIBOSOMAL PROTEIN S0B S0004038"
"YOR293W","RPS10A","Translation / Ribosome",3,"YOR293W   RPS10A     PROTEIN SYNTHESIS                       RIBOSOMAL PROTEIN S10A                  S0005819","PROTEIN SYNTHESIS RIBOSOMAL PROTEIN S10A S0005819"
"YMR230W","RPS10B","Translation / Ribosome",3,"YMR230W   RPS10B     PROTEIN SYNTHESIS                       RIBOSOMAL PROTEIN S10B                  S0004843","PROTEIN SYNTHESIS RIBOSOMAL PROTEIN S10B S0004843"
"YDR025W","RPS11A","Translation / Ribosome",3,"YDR025W   RPS11A     PROTEIN SYNTHESIS                       RIBOSOMAL PROTEIN S11A                  S0002432","PROTEIN SYNTHESIS RIBOSOMAL PROTEIN S11A S0002432"
"YBR048W","RPS11B","Translation / Ribosome",3,"YBR048W   RPS11B     PROTEIN SYNTHESIS                       RIBOSOMAL PROTEIN S11B                  S0000252","PROTEIN SYNTHESIS RIBOSOMAL PROTEIN S11B S0000252"
"YOR369C","RPS12","Translation / Ribosome",3,"YOR369C   RPS12      PROTEIN SYNTHESIS                       RIBOSOMAL PROTEIN S12                   S0005896","PROTEIN SYNTHESIS RIBOSOMAL PROTEIN S12 S0005896"
"YDR064W","RPS13","Translation / Ribosome",3,"YDR064W   RPS13      PROTEIN SYNTHESIS                       RIBOSOMAL PROTEIN S13                   S0002471","PROTEIN SYNTHESIS RIBOSOMAL PROTEIN S13 S0002471"
"YCR031C","RPS14A","Translation / Ribosome",3,"YCR031C   RPS14A     PROTEIN SYNTHESIS                       RIBOSOMAL PROTEIN S14A                  S0000627","PROTEIN SYNTHESIS RIBOSOMAL PROTEIN S14A S0000627"
"YJL191W","RPS14B","Translation / Ribosome",3,"YJL191W   RPS14B     PROTEIN SYNTHESIS                       RIBOSOMAL PROTEIN S14B                  S0003727","PROTEIN SYNTHESIS RIBOSOMAL PROTEIN S14B S0003727"
"YOL040C","RPS15","Translation / Ribosome",3,"YOL040C   RPS15      PROTEIN SYNTHESIS                       RIBOSOMAL PROTEIN S15                   S0005400","PROTEIN SYNTHESIS RIBOSOMAL PROTEIN S15 S0005400"
"YMR143W","RPS16A","Translation / Ribosome",3,"YMR143W   RPS16A     PROTEIN SYNTHESIS                       RIBOSOMAL PROTEIN S16A                  S0004751","PROTEIN SYNTHESIS RIBOSOMAL PROTEIN S16A S0004751"
"YDL083C","RPS16B","Translation / Ribosome",3,"YDL083C   RPS16B     PROTEIN SYNTHESIS                       RIBOSOMAL PROTEIN S16B                  S0002241","PROTEIN SYNTHESIS RIBOSOMAL PROTEIN S16B S0002241"
"YML024W","RPS17A","Translation / Ribosome",3,"YML024W   RPS17A     PROTEIN SYNTHESIS                       RIBOSOMAL PROTEIN S17A                  S0004486","PROTEIN SYNTHESIS RIBOSOMAL PROTEIN S17A S0004486"
"YDR447C","RPS17B","Translation / Ribosome",3,"YDR447C   RPS17B     PROTEIN SYNTHESIS                       RIBOSOMAL PROTEIN S17B                  S0002855","PROTEIN SYNTHESIS RIBOSOMAL PROTEIN S17B S0002855"
"YDR450W","RPS18A","Translation / Ribosome",3,"YDR450W   RPS18A     PROTEIN SYNTHESIS                       RIBOSOMAL PROTEIN S18A                  S0002858","PROTEIN SYNTHESIS RIBOSOMAL PROTEIN S18A S0002858"
"YML026C","RPS18B","Translation / Ribosome",3,"YML026C   RPS18B     PROTEIN SYNTHESIS                       RIBOSOMAL PROTEIN S18B                  S0004488","PROTEIN SYNTHESIS RIBOSOMAL PROTEIN S18B S0004488"
"YOL121C","RPS19A","Translation / Ribosome",3,"YOL121C   RPS19A     PROTEIN SYNTHESIS                       RIBOSOMAL PROTEIN S19A                  S0005481","PROTEIN SYNTHESIS RIBOSOMAL PROTEIN S19A S0005481"
"YNL302C","RPS19B","Translation / Ribosome",3,"YNL302C   RPS19B     PROTEIN SYNTHESIS                       RIBOSOMAL PROTEIN S19B                  S0005246","PROTEIN SYNTHESIS RIBOSOMAL PROTEIN S19B S0005246"
"YLR441C","RPS1A","Translation / Ribosome",3,"YLR441C   RPS1A      PROTEIN SYNTHESIS                       RIBOSOMAL PROTEIN S1A                   S0004433","PROTEIN SYNTHESIS RIBOSOMAL PROTEIN S1A S0004433"
"YML063W","RPS1B","Translation / Ribosome",3,"YML063W   RPS1B      PROTEIN SYNTHESIS                       RIBOSOMAL PROTEIN S1B                   S0004528","PROTEIN SYNTHESIS RIBOSOMAL PROTEIN S1B S0004528"
"YGL123W","RPS2","Translation / Ribosome",3,"YGL123W   RPS2       PROTEIN SYNTHESIS                       RIBOSOMAL PROTEIN S2                    S0003091","PROTEIN SYNTHESIS RIBOSOMAL PROTEIN S2 S0003091"
"YKR057W","RPS21A","Translation / Ribosome",3,"YKR057W   RPS21A     PROTEIN SYNTHESIS                       RIBOSOMAL PROTEIN S21A                  S0001765","PROTEIN SYNTHESIS RIBOSOMAL PROTEIN S21A S0001765"
"YJL136C","RPS21B","Translation / Ribosome",3,"YJL136C   RPS21B     PROTEIN SYNTHESIS                       RIBOSOMAL PROTEIN S21B                  S0003672","PROTEIN SYNTHESIS RIBOSOMAL PROTEIN S21B S0003672"
"YJL190C","RPS22A","Translation / Ribosome",3,"YJL190C   RPS22A     PROTEIN SYNTHESIS                       RIBOSOMAL PROTEIN S22A                  S0003726","PROTEIN SYNTHESIS RIBOSOMAL PROTEIN S22A S0003726"
"YLR367W","RPS22B","Translation / Ribosome",3,"YLR367W   RPS22B     PROTEIN SYNTHESIS                       RIBOSOMAL PROTEIN S22B                  S0004359","PROTEIN SYNTHESIS RIBOSOMAL PROTEIN S22B S0004359"
"YGR118W","RPS23A","Translation / Ribosome",3,"YGR118W   RPS23A     PROTEIN SYNTHESIS                       RIBOSOMAL PROTEIN S23A                  S0003350","PROTEIN SYNTHESIS RIBOSOMAL PROTEIN S23A S0003350"
"YPR132W","RPS23B","Translation / Ribosome",3,"YPR132W   RPS23B     PROTEIN SYNTHESIS                       RIBOSOMAL PROTEIN S23B                  S0006336","PROTEIN SYNTHESIS RIBOSOMAL PROTEIN S23B S0006336"
"YER074W","RPS24A","Translation / Ribosome",3,"YER074W   RPS24A     PROTEIN SYNTHESIS                       RIBOSOMAL PROTEIN S24A                  S0000876","PROTEIN SYNTHESIS RIBOSOMAL PROTEIN S24A S0000876"
"YGR027C","RPS25A","Translation / Ribosome",3,"YGR027C   RPS25A     PROTEIN SYNTHESIS                       RIBOSOMAL PROTEIN S25A                  S0003259","PROTEIN SYNTHESIS RIBOSOMAL PROTEIN S25A S0003259"
"YLR333C","RPS25B","Translation / Ribosome",3,"YLR333C   RPS25B     PROTEIN SYNTHESIS                       RIBOSOMAL PROTEIN S25B                  S0004325","PROTEIN SYNTHESIS RIBOSOMAL PROTEIN S25B S0004325"
"YGL189C","RPS26A","Translation / Ribosome",3,"YGL189C   RPS26A     PROTEIN SYNTHESIS                       RIBOSOMAL PROTEIN S26A                  S0003157","PROTEIN SYNTHESIS RIBOSOMAL PROTEIN S26A S0003157"
"YER131W","RPS26B","Translation / Ribosome",3,"YER131W   RPS26B     PROTEIN SYNTHESIS                       RIBOSOMAL PROTEIN S26B                  S0000933","PROTEIN SYNTHESIS RIBOSOMAL PROTEIN S26B S0000933"
"YKL156W","RPS27A","Translation / Ribosome",3,"YKL156W   RPS27A     PROTEIN SYNTHESIS                       RIBOSOMAL PROTEIN S27A                  S0001639","PROTEIN SYNTHESIS RIBOSOMAL PROTEIN S27A S0001639"
"YHR021C","RPS27B","Translation / Ribosome",3,"YHR021C   RPS27B     PROTEIN SYNTHESIS                       RIBOSOMAL PROTEIN S27B                  S0001063","PROTEIN SYNTHESIS RIBOSOMAL PROTEIN S27B S0001063"
"YOR167C","RPS28A","Translation / Ribosome",3,"YOR167C   RPS28A     PROTEIN SYNTHESIS                       RIBOSOMAL PROTEIN S28A                  S0005693","PROTEIN SYNTHESIS RIBOSOMAL PROTEIN S28A S0005693"
"YLR264W","RPS28B","Translation / Ribosome",3,"YLR264W   RPS28B     PROTEIN SYNTHESIS                       RIBOSOMAL PROTEIN S28B                  S0004254","PROTEIN SYNTHESIS RIBOSOMAL PROTEIN S28B S0004254"
"YLR388W","RPS29A","Translation / Ribosome",3,"YLR388W   RPS29A     PROTEIN SYNTHESIS                       RIBOSOMAL PROTEIN S29A                  S0004380","PROTEIN SYNTHESIS RIBOSOMAL PROTEIN S29A S0004380"
"YDL061C","RPS29B","Translation / Ribosome",3,"YDL061C   RPS29B     PROTEIN SYNTHESIS                       RIBOSOMAL PROTEIN S29B                  S0002219","PROTEIN SYNTHESIS RIBOSOMAL PROTEIN S29B S0002219"
"YNL178W","RPS3","Translation / Ribosome",3,"YNL178W   RPS3       PROTEIN SYNTHESIS                       RIBOSOMAL PROTEIN S3                    S0005122","PROTEIN SYNTHESIS RIBOSOMAL PROTEIN S3 S0005122"
"YOR182C","RPS30B","Translation / Ribosome",3,"YOR182C   RPS30B     PROTEIN SYNTHESIS                       RIBOSOMAL PROTEIN S30B                  S0005708","PROTEIN SYNTHESIS RIBOSOMAL PROTEIN S30B S0005708"
"YLR167W","RPS31","Translation / Ribosome",3,"YLR167W   RPS31      PROTEIN SYNTHESIS                       RIBOSOMAL PROTEIN S31                   S0004157","PROTEIN SYNTHESIS RIBOSOMAL PROTEIN S31 S0004157"
"YJR145C","RPS4A","Translation / Ribosome",3,"YJR145C   RPS4A      PROTEIN SYNTHESIS                       RIBOSOMAL PROTEIN S4A                   S0003906","PROTEIN SYNTHESIS RIBOSOMAL PROTEIN S4A S0003906"
"YHR203C","RPS4B","Translation / Ribosome",3,"YHR203C   RPS4B      PROTEIN SYNTHESIS                       RIBOSOMAL PROTEIN S4B                   S0001246","PROTEIN SYNTHESIS RIBOSOMAL PROTEIN S4B S0001246"
"YJR123W","RPS5","Translation / Ribosome",3,"YJR123W   RPS5       PROTEIN SYNTHESIS                       RIBOSOMAL PROTEIN S5                    S0003884","PROTEIN SYNTHESIS RIBOSOMAL PROTEIN S5 S0003884"
"YPL090C","RPS6A","Translation / Ribosome",3,"YPL090C   RPS6A      PROTEIN SYNTHESIS                       RIBOSOMAL PROTEIN S6A                   S0006011","PROTEIN SYNTHESIS RIBOSOMAL PROTEIN S6A S0006011"
"YBR181C","RPS6B","Translation / Ribosome",3,"YBR181C   RPS6B      PROTEIN SYNTHESIS                       RIBOSOMAL PROTEIN S6B                   S0000385","PROTEIN SYNTHESIS RIBOSOMAL PROTEIN S6B S0000385"
"YOR096W","RPS7A","Translation / Ribosome",3,"YOR096W   RPS7A      PROTEIN SYNTHESIS                       RIBOSOMAL PROTEIN S7A                   S0005622","PROTEIN SYNTHESIS RIBOSOMAL PROTEIN S7A S0005622"
"YNL096C","RPS7B","Translation / Ribosome",3,"YNL096C   RPS7B      PROTEIN SYNTHESIS                       RIBOSOMAL PROTEIN S7B                   S0005040","PROTEIN SYNTHESIS RIBOSOMAL PROTEIN S7B S0005040"
"YBL072C","RPS8A","Translation / Ribosome",3,"YBL072C   RPS8A      PROTEIN SYNTHESIS                       RIBOSOMAL PROTEIN S8                    S0000168","PROTEIN SYNTHESIS RIBOSOMAL PROTEIN S8 S0000168"
"YER102W","RPS8B","Translation / Ribosome",3,"YER102W   RPS8B      PROTEIN SYNTHESIS                       RIBOSOMAL PROTEIN S8B                   S0000904","PROTEIN SYNTHESIS RIBOSOMAL PROTEIN S8B S0000904"
"YPL081W","RPS9A","Translation / Ribosome",3,"YPL081W   RPS9A      PROTEIN SYNTHESIS                       RIBOSOMAL PROTEIN S9A                   S0006002","PROTEIN SYNTHESIS RIBOSOMAL PROTEIN S9A S0006002"
"YBR189W","RPS9B","Translation / Ribosome",3,"YBR189W   RPS9B      PROTEIN SYNTHESIS                       RIBOSOMAL PROTEIN S9B                   S0000393","PROTEIN SYNTHESIS RIBOSOMAL PROTEIN S9B S0000393"
"YDR087C","RRP1","Translation / Ribosome",3,"YDR087C   RRP1       RRNA PROCESSING                         UNKNOWN                                 S0002494","RRNA PROCESSING UNKNOWN S0002494"
"YHR065C","RRP3","Translation / Ribosome",3,"YHR065C   RRP3       RRNA PROCESSING                         RNA HELICASE                            S0001107","RRNA PROCESSING RNA HELICASE S0001107"
"YDL111C","RRP42","Translation / Ribosome",3,"YDL111C   RRP42      RRNA PROCESSING                         EXORIBONUCLEASE                         S0002269","RRNA PROCESSING EXORIBONUCLEASE S0002269"
"YCR035C","RRP43","Translation / Ribosome",3,"YCR035C   RRP43      RRNA PROCESSING                         EXORIBONUCLEASE                         S0000631","RRNA PROCESSING EXORIBONUCLEASE S0000631"
"YDR280W","RRP45","Translation / Ribosome",3,"YDR280W   RRP45      RRNA PROCESSING                         3'->5' EXORIBONUCLEASE                  S0002688","RRNA PROCESSING 3'->5' EXORIBONUCLEASE S0002688"
"YMR229C","RRP5","Translation / Ribosome",3,"YMR229C   RRP5       RRNA PROCESSING                         UNKNOWN; REQUIRED FOR PRE-RRNA CLEAVAGE S0004842","RRNA PROCESSING UNKNOWN; REQUIRED FOR PRE-RRNA CLEAVAGE S0004842"
"YOR001W","RRP6","Translation / Ribosome",3,"YOR001W   RRP6       RRNA PROCESSING, 5.8S                   UNKNOWN                                 S0005527","RRNA PROCESSING, 5.8S UNKNOWN S0005527"
"YCL031C","RRP7","Translation / Ribosome",3,"YCL031C   RRP7       RRNA PROCESSING                         UNKNOWN                                 S0000536","RRNA PROCESSING UNKNOWN S0000536"
"YOR294W","RRS1","Translation / Ribosome",3,"YOR294W   RRS1       RIBOSOME BIOGENESIS (PUTATIVE)          UNKNOWN                                 S0005820","RIBOSOME BIOGENESIS (PUTATIVE) UNKNOWN S0005820"
"YDR023W","SES1","Translation / Ribosome",3,"YDR023W   SES1       PROTEIN SYNTHESIS                       TRNA SYNTHETASE, SERYL                  S0002430","PROTEIN SYNTHESIS TRNA SYNTHETASE, SERYL S0002430"
"YLR197W","SIK1","Translation / Ribosome",3,"YLR197W   SIK1       RRNA PROCESSING                         NUCLEOLAR PROTEIN                       S0004187","RRNA PROCESSING NUCLEOLAR PROTEIN S0004187"
"YGR195W","SKI6","Translation / Ribosome",3,"YGR195W   SKI6       RRNA PROCESSING                         EXORIBONUCLEASE                         S0003427","RRNA PROCESSING EXORIBONUCLEASE S0003427"
"YLL011W","SOF1","Translation / Ribosome",3,"YLL011W   SOF1       RRNA PROCESSING                         NUCLEOLAR SNRNP PROTEIN                 S0003934","RRNA PROCESSING NUCLEOLAR SNRNP PROTEIN S0003934"
"YCL054W","SPB1","Translation / Ribosome",3,"YCL054W   SPB1       RIBOSOME BIOGENESIS                     RRNA METHYLTRANSFERASE (PUTATIVE)       S0000559","RIBOSOME BIOGENESIS RRNA METHYLTRANSFERASE (PUTATIVE) S0000559"
"YFL002C","SPB4","Translation / Ribosome",3,"YFL002C   SPB4       RRNA PROCESSING, 25S                    RNA HELICASE                            S0001894","RRNA PROCESSING, 25S RNA HELICASE S0001894"
"YIR012W","SQT1","Translation / Ribosome",3,"YIR012W   SQT1       RIBOSOME BIOGENESIS (PUTATIVE)          UNKNOWN                                 S0001451","RIBOSOME BIOGENESIS (PUTATIVE) UNKNOWN S0001451"
"YNL209W","SSB2","Translation / Ribosome",3,"YNL209W   SSB2       TRANSLATION                             CYTOSOLIC HSP70                         S0005153","TRANSLATION CYTOSOLIC HSP70 S0005153"
"YGL169W","SUA5","Translation / Ribosome",3,"YGL169W   SUA5       PROTEIN SYNTHESIS                       TRANSLATION INITIATION PROTEIN          S0003137","PROTEIN SYNTHESIS TRANSLATION INITIATION PROTEIN S0003137"
"YJR007W","SUI2","Translation / Ribosome",3,"YJR007W   SUI2       PROTEIN SYNTHESIS                       TRANSLATION INITIATION FACTOR EIF-2 ALPHS0003767","PROTEIN SYNTHESIS TRANSLATION INITIATION FACTOR EIF-2 ALPHS0003767"
"YPL237W","SUI3","Translation / Ribosome",3,"YPL237W   SUI3       PROTEIN SYNTHESIS                       TRANSLATION INITIATION FACTOR EIF2 BETA S0006158","PROTEIN SYNTHESIS TRANSLATION INITIATION FACTOR EIF2 BETA S0006158"
"YDR172W","SUP35","Translation / Ribosome",3,"YDR172W   SUP35      PROTEIN SYNTHESIS                       TRANSLATION RELEASE FACTOR              S0002579","PROTEIN SYNTHESIS TRANSLATION RELEASE FACTOR S0002579"
"YBR143C","SUP45","Translation / Ribosome",3,"YBR143C   SUP45      PROTEIN SYNTHESIS                       TRANSLATION RELEASE FACTOR ERF1 SUBUNIT S0000347","PROTEIN SYNTHESIS TRANSLATION RELEASE FACTOR ERF1 SUBUNIT S0000347"
"YPR080W","TEF1","Translation / Ribosome",3,"YPR080W   TEF1       PROTEIN SYNTHESIS                       TRANSLATION ELONGATION FACTOR EF-1 ALPH S0006284","PROTEIN SYNTHESIS TRANSLATION ELONGATION FACTOR EF-1 ALPH S0006284"
"YBR118W","TEF2","Translation / Ribosome",3,"YBR118W   TEF2       PROTEIN SYNTHESIS                       TRANSLATION ELONGATION FACTOR EF-1 ALPHAS0000322","PROTEIN SYNTHESIS TRANSLATION ELONGATION FACTOR EF-1 ALPHAS0000322"
"YKL081W","TEF4","Translation / Ribosome",3,"YKL081W   TEF4       PROTEIN SYNTHESIS                       TRANSLATION ELONGATION FACTOR EF-1GAMMA S0001564","PROTEIN SYNTHESIS TRANSLATION ELONGATION FACTOR EF-1GAMMA S0001564"
"YIL078W","THS1","Translation / Ribosome",3,"YIL078W   THS1       PROTEIN SYNTHESIS                       TRNA SYNTHETASE, THREONYL               S0001340","PROTEIN SYNTHESIS TRNA SYNTHETASE, THREONYL S0001340"
"YKR059W","TIF1","Translation / Ribosome",3,"YKR059W   TIF1       PROTEIN SYNTHESIS                       TRANSLATION INITIATION FACTOR EIF4A     S0001767","PROTEIN SYNTHESIS TRANSLATION INITIATION FACTOR EIF4A S0001767"
"YJL138C","TIF2","Translation / Ribosome",3,"YJL138C   TIF2       PROTEIN SYNTHESIS                       TRANSLATION INITIATION FACTOR EIF4A     S0003674","PROTEIN SYNTHESIS TRANSLATION INITIATION FACTOR EIF4A S0003674"
"YPR163C","TIF3","Translation / Ribosome",3,"YPR163C   TIF3       PROTEIN SYNTHESIS                       TRANSLATION INITIATION FACTOR EIF4B     S0006367","PROTEIN SYNTHESIS TRANSLATION INITIATION FACTOR EIF4B S0006367"
"YMR146C","TIF34","Translation / Ribosome",3,"YMR146C   TIF34      PROTEIN SYNTHESIS                       TRANSLATION INITIATION FACTOR EIF3, P39 S0004754","PROTEIN SYNTHESIS TRANSLATION INITIATION FACTOR EIF3, P39 S0004754"
"YDR429C","TIF35","Translation / Ribosome",3,"YDR429C   TIF35      PROTEIN SYNTHESIS                       TRANSLATION INITIATION FACTOR EIF3 SUBUNS0002837","PROTEIN SYNTHESIS TRANSLATION INITIATION FACTOR EIF3 SUBUNS0002837"
"YPR041W","TIF5","Translation / Ribosome",3,"YPR041W   TIF5       PROTEIN SYNTHESIS                       TRANSLATION INITIATION FACTOR EIF5      S0006245","PROTEIN SYNTHESIS TRANSLATION INITIATION FACTOR EIF5 S0006245"
"YPR016C","TIF6","Translation / Ribosome",3,"YPR016C   TIF6       RIBOSOME BIOGENESIS (PUTATIVE)          UNKNOWN; SIMILAR TO HUMAN TRANSLATION INS0006220","RIBOSOME BIOGENESIS (PUTATIVE) UNKNOWN; SIMILAR TO HUMAN TRANSLATION INS0006220"
"YDR120C","TRM1","Translation / Ribosome",3,"YDR120C   TRM1       TRNA PROCESSING                         TRNA METHYLTRANSFERASE                  S0002527","TRNA PROCESSING TRNA METHYLTRANSFERASE S0002527"
"YGR185C","TYS1","Translation / Ribosome",3,"YGR185C   TYS1       PROTEIN SYNTHESIS                       TRNA SYNTHETASE, TYROSYL                S0003417","PROTEIN SYNTHESIS TRNA SYNTHETASE, TYROSYL S0003417"
"YGR094W","VAS1","Translation / Ribosome",3,"YGR094W   VAS1       PROTEIN SYNTHESIS                       TRNA SYNTHETASE, VALYL                  S0003326","PROTEIN SYNTHESIS TRNA SYNTHETASE, VALYL S0003326"
"YOL097C","WRS1","Translation / Ribosome",3,"YOL097C   WRS1       PROTEIN SYNTHESIS                       TRNA LIGASE, TRYPTOPHAN                 S0005457","PROTEIN SYNTHESIS TRNA LIGASE, TRYPTOPHAN S0005457"
"YLR249W","YEF3","Translation / Ribosome",3,"YLR249W   YEF3       PROTEIN SYNTHESIS                       TRANSLATION ELONGATION FACTOR EEF3      S0004239","PROTEIN SYNTHESIS TRANSLATION ELONGATION FACTOR EEF3 S0004239"
"YGR201C","YGR201C","Translation / Ribosome",3,"YGR201C              UNKNOWN                                 UNKNOWN; SIMILAR TO TRANSLATION ELONGATIS0003433","UNKNOWN; SIMILAR TO TRANSLATION ELONGATIS0003433"
"YHR020W","YHR020W","Translation / Ribosome",3,"YHR020W              UNKNOWN                                 UNKNOWN; SIMILAR TO PROLYL-TRNA SYNTHETAS0001062","UNKNOWN; SIMILAR TO PROLYL-TRNA SYNTHETAS0001062"
"YMR155W","YMR155W","Translation / Ribosome",3,"YMR155W              UNKNOWN                                 UNKNOWN; SIMILAR TO E. COLI RIBOSOMAL PRS0004764","UNKNOWN; SIMILAR TO E. COLI RIBOSOMAL PRS0004764"
"YHR143W-A","-A","Gene expression (RNA)",4,"YHR143W-A RPC10      TRANSCRIPTION                           SHARED SUBUNIT OF RNA POLYMERASE I,II, AS0001185","RPC10 TRANSCRIPTION SHARED SUBUNIT OF RNA POLYMERASE I,II, AS0001185"
"YOR276W","CAF20","Gene expression (RNA)",4,"YOR276W   CAF20      PROTEIN SYNTHESIS                       MRNA CAP-BINDING PROTEIN (EIF4F) 20K SUBS0005802","PROTEIN SYNTHESIS MRNA CAP-BINDING PROTEIN (EIF4F) 20K SUBS0005802"
"YDR440W","DOT1","Gene expression (RNA)",4,"YDR440W   DOT1       MEIOSIS, CHECKPOINT; TRANSCRIPTIONAL SILUNKNOWN                                 S0002848","MEIOSIS, CHECKPOINT; TRANSCRIPTIONAL SILUNKNOWN S0002848"
"YPL037C","EGD1","Gene expression (RNA)",4,"YPL037C   EGD1       TRANSCRIPTION                           REGULATOR OF POL II TRANSCRIBED GENES; ES0005958","TRANSCRIPTION REGULATOR OF POL II TRANSCRIBED GENES; ES0005958"
"YMR277W","FCP1","Gene expression (RNA)",4,"YMR277W   FCP1       TRANSCRIPTION                           TFIIF INTERACTING COMPONENT OF CTD PHOSPS0004890","TRANSCRIPTION TFIIF INTERACTING COMPONENT OF CTD PHOSPS0004890"
"YBR142W","MAK5","Gene expression (RNA)",4,"YBR142W   MAK5       MRNA SPLICING                           RNA HELICASE                            S0000346","MRNA SPLICING RNA HELICASE S0000346"
"YKL009W","MRT4","Gene expression (RNA)",4,"YKL009W   MRT4       MRNA DECAY                              UNKNOWN                                 S0001492","MRNA DECAY UNKNOWN S0001492"
"YJL050W","MTR4","Gene expression (RNA)",4,"YJL050W   MTR4       MRNA EXPORT                             RNA HELICASE                            S0003586","MRNA EXPORT RNA HELICASE S0003586"
"YHR170W","NMD3","Gene expression (RNA)",4,"YHR170W   NMD3       MRNA DECAY, NONSENSE-MEDIATED           NAM7P/UPF1P-INTERACTING PROTEIN         S0001213","MRNA DECAY, NONSENSE-MEDIATED NAM7P/UPF1P-INTERACTING PROTEIN S0001213"
"YER165W","PAB1","Gene expression (RNA)",4,"YER165W   PAB1       MRNA 3'-END PROCESSING                  CLEAVAGE/POLYADENYLATION FACTOR CF IA COS0000967","MRNA 3'-END PROCESSING CLEAVAGE/POLYADENYLATION FACTOR CF IA COS0000967"
"YGL120C","PRP43","Gene expression (RNA)",4,"YGL120C   PRP43      MRNA SPLICING                           SPLICEOSOME DISASSEMBLY FACTOR; RNA HELIS0003088","MRNA SPLICING SPLICEOSOME DISASSEMBLY FACTOR; RNA HELIS0003088"
"YJR063W","RPA12","Gene expression (RNA)",4,"YJR063W   RPA12      TRANSCRIPTION                           RNA POLYMERASE I SUBUNIT                S0003824","TRANSCRIPTION RNA POLYMERASE I SUBUNIT S0003824"
"YPR010C","RPA135","Gene expression (RNA)",4,"YPR010C   RPA135     TRANSCRIPTION                           RNA POLYMERASE I 135 KD SUBUNIT         S0006214","TRANSCRIPTION RNA POLYMERASE I 135 KD SUBUNIT S0006214"
"YJL148W","RPA34","Gene expression (RNA)",4,"YJL148W   RPA34      TRANSCRIPTION                           RNA POLYMERASE I SUBUNIT                S0003684","TRANSCRIPTION RNA POLYMERASE I SUBUNIT S0003684"
"YNL248C","RPA49","Gene expression (RNA)",4,"YNL248C   RPA49      TRANSCRIPTION                           RNA POLYMERASE I 46 KD SUBUNIT          S0005192","TRANSCRIPTION RNA POLYMERASE I 46 KD SUBUNIT S0005192"
"YOR210W","RPB10","Gene expression (RNA)",4,"YOR210W   RPB10      TRANSCRIPTION                           SHARED SUBUNIT OF RNA POLYMERASES I, II,S0005736","TRANSCRIPTION SHARED SUBUNIT OF RNA POLYMERASES I, II,S0005736"
"YIL021W","RPB3","Gene expression (RNA)",4,"YIL021W   RPB3       TRANSCRIPTION                           RNA POLYMERASE II 45 KDA SUBUNI         S0001283","TRANSCRIPTION RNA POLYMERASE II 45 KDA SUBUNI S0001283"
"YBR154C","RPB5","Gene expression (RNA)",4,"YBR154C   RPB5       TRANSCRIPTION                           SHARED SUBUNIT OF RNA POLYMERASES I, II,S0000358","TRANSCRIPTION SHARED SUBUNIT OF RNA POLYMERASES I, II,S0000358"
"YOR224C","RPB8","Gene expression (RNA)",4,"YOR224C   RPB8       TRANSCRIPTION                           SHARED SUBUNIT OF RNA POLYMERASE I,II, AS0005750","TRANSCRIPTION SHARED SUBUNIT OF RNA POLYMERASE I,II, AS0005750"
"YGL070C","RPB9","Gene expression (RNA)",4,"YGL070C   RPB9       TRANSCRIPTION                           RNA POLYMERASE II 14.2 SUBUNIT          S0003038","TRANSCRIPTION RNA POLYMERASE II 14.2 SUBUNIT S0003038"
"YNL113W","RPC19","Gene expression (RNA)",4,"YNL113W   RPC19      TRANSCRIPTION                           SUBUNIT COMMON TO RNA POLYMERASES I AND S0005057","TRANSCRIPTION SUBUNIT COMMON TO RNA POLYMERASES I AND S0005057"
"YKL144C","RPC25","Gene expression (RNA)",4,"YKL144C   RPC25      TRANSCRIPTION                           RNA POLYMERASE III 25 KD SUBUNIT        S0001627","TRANSCRIPTION RNA POLYMERASE III 25 KD SUBUNIT S0001627"
"YNL151C","RPC31","Gene expression (RNA)",4,"YNL151C   RPC31      TRANSCRIPTION                           RNA POLYMERASE III 31 KD SUBUNIT        S0005095","TRANSCRIPTION RNA POLYMERASE III 31 KD SUBUNIT S0005095"
"YNR003C","RPC34","Gene expression (RNA)",4,"YNR003C   RPC34      TRANSCRIPTION                           RNA POLYMERASE III 34 KD SUBUNIT        S0005286","TRANSCRIPTION RNA POLYMERASE III 34 KD SUBUNIT S0005286"
"YPR110C","RPC40","Gene expression (RNA)",4,"YPR110C   RPC40      TRANSCRIPTION                           RNA POLYMERASE III 40 KD SUBUNIT        S0006314","TRANSCRIPTION RNA POLYMERASE III 40 KD SUBUNIT S0006314"
"YDL150W","RPC53","Gene expression (RNA)",4,"YDL150W   RPC53      TRANSCRIPTION                           RNA POLYMERASE III 47 KD SUBUNIT        S0002309","TRANSCRIPTION RNA POLYMERASE III 47 KD SUBUNIT S0002309"
"YPR190C","RPC82","Gene expression (RNA)",4,"YPR190C   RPC82      TRANSCRIPTION                           RNA POLYMERASE III 82 KD SUBUNIT        S0006394","TRANSCRIPTION RNA POLYMERASE III 82 KD SUBUNIT S0006394"
"YPR187W","RPO26","Gene expression (RNA)",4,"YPR187W   RPO26      TRANSCRIPTION                           SHARED SUBUNIT OF RNA POLYMERASES I, II,S0006391","TRANSCRIPTION SHARED SUBUNIT OF RNA POLYMERASES I, II,S0006391"
"YGL208W","SIP2","Gene expression (RNA)",4,"YGL208W   SIP2       TRANSCRIPTION                           COMPONENT OF  SNF1 PROTEIN COMPLEX      S0003176","TRANSCRIPTION COMPONENT OF SNF1 PROTEIN COMPLEX S0003176"
"YEL026W","SNU13","Gene expression (RNA)",4,"YEL026W   SNU13      MRNA SPLICING (PUTATIVE)                U4/U6.U5 SNRNP PROTEIN                  S0000752","MRNA SPLICING (PUTATIVE) U4/U6.U5 SNRNP PROTEIN S0000752"
"YKR092C","SRP40","Gene expression (RNA)",4,"YKR092C   SRP40      TRANSCRIPTION (PUTATIVE)                SUPPRESSOR OF MUTANT AC40 SUBUNIT OF RNAS0001800","TRANSCRIPTION (PUTATIVE) SUPPRESSOR OF MUTANT AC40 SUBUNIT OF RNAS0001800"
"YDL084W","SUB2","Gene expression (RNA)",4,"YDL084W   SUB2       MRNA SPLICING                           RNA HELICASE                            S0002242","MRNA SPLICING RNA HELICASE S0002242"
"YGR162W","TIF4631","Gene expression (RNA)",4,"YGR162W   TIF4631    PROTEIN SYNTHESIS                       MRNA CAP-BINDING PROTEIN (EIF4F) 150K SUS0003394","PROTEIN SYNTHESIS MRNA CAP-BINDING PROTEIN (EIF4F) 150K SUS0003394"
"YCR072C","YCR072C","Gene expression (RNA)",4,"YCR072C              UNKNOWN                                 UNKNOWN; SIMILAR TO NUCLEAR MRNA PROCESSS0000668","UNKNOWN; SIMILAR TO NUCLEAR MRNA PROCESSS0000668"
"YJL103C","YJL103C","Gene expression (RNA)",4,"YJL103C              UNKNOWN                                 UNKNOWN; SIMILAR TO TRANSCRIPTION FACTORS0003639","UNKNOWN; SIMILAR TO TRANSCRIPTION FACTORS0003639"
"YDL051W","YLA1","Gene expression (RNA)",4,"YDL051W   YLA1       UNKNOWN                                 RNA BINDING PROTEIN                     S0002209","UNKNOWN RNA BINDING PROTEIN S0002209"
"YPR144C","YPR144C","Gene expression (RNA)",4,"YPR144C              UNKNOWN                                 UNKNOWN; SIMILAR TO RNA POLYMERASE BETA S0006348","UNKNOWN; SIMILAR TO RNA POLYMERASE BETA S0006348"
"YLR175W","CBF5","Genome / Cell cycle",5,"YLR175W   CBF5       MITOSIS                                 CENTROMERIC MICROTUBULE BINDING PROTEIN S0004165","MITOSIS CENTROMERIC MICROTUBULE BINDING PROTEIN S0004165"
"YGL029W","CGR1","Genome / Cell cycle",5,"YGL029W   CGR1       UNKNOWN                                 UNKNOWN; SIMILAR TO HUMAN CHROMATIN ASSES0002997","UNKNOWN UNKNOWN; SIMILAR TO HUMAN CHROMATIN ASSES0002997"
"YDR254W","CHL4","Genome / Cell cycle",5,"YDR254W   CHL4       MITOSIS, CHROMOSOME SEGREGATION         UNKNOWN                                 S0002662","MITOSIS, CHROMOSOME SEGREGATION UNKNOWN S0002662"
"YPL086C","HPA1","Genome / Cell cycle",5,"YPL086C   HPA1       CHROMATIN STRUCTURE                     HISTONE ACETYLTRANSFERASE COMPLEX SUBUNIS0006007","CHROMATIN STRUCTURE HISTONE ACETYLTRANSFERASE COMPLEX SUBUNIS0006007"
"YER142C","MAG1","Genome / Cell cycle",5,"YER142C   MAG1       DNA REPAIR                              3-METHYLADENINE DNA GLYCOSYLASE         S0000944","DNA REPAIR 3-METHYLADENINE DNA GLYCOSYLASE S0000944"
"YGL087C","MMS2","Genome / Cell cycle",5,"YGL087C   MMS2       DNA REPAIR, POSTREPLICATION             UNKNOWN                                 S0003055","DNA REPAIR, POSTREPLICATION UNKNOWN S0003055"
"YDR097C","MSH6","Genome / Cell cycle",5,"YDR097C   MSH6       DNA REPAIR                              MUTS HOMOLOG; MISMATCH REPAIR           S0002504","DNA REPAIR MUTS HOMOLOG; MISMATCH REPAIR S0002504"
"YML060W","OGG1","Genome / Cell cycle",5,"YML060W   OGG1       DNA REPAIR                              8-OXOGUANINE DNA GLYCOSYLASE            S0004525","DNA REPAIR 8-OXOGUANINE DNA GLYCOSYLASE S0004525"
"YNL102W","POL1","Genome / Cell cycle",5,"YNL102W   POL1       DNA REPLICATION                         POLYMERASE ALPHA 180 KD SUBUNIT         S0005046","DNA REPLICATION POLYMERASE ALPHA 180 KD SUBUNIT S0005046"
"YBL035C","POL12","Genome / Cell cycle",5,"YBL035C   POL12      DNA REPLICATION                         DNA POLYMERASE ALPHA, 70 KD SUBUNIT     S0000131","DNA REPLICATION DNA POLYMERASE ALPHA, 70 KD SUBUNIT S0000131"
"YJR043C","POL32","Genome / Cell cycle",5,"YJR043C   POL32      DNA REPLICATION                         POLYMERASE DELTA 55 KD SUBUNIT          S0003804","DNA REPLICATION POLYMERASE DELTA 55 KD SUBUNIT S0003804"
"YLL036C","PRP19","Genome / Cell cycle",5,"YLL036C   PRP19      MRNA SPLICING; DNA REPAIR               NON-SNRNP SPLICEOSOME COMPONENT         S0003959","MRNA SPLICING; DNA REPAIR NON-SNRNP SPLICEOSOME COMPONENT S0003959"
"YOR217W","RFC1","Genome / Cell cycle",5,"YOR217W   RFC1       DNA REPLICATION                         DNA REPLICATION FACTOR C 95 KD SUBUNIT  S0005743","DNA REPLICATION DNA REPLICATION FACTOR C 95 KD SUBUNIT S0005743"
"YMR234W","RNH1","Genome / Cell cycle",5,"YMR234W   RNH1       DNA REPLICATION (PUTATIVE)              RIBONUCLEASE H                          S0004847","DNA REPLICATION (PUTATIVE) RIBONUCLEASE H S0004847"
"YML043C","RRN11","Genome / Cell cycle",5,"YML043C   RRN11      TRANSCRIPTION                           COMPONENT OF RDNA TRANSCRIPTION FACTOR  S0004507","TRANSCRIPTION COMPONENT OF RDNA TRANSCRIPTION FACTOR S0004507"
"YJL080C","SCP160","Genome / Cell cycle",5,"YJL080C   SCP160     MITOSIS, CHROMOSOME TRANSMISSION        UNKNOWN                                 S0003616","MITOSIS, CHROMOSOME TRANSMISSION UNKNOWN S0003616"
"YGL213C","SKI8","Genome / Cell cycle",5,"YGL213C   SKI8       MEIOSIS, RECOMBINATION                  ANTIVIRAL RNA BINDING PROTEIN           S0003181","MEIOSIS, RECOMBINATION ANTIVIRAL RNA BINDING PROTEIN S0003181"
"YLR178C","TFS1","Genome / Cell cycle",5,"YLR178C   TFS1       CELL CYCLE                              SUPPRESSES CDC25 MUTATIONS              S0004168","CELL CYCLE SUPPRESSES CDC25 MUTATIONS S0004168"
"YJR066W","TOR1","Genome / Cell cycle",5,"YJR066W   TOR1       SIGNALING, CELL CYCLE AND MEIOSIS       PHOSPHATIDYLINOSITOL 3-KINASE           S0003827","SIGNALING, CELL CYCLE AND MEIOSIS PHOSPHATIDYLINOSITOL 3-KINASE S0003827"
"YNL299W","TRF5","Genome / Cell cycle",5,"YNL299W   TRF5       MITOSIS                                 RELATED TO DNA TOPOISOMERASE I          S0005243","MITOSIS RELATED TO DNA TOPOISOMERASE I S0005243"
"YGR209C","TRX2","Genome / Cell cycle",5,"YGR209C   TRX2       DNA REPLICATION                         THIOREDOXIN II                          S0003441","DNA REPLICATION THIOREDOXIN II S0003441"
"YNL227C","YNL227C","Genome / Cell cycle",5,"YNL227C              UNKNOWN                                 UNKNOWN; SIMILAR TO E. COLI DNAJ AND OTHS0005171","UNKNOWN; SIMILAR TO E. COLI DNAJ AND OTHS0005171"
"YGR285C","ZUO1","Genome / Cell cycle",5,"YGR285C   ZUO1       UNKNOWN                                 BINDS Z-DNA                             S0003517","UNKNOWN BINDS Z-DNA S0003517"
"YGL156W","AMS1","Membrane / Trafficking",6,"YGL156W   AMS1       CELL WALL CATABOLISM                    VACUOLAR ALPHA-MANNOSIDASE              S0003124","CELL WALL CATABOLISM VACUOLAR ALPHA-MANNOSIDASE S0003124"
"YDR184C","ATC1","Membrane / Trafficking",6,"YDR184C   ATC1       CELL POLARITY                           MEMBER OF BUD6P COMPLEX                 S0002592","CELL POLARITY MEMBER OF BUD6P COMPLEX S0002592"
"YML042W","CAT2","Membrane / Trafficking",6,"YML042W   CAT2       FATTY ACID TRANSPORT                    CARNITINE O-ACETYLTRANSFERASE           S0004506","FATTY ACID TRANSPORT CARNITINE O-ACETYLTRANSFERASE S0004506"
"YAL059W","ECM1","Membrane / Trafficking",6,"YAL059W   ECM1       CELL WALL BIOGENESIS                    UNKNOWN                                 S0000055","CELL WALL BIOGENESIS UNKNOWN S0000055"
"YMR128W","ECM16","Membrane / Trafficking",6,"YMR128W   ECM16      CELL WALL BIOGENESIS                    UNKNOWN                                 S0004735","CELL WALL BIOGENESIS UNKNOWN S0004735"
"YKR076W","ECM4","Membrane / Trafficking",6,"YKR076W   ECM4       CELL WALL BIOGENESIS                    UNKNOWN                                 S0001784","CELL WALL BIOGENESIS UNKNOWN S0001784"
"YLR083C","EMP70","Membrane / Trafficking",6,"YLR083C   EMP70      SECRETION (PUTATIVE)                    ENDOSOMAL MEMBRANE PROTEIN              S0004073","SECRETION (PUTATIVE) ENDOSOMAL MEMBRANE PROTEIN S0004073"
"YCR034W","FEN1","Membrane / Trafficking",6,"YCR034W   FEN1       CELL WALL BIOGENESIS                    BETA-1,3-GLUCAN SYNTHASE SUBUNIT        S0000630","CELL WALL BIOGENESIS BETA-1,3-GLUCAN SYNTHASE SUBUNIT S0000630"
"YEL042W","GDA1","Membrane / Trafficking",6,"YEL042W   GDA1       GOLGI ORGANIZATION                      GOLGI MEMBRANE GUANOSINE DIPHOSPHATASE  S0000768","GOLGI ORGANIZATION GOLGI MEMBRANE GUANOSINE DIPHOSPHATASE S0000768"
"YEL011W","GLC3","Membrane / Trafficking",6,"YEL011W   GLC3       CELL WALL BIOGENESIS                    GLYCOGEN BRANCHING ENZYME               S0000737","CELL WALL BIOGENESIS GLYCOGEN BRANCHING ENZYME S0000737"
"YGL225W","GOG5","Membrane / Trafficking",6,"YGL225W   GOG5       PROTEIN GLYCOSYLATION                   GOLGI GDP-MANNOSE TRANSPORTER           S0003193","PROTEIN GLYCOSYLATION GOLGI GDP-MANNOSE TRANSPORTER S0003193"
"YHR096C","HXT5","Membrane / Trafficking",6,"YHR096C   HXT5       TRANSPORT                               HEXOSE PERMEASE                         S0001138","TRANSPORT HEXOSE PERMEASE S0001138"
"YKL110C","KTI12","Membrane / Trafficking",6,"YKL110C   KTI12      KILLER TOXIN RESISTANCE                 UNKNOWN                                 S0001593","KILLER TOXIN RESISTANCE UNKNOWN S0001593"
"YKL150W","MCR1","Membrane / Trafficking",6,"YKL150W   MCR1       ELECTRON CARRIER                        CYTOCHROME-B5 REDUCTASE                 S0001633","ELECTRON CARRIER CYTOCHROME-B5 REDUCTASE S0001633"
"YGR158C","MTR3","Membrane / Trafficking",6,"YGR158C   MTR3       MRNA TRANSPORT                          NUCLEOLAR PROTEIN                       S0003390","MRNA TRANSPORT NUCLEOLAR PROTEIN S0003390"
"YPR149W","NCE102","Membrane / Trafficking",6,"YPR149W   NCE102     SECRETION, NON-CLASSICAL                UNKNOWN                                 S0006353","SECRETION, NON-CLASSICAL UNKNOWN S0006353"
"YHR042W","NCP1","Membrane / Trafficking",6,"YHR042W   NCP1       MICROSOMAL ELECTRON TRANSFER            NADP-CYTOCHROME P450 REDUCTASE          S0001084","MICROSOMAL ELECTRON TRANSFER NADP-CYTOCHROME P450 REDUCTASE S0001084"
"YNL183C","NPR1","Membrane / Trafficking",6,"YNL183C   NPR1       TRANSPORT                               PROTEIN KINASE; REGULATES ACTIVITY OF NIS0005127","TRANSPORT PROTEIN KINASE; REGULATES ACTIVITY OF NIS0005127"
"YER009W","NTF2","Membrane / Trafficking",6,"YER009W   NTF2       NUCLEAR PROTEIN TARGETING               NUCLEAR TRANSPORT FACTOR                S0000811","NUCLEAR PROTEIN TARGETING NUCLEAR TRANSPORT FACTOR S0000811"
"YBR106W","PHO88","Membrane / Trafficking",6,"YBR106W   PHO88      PHOSPHATE TRANSPORT                     REGULATOR OF PHO81                      S0000310","PHOSPHATE TRANSPORT REGULATOR OF PHO81 S0000310"
"YGL008C","PMA1","Membrane / Trafficking",6,"YGL008C   PMA1       H+ HOMEOSTASIS                          PLASMA MEMBRANE H+-ATPASE               S0002976","H+ HOMEOSTASIS PLASMA MEMBRANE H+-ATPASE S0002976"
"YGL006W","PMC1","Membrane / Trafficking",6,"YGL006W   PMC1       TRANSPORT                               VACUOLAR CA(2+)-ATPASE                  S0002974","TRANSPORT VACUOLAR CA(2+)-ATPASE S0002974"
"YHR026W","PPA1","Membrane / Trafficking",6,"YHR026W   PPA1       VACUOLAR ACIDIFICATION                  VACUOLAR H+-ATPASE PROTEOLIPID PROTEIN  S0001068","VACUOLAR ACIDIFICATION VACUOLAR H+-ATPASE PROTEOLIPID PROTEIN S0001068"
"YJR059W","PTK2","Membrane / Trafficking",6,"YJR059W   PTK2       POLYAMINE TRANSPORT                     SER/THR PROTEIN KINASE                  S0003820","POLYAMINE TRANSPORT SER/THR PROTEIN KINASE S0003820"
"YKL188C","PXA2","Membrane / Trafficking",6,"YKL188C   PXA2       TRANSPORT                               PEROXISOMAL FATTY ACID TRANSPORTER, ABC S0001671","TRANSPORT PEROXISOMAL FATTY ACID TRANSPORTER, ABC S0001671"
"YMR079W","SEC14","Membrane / Trafficking",6,"YMR079W   SEC14      SECRETION                               PI/PC TRANSFER PROTEIN                  S0004684","SECRETION PI/PC TRANSFER PROTEIN S0004684"
"YGR229C","SMI1","Membrane / Trafficking",6,"YGR229C   SMI1       CELL WALL BIOGENESIS                    MAY REGULATE GLUCAN AND CHITIN SYNTHESISS0003461","CELL WALL BIOGENESIS MAY REGULATE GLUCAN AND CHITIN SYNTHESISS0003461"
"YJR104C","SOD1","Membrane / Trafficking",6,"YJR104C   SOD1       OXIDATIVE STRESS RESPONSE               COPPER-ZINC SUPEROXIDE DISMUTASE        S0003865","OXIDATIVE STRESS RESPONSE COPPER-ZINC SUPEROXIDE DISMUTASE S0003865"
"YKL154W","SRP102","Membrane / Trafficking",6,"YKL154W   SRP102     SECRETION                               SIGNAL RECOGNITION PARTICLE SUBUNIT     S0001637","SECRETION SIGNAL RECOGNITION PARTICLE SUBUNIT S0001637"
"YKL122C","SRP21","Membrane / Trafficking",6,"YKL122C   SRP21      SECRETION                               SIGNAL RECOGNITION PARTICLE SUBUNIT     S0001605","SECRETION SIGNAL RECOGNITION PARTICLE SUBUNIT S0001605"
"YBR283C","SSH1","Membrane / Trafficking",6,"YBR283C   SSH1       SECRETION                               ER PROTEIN TRANSLOCATION COMPLEX SUBUNITS0000487","SECRETION ER PROTEIN TRANSLOCATION COMPLEX SUBUNITS0000487"
"YLR250W","SSP120","Membrane / Trafficking",6,"YLR250W   SSP120     SECRETION                               UNKNOWN                                 S0004240","SECRETION UNKNOWN S0004240"
"YER118C","SSU81","Membrane / Trafficking",6,"YER118C   SSU81      SIGNALING, HIGH OSMOLARITY PATHWAY      TRANSMEMBRANE OSMOSENSOR                S0000920","SIGNALING, HIGH OSMOLARITY PATHWAY TRANSMEMBRANE OSMOSENSOR S0000920"
"YDR513W","TTR1","Membrane / Trafficking",6,"YDR513W   TTR1       ELECTRON CARRIER                        GLUTAREDOXIN                            S0002921","ELECTRON CARRIER GLUTAREDOXIN S0002921"
"YMR197C","VTI1","Membrane / Trafficking",6,"YMR197C   VTI1       SECRETION                               CIS-GOLGI V-SNARE                       S0004810","SECRETION CIS-GOLGI V-SNARE S0004810"
"YKL065C","YET1","Membrane / Trafficking",6,"YKL065C   YET1       UNKNOWN                                 ER 25 KDA TRANSMEMBRANE PROTEIN         S0001548","UNKNOWN ER 25 KDA TRANSMEMBRANE PROTEIN S0001548"
"YGL104C","YGL104C","Membrane / Trafficking",6,"YGL104C              UNKNOWN                                 UNKNOWN; SIMILAR TO GLUCOSE TRANSPORT PRS0003072","UNKNOWN; SIMILAR TO GLUCOSE TRANSPORT PRS0003072"
"YJL198W","YJL198W","Membrane / Trafficking",6,"YJL198W              UNKNOWN                                 UNKNOWN; SIMILAR TO PHO87P, MEMBER OF THS0003734","UNKNOWN; SIMILAR TO PHO87P, MEMBER OF THS0003734"
"YOR374W","ALD4","Mitochondria / Respiration",7,"YOR374W   ALD4       ETHANOL UTILIZATION                     MITOCHONDRIAL ALDEHYDE DEHYDROGENASE    S0005901","ETHANOL UTILIZATION MITOCHONDRIAL ALDEHYDE DEHYDROGENASE S0005901"
"YER141W","COX15","Mitochondria / Respiration",7,"YER141W   COX15      RESPIRATION                             CYTOCHROME OXIDASE ASSEMBLY FACTOR      S0000943","RESPIRATION CYTOCHROME OXIDASE ASSEMBLY FACTOR S0000943"
"YEL039C","CYC7","Mitochondria / Respiration",7,"YEL039C   CYC7       RESPIRATION                             CYTOCHROME C (ISOFORM 2)                S0000765","RESPIRATION CYTOCHROME C (ISOFORM 2) S0000765"
"YMR081C","ISF1","Mitochondria / Respiration",7,"YMR081C   ISF1       RNA SPLICING, MITOCHONDRIAL             INTERACTS WITH NAM7P                    S0004686","RNA SPLICING, MITOCHONDRIAL INTERACTS WITH NAM7P S0004686"
"YKL093W","MBR1","Mitochondria / Respiration",7,"YKL093W   MBR1       MITOCHONDRIAL BIOGENESIS                UNKNOWN                                 S0001576","MITOCHONDRIAL BIOGENESIS UNKNOWN S0001576"
"YBR026C","MRF1","Mitochondria / Respiration",7,"YBR026C   MRF1'      MITOCHONDRIAL RESPIRATION               ARS-BINDING PROTEIN                     S0000230","' MITOCHONDRIAL RESPIRATION ARS-BINDING PROTEIN S0000230"
"YJL208C","NUC1","Mitochondria / Respiration",7,"YJL208C   NUC1       MITOCHONDRIAL RECOMBINATION             ENDONUCLEASE                            S0003744","MITOCHONDRIAL RECOMBINATION ENDONUCLEASE S0003744"
"YIL136W","OM45","Mitochondria / Respiration",7,"YIL136W   OM45       (PUTATIVE) MITOCHONDRIAL ORGANIZATION   OUTER MITOCHONDRIAL MEMBRANE PROTEIN    S0001398","(PUTATIVE) MITOCHONDRIAL ORGANIZATION OUTER MITOCHONDRIAL MEMBRANE PROTEIN S0001398"
"YNL055C","POR1","Mitochondria / Respiration",7,"YNL055C   POR1       TRANSPORT                               MITOCHONDRIAL OUTER MEMBRANE PORIN      S0005000","TRANSPORT MITOCHONDRIAL OUTER MEMBRANE PORIN S0005000"
"YGR008C","STF2","Mitochondria / Respiration",7,"YGR008C   STF2       ATP SYNTHESIS                           ATPASE STABILIZING FACTOR               S0003240","ATP SYNTHESIS ATPASE STABILIZING FACTOR S0003240"
"YER053C","YER053C","Mitochondria / Respiration",7,"YER053C              UNKNOWN                                 UNKNOWN; SIMILAR TO C. ELEGANS MITOCHONDS0000855","UNKNOWN; SIMILAR TO C. ELEGANS MITOCHONDS0000855"
"YNL141W","AAH1","Carbon metabolism",8,"YNL141W   AAH1       PURINE METABOLISM                       ADENINE DEAMINASE                       S0005085","PURINE METABOLISM ADENINE DEAMINASE S0005085"
"YBR149W","ARA1","Carbon metabolism",8,"YBR149W   ARA1       ARABINOSE METABOLISM                    ARABINOSE DEHYDROGENASE                 S0000353","ARABINOSE METABOLISM ARABINOSE DEHYDROGENASE S0000353"
"YHR137W","ARO9","Carbon metabolism",8,"YHR137W   ARO9       AROMATIC AMINO ACID METABOLISM          AROMATIC AMINO ACID AMINOTRANSFERASE II S0001179","AROMATIC AMINO ACID METABOLISM AROMATIC AMINO ACID AMINOTRANSFERASE II S0001179"
"YPR026W","ATH1","Carbon metabolism",8,"YPR026W   ATH1       TREHALOSE METABOLISM                    VACUOLAR ACID TREHALASE                 S0006230","TREHALOSE METABOLISM VACUOLAR ACID TREHALASE S0006230"
"YAL038W","CDC19","Carbon metabolism",8,"YAL038W   CDC19      GLYCOLYSIS                              PYRUVATE KINASE                         S0000036","GLYCOLYSIS PYRUVATE KINASE S0000036"
"YNR001C","CIT1","Carbon metabolism",8,"YNR001C   CIT1       TCA CYCLE                               CITRATE SYNTHASE                        S0005284","TCA CYCLE CITRATE SYNTHASE S0005284"
"YHR144C","DCD1","Carbon metabolism",8,"YHR144C   DCD1       PYRIMIDINE METABOLISM                   DEOXYCYTIDYLATE DEAMINASE               S0001187","PYRIMIDINE METABOLISM DEOXYCYTIDYLATE DEAMINASE S0001187"
"YBR252W","DUT1","Carbon metabolism",8,"YBR252W   DUT1       PYRIMIDINE METABOLISM                   DUTP PYROPHOSPHATASE                    S0000456","PYRIMIDINE METABOLISM DUTP PYROPHOSPHATASE S0000456"
"YOR317W","FAA1","Carbon metabolism",8,"YOR317W   FAA1       FATTY ACID METABOLISM                   LONG CHAIN FATTY ACYL:COA SYNTHETASE    S0005844","FATTY ACID METABOLISM LONG CHAIN FATTY ACYL:COA SYNTHETASE S0005844"
"YJL155C","FBP26","Carbon metabolism",8,"YJL155C   FBP26      FRUCTOSE METABOLISM                     FRUCTOSE-2,6-BISPHOSPHATASE             S0003691","FRUCTOSE METABOLISM FRUCTOSE-2,6-BISPHOSPHATASE S0003691"
"YKR009C","FOX2","Carbon metabolism",8,"YKR009C   FOX2       FATTY ACID METABOLISM                   PEROXISOMAL BETA-OXIDATION PROTEIN      S0001717","FATTY ACID METABOLISM PEROXISOMAL BETA-OXIDATION PROTEIN S0001717"
"YKR058W","GLG1","Carbon metabolism",8,"YKR058W   GLG1       GLYCOGEN METABOLISM                     GLYCOGEN SYNTHESIS INITIATOR            S0001766","GLYCOGEN METABOLISM GLYCOGEN SYNTHESIS INITIATOR S0001766"
"YCL040W","GLK1","Carbon metabolism",8,"YCL040W   GLK1       GLYCOLYSIS                              GLUCOKINASE                             S0000545","GLYCOLYSIS GLUCOKINASE S0000545"
"YML004C","GLO1","Carbon metabolism",8,"YML004C   GLO1       AMINO ACID METABOLISM                   GLYOXALASE I                            S0004463","AMINO ACID METABOLISM GLYOXALASE I S0004463"
"YDL022W","GPD1","Carbon metabolism",8,"YDL022W   GPD1       GLYCEROL METABOLISM                     GLYCEROL-3-PHOSPHATE DEHYDROGENAS       S0002180","GLYCEROL METABOLISM GLYCEROL-3-PHOSPHATE DEHYDROGENAS S0002180"
"YDL021W","GPM2","Carbon metabolism",8,"YDL021W   GPM2       GLYCOLYSIS                              PHOSPHOGLYCERATE MUTASE                 S0002179","GLYCOLYSIS PHOSPHOGLYCERATE MUTASE S0002179"
"YLR258W","GSY2","Carbon metabolism",8,"YLR258W   GSY2       GLYCOGEN METABOLISM                     GLYCOGEN SYNTHASE                       S0004248","GLYCOGEN METABOLISM GLYCOGEN SYNTHASE S0004248"
"YIR038C","GTT1","Carbon metabolism",8,"YIR038C   GTT1       GLUTATHIONE METABOLISM                  GLUTATHIONE TRANSFERASE                 S0001477","GLUTATHIONE METABOLISM GLUTATHIONE TRANSFERASE S0001477"
"YMR217W","GUA1","Carbon metabolism",8,"YMR217W   GUA1       PURINE METABOLISM                       GMP SYNTHASE                            S0004830","PURINE METABOLISM GMP SYNTHASE S0004830"
"YDR454C","GUK1","Carbon metabolism",8,"YDR454C   GUK1       GUANINE NUCLEOTIDE METABOLISM           GUANYLATE KINASE                        S0002862","GUANINE NUCLEOTIDE METABOLISM GUANYLATE KINASE S0002862"
"YFR053C","HXK1","Carbon metabolism",8,"YFR053C   HXK1       GLYCOLYSIS                              HEXOKINASE I                            S0001949","GLYCOLYSIS HEXOKINASE I S0001949"
"YNL009W","IDP3","Carbon metabolism",8,"YNL009W   IDP3       TCA CYCLE                               ISOCITRATE DEHYDROGENASE                S0004954","TCA CYCLE ISOCITRATE DEHYDROGENASE S0004954"
"YBR084W","MIS1","Carbon metabolism",8,"YBR084W   MIS1       FOLATE METABOLISM                       C1-TETRAHYDROFOLATE SYNTHASE            S0000288","FOLATE METABOLISM C1-TETRAHYDROFOLATE SYNTHASE S0000288"
"YNR043W","MVD1","Carbon metabolism",8,"YNR043W   MVD1       STEROL METABOLISM                       MEVALONATE PYROPHOSPHATE DECARBOXYLASE  S0005326","STEROL METABOLISM MEVALONATE PYROPHOSPHATE DECARBOXYLASE S0005326"
"YDR001C","NTH1","Carbon metabolism",8,"YDR001C   NTH1       TREHALOSE METABOLISM                    ALPHA, ALPHA-TREHALASE                  S0002408","TREHALOSE METABOLISM ALPHA, ALPHA-TREHALASE S0002408"
"YLR044C","PDC1","Carbon metabolism",8,"YLR044C   PDC1       GLYCOLYSIS                              PYRUVATE DECARBOXYLASE                  S0004034","GLYCOLYSIS PYRUVATE DECARBOXYLASE S0004034"
"YLR134W","PDC5","Carbon metabolism",8,"YLR134W   PDC5       GLYCOLYSIS                              PYRUVATE DECARBOXYLASE                  S0004124","GLYCOLYSIS PYRUVATE DECARBOXYLASE S0004124"
"YGL248W","PDE1","Carbon metabolism",8,"YGL248W   PDE1       PURINE METABOLISM                       3',5'-CYCLIC-NUCLEOTIDE PHOSPHODIESTERASS0003217","PURINE METABOLISM 3',5'-CYCLIC-NUCLEOTIDE PHOSPHODIESTERASS0003217"
"YIL107C","PFK26","Carbon metabolism",8,"YIL107C   PFK26      FRUCTOSE AND MANNOSE METABOLISM         6-PHOSPHOFRUCTOSE-2-KINASE              S0001369","FRUCTOSE AND MANNOSE METABOLISM 6-PHOSPHOFRUCTOSE-2-KINASE S0001369"
"YMR105C","PGM2","Carbon metabolism",8,"YMR105C   PGM2       GLYCOLYSIS                              PHOSPHOGLUCOMUTASE                      S0004711","GLYCOLYSIS PHOSPHOGLUCOMUTASE S0004711"
"YDR465C","RMT2","Carbon metabolism",8,"YDR465C   RMT2       ARGININE METABOLISM                     ARGININE METHYLTRANSFERASE              S0002873","ARGININE METABOLISM ARGININE METHYLTRANSFERASE S0002873"
"YLR372W","SUR4","Carbon metabolism",8,"YLR372W   SUR4       FATTY ACID METABOLISM                   CONVERSION OF 24-CARBON TO 26-CARBON FATS0004364","FATTY ACID METABOLISM CONVERSION OF 24-CARBON TO 26-CARBON FATS0004364"
"YBR126C","TPS1","Carbon metabolism",8,"YBR126C   TPS1       TREHALOSE METABOLISM                    TREHALOSE-6-PHOSPHATE SYNTHAS           S0000330","TREHALOSE METABOLISM TREHALOSE-6-PHOSPHATE SYNTHAS S0000330"
"YDR074W","TPS2","Carbon metabolism",8,"YDR074W   TPS2       TREHALOSE METABOLISM                    TREHALOSE-6-PHOSPHATE PHOSPHATASE       S0002481","TREHALOSE METABOLISM TREHALOSE-6-PHOSPHATE PHOSPHATASE S0002481"
"YML100W","TSL1","Carbon metabolism",8,"YML100W   TSL1       TREHALOSE METABOLISM                    TREHALOSE-6-PHOSPHATE SYNTHASE/PHOSPHATAS0004566","TREHALOSE METABOLISM TREHALOSE-6-PHOSPHATE SYNTHASE/PHOSPHATAS0004566"
"YGR019W","UGA1","Carbon metabolism",8,"YGR019W   UGA1       GABA METABOLISM                         4-AMINOBUTYRATE AMINOTRANSFERASE (GABA TS0003251","GABA METABOLISM 4-AMINOBUTYRATE AMINOTRANSFERASE (GABA TS0003251"
"YKL035W","UGP1","Carbon metabolism",8,"YKL035W   UGP1       PYRIMIDINE METABOLISM                   UGP1, UDP-GLUCOSE PYROPHOSPHORYLASE     S0001518","PYRIMIDINE METABOLISM UGP1, UDP-GLUCOSE PYROPHOSPHORYLASE S0001518"
"YKL067W","YNK1","Carbon metabolism",8,"YKL067W   YNK1       NUCLEOTIDE METABOLISM                   NUCLEOSIDE DIPHOSPHATE KINASE           S0001550","NUCLEOTIDE METABOLISM NUCLEOSIDE DIPHOSPHATE KINASE S0001550"
"YNL134C","YNL134C","Carbon metabolism",8,"YNL134C              UNKNOWN                                 UNKNOWN; SIMILAR TO C. CARBONUM TOXD GENS0005078","UNKNOWN; SIMILAR TO C. CARBONUM TOXD GENS0005078"
"YML022W","APT1","Biosynthesis (AA/Nuc)",9,"YML022W   APT1       PURINE BIOSYNTHESIS                     ADENINE PHOSPHORIBOSYLTRANSFERASE       S0004484","PURINE BIOSYNTHESIS ADENINE PHOSPHORIBOSYLTRANSFERASE S0004484"
"YGL148W","ARO2","Biosynthesis (AA/Nuc)",9,"YGL148W   ARO2       AROMATIC AMINO ACID BIOSYNTHESIS        CHORISMATE SYNTHASE                     S0003116","AROMATIC AMINO ACID BIOSYNTHESIS CHORISMATE SYNTHASE S0003116"
"YBR249C","ARO4","Biosynthesis (AA/Nuc)",9,"YBR249C   ARO4       AROMATIC AMINO ACID BIOSYNTHESIS        2-DEHYDRO-3-DEOXYPHOSPHOHEPTONATE ALDOLAS0000453","AROMATIC AMINO ACID BIOSYNTHESIS 2-DEHYDRO-3-DEOXYPHOSPHOHEPTONATE ALDOLAS0000453"
"YPR060C","ARO7","Biosynthesis (AA/Nuc)",9,"YPR060C   ARO7       AROMATIC AMINO ACID BIOSYNTHESIS        CHORISMATE MUTASE                       S0006264","AROMATIC AMINO ACID BIOSYNTHESIS CHORISMATE MUTASE S0006264"
"YPR145W","ASN1","Biosynthesis (AA/Nuc)",9,"YPR145W   ASN1       ASPARAGINE BIOSYNTHESIS                 ASPARAGINE SYNTHETASE                   S0006349","ASPARAGINE BIOSYNTHESIS ASPARAGINE SYNTHETASE S0006349"
"YGR124W","ASN2","Biosynthesis (AA/Nuc)",9,"YGR124W   ASN2       ASPARAGINE BIOSYNTHESIS                 ASPARAGINE SYNTHETASE                   S0003356","ASPARAGINE BIOSYNTHESIS ASPARAGINE SYNTHETASE S0003356"
"YJR025C","BNA1","Biosynthesis (AA/Nuc)",9,"YJR025C   BNA1       NICOTINIC ACID BIOSYNTHESIS             3-HYDROXYANTHRANILIC ACID DIOXYGENASE   S0003786","NICOTINIC ACID BIOSYNTHESIS 3-HYDROXYANTHRANILIC ACID DIOXYGENASE S0003786"
"YDR204W","COQ4","Biosynthesis (AA/Nuc)",9,"YDR204W   COQ4       UBIQUINONE BIOSYNTHESIS                 UNKNOWN                                 S0002612","UBIQUINONE BIOSYNTHESIS UNKNOWN S0002612"
"YML110C","COQ5","Biosynthesis (AA/Nuc)",9,"YML110C   COQ5       UBIQUINONE BIOSYNTHESIS                 METHYLTRANSFERASE                       S0004578","UBIQUINONE BIOSYNTHESIS METHYLTRANSFERASE S0004578"
"YLR172C","DPH5","Biosynthesis (AA/Nuc)",9,"YLR172C   DPH5       DIPHTHAMIDE BIOSYNTHESIS                DIPHTHAMIDE METHYLTRANSFERASE           S0004162","DIPHTHAMIDE BIOSYNTHESIS DIPHTHAMIDE METHYLTRANSFERASE S0004162"
"YHR068W","DYS1","Biosynthesis (AA/Nuc)",9,"YHR068W   DYS1       HYPUSINE BIOSYNTHESIS                   DEOXYHYPUSINE SYNTHASE                  S0001110","HYPUSINE BIOSYNTHESIS DEOXYHYPUSINE SYNTHASE S0001110"
"YLR299W","ECM38","Biosynthesis (AA/Nuc)",9,"YLR299W   ECM38      GLUTATHIONE BIOSYNTHESIS                GAMMA-GLUTAMYLTRANSFERASE               S0004290","GLUTATHIONE BIOSYNTHESIS GAMMA-GLUTAMYLTRANSFERASE S0004290"
"YHR128W","FUR1","Biosynthesis (AA/Nuc)",9,"YHR128W   FUR1       PYRIMIDINE SALVAGE PATHWAY              URACIL PHOSPHORIBOSYLTRANSFERASE        S0001170","PYRIMIDINE SALVAGE PATHWAY URACIL PHOSPHORIBOSYLTRANSFERASE S0001170"
"YIL020C","HIS6","Biosynthesis (AA/Nuc)",9,"YIL020C   HIS6       HISTIDINE BIOSYNTHESIS                  PHOSPHORIBOSYL IMIDAZOLECARBOXAMIDE ISOMS0001282","HISTIDINE BIOSYNTHESIS PHOSPHORIBOSYL IMIDAZOLECARBOXAMIDE ISOMS0001282"
"YOR209C","NPT1","Biosynthesis (AA/Nuc)",9,"YOR209C   NPT1       NAD BIOSYNTHESIS                        NICOTINATE PHOSPHORIBOSYLTRANSFERASE    S0005735","NAD BIOSYNTHESIS NICOTINATE PHOSPHORIBOSYLTRANSFERASE S0005735"
"YDR300C","PRO1","Biosynthesis (AA/Nuc)",9,"YDR300C   PRO1       PROLINE BIOSYNTHESIS                    GLUTAMATE 5-KINASE                      S0002708","PROLINE BIOSYNTHESIS GLUTAMATE 5-KINASE S0002708"
"YKL181W","PRS1","Biosynthesis (AA/Nuc)",9,"YKL181W   PRS1       PURINE, PYRIMIDINE, TRYPTOPHAN AND HISTIPHOSPHORIBOSYLPYROPHOSPHATE SYNTHETASE  S0001664","PURINE, PYRIMIDINE, TRYPTOPHAN AND HISTIPHOSPHORIBOSYLPYROPHOSPHATE SYNTHETASE S0001664"
"YHL011C","PRS3","Biosynthesis (AA/Nuc)",9,"YHL011C   PRS3       PURINE BIOSYNTHESIS                     RIBOSE-PHOSPHATE PYROPHOSPHOKINASE 3    S0001003","PURINE BIOSYNTHESIS RIBOSE-PHOSPHATE PYROPHOSPHOKINASE 3 S0001003"
"YHR216W","PUR5","Biosynthesis (AA/Nuc)",9,"YHR216W   PUR5       PURINE BIOSYNTHESIS                     IMP DEHYDROGENASE                       S0001259","PURINE BIOSYNTHESIS IMP DEHYDROGENASE S0001259"
"YER070W","RNR1","Biosynthesis (AA/Nuc)",9,"YER070W   RNR1       DNA REPLICATION                         RIBONUCLEOTIDE REDUCTASE                S0000872","DNA REPLICATION RIBONUCLEOTIDE REDUCTASE S0000872"
"YER043C","SAH1","Biosynthesis (AA/Nuc)",9,"YER043C   SAH1       METHIONINE BIOSYNTHESIS                 S-ADENOSYL-L-HOMOCYSTEINE HYDROLASE     S0000845","METHIONINE BIOSYNTHESIS S-ADENOSYL-L-HOMOCYSTEINE HYDROLASE S0000845"
"YLR146C","SPE4","Biosynthesis (AA/Nuc)",9,"YLR146C   SPE4       SPERMINE BIOSYNTHESIS                   SPERMINE SYNTHASE                       S0004136","SPERMINE BIOSYNTHESIS SPERMINE SYNTHASE S0004136"
"YHR025W","THR1","Biosynthesis (AA/Nuc)",9,"YHR025W   THR1       THREONINE BIOSYNTHESIS                  HOMOSERINE KINASE                       S0001067","THREONINE BIOSYNTHESIS HOMOSERINE KINASE S0001067"
"YCR053W","THR4","Biosynthesis (AA/Nuc)",9,"YCR053W   THR4       THREONINE BIOSYNTHESIS                  THREONINE SYNTHASE                      S0000649","THREONINE BIOSYNTHESIS THREONINE SYNTHASE S0000649"
"YMR271C","URA10","Biosynthesis (AA/Nuc)",9,"YMR271C   URA10      PYRIMIDINE BIOSYNTHESIS                 OROTATE PHOSPHORIBOSYLTRANSFERASE       S0004884","PYRIMIDINE BIOSYNTHESIS OROTATE PHOSPHORIBOSYLTRANSFERASE S0004884"
"YML106W","URA5","Biosynthesis (AA/Nuc)",9,"YML106W   URA5       PYRIMIDINE BIOSYNTHESIS                 OROTATE PHOSPHORIBOSYLTRANSFERASE       S0004574","PYRIMIDINE BIOSYNTHESIS OROTATE PHOSPHORIBOSYLTRANSFERASE S0004574"
"YBL039C","URA7","Biosynthesis (AA/Nuc)",9,"YBL039C   URA7       PYRIMIDINE BIOSYNTHESIS                 CTP SYNTHASE 1                          S0000135","PYRIMIDINE BIOSYNTHESIS CTP SYNTHASE 1 S0000135"
"YGL180W","APG1","Autophagy / Vacuole",10,"YGL180W   APG1       AUTOPHAGY                               PROTEIN KINASE                          S0003148","AUTOPHAGY PROTEIN KINASE S0003148"
"YBL078C","AUT7","Autophagy / Vacuole",10,"YBL078C   AUT7       AUTOPHAGY                               MICROTUBULE-ASSOCIATED PROTEIN (PUTATIVES0000174","AUTOPHAGY MICROTUBULE-ASSOCIATED PROTEIN (PUTATIVES0000174"
"YEL005C","VAB31","Autophagy / Vacuole",10,"YEL005C   VAB31      VACUOLAR PROTEIN TARGETING (PUTATIVE)   UNKNOWN; VAC8P BINDING PROTEIN          S0000731","VACUOLAR PROTEIN TARGETING (PUTATIVE) UNKNOWN; VAC8P BINDING PROTEIN S0000731"
"YKL080W","VMA5","Autophagy / Vacuole",10,"YKL080W   VMA5       VACUOLAR ACIDIFICATION                  VACUOLAR H+-ATPASE V1 SECTOR SUBUNIT    S0001563","VACUOLAR ACIDIFICATION VACUOLAR H+-ATPASE V1 SECTOR SUBUNIT S0001563"
"YLR447C","VMA6","Autophagy / Vacuole",10,"YLR447C   VMA6       VACUOLAR ACIDIFICATION                  VACUOLAR H+-ATPASE V0 DOMAIN 36 KD SUBUNS0004439","VACUOLAR ACIDIFICATION VACUOLAR H+-ATPASE V0 DOMAIN 36 KD SUBUNS0004439"
"YBR204C","YBR204C","Autophagy / Vacuole",10,"YBR204C              UNKNOWN                                 UNKNOWN; SIMILAR TO PEROXISOMAL SERINE-AS0000408","UNKNOWN; SIMILAR TO PEROXISOMAL SERINE-AS0000408"
"YFL034C-A","-A","Other",11,"YFL034C-A   RPL22B","RPL22B"
"YFR032C-A","-A","Other",11,"YFR032C-A   RPL29","RPL29"
"YPL249C-A","-A","Other",11,"YPL249C-A   RPL36B","RPL36B"
"YDL133C-A","-A","Other",11,"YDL133C-A   RPL41B","RPL41B"
"YLR287C-A","-A","Other",11,"YLR287C-A   RPS30A","RPS30A"
"YDR085C","AFR1","Other",11,"YDR085C   AFR1       MATING                                  CYTOSKELETAL PROTEIN, SIMILAR TO ARRESTIS0002492","MATING CYTOSKELETAL PROTEIN, SIMILAR TO ARRESTIS0002492"
"YMR170C","ALD2","Other",11,"YMR170C   ALD2       ETHANOL UTILIZATION                     ALDEHYDE DEHYDROGENASE                  S0004780","ETHANOL UTILIZATION ALDEHYDE DEHYDROGENASE S0004780"
"YMR169C","ALD3","Other",11,"YMR169C   ALD3       ETHANOL UTILIZATION                     ALDEHYDE DEHYDROGENASE                  S0004779","ETHANOL UTILIZATION ALDEHYDE DEHYDROGENASE S0004779"
"YLR370C","ARC18","Other",11,"YLR370C   ARC18      CYTOSKELETON                            CORTICAL ACTIN PATCH INTEGRITY; ARP2/3 CS0004362","CYTOSKELETON CORTICAL ACTIN PATCH INTEGRITY; ARP2/3 CS0004362"
"YHR013C","ARD1","Other",11,"YHR013C   ARD1       PROTEIN PROCESSING                      PROTEIN N-ACETYLTRANSFERASE SUBUNIT     S0001055","PROTEIN PROCESSING PROTEIN N-ACETYLTRANSFERASE SUBUNIT S0001055"
"YPR034W","ARP7","Other",11,"YPR034W   ARP7       CYTOSKELETON (PUTATIVE)                 ACTIN-RELATED PROTEIN                   S0006238","CYTOSKELETON (PUTATIVE) ACTIN-RELATED PROTEIN S0006238"
"YMR116C","ASC1","Other",11,"YMR116C   ASC1       PROTEIN SYNTHESIS (PUTATIVE)            G-BETA LIKE PROTEIN                     S0004722","PROTEIN SYNTHESIS (PUTATIVE) G-BETA LIKE PROTEIN S0004722"
"YDR321W","ASP1","Other",11,"YDR321W   ASP1       ASPARAGINE UTILIZATION                  L-ASPARAGINASE I                        S0002729","ASPARAGINE UTILIZATION L-ASPARAGINASE I S0002729"
"YLR433C","CNA1","Other",11,"YLR433C   CNA1       SIGNALING                               CALCINEURIN CATALYTIC A SUBUNIT         S0004425","SIGNALING CALCINEURIN CATALYTIC A SUBUNIT S0004425"
"YHR193C","EGD2","Other",11,"YHR193C   EGD2       PROTEIN SYNTHESIS (PUTATIVE)            HOMOLOG OF HUMAN NASCENT-POLYPEPTIDE-ASSS0001236","PROTEIN SYNTHESIS (PUTATIVE) HOMOLOG OF HUMAN NASCENT-POLYPEPTIDE-ASSS0001236"
"YBR247C","ENP1","Other",11,"YBR247C   ENP1       PROTEIN GLYCOSYLATION                   PUTATIVE OLIGOSACCHARYLTRANSFERASE COMPLS0000451","PROTEIN GLYCOSYLATION PUTATIVE OLIGOSACCHARYLTRANSFERASE COMPLS0000451"
"YDR272W","GLO2","Other",11,"YDR272W   GLO2       METHYLGLYOXAL RESISTANCE                GLYOXALASE II                           S0002680","METHYLGLYOXAL RESISTANCE GLYOXALASE II S0002680"
"YGR256W","GND2","Other",11,"YGR256W   GND2       PENTOSE PHOSPHATE CYCLE                 6-PHOSPHOGLUCONATE DEHYDROGENASE        S0003488","PENTOSE PHOSPHATE CYCLE 6-PHOSPHOGLUCONATE DEHYDROGENASE S0003488"
"YLR293C","GSP1","Other",11,"YLR293C   GSP1       NUCLEAR PROTEIN TARGETING               GTP-BINDING PROTEIN, RAS SUPERFAMILY    S0004284","NUCLEAR PROTEIN TARGETING GTP-BINDING PROTEIN, RAS SUPERFAMILY S0004284"
"YOR185C","GSP2","Other",11,"YOR185C   GSP2       NUCLEAR ORGANIZATION                    GTPASE; RAN HOMOLOG                     S0005711","NUCLEAR ORGANIZATION GTPASE; RAN HOMOLOG S0005711"
"YBR034C","HMT1","Other",11,"YBR034C   HMT1       PROTEIN PROCESSING                      ARGININE METHYLTRANSFERASE              S0000238","PROTEIN PROCESSING ARGININE METHYLTRANSFERASE S0000238"
"YJL057C","IKS1","Other",11,"YJL057C   IKS1       SIGNALING (PUTATIVE)                    PROTEIN KINASE                          S0003593","SIGNALING (PUTATIVE) PROTEIN KINASE S0003593"
"YER110C","KAP123","Other",11,"YER110C   KAP123     NUCLEAR PROTEIN TARGETING               BETA-KARYOPHERIN                        S0000912","NUCLEAR PROTEIN TARGETING BETA-KARYOPHERIN S0000912"
"YLR017W","MEU1","Other",11,"YLR017W   MEU1       GLUCOSE DEREPRESSION                    REGULATOR OF ADH2 EXPRESSION            S0004007","GLUCOSE DEREPRESSION REGULATOR OF ADH2 EXPRESSION S0004007"
"YNL061W","NOP2","Other",11,"YNL061W   NOP2       NUCLEAR ORGANIZATION                    NUCLEOLAR PROTEIN                       S0005005","NUCLEAR ORGANIZATION NUCLEOLAR PROTEIN S0005005"
"YJL002C","OST1","Other",11,"YJL002C   OST1       PROTEIN GLYCOSYLATION                   OLIGOSACCHARYLTRANSFERASE COMPLEX SUBUNIS0003539","PROTEIN GLYCOSYLATION OLIGOSACCHARYLTRANSFERASE COMPLEX SUBUNIS0003539"
"YGR078C","PAC10","Other",11,"YGR078C   PAC10      CYTOSKELETON                            NON-NATIVE ACTIN BINDING COMPLEX SUBUNITS0003310","CYTOSKELETON NON-NATIVE ACTIN BINDING COMPLEX SUBUNITS0003310"
"YIL045W","PIG2","Other",11,"YIL045W   PIG2       GLUCOSE REPRESSION                      (PUTATIVE) GLC7P REGULATORY SUBUNIT     S0001307","GLUCOSE REPRESSION (PUTATIVE) GLC7P REGULATORY SUBUNIT S0001307"
"YPL203W","PKA3","Other",11,"YPL203W   PKA3       SIGNALING, NUTRIENT CONTROL OF CELL GROWCAMP-DEPENDENT PROTEIN KINASE CATALYTIC S0006124","SIGNALING, NUTRIENT CONTROL OF CELL GROWCAMP-DEPENDENT PROTEIN KINASE CATALYTIC S0006124"
"YJR143C","PMT4","Other",11,"YJR143C   PMT4       PROTEIN GLYCOSYLATION                   DOLICHYL PHOSPHATE-D-MANNOSE:PROTEIN O-DS0003904","PROTEIN GLYCOSYLATION DOLICHYL PHOSPHATE-D-MANNOSE:PROTEIN O-DS0003904"
"YMR297W","PRC1","Other",11,"YMR297W   PRC1       SPORULATION                             CARBOXYPEPTIDASE Y                      S0004912","SPORULATION CARBOXYPEPTIDASE Y S0004912"
"YBL068W","PRS4","Other",11,"YBL068W   PRS4       PENTOSE PHOSPHATE CYCLE                 RIBOSE-PHOSPHATE PYROPHOSPHOKINASE      S0000164","PENTOSE PHOSPHATE CYCLE RIBOSE-PHOSPHATE PYROPHOSPHOKINASE S0000164"
"YMR308C","PSE1","Other",11,"YMR308C   PSE1       NUCLEAR PROTEIN TARGETING               BETA-KARYOPHERIN                        S0004925","NUCLEAR PROTEIN TARGETING BETA-KARYOPHERIN S0004925"
"YMR139W","RIM11","Other",11,"YMR139W   RIM11      MEIOSIS                                 PROTEIN KINASE                          S0004747","MEIOSIS PROTEIN KINASE S0004747"
"YOR095C","RKI1","Other",11,"YOR095C   RKI1       PENTOSE PHOSPHATE CYCLE                 RIBOSE-5-PHOSPHATE KETOL-ISOMERASE      S0005621","PENTOSE PHOSPHATE CYCLE RIBOSE-5-PHOSPHATE KETOL-ISOMERASE S0005621"
"YMR235C","RNA1","Other",11,"YMR235C   RNA1       RNA EXPORT                              GTPASE ACTIVATING PROTEIN FOR GSP1P     S0004848","RNA EXPORT GTPASE ACTIVATING PROTEIN FOR GSP1P S0004848"
"YLR406C","RPL31B","Other",11,"YLR406C   RPL31B",""
"YDL184C","RPL41A","Other",11,"YDL184C   RPL41A",""
"YPL131W","RPL5","Other",11,"YPL131W   RPL5",""
"YDL130W","RPP1B","Other",11,"YDL130W   RPP1B",""
"YHL015W","RPS20","Other",11,"YHL015W   RPS20",""
"YIL069C","RPS24B","Other",11,"YIL069C   RPS24B",""
"YGR152C","RSR1","Other",11,"YGR152C   RSR1       BUD SITE SELECTION                      GTP-BINDING PROTEIN, RAS SUPERFAMILY    S0003384","BUD SITE SELECTION GTP-BINDING PROTEIN, RAS SUPERFAMILY S0003384"
"YDL153C","SAS10","Other",11,"YDL153C   SAS10      SILENCING                               NUCLEAR PROTEIN, REULATOR OF SILENCING AS0002312","SILENCING NUCLEAR PROTEIN, REULATOR OF SILENCING AS0002312"
"YKL193C","SDS22","Other",11,"YKL193C   SDS22      GLUCOSE REPRESSION                      GLC7P REGULATORY SUBUNIT                S0001676","GLUCOSE REPRESSION GLC7P REGULATORY SUBUNIT S0001676"
"YFL045C","SEC53","Other",11,"YFL045C   SEC53      PROTEIN GLYCOSYLATION                   PHOSPHOMANNOMUTASE                      S0001849","PROTEIN GLYCOSYLATION PHOSPHOMANNOMUTASE S0001849"
"YIL099W","SGA1","Other",11,"YIL099W   SGA1       SPORULATION                             GLUCAN 1,4-ALPHA-GLUCOSIDASE            S0001361","SPORULATION GLUCAN 1,4-ALPHA-GLUCOSIDASE S0001361"
"YLR336C","SGD1","Other",11,"YLR336C   SGD1       SIGNALING (PUTATIVE)                    HIGH OSMOLARITY PATHWAY                 S0004328","SIGNALING (PUTATIVE) HIGH OSMOLARITY PATHWAY S0004328"
"YJL164C","SRA3","Other",11,"YJL164C   SRA3       SIGNALING                               CAMP-DEPENDENT PROTEIN KINASE SUBUNIT   S0003700","SIGNALING CAMP-DEPENDENT PROTEIN KINASE SUBUNIT S0003700"
"YGL097W","SRM1","Other",11,"YGL097W   SRM1       NUCLEAR TARGETING; MATING               GDP/GTP EXCHANGE FACTOR FOR GSP1P/GSP2P S0003065","NUCLEAR TARGETING; MATING GDP/GTP EXCHANGE FACTOR FOR GSP1P/GSP2P S0003065"
"YCL037C","SRO9","Other",11,"YCL037C   SRO9       CYTOSKELETON                            ACTIN FILAMENT ORGANIZATION             S0000542","CYTOSKELETON ACTIN FILAMENT ORGANIZATION S0000542"
"YDR312W","SSF2","Other",11,"YDR312W   SSF2       SIGNALING (PUTATIVE)                    SUPPRESSES G-PROTEIN BETA SUBUNIT MUTATIS0002720","SIGNALING (PUTATIVE) SUPPRESSES G-PROTEIN BETA SUBUNIT MUTATIS0002720"
"YPR074C","TKL1","Other",11,"YPR074C   TKL1       PENTOSE PHOSPHATE CYCLE                 TRANSKETOLASE                           S0006278","PENTOSE PHOSPHATE CYCLE TRANSKETOLASE S0006278"
"YGR194C","XKS1","Other",11,"YGR194C   XKS1       XYLULOSE UTILIZATION                    XYLULOKINASE                            S0003426","XYLULOSE UTILIZATION XYLULOKINASE S0003426"
"YJL141C","YAK1","Other",11,"YJL141C   YAK1       SIGNALING                               SERINE-THREONINE PROTEIN KINASE         S0003677","SIGNALING SERINE-THREONINE PROTEIN KINASE S0003677"
"YIL113W","YIL113W","Other",11,"YIL113W              UNKNOWN                                 PROTEIN PHOSPHATASE                     S0001375","PROTEIN PHOSPHATASE S0001375"
"YIL120W","YIL120W","Other",11,"YIL120W              UNKNOWN                                 MAJOR FACILITATOR SUPERFAMILY           S0001382","MAJOR FACILITATOR SUPERFAMILY S0001382"
"YKL078W","YKL078W","Other",11,"YKL078W              UNKNOWN                                 PUTATIVE RNA HELICASE                   S0001561","PUTATIVE RNA HELICASE S0001561"
"YMR253C","YMR253C","Other",11,"YMR253C              UNKNOWN                                 MAJOR FACILITATOR SUPERFAMILY           S0004866","MAJOR FACILITATOR SUPERFAMILY S0004866"
"YNL274C","YNL274C","Other",11,"YNL274C              UNKNOWN                                 PUTATIVE ALPHA-KETOISOCAPROATE REDUCTASES0005218","PUTATIVE ALPHA-KETOISOCAPROATE REDUCTASES0005218"
"YOL084W","YOL084W","Other",11,"YOL084W              UNKNOWN                                 MAJOR FACILITATOR SUPERFAMILY           S0005444","MAJOR FACILITATOR SUPERFAMILY S0005444"
"YOR272W","YTM1","Other",11,"YOR272W   YTM1       CYTOSKELETON (PUTATIVE)                 MICROTUBULE-ASSOCIATED PROTEIN          S0005798","CYTOSKELETON (PUTATIVE) MICROTUBULE-ASSOCIATED PROTEIN S0005798"
"YIR026C","YVH1","Other",11,"YIR026C   YVH1       SPORULATION                             PROTEIN PHOSPHATASE                     S0001465","SPORULATION PROTEIN PHOSPHATASE S0001465"
"YNL241C","ZWF1","Other",11,"YNL241C   ZWF1       PENTOSE PHOSPHATE CYCLE                 GLUCOSE-6-PHOSPHATE DEHYDROGENASE       S0005185","PENTOSE PHOSPHATE CYCLE GLUCOSE-6-PHOSPHATE DEHYDROGENASE S0005185"
"YMR173W-A","-A","Unknown",12,"YMR173W-A            UNKNOWN                                 UNKNOWN                                 S0004785","UNKNOWN UNKNOWN S0004785"
"YMR251W-A","-A","Unknown",12,"YMR251W-A HOR7       UNKNOWN                                 HYPEROSMOLARITY-RESPONSIVE              S0004864","HOR7 UNKNOWN HYPEROSMOLARITY-RESPONSIVE S0004864"
"YLR397C","AFG2","Unknown",12,"YLR397C   AFG2       UNKNOWN                                 (PUTATIVE) AAA ATPASE                   S0004389","UNKNOWN (PUTATIVE) AAA ATPASE S0004389"
"YLR267W","BOP2","Unknown",12,"YLR267W   BOP2       UNKNOWN                                 UNKNOWN; BYPASS OF PAM1                 S0004257","UNKNOWN UNKNOWN; BYPASS OF PAM1 S0004257"
"YBR155W","CNS1","Unknown",12,"YBR155W   CNS1       UNKNOWN                                 UNKNOWN; SIMILAR TO STI1P; SUPPRESSES CYS0000359","UNKNOWN UNKNOWN; SIMILAR TO STI1P; SUPPRESSES CYS0000359"
"YDL031W","DBP10","Unknown",12,"YDL031W   DBP10      UNKNOWN                                 UNKNOWN; SIMILAR TO RNA HELICASES       S0002189","UNKNOWN UNKNOWN; SIMILAR TO RNA HELICASES S0002189"
"YHR169W","DBP8","Unknown",12,"YHR169W   DBP8       UNKNOWN                                 RNA HELICASE                            S0001212","UNKNOWN RNA HELICASE S0001212"
"YLR276C","DBP9","Unknown",12,"YLR276C   DBP9       UNKNOWN                                 PUTATIVE RNA HELICASE                   S0004266","UNKNOWN PUTATIVE RNA HELICASE S0004266"
"YLR129W","DIP2","Unknown",12,"YLR129W   DIP2       UNKNOWN                                 INTERACTS WITH DOM3P                    S0004119","UNKNOWN INTERACTS WITH DOM3P S0004119"
"YNL001W","DOM34","Unknown",12,"YNL001W   DOM34      PROTEIN SYNTHESIS (PUTATIVE)            UNKNOWN                                 S0004946","PROTEIN SYNTHESIS (PUTATIVE) UNKNOWN S0004946"
"YKL172W","EBP2","Unknown",12,"YKL172W   EBP2       UNKNOWN                                 UNKNOWN; EBNA1-BINDING PROTEIN HOMOLOG  S0001655","UNKNOWN UNKNOWN; EBNA1-BINDING PROTEIN HOMOLOG S0001655"
"YLL038C","ENT4","Unknown",12,"YLL038C   ENT4       ENDOCYTOSIS (PUTATIVE)                  UNKNOWN; EPSIN HOMOLOG                  S0003961","ENDOCYTOSIS (PUTATIVE) UNKNOWN; EPSIN HOMOLOG S0003961"
"YAL036C","FUN11","Unknown",12,"YAL036C   FUN11      UNKNOWN                                 UNKNOWN; SIMILAR TO XENOPUS LAEVIS GTP-BS0000034","UNKNOWN UNKNOWN; SIMILAR TO XENOPUS LAEVIS GTP-BS0000034"
"YAL035W","FUN12","Unknown",12,"YAL035W   FUN12      UNKNOWN                                 UNKNOWN; SIMILAR TO BACILLUS SUBTILIS IFS0000033","UNKNOWN UNKNOWN; SIMILAR TO BACILLUS SUBTILIS IFS0000033"
"YNR002C","FUN34","Unknown",12,"YNR002C   FUN34      UNKNOWN                                 UNKNOWN                                 S0005285","UNKNOWN UNKNOWN S0005285"
"YMR307W","GAS1","Unknown",12,"YMR307W   GAS1       UNKNOWN                                 CELL SURFACE GLYCOPROTEIN               S0004924","UNKNOWN CELL SURFACE GLYCOPROTEIN S0004924"
"YMR136W","GAT2","Unknown",12,"YMR136W   GAT2       UNKNOWN                                 UNKNOWN                                 S0004744","UNKNOWN UNKNOWN S0004744"
"YDR096W","GIS1","Unknown",12,"YDR096W   GIS1       UNKNOWN                                 UNKNOWN                                 S0002503","UNKNOWN UNKNOWN S0002503"
"YNL255C","GIS2","Unknown",12,"YNL255C   GIS2       UNKNOWN                                 UNKNOWN; GIG3 SUPPRESSOR                S0005199","UNKNOWN UNKNOWN; GIG3 SUPPRESSOR S0005199"
"YMR290C","HAS1","Unknown",12,"YMR290C   HAS1       UNKNOWN                                 RNA HELICASE                            S0004903","UNKNOWN RNA HELICASE S0004903"
"YGR187C","HGH1","Unknown",12,"YGR187C   HGH1       UNKNOWN                                 UNKNOWN; SIMILAR TO HUMAN HMG1P AND HMG2S0003419","UNKNOWN UNKNOWN; SIMILAR TO HUMAN HMG1P AND HMG2S0003419"
"YPR067W","ISA2","Unknown",12,"YPR067W   ISA2       UNKNOWN                                 UNKNOWN; IRON SULFUR ASSEMBLY -- ISCA/NIS0006271","UNKNOWN UNKNOWN; IRON SULFUR ASSEMBLY -- ISCA/NIS0006271"
"YPL263C","KEL3","Unknown",12,"YPL263C   KEL3       UNKNOWN                                 UNKNOWN; SIMILAR TO KEL1P AND KEL2P     S0006184","UNKNOWN UNKNOWN; SIMILAR TO KEL1P AND KEL2P S0006184"
"YOR233W","KIN4","Unknown",12,"YOR233W   KIN4       UNKNOWN                                 PROTEIN KINASE                          S0005759","UNKNOWN PROTEIN KINASE S0005759"
"YCR091W","KIN82","Unknown",12,"YCR091W   KIN82      UNKNOWN                                 PROTEIN KINASE                          S0000687","UNKNOWN PROTEIN KINASE S0000687"
"YLL019C","KNS1","Unknown",12,"YLL019C   KNS1       UNKNOWN                                 PROTEIN KINASE                          S0003942","UNKNOWN PROTEIN KINASE S0003942"
"YCL059C","KRR1","Unknown",12,"YCL059C   KRR1       UNKNOWN                                 ESSENTIAL                               S0000564","UNKNOWN ESSENTIAL S0000564"
"YPL054W","LEE1","Unknown",12,"YPL054W   LEE1       UNKNOWN                                 UNKNOWN                                 S0005975","UNKNOWN UNKNOWN S0005975"
"YKL143W","LTV1","Unknown",12,"YKL143W   LTV1       UNKNOWN                                 UNKNOWN; REQUIRED FOR VIABILITY AT LOW TS0001626","UNKNOWN UNKNOWN; REQUIRED FOR VIABILITY AT LOW TS0001626"
"YKL021C","MAK11","Unknown",12,"YKL021C   MAK11      DSRNA VIRUS PROPAGATION                 UNKNOWN; ESSENTIAL GENE                 S0001504","DSRNA VIRUS PROPAGATION UNKNOWN; ESSENTIAL GENE S0001504"
"YAL025C","MAK16","Unknown",12,"YAL025C   MAK16      DSRNA VIRUS PROPAGATION                 UNKNOWN; ESSENTIAL GENE                 S0000023","DSRNA VIRUS PROPAGATION UNKNOWN; ESSENTIAL GENE S0000023"
"YJL183W","MNN11","Unknown",12,"YJL183W   MNN11      UNKNOWN                                 MANNOSYLTRANSFERASE COMPLEX SUBUNIT     S0003719","UNKNOWN MANNOSYLTRANSFERASE COMPLEX SUBUNIT S0003719"
"YOR188W","MSB1","Unknown",12,"YOR188W   MSB1       POLARIZED GROWTH                        UNKNOWN                                 S0005714","POLARIZED GROWTH UNKNOWN S0005714"
"YGR023W","MTL1","Unknown",12,"YGR023W   MTL1       SIGNALING (PUTATIVE)                    UNKNOWN; ACTS WITH MID2P                S0003255","SIGNALING (PUTATIVE) UNKNOWN; ACTS WITH MID2P S0003255"
"YBL024W","NCL1","Unknown",12,"YBL024W   NCL1       UNKNOWN                                 UNKNOWN; SIMILAR TO HUMAN PROLIFERATING S0000120","UNKNOWN UNKNOWN; SIMILAR TO HUMAN PROLIFERATING S0000120"
"YMR309C","NIP1","Unknown",12,"YMR309C   NIP1       NUCLEAR PROTEIN TARGETING               UNKNOWN, SIMILAR TO NSR1                S0004926","NUCLEAR PROTEIN TARGETING UNKNOWN, SIMILAR TO NSR1 S0004926"
"YDL167C","NRP1","Unknown",12,"YDL167C   NRP1       UNKNOWN                                 UNKNOWN                                 S0002326","UNKNOWN UNKNOWN S0002326"
"YGR123C","PPT1","Unknown",12,"YGR123C   PPT1       UNKNOWN                                 PROTEIN PHOSPHATASE                     S0003355","UNKNOWN PROTEIN PHOSPHATASE S0003355"
"YLR196W","PWP1","Unknown",12,"YLR196W   PWP1       UNKNOWN                                 UNKNOWN; SIMILAR TO BETA-TRANSDUCIN SUPES0004186","UNKNOWN UNKNOWN; SIMILAR TO BETA-TRANSDUCIN SUPES0004186"
"YCR057C","PWP2","Unknown",12,"YCR057C   PWP2       CYTOSKELETON (PUTATIVE)                 UNKNOWN                                 S0000653","CYTOSKELETON (PUTATIVE) UNKNOWN S0000653"
"YKR056W","RNC1","Unknown",12,"YKR056W   RNC1       UNKNOWN                                 ENDO-EXONUCLEASE                        S0001764","UNKNOWN ENDO-EXONUCLEASE S0001764"
"YPL152W","RRD2","Unknown",12,"YPL152W   RRD2       DRUG RESISTANCE                         UNKNOWN                                 S0006073","DRUG RESISTANCE UNKNOWN S0006073"
"YGR248W","SOL4","Unknown",12,"YGR248W   SOL4       UNKNOWN                                 UNKNOWN; SIMILAR TO SOL3P               S0003480","UNKNOWN UNKNOWN; SIMILAR TO SOL3P S0003480"
"YER150W","SPI1","Unknown",12,"YER150W   SPI1       UNKNOWN                                 UNKNOWN; SIMILAR TO SED1P; INDUCED IN STS0000952","UNKNOWN UNKNOWN; SIMILAR TO SED1P; INDUCED IN STS0000952"
"YHR066W","SSF1","Unknown",12,"YHR066W   SSF1       MATING (PUTATIVE)                       UNKNOWN                                 S0001108","MATING (PUTATIVE) UNKNOWN S0001108"
"YKL124W","SSH4","Unknown",12,"YKL124W   SSH4       UNKNOWN                                 SUPPRESSES SHR3 MUTATION                S0001607","UNKNOWN SUPPRESSES SHR3 MUTATION S0001607"
"YMR053C","STB2","Unknown",12,"YMR053C   STB2       UNKNOWN                                 BINDS SIN3P                             S0004657","UNKNOWN BINDS SIN3P S0004657"
"YDR169C","STB3","Unknown",12,"YDR169C   STB3       UNKNOWN                                 BINDS SIN3P                             S0002576","UNKNOWN BINDS SIN3P S0002576"
"YLR150W","STM1","Unknown",12,"YLR150W   STM1       UNKNOWN                                 UNKNOWN; SUPPRESSOR OF TOM1 AND POP2 MUTS0004140","UNKNOWN UNKNOWN; SUPPRESSOR OF TOM1 AND POP2 MUTS0004140"
"YNL066W","SUN4","Unknown",12,"YNL066W   SUN4       AGING                                   UNKNOWN                                 S0005010","AGING UNKNOWN S0005010"
"YDR161W","TCI1","Unknown",12,"YDR161W   TCI1       UNKNOWN                                 INTERACTS WITH PP2C                     S0002568","UNKNOWN INTERACTS WITH PP2C S0002568"
"YDR350C","TCM10","Unknown",12,"YDR350C   TCM10      UNKNOWN                                 UNKNOWN                                 S0002758","UNKNOWN UNKNOWN S0002758"
"YPL230W","USV1","Unknown",12,"YPL230W   USV1       UNKNOWN                                 UNKNOWN; EXPRESSION INCREASES UPON STARVS0006151","UNKNOWN UNKNOWN; EXPRESSION INCREASES UPON STARVS0006151"
"YEL040W","UTR2","Unknown",12,"YEL040W   UTR2       UNKNOWN                                 UNKNOWN                                 S0000766","UNKNOWN UNKNOWN S0000766"
"YAL061W","YAL061W","Unknown",12,"YAL061W              UNKNOWN                                 UNKNOWN; SIMILAR TO ALCOHOL/SORBITOL DEHS0000057","UNKNOWN; SIMILAR TO ALCOHOL/SORBITOL DEHS0000057"
"YAR073W","YAR073W","Unknown",12,"YAR073W              UNKNOWN                                 UNKNOWN; SIMILAR TO PUR5P, MAY BE AN  INS0000095","UNKNOWN; SIMILAR TO PUR5P, MAY BE AN INS0000095"
"YAR075W","YAR075W","Unknown",12,"YAR075W              UNKNOWN                                 UNKNOWN                                 S0002145","UNKNOWN S0002145"
"YBL028C","YBL028C","Unknown",12,"YBL028C              UNKNOWN                                 UNKNOWN                                 S0000124","UNKNOWN S0000124"
"YBL049W","YBL049W","Unknown",12,"YBL049W              UNKNOWN                                 UNKNOWN                                 S0000145","UNKNOWN S0000145"
"YBL054W","YBL054W","Unknown",12,"YBL054W              UNKNOWN                                 UNKNOWN                                 S0000150","UNKNOWN S0000150"
"YBL064C","YBL064C","Unknown",12,"YBL064C              UNKNOWN                                 UNKNOWN; SIMILAR TO TSA1P               S0000160","UNKNOWN; SIMILAR TO TSA1P S0000160"
"YBL077W","YBL077W","Unknown",12,"YBL077W              UNKNOWN                                 UNKNOWN                                 S0000173","UNKNOWN S0000173"
"YBR006W","YBR006W","Unknown",12,"YBR006W              UNKNOWN                                 UNKNOWN; SIMILAR TO ALDEHYDE DEHYDROGENAS0000210","UNKNOWN; SIMILAR TO ALDEHYDE DEHYDROGENAS0000210"
"YBR025C","YBR025C","Unknown",12,"YBR025C              UNKNOWN                                 UNKNOWN                                 S0000229","UNKNOWN S0000229"
"YBR030W","YBR030W","Unknown",12,"YBR030W              UNKNOWN                                 UNKNOWN; SIMILAR TO SIN3P               S0000234","UNKNOWN; SIMILAR TO SIN3P S0000234"
"YBR052C","YBR052C","Unknown",12,"YBR052C              UNKNOWN                                 UNKNOWN; SIMILAR TO YCP4P, S. POMBE OBR1S0000256","UNKNOWN; SIMILAR TO YCP4P, S. POMBE OBR1S0000256"
"YBR053C","YBR053C","Unknown",12,"YBR053C              UNKNOWN                                 UNKNOWN; SIMILAR TO RAT CALCIUM-BINDING S0000257","UNKNOWN; SIMILAR TO RAT CALCIUM-BINDING S0000257"
"YBR056W","YBR056W","Unknown",12,"YBR056W              UNKNOWN                                 UNKNOWN; SIMILAR TO GLUCAN-1,3-BETA-GLUCS0000260","UNKNOWN; SIMILAR TO GLUCAN-1,3-BETA-GLUCS0000260"
"YBR061C","YBR061C","Unknown",12,"YBR061C              UNKNOWN                                 UNKNOWN; SIMILAR TO CTR86P AND E. COLI FS0000265","UNKNOWN; SIMILAR TO CTR86P AND E. COLI FS0000265"
"YBR089W","YBR089W","Unknown",12,"YBR089W              UNKNOWN                                 UNKNOWN                                 S0000293","UNKNOWN S0000293"
"YBR139W","YBR139W","Unknown",12,"YBR139W              UNKNOWN                                 UNKNOWN; SIMILAR TO SERINE-TYPE CARBOXYPS0000343","UNKNOWN; SIMILAR TO SERINE-TYPE CARBOXYPS0000343"
"YBR183W","YBR183W","Unknown",12,"YBR183W              UNKNOWN                                 UNKNOWN; SIMILAR TO H. INFLUENZAE LIC-1 S0000387","UNKNOWN; SIMILAR TO H. INFLUENZAE LIC-1 S0000387"
"YBR230C","YBR230C","Unknown",12,"YBR230C              UNKNOWN                                 UNKNOWN                                 S0000434","UNKNOWN S0000434"
"YBR238C","YBR238C","Unknown",12,"YBR238C              UNKNOWN                                 UNKNOWN                                 S0000442","UNKNOWN S0000442"
"YBR246W","YBR246W","Unknown",12,"YBR246W              UNKNOWN                                 UNKNOWN                                 S0000450","UNKNOWN S0000450"
"YBR266C","YBR266C","Unknown",12,"YBR266C              UNKNOWN                                 UNKNOWN                                 S0000470","UNKNOWN S0000470"
"YBR267W","YBR267W","Unknown",12,"YBR267W              UNKNOWN                                 UNKNOWN                                 S0000471","UNKNOWN S0000471"
"YBR269C","YBR269C","Unknown",12,"YBR269C              UNKNOWN                                 UNKNOWN                                 S0000473","UNKNOWN S0000473"
"YBR285W","YBR285W","Unknown",12,"YBR285W              UNKNOWN                                 UNKNOWN                                 S0000489","UNKNOWN S0000489"
"YBR287W","YBR287W","Unknown",12,"YBR287W              UNKNOWN                                 UNKNOWN                                 S0000491","UNKNOWN S0000491"
"YCL035C","YCL035C","Unknown",12,"YCL035C              UNKNOWN                                 UNKNOWN; SIMILAR TO THIOLTRANSFERASE TTRS0000540","UNKNOWN; SIMILAR TO THIOLTRANSFERASE TTRS0000540"
"YCL042W","YCL042W","Unknown",12,"YCL042W              UNKNOWN                                 UNKNOWN                                 S0000547","UNKNOWN S0000547"
"YCL045C","YCL045C","Unknown",12,"YCL045C              UNKNOWN                                 UNKNOWN                                 S0000550","UNKNOWN S0000550"
"YCR004C","YCP4","Unknown",12,"YCR004C   YCP4       UNKNOWN                                 UNKNOWN; SIMILAR TO S. POMBE BREFELDIN AS0000597","UNKNOWN UNKNOWN; SIMILAR TO S. POMBE BREFELDIN AS0000597"
"YCR016W","YCR016W","Unknown",12,"YCR016W              UNKNOWN                                 UNKNOWN                                 S0000609","UNKNOWN S0000609"
"YCR061W","YCR061W","Unknown",12,"YCR061W              UNKNOWN                                 UNKNOWN                                 S0000657","UNKNOWN S0000657"
"YCR062W","YCR062W","Unknown",12,"YCR062W              UNKNOWN                                 UNKNOWN                                 S0000658","UNKNOWN S0000658"
"YDL023C","YDL023C","Unknown",12,"YDL023C              UNKNOWN                                 UNKNOWN                                 S0002181","UNKNOWN S0002181"
"YDL027C","YDL027C","Unknown",12,"YDL027C              UNKNOWN                                 UNKNOWN                                 S0002185","UNKNOWN S0002185"
"YDL050C","YDL050C","Unknown",12,"YDL050C              UNKNOWN                                 UNKNOWN                                 S0002208","UNKNOWN S0002208"
"YDL060W","YDL060W","Unknown",12,"YDL060W              UNKNOWN                                 UNKNOWN                                 S0002218","UNKNOWN S0002218"
"YDL062W","YDL062W","Unknown",12,"YDL062W              UNKNOWN                                 UNKNOWN                                 S0002220","UNKNOWN S0002220"
"YDL063C","YDL063C","Unknown",12,"YDL063C              UNKNOWN                                 UNKNOWN                                 S0002221","UNKNOWN S0002221"
"YDL110C","YDL110C","Unknown",12,"YDL110C              UNKNOWN                                 UNKNOWN                                 S0002268","UNKNOWN S0002268"
"YDL124W","YDL124W","Unknown",12,"YDL124W              UNKNOWN                                 UNKNOWN                                 S0002282","UNKNOWN S0002282"
"YDL151C","YDL151C","Unknown",12,"YDL151C              UNKNOWN                                 UNKNOWN                                 S0002310","UNKNOWN S0002310"
"YDL199C","YDL199C","Unknown",12,"YDL199C              UNKNOWN                                 UNKNOWN; SIMILAR TO MEMBERS OF THE SUGARS0002358","UNKNOWN; SIMILAR TO MEMBERS OF THE SUGARS0002358"
"YDL201W","YDL201W","Unknown",12,"YDL201W              UNKNOWN                                 UNKNOWN                                 S0002360","UNKNOWN S0002360"
"YDL204W","YDL204W","Unknown",12,"YDL204W              UNKNOWN                                 UNKNOWN                                 S0002363","UNKNOWN S0002363"
"YDL222C","YDL222C","Unknown",12,"YDL222C              UNKNOWN                                 UNKNOWN; SIMILAR TO SUR7P               S0002381","UNKNOWN; SIMILAR TO SUR7P S0002381"
"YDR003W","YDR003W","Unknown",12,"YDR003W              UNKNOWN                                 UNKNOWN; SIMILAR TO YBR005P             S0002410","UNKNOWN; SIMILAR TO YBR005P S0002410"
"YDR032C","YDR032C","Unknown",12,"YDR032C              UNKNOWN                                 UNKNOWN; SIMILAR TO YCP4P AND S. POMBE OS0002439","UNKNOWN; SIMILAR TO YCP4P AND S. POMBE OS0002439"
"YDR070C","YDR070C","Unknown",12,"YDR070C              UNKNOWN                                 UNKNOWN                                 S0002477","UNKNOWN S0002477"
"YDR083W","YDR083W","Unknown",12,"YDR083W              UNKNOWN                                 UNKNOWN                                 S0002490","UNKNOWN S0002490"
"YDR091C","YDR091C","Unknown",12,"YDR091C              UNKNOWN                                 UNKNOWN; SIMILAR TO MEMBERS OF THE ATP-BS0002498","UNKNOWN; SIMILAR TO MEMBERS OF THE ATP-BS0002498"
"YDR101C","YDR101C","Unknown",12,"YDR101C              UNKNOWN                                 UNKNOWN                                 S0002508","UNKNOWN S0002508"
"YDR152W","YDR152W","Unknown",12,"YDR152W              UNKNOWN                                 UNKNOWN                                 S0002559","UNKNOWN S0002559"
"YDR165W","YDR165W","Unknown",12,"YDR165W              UNKNOWN                                 UNKNOWN                                 S0002572","UNKNOWN S0002572"
"YDR190C","YDR190C","Unknown",12,"YDR190C              UNKNOWN                                 UNKNOWN                                 S0002598","UNKNOWN S0002598"
"YDR233C","YDR233C","Unknown",12,"YDR233C              UNKNOWN                                 UNKNOWN                                 S0002641","UNKNOWN S0002641"
"YDR255C","YDR255C","Unknown",12,"YDR255C              UNKNOWN                                 UNKNOWN                                 S0002663","UNKNOWN S0002663"
"YDR286C","YDR286C","Unknown",12,"YDR286C              UNKNOWN                                 UNKNOWN                                 S0002694","UNKNOWN S0002694"
"YDR287W","YDR287W","Unknown",12,"YDR287W              UNKNOWN                                 UNKNOWN; SIMILAR TO INOSITOL MONOPHOSPHAS0002695","UNKNOWN; SIMILAR TO INOSITOL MONOPHOSPHAS0002695"
"YDR324C","YDR324C","Unknown",12,"YDR324C              UNKNOWN                                 UNKNOWN; SIMILAR TO G-PROTEIN BETA SUBUNS0002732","UNKNOWN; SIMILAR TO G-PROTEIN BETA SUBUNS0002732"
"YDR339C","YDR339C","Unknown",12,"YDR339C              UNKNOWN                                 UNKNOWN                                 S0002747","UNKNOWN S0002747"
"YDR346C","YDR346C","Unknown",12,"YDR346C              UNKNOWN                                 UNKNOWN                                 S0002754","UNKNOWN S0002754"
"YDR358W","YDR358W","Unknown",12,"YDR358W              UNKNOWN                                 UNKNOWN                                 S0002766","UNKNOWN S0002766"
"YDR361C","YDR361C","Unknown",12,"YDR361C              UNKNOWN                                 UNKNOWN                                 S0002769","UNKNOWN S0002769"
"YDR365C","YDR365C","Unknown",12,"YDR365C              UNKNOWN                                 UNKNOWN                                 S0002773","UNKNOWN S0002773"
"YDR380W","YDR380W","Unknown",12,"YDR380W              UNKNOWN                                 UNKNOWN; SIMILAR TO PYRUVATE DECARBOXYLAS0002788","UNKNOWN; SIMILAR TO PYRUVATE DECARBOXYLAS0002788"
"YDR398W","YDR398W","Unknown",12,"YDR398W              UNKNOWN                                 UNKNOWN                                 S0002806","UNKNOWN S0002806"
"YDR412W","YDR412W","Unknown",12,"YDR412W              UNKNOWN                                 UNKNOWN                                 S0002820","UNKNOWN S0002820"
"YDR413C","YDR413C","Unknown",12,"YDR413C              UNKNOWN                                 UNKNOWN                                 S0002821","UNKNOWN S0002821"
"YDR417C","YDR417C","Unknown",12,"YDR417C              UNKNOWN                                 UNKNOWN                                 S0002825","UNKNOWN S0002825"
"YDR449C","YDR449C","Unknown",12,"YDR449C              UNKNOWN                                 UNKNOWN                                 S0002857","UNKNOWN S0002857"
"YDR453C","YDR453C","Unknown",12,"YDR453C              UNKNOWN                                 UNKNOWN; SIMILAR TO TSA1P               S0002861","UNKNOWN; SIMILAR TO TSA1P S0002861"
"YDR474C","YDR474C","Unknown",12,"YDR474C              UNKNOWN                                 UNKNOWN                                 S0002882","UNKNOWN S0002882"
"YDR496C","YDR496C","Unknown",12,"YDR496C              UNKNOWN                                 UNKNOWN                                 S0002904","UNKNOWN S0002904"
"YDR512C","YDR512C","Unknown",12,"YDR512C              UNKNOWN                                 UNKNOWN                                 S0002920","UNKNOWN S0002920"
"YDR516C","YDR516C","Unknown",12,"YDR516C              UNKNOWN                                 UNKNOWN; SIMILAR TO GLK1P               S0002924","UNKNOWN; SIMILAR TO GLK1P S0002924"
"YDR533C","YDR533C","Unknown",12,"YDR533C              UNKNOWN                                 UNKNOWN                                 S0002941","UNKNOWN S0002941"
"YER006W","YER006W","Unknown",12,"YER006W              UNKNOWN                                 UNKNOWN; SIMILAR TO MOUSE MMR1P PROTEIN S0000808","UNKNOWN; SIMILAR TO MOUSE MMR1P PROTEIN S0000808"
"YER035W","YER035W","Unknown",12,"YER035W              UNKNOWN                                 UNKNOWN                                 S0000837","UNKNOWN S0000837"
"YER036C","YER036C","Unknown",12,"YER036C              UNKNOWN                                 UNKNOWN; SIMILAR TO MEMBERS OF THE ATP-BS0000838","UNKNOWN; SIMILAR TO MEMBERS OF THE ATP-BS0000838"
"YER037W","YER037W","Unknown",12,"YER037W              UNKNOWN                                 UNKNOWN                                 S0000839","UNKNOWN S0000839"
"YER038C","YER038C","Unknown",12,"YER038C              UNKNOWN                                 UNKNOWN                                 S0000840","UNKNOWN S0000840"
"YER049W","YER049W","Unknown",12,"YER049W              UNKNOWN                                 UNKNOWN                                 S0000851","UNKNOWN S0000851"
"YER079W","YER079W","Unknown",12,"YER079W              UNKNOWN                                 UNKNOWN                                 S0000881","UNKNOWN S0000881"
"YER082C","YER082C","Unknown",12,"YER082C              UNKNOWN                                 UNKNOWN                                 S0000884","UNKNOWN S0000884"
"YER119C","YER119C","Unknown",12,"YER119C              UNKNOWN                                 UNKNOWN; SIMILAR TO MEMBERS OF THE MAJORS0000921","UNKNOWN; SIMILAR TO MEMBERS OF THE MAJORS0000921"
"YER126C","YER126C","Unknown",12,"YER126C              UNKNOWN                                 UNKNOWN                                 S0000928","UNKNOWN S0000928"
"YER158C","YER158C","Unknown",12,"YER158C              UNKNOWN                                 UNKNOWN; SIMILAR TO AFR1P               S0000960","UNKNOWN; SIMILAR TO AFR1P S0000960"
"YFL023W","YFL023W","Unknown",12,"YFL023W              UNKNOWN                                 UNKNOWN                                 S0001871","UNKNOWN S0001871"
"YFL044C","YFL044C","Unknown",12,"YFL044C              UNKNOWN                                 UNKNOWN                                 S0001850","UNKNOWN S0001850"
"YFR001W","YFR001W","Unknown",12,"YFR001W              UNKNOWN                                 UNKNOWN; SIMILAR TO S.POMBE PAD1 PROTEINS0001897","UNKNOWN; SIMILAR TO S.POMBE PAD1 PROTEINS0001897"
"YGL010W","YGL010W","Unknown",12,"YGL010W              UNKNOWN                                 UNKNOWN                                 S0002978","UNKNOWN S0002978"
"YGL037C","YGL037C","Unknown",12,"YGL037C              UNKNOWN                                 UNKNOWN                                 S0003005","UNKNOWN S0003005"
"YGL059W","YGL059W","Unknown",12,"YGL059W              UNKNOWN                                 UNKNOWN; SIMILAR TO RAT BRANCHED-CHAIN AS0003027","UNKNOWN; SIMILAR TO RAT BRANCHED-CHAIN AS0003027"
"YGL096W","YGL096W","Unknown",12,"YGL096W              UNKNOWN                                 UNKNOWN; SIMILAR TO CUP9P               S0003064","UNKNOWN; SIMILAR TO CUP9P S0003064"
"YGL099W","YGL099W","Unknown",12,"YGL099W              UNKNOWN                                 UNKNOWN; SIMILAR TO HUMAN POSSIBLE GTP-BS0003067","UNKNOWN; SIMILAR TO HUMAN POSSIBLE GTP-BS0003067"
"YGL102C","YGL102C","Unknown",12,"YGL102C              UNKNOWN                                 UNKNOWN                                 S0003070","UNKNOWN S0003070"
"YGL111W","YGL111W","Unknown",12,"YGL111W              UNKNOWN                                 UNKNOWN                                 S0003079","UNKNOWN S0003079"
"YGL121C","YGL121C","Unknown",12,"YGL121C              UNKNOWN                                 UNKNOWN                                 S0003089","UNKNOWN S0003089"
"YNL160W","YGP1","Unknown",12,"YNL160W   YGP1       DIAUXIC SHIFT                           UNKNOWN; RESPONSE TO NUTRIENT LIMITATIONS0005104","DIAUXIC SHIFT UNKNOWN; RESPONSE TO NUTRIENT LIMITATIONS0005104"
"YGR043C","YGR043C","Unknown",12,"YGR043C              UNKNOWN                                 UNKNOWN; SIMILAR TO TAL1P               S0003275","UNKNOWN; SIMILAR TO TAL1P S0003275"
"YGR054W","YGR054W","Unknown",12,"YGR054W              UNKNOWN                                 UNKNOWN; SIMILAR TO C. ELEGANS C14B9.6 PS0003286","UNKNOWN; SIMILAR TO C. ELEGANS C14B9.6 PS0003286"
"YGR081C","YGR081C","Unknown",12,"YGR081C              UNKNOWN                                 UNKNOWN; SIMILAR TO CHICKEN MYOSIN HEAVYS0003313","UNKNOWN; SIMILAR TO CHICKEN MYOSIN HEAVYS0003313"
"YGR103W","YGR103W","Unknown",12,"YGR103W              UNKNOWN                                 UNKNOWN                                 S0003335","UNKNOWN S0003335"
"YGR127W","YGR127W","Unknown",12,"YGR127W              UNKNOWN                                 UNKNOWN; SIMILAR TO MOUSE T10 PROTEIN PIS0003359","UNKNOWN; SIMILAR TO MOUSE T10 PROTEIN PIS0003359"
"YGR128C","YGR128C","Unknown",12,"YGR128C              UNKNOWN                                 UNKNOWN; SIMILAR TO HAEMOPHILUS GLUTAMATS0003360","UNKNOWN; SIMILAR TO HAEMOPHILUS GLUTAMATS0003360"
"YGR145W","YGR145W","Unknown",12,"YGR145W              UNKNOWN                                 UNKNOWN; SIMILAR TO MESA GENE OF PLASMODS0003377","UNKNOWN; SIMILAR TO MESA GENE OF PLASMODS0003377"
"YGR149W","YGR149W","Unknown",12,"YGR149W              UNKNOWN                                 UNKNOWN; SIMILAR TO HYPOTHETICAL PROTEINS0003381","UNKNOWN; SIMILAR TO HYPOTHETICAL PROTEINS0003381"
"YGR151C","YGR151C","Unknown",12,"YGR151C              UNKNOWN                                 UNKNOWN                                 S0003383","UNKNOWN S0003383"
"YGR160W","YGR160W","Unknown",12,"YGR160W              UNKNOWN                                 UNKNOWN                                 S0003392","UNKNOWN S0003392"
"YGR161C","YGR161C","Unknown",12,"YGR161C              UNKNOWN                                 UNKNOWN                                 S0003393","UNKNOWN S0003393"
"YGR173W","YGR173W","Unknown",12,"YGR173W              UNKNOWN                                 UNKNOWN; SIMILAR TO HUMAN GTP-BINDING PRS0003405","UNKNOWN; SIMILAR TO HUMAN GTP-BINDING PRS0003405"
"YGR200C","YGR200C","Unknown",12,"YGR200C              UNKNOWN                                 UNKNOWN                                 S0003432","UNKNOWN S0003432"
"YGR228W","YGR228W","Unknown",12,"YGR228W              UNKNOWN                                 UNKNOWN                                 S0003460","UNKNOWN S0003460"
"YGR237C","YGR237C","Unknown",12,"YGR237C              UNKNOWN                                 UNKNOWN                                 S0003469","UNKNOWN S0003469"
"YGR245C","YGR245C","Unknown",12,"YGR245C              UNKNOWN                                 UNKNOWN                                 S0003477","UNKNOWN S0003477"
"YGR250C","YGR250C","Unknown",12,"YGR250C              UNKNOWN                                 UNKNOWN                                 S0003482","UNKNOWN S0003482"
"YGR251W","YGR251W","Unknown",12,"YGR251W              UNKNOWN                                 UNKNOWN                                 S0003483","UNKNOWN S0003483"
"YGR265W","YGR265W","Unknown",12,"YGR265W              UNKNOWN                                 UNKNOWN                                 S0003497","UNKNOWN S0003497"
"YGR272C","YGR272C","Unknown",12,"YGR272C              UNKNOWN                                 UNKNOWN                                 S0003504","UNKNOWN S0003504"
"YGR280C","YGR280C","Unknown",12,"YGR280C              UNKNOWN                                 UNKNOWN                                 S0003512","UNKNOWN S0003512"
"YGR283C","YGR283C","Unknown",12,"YGR283C              UNKNOWN                                 UNKNOWN                                 S0003515","UNKNOWN S0003515"
"YHL013C","YHL013C","Unknown",12,"YHL013C              UNKNOWN                                 UNKNOWN                                 S0001005","UNKNOWN S0001005"
"YHL021C","YHL021C","Unknown",12,"YHL021C              UNKNOWN                                 UNKNOWN                                 S0001013","UNKNOWN S0001013"
"YHL039W","YHL039W","Unknown",12,"YHL039W              UNKNOWN                                 UNKNOWN                                 S0001031","UNKNOWN S0001031"
"YHR052W","YHR052W","Unknown",12,"YHR052W              UNKNOWN                                 UNKNOWN                                 S0001094","UNKNOWN S0001094"
"YHR087W","YHR087W","Unknown",12,"YHR087W              UNKNOWN                                 UNKNOWN                                 S0001129","UNKNOWN S0001129"
"YHR088W","YHR088W","Unknown",12,"YHR088W              UNKNOWN                                 UNKNOWN                                 S0001130","UNKNOWN S0001130"
"YHR097C","YHR097C","Unknown",12,"YHR097C              UNKNOWN                                 UNKNOWN                                 S0001139","UNKNOWN S0001139"
"YHR112C","YHR112C","Unknown",12,"YHR112C              UNKNOWN                                 UNKNOWN; SIMILAR TO CYSTATHIONINE GAMMA-S0001154","UNKNOWN; SIMILAR TO CYSTATHIONINE GAMMA-S0001154"
"YHR133C","YHR133C","Unknown",12,"YHR133C              UNKNOWN                                 UNKNOWN                                 S0001175","UNKNOWN S0001175"
"YHR138C","YHR138C","Unknown",12,"YHR138C              UNKNOWN                                 UNKNOWN                                 S0001180","UNKNOWN S0001180"
"YHR196W","YHR196W","Unknown",12,"YHR196W              UNKNOWN                                 UNKNOWN                                 S0001239","UNKNOWN S0001239"
"YHR197W","YHR197W","Unknown",12,"YHR197W              UNKNOWN                                 UNKNOWN                                 S0001240","UNKNOWN S0001240"
"YIL019W","YIL019W","Unknown",12,"YIL019W              UNKNOWN                                 UNKNOWN                                 S0001281","UNKNOWN S0001281"
"YIL079C","YIL079C","Unknown",12,"YIL079C              UNKNOWN                                 UNKNOWN; SIMILAR TO GAG POLYPROTEIN     S0001341","UNKNOWN; SIMILAR TO GAG POLYPROTEIN S0001341"
"YIL096C","YIL096C","Unknown",12,"YIL096C              UNKNOWN                                 UNKNOWN                                 S0001358","UNKNOWN S0001358"
"YIL097W","YIL097W","Unknown",12,"YIL097W              UNKNOWN                                 UNKNOWN                                 S0001359","UNKNOWN S0001359"
"YIL104C","YIL104C","Unknown",12,"YIL104C              UNKNOWN                                 UNKNOWN                                 S0001366","UNKNOWN S0001366"
"YIL110W","YIL110W","Unknown",12,"YIL110W              UNKNOWN                                 UNKNOWN                                 S0001372","UNKNOWN S0001372"
"YIL124W","YIL124W","Unknown",12,"YIL124W              UNKNOWN                                 UNKNOWN; SIMILAR TO INSECT-TYPE ALCOHOL/S0001386","UNKNOWN; SIMILAR TO INSECT-TYPE ALCOHOL/S0001386"
"YIL127C","YIL127C","Unknown",12,"YIL127C              UNKNOWN                                 UNKNOWN                                 S0001389","UNKNOWN S0001389"
"YJL015C","YJL015C","Unknown",12,"YJL015C              UNKNOWN                                 UNKNOWN                                 S0003552","UNKNOWN S0003552"
"YJL017W","YJL017W","Unknown",12,"YJL017W              UNKNOWN                                 UNKNOWN                                 S0003554","UNKNOWN S0003554"
"YJL021C","YJL021C","Unknown",12,"YJL021C              UNKNOWN                                 UNKNOWN                                 S0003558","UNKNOWN S0003558"
"YJL048C","YJL048C","Unknown",12,"YJL048C              UNKNOWN                                 UNKNOWN                                 S0003584","UNKNOWN S0003584"
"YJL066C","YJL066C","Unknown",12,"YJL066C              UNKNOWN                                 UNKNOWN                                 S0003602","UNKNOWN S0003602"
"YJL068C","YJL068C","Unknown",12,"YJL068C              UNKNOWN                                 UNKNOWN; SIMILAR TO HUMAN ESTERASE D    S0003604","UNKNOWN; SIMILAR TO HUMAN ESTERASE D S0003604"
"YJL069C","YJL069C","Unknown",12,"YJL069C              UNKNOWN                                 UNKNOWN                                 S0003605","UNKNOWN S0003605"
"YJL109C","YJL109C","Unknown",12,"YJL109C              UNKNOWN                                 UNKNOWN                                 S0003645","UNKNOWN S0003645"
"YJL122W","YJL122W","Unknown",12,"YJL122W              UNKNOWN                                 UNKNOWN                                 S0003658","UNKNOWN S0003658"
"YJL132W","YJL132W","Unknown",12,"YJL132W              UNKNOWN                                 UNKNOWN; SIMILAR TO PHOSPHOLIPASE D     S0003668","UNKNOWN; SIMILAR TO PHOSPHOLIPASE D S0003668"
"YJL142C","YJL142C","Unknown",12,"YJL142C              UNKNOWN                                 UNKNOWN                                 S0003678","UNKNOWN S0003678"
"YJL144W","YJL144W","Unknown",12,"YJL144W              UNKNOWN                                 UNKNOWN                                 S0003680","UNKNOWN S0003680"
"YJL161W","YJL161W","Unknown",12,"YJL161W              UNKNOWN                                 UNKNOWN                                 S0003697","UNKNOWN S0003697"
"YJL188C","YJL188C","Unknown",12,"YJL188C              UNKNOWN                                 UNKNOWN                                 S0003724","UNKNOWN S0003724"
"YJR003C","YJR003C","Unknown",12,"YJR003C              UNKNOWN                                 UNKNOWN; SIMILAR TO HUMAN COLLAGEN ALPHAS0003763","UNKNOWN; SIMILAR TO HUMAN COLLAGEN ALPHAS0003763"
"YJR008W","YJR008W","Unknown",12,"YJR008W              UNKNOWN                                 UNKNOWN                                 S0003768","UNKNOWN S0003768"
"YJR014W","YJR014W","Unknown",12,"YJR014W              UNKNOWN                                 UNKNOWN                                 S0003775","UNKNOWN S0003775"
"YJR041C","YJR041C","Unknown",12,"YJR041C              UNKNOWN                                 UNKNOWN; SIMILAR TO PODOSPORA ANSERINA NS0003802","UNKNOWN; SIMILAR TO PODOSPORA ANSERINA NS0003802"
"YJR070C","YJR070C","Unknown",12,"YJR070C              UNKNOWN                                 UNKNOWN                                 S0003831","UNKNOWN S0003831"
"YJR071W","YJR071W","Unknown",12,"YJR071W              UNKNOWN                                 UNKNOWN                                 S0003832","UNKNOWN S0003832"
"YJR096W","YJR096W","Unknown",12,"YJR096W              UNKNOWN                                 UNKNOWN; SIMILAR TO ALDOLASE REDUCTASE  S0003857","UNKNOWN; SIMILAR TO ALDOLASE REDUCTASE S0003857"
"YJR124C","YJR124C","Unknown",12,"YJR124C              UNKNOWN                                 UNKNOWN; SIMILAR TO MULTIDRUG RESISTANCES0003885","UNKNOWN; SIMILAR TO MULTIDRUG RESISTANCES0003885"
"YKL026C","YKL026C","Unknown",12,"YKL026C              UNKNOWN                                 UNKNOWN; SIMILAR TO HYR1P, YBR244P, AND S0001509","UNKNOWN; SIMILAR TO HYR1P, YBR244P, AND S0001509"
"YKL056C","YKL056C","Unknown",12,"YKL056C              UNKNOWN                                 UNKNOWN                                 S0001539","UNKNOWN S0001539"
"YKL082C","YKL082C","Unknown",12,"YKL082C              UNKNOWN                                 UNKNOWN                                 S0001565","UNKNOWN S0001565"
"YKL091C","YKL091C","Unknown",12,"YKL091C              UNKNOWN                                 UNKNOWN; SIMILAR TO SEC14P              S0001574","UNKNOWN; SIMILAR TO SEC14P S0001574"
"YKL099C","YKL099C","Unknown",12,"YKL099C              UNKNOWN                                 UNKNOWN; SIMILAR TO HUMAN KINESIN HEAVY S0001582","UNKNOWN; SIMILAR TO HUMAN KINESIN HEAVY S0001582"
"YKL100C","YKL100C","Unknown",12,"YKL100C              UNKNOWN                                 UNKNOWN                                 S0001583","UNKNOWN S0001583"
"YKL121W","YKL121W","Unknown",12,"YKL121W              UNKNOWN                                 UNKNOWN                                 S0001604","UNKNOWN S0001604"
"YKL133C","YKL133C","Unknown",12,"YKL133C              UNKNOWN                                 UNKNOWN                                 S0001616","UNKNOWN S0001616"
"YKL151C","YKL151C","Unknown",12,"YKL151C              UNKNOWN                                 UNKNOWN                                 S0001634","UNKNOWN S0001634"
"YKR011C","YKR011C","Unknown",12,"YKR011C              UNKNOWN                                 UNKNOWN                                 S0001719","UNKNOWN S0001719"
"YKR025W","YKR025W","Unknown",12,"YKR025W              UNKNOWN                                 UNKNOWN                                 S0001733","UNKNOWN S0001733"
"YKR043C","YKR043C","Unknown",12,"YKR043C              UNKNOWN                                 UNKNOWN                                 S0001751","UNKNOWN S0001751"
"YKR049C","YKR049C","Unknown",12,"YKR049C              UNKNOWN                                 UNKNOWN                                 S0001757","UNKNOWN S0001757"
"YKR060W","YKR060W","Unknown",12,"YKR060W              UNKNOWN                                 UNKNOWN                                 S0001768","UNKNOWN S0001768"
"YKR067W","YKR067W","Unknown",12,"YKR067W              UNKNOWN                                 UNKNOWN; SIMILAR TO SCT1P               S0001775","UNKNOWN; SIMILAR TO SCT1P S0001775"
"YKR079C","YKR079C","Unknown",12,"YKR079C              UNKNOWN                                 UNKNOWN                                 S0001787","UNKNOWN S0001787"
"YKR081C","YKR081C","Unknown",12,"YKR081C              UNKNOWN                                 UNKNOWN                                 S0001789","UNKNOWN S0001789"
"YLL020C","YLL020C","Unknown",12,"YLL020C              UNKNOWN                                 UNKNOWN                                 S0003943","UNKNOWN S0003943"
"YLL034C","YLL034C","Unknown",12,"YLL034C              UNKNOWN                                 UNKNOWN; SIMILAR TO MAMMALIAN VALOSIN-COS0003957","UNKNOWN; SIMILAR TO MAMMALIAN VALOSIN-COS0003957"
"YLL035W","YLL035W","Unknown",12,"YLL035W              UNKNOWN                                 UNKNOWN                                 S0003958","UNKNOWN S0003958"
"YLL044W","YLL044W","Unknown",12,"YLL044W              UNKNOWN                                 UNKNOWN                                 S0003967","UNKNOWN S0003967"
"YLR001C","YLR001C","Unknown",12,"YLR001C              UNKNOWN                                 UNKNOWN                                 S0003991","UNKNOWN S0003991"
"YLR002C","YLR002C","Unknown",12,"YLR002C              UNKNOWN                                 UNKNOWN                                 S0003992","UNKNOWN S0003992"
"YLR003C","YLR003C","Unknown",12,"YLR003C              UNKNOWN                                 UNKNOWN                                 S0003993","UNKNOWN S0003993"
"YLR051C","YLR051C","Unknown",12,"YLR051C              UNKNOWN                                 UNKNOWN                                 S0004041","UNKNOWN S0004041"
"YLR062C","YLR062C","Unknown",12,"YLR062C              UNKNOWN                                 UNKNOWN                                 S0004052","UNKNOWN S0004052"
"YLR063W","YLR063W","Unknown",12,"YLR063W              UNKNOWN                                 UNKNOWN                                 S0004053","UNKNOWN S0004053"
"YLR065C","YLR065C","Unknown",12,"YLR065C              UNKNOWN                                 UNKNOWN                                 S0004055","UNKNOWN S0004055"
"YLR073C","YLR073C","Unknown",12,"YLR073C              UNKNOWN                                 UNKNOWN                                 S0004063","UNKNOWN S0004063"
"YLR074C","YLR074C","Unknown",12,"YLR074C              UNKNOWN                                 UNKNOWN                                 S0004064","UNKNOWN S0004064"
"YLR076C","YLR076C","Unknown",12,"YLR076C              UNKNOWN                                 UNKNOWN                                 S0004066","UNKNOWN S0004066"
"YLR080W","YLR080W","Unknown",12,"YLR080W              UNKNOWN                                 UNKNOWN                                 S0004070","UNKNOWN S0004070"
"YLR149C","YLR149C","Unknown",12,"YLR149C              UNKNOWN                                 UNKNOWN                                 S0004139","UNKNOWN S0004139"
"YLR152C","YLR152C","Unknown",12,"YLR152C              UNKNOWN                                 UNKNOWN; SIMILAR TO ECM3P               S0004142","UNKNOWN; SIMILAR TO ECM3P S0004142"
"YLR183C","YLR183C","Unknown",12,"YLR183C              UNKNOWN                                 UNKNOWN                                 S0004173","UNKNOWN S0004173"
"YLR186W","YLR186W","Unknown",12,"YLR186W              UNKNOWN                                 UNKNOWN                                 S0004176","UNKNOWN S0004176"
"YLR198C","YLR198C","Unknown",12,"YLR198C              UNKNOWN                                 UNKNOWN                                 S0004188","UNKNOWN S0004188"
"YLR221C","YLR221C","Unknown",12,"YLR221C              UNKNOWN                                 UNKNOWN                                 S0004211","UNKNOWN S0004211"
"YLR222C","YLR222C","Unknown",12,"YLR222C              UNKNOWN                                 UNKNOWN                                 S0004212","UNKNOWN S0004212"
"YLR243W","YLR243W","Unknown",12,"YLR243W              UNKNOWN                                 UNKNOWN                                 S0004233","UNKNOWN S0004233"
"YLR251W","YLR251W","Unknown",12,"YLR251W              UNKNOWN                                 UNKNOWN; SIMILAR TO MOUSE MPV17 PROTEIN S0004241","UNKNOWN; SIMILAR TO MOUSE MPV17 PROTEIN S0004241"
"YLR252W","YLR252W","Unknown",12,"YLR252W              UNKNOWN                                 UNKNOWN                                 S0004242","UNKNOWN S0004242"
"YLR270W","YLR270W","Unknown",12,"YLR270W              UNKNOWN                                 UNKNOWN                                 S0004260","UNKNOWN S0004260"
"YLR290C","YLR290C","Unknown",12,"YLR290C              UNKNOWN                                 UNKNOWN                                 S0004281","UNKNOWN S0004281"
"YLR312C","YLR312C","Unknown",12,"YLR312C              UNKNOWN                                 UNKNOWN                                 S0004303","UNKNOWN S0004303"
"YLR327C","YLR327C","Unknown",12,"YLR327C              UNKNOWN                                 UNKNOWN; SIMILAR TO STF2P               S0004319","UNKNOWN; SIMILAR TO STF2P S0004319"
"YLR339C","YLR339C","Unknown",12,"YLR339C              UNKNOWN                                 UNKNOWN                                 S0004331","UNKNOWN S0004331"
"YLR345W","YLR345W","Unknown",12,"YLR345W              UNKNOWN                                 UNKNOWN                                 S0004337","UNKNOWN S0004337"
"YLR356W","YLR356W","Unknown",12,"YLR356W              UNKNOWN                                 UNKNOWN; SIMILAR TO SCM4P, POSSIBLE CDC4S0004348","UNKNOWN; SIMILAR TO SCM4P, POSSIBLE CDC4S0004348"
"YLR400W","YLR400W","Unknown",12,"YLR400W              UNKNOWN                                 UNKNOWN                                 S0004392","UNKNOWN S0004392"
"YLR401C","YLR401C","Unknown",12,"YLR401C              UNKNOWN                                 UNKNOWN; SIMILAR TO R. CAPSULATUS PROTEIS0004393","UNKNOWN; SIMILAR TO R. CAPSULATUS PROTEIS0004393"
"YLR405W","YLR405W","Unknown",12,"YLR405W              UNKNOWN                                 UNKNOWN                                 S0004397","UNKNOWN S0004397"
"YLR409C","YLR409C","Unknown",12,"YLR409C              UNKNOWN                                 UNKNOWN                                 S0004401","UNKNOWN S0004401"
"YLR412W","YLR412W","Unknown",12,"YLR412W              UNKNOWN                                 UNKNOWN                                 S0004404","UNKNOWN S0004404"
"YLR413W","YLR413W","Unknown",12,"YLR413W              UNKNOWN                                 UNKNOWN                                 S0004405","UNKNOWN S0004405"
"YLR432W","YLR432W","Unknown",12,"YLR432W              UNKNOWN                                 UNKNOWN; SIMILAR TO PUR5P AND INOSINE-5'S0004424","UNKNOWN; SIMILAR TO PUR5P AND INOSINE-5'S0004424"
"YLR435W","YLR435W","Unknown",12,"YLR435W              UNKNOWN                                 UNKNOWN                                 S0004427","UNKNOWN S0004427"
"YML018C","YML018C","Unknown",12,"YML018C              UNKNOWN                                 UNKNOWN                                 S0004480","UNKNOWN S0004480"
"YML056C","YML056C","Unknown",12,"YML056C              UNKNOWN                                 UNKNOWN; SIMILAR TO INOSINE-5'-MONOPHOSPS0004520","UNKNOWN; SIMILAR TO INOSINE-5'-MONOPHOSPS0004520"
"YML080W","YML080W","Unknown",12,"YML080W              UNKNOWN                                 UNKNOWN; SIMILAR TO AZOSPIRILLUM BRASILES0004545","UNKNOWN; SIMILAR TO AZOSPIRILLUM BRASILES0004545"
"YML082W","YML082W","Unknown",12,"YML082W              UNKNOWN                                 UNKNOWN; SIMILAR TO O-SUCCINYLHOMOSERINES0004547","UNKNOWN; SIMILAR TO O-SUCCINYLHOMOSERINES0004547"
"YML093W","YML093W","Unknown",12,"YML093W              UNKNOWN                                 UNKNOWN                                 S0004558","UNKNOWN S0004558"
"YML128C","YML128C","Unknown",12,"YML128C              UNKNOWN                                 UNKNOWN                                 S0004597","UNKNOWN S0004597"
"YML131W","YML131W","Unknown",12,"YML131W              UNKNOWN                                 UNKNOWN                                 S0004600","UNKNOWN S0004600"
"YMR014W","YMR014W","Unknown",12,"YMR014W              UNKNOWN                                 UNKNOWN                                 S0004616","UNKNOWN S0004616"
"YMR041C","YMR041C","Unknown",12,"YMR041C              UNKNOWN                                 UNKNOWN                                 S0004644","UNKNOWN S0004644"
"YMR049C","YMR049C","Unknown",12,"YMR049C              UNKNOWN                                 UNKNOWN                                 S0004652","UNKNOWN S0004652"
"YMR090W","YMR090W","Unknown",12,"YMR090W              UNKNOWN                                 UNKNOWN; SIMILAR TO MALATE DEHYDROGENASES0004696","UNKNOWN; SIMILAR TO MALATE DEHYDROGENASES0004696"
"YMR093W","YMR093W","Unknown",12,"YMR093W              UNKNOWN                                 UNKNOWN                                 S0004699","UNKNOWN S0004699"
"YMR110C","YMR110C","Unknown",12,"YMR110C              UNKNOWN                                 UNKNOWN; SIMILAR TO ALDEHYDE DEHYDROGENAS0004716","UNKNOWN; SIMILAR TO ALDEHYDE DEHYDROGENAS0004716"
"YMR131C","YMR131C","Unknown",12,"YMR131C              UNKNOWN                                 UNKNOWN                                 S0004738","UNKNOWN S0004738"
"YMR181C","YMR181C","Unknown",12,"YMR181C              UNKNOWN                                 UNKNOWN                                 S0004793","UNKNOWN S0004793"
"YMR196W","YMR196W","Unknown",12,"YMR196W              UNKNOWN                                 UNKNOWN                                 S0004809","UNKNOWN S0004809"
"YMR212C","YMR212C","Unknown",12,"YMR212C              UNKNOWN                                 UNKNOWN; SIMILAR TO MYOSIN HEAVY CHAINS S0004825","UNKNOWN; SIMILAR TO MYOSIN HEAVY CHAINS S0004825"
"YMR215W","YMR215W","Unknown",12,"YMR215W              UNKNOWN                                 UNKNOWN; SIMILAR TO GAS1P               S0004828","UNKNOWN; SIMILAR TO GAS1P S0004828"
"YMR250W","YMR250W","Unknown",12,"YMR250W              UNKNOWN                                 UNKNOWN; SIMILAR TO GLUTAMATE DECARBOXYLS0004862","UNKNOWN; SIMILAR TO GLUTAMATE DECARBOXYLS0004862"
"YMR251W","YMR251W","Unknown",12,"YMR251W              UNKNOWN                                 UNKNOWN                                 S0004863","UNKNOWN S0004863"
"YMR269W","YMR269W","Unknown",12,"YMR269W              UNKNOWN                                 UNKNOWN                                 S0004882","UNKNOWN S0004882"
"YMR291W","YMR291W","Unknown",12,"YMR291W              UNKNOWN                                 UNKNOWN                                 S0004905","UNKNOWN S0004905"
"YMR310C","YMR310C","Unknown",12,"YMR310C              UNKNOWN                                 UNKNOWN                                 S0004927","UNKNOWN S0004927"
"YMR315W","YMR315W","Unknown",12,"YMR315W              UNKNOWN                                 UNKNOWN                                 S0004932","UNKNOWN S0004932"
"YMR321C","YMR321C","Unknown",12,"YMR321C              UNKNOWN                                 UNKNOWN                                 S0004940","UNKNOWN S0004940"
"YNL010W","YNL010W","Unknown",12,"YNL010W              UNKNOWN                                 UNKNOWN                                 S0004955","UNKNOWN S0004955"
"YNL022C","YNL022C","Unknown",12,"YNL022C              UNKNOWN                                 UNKNOWN                                 S0004967","UNKNOWN S0004967"
"YNL110C","YNL110C","Unknown",12,"YNL110C              UNKNOWN                                 UNKNOWN                                 S0005054","UNKNOWN S0005054"
"YNL114C","YNL114C","Unknown",12,"YNL114C              UNKNOWN                                 UNKNOWN                                 S0005058","UNKNOWN S0005058"
"YNL115C","YNL115C","Unknown",12,"YNL115C              UNKNOWN                                 UNKNOWN                                 S0005059","UNKNOWN S0005059"
"YNL119W","YNL119W","Unknown",12,"YNL119W              UNKNOWN                                 UNKNOWN                                 S0005063","UNKNOWN S0005063"
"YNL120C","YNL120C","Unknown",12,"YNL120C              UNKNOWN                                 UNKNOWN                                 S0005064","UNKNOWN S0005064"
"YNL124W","YNL124W","Unknown",12,"YNL124W              UNKNOWN                                 UNKNOWN                                 S0005068","UNKNOWN S0005068"
"YNL132W","YNL132W","Unknown",12,"YNL132W              UNKNOWN                                 UNKNOWN; SIMILAR TO ACHLYA AMBISEXUALIS S0005076","UNKNOWN; SIMILAR TO ACHLYA AMBISEXUALIS S0005076"
"YNL174W","YNL174W","Unknown",12,"YNL174W              UNKNOWN                                 UNKNOWN                                 S0005118","UNKNOWN S0005118"
"YNL175C","YNL175C","Unknown",12,"YNL175C              UNKNOWN                                 UNKNOWN; SIMILAR TO NSR1P, HAS TWO RNA RS0005119","UNKNOWN; SIMILAR TO NSR1P, HAS TWO RNA RS0005119"
"YNL182C","YNL182C","Unknown",12,"YNL182C              UNKNOWN                                 UNKNOWN                                 S0005126","UNKNOWN S0005126"
"YNL194C","YNL194C","Unknown",12,"YNL194C              UNKNOWN                                 UNKNOWN; SIMILAR TO SUR7P               S0005138","UNKNOWN; SIMILAR TO SUR7P S0005138"
"YNL195C","YNL195C","Unknown",12,"YNL195C              UNKNOWN                                 UNKNOWN                                 S0005139","UNKNOWN S0005139"
"YNL200C","YNL200C","Unknown",12,"YNL200C              UNKNOWN                                 UNKNOWN                                 S0005144","UNKNOWN S0005144"
"YNL208W","YNL208W","Unknown",12,"YNL208W              UNKNOWN                                 UNKNOWN                                 S0005152","UNKNOWN S0005152"
"YNL228W","YNL228W","Unknown",12,"YNL228W              UNKNOWN                                 UNKNOWN                                 S0005172","UNKNOWN S0005172"
"YNL256W","YNL256W","Unknown",12,"YNL256W              UNKNOWN                                 UNKNOWN                                 S0005200","UNKNOWN S0005200"
"YNL303W","YNL303W","Unknown",12,"YNL303W              UNKNOWN                                 UNKNOWN                                 S0005247","UNKNOWN S0005247"
"YNL305C","YNL305C","Unknown",12,"YNL305C              UNKNOWN                                 UNKNOWN; SIMILAR TO ASPERGILLUS NIDULANSS0005249","UNKNOWN; SIMILAR TO ASPERGILLUS NIDULANSS0005249"
"YNL308C","YNL308C","Unknown",12,"YNL308C              UNKNOWN                                 UNKNOWN; SIMILAR TO MGM1P               S0005252","UNKNOWN; SIMILAR TO MGM1P S0005252"
"YNL313C","YNL313C","Unknown",12,"YNL313C              UNKNOWN                                 UNKNOWN                                 S0005257","UNKNOWN S0005257"
"YNR009W","YNR009W","Unknown",12,"YNR009W              UNKNOWN                                 UNKNOWN                                 S0005292","UNKNOWN S0005292"
"YNR024W","YNR024W","Unknown",12,"YNR024W              UNKNOWN                                 UNKNOWN                                 S0005307","UNKNOWN S0005307"
"YNR053C","YNR053C","Unknown",12,"YNR053C              UNKNOWN                                 UNKNOWN; SIMILAR TO HUMAN BREAST TUMOR-AS0005336","UNKNOWN; SIMILAR TO HUMAN BREAST TUMOR-AS0005336"
"YNR054C","YNR054C","Unknown",12,"YNR054C              UNKNOWN                                 UNKNOWN                                 S0005337","UNKNOWN S0005337"
"YOL022C","YOL022C","Unknown",12,"YOL022C              UNKNOWN                                 UNKNOWN                                 S0005382","UNKNOWN S0005382"
"YOL041C","YOL041C","Unknown",12,"YOL041C              UNKNOWN                                 UNKNOWN                                 S0005401","UNKNOWN S0005401"
"YOL048C","YOL048C","Unknown",12,"YOL048C              UNKNOWN                                 UNKNOWN                                 S0005408","UNKNOWN S0005408"
"YOL077C","YOL077C","Unknown",12,"YOL077C              UNKNOWN                                 UNKNOWN; SIMILAR TO C. ELEGANS KQ2H4.3 PS0005437","UNKNOWN; SIMILAR TO C. ELEGANS KQ2H4.3 PS0005437"
"YOL082W","YOL082W","Unknown",12,"YOL082W              UNKNOWN                                 UNKNOWN                                 S0005442","UNKNOWN S0005442"
"YOL083W","YOL083W","Unknown",12,"YOL083W              UNKNOWN                                 UNKNOWN                                 S0005443","UNKNOWN S0005443"
"YOL124C","YOL124C","Unknown",12,"YOL124C              UNKNOWN                                 UNKNOWN                                 S0005484","UNKNOWN S0005484"
"YOL150C","YOL150C","Unknown",12,"YOL150C              UNKNOWN                                 UNKNOWN                                 S0005510","UNKNOWN S0005510"
"YOL153C","YOL153C","Unknown",12,"YOL153C              UNKNOWN                                 UNKNOWN                                 S0005513","UNKNOWN S0005513"
"YOR004W","YOR004W","Unknown",12,"YOR004W              UNKNOWN                                 UNKNOWN                                 S0005530","UNKNOWN S0005530"
"YOR021C","YOR021C","Unknown",12,"YOR021C              UNKNOWN                                 UNKNOWN                                 S0005547","UNKNOWN S0005547"
"YOR052C","YOR052C","Unknown",12,"YOR052C              UNKNOWN                                 UNKNOWN                                 S0005578","UNKNOWN S0005578"
"YOR145C","YOR145C","Unknown",12,"YOR145C              UNKNOWN                                 UNKNOWN                                 S0005671","UNKNOWN S0005671"
"YOR146W","YOR146W","Unknown",12,"YOR146W              UNKNOWN                                 UNKNOWN                                 S0005672","UNKNOWN S0005672"
"YOR152C","YOR152C","Unknown",12,"YOR152C              UNKNOWN                                 UNKNOWN                                 S0005678","UNKNOWN S0005678"
"YOR161C","YOR161C","Unknown",12,"YOR161C              UNKNOWN                                 UNKNOWN                                 S0005687","UNKNOWN S0005687"
"YOR169C","YOR169C","Unknown",12,"YOR169C              UNKNOWN                                 UNKNOWN                                 S0005695","UNKNOWN S0005695"
"YOR173W","YOR173W","Unknown",12,"YOR173W              UNKNOWN                                 UNKNOWN                                 S0005699","UNKNOWN S0005699"
"YOR206W","YOR206W","Unknown",12,"YOR206W              UNKNOWN                                 UNKNOWN                                 S0005732","UNKNOWN S0005732"
"YOR220W","YOR220W","Unknown",12,"YOR220W              UNKNOWN                                 UNKNOWN                                 S0005746","UNKNOWN S0005746"
"YOR243C","YOR243C","Unknown",12,"YOR243C              UNKNOWN                                 UNKNOWN                                 S0005769","UNKNOWN S0005769"
"YOR252W","YOR252W","Unknown",12,"YOR252W              UNKNOWN                                 UNKNOWN                                 S0005778","UNKNOWN S0005778"
"YOR253W","YOR253W","Unknown",12,"YOR253W              UNKNOWN                                 UNKNOWN                                 S0005779","UNKNOWN S0005779"
"YOR271C","YOR271C","Unknown",12,"YOR271C              UNKNOWN                                 UNKNOWN; SIMILAR TO RAT TRICARBOXYLATE CS0005797","UNKNOWN; SIMILAR TO RAT TRICARBOXYLATE CS0005797"
"YOR277C","YOR277C","Unknown",12,"YOR277C              UNKNOWN                                 UNKNOWN                                 S0005803","UNKNOWN S0005803"
"YOR285W","YOR285W","Unknown",12,"YOR285W              UNKNOWN                                 UNKNOWN; SIMILAR TO DROSOPHILA MELANOGASS0005811","UNKNOWN; SIMILAR TO DROSOPHILA MELANOGASS0005811"
"YOR287C","YOR287C","Unknown",12,"YOR287C              UNKNOWN                                 UNKNOWN; SIMILAR TO PITSLRE PROTEIN KINAS0005813","UNKNOWN; SIMILAR TO PITSLRE PROTEIN KINAS0005813"
"YOR289W","YOR289W","Unknown",12,"YOR289W              UNKNOWN                                 UNKNOWN                                 S0005815","UNKNOWN S0005815"
"YOR309C","YOR309C","Unknown",12,"YOR309C              UNKNOWN                                 UNKNOWN                                 S0005836","UNKNOWN S0005836"
"YPL004C","YPL004C","Unknown",12,"YPL004C              UNKNOWN                                 UNKNOWN; SIMILAR TO TROPOMYOSIN         S0005925","UNKNOWN; SIMILAR TO TROPOMYOSIN S0005925"
"YPL044C","YPL044C","Unknown",12,"YPL044C              UNKNOWN                                 UNKNOWN                                 S0005965","UNKNOWN S0005965"
"YPL087W","YPL087W","Unknown",12,"YPL087W              UNKNOWN                                 UNKNOWN; SIMILAR TO YBR183P             S0006008","UNKNOWN; SIMILAR TO YBR183P S0006008"
"YPL142C","YPL142C","Unknown",12,"YPL142C              UNKNOWN                                 UNKNOWN                                 S0006063","UNKNOWN S0006063"
"YPL146C","YPL146C","Unknown",12,"YPL146C              UNKNOWN                                 UNKNOWN                                 S0006067","UNKNOWN S0006067"
"YPL165C","YPL165C","Unknown",12,"YPL165C              UNKNOWN                                 UNKNOWN                                 S0006086","UNKNOWN S0006086"
"YPL166W","YPL166W","Unknown",12,"YPL166W              UNKNOWN                                 UNKNOWN                                 S0006087","UNKNOWN S0006087"
"YPL183C","YPL183C","Unknown",12,"YPL183C              UNKNOWN                                 UNKNOWN                                 S0006104","UNKNOWN S0006104"
"YPL186C","YPL186C","Unknown",12,"YPL186C              UNKNOWN                                 UNKNOWN                                 S0006107","UNKNOWN S0006107"
"YPL196W","YPL196W","Unknown",12,"YPL196W              UNKNOWN                                 UNKNOWN                                 S0006117","UNKNOWN S0006117"
"YPL207W","YPL207W","Unknown",12,"YPL207W              UNKNOWN                                 UNKNOWN                                 S0006128","UNKNOWN S0006128"
"YPL217C","YPL217C","Unknown",12,"YPL217C              UNKNOWN                                 UNKNOWN                                 S0006138","UNKNOWN S0006138"
"YPL226W","YPL226W","Unknown",12,"YPL226W              UNKNOWN                                 UNKNOWN; SIMILAR TO MEMBERS OF THE ATP-BS0006147","UNKNOWN; SIMILAR TO MEMBERS OF THE ATP-BS0006147"
"YPL235W","YPL235W","Unknown",12,"YPL235W              UNKNOWN                                 UNKNOWN                                 S0006156","UNKNOWN S0006156"
"YPL238C","YPL238C","Unknown",12,"YPL238C              UNKNOWN                                 UNKNOWN                                 S0006159","UNKNOWN S0006159"
"YPL245W","YPL245W","Unknown",12,"YPL245W              UNKNOWN                                 UNKNOWN                                 S0006166","UNKNOWN S0006166"
"YPL273W","YPL273W","Unknown",12,"YPL273W              UNKNOWN                                 UNKNOWN                                 S0006194","UNKNOWN S0006194"
"YPR044C","YPR044C","Unknown",12,"YPR044C              UNKNOWN                                 UNKNOWN                                 S0006248","UNKNOWN S0006248"
"YPR098C","YPR098C","Unknown",12,"YPR098C              UNKNOWN                                 UNKNOWN                                 S0006302","UNKNOWN S0006302"
"YDR368W","YPR1","Unknown",12,"YDR368W   YPR1       UNKNOWN                                 UNKNOWN; SIMILAR TO ALDO-KETO REDUCTASESS0002776","UNKNOWN UNKNOWN; SIMILAR TO ALDO-KETO REDUCTASESS0002776"
"YPR112C","YPR112C","Unknown",12,"YPR112C              UNKNOWN                                 UNKNOWN; SIMILAR TO PAB1P, PUB1P, NSR1P,S0006316","UNKNOWN; SIMILAR TO PAB1P, PUB1P, NSR1P,S0006316"
"YPR118W","YPR118W","Unknown",12,"YPR118W              UNKNOWN                                 UNKNOWN                                 S0006322","UNKNOWN S0006322"
"YPR136C","YPR136C","Unknown",12,"YPR136C              UNKNOWN                                 UNKNOWN                                 S0006340","UNKNOWN S0006340"
"YPR137W","YPR137W","Unknown",12,"YPR137W              UNKNOWN                                 UNKNOWN                                 S0006341","UNKNOWN S0006341"
"YPR142C","YPR142C","Unknown",12,"YPR142C              UNKNOWN                                 UNKNOWN                                 S0006346","UNKNOWN S0006346"
"YPR143W","YPR143W","Unknown",12,"YPR143W              UNKNOWN                                 UNKNOWN                                 S0006347","UNKNOWN S0006347"
"YPR150W","YPR150W","Unknown",12,"YPR150W              UNKNOWN                                 UNKNOWN                                 S0006354","UNKNOWN S0006354"
"YPR151C","YPR151C","Unknown",12,"YPR151C              UNKNOWN                                 UNKNOWN                                 S0006355","UNKNOWN S0006355"
"YPR169W","YPR169W","Unknown",12,"YPR169W              UNKNOWN                                 UNKNOWN                                 S0006373","UNKNOWN S0006373"
"YPR184W","YPR184W","Unknown",12,"YPR184W              UNKNOWN                                 UNKNOWN; SIMILAR TO GLYCOGEN DEBRANCHINGS0006388","UNKNOWN; SIMILAR TO GLYCOGEN DEBRANCHINGS0006388"
"YMR243C","ZRC1","Unknown",12,"YMR243C   ZRC1       ZINC AND CADMIUM ION HOMEOSTASIS        UNKNOWN                                 S0004856","ZINC AND CADMIUM ION HOMEOSTASIS UNKNOWN S0004856"
