gene_id,treated_b1,treated_b2,untreated_b1,untreated_b2
gene-KDRO_A02850,4,4,0,1
gene-KDRO_A04150,22,15,16,26
gene-KDRO_A04940,44,49,36,67
gene-KDRO_B02650,2,5,2,3
gene-KDRO_B05790,0,1,1,1
gene-KDRO_B06350,0,0,0,0
gene-KDRO_C01800,117,127,52,46
gene-KDRO_C02880,10718,9613,193,228
gene-KDRO_D00400,19,10,7,18
gene-KDRO_D02850,1,1,0,2
gene-KDRO_D07380,138,97,91,157
gene-KDRO_E00600,0,0,0,1
gene-KDRO_E02810,0,0,2,5
gene-KDRO_E03520,2,0,3,2
gene-KDRO_E04050,0,0,0,0
gene-KDRO_E04190,0,0,0,3
gene-KDRO_E06940,1,1,0,0
gene-KDRO_E07690,0,0,0,0
gene-KDRO_E08030,1205,839,762,636
gene-KDRO_F01520,727,722,370,396
gene-KDRO_F02730,1,1,4,4
gene-KDRO_F03810,14,16,5,11
gene-KDRO_F05460,3,2,0,3
gene-KDRO_F05680,1,0,0,0
gene-KDRO_F08710,0,0,1,0
gene-KLLA0_A00110g,19,18,51,0
gene-KLLA0_A00132g,134,168,53,61
gene-KLLA0_A00143g,0,5,9,7
gene-KLLA0_A00154g,1716,1619,1161,1345
gene-KLLA0_A00176g,31492,25888,39,75
gene-KLLA0_A00198g,362,397,299,374
gene-KLLA0_A00220g,2824,2742,2085,2240
gene-KLLA0_A00242g,344,302,1323,1565
gene-KLLA0_A00264g,5457,5968,4763,5569
gene-KLLA0_A00286g,3071,3018,2083,2453
gene-KLLA0_A00308r,0,0,0,0
gene-KLLA0_A00352g,4703,4181,1100,1298
gene-KLLA0_A00374g,25717,22559,5446,6985
gene-KLLA0_A00396g,1751,1711,1160,1247
gene-KLLA0_A00418g,5545,5494,11786,15022
gene-KLLA0_A00440g,1166,971,812,919
gene-KLLA0_A00462g,936,876,576,615
gene-KLLA0_A00484g,1265,1144,2558,2921
gene-KLLA0_A00506g,105,108,168,215
gene-KLLA0_A00528g,3803,3757,4856,4727
gene-KLLA0_A00539g,117,115,46,80
gene-KLLA0_A00550g,1765,1707,775,966
gene-KLLA0_A00572g,1370,1205,917,1008
gene-KLLA0_A00594g,6114,6089,4260,4615
gene-KLLA0_A00616g,19649,17280,11731,16079
gene-KLLA0_A00638g,1453,1469,1324,1322
gene-KLLA0_A00660g,1094,1066,1116,1128
gene-KLLA0_A00682g,13834,13485,8554,10265
gene-KLLA0_A00715g,1154,1152,833,919
gene-KLLA0_A00737g,3735,3520,2294,2330
gene-KLLA0_A00759g,775,654,599,702
gene-KLLA0_A00781g,1373,1246,661,768
gene-KLLA0_A00803g,681,667,600,707
gene-KLLA0_A00825g,273,252,295,322
gene-KLLA0_A00847g,588,565,389,407
gene-KLLA0_A00869g,2243,2263,1480,1598
gene-KLLA0_A00891g,572,478,364,403
gene-KLLA0_A00913g,521,472,210,275
gene-KLLA0_A00935g,513,494,658,708
gene-KLLA0_A00957g,5969,5813,6051,6653
gene-KLLA0_A00979g,1413,1375,1082,1227
gene-KLLA0_A01001g,11570,11287,8095,9776
gene-KLLA0_A01023g,1817,1775,972,1064
gene-KLLA0_A01045g,1130,909,995,1117
gene-KLLA0_A01067g,1115,980,607,648
gene-KLLA0_A01089g,298,303,176,259
gene-KLLA0_A01111g,738,694,452,505
gene-KLLA0_A01133g,867,793,550,659
gene-KLLA0_A01155g,5225,5098,2537,2864
gene-KLLA0_A01177g,5309,5045,2526,3051
gene-KLLA0_A01199g,46240,41744,17748,19487
gene-KLLA0_A01221g,3215,3126,1658,1902
gene-KLLA0_A01287g,404,279,199,241
gene-KLLA0_A01297g,334,230,207,254
gene-KLLA0_A01309g,47,33,27,35
gene-KLLA0_A01320g,857,869,353,420
gene-KLLA0_A01342g,1805,1712,1795,1376
gene-KLLA0_A01364g,9257,8772,4706,5584
gene-KLLA0_A01386g,884,848,577,756
gene-KLLA0_A01408g,3372,3335,1135,1447
gene-KLLA0_A01430g,1377,1224,665,795
gene-KLLA0_A01452g,7996,7772,6492,7508
gene-KLLA0_A01474g,671,621,490,365
gene-KLLA0_A01496g,403,333,215,233
gene-KLLA0_A01518g,1351,1292,628,798
gene-KLLA0_A01551g,121,110,79,79
gene-KLLA0_A01573g,1175,1217,1311,1453
gene-KLLA0_A01606g,637,647,420,487
gene-KLLA0_A01628g,5182,4934,4788,5291
gene-KLLA0_A01650g,1457,1337,1005,1243
gene-KLLA0_A01672g,803,768,609,659
gene-KLLA0_A01694g,41165,37715,1659,1880
gene-KLLA0_A01738g,13657,12828,15415,18992
gene-KLLA0_A01760g,4369,4305,2009,2023
gene-KLLA0_A01782g,2538,2362,1554,1977
gene-KLLA0_A01804g,1489,1414,875,1054
gene-KLLA0_A01826g,2071,2100,1666,1631
gene-KLLA0_A01848g,153,177,212,289
gene-KLLA0_A01870g,434,415,474,493
gene-KLLA0_A01903g,26215,22639,16751,21651
gene-KLLA0_A01925g,1205,1170,1015,1158
gene-KLLA0_A01947g,1487,1214,730,891
gene-KLLA0_A01969g,992,1016,929,1053
gene-KLLA0_A01991g,4973,4443,2816,3599
gene-KLLA0_A02013g,1561,1688,1028,1271
gene-KLLA0_A02035g,2584,2328,2064,2449
gene-KLLA0_A02042r,0,0,0,0
gene-KLLA0_A02049r,0,0,0,0
gene-KLLA0_A02057g,930,793,643,817
gene-KLLA0_A02079g,226,170,415,480
gene-KLLA0_A02101g,545,482,424,441
gene-KLLA0_A02123g,987,1010,911,999
gene-KLLA0_A02145g,482,438,234,264
gene-KLLA0_A02167g,757,684,512,520
gene-KLLA0_A02189g,1689,1657,1240,1210
gene-KLLA0_A02211g,758,699,589,697
gene-KLLA0_A02233g,5647,5299,1731,2234
gene-KLLA0_A02255g,2083,2050,1041,1176
gene-KLLA0_A02277g,1819,1590,1489,1754
gene-KLLA0_A02299g,160,106,87,148
gene-KLLA0_A02321g,2385,2488,1962,2166
gene-KLLA0_A02343g,3268,3827,2906,3425
gene-KLLA0_A02365g,4047,3732,1546,1854
gene-KLLA0_A02387g,30,20,28,28
gene-KLLA0_A02409r,0,0,0,0
gene-KLLA0_A02431g,196,200,82,109
gene-KLLA0_A02453g,3106,2878,2064,2560
gene-KLLA0_A02475g,3321,2941,2678,3369
gene-KLLA0_A02497g,1584,1581,1007,1216
gene-KLLA0_A02519g,1861,1728,1039,1197
gene-KLLA0_A02541g,2002,1966,1545,1453
gene-KLLA0_A02563g,176,163,85,75
gene-KLLA0_A02585g,1562,1307,780,870
gene-KLLA0_A02607g,37303,33536,17439,21431
gene-KLLA0_A02629g,1424,1324,1809,2045
gene-KLLA0_A02651g,350,395,393,413
gene-KLLA0_A02673g,18964,16937,24957,31782
gene-KLLA0_A02695g,1675,1693,1050,992
gene-KLLA0_A02717g,3244,2872,2261,2407
gene-KLLA0_A02739g,589,556,630,698
gene-KLLA0_A02761g,5382,5114,3451,3571
gene-KLLA0_A02783r,0,0,0,0
gene-KLLA0_A02827g,4832,4513,2169,2651
gene-KLLA0_A02849g,420,430,284,304
gene-KLLA0_A02871g,216,203,138,191
gene-KLLA0_A02893g,3292,2962,2124,2333
gene-KLLA0_A02915g,872,780,912,952
gene-KLLA0_A02937g,828,701,390,505
gene-KLLA0_A02959g,1878,1770,1168,1402
gene-KLLA0_A02981g,636,596,327,369
gene-KLLA0_A03003g,478,440,285,278
gene-KLLA0_A03025g,7473,6341,5092,6690
gene-KLLA0_A03047g,2083,1871,2518,2359
gene-KLLA0_A03069g,1840,1817,1468,1863
gene-KLLA0_A03091g,3214,2912,3025,2880
gene-KLLA0_A03113g,1989,1878,1185,1407
gene-KLLA0_A03135g,759,684,508,658
gene-KLLA0_A03157g,4980,4928,2585,3255
gene-KLLA0_A03179g,937,899,941,1028
gene-KLLA0_A03201g,2661,2316,3382,3513
gene-KLLA0_A03223g,764,819,439,526
gene-KLLA0_A03245g,442,438,505,654
gene-KLLA0_A03267g,910,843,778,885
gene-KLLA0_A03289g,243,243,140,158
gene-KLLA0_A03311g,375,331,292,238
gene-KLLA0_A03333g,1633,1655,1696,1905
gene-KLLA0_A03355g,5848,5792,3798,3997
gene-KLLA0_A03377g,3536,3553,2377,2813
gene-KLLA0_A03399g,1214,1215,650,747
gene-KLLA0_A03421g,1757,1719,1003,1182
gene-KLLA0_A03443g,1652,1701,1772,1947
gene-KLLA0_A03465g,1959,1881,1151,1285
gene-KLLA0_A03487g,6495,5728,2214,2580
gene-KLLA0_A03509g,1471,1446,780,858
gene-KLLA0_A03531g,4470,4206,3823,4536
gene-KLLA0_A03553g,118,93,80,112
gene-KLLA0_A03575g,382,339,235,242
gene-KLLA0_A03597g,3035,2732,1526,1730
gene-KLLA0_A03619g,1217,1098,769,940
gene-KLLA0_A03641g,1998,1871,2502,2346
gene-KLLA0_A03663g,2253,2074,1371,1512
gene-KLLA0_A03696g,655,586,315,428
gene-KLLA0_A03718g,861,792,496,452
gene-KLLA0_A03740g,7471,6967,4370,5039
gene-KLLA0_A03762r,0,0,0,0
gene-KLLA0_A03784r,0,0,0,0
gene-KLLA0_A03806g,2958,2827,1839,2085
gene-KLLA0_A03883g,1191,980,569,591
gene-KLLA0_A03905g,7290,7101,5078,5482
gene-KLLA0_A03938g,887,801,749,895
gene-KLLA0_A03960g,510,574,359,539
gene-KLLA0_A03982g,3287,3036,1973,2634
gene-KLLA0_A04015g,4249,4008,2672,2848
gene-KLLA0_A04037g,126,83,1006,1162
gene-KLLA0_A04059g,2069,2029,1889,1869
gene-KLLA0_A04081g,229,198,124,155
gene-KLLA0_A04103g,2186,2066,1939,1962
gene-KLLA0_A04125g,7319,9512,1384,1609
gene-KLLA0_A04147g,15884,15077,1364,1780
gene-KLLA0_A04169g,4985,4435,8539,8697
gene-KLLA0_A04191g,8977,8356,5358,6395
gene-KLLA0_A04213g,1676,1478,974,1343
gene-KLLA0_A04235g,3544,3313,2550,3189
gene-KLLA0_A04257r,0,0,0,0
gene-KLLA0_A04301g,1465,1453,750,730
gene-KLLA0_A04323g,1434,1245,1221,1311
gene-KLLA0_A04345g,606,650,646,584
gene-KLLA0_A04367g,333,321,206,210
gene-KLLA0_A04389g,604,549,299,246
gene-KLLA0_A04411g,1132,1136,655,762
gene-KLLA0_A04433g,526,538,655,813
gene-KLLA0_A04499g,7995,7628,4409,5346
gene-KLLA0_A04521g,257,231,91,106
gene-KLLA0_A04543g,3302,2895,1632,1861
gene-KLLA0_A04565g,187,194,152,181
gene-KLLA0_A04587g,4039,3597,3030,3802
gene-KLLA0_A04609g,431,389,762,719
gene-KLLA0_A04620g,17,9,12,21
gene-KLLA0_A04631g,1405,1278,1069,1346
gene-KLLA0_A04653g,69,84,1162,1312
gene-KLLA0_A04686r,0,0,0,0
gene-KLLA0_A04708g,1508,1560,970,1266
gene-KLLA0_A04730g,9734,9040,9773,10503
gene-KLLA0_A04752g,4311,3826,2112,2558
gene-KLLA0_A04774g,356,344,230,339
gene-KLLA0_A04796g,2176,1969,1382,1728
gene-KLLA0_A04818g,1091,976,761,1021
gene-KLLA0_A04840g,1214,1209,717,942
gene-KLLA0_A04862g,2034,1994,1167,1437
gene-KLLA0_A04884g,1815,1871,1316,1345
gene-KLLA0_A04906g,171,151,95,100
gene-KLLA0_A04928g,1632,1481,981,1116
gene-KLLA0_A04961g,1832,1754,7704,8664
gene-KLLA0_A04983g,9004,9063,5693,5227
gene-KLLA0_A05005g,468,482,259,340
gene-KLLA0_A05027g,4400,4165,1483,1769
gene-KLLA0_A05049g,829,793,484,526
gene-KLLA0_A05071g,6903,6598,4812,5454
gene-KLLA0_A05093g,4382,4042,1592,2235
gene-KLLA0_A05115g,1923,1791,1048,1096
gene-KLLA0_A05137g,1854,1890,1370,1581
gene-KLLA0_A05159g,183,146,1295,1714
gene-KLLA0_A05181g,23,14,73,82
gene-KLLA0_A05203g,188,143,484,581
gene-KLLA0_A05225g,509,477,447,471
gene-KLLA0_A05247g,562,608,400,551
gene-KLLA0_A05258g,776,688,462,504
gene-KLLA0_A05280g,2281,2325,1859,1728
gene-KLLA0_A05302g,496,518,319,371
gene-KLLA0_A05324g,1971,1879,891,1045
gene-KLLA0_A05346g,4637,4441,2116,1886
gene-KLLA0_A05368g,731,605,1488,1475
gene-KLLA0_A05390g,4724,4559,3219,3586
gene-KLLA0_A05412g,708,691,593,732
gene-KLLA0_A05434g,1090,1016,936,996
gene-KLLA0_A05456g,104,130,1431,1587
gene-KLLA0_A05478g,7020,6926,3811,4638
gene-KLLA0_A05500g,819,707,306,412
gene-KLLA0_A05511g,28,21,23,30
gene-KLLA0_A05522g,4225,4107,2452,2155
gene-KLLA0_A05544g,44253,42021,43685,51766
gene-KLLA0_A05566g,25,16,167,224
gene-KLLA0_A05621g,2366,2470,1696,1582
gene-KLLA0_A05643g,273,252,243,298
gene-KLLA0_A05665g,93,78,836,1015
gene-KLLA0_A05687g,1,1,0,0
gene-KLLA0_A05700g,11623,9203,6187,6314
gene-KLLA0_A05709g,1469,1329,1012,1042
gene-KLLA0_A05731g,25999,24473,19436,24176
gene-KLLA0_A05753g,176,175,418,460
gene-KLLA0_A05775g,1347,1203,1015,1254
gene-KLLA0_A05797g,1193,1022,784,902
gene-KLLA0_A05819g,2351,2472,1679,1922
gene-KLLA0_A05841g,1378,1276,1391,1783
gene-KLLA0_A05852g,214,209,83,77
gene-KLLA0_A05863g,1438,1337,17410,22238
gene-KLLA0_A05885g,784,638,926,1275
gene-KLLA0_A05907g,1496,1461,721,933
gene-KLLA0_A05929g,690,731,451,484
gene-KLLA0_A05951g,748,739,735,951
gene-KLLA0_A05973g,74,66,411,484
gene-KLLA0_A05987r,3,7,7,5
gene-KLLA0_A06002r,0,1,5,4
gene-KLLA0_A06017g,196,207,499,677
gene-KLLA0_A06039g,1365,1239,704,869
gene-KLLA0_A06061g,1031,1022,520,538
gene-KLLA0_A06072r,0,0,0,0
gene-KLLA0_A06083g,2347,2060,1299,1582
gene-KLLA0_A06105g,839,723,770,819
gene-KLLA0_A06127g,1238,1192,1139,1340
gene-KLLA0_A06149g,1824,1576,1024,1168
gene-KLLA0_A06171g,258,207,246,327
gene-KLLA0_A06193g,944,851,937,1102
gene-KLLA0_A06215g,3001,2682,2083,2261
gene-KLLA0_A06237g,3379,3156,2811,3195
gene-KLLA0_A06259g,1788,1591,1570,1856
gene-KLLA0_A06281g,415,360,331,479
gene-KLLA0_A06303g,2714,2563,1774,2116
gene-KLLA0_A06336g,29328,25192,18783,23135
gene-KLLA0_A06402g,2824,2729,1825,2053
gene-KLLA0_A06424g,4822,4431,3583,3777
gene-KLLA0_A06446g,368,354,1055,1195
gene-KLLA0_A06468g,3361,3287,646,734
gene-KLLA0_A06490g,733,608,354,470
gene-KLLA0_A06512g,6504,6406,6932,7873
gene-KLLA0_A06534g,551,519,499,575
gene-KLLA0_A06556g,1605,1436,1210,1456
gene-KLLA0_A06578g,62,51,61,69
gene-KLLA0_A06600g,2142,2042,1754,1950
gene-KLLA0_A06622g,493,574,445,386
gene-KLLA0_A06644g,2129,1955,2011,2362
gene-KLLA0_A06666g,571,474,514,567
gene-KLLA0_A06688g,1096,1154,788,939
gene-KLLA0_A06710g,306,221,2049,2182
gene-KLLA0_A06732g,9807,8813,8616,9933
gene-KLLA0_A06754g,4851,4234,2315,2204
gene-KLLA0_A06776g,1314,1263,937,1066
gene-KLLA0_A06798g,702,665,663,700
gene-KLLA0_A06820g,2275,2027,1624,1869
gene-KLLA0_A06842g,743,693,725,837
gene-KLLA0_A06864r,0,0,0,0
gene-KLLA0_A06886g,5114,5076,13231,15234
gene-KLLA0_A06908r,0,0,0,0
gene-KLLA0_A06930g,794,731,520,624
gene-KLLA0_A06952g,437,318,324,309
gene-KLLA0_A06974g,646,632,486,568
gene-KLLA0_A06996g,820,1111,357,514
gene-KLLA0_A07018g,199,154,444,500
gene-KLLA0_A07040g,6168,5821,4778,5671
gene-KLLA0_A07051g,2,0,0,0
gene-KLLA0_A07062g,35526,34442,4025,4568
gene-KLLA0_A07084g,1251,1026,377,470
gene-KLLA0_A07106g,833,765,472,541
gene-KLLA0_A07128g,1393,1397,796,851
gene-KLLA0_A07150g,26,37,100,81
gene-KLLA0_A07172g,2085,1802,1322,1476
gene-KLLA0_A07194g,26386,24465,16335,15959
gene-KLLA0_A07227g,16219,14801,12387,13805
gene-KLLA0_A07249g,1365,1309,2123,2537
gene-KLLA0_A07271g,3269,3165,1874,2397
gene-KLLA0_A07293g,863,810,534,691
gene-KLLA0_A07315g,2471,1984,2009,2563
gene-KLLA0_A07337g,774,724,514,445
gene-KLLA0_A07359g,926,817,1520,1673
gene-KLLA0_A07381g,264,207,338,337
gene-KLLA0_A07403g,3449,3290,2755,2651
gene-KLLA0_A07425g,3514,3483,2006,2147
gene-KLLA0_A07447g,822,816,592,704
gene-KLLA0_A07469g,340,320,296,317
gene-KLLA0_A07491g,1647,1553,1331,1546
gene-KLLA0_A07513g,1061,931,519,603
gene-KLLA0_A07535g,160,179,70,94
gene-KLLA0_A07557g,3283,3368,1805,1880
gene-KLLA0_A07579g,1961,1814,1888,2189
gene-KLLA0_A07601g,954,861,1133,1492
gene-KLLA0_A07623g,84,53,371,387
gene-KLLA0_A07645g,7,14,6,1
gene-KLLA0_A07667g,1415,1260,872,1019
gene-KLLA0_A07689g,75,73,91,86
gene-KLLA0_A07711g,372,281,213,245
gene-KLLA0_A07733g,1425,1438,946,970
gene-KLLA0_A07755g,653,604,791,844
gene-KLLA0_A07777g,17,12,34,46
gene-KLLA0_A07799g,4290,4196,2818,3341
gene-KLLA0_A07821g,897,761,492,509
gene-KLLA0_A07843g,1923,1771,1299,1419
gene-KLLA0_A07865g,747,703,510,528
gene-KLLA0_A07887g,320,253,195,251
gene-KLLA0_A07909g,2670,2665,1968,2217
gene-KLLA0_A07931g,501,454,960,1226
gene-KLLA0_A07953g,1445,1210,908,1169
gene-KLLA0_A07975g,1388,1447,898,1026
gene-KLLA0_A07997g,568,546,511,583
gene-KLLA0_A08019g,1100,1026,622,692
gene-KLLA0_A08041g,1434,1513,822,1015
gene-KLLA0_A08063g,1219,1020,668,781
gene-KLLA0_A08085r,0,0,0,0
gene-KLLA0_A08107g,5056,4650,6276,7583
gene-KLLA0_A08129g,3585,3382,1629,1669
gene-KLLA0_A08140g,519,520,289,398
gene-KLLA0_A08162g,867,839,728,760
gene-KLLA0_A08184g,7330,7819,5220,5161
gene-KLLA0_A08206g,177,243,42,44
gene-KLLA0_A08228r,0,0,0,0
gene-KLLA0_A08294r,0,0,1,0
gene-KLLA0_A08316g,4018,3964,2281,2766
gene-KLLA0_A08338g,1906,1863,1079,1121
gene-KLLA0_A08360g,6470,6087,4828,5759
gene-KLLA0_A08382g,936,924,689,896
gene-KLLA0_A08404g,3657,3468,2399,2659
gene-KLLA0_A08426g,7709,7474,4567,5464
gene-KLLA0_A08448g,6184,5885,5766,6816
gene-KLLA0_A08470g,719,799,1302,1827
gene-KLLA0_A08492g,3941,4031,8845,11318
gene-KLLA0_A08514r,0,0,0,0
gene-KLLA0_A08536g,323,378,202,245
gene-KLLA0_A08558r,0,0,0,0
gene-KLLA0_A08580g,1596,1464,1026,1083
gene-KLLA0_A08602g,577,503,378,461
gene-KLLA0_A08624g,1352,1257,665,847
gene-KLLA0_A08646g,2031,2009,1227,1437
gene-KLLA0_A08690g,104,109,79,125
gene-KLLA0_A08712g,1013,976,534,636
gene-KLLA0_A08734g,1833,1835,1364,1541
gene-KLLA0_A08756g,3029,2868,1855,2059
gene-KLLA0_A08778g,4350,4096,2063,2470
gene-KLLA0_A08800g,687,663,600,714
gene-KLLA0_A08822g,924,948,591,682
gene-KLLA0_A08844g,4578,4722,3381,4189
gene-KLLA0_A08866g,810,845,979,1130
gene-KLLA0_A08888g,678,588,399,447
gene-KLLA0_A08910g,4590,4515,3137,3237
gene-KLLA0_A08932g,251,197,408,441
gene-KLLA0_A08965r,0,0,0,0
gene-KLLA0_A08987r,0,0,0,0
gene-KLLA0_A09031g,46829,43408,25458,30436
gene-KLLA0_A09075g,12270,12393,9616,12289
gene-KLLA0_A09097g,4170,3895,3641,3745
gene-KLLA0_A09119g,1684,1655,1449,1593
gene-KLLA0_A09141g,646,596,488,461
gene-KLLA0_A09185g,256515,244659,305026,379413
gene-KLLA0_A09207g,586,503,366,411
gene-KLLA0_A09229g,761,721,280,242
gene-KLLA0_A09251g,1324,1444,797,937
gene-KLLA0_A09273r,0,0,0,0
gene-KLLA0_A09295g,1342,1324,902,1270
gene-KLLA0_A09317g,513,518,326,349
gene-KLLA0_A09339g,62661,62076,34188,40994
gene-KLLA0_A09361g,71,57,75,78
gene-KLLA0_A09383g,751,643,391,494
gene-KLLA0_A09405g,2,3,0,6
gene-KLLA0_A09427g,1246,1245,867,953
gene-KLLA0_A09449g,2687,2440,2762,3323
gene-KLLA0_A09471g,3209,3153,2474,2439
gene-KLLA0_A09493g,208,186,302,259
gene-KLLA0_A09515g,4352,4145,2110,2606
gene-KLLA0_A09537g,1556,1515,774,872
gene-KLLA0_A09559g,1674,1675,1082,1244
gene-KLLA0_A09581r,0,0,0,0
gene-KLLA0_A09603g,904,862,520,544
gene-KLLA0_A09625g,644,529,529,622
gene-KLLA0_A09647g,4904,4977,5807,6482
gene-KLLA0_A09669g,235,245,1596,2032
gene-KLLA0_A09691g,2734,3056,1898,2185
gene-KLLA0_A09713g,2601,2526,6542,8180
gene-KLLA0_A09735g,636,489,884,1179
gene-KLLA0_A09757g,201,182,157,101
gene-KLLA0_A09779g,312,301,185,227
gene-KLLA0_A09801g,967,886,541,730
gene-KLLA0_A09823g,3994,3904,2956,3022
gene-KLLA0_A09845g,976,1021,595,740
gene-KLLA0_A09867g,473,440,244,303
gene-KLLA0_A09889g,1953,1971,1370,1457
gene-KLLA0_A09911g,151,119,221,316
gene-KLLA0_A09933g,2170,2026,1484,1459
gene-KLLA0_A09955g,3633,3401,2377,2385
gene-KLLA0_A09977g,18335,18424,11313,14800
gene-KLLA0_A09999g,1321,1121,1001,1187
gene-KLLA0_A10021g,2564,2378,1664,1855
gene-KLLA0_A10043g,701,619,453,497
gene-KLLA0_A10065g,1992,1963,2269,2679
gene-KLLA0_A10087g,237,259,127,134
gene-KLLA0_A10109g,1394,1326,2644,3044
gene-KLLA0_A10131g,1952,1950,1142,1161
gene-KLLA0_A10153g,4154,3662,1584,1934
gene-KLLA0_A10175g,1765,1889,727,804
gene-KLLA0_A10197g,348,312,516,685
gene-KLLA0_A10219g,1454,1409,1375,1692
gene-KLLA0_A10241g,1094,910,653,833
gene-KLLA0_A10263g,1404,1354,930,1036
gene-KLLA0_A10285g,1360,1202,1468,1742
gene-KLLA0_A10307g,19496,18203,26843,33339
gene-KLLA0_A10329g,1145,1153,877,1026
gene-KLLA0_A10351g,785,775,433,527
gene-KLLA0_A10373g,298,268,169,190
gene-KLLA0_A10395g,222,211,168,194
gene-KLLA0_A10417g,4495,5075,27807,31246
gene-KLLA0_A10439g,539,495,1666,1749
gene-KLLA0_A10461g,267,271,574,659
gene-KLLA0_A10483g,12365,10894,8626,9327
gene-KLLA0_A10505g,3,0,10,10
gene-KLLA0_A10527g,63,69,138,193
gene-KLLA0_A10549g,2715,2651,2075,2299
gene-KLLA0_A10571g,83,82,41,60
gene-KLLA0_A10593g,8780,8212,6914,9217
gene-KLLA0_A10615r,0,0,0,0
gene-KLLA0_A10637g,155,143,119,136
gene-KLLA0_A10659g,201,191,456,561
gene-KLLA0_A10681g,572,530,534,640
gene-KLLA0_A10703g,2062,2071,1492,1407
gene-KLLA0_A10725r,0,0,0,0
gene-KLLA0_A10769g,792,779,394,457
gene-KLLA0_A10791g,5257,5137,1357,1523
gene-KLLA0_A10813g,652,578,2635,3088
gene-KLLA0_A10835g,1775,1830,2383,2675
gene-KLLA0_A10857g,2258,2113,1710,2038
gene-KLLA0_A10879r,0,0,0,0
gene-KLLA0_A10901g,620,592,689,870
gene-KLLA0_A10923g,513,453,498,569
gene-KLLA0_A10945g,2044,2016,1227,1426
gene-KLLA0_A10967g,405,401,294,401
gene-KLLA0_A10989g,3211,2958,1455,1536
gene-KLLA0_A11011g,135691,132154,204293,245883
gene-KLLA0_A11033g,838,717,685,815
gene-KLLA0_A11044g,177,154,134,159
gene-KLLA0_A11066g,26,22,328,392
gene-KLLA0_A11088g,208,210,267,322
gene-KLLA0_A11110g,436,426,11892,12266
gene-KLLA0_A11132g,3872,3683,3606,3916
gene-KLLA0_A11154r,0,0,0,0
gene-KLLA0_A11176g,4675,4463,3391,3814
gene-KLLA0_A11198g,753,740,751,791
gene-KLLA0_A11209g,36,39,54,54
gene-KLLA0_A11220g,26,22,27,39
gene-KLLA0_A11242g,435,481,436,474
gene-KLLA0_A11264r,0,0,0,0
gene-KLLA0_A11286g,4900,4750,3856,4491
gene-KLLA0_A11308g,2342,2156,1769,1893
gene-KLLA0_A11330g,821,684,792,921
gene-KLLA0_A11352g,3302,3190,1362,1702
gene-KLLA0_A11374g,1189,1165,782,896
gene-KLLA0_A11396g,4963,4611,2834,3387
gene-KLLA0_A11440g,288,271,277,331
gene-KLLA0_A11462g,2130,1701,1036,1251
gene-KLLA0_A11484g,1151,1024,814,1035
gene-KLLA0_A11506g,1146,989,562,581
gene-KLLA0_A11528g,223,227,369,527
gene-KLLA0_A11550g,266,248,179,170
gene-KLLA0_A11572g,955,876,647,627
gene-KLLA0_A11594g,2810,2735,2168,2173
gene-KLLA0_A11605g,243,246,117,133
gene-KLLA0_A11616g,1209,1093,766,847
gene-KLLA0_A11638g,7699,7985,4305,4669
gene-KLLA0_A11660g,2380,2184,2065,2287
gene-KLLA0_A11682g,806,732,673,756
gene-KLLA0_A11704g,4269,3654,2682,3479
gene-KLLA0_A11748g,336,293,246,238
gene-KLLA0_A11770g,550,555,3219,3808
gene-KLLA0_A11792g,1266,1264,666,733
gene-KLLA0_A11814g,3523,3291,3195,3871
gene-KLLA0_A11836g,603,597,232,288
gene-KLLA0_A11858g,310342,296524,288111,353630
gene-KLLA0_A11913g,16,9,15,5
gene-KLLA0_A11935g,913,857,1081,1249
gene-KLLA0_A11957g,633,656,429,607
gene-KLLA0_A11979g,1604,1539,721,848
gene-KLLA0_A12001g,123,130,383,556
gene-KLLA0_A12045g,1088,1114,1908,2076
gene-KLLA0_A12067g,257,218,207,244
gene-KLLA0_A12089g,1334,1268,1438,1862
gene-KLLA0_B00143g,260,204,105,56
gene-KLLA0_B00166g,14,9,4,12
gene-KLLA0_B00187g,0,0,0,0
gene-KLLA0_B00220g,13,24,11,19
gene-KLLA0_B00242g,1450,1413,1339,1662
gene-KLLA0_B00264g,250,258,230,208
gene-KLLA0_B00286g,45010,38095,155,154
gene-KLLA0_B00308g,305,246,30,29
gene-KLLA0_B00352g,3041,2804,2852,3049
gene-KLLA0_B00385g,749,803,10631,11395
gene-KLLA0_B00407g,132,106,5042,5721
gene-KLLA0_B00429g,564,534,5149,6156
gene-KLLA0_B00451g,693,921,243,252
gene-KLLA0_B00473g,510,431,1282,1575
gene-KLLA0_B00495g,69,62,146,189
gene-KLLA0_B00517g,18,18,21,27
gene-KLLA0_B00539g,2411,2504,1601,1725
gene-KLLA0_B00561g,242,299,2009,2350
gene-KLLA0_B00583g,2816,2692,1504,1566
gene-KLLA0_B00627g,451,392,318,367
gene-KLLA0_B00649g,1627,1434,825,1123
gene-KLLA0_B00671g,2493,2311,1596,1761
gene-KLLA0_B00693g,2466,2415,1559,1495
gene-KLLA0_B00715g,2064,1927,1305,1296
gene-KLLA0_B00737g,126,117,284,358
gene-KLLA0_B00759g,1399,1239,714,813
gene-KLLA0_B00781g,329,284,151,176
gene-KLLA0_B00803g,1626,1468,856,884
gene-KLLA0_B00825g,4340,4232,1762,2126
gene-KLLA0_B00847g,2838,2525,3144,3988
gene-KLLA0_B00869g,111,98,99,128
gene-KLLA0_B00891g,5575,5644,4483,4624
gene-KLLA0_B00913g,231,183,126,121
gene-KLLA0_B00935g,4327,4030,2315,3085
gene-KLLA0_B00957g,3158,3003,1081,1106
gene-KLLA0_B00979g,9763,8986,7068,8388
gene-KLLA0_B01001g,1877,1871,1080,1234
gene-KLLA0_B01023g,636,606,452,554
gene-KLLA0_B01045g,2354,2342,1554,1745
gene-KLLA0_B01067g,1141,1005,739,790
gene-KLLA0_B01089g,704,603,542,664
gene-KLLA0_B01111g,3099,2956,2471,2559
gene-KLLA0_B01133g,385,346,235,343
gene-KLLA0_B01155g,3728,3551,3381,3795
gene-KLLA0_B01177g,643,576,596,706
gene-KLLA0_B01199g,970,833,623,761
gene-KLLA0_B01221g,536,533,373,452
gene-KLLA0_B01243g,1721,1723,681,733
gene-KLLA0_B01265g,1404,1312,658,753
gene-KLLA0_B01287g,1863,1817,1117,1205
gene-KLLA0_B01309g,2227,2008,1073,1263
gene-KLLA0_B01331g,901,918,753,767
gene-KLLA0_B01353g,2494,2583,1756,1972
gene-KLLA0_B01375g,1345,1334,1008,1031
gene-KLLA0_B01397g,643,591,909,970
gene-KLLA0_B01430r,0,0,0,0
gene-KLLA0_B01452g,53,60,23,23
gene-KLLA0_B01474g,22594,20022,11433,14926
gene-KLLA0_B01496g,1367,1297,1404,1712
gene-KLLA0_B01518g,76,98,603,759
gene-KLLA0_B01540g,1038,910,1132,1150
gene-KLLA0_B01562g,21455,19737,12740,14863
gene-KLLA0_B01584g,1909,1735,1480,1455
gene-KLLA0_B01606g,10775,9992,4770,5030
gene-KLLA0_B01628g,27603,25262,7232,10328
gene-KLLA0_B01650g,2825,2885,1381,1481
gene-KLLA0_B01672g,869,700,710,947
gene-KLLA0_B01694g,2187,1892,2185,2870
gene-KLLA0_B01738g,2578,2539,2543,2648
gene-KLLA0_B01760g,2008,1857,1735,1976
gene-KLLA0_B01782g,1211,1147,665,711
gene-KLLA0_B01804g,5993,5934,4294,4459
gene-KLLA0_B01826g,5659,5472,3965,4504
gene-KLLA0_B01848g,2830,2750,1458,1613
gene-KLLA0_B01870g,127,154,68,100
gene-KLLA0_B01892g,2408,2387,1337,1440
gene-KLLA0_B01914g,3786,3645,2811,2898
gene-KLLA0_B01936g,84,67,48,92
gene-KLLA0_B01958g,13887,13690,8743,10076
gene-KLLA0_B01980g,313,308,383,371
gene-KLLA0_B02002g,36329,32139,28363,40591
gene-KLLA0_B02024g,1693,1826,1904,2166
gene-KLLA0_B02046g,4468,4213,2517,3333
gene-KLLA0_B02068g,150,180,1632,2010
gene-KLLA0_B02090g,2582,2463,1877,2128
gene-KLLA0_B02112g,1468,1530,1925,2271
gene-KLLA0_B02134g,666,624,546,605
gene-KLLA0_B02156g,441,423,258,341
gene-KLLA0_B02178g,1920,1941,1364,1437
gene-KLLA0_B02200g,1491,1493,1062,1210
gene-KLLA0_B02222g,1489,1375,1466,1578
gene-KLLA0_B02244g,891,787,1444,1571
gene-KLLA0_B02266g,89,64,498,538
gene-KLLA0_B02288g,3601,3440,3512,4232
gene-KLLA0_B02310g,307,285,502,563
gene-KLLA0_B02332g,673,581,338,443
gene-KLLA0_B02354g,896,802,447,523
gene-KLLA0_B02376g,226,207,1017,1304
gene-KLLA0_B02398g,997,882,611,732
gene-KLLA0_B02420g,1819,1792,1130,1372
gene-KLLA0_B02442g,1308,1222,820,731
gene-KLLA0_B02464g,959,888,401,438
gene-KLLA0_B02519g,462,441,383,404
gene-KLLA0_B02541g,997,964,564,665
gene-KLLA0_B02563g,128,104,128,160
gene-KLLA0_B02585g,1616,1503,795,971
gene-KLLA0_B02607g,1246,1415,24155,25954
gene-KLLA0_B02629g,531,380,544,652
gene-KLLA0_B02651g,1032,971,660,570
gene-KLLA0_B02673g,1858,1917,1587,1805
gene-KLLA0_B02695g,129,134,260,312
gene-KLLA0_B02717g,25645,25413,38380,39243
gene-KLLA0_B02739g,117,95,106,96
gene-KLLA0_B02783g,1699,1607,2563,3281
gene-KLLA0_B02805g,13695,13189,3583,3920
gene-KLLA0_B02827g,775,717,1134,1200
gene-KLLA0_B02849g,1606,1555,846,1078
gene-KLLA0_B02871g,186,201,113,100
gene-KLLA0_B02893g,426,446,373,404
gene-KLLA0_B02915g,1230,1059,1158,1465
gene-KLLA0_B02937g,22253,18306,13020,14917
gene-KLLA0_B02948r,54,47,27,38
gene-KLLA0_B02959g,301,271,440,519
gene-KLLA0_B02981g,1177,1125,944,1104
gene-KLLA0_B03003g,2250,2077,998,993
gene-KLLA0_B03025g,177,167,125,166
gene-KLLA0_B03047g,2834,2726,3082,3009
gene-KLLA0_B03069g,449,455,1325,1462
gene-KLLA0_B03091g,2206,2360,1733,2200
gene-KLLA0_B03113g,2994,2939,2205,2436
gene-KLLA0_B03135g,7781,7403,2953,3116
gene-KLLA0_B03157g,2182,2093,1527,1852
gene-KLLA0_B03179g,2032,2123,1344,1464
gene-KLLA0_B03212g,205,192,210,271
gene-KLLA0_B03234g,291,271,688,717
gene-KLLA0_B03267g,1504,1458,935,1074
gene-KLLA0_B03289g,718,559,448,761
gene-KLLA0_B03311g,856,640,506,406
gene-KLLA0_B03333g,44,52,54,51
gene-KLLA0_B03355g,11572,11526,3651,4363
gene-KLLA0_B03377g,6615,6203,3491,4800
gene-KLLA0_B03432g,1550,1489,881,886
gene-KLLA0_B03454g,175,187,394,456
gene-KLLA0_B03476g,1408,1136,1622,1573
gene-KLLA0_B03498g,381,311,258,320
gene-KLLA0_B03520g,3822,3936,2328,2526
gene-KLLA0_B03542g,471,449,956,1018
gene-KLLA0_B03564g,13201,11946,6301,8085
gene-KLLA0_B03586g,1934,1891,1484,1576
gene-KLLA0_B03608g,1174,1133,1139,1365
gene-KLLA0_B03652g,55820,50958,31313,38167
gene-KLLA0_B03674g,3299,3200,1591,1865
gene-KLLA0_B03696r,0,0,0,0
gene-KLLA0_B03718g,599,634,489,668
gene-KLLA0_B03740g,1495,1439,1246,1385
gene-KLLA0_B03762g,9931,9462,5123,5561
gene-KLLA0_B03784g,1133,1094,645,896
gene-KLLA0_B03806g,1351,1262,992,1127
gene-KLLA0_B03828g,641,619,846,980
gene-KLLA0_B03850g,2173,2236,1820,1812
gene-KLLA0_B03872g,8829,8507,5970,7253
gene-KLLA0_B03894g,2675,2590,2257,2241
gene-KLLA0_B03916g,2823,2759,1374,1669
gene-KLLA0_B03927g,211,176,80,110
gene-KLLA0_B03938g,3261,3197,3686,4335
gene-KLLA0_B03982g,2545,2417,1963,2237
gene-KLLA0_B04004g,1304,1243,970,936
gene-KLLA0_B04026g,373,388,269,300
gene-KLLA0_B04048g,151,117,95,133
gene-KLLA0_B04070g,126,95,60,99
gene-KLLA0_B04092g,485,495,1336,1556
gene-KLLA0_B04114r,0,0,0,0
gene-KLLA0_B04136g,2054,1793,1522,1618
gene-KLLA0_B04158g,196,180,711,829
gene-KLLA0_B04180g,765,749,1263,1486
gene-KLLA0_B04202g,1768,1704,2155,2426
gene-KLLA0_B04224g,834,696,438,402
gene-KLLA0_B04246g,1394,1300,967,1052
gene-KLLA0_B04268r,0,0,0,0
gene-KLLA0_B04290g,7367,6611,3474,4473
gene-KLLA0_B04312g,893,749,532,692
gene-KLLA0_B04334g,186,185,111,192
gene-KLLA0_B04356g,2249,2077,1172,1458
gene-KLLA0_B04378g,2644,2406,1729,2050
gene-KLLA0_B04400g,907,677,416,686
gene-KLLA0_B04422g,485,469,209,228
gene-KLLA0_B04444g,514,467,564,659
gene-KLLA0_B04455g,517,466,299,362
gene-KLLA0_B04466g,419,432,543,543
gene-KLLA0_B04477g,1540,1489,1371,1329
gene-KLLA0_B04499g,263,220,528,679
gene-KLLA0_B04521g,730,671,478,624
gene-KLLA0_B04543g,2541,2425,1036,1102
gene-KLLA0_B04565g,5254,4925,2994,3051
gene-KLLA0_B04587g,4719,4365,2226,2633
gene-KLLA0_B04609g,244,218,127,142
gene-KLLA0_B04620g,1163,1217,856,923
gene-KLLA0_B04642g,5248,4913,13383,15289
gene-KLLA0_B04664g,1329,1095,4054,4849
gene-KLLA0_B04686g,29912,27955,18134,23987
gene-KLLA0_B04708g,13905,14405,10398,10963
gene-KLLA0_B04730g,1643,1551,980,1213
gene-KLLA0_B04752g,6617,6279,4063,4884
gene-KLLA0_B04774g,2546,2583,2708,2753
gene-KLLA0_B04796g,461,412,371,521
gene-KLLA0_B04818g,596,556,408,473
gene-KLLA0_B04840g,792,733,874,790
gene-KLLA0_B04862g,131,123,117,124
gene-KLLA0_B04884g,4914,5732,5736,7042
gene-KLLA0_B04906g,5515,5209,3481,4227
gene-KLLA0_B04928g,54,38,36,33
gene-KLLA0_B04950g,1654,1560,1038,1247
gene-KLLA0_B04972g,506,503,515,680
gene-KLLA0_B04994g,569,467,515,610
gene-KLLA0_B05016g,1774,1812,1179,1351
gene-KLLA0_B05038g,346,340,220,263
gene-KLLA0_B05060g,49075,43789,29079,35474
gene-KLLA0_B05082g,687,652,495,629
gene-KLLA0_B05115g,1659,1636,987,1112
gene-KLLA0_B05137g,2146,2059,1531,1703
gene-KLLA0_B05159g,1067,920,633,772
gene-KLLA0_B05181g,1969,1811,1641,1947
gene-KLLA0_B05203g,253,220,162,236
gene-KLLA0_B05225g,3014,3048,1577,1629
gene-KLLA0_B05247g,19627,17590,16335,19546
gene-KLLA0_B05269g,264,237,208,261
gene-KLLA0_B05379g,40,34,32,35
gene-KLLA0_B05423g,3502,3084,3828,4108
gene-KLLA0_B05445g,2181,2069,1441,1454
gene-KLLA0_B05467g,345,291,585,754
gene-KLLA0_B05489g,1699,1515,1666,2018
gene-KLLA0_B05511g,8373,8259,10633,12664
gene-KLLA0_B05522r,3,0,2,0
gene-KLLA0_B05533g,671,600,251,296
gene-KLLA0_B05555g,2183,2195,1876,1960
gene-KLLA0_B05577g,7161,7072,5103,5763
gene-KLLA0_B05599g,1484,1283,1157,1297
gene-KLLA0_B05621g,1431,1204,1003,1110
gene-KLLA0_B05643g,12289,11660,7815,8934
gene-KLLA0_B05665g,6707,6754,3020,3294
gene-KLLA0_B05687g,949,841,985,1229
gene-KLLA0_B05709g,1136,1139,956,1020
gene-KLLA0_B05742g,16694,14733,9521,13287
gene-KLLA0_B05764r,0,0,0,0
gene-KLLA0_B05786g,896,879,708,818
gene-KLLA0_B05808g,214,208,194,188
gene-KLLA0_B05841g,16842,16337,14781,15182
gene-KLLA0_B05863g,1194,1151,789,698
gene-KLLA0_B05885g,25,23,18,24
gene-KLLA0_B05918g,30893,29088,18296,19652
gene-KLLA0_B05973g,71,55,114,130
gene-KLLA0_B05995g,633,706,3584,4299
gene-KLLA0_B06017r,0,0,0,0
gene-KLLA0_B06039g,1908,2103,1073,767
gene-KLLA0_B06061g,350,303,232,295
gene-KLLA0_B06094g,676,684,547,731
gene-KLLA0_B06116g,131,147,791,897
gene-KLLA0_B06138g,3706,3577,2524,2827
gene-KLLA0_B06160r,0,0,0,0
gene-KLLA0_B06182g,19444,17758,11218,15032
gene-KLLA0_B06190r,0,0,0,0
gene-KLLA0_B06198r,0,0,0,0
gene-KLLA0_B06206r,0,0,0,0
gene-KLLA0_B06215g,3101,2970,2373,3039
gene-KLLA0_B06237g,313,317,436,553
gene-KLLA0_B06259g,435,388,446,504
gene-KLLA0_B06281r,0,0,0,0
gene-KLLA0_B06303g,1115,1199,4661,5201
gene-KLLA0_B06325r,0,0,0,0
gene-KLLA0_B06347g,1057,1087,410,498
gene-KLLA0_B06369g,189,184,188,221
gene-KLLA0_B06391g,1798,1679,1513,1688
gene-KLLA0_B06413g,884,889,2555,2835
gene-KLLA0_B06435g,1421,1437,2386,2544
gene-KLLA0_B06457g,1185,1294,1160,1279
gene-KLLA0_B06479g,4854,4738,2473,2986
gene-KLLA0_B06501g,4229,3830,3173,3190
gene-KLLA0_B06523g,1671,1764,1061,1008
gene-KLLA0_B06545g,337,288,244,322
gene-KLLA0_B06556g,801,689,392,529
gene-KLLA0_B06578r,0,0,0,0
gene-KLLA0_B06622g,2438,2165,1482,1668
gene-KLLA0_B06644g,572,509,253,245
gene-KLLA0_B06688r,0,0,0,0
gene-KLLA0_B06710g,678,647,269,399
gene-KLLA0_B06732g,1317,1301,845,1039
gene-KLLA0_B06754g,3362,3117,1573,1779
gene-KLLA0_B06776g,674,744,357,393
gene-KLLA0_B06798g,1382,1290,1088,1313
gene-KLLA0_B06820g,1448,1398,658,772
gene-KLLA0_B06842g,2881,2705,1386,1685
gene-KLLA0_B06864g,389,361,170,227
gene-KLLA0_B06886g,14856,13656,6151,8032
gene-KLLA0_B06908r,0,0,0,0
gene-KLLA0_B06930r,0,0,0,0
gene-KLLA0_B06952g,4736,4512,1424,1480
gene-KLLA0_B06974g,121,126,62,98
gene-KLLA0_B06996r,0,0,0,0
gene-KLLA0_B07010r,567,571,655,741
gene-KLLA0_B07040g,662,569,687,643
gene-KLLA0_B07062g,2314,2171,3299,4163
gene-KLLA0_B07084g,447,482,296,405
gene-KLLA0_B07095g,144,113,181,176
gene-KLLA0_B07117g,505,423,1188,1450
gene-KLLA0_B07139g,45299,41084,28276,31526
gene-KLLA0_B07161g,99,89,444,561
gene-KLLA0_B07183g,227,198,204,298
gene-KLLA0_B07205g,1751,1695,1220,1390
gene-KLLA0_B07227g,518,627,712,767
gene-KLLA0_B07249g,3806,3689,1560,1657
gene-KLLA0_B07271g,1113,1024,615,675
gene-KLLA0_B07293r,0,0,0,0
gene-KLLA0_B07315r,0,0,0,0
gene-KLLA0_B07337g,327,312,223,277
gene-KLLA0_B07370g,3152,2547,1176,1293
gene-KLLA0_B07392g,29870,27648,15550,15145
gene-KLLA0_B07425r,0,0,0,0
gene-KLLA0_B07447g,535,576,266,316
gene-KLLA0_B07469g,598,580,558,604
gene-KLLA0_B07491g,2286,2388,1613,1921
gene-KLLA0_B07513g,1307,1338,1556,1819
gene-KLLA0_B07535g,3248,3169,1868,2009
gene-KLLA0_B07557g,6786,5918,6604,7122
gene-KLLA0_B07579g,2407,2370,2140,2309
gene-KLLA0_B07590r,0,0,0,0
gene-KLLA0_B07601g,10721,9831,5792,7817
gene-KLLA0_B07623g,20804,17836,12995,15560
gene-KLLA0_B07645g,1425,1302,947,976
gene-KLLA0_B07667g,2573,2589,2141,2172
gene-KLLA0_B07689g,1510,1420,1831,2267
gene-KLLA0_B07711g,9,20,19,17
gene-KLLA0_B07733g,2579,2404,1924,2463
gene-KLLA0_B07755g,1068,826,816,904
gene-KLLA0_B07777g,3121,2846,4309,5200
gene-KLLA0_B07799g,2953,3029,2576,2560
gene-KLLA0_B07821g,2298,1969,1287,1423
gene-KLLA0_B07843g,2529,2623,1489,1649
gene-KLLA0_B07865g,1585,1732,838,1051
gene-KLLA0_B07887g,2004,2301,1086,1058
gene-KLLA0_B07909g,2156,2037,578,621
gene-KLLA0_B07931g,1376,1232,1486,1848
gene-KLLA0_B07953g,827,806,19293,23818
gene-KLLA0_B07975g,206,162,164,231
gene-KLLA0_B07997g,352,276,363,423
gene-KLLA0_B08019g,357,329,350,353
gene-KLLA0_B08041g,20,6,66,83
gene-KLLA0_B08063g,5147,4993,4931,5338
gene-KLLA0_B08085g,4012,3666,18088,19941
gene-KLLA0_B08107g,215,194,432,459
gene-KLLA0_B08118r,0,0,0,0
gene-KLLA0_B08129g,360,342,244,334
gene-KLLA0_B08151g,864,858,658,608
gene-KLLA0_B08173g,7710,6728,4483,6617
gene-KLLA0_B08195g,574,520,275,301
gene-KLLA0_B08217g,2602,2619,1849,1962
gene-KLLA0_B08239g,209,176,2224,2355
gene-KLLA0_B08261g,46,39,13,15
gene-KLLA0_B08283g,119,108,171,210
gene-KLLA0_B08305g,1581,1572,1081,1003
gene-KLLA0_B08327g,2626,2744,2678,2726
gene-KLLA0_B08349r,0,0,0,0
gene-KLLA0_B08371g,4209,4190,2062,2634
gene-KLLA0_B08393r,0,0,0,0
gene-KLLA0_B08415g,1320,1059,887,1133
gene-KLLA0_B08437g,891,846,726,932
gene-KLLA0_B08459g,573,530,399,449
gene-KLLA0_B08481g,1246,1134,874,1222
gene-KLLA0_B08503g,459,437,456,630
gene-KLLA0_B08525g,204,198,232,270
gene-KLLA0_B08547g,298,264,224,289
gene-KLLA0_B08569g,1273,1218,789,1042
gene-KLLA0_B08591g,1179,1133,1222,1220
gene-KLLA0_B08613r,0,0,0,0
gene-KLLA0_B08635g,2480,2459,4354,5241
gene-KLLA0_B08657g,581,528,904,873
gene-KLLA0_B08679g,613,625,506,606
gene-KLLA0_B08712g,695,488,454,686
gene-KLLA0_B08734g,759,666,535,611
gene-KLLA0_B08756g,536,551,628,622
gene-KLLA0_B08778g,112,115,92,138
gene-KLLA0_B08800g,534,490,455,464
gene-KLLA0_B08822g,20039,19837,15676,19361
gene-KLLA0_B08844g,1269,1207,1193,1233
gene-KLLA0_B08866g,1860,1674,1221,1397
gene-KLLA0_B08888g,705,634,590,672
gene-KLLA0_B08910g,128,100,45,74
gene-KLLA0_B08932g,14331,13344,7714,9424
gene-KLLA0_B08954g,287,232,259,252
gene-KLLA0_B08976g,368,341,246,218
gene-KLLA0_B08998g,330853,329831,223076,243263
gene-KLLA0_B09020g,912,932,626,686
gene-KLLA0_B09042g,28,25,11,8
gene-KLLA0_B09064g,2152,1788,717,922
gene-KLLA0_B09108g,298,285,182,221
gene-KLLA0_B09130g,1436,1131,952,965
gene-KLLA0_B09152g,40866,40801,26096,29841
gene-KLLA0_B09174g,647,601,347,382
gene-KLLA0_B09196g,2317,2086,1403,1518
gene-KLLA0_B09218g,4092,4012,11463,12110
gene-KLLA0_B09240g,383,457,762,781
gene-KLLA0_B09262g,5428,5152,5153,4213
gene-KLLA0_B09284g,237,155,144,176
gene-KLLA0_B09306g,2083,1963,1222,1568
gene-KLLA0_B09328r,0,0,0,0
gene-KLLA0_B09350g,786,798,427,535
gene-KLLA0_B09372g,12606,11925,4883,6171
gene-KLLA0_B09394g,417,465,285,309
gene-KLLA0_B09405g,2802,2623,2489,3142
gene-KLLA0_B09427g,2867,2657,1663,2216
gene-KLLA0_B09460g,2295,2190,1499,1014
gene-KLLA0_B09482g,214,176,167,218
gene-KLLA0_B09504g,273,338,247,329
gene-KLLA0_B09526g,428,374,239,238
gene-KLLA0_B09548g,5347,4796,2680,3653
gene-KLLA0_B09592g,348,291,1769,1610
gene-KLLA0_B09614r,0,0,0,0
gene-KLLA0_B09636g,978,752,572,794
gene-KLLA0_B09658g,934,895,238,304
gene-KLLA0_B09680g,960,1016,794,856
gene-KLLA0_B09702g,959,984,1660,1847
gene-KLLA0_B09724g,406,275,113,155
gene-KLLA0_B09746g,8667,8102,6700,7687
gene-KLLA0_B09768g,4135,4049,3269,3249
gene-KLLA0_B09790g,1805,1763,1189,1402
gene-KLLA0_B09812g,3518,3019,2072,2654
gene-KLLA0_B09834g,382,334,346,287
gene-KLLA0_B09856g,1688,1661,1101,1058
gene-KLLA0_B09878g,52,53,34,39
gene-KLLA0_B09900g,329,377,273,335
gene-KLLA0_B09922g,1435,1541,715,829
gene-KLLA0_B09944g,1064,1052,783,756
gene-KLLA0_B09966g,431,370,751,965
gene-KLLA0_B09988g,1885,2021,916,955
gene-KLLA0_B10010g,307,256,142,166
gene-KLLA0_B10032g,595,562,246,349
gene-KLLA0_B10054g,626,572,424,391
gene-KLLA0_B10076g,823,704,372,319
gene-KLLA0_B10098g,30,35,28,41
gene-KLLA0_B10120g,404,306,183,198
gene-KLLA0_B10142g,385,352,169,210
gene-KLLA0_B10153g,1174,1002,821,1083
gene-KLLA0_B10175g,2674,2589,3012,3678
gene-KLLA0_B10197g,1200,1209,1016,1047
gene-KLLA0_B10219g,6,7,22,14
gene-KLLA0_B10241g,213,175,87,85
gene-KLLA0_B10263g,4898,4923,2206,2367
gene-KLLA0_B10285g,1158,1090,593,759
gene-KLLA0_B10307g,515,479,353,391
gene-KLLA0_B10329g,1037,992,719,928
gene-KLLA0_B10351g,705,731,618,633
gene-KLLA0_B10373g,52,42,47,70
gene-KLLA0_B10395g,413,423,302,369
gene-KLLA0_B10406g,91,97,46,52
gene-KLLA0_B10428g,125,100,104,80
gene-KLLA0_B10450g,1284,1270,966,957
gene-KLLA0_B10472g,1551,1405,1013,1279
gene-KLLA0_B10494r,0,0,0,0
gene-KLLA0_B10538g,3026,2876,3105,3606
gene-KLLA0_B10560g,3765,3620,4970,5942
gene-KLLA0_B10582g,3543,3728,2953,3272
gene-KLLA0_B10604g,875,870,624,539
gene-KLLA0_B10626g,4341,4199,2611,3798
gene-KLLA0_B10648g,360,330,230,313
gene-KLLA0_B10670g,509,520,408,565
gene-KLLA0_B10692g,449,430,606,767
gene-KLLA0_B10714g,188,195,142,152
gene-KLLA0_B10736g,1567,1464,1526,1775
gene-KLLA0_B10758r,0,0,0,0
gene-KLLA0_B10769g,577,481,375,410
gene-KLLA0_B10780g,1707,1562,1713,2010
gene-KLLA0_B10802g,1121,1009,1025,1068
gene-KLLA0_B10824g,1708,1661,1103,1214
gene-KLLA0_B10846g,2493,2389,1479,1710
gene-KLLA0_B10868g,12395,11160,8310,10110
gene-KLLA0_B10879r,10,7,14,17
gene-KLLA0_B10890g,163,160,775,860
gene-KLLA0_B10912g,1229,1136,1051,1157
gene-KLLA0_B10934g,154,137,668,794
gene-KLLA0_B10956g,706,688,424,509
gene-KLLA0_B10978g,1378,1259,1447,1725
gene-KLLA0_B11000g,988,911,807,1032
gene-KLLA0_B11011g,907,874,681,850
gene-KLLA0_B11033g,1869,1651,871,877
gene-KLLA0_B11055g,3828,3654,2701,2845
gene-KLLA0_B11077g,169,160,1128,1309
gene-KLLA0_B11099g,2646,2428,1772,1797
gene-KLLA0_B11121g,725,607,506,616
gene-KLLA0_B11143g,2653,2634,2322,2343
gene-KLLA0_B11165g,817,779,521,557
gene-KLLA0_B11187g,22,17,31,32
gene-KLLA0_B11209g,2129,1890,1602,2148
gene-KLLA0_B11231g,33103,29966,18470,24217
gene-KLLA0_B11253g,589,617,853,990
gene-KLLA0_B11275g,548,478,434,515
gene-KLLA0_B11297g,2833,2594,1343,1359
gene-KLLA0_B11319g,828,759,485,505
gene-KLLA0_B11341g,2197,2190,1474,1700
gene-KLLA0_B11363g,19,18,49,58
gene-KLLA0_B11385g,6489,6334,4247,4847
gene-KLLA0_B11407g,2982,2219,821,906
gene-KLLA0_B11429g,613,569,414,380
gene-KLLA0_B11451g,2185,2011,1245,1366
gene-KLLA0_B11473g,2097,1949,1700,1925
gene-KLLA0_B11495g,561,557,239,267
gene-KLLA0_B11550g,604,542,418,387
gene-KLLA0_B11572g,2285,2552,5212,6100
gene-KLLA0_B11594g,23,36,36,37
gene-KLLA0_B11616g,1699,1685,1939,2323
gene-KLLA0_B11638g,876,862,892,1038
gene-KLLA0_B11660g,3000,2725,1254,1555
gene-KLLA0_B11682g,1121,1007,847,1018
gene-KLLA0_B11704g,1835,1807,858,930
gene-KLLA0_B11726r,0,0,0,0
gene-KLLA0_B11748g,3620,3775,2588,2838
gene-KLLA0_B11770g,534,584,359,481
gene-KLLA0_B11792g,813,769,658,734
gene-KLLA0_B11814g,1695,1427,1080,1575
gene-KLLA0_B11836g,5597,4987,2124,2756
gene-KLLA0_B11858g,2965,2937,2121,2100
gene-KLLA0_B11880g,262,262,266,311
gene-KLLA0_B11902g,2066,1918,1400,1450
gene-KLLA0_B11924g,1638,1586,848,936
gene-KLLA0_B11946g,733,681,463,519
gene-KLLA0_B11968g,583,556,453,529
gene-KLLA0_B11990g,881,821,718,847
gene-KLLA0_B12012g,1606,1576,1001,1082
gene-KLLA0_B12034g,210,181,196,293
gene-KLLA0_B12056g,3456,3365,2942,4177
gene-KLLA0_B12078g,5088,4479,3223,4130
gene-KLLA0_B12100g,250,193,258,326
gene-KLLA0_B12133g,1046,1080,965,1167
gene-KLLA0_B12155g,1030,1025,855,1052
gene-KLLA0_B12177g,1452,1252,808,1073
gene-KLLA0_B12199g,881,825,739,999
gene-KLLA0_B12221g,1351,1346,902,1167
gene-KLLA0_B12243g,1750,1836,1033,1170
gene-KLLA0_B12265g,1057,1052,690,870
gene-KLLA0_B12287g,5893,5854,2998,3315
gene-KLLA0_B12309g,1508,1446,1092,1162
gene-KLLA0_B12331g,658,656,621,599
gene-KLLA0_B12353g,473,451,234,304
gene-KLLA0_B12375g,1902,1847,1157,1248
gene-KLLA0_B12397g,1183,1076,512,537
gene-KLLA0_B12419g,2533,2505,1203,1461
gene-KLLA0_B12441g,966,976,469,586
gene-KLLA0_B12463g,476,430,464,600
gene-KLLA0_B12496g,986,911,573,652
gene-KLLA0_B12518g,428,415,436,588
gene-KLLA0_B12540g,2143,2095,2540,3083
gene-KLLA0_B12562g,5917,5880,3822,3657
gene-KLLA0_B12584g,3992,3757,6324,7063
gene-KLLA0_B12606g,14,14,14,5
gene-KLLA0_B12628g,2497,2492,1727,2146
gene-KLLA0_B12650g,346,362,573,603
gene-KLLA0_B12672g,3765,3789,2383,2873
gene-KLLA0_B12694g,11714,12518,9806,11682
gene-KLLA0_B12716g,5069,5028,3138,3335
gene-KLLA0_B12738g,261,257,721,887
gene-KLLA0_B12760g,1562,1544,931,1072
gene-KLLA0_B12782g,682,595,428,525
gene-KLLA0_B12804g,2761,2661,1938,1985
gene-KLLA0_B12826g,1126,1064,902,990
gene-KLLA0_B12848g,478,518,354,398
gene-KLLA0_B12870g,230,188,170,221
gene-KLLA0_B12892g,1313,1361,834,895
gene-KLLA0_B12914g,3118,3050,4053,4854
gene-KLLA0_B12936g,9556,9396,10763,12282
gene-KLLA0_B12958g,2171,2056,1853,1553
gene-KLLA0_B12980g,607,523,874,998
gene-KLLA0_B13002g,1353,1359,937,1069
gene-KLLA0_B13024g,229,212,219,275
gene-KLLA0_B13046g,337,297,814,886
gene-KLLA0_B13068g,1388,1318,727,679
gene-KLLA0_B13090g,818,923,424,465
gene-KLLA0_B13112g,2072,2046,1062,1178
gene-KLLA0_B13123g,516,444,338,297
gene-KLLA0_B13134g,968,971,537,660
gene-KLLA0_B13145g,1096,1066,843,1009
gene-KLLA0_B13167g,812,714,598,600
gene-KLLA0_B13189g,5332,4803,4490,5420
gene-KLLA0_B13211g,4012,3982,2791,2902
gene-KLLA0_B13233g,1286,1148,1352,1515
gene-KLLA0_B13255g,3323,3168,1743,1907
gene-KLLA0_B13277g,10517,10344,4937,5331
gene-KLLA0_B13321g,235,200,57,57
gene-KLLA0_B13343g,1963,1761,1064,1153
gene-KLLA0_B13365g,295,270,210,297
gene-KLLA0_B13387g,690,702,688,726
gene-KLLA0_B13409g,21335,19074,12710,17804
gene-KLLA0_B13431g,316,270,211,220
gene-KLLA0_B13453g,2929,2782,1578,2022
gene-KLLA0_B13475g,1887,1768,1344,1380
gene-KLLA0_B13497g,2364,2288,2645,3146
gene-KLLA0_B13519g,2073,1706,1802,2009
gene-KLLA0_B13541g,111,95,72,86
gene-KLLA0_B13563g,108,96,1072,1306
gene-KLLA0_B13585g,1690,1776,1195,1365
gene-KLLA0_B13607g,3838,3608,3173,3159
gene-KLLA0_B13629g,742,703,458,530
gene-KLLA0_B13651g,652,637,378,399
gene-KLLA0_B13673g,445,478,268,272
gene-KLLA0_B13695g,1502,1351,1012,1031
gene-KLLA0_B13717r,0,0,0,0
gene-KLLA0_B13739g,1337,1250,922,929
gene-KLLA0_B13761g,5556,5397,2996,3131
gene-KLLA0_B13794g,486,426,358,472
gene-KLLA0_B13816g,1737,1796,887,1304
gene-KLLA0_B13838g,420,382,724,839
gene-KLLA0_B13860g,121,106,425,397
gene-KLLA0_B13882g,5302,5069,3147,3663
gene-KLLA0_B13904g,7454,7479,4393,5255
gene-KLLA0_B13926g,39,36,151,184
gene-KLLA0_B13948g,4532,4698,3375,3498
gene-KLLA0_B13970g,473,412,241,282
gene-KLLA0_B13992g,1275,1246,765,1017
gene-KLLA0_B14014g,3755,3536,2640,2188
gene-KLLA0_B14036g,1507,1399,1817,2151
gene-KLLA0_B14058g,838,838,894,1004
gene-KLLA0_B14080g,597,557,3047,3784
gene-KLLA0_B14102g,766,665,745,699
gene-KLLA0_B14124g,742,650,942,1133
gene-KLLA0_B14146g,1238,1159,894,1151
gene-KLLA0_B14168g,2554,2805,1176,1380
gene-KLLA0_B14190g,391,377,300,344
gene-KLLA0_B14212r,0,0,0,0
gene-KLLA0_B14234g,6340,5799,1309,1529
gene-KLLA0_B14256g,1631,1687,1017,1068
gene-KLLA0_B14278g,17277,17063,6405,6615
gene-KLLA0_B14300g,873,749,484,567
gene-KLLA0_B14322g,3984,3580,2363,2831
gene-KLLA0_B14333r,1,0,0,0
gene-KLLA0_B14344g,4500,4283,2526,3043
gene-KLLA0_B14366g,1989,1850,1666,2007
gene-KLLA0_B14388g,8746,8443,4936,5500
gene-KLLA0_B14410g,5360,5182,2305,2597
gene-KLLA0_B14432g,876,724,458,676
gene-KLLA0_B14454g,23661,22437,6294,7603
gene-KLLA0_B14476g,2831,2765,718,768
gene-KLLA0_B14498g,371895,371408,149079,164905
gene-KLLA0_B14531g,0,0,0,94
gene-KLLA0_B14553g,245,211,171,166
gene-KLLA0_B14575g,49,14,42,18
gene-KLLA0_B14597g,16,16,26,33
gene-KLLA0_B14619g,364,367,317,333
gene-KLLA0_B14685g,764,692,439,502
gene-KLLA0_B14707g,3283,3283,5034,5185
gene-KLLA0_B14729g,335,329,235,271
gene-KLLA0_B14751g,486,540,335,331
gene-KLLA0_B14773g,92,114,84,61
gene-KLLA0_B14795g,255,262,178,236
gene-KLLA0_B14817g,56,54,176,229
gene-KLLA0_B14839g,1358,1357,1606,1821
gene-KLLA0_B14861g,1011,1040,1425,1759
gene-KLLA0_B14883g,3656,4546,6621,7412
gene-KLLA0_B14916g,48,51,32,43
gene-KLLA0_B14927g,29,38,19,16
gene-KLLA0_B14949g,0,0,2,2
gene-KLLA0_C00110g,19,18,0,45
gene-KLLA0_C00132g,185,123,81,0
gene-KLLA0_C00154g,9,20,0,30
gene-KLLA0_C00176g,101,97,45,108
gene-KLLA0_C00190g,511,450,254,381
gene-KLLA0_C00198g,13,3,7,8
gene-KLLA0_C00220g,434,478,183,215
gene-KLLA0_C00242g,31,25,10,10
gene-KLLA0_C00264g,691,670,354,469
gene-KLLA0_C00286g,1822,1750,591,672
gene-KLLA0_C00330g,242,256,195,96
gene-KLLA0_C00352g,6,14,4,3
gene-KLLA0_C00374g,6,0,1,0
gene-KLLA0_C00396g,180,232,52,78
gene-KLLA0_C00440g,926,779,377,420
gene-KLLA0_C00462g,1151,1084,1399,1560
gene-KLLA0_C00484g,2247,2068,1684,1856
gene-KLLA0_C00506g,298,231,1105,1282
gene-KLLA0_C00528g,37,40,151,147
gene-KLLA0_C00550g,934,795,428,655
gene-KLLA0_C00572g,5464,5242,3803,4664
gene-KLLA0_C00594g,382,296,250,256
gene-KLLA0_C00616g,134,109,49,69
gene-KLLA0_C00649g,2889,2756,2472,2775
gene-KLLA0_C00671g,27,29,36,43
gene-KLLA0_C00693g,176,179,83,108
gene-KLLA0_C00715g,7899,7551,6943,8141
gene-KLLA0_C00737g,123,136,1486,1716
gene-KLLA0_C00759g,1671,1578,1375,1677
gene-KLLA0_C00803g,1623,1522,1708,1438
gene-KLLA0_C00825g,5669,4955,3260,3547
gene-KLLA0_C00847g,10772,9948,5505,6707
gene-KLLA0_C00869g,2688,2508,2204,2591
gene-KLLA0_C00891g,676,675,228,307
gene-KLLA0_C00913g,856,779,822,894
gene-KLLA0_C00935g,2317,2208,1284,1858
gene-KLLA0_C00957g,12883,10195,10905,14790
gene-KLLA0_C00979g,347,315,208,233
gene-KLLA0_C01001g,465,460,250,286
gene-KLLA0_C01023g,1135,1147,747,826
gene-KLLA0_C01045g,1107,981,742,972
gene-KLLA0_C01067g,2458,2331,1415,1471
gene-KLLA0_C01089g,1550,1492,1125,1166
gene-KLLA0_C01111g,25965,25042,13947,18055
gene-KLLA0_C01133g,2990,2770,1809,1663
gene-KLLA0_C01155g,2829,2573,8065,9628
gene-KLLA0_C01177g,2261,2294,1033,1128
gene-KLLA0_C01188g,2555,2572,1273,1528
gene-KLLA0_C01210g,638,606,2077,2308
gene-KLLA0_C01232g,929,856,1236,1415
gene-KLLA0_C01254g,433,414,843,982
gene-KLLA0_C01276g,995,1014,8996,9825
gene-KLLA0_C01298g,2698,2511,1903,2422
gene-KLLA0_C01320g,3979,3849,2932,3832
gene-KLLA0_C01342g,214,233,212,268
gene-KLLA0_C01364g,91,79,47,60
gene-KLLA0_C01386g,802,708,393,468
gene-KLLA0_C01408g,698,580,901,1070
gene-KLLA0_C01430g,588,480,420,501
gene-KLLA0_C01452g,10683,10615,7328,8874
gene-KLLA0_C01474g,867,865,508,591
gene-KLLA0_C01496g,1903,2012,8812,9654
gene-KLLA0_C01518g,18,12,20,38
gene-KLLA0_C01540g,853,843,1827,1894
gene-KLLA0_C01562g,2303,1870,590,827
gene-KLLA0_C01584g,885,761,611,802
gene-KLLA0_C01606g,8335,8310,14905,17536
gene-KLLA0_C01628g,1149,1016,1263,1642
gene-KLLA0_C01650g,3270,3253,3044,3392
gene-KLLA0_C01672g,705,768,1162,1378
gene-KLLA0_C01694g,1744,1719,2099,2135
gene-KLLA0_C01716g,3219,3249,1930,2061
gene-KLLA0_C01738g,2034,2065,1355,1933
gene-KLLA0_C01760g,935,918,915,1189
gene-KLLA0_C01782g,56681,52128,9277,10986
gene-KLLA0_C01804g,1565,1436,891,1107
gene-KLLA0_C01826g,2640,2311,1609,1834
gene-KLLA0_C01848g,2921,2805,2219,2604
gene-KLLA0_C01870g,13257,10465,8405,9151
gene-KLLA0_C01892g,808,758,493,489
gene-KLLA0_C01914g,366,320,678,982
gene-KLLA0_C01936g,115,99,91,88
gene-KLLA0_C01969g,4440,4401,2825,2543
gene-KLLA0_C01991g,2679,2702,1857,2171
gene-KLLA0_C02013g,558,559,585,642
gene-KLLA0_C02035g,5132,5003,2107,2143
gene-KLLA0_C02057g,1539,1404,555,734
gene-KLLA0_C02079g,216,190,150,149
gene-KLLA0_C02101g,2735,2559,1502,1865
gene-KLLA0_C02123g,2313,2349,343,385
gene-KLLA0_C02145g,331,284,224,230
gene-KLLA0_C02167g,13797,13839,6688,8477
gene-KLLA0_C02189g,4181,4047,1903,1936
gene-KLLA0_C02211g,1704,1748,1194,1328
gene-KLLA0_C02233g,3489,2990,2090,2110
gene-KLLA0_C02255g,1989,2146,1378,1552
gene-KLLA0_C02277g,1444,1386,801,1037
gene-KLLA0_C02299g,2123,2018,1305,1353
gene-KLLA0_C02321g,2318,2533,2218,2296
gene-KLLA0_C02343g,2046,1813,5067,5263
gene-KLLA0_C02365g,376,335,2800,2963
gene-KLLA0_C02387g,3833,3746,2107,2239
gene-KLLA0_C02409g,1690,1596,1078,1279
gene-KLLA0_C02431g,1447,1284,761,981
gene-KLLA0_C02453g,2542,2453,1363,1503
gene-KLLA0_C02475g,1570,1522,432,573
gene-KLLA0_C02497g,3197,3016,4953,5230
gene-KLLA0_C02519g,525,594,342,462
gene-KLLA0_C02541g,624,632,448,580
gene-KLLA0_C02563g,2194,2044,1459,1534
gene-KLLA0_C02585g,3232,3141,2463,2710
gene-KLLA0_C02607g,1426,1307,875,1002
gene-KLLA0_C02629g,537,518,296,354
gene-KLLA0_C02651g,505,523,325,391
gene-KLLA0_C02673g,312,277,167,238
gene-KLLA0_C02695g,1827,1790,1256,1495
gene-KLLA0_C02706r,0,0,0,0
gene-KLLA0_C02717g,1438,1458,826,877
gene-KLLA0_C02739g,1412,1325,1010,1210
gene-KLLA0_C02761g,2584,2444,1936,2329
gene-KLLA0_C02783g,1200,1094,800,984
gene-KLLA0_C02805g,5820,5114,2772,3451
gene-KLLA0_C02827g,1009,908,555,683
gene-KLLA0_C02849g,963,908,708,832
gene-KLLA0_C02871g,1124,1021,1013,1296
gene-KLLA0_C02893g,3101,2874,1184,1161
gene-KLLA0_C02915g,1809,1818,883,997
gene-KLLA0_C02937g,1168,1041,673,738
gene-KLLA0_C02959g,216,216,1310,1557
gene-KLLA0_C02981g,15,26,52,53
gene-KLLA0_C03003g,1947,1903,1667,1892
gene-KLLA0_C03025g,3719,3354,1868,2259
gene-KLLA0_C03047g,1405,1215,1024,1248
gene-KLLA0_C03069g,405,406,303,352
gene-KLLA0_C03091g,1832,1520,1685,2386
gene-KLLA0_C03113g,5219,4983,3785,4345
gene-KLLA0_C03135g,144,211,170,168
gene-KLLA0_C03157g,20,37,44,48
gene-KLLA0_C03179g,2398,2364,1921,2267
gene-KLLA0_C03201g,3403,3368,2159,2567
gene-KLLA0_C03256g,215,194,140,162
gene-KLLA0_C03278g,445,446,257,310
gene-KLLA0_C03300g,1934,1862,1035,1142
gene-KLLA0_C03322g,964,883,744,829
gene-KLLA0_C03344r,0,0,0,0
gene-KLLA0_C03388g,1306,1169,790,926
gene-KLLA0_C03410g,2164,2310,1531,1553
gene-KLLA0_C03432g,610,552,7178,7753
gene-KLLA0_C03454g,702,761,3781,4098
gene-KLLA0_C03476g,2140,2165,1429,1519
gene-KLLA0_C03498g,1471,1431,910,1144
gene-KLLA0_C03520g,763,641,841,1076
gene-KLLA0_C03542g,4796,4616,2829,3328
gene-KLLA0_C03564g,3131,3039,2613,2615
gene-KLLA0_C03586g,2210,2044,1366,1472
gene-KLLA0_C03608g,925,841,513,662
gene-KLLA0_C03630g,1419,1423,780,908
gene-KLLA0_C03652g,1970,1868,1115,1329
gene-KLLA0_C03674g,1229,1277,1077,1224
gene-KLLA0_C03696g,999,933,782,893
gene-KLLA0_C03718g,1009,922,688,711
gene-KLLA0_C03740g,502,444,471,600
gene-KLLA0_C03762g,192,206,1339,1339
gene-KLLA0_C03784g,317,352,685,799
gene-KLLA0_C03806g,2263,2170,912,1074
gene-KLLA0_C03828g,1909,1891,1347,1361
gene-KLLA0_C03850g,7339,6927,3953,4597
gene-KLLA0_C03872g,1776,1638,1042,1163
gene-KLLA0_C03894g,849,820,529,567
gene-KLLA0_C03916g,1543,1575,1744,1897
gene-KLLA0_C03938g,2487,2247,1718,1709
gene-KLLA0_C03960g,6124,5425,2364,2469
gene-KLLA0_C04004g,15484,13324,26733,31571
gene-KLLA0_C04037g,4814,4640,2639,3231
gene-KLLA0_C04059g,5950,5662,3166,3777
gene-KLLA0_C04081g,3337,3169,3531,4465
gene-KLLA0_C04103g,4757,4829,2968,3158
gene-KLLA0_C04125g,772,733,478,518
gene-KLLA0_C04147g,6454,6339,4869,5147
gene-KLLA0_C04169g,769,759,743,818
gene-KLLA0_C04191g,806,833,438,453
gene-KLLA0_C04213g,640,550,393,495
gene-KLLA0_C04235g,1662,1601,1239,1435
gene-KLLA0_C04257g,2344,2127,1543,1664
gene-KLLA0_C04279g,1855,1823,1938,2174
gene-KLLA0_C04301g,407,350,267,327
gene-KLLA0_C04323g,354,366,192,266
gene-KLLA0_C04345g,618,575,377,424
gene-KLLA0_C04367g,3122,3369,2765,2948
gene-KLLA0_C04389g,1526,1208,4080,4596
gene-KLLA0_C04411g,1030,1021,836,1000
gene-KLLA0_C04433g,1260,1247,710,895
gene-KLLA0_C04455g,677,714,425,488
gene-KLLA0_C04477g,1429,1447,758,801
gene-KLLA0_C04510g,872,794,440,540
gene-KLLA0_C04532g,601,567,406,359
gene-KLLA0_C04554g,963,885,661,826
gene-KLLA0_C04576g,123,107,1131,1315
gene-KLLA0_C04598g,2312,2412,1942,2074
gene-KLLA0_C04620g,2346,2300,1832,1634
gene-KLLA0_C04642g,168,128,97,80
gene-KLLA0_C04664g,257,271,169,188
gene-KLLA0_C04686g,298,265,400,492
gene-KLLA0_C04708g,326,313,583,646
gene-KLLA0_C04730g,3967,3844,2644,2324
gene-KLLA0_C04752g,73,66,64,76
gene-KLLA0_C04774g,2781,2772,1830,1490
gene-KLLA0_C04796g,421,409,542,620
gene-KLLA0_C04809g,7367,5829,5002,7507
gene-KLLA0_C04818g,6197,5772,4161,4870
gene-KLLA0_C04840g,674,587,395,305
gene-KLLA0_C04862g,1421,1382,913,1146
gene-KLLA0_C04884g,293,263,286,288
gene-KLLA0_C04906g,1093,1015,639,650
gene-KLLA0_C04928g,6981,6863,1070,1326
gene-KLLA0_C04950g,61,53,26,49
gene-KLLA0_C04994g,500,518,295,305
gene-KLLA0_C05016g,527,375,274,205
gene-KLLA0_C05060g,87,68,49,43
gene-KLLA0_C05082g,544,486,584,805
gene-KLLA0_C05104g,1008,1039,671,647
gene-KLLA0_C05126g,7899,7636,4412,5349
gene-KLLA0_C05148g,259,231,91,101
gene-KLLA0_C05170g,3386,2844,1582,1811
gene-KLLA0_C05192g,248,223,173,291
gene-KLLA0_C05214g,7480,6532,5216,6776
gene-KLLA0_C05236g,3507,3761,2875,3319
gene-KLLA0_C05258g,2311,2203,1870,1774
gene-KLLA0_C05280r,0,0,0,0
gene-KLLA0_C05302g,473,423,340,354
gene-KLLA0_C05324g,1288,1102,1800,2292
gene-KLLA0_C05346g,4690,4476,4288,4758
gene-KLLA0_C05368g,3640,3701,2732,2847
gene-KLLA0_C05390g,4220,3821,4178,5714
gene-KLLA0_C05412g,1293,1369,2262,2731
gene-KLLA0_C05434r,0,0,0,0
gene-KLLA0_C05456g,17,36,17,23
gene-KLLA0_C05478g,1291,1197,751,864
gene-KLLA0_C05500g,827,918,761,892
gene-KLLA0_C05522g,1823,1834,611,568
gene-KLLA0_C05544g,1389,1229,372,478
gene-KLLA0_C05566g,29553,28591,75752,86864
gene-KLLA0_C05588g,2486,2409,2661,2732
gene-KLLA0_C05610g,480,446,387,492
gene-KLLA0_C05632g,1209,1146,701,813
gene-KLLA0_C05654g,872,873,959,1138
gene-KLLA0_C05676g,1987,1873,1252,1337
gene-KLLA0_C05698g,3175,3030,2025,2305
gene-KLLA0_C05720g,246,180,140,123
gene-KLLA0_C05742g,560,416,362,375
gene-KLLA0_C05764g,12880,13969,7741,8681
gene-KLLA0_C05786g,403,344,219,301
gene-KLLA0_C05808r,0,0,0,0
gene-KLLA0_C05852g,106,120,344,418
gene-KLLA0_C05874g,1751,1799,1146,1204
gene-KLLA0_C05896g,466,436,290,365
gene-KLLA0_C05918g,1803,1567,1492,2120
gene-KLLA0_C05940g,6768,6632,4905,5355
gene-KLLA0_C05962g,1514,1324,868,855
gene-KLLA0_C05984g,80,87,531,594
gene-KLLA0_C06006g,1528,1440,719,807
gene-KLLA0_C06028g,773,680,556,748
gene-KLLA0_C06050g,240,198,176,190
gene-KLLA0_C06072g,1130,1077,1442,1663
gene-KLLA0_C06094g,3768,3214,785,630
gene-KLLA0_C06116g,2759,2532,1979,2061
gene-KLLA0_C06138g,2487,2386,1725,1838
gene-KLLA0_C06160g,435,374,253,355
gene-KLLA0_C06182g,8414,8313,5580,5696
gene-KLLA0_C06204g,616,621,471,447
gene-KLLA0_C06226g,787,762,410,472
gene-KLLA0_C06248g,348,337,347,503
gene-KLLA0_C06270g,94,104,91,81
gene-KLLA0_C06292g,1439,1305,928,1026
gene-KLLA0_C06314g,676,655,863,842
gene-KLLA0_C06336g,11042,10252,4680,5064
gene-KLLA0_C06358g,961,894,534,598
gene-KLLA0_C06380g,392,344,166,244
gene-KLLA0_C06424r,0,0,0,0
gene-KLLA0_C06446g,205,176,978,1203
gene-KLLA0_C06468g,398,418,377,418
gene-KLLA0_C06490g,247,239,168,206
gene-KLLA0_C06512g,850,769,354,371
gene-KLLA0_C06534g,6411,6193,2445,3108
gene-KLLA0_C06567g,695,649,498,498
gene-KLLA0_C06589g,2255,2019,1910,2031
gene-KLLA0_C06611g,519,427,544,664
gene-KLLA0_C06633g,490,435,1284,1367
gene-KLLA0_C06655g,3487,3348,1995,2524
gene-KLLA0_C06677g,905,905,324,316
gene-KLLA0_C06699g,490,486,356,416
gene-KLLA0_C06721g,1832,1727,767,959
gene-KLLA0_C06743g,201,194,84,92
gene-KLLA0_C06765g,331,288,369,385
gene-KLLA0_C06787g,1008,1006,807,936
gene-KLLA0_C06809g,207,172,135,176
gene-KLLA0_C06842g,207,178,371,410
gene-KLLA0_C06864g,1032,1026,667,729
gene-KLLA0_C06886g,1537,1558,1111,1210
gene-KLLA0_C06908g,1622,1486,976,1029
gene-KLLA0_C06930g,1572,1574,1196,1306
gene-KLLA0_C06952g,1071,984,527,639
gene-KLLA0_C06974g,649,636,733,862
gene-KLLA0_C06996g,369,395,305,322
gene-KLLA0_C07018g,568,564,387,495
gene-KLLA0_C07040g,1234,1171,689,741
gene-KLLA0_C07062g,751,686,529,719
gene-KLLA0_C07084g,3249,3080,1715,1880
gene-KLLA0_C07106g,2946,2958,1646,1729
gene-KLLA0_C07128g,1347,1321,738,878
gene-KLLA0_C07150g,784,669,515,577
gene-KLLA0_C07172g,1840,1678,4540,5453
gene-KLLA0_C07194g,2611,2573,1790,1889
gene-KLLA0_C07216g,2648,2675,1689,1820
gene-KLLA0_C07238g,5396,5206,3539,4456
gene-KLLA0_C07260g,2582,2447,884,1071
gene-KLLA0_C07282g,2251,1894,1208,1043
gene-KLLA0_C07304g,759,720,342,335
gene-KLLA0_C07326g,2701,2852,1303,1462
gene-KLLA0_C07348g,1186,1125,1006,986
gene-KLLA0_C07359g,436,417,474,647
gene-KLLA0_C07381g,606,774,387,453
gene-KLLA0_C07403g,821,923,435,487
gene-KLLA0_C07425g,301,247,1392,1676
gene-KLLA0_C07447g,422,359,584,581
gene-KLLA0_C07469g,1969,1863,2588,3397
gene-KLLA0_C07491g,6904,6874,5265,6204
gene-KLLA0_C07513g,780,694,511,499
gene-KLLA0_C07535g,4542,4383,4021,4407
gene-KLLA0_C07557g,705,706,422,557
gene-KLLA0_C07579g,4501,4376,2074,2527
gene-KLLA0_C07601g,535,481,438,600
gene-KLLA0_C07623g,82,71,49,57
gene-KLLA0_C07645g,548,498,466,477
gene-KLLA0_C07667g,526,471,343,441
gene-KLLA0_C07689g,500,452,639,775
gene-KLLA0_C07711g,1325,1220,787,872
gene-KLLA0_C07733g,1092,1027,687,584
gene-KLLA0_C07744g,12,3,13,3
gene-KLLA0_C07755g,15357,13973,8841,11989
gene-KLLA0_C07777g,10609,9583,9579,10890
gene-KLLA0_C07799g,6891,5825,779,1017
gene-KLLA0_C07821g,1315,1214,322,320
gene-KLLA0_C07843g,1967,1925,1309,1496
gene-KLLA0_C07865g,180,197,1167,1236
gene-KLLA0_C07887g,8777,8628,7450,8224
gene-KLLA0_C07909g,470,463,304,352
gene-KLLA0_C07931g,805,785,515,654
gene-KLLA0_C07953g,2421,2271,1338,1606
gene-KLLA0_C07975g,4125,3898,2116,2312
gene-KLLA0_C07997g,12292,12286,7573,8755
gene-KLLA0_C08019g,470,403,311,350
gene-KLLA0_C08041g,2009,1894,1427,1284
gene-KLLA0_C08063g,531,549,3242,4212
gene-KLLA0_C08085r,0,0,0,0
gene-KLLA0_C08107g,207,220,386,408
gene-KLLA0_C08151g,2556,2257,2362,2350
gene-KLLA0_C08173g,631,591,1004,863
gene-KLLA0_C08195g,3364,2850,2365,2780
gene-KLLA0_C08217g,12445,10125,16129,17360
gene-KLLA0_C08239g,1367,1323,1582,1800
gene-KLLA0_C08261g,392,312,317,361
gene-KLLA0_C08283g,2658,2345,4476,5007
gene-KLLA0_C08305g,2929,2625,1454,1387
gene-KLLA0_C08327g,240,213,115,171
gene-KLLA0_C08349g,2907,2762,2425,2800
gene-KLLA0_C08371g,13563,12174,8371,10403
gene-KLLA0_C08393g,3285,3036,1548,1674
gene-KLLA0_C08415g,2614,2664,1614,1930
gene-KLLA0_C08437g,2,11,0,0
gene-KLLA0_C08448g,1614,1533,1140,1259
gene-KLLA0_C08470g,70,49,47,51
gene-KLLA0_C08503g,732,636,517,522
gene-KLLA0_C08525g,1800,1800,1350,1474
gene-KLLA0_C08547g,84,84,724,897
gene-KLLA0_C08569g,746,653,532,649
gene-KLLA0_C08591g,1810,1844,1221,1259
gene-KLLA0_C08613g,459,513,393,507
gene-KLLA0_C08635g,3814,3392,1577,1929
gene-KLLA0_C08657g,678,582,502,598
gene-KLLA0_C08679g,2258,2051,1300,1645
gene-KLLA0_C08701g,1301,1226,1287,1497
gene-KLLA0_C08723g,3763,3661,2249,2411
gene-KLLA0_C08756g,361,313,302,316
gene-KLLA0_C08778g,2750,2599,2896,3203
gene-KLLA0_C08800g,35,37,54,78
gene-KLLA0_C08822r,0,0,0,0
gene-KLLA0_C08866g,4574,4702,5446,5606
gene-KLLA0_C08888g,1059,1088,990,1041
gene-KLLA0_C08910g,47,64,46,29
gene-KLLA0_C08932g,237,256,217,287
gene-KLLA0_C08954g,206,155,323,323
gene-KLLA0_C08976g,166,174,1580,1799
gene-KLLA0_C08998g,286,354,450,560
gene-KLLA0_C09020g,9006,8810,6923,8496
gene-KLLA0_C09042g,3239,3089,2081,2382
gene-KLLA0_C09064g,609,518,374,459
gene-KLLA0_C09086g,4335,3967,2318,2856
gene-KLLA0_C09108g,519,502,615,545
gene-KLLA0_C09130g,644,583,476,565
gene-KLLA0_C09152g,7885,7423,6543,7034
gene-KLLA0_C09174g,4014,3625,2002,2506
gene-KLLA0_C09196g,2459,2305,1867,2401
gene-KLLA0_C09218g,1553,1621,336,451
gene-KLLA0_C09240g,3186,2923,1631,1868
gene-KLLA0_C09262g,85,92,695,660
gene-KLLA0_C09284g,12868,12434,5167,5732
gene-KLLA0_C09306g,5662,5541,4394,5348
gene-KLLA0_C09328g,239,294,151,134
gene-KLLA0_C09350r,0,0,0,0
gene-KLLA0_C09372g,3380,3089,858,911
gene-KLLA0_C09394g,4888,4696,3090,3209
gene-KLLA0_C09416g,1422,1410,426,567
gene-KLLA0_C09438r,0,0,0,0
gene-KLLA0_C09460g,587,537,341,353
gene-KLLA0_C09482g,1581,1527,1315,1519
gene-KLLA0_C09504g,534,483,330,525
gene-KLLA0_C09526g,4323,4178,1446,1887
gene-KLLA0_C09548g,1738,1664,1200,1224
gene-KLLA0_C09570g,2073,1868,1835,2132
gene-KLLA0_C09592g,5942,5744,2446,2835
gene-KLLA0_C09625g,656,602,364,406
gene-KLLA0_C09647g,1425,1335,1222,1371
gene-KLLA0_C09669g,681,587,415,439
gene-KLLA0_C09691g,1159,1261,634,691
gene-KLLA0_C09713g,501,494,276,311
gene-KLLA0_C09735g,2854,2622,1383,1700
gene-KLLA0_C09757g,1789,1542,1351,1888
gene-KLLA0_C09779g,389,351,237,272
gene-KLLA0_C09801g,2083,2004,1714,2041
gene-KLLA0_C09823g,4973,4707,2361,2633
gene-KLLA0_C09845g,853,702,557,761
gene-KLLA0_C09867g,957,803,565,652
gene-KLLA0_C09889g,188,154,455,555
gene-KLLA0_C09911g,711,715,498,524
gene-KLLA0_C09933g,300,282,159,238
gene-KLLA0_C09944g,795,726,504,565
gene-KLLA0_C09966g,4939,4774,1664,2048
gene-KLLA0_C09988g,735,644,372,490
gene-KLLA0_C10010g,461,411,278,277
gene-KLLA0_C10032g,1044,1043,719,755
gene-KLLA0_C10054g,5181,4708,4797,6084
gene-KLLA0_C10076g,621,560,304,413
gene-KLLA0_C10098g,1377,1372,748,784
gene-KLLA0_C10120g,642,673,347,452
gene-KLLA0_C10142g,1338,1298,814,920
gene-KLLA0_C10164g,400,297,294,358
gene-KLLA0_C10186g,1016,957,588,614
gene-KLLA0_C10208g,5205,5205,4053,5092
gene-KLLA0_C10230g,1252,1231,578,741
gene-KLLA0_C10252g,681,640,460,565
gene-KLLA0_C10274g,1844,1704,1403,1454
gene-KLLA0_C10296g,875,779,937,1186
gene-KLLA0_C10318g,563,540,401,491
gene-KLLA0_C10340g,779,752,546,714
gene-KLLA0_C10362g,159,125,822,1001
gene-KLLA0_C10384g,8047,7147,3598,4780
gene-KLLA0_C10406g,2088,1976,7463,8080
gene-KLLA0_C10439g,749,741,976,1182
gene-KLLA0_C10461g,391,364,408,490
gene-KLLA0_C10483g,1508,1540,1067,1284
gene-KLLA0_C10505g,3724,3761,2213,2659
gene-KLLA0_C10527g,1044,1020,644,676
gene-KLLA0_C10549g,5524,5316,5733,6788
gene-KLLA0_C10571g,6426,6416,5116,5570
gene-KLLA0_C10593g,795,798,381,478
gene-KLLA0_C10615g,10189,9562,7051,8061
gene-KLLA0_C10670g,2988,2652,1709,2059
gene-KLLA0_C10681g,68,85,258,297
gene-KLLA0_C10692g,1684,1432,1436,1557
gene-KLLA0_C10714g,2672,2538,2287,2573
gene-KLLA0_C10736g,2064,1943,1122,1158
gene-KLLA0_C10758g,1777,1577,877,1058
gene-KLLA0_C10780g,886,731,445,565
gene-KLLA0_C10802g,1514,1527,1197,1156
gene-KLLA0_C10835g,8747,8282,3883,4812
gene-KLLA0_C10857g,8216,7735,13701,15946
gene-KLLA0_C10879g,1099,1228,967,980
gene-KLLA0_C10901g,128,115,105,142
gene-KLLA0_C10923g,1547,1430,961,1126
gene-KLLA0_C10945g,1056,964,560,654
gene-KLLA0_C10967g,1811,1672,859,1160
gene-KLLA0_C10989g,102,93,100,151
gene-KLLA0_C11011g,378,350,410,481
gene-KLLA0_C11033g,10824,10972,7139,8578
gene-KLLA0_C11055g,976,973,950,1113
gene-KLLA0_C11077g,976,878,785,911
gene-KLLA0_C11099g,548,475,596,824
gene-KLLA0_C11121g,19,22,22,35
gene-KLLA0_C11143g,1863,1876,1651,2167
gene-KLLA0_C11165g,683,629,276,313
gene-KLLA0_C11187g,12402,14908,6469,6987
gene-KLLA0_C11209g,3374,3400,1242,1233
gene-KLLA0_C11231g,5106,4772,3923,4784
gene-KLLA0_C11253g,86,98,622,673
gene-KLLA0_C11275g,273,204,310,337
gene-KLLA0_C11297g,774,646,426,560
gene-KLLA0_C11319g,1800,1708,1214,1408
gene-KLLA0_C11341g,208,171,114,144
gene-KLLA0_C11363g,780,780,826,974
gene-KLLA0_C11385g,7021,6361,6470,7406
gene-KLLA0_C11407g,2841,2852,3245,3488
gene-KLLA0_C11429g,2731,2484,1508,1947
gene-KLLA0_C11451g,7253,6716,4078,4716
gene-KLLA0_C11473g,2514,2477,1229,1209
gene-KLLA0_C11495g,466,376,4001,5390
gene-KLLA0_C11517g,37,16,19,21
gene-KLLA0_C11539g,2874,2945,476,416
gene-KLLA0_C11561g,785,701,437,443
gene-KLLA0_C11583g,1880,1876,1782,1694
gene-KLLA0_C11605g,351,355,309,418
gene-KLLA0_C11627g,10066,9833,4771,5161
gene-KLLA0_C11649g,1359,1100,759,814
gene-KLLA0_C11671g,694,632,1095,1276
gene-KLLA0_C11693g,792,628,499,747
gene-KLLA0_C11715g,2657,2733,1490,1677
gene-KLLA0_C11737g,113,98,45,53
gene-KLLA0_C11759g,2155,2238,1000,1157
gene-KLLA0_C11781g,1933,1861,1245,1463
gene-KLLA0_C11803g,650,604,370,441
gene-KLLA0_C11825g,533,550,369,439
gene-KLLA0_C11847g,225,226,844,859
gene-KLLA0_C11869g,968,841,666,825
gene-KLLA0_C11891g,1857,1790,1769,1725
gene-KLLA0_C11913g,913,806,4034,4448
gene-KLLA0_C11935g,990,875,795,1022
gene-KLLA0_C11957g,507,440,314,482
gene-KLLA0_C11979g,46,54,402,484
gene-KLLA0_C12001g,741,640,715,861
gene-KLLA0_C12023g,177,151,387,458
gene-KLLA0_C12034g,2,2,0,2
gene-KLLA0_C12045r,0,0,0,0
gene-KLLA0_C12089r,0,0,0,0
gene-KLLA0_C12111g,2023,1950,1204,1603
gene-KLLA0_C12133g,1963,1838,1690,1930
gene-KLLA0_C12155r,0,0,0,0
gene-KLLA0_C12177g,1181,1047,1267,1184
gene-KLLA0_C12199g,209,161,339,400
gene-KLLA0_C12221g,1641,1403,686,922
gene-KLLA0_C12243g,1349,1410,1130,1298
gene-KLLA0_C12265g,3924,3792,5229,6250
gene-KLLA0_C12287g,76,76,32,44
gene-KLLA0_C12300g,976,952,362,378
gene-KLLA0_C12309g,11957,11132,2316,2576
gene-KLLA0_C12331g,267,233,1870,2219
gene-KLLA0_C12353g,1511,1532,1042,1213
gene-KLLA0_C12375g,1230,1159,1297,1380
gene-KLLA0_C12397g,461,415,277,380
gene-KLLA0_C12419g,563,559,457,459
gene-KLLA0_C12441g,308,316,1636,1841
gene-KLLA0_C12463g,39,21,31,55
gene-KLLA0_C12485g,2787,2700,1870,1844
gene-KLLA0_C12507g,2182,2063,1382,1684
gene-KLLA0_C12529g,373,339,211,200
gene-KLLA0_C12551g,2475,2357,1416,1535
gene-KLLA0_C12573g,16121,17266,9282,9792
gene-KLLA0_C12595g,197,210,228,251
gene-KLLA0_C12617g,209,182,211,254
gene-KLLA0_C12639g,772,658,599,712
gene-KLLA0_C12672g,13770,12935,7926,7301
gene-KLLA0_C12694g,220,178,285,313
gene-KLLA0_C12716g,10436,9061,5914,7028
gene-KLLA0_C12749g,1512,1532,1226,1361
gene-KLLA0_C12771g,3008,2888,1920,2117
gene-KLLA0_C12793g,1129,1074,600,739
gene-KLLA0_C12815g,322,305,244,344
gene-KLLA0_C12837g,745,712,671,797
gene-KLLA0_C12859g,7231,6965,7790,10384
gene-KLLA0_C12881g,1107,1005,1101,1269
gene-KLLA0_C12903g,322,291,462,612
gene-KLLA0_C12925g,6670,6500,3506,3340
gene-KLLA0_C12947g,2761,2749,1630,1705
gene-KLLA0_C12969g,2002,2120,1445,1582
gene-KLLA0_C12991g,4260,4191,5530,6279
gene-KLLA0_C13013g,2027,1735,4101,4504
gene-KLLA0_C13035g,1370,1193,1042,1139
gene-KLLA0_C13057g,3044,2936,3152,3085
gene-KLLA0_C13079g,27,49,39,58
gene-KLLA0_C13101g,2961,2878,2811,3030
gene-KLLA0_C13123g,1266,1229,1094,1350
gene-KLLA0_C13145g,1556,1470,1010,986
gene-KLLA0_C13167g,466,520,348,537
gene-KLLA0_C13189g,792,732,1528,1493
gene-KLLA0_C13211g,1853,1751,1411,1429
gene-KLLA0_C13233g,844,789,499,496
gene-KLLA0_C13255g,4762,4531,3810,3973
gene-KLLA0_C13277g,1440,1388,816,976
gene-KLLA0_C13299g,2384,2172,1055,1278
gene-KLLA0_C13321g,660,602,325,344
gene-KLLA0_C13343g,1397,1315,675,803
gene-KLLA0_C13365g,756,685,373,477
gene-KLLA0_C13387g,3736,3291,2855,3156
gene-KLLA0_C13409g,1376,1259,1159,1137
gene-KLLA0_C13431g,414,458,504,553
gene-KLLA0_C13453g,6200,5935,3723,4599
gene-KLLA0_C13475g,2223,2211,1794,1516
gene-KLLA0_C13497g,217,213,147,159
gene-KLLA0_C13519g,33773,31016,19219,24507
gene-KLLA0_C13541g,503,463,907,1038
gene-KLLA0_C13563g,1030,978,1026,1375
gene-KLLA0_C13585g,1562,1603,1098,1166
gene-KLLA0_C13607g,761,764,1168,1294
gene-KLLA0_C13651g,1350,1389,869,1052
gene-KLLA0_C13673g,1240,1002,1769,2143
gene-KLLA0_C13706g,3314,3157,1735,2060
gene-KLLA0_C13728g,2176,1921,1058,1305
gene-KLLA0_C13750g,847,762,415,437
gene-KLLA0_C13772g,2589,2363,1765,2189
gene-KLLA0_C13794g,3777,3790,2673,2599
gene-KLLA0_C13816g,898,799,555,641
gene-KLLA0_C13838g,6299,6401,4027,4451
gene-KLLA0_C13860g,10928,11307,10600,12161
gene-KLLA0_C13882g,206,177,120,158
gene-KLLA0_C13904g,2610,2302,1341,1544
gene-KLLA0_C13926g,7863,7760,3779,4032
gene-KLLA0_C13948g,5917,6173,3000,3402
gene-KLLA0_C14003g,1583,1560,1038,1265
gene-KLLA0_C14025g,716,645,351,451
gene-KLLA0_C14047g,22248,19636,14787,15749
gene-KLLA0_C14069g,1292,1319,738,902
gene-KLLA0_C14091g,21969,20543,16762,20006
gene-KLLA0_C14113g,761,688,556,563
gene-KLLA0_C14135g,98,73,531,553
gene-KLLA0_C14157g,7177,7085,4532,4754
gene-KLLA0_C14190g,550,514,210,243
gene-KLLA0_C14212g,2256,2093,849,991
gene-KLLA0_C14234g,2590,2691,1434,1551
gene-KLLA0_C14256g,2220,2230,908,1073
gene-KLLA0_C14278g,1146,1133,559,614
gene-KLLA0_C14300g,3225,3196,1639,2291
gene-KLLA0_C14322g,6995,6515,1498,1730
gene-KLLA0_C14344g,3447,3194,1957,2192
gene-KLLA0_C14366g,1489,1530,810,976
gene-KLLA0_C14388g,426,392,286,359
gene-KLLA0_C14410g,1263,1287,1033,1155
gene-KLLA0_C14432g,17012,18244,4484,5458
gene-KLLA0_C14454g,30584,28572,22523,25017
gene-KLLA0_C14476g,3560,3365,2138,2671
gene-KLLA0_C14498g,8973,8545,9455,10787
gene-KLLA0_C14520g,6304,5919,3169,3733
gene-KLLA0_C14542g,259,288,327,394
gene-KLLA0_C14564g,11,11,44,66
gene-KLLA0_C14586g,137,133,1113,1232
gene-KLLA0_C14608g,64,70,503,573
gene-KLLA0_C14630g,1051,1034,754,847
gene-KLLA0_C14652g,7585,7266,6640,8472
gene-KLLA0_C14674g,1567,1393,1521,1842
gene-KLLA0_C14696g,2558,2499,1655,1933
gene-KLLA0_C14718g,284,268,315,394
gene-KLLA0_C14740g,15,15,15,16
gene-KLLA0_C14762g,1287,1234,1371,1323
gene-KLLA0_C14784g,326,345,196,227
gene-KLLA0_C14806g,302,246,131,124
gene-KLLA0_C14828g,3422,3122,2138,2347
gene-KLLA0_C14850g,163,147,194,242
gene-KLLA0_C14872g,1164,1081,603,673
gene-KLLA0_C14894g,305,312,187,261
gene-KLLA0_C14905g,935,849,547,583
gene-KLLA0_C14916g,114,84,70,84
gene-KLLA0_C14927g,556,506,547,685
gene-KLLA0_C14949g,356,390,468,590
gene-KLLA0_C14971g,1244,1142,713,858
gene-KLLA0_C14993g,2617,2285,1075,1316
gene-KLLA0_C15015g,536,436,525,618
gene-KLLA0_C15037g,874,795,760,889
gene-KLLA0_C15059g,742,601,1787,1991
gene-KLLA0_C15081g,5684,5292,6546,7822
gene-KLLA0_C15125g,686,664,4590,5385
gene-KLLA0_C15147g,1443,1433,1651,2191
gene-KLLA0_C15169g,1158,1121,682,851
gene-KLLA0_C15191g,2182,2205,1104,1252
gene-KLLA0_C15213g,1973,1704,737,847
gene-KLLA0_C15235g,850,911,615,680
gene-KLLA0_C15257g,1203,1115,1149,1197
gene-KLLA0_C15279g,13559,13456,7317,8755
gene-KLLA0_C15301g,1906,1859,973,934
gene-KLLA0_C15323g,603,561,453,504
gene-KLLA0_C15345g,541,413,1352,1580
gene-KLLA0_C15367r,0,0,0,0
gene-KLLA0_C15411g,304,255,440,587
gene-KLLA0_C15433g,462,495,340,425
gene-KLLA0_C15455g,1741,1624,1148,1275
gene-KLLA0_C15477g,2506,2389,1812,2155
gene-KLLA0_C15499g,268,208,2099,2613
gene-KLLA0_C15521g,4515,4251,3530,3820
gene-KLLA0_C15543g,3397,3457,1431,1833
gene-KLLA0_C15565g,166,150,388,465
gene-KLLA0_C15587g,1827,1539,1502,1557
gene-KLLA0_C15609g,604,601,480,713
gene-KLLA0_C15631r,0,0,0,0
gene-KLLA0_C15653g,1025,1013,543,496
gene-KLLA0_C15675g,113,88,55,75
gene-KLLA0_C15697g,384,307,247,262
gene-KLLA0_C15719g,1991,1832,1275,1603
gene-KLLA0_C15741g,38,37,187,210
gene-KLLA0_C15746r,0,0,0,0
gene-KLLA0_C15752r,4,3,2,2
gene-KLLA0_C15757r,0,0,0,0
gene-KLLA0_C15763g,2344,2421,1409,1468
gene-KLLA0_C15785g,2102,2045,1486,1673
gene-KLLA0_C15807g,366,332,296,279
gene-KLLA0_C15829g,547,544,498,565
gene-KLLA0_C15851g,2558,2446,1659,2052
gene-KLLA0_C15873g,1106,1009,1663,1738
gene-KLLA0_C15895g,2003,1966,1396,1574
gene-KLLA0_C15917g,2389,1981,1521,1893
gene-KLLA0_C15939g,354,339,227,238
gene-KLLA0_C15961g,4399,4123,3470,3860
gene-KLLA0_C15983g,22664,23901,32586,32815
gene-KLLA0_C16005g,855,837,925,719
gene-KLLA0_C16027g,1018,980,838,817
gene-KLLA0_C16049g,2703,2574,1128,1311
gene-KLLA0_C16071g,5055,4678,1846,2564
gene-KLLA0_C16093g,1647,1547,1046,1219
gene-KLLA0_C16115g,1439,1362,3977,4321
gene-KLLA0_C16137g,1562,1462,851,1055
gene-KLLA0_C16159g,1412,1218,869,1117
gene-KLLA0_C16181g,2406,2282,1321,1582
gene-KLLA0_C16203g,1649,1677,662,747
gene-KLLA0_C16225g,1691,2116,220,222
gene-KLLA0_C16247g,1600,1653,1081,1123
gene-KLLA0_C16269g,1025,1122,753,860
gene-KLLA0_C16291g,585,576,319,415
gene-KLLA0_C16313g,5564,5076,2123,2590
gene-KLLA0_C16335g,326,335,1651,1905
gene-KLLA0_C16357g,1873,1782,749,851
gene-KLLA0_C16379g,218,187,698,768
gene-KLLA0_C16401g,92,62,1151,1333
gene-KLLA0_C16423g,576,582,328,360
gene-KLLA0_C16445g,1283,1205,1083,1083
gene-KLLA0_C16467g,5782,5669,3393,4027
gene-KLLA0_C16489g,344,314,178,194
gene-KLLA0_C16511g,212,201,76,102
gene-KLLA0_C16533g,1260,1175,705,859
gene-KLLA0_C16555g,208,165,145,178
gene-KLLA0_C16577g,979,944,558,773
gene-KLLA0_C16599g,2182,1968,1472,1425
gene-KLLA0_C16621g,3471,3275,1971,2359
gene-KLLA0_C16643g,4852,4636,3001,3251
gene-KLLA0_C16665g,2629,2504,1532,1706
gene-KLLA0_C16687g,1243,1159,870,980
gene-KLLA0_C16709g,135,129,57,111
gene-KLLA0_C16731g,5510,5480,3565,3209
gene-KLLA0_C16753g,69,40,90,144
gene-KLLA0_C16775g,66,37,55,88
gene-KLLA0_C16797g,4139,4085,2038,2058
gene-KLLA0_C16819g,115,99,78,56
gene-KLLA0_C16874g,6110,5678,4014,4466
gene-KLLA0_C16896g,3626,3603,3231,3827
gene-KLLA0_C16918g,1617,1562,974,1209
gene-KLLA0_C16940g,1251,1215,990,1192
gene-KLLA0_C16962r,0,0,0,0
gene-KLLA0_C16984g,865,797,454,585
gene-KLLA0_C17006g,1590,1528,1399,1400
gene-KLLA0_C17028g,406,363,400,360
gene-KLLA0_C17050g,1254,1221,1098,1055
gene-KLLA0_C17072g,3160,3025,1645,1944
gene-KLLA0_C17094g,37,32,26,32
gene-KLLA0_C17138g,2275,1930,1707,1647
gene-KLLA0_C17160g,2226,2140,949,1038
gene-KLLA0_C17182g,58,39,1219,1379
gene-KLLA0_C17204g,3327,3182,1742,2021
gene-KLLA0_C17226g,0,0,0,1
gene-KLLA0_C17237g,51,39,322,334
gene-KLLA0_C17248g,205,205,139,111
gene-KLLA0_C17270g,298,325,261,334
gene-KLLA0_C17292g,3374,3450,2281,2119
gene-KLLA0_C17314g,38938,37954,27635,30373
gene-KLLA0_C17336g,613,665,941,1012
gene-KLLA0_C17358r,0,0,0,0
gene-KLLA0_C17380g,3248,3080,2308,2569
gene-KLLA0_C17402g,519,517,753,884
gene-KLLA0_C17424g,81,63,688,861
gene-KLLA0_C17446g,3128,2833,1673,2092
gene-KLLA0_C17468g,849,708,663,695
gene-KLLA0_C17490g,348,309,224,268
gene-KLLA0_C17512g,1805,1820,1390,1480
gene-KLLA0_C17534g,2099,2073,1428,1584
gene-KLLA0_C17556g,906,770,2754,3038
gene-KLLA0_C17578g,3163,3168,3383,3622
gene-KLLA0_C17600g,5991,5411,6756,6745
gene-KLLA0_C17622g,1353,1247,795,807
gene-KLLA0_C17644g,5328,5248,3748,4203
gene-KLLA0_C17666g,2444,2548,2597,2688
gene-KLLA0_C17688g,818,815,964,1193
gene-KLLA0_C17710g,959,989,842,892
gene-KLLA0_C17732g,3477,3314,2555,2811
gene-KLLA0_C17754g,1059,970,695,784
gene-KLLA0_C17776g,1488,1436,1280,1457
gene-KLLA0_C17798g,2384,2455,1953,2096
gene-KLLA0_C17820g,730,723,458,539
gene-KLLA0_C17842g,4438,3840,2229,2793
gene-KLLA0_C17864g,687,696,280,335
gene-KLLA0_C17886r,0,0,0,0
gene-KLLA0_C17908r,0,0,0,0
gene-KLLA0_C17930g,259,241,125,152
gene-KLLA0_C17941g,159,176,110,109
gene-KLLA0_C17963g,1337,1233,834,1038
gene-KLLA0_C17985g,7219,6851,5172,5399
gene-KLLA0_C18007g,1016,977,775,865
gene-KLLA0_C18029g,905,805,669,788
gene-KLLA0_C18051g,3786,3501,2446,2589
gene-KLLA0_C18073r,0,0,0,0
gene-KLLA0_C18117g,180,126,854,1355
gene-KLLA0_C18139g,1252,1099,593,761
gene-KLLA0_C18161g,891,804,581,722
gene-KLLA0_C18172g,116,122,125,116
gene-KLLA0_C18194g,1697,1558,1162,1266
gene-KLLA0_C18216g,2697,2055,1507,2108
gene-KLLA0_C18238g,2018,2075,1757,2063
gene-KLLA0_C18260g,209,206,274,305
gene-KLLA0_C18282g,1088,1049,704,734
gene-KLLA0_C18315g,1231,1084,836,835
gene-KLLA0_C18337g,934,937,608,732
gene-KLLA0_C18359g,1298,1252,946,992
gene-KLLA0_C18381g,569,645,597,691
gene-KLLA0_C18403g,222,130,215,285
gene-KLLA0_C18425g,54,54,53,61
gene-KLLA0_C18447g,1842,1783,1257,1520
gene-KLLA0_C18469g,20863,19449,9449,12843
gene-KLLA0_C18480r,0,0,0,0
gene-KLLA0_C18491g,1681,1734,942,1064
gene-KLLA0_C18513g,3428,3097,3896,4671
gene-KLLA0_C18546g,142,148,222,240
gene-KLLA0_C18568g,3733,3764,1868,2054
gene-KLLA0_C18590g,1706,1748,893,957
gene-KLLA0_C18612g,7337,7121,5010,5036
gene-KLLA0_C18634g,2771,2566,1592,1828
gene-KLLA0_C18656g,1467,1399,963,1117
gene-KLLA0_C18678g,735,663,518,598
gene-KLLA0_C18700g,946,989,681,652
gene-KLLA0_C18711g,0,0,0,0
gene-KLLA0_C18722g,356,380,235,215
gene-KLLA0_C18744g,999,911,7189,8923
gene-KLLA0_C18755g,10,16,12,8
gene-KLLA0_C18777g,264,270,533,591
gene-KLLA0_C18799g,4367,3884,3491,3613
gene-KLLA0_C18821g,2403,2354,1801,1628
gene-KLLA0_C18843g,288,231,1962,2293
gene-KLLA0_C18865g,146,131,745,808
gene-KLLA0_C18887g,27937,29369,56736,73601
gene-KLLA0_C18909g,864,842,358,373
gene-KLLA0_C18931g,303,316,190,200
gene-KLLA0_C18953g,1750,1828,1210,1390
gene-KLLA0_C18975g,1210,1150,479,485
gene-KLLA0_C18997g,5,1,2,1
gene-KLLA0_C19019g,460,461,487,544
gene-KLLA0_C19041g,249,266,246,282
gene-KLLA0_C19063g,1520,1510,1055,1417
gene-KLLA0_C19085g,303,220,226,317
gene-KLLA0_C19107g,797,813,274,400
gene-KLLA0_C19132g,7,6,12,9
gene-KLLA0_C19184g,106,84,200,280
gene-KLLA0_C19206g,98,78,522,654
gene-KLLA0_C19228g,603,549,570,573
gene-KLLA0_C19250g,465,437,1226,1306
gene-KLLA0_C19272g,1658,1664,1890,2250
gene-KLLA0_C19316g,323,329,277,300
gene-KLLA0_C19327g,56,59,82,120
gene-KLLA0_C19338g,475,436,5724,6491
gene-KLLA0_C19360g,3569,3447,7293,9396
gene-KLLA0_C19382g,679,715,772,768
gene-KLLA0_C19437g,800,647,540,630
gene-KLLA0_C19547g,178,189,183,235
gene-KLLA0_D00143g,258,204,105,56
gene-KLLA0_D00157g,26,35,32,34
gene-KLLA0_D00187g,1005,784,422,453
gene-KLLA0_D00209g,40,26,31,15
gene-KLLA0_D00231g,1206,1412,1335,1660
gene-KLLA0_D00253g,249,259,230,208
gene-KLLA0_D00258g,28972,24504,72,63
gene-KLLA0_D00264g,11431,11730,721,708
gene-KLLA0_D00269g,18,19,17,18
gene-KLLA0_D00275g,318,285,1691,1872
gene-KLLA0_D00330g,1059,1065,898,1022
gene-KLLA0_D00352g,158,181,111,124
gene-KLLA0_D00374g,420,391,240,240
gene-KLLA0_D00396g,1384,1279,733,807
gene-KLLA0_D00418g,559,501,490,492
gene-KLLA0_D00440g,1782,1765,959,1053
gene-KLLA0_D00462g,4327,5803,2142,2381
gene-KLLA0_D00484g,2067,2076,2017,2010
gene-KLLA0_D00506g,171,191,114,112
gene-KLLA0_D00528g,1406,1453,1157,1260
gene-KLLA0_D00550g,2512,2155,3962,4368
gene-KLLA0_D00572g,4,2,1,2
gene-KLLA0_D00594g,126,88,565,669
gene-KLLA0_D00616g,741,700,863,1002
gene-KLLA0_D00638g,1763,1803,876,865
gene-KLLA0_D00660g,211,181,70,68
gene-KLLA0_D00682g,284,247,192,276
gene-KLLA0_D00704g,2251,2191,606,740
gene-KLLA0_D00726g,1052,976,576,528
gene-KLLA0_D00748g,3842,3912,2086,2218
gene-KLLA0_D00792g,3143,2854,1926,2082
gene-KLLA0_D00814g,1677,1625,790,1020
gene-KLLA0_D00836g,3825,3506,3770,4561
gene-KLLA0_D00858g,5053,4942,2415,2936
gene-KLLA0_D00880g,47,71,53,65
gene-KLLA0_D00902g,11847,11736,6628,7447
gene-KLLA0_D00935r,0,0,0,0
gene-KLLA0_D00979g,15331,15504,13048,14821
gene-KLLA0_D01001g,300,257,234,242
gene-KLLA0_D01023g,100,88,725,964
gene-KLLA0_D01045g,978,933,732,645
gene-KLLA0_D01067g,1671,1586,952,1174
gene-KLLA0_D01089g,1198,1096,754,898
gene-KLLA0_D01111g,365,330,590,696
gene-KLLA0_D01133g,705,760,629,657
gene-KLLA0_D01155g,10847,10148,3272,4250
gene-KLLA0_D01177r,0,0,0,0
gene-KLLA0_D01221g,2232,2160,1698,1753
gene-KLLA0_D01243g,1909,1757,586,630
gene-KLLA0_D01265g,2801,2766,1296,1640
gene-KLLA0_D01287g,2344,2091,486,543
gene-KLLA0_D01309g,384,417,950,1116
gene-KLLA0_D01331g,1117,901,1115,1311
gene-KLLA0_D01364r,0,0,0,0
gene-KLLA0_D01386g,123,94,163,167
gene-KLLA0_D01408g,1492,1450,961,1146
gene-KLLA0_D01430g,686,598,401,536
gene-KLLA0_D01452g,2907,2941,3317,3039
gene-KLLA0_D01485g,4770,4735,3096,2896
gene-KLLA0_D01507g,2048,2123,1966,2273
gene-KLLA0_D01529g,2332,2087,1481,1868
gene-KLLA0_D01551g,2746,2545,4233,5205
gene-KLLA0_D01573g,1895,1858,965,1075
gene-KLLA0_D01595g,1943,1984,1093,1172
gene-KLLA0_D01617g,2089,1837,1398,1427
gene-KLLA0_D01639g,2282,2141,5626,6660
gene-KLLA0_D01661g,266,235,261,317
gene-KLLA0_D01683g,1567,1713,1294,1112
gene-KLLA0_D01705g,1656,1694,1574,1603
gene-KLLA0_D01727r,0,0,0,0
gene-KLLA0_D01771g,2920,2740,2694,3584
gene-KLLA0_D01793g,2862,2865,1829,2006
gene-KLLA0_D01815g,766,708,609,587
gene-KLLA0_D01837g,1306,1237,908,936
gene-KLLA0_D01859g,5054,4926,3058,3164
gene-KLLA0_D01881g,383,348,240,256
gene-KLLA0_D01903g,4949,4551,2505,3264
gene-KLLA0_D01925g,1652,1558,1061,1228
gene-KLLA0_D01947g,732,624,674,779
gene-KLLA0_D01958g,960,1014,896,950
gene-KLLA0_D01980g,161,159,192,205
gene-KLLA0_D02002g,4406,3751,899,1414
gene-KLLA0_D02024g,3166,2828,1867,1974
gene-KLLA0_D02046g,713,662,1502,2000
gene-KLLA0_D02068g,49,50,22,22
gene-KLLA0_D02090g,1774,1698,1299,1471
gene-KLLA0_D02112g,8,7,6,10
gene-KLLA0_D02134g,4053,3947,3311,3581
gene-KLLA0_D02156g,2551,2387,1710,1896
gene-KLLA0_D02178g,624,626,506,524
gene-KLLA0_D02200g,513,428,362,372
gene-KLLA0_D02222g,1092,1035,539,685
gene-KLLA0_D02244g,4980,4692,3031,3275
gene-KLLA0_D02266g,1284,1225,660,768
gene-KLLA0_D02288g,2013,1930,1400,1499
gene-KLLA0_D02310g,6659,6505,3728,4120
gene-KLLA0_D02332g,1,1,7,4
gene-KLLA0_D02354g,163,132,280,274
gene-KLLA0_D02376g,1851,1632,1334,1873
gene-KLLA0_D02398g,9982,9988,5525,5732
gene-KLLA0_D02420g,5,5,7,4
gene-KLLA0_D02442g,5417,5673,4139,3873
gene-KLLA0_D02464g,774,711,452,549
gene-KLLA0_D02486g,1051,1056,737,901
gene-KLLA0_D02508g,852,748,677,726
gene-KLLA0_D02530g,6219,5981,3876,4342
gene-KLLA0_D02552g,2292,2175,1785,1829
gene-KLLA0_D02574g,1323,1209,719,931
gene-KLLA0_D02596g,404,390,297,362
gene-KLLA0_D02618g,2509,2523,1387,1378
gene-KLLA0_D02640g,2874,3038,742,876
gene-KLLA0_D02662r,0,0,0,0
gene-KLLA0_D02684g,1162,1227,855,1161
gene-KLLA0_D02706g,8148,8636,4953,5626
gene-KLLA0_D02728g,600,565,362,354
gene-KLLA0_D02750g,395,402,300,297
gene-KLLA0_D02772g,1386,1254,823,876
gene-KLLA0_D02794g,2146,2162,1282,1532
gene-KLLA0_D02816g,1539,1404,818,1096
gene-KLLA0_D02838g,1629,1488,1111,1347
gene-KLLA0_D02860g,2562,2573,2805,2995
gene-KLLA0_D02882g,3187,2792,1665,1825
gene-KLLA0_D02904g,213,219,116,157
gene-KLLA0_D02926g,2611,2265,1641,1870
gene-KLLA0_D02948g,401,336,778,845
gene-KLLA0_D02970g,313,336,315,391
gene-KLLA0_D02992g,760,671,351,436
gene-KLLA0_D03014g,22,27,28,16
gene-KLLA0_D03036g,2827,2669,1703,1966
gene-KLLA0_D03058g,2193,2098,1004,1096
gene-KLLA0_D03080r,0,0,0,0
gene-KLLA0_D03102r,0,0,0,0
gene-KLLA0_D03124r,0,0,0,0
gene-KLLA0_D03146g,1131,1121,505,656
gene-KLLA0_D03168g,3718,3555,3694,3839
gene-KLLA0_D03190g,6346,6178,3307,3897
gene-KLLA0_D03212g,1324,1257,1035,1161
gene-KLLA0_D03234g,513,420,247,362
gene-KLLA0_D03256g,1240,1344,1123,1075
gene-KLLA0_D03278g,269,317,403,374
gene-KLLA0_D03322g,2067,2049,1580,1341
gene-KLLA0_D03333g,0,0,0,1
gene-KLLA0_D03344g,568,626,484,557
gene-KLLA0_D03366g,384,382,234,365
gene-KLLA0_D03388g,1729,1555,902,971
gene-KLLA0_D03399r,0,0,0,0
gene-KLLA0_D03410g,11570,10079,9905,11425
gene-KLLA0_D03421r,0,1,0,0
gene-KLLA0_D03432g,6749,6519,4315,4496
gene-KLLA0_D03454g,651,643,827,889
gene-KLLA0_D03476g,2715,3023,9623,9759
gene-KLLA0_D03498g,2898,2703,1390,1474
gene-KLLA0_D03520g,503,468,377,467
gene-KLLA0_D03542g,5550,5365,3535,3829
gene-KLLA0_D03564r,0,0,0,0
gene-KLLA0_D03608g,7376,7059,5322,6797
gene-KLLA0_D03630g,2544,2238,2256,2479
gene-KLLA0_D03652g,2012,1828,1972,2302
gene-KLLA0_D03674g,761,772,660,712
gene-KLLA0_D03696g,7928,6942,2453,3244
gene-KLLA0_D03718g,960,915,668,808
gene-KLLA0_D03740g,145,115,132,145
gene-KLLA0_D03751g,145,139,131,176
gene-KLLA0_D03773g,444,424,264,387
gene-KLLA0_D03795g,359,358,220,252
gene-KLLA0_D03817g,586,520,458,493
gene-KLLA0_D03839g,9566,8985,6101,7447
gene-KLLA0_D03861g,2564,2496,904,1057
gene-KLLA0_D03883g,1247,1116,902,958
gene-KLLA0_D03905g,491,467,258,344
gene-KLLA0_D03927g,407,366,249,351
gene-KLLA0_D03949g,556,486,391,464
gene-KLLA0_D03971g,85,87,62,80
gene-KLLA0_D03993r,0,0,0,0
gene-KLLA0_D04037g,1323,1246,1032,1125
gene-KLLA0_D04059g,3877,4050,2188,2365
gene-KLLA0_D04092g,1222,1236,838,944
gene-KLLA0_D04114g,6386,6383,3985,4935
gene-KLLA0_D04136g,2552,2468,1597,1878
gene-KLLA0_D04158g,1965,1963,1777,1520
gene-KLLA0_D04181g,0,0,0,0
gene-KLLA0_D04202g,1657,1640,1283,1555
gene-KLLA0_D04224g,103172,99733,5834,7051
gene-KLLA0_D04246r,0,0,0,0
gene-KLLA0_D04334g,1250,900,721,959
gene-KLLA0_D04356g,931,1001,438,480
gene-KLLA0_D04378g,324,347,460,517
gene-KLLA0_D04400g,1227,1108,722,943
gene-KLLA0_D04422g,6503,5992,3046,3063
gene-KLLA0_D04444g,12056,11656,13506,16030
gene-KLLA0_D04466g,640,684,343,391
gene-KLLA0_D04488g,12282,11579,6223,6769
gene-KLLA0_D04510g,1346,1435,1467,1903
gene-KLLA0_D04532g,376,347,552,612
gene-KLLA0_D04554g,4942,5273,2748,3078
gene-KLLA0_D04576g,558,512,346,375
gene-KLLA0_D04598g,2043,2150,1307,1420
gene-KLLA0_D04620r,0,0,0,0
gene-KLLA0_D04664g,2702,2683,1196,1217
gene-KLLA0_D04686g,774,665,778,940
gene-KLLA0_D04708g,2314,2306,2284,2252
gene-KLLA0_D04730r,0,0,0,0
gene-KLLA0_D04752g,462,454,254,267
gene-KLLA0_D04774g,1610,1474,907,870
gene-KLLA0_D04796g,2162,1786,6418,7446
gene-KLLA0_D04818g,11525,10735,1550,1654
gene-KLLA0_D04840g,1393,1278,713,759
gene-KLLA0_D04862g,842,757,1062,1015
gene-KLLA0_D04884g,120,90,998,1212
gene-KLLA0_D04906g,1755,1702,3331,3803
gene-KLLA0_D04928g,5269,5004,2897,3477
gene-KLLA0_D04950g,1514,1363,1065,1371
gene-KLLA0_D04972g,340,301,282,326
gene-KLLA0_D04994g,2313,2331,1644,1634
gene-KLLA0_D05016g,4174,3767,2995,3408
gene-KLLA0_D05038g,1035,1031,626,817
gene-KLLA0_D05060g,780,674,1137,1411
gene-KLLA0_D05082g,4277,3566,3441,5078
gene-KLLA0_D05115g,27314,23323,16886,19380
gene-KLLA0_D05137g,8457,7529,5664,6320
gene-KLLA0_D05159g,902,902,626,674
gene-KLLA0_D05181g,6232,5640,3917,4299
gene-KLLA0_D05203g,140,150,345,500
gene-KLLA0_D05225g,1098,1002,743,780
gene-KLLA0_D05247g,184,195,1420,1479
gene-KLLA0_D05269g,5480,5176,3610,4026
gene-KLLA0_D05291g,2356,2107,1298,1242
gene-KLLA0_D05313g,4035,3850,2509,3164
gene-KLLA0_D05335g,1200,1183,693,943
gene-KLLA0_D05357g,49586,47419,36791,45567
gene-KLLA0_D05379g,54,69,102,86
gene-KLLA0_D05401g,1110,1098,1021,1200
gene-KLLA0_D05423g,490,590,605,705
gene-KLLA0_D05445g,39,23,244,262
gene-KLLA0_D05467g,4118,3860,3022,3392
gene-KLLA0_D05489g,1954,1838,1679,1863
gene-KLLA0_D05511g,1361,1798,2434,2919
gene-KLLA0_D05533g,2457,2506,1878,1999
gene-KLLA0_D05555g,1662,1663,982,1083
gene-KLLA0_D05577g,71,52,135,171
gene-KLLA0_D05599g,896,801,512,588
gene-KLLA0_D05621g,101,75,508,707
gene-KLLA0_D05643g,34190,31001,20626,25760
gene-KLLA0_D05709g,11136,10209,4097,5580
gene-KLLA0_D05731g,844,826,406,571
gene-KLLA0_D05753g,3317,2958,2191,2925
gene-KLLA0_D05775g,1429,1306,803,951
gene-KLLA0_D05797g,1143,1106,997,1109
gene-KLLA0_D05819g,1605,1511,700,848
gene-KLLA0_D05841g,331,275,147,200
gene-KLLA0_D05863g,3815,3670,2135,2593
gene-KLLA0_D05885g,1710,1607,993,1068
gene-KLLA0_D05907g,707,777,470,560
gene-KLLA0_D05929g,8064,8027,5814,7151
gene-KLLA0_D05951g,1531,1417,983,1008
gene-KLLA0_D05973g,155,143,343,384
gene-KLLA0_D05995g,152,122,232,289
gene-KLLA0_D06017g,1998,2017,1644,1824
gene-KLLA0_D06039g,1083,903,784,971
gene-KLLA0_D06061g,1276,1237,1322,1561
gene-KLLA0_D06083g,39,57,76,95
gene-KLLA0_D06105g,9598,8929,10486,11834
gene-KLLA0_D06127g,820,798,682,776
gene-KLLA0_D06149g,934,860,579,666
gene-KLLA0_D06171g,3176,3282,1672,1788
gene-KLLA0_D06193g,258,254,81,71
gene-KLLA0_D06215g,2003,2110,755,1010
gene-KLLA0_D06237g,5036,4912,3134,3501
gene-KLLA0_D06259g,3321,3191,2027,2273
gene-KLLA0_D06281g,2528,2480,1450,1477
gene-KLLA0_D06303g,562,523,358,448
gene-KLLA0_D06336r,0,0,0,0
gene-KLLA0_D06380g,10614,10267,3045,3295
gene-KLLA0_D06402g,4265,4034,731,838
gene-KLLA0_D06424g,27891,28881,19095,22474
gene-KLLA0_D06446g,910,953,1081,1137
gene-KLLA0_D06479g,4027,3766,436,481
gene-KLLA0_D06501g,479,430,290,331
gene-KLLA0_D06523g,1167,1102,578,550
gene-KLLA0_D06545r,0,0,0,0
gene-KLLA0_D06567g,2133,1891,678,745
gene-KLLA0_D06589g,257,227,190,284
gene-KLLA0_D06611g,2377,2473,1355,1241
gene-KLLA0_D06633g,2362,2319,1917,2030
gene-KLLA0_D06655g,2445,2359,1763,2060
gene-KLLA0_D06677g,340,256,1914,1905
gene-KLLA0_D06699g,53,51,63,106
gene-KLLA0_D06721g,1891,1908,1740,2038
gene-KLLA0_D06765g,24,20,170,214
gene-KLLA0_D06787g,386,296,588,674
gene-KLLA0_D06809g,54,73,75,77
gene-KLLA0_D06831g,2603,2376,1435,1751
gene-KLLA0_D06853g,925,844,500,715
gene-KLLA0_D06875g,1491,1382,921,992
gene-KLLA0_D06897g,2318,2264,1646,1870
gene-KLLA0_D06919g,1380,1280,1079,1235
gene-KLLA0_D06941g,46834,41404,32782,38829
gene-KLLA0_D06963g,48,65,23,43
gene-KLLA0_D06985g,1237,1078,879,933
gene-KLLA0_D07007g,908,815,708,774
gene-KLLA0_D07029g,877,1105,455,441
gene-KLLA0_D07051g,380,353,391,460
gene-KLLA0_D07073g,1706,1499,4812,5950
gene-KLLA0_D07095g,769,645,468,485
gene-KLLA0_D07117g,2899,3002,953,1035
gene-KLLA0_D07139g,538,395,666,889
gene-KLLA0_D07161g,1940,1993,705,855
gene-KLLA0_D07216g,5484,5719,3126,3307
gene-KLLA0_D07238g,375,397,226,229
gene-KLLA0_D07260g,591,566,396,472
gene-KLLA0_D07282g,1965,1983,1158,1401
gene-KLLA0_D07304g,1810,1716,1105,980
gene-KLLA0_D07326g,1049,901,862,1172
gene-KLLA0_D07348g,1290,1315,1251,1248
gene-KLLA0_D07370g,412,358,231,316
gene-KLLA0_D07405g,15332,12759,8263,12359
gene-KLLA0_D07408r,10,18,26,38
gene-KLLA0_D07414g,612,617,633,782
gene-KLLA0_D07436g,218,178,247,244
gene-KLLA0_D07458g,872,877,565,695
gene-KLLA0_D07480g,3894,3748,3662,4564
gene-KLLA0_D07502g,2253,2169,2013,2333
gene-KLLA0_D07524g,479,407,616,808
gene-KLLA0_D07546g,1368,1328,1495,1604
gene-KLLA0_D07568g,3194,3128,2754,3362
gene-KLLA0_D07579g,288,237,135,139
gene-KLLA0_D07590g,2849,2672,1885,2123
gene-KLLA0_D07612g,1046,775,842,1041
gene-KLLA0_D07634g,37389,48500,30046,40667
gene-KLLA0_D07656g,2429,2355,774,831
gene-KLLA0_D07678g,65,37,33,64
gene-KLLA0_D07700g,1429,1204,602,715
gene-KLLA0_D07722g,301,290,240,304
gene-KLLA0_D07744g,537,505,713,813
gene-KLLA0_D07766g,567,557,671,568
gene-KLLA0_D07788g,811,701,609,624
gene-KLLA0_D07810g,2540,2452,2208,2008
gene-KLLA0_D07832g,16724,14670,10023,13762
gene-KLLA0_D07854g,1193,1151,984,1246
gene-KLLA0_D07876g,22,25,26,23
gene-KLLA0_D07898g,3252,3091,3086,3654
gene-KLLA0_D07920g,444,388,429,520
gene-KLLA0_D07942g,2537,2358,1745,1720
gene-KLLA0_D07964g,1098,1013,681,768
gene-KLLA0_D07986g,1342,1204,1054,1110
gene-KLLA0_D08008g,202,162,323,342
gene-KLLA0_D08030g,2229,2275,1996,2388
gene-KLLA0_D08052g,2928,2846,2093,2588
gene-KLLA0_D08074g,678,662,430,544
gene-KLLA0_D08096g,2323,2143,2360,2746
gene-KLLA0_D08118g,2048,2103,1183,1207
gene-KLLA0_D08140r,0,0,0,0
gene-KLLA0_D08184g,10880,11423,5995,6891
gene-KLLA0_D08206g,112,114,634,698
gene-KLLA0_D08239g,552,632,599,689
gene-KLLA0_D08261g,2033,1953,1607,1930
gene-KLLA0_D08283g,2552,2212,1544,1873
gene-KLLA0_D08305g,33760,29767,23247,31333
gene-KLLA0_D08327g,1315,1135,1217,1422
gene-KLLA0_D08349g,797,739,717,843
gene-KLLA0_D08371g,114,106,653,763
gene-KLLA0_D08393g,53,51,743,644
gene-KLLA0_D08415g,3785,3712,3581,3376
gene-KLLA0_D08437g,665,647,473,598
gene-KLLA0_D08459g,497,443,1167,1257
gene-KLLA0_D08481g,16301,16368,6131,7233
gene-KLLA0_D08503g,476,380,354,365
gene-KLLA0_D08514g,359,318,449,527
gene-KLLA0_D08536g,347,335,311,405
gene-KLLA0_D08558g,313,295,219,284
gene-KLLA0_D08580g,4608,4375,3603,4361
gene-KLLA0_D08624g,3390,3047,1925,1809
gene-KLLA0_D08646g,6235,5701,543,536
gene-KLLA0_D08668g,555,519,802,848
gene-KLLA0_D08690g,512,591,605,686
gene-KLLA0_D08712g,5992,5447,10038,11692
gene-KLLA0_D08734g,330,359,628,640
gene-KLLA0_D08767r,0,0,0,0
gene-KLLA0_D08789g,13,12,7,17
gene-KLLA0_D08811g,85,94,114,155
gene-KLLA0_D08833g,0,0,0,0
gene-KLLA0_D08844r,0,0,0,0
gene-KLLA0_D08866g,6528,6319,6315,7932
gene-KLLA0_D08888g,393,373,594,689
gene-KLLA0_D08910g,52,70,232,296
gene-KLLA0_D08932g,6798,6729,4887,5432
gene-KLLA0_D08954g,1784,1601,1054,1323
gene-KLLA0_D08976g,597,557,388,405
gene-KLLA0_D08998g,1232,1184,797,876
gene-KLLA0_D09020g,3273,3082,2274,2674
gene-KLLA0_D09042g,583,523,619,771
gene-KLLA0_D09064g,1159,1005,749,978
gene-KLLA0_D09086g,687,591,338,453
gene-KLLA0_D09108g,732,714,488,546
gene-KLLA0_D09130g,681,549,364,421
gene-KLLA0_D09152g,14680,14623,9651,11935
gene-KLLA0_D09174g,642,687,1126,1188
gene-KLLA0_D09196g,2181,2161,1956,2023
gene-KLLA0_D09218g,5,3,1,3
gene-KLLA0_D09240g,1135,1299,2346,2085
gene-KLLA0_D09262g,2718,2521,1769,1858
gene-KLLA0_D09284g,196,157,138,153
gene-KLLA0_D09306g,4574,4694,3357,3380
gene-KLLA0_D09328g,1971,1992,1261,1332
gene-KLLA0_D09350g,6862,6656,3699,3889
gene-KLLA0_D09372r,0,0,0,1
gene-KLLA0_D09394g,1386,1357,906,1013
gene-KLLA0_D09416g,182,196,103,104
gene-KLLA0_D09438g,408,410,231,314
gene-KLLA0_D09460g,957,905,462,577
gene-KLLA0_D09482g,976,980,693,766
gene-KLLA0_D09504g,53,62,875,903
gene-KLLA0_D09526g,147,106,187,199
gene-KLLA0_D09559g,33747,32775,3724,4277
gene-KLLA0_D09581g,2227,1982,1185,1146
gene-KLLA0_D09603g,2714,2676,1259,1337
gene-KLLA0_D09625g,254,235,409,434
gene-KLLA0_D09647g,725,676,479,514
gene-KLLA0_D09669g,407,325,151,208
gene-KLLA0_D09691g,1410,1339,922,1123
gene-KLLA0_D09713g,173,119,262,251
gene-KLLA0_D09735g,127,90,849,989
gene-KLLA0_D09757g,160,149,1025,1207
gene-KLLA0_D09779g,3613,3733,3211,3605
gene-KLLA0_D09801g,1991,2064,1394,1632
gene-KLLA0_D09823r,0,0,0,0
gene-KLLA0_D09845r,0,0,0,0
gene-KLLA0_D09867g,2430,2254,1659,1881
gene-KLLA0_D09889g,675,614,570,598
gene-KLLA0_D09911g,450,357,477,554
gene-KLLA0_D09933g,873,889,397,512
gene-KLLA0_D09955g,1100,1022,503,604
gene-KLLA0_D09977g,621,558,341,387
gene-KLLA0_D09999g,2603,2907,1397,1715
gene-KLLA0_D10021g,1996,1951,1012,1179
gene-KLLA0_D10043g,1798,1817,1376,1410
gene-KLLA0_D10065g,3548,3674,2778,3360
gene-KLLA0_D10109g,20531,18884,22094,26706
gene-KLLA0_D10131g,700,661,435,537
gene-KLLA0_D10153g,765,725,326,351
gene-KLLA0_D10175g,2981,2439,600,654
gene-KLLA0_D10197g,1269,1244,1007,1157
gene-KLLA0_D10219g,531,509,637,806
gene-KLLA0_D10241g,4689,4147,3059,3523
gene-KLLA0_D10263g,793,868,699,744
gene-KLLA0_D10285g,717,786,805,982
gene-KLLA0_D10307g,344,327,256,221
gene-KLLA0_D10329g,411,339,314,355
gene-KLLA0_D10351g,191,187,1770,2085
gene-KLLA0_D10373g,4177,4054,1669,1880
gene-KLLA0_D10395g,321,231,221,238
gene-KLLA0_D10417g,64,59,73,104
gene-KLLA0_D10439g,34184,38837,16340,20213
gene-KLLA0_D10461g,3545,3411,2330,2686
gene-KLLA0_D10483g,2050,2117,1462,1651
gene-KLLA0_D10505g,5343,4879,12444,14371
gene-KLLA0_D10527g,1227,1098,761,811
gene-KLLA0_D10549g,471,471,965,1097
gene-KLLA0_D10571g,9558,8824,7768,8996
gene-KLLA0_D10593g,452,399,629,605
gene-KLLA0_D10615g,457,418,586,714
gene-KLLA0_D10637g,407,393,331,368
gene-KLLA0_D10659g,33129,31003,21790,26880
gene-KLLA0_D10681g,878,788,598,672
gene-KLLA0_D10703g,67395,64074,24797,29201
gene-KLLA0_D10736g,5153,4982,5282,6525
gene-KLLA0_D10758g,706,689,647,742
gene-KLLA0_D10780g,469,364,276,338
gene-KLLA0_D10802g,2073,1994,1135,1345
gene-KLLA0_D10824g,6246,6178,2567,2853
gene-KLLA0_D10846g,4352,4530,3233,3450
gene-KLLA0_D10868g,1618,1498,2261,2994
gene-KLLA0_D10890g,20459,18814,5934,7132
gene-KLLA0_D10912g,1024,986,585,666
gene-KLLA0_D10934g,192,191,135,132
gene-KLLA0_D10956g,1957,1752,1851,2135
gene-KLLA0_D10978g,585,564,335,371
gene-KLLA0_D11000g,17484,18915,6569,8080
gene-KLLA0_D11022g,3661,3488,1599,1756
gene-KLLA0_D11044g,6233,5693,4475,4716
gene-KLLA0_D11066g,11843,10763,352,343
gene-KLLA0_D11088g,5010,4058,180,226
gene-KLLA0_D11110g,896,945,1847,2160
gene-KLLA0_D11132g,659,550,310,416
gene-KLLA0_D11143g,397,352,270,370
gene-KLLA0_D11154g,15622,14661,8895,10484
gene-KLLA0_D11176r,0,0,0,0
gene-KLLA0_D11198g,1693,1692,1713,1932
gene-KLLA0_D11200r,0,0,0,0
gene-KLLA0_D11203r,0,0,0,0
gene-KLLA0_D11206r,0,0,0,0
gene-KLLA0_D11209r,0,0,0,0
gene-KLLA0_D11211r,0,0,0,0
gene-KLLA0_D11214r,0,0,0,1
gene-KLLA0_D11217r,0,0,0,0
gene-KLLA0_D11220g,187,177,522,521
gene-KLLA0_D11242g,6101,5531,20349,24512
gene-KLLA0_D11264g,362,448,239,239
gene-KLLA0_D11286g,993,1037,885,975
gene-KLLA0_D11308g,948,921,754,877
gene-KLLA0_D11330g,1490,1364,1131,1301
gene-KLLA0_D11352g,52147,49752,40867,52086
gene-KLLA0_D11374g,2534,2281,789,1013
gene-KLLA0_D11396g,9660,9090,5044,5747
gene-KLLA0_D11418g,294,273,218,265
gene-KLLA0_D11440g,1138,1023,486,617
gene-KLLA0_D11462g,847,925,411,406
gene-KLLA0_D11484g,6495,6291,4165,4885
gene-KLLA0_D11506g,3924,3622,1996,2473
gene-KLLA0_D11528g,1063,1014,652,791
gene-KLLA0_D11550g,1568,1260,1021,1191
gene-KLLA0_D11572g,1407,1223,849,861
gene-KLLA0_D11594g,3231,3182,1644,2052
gene-KLLA0_D11638g,495,486,366,367
gene-KLLA0_D11660g,2810,2674,7686,8329
gene-KLLA0_D11682g,36,52,25,31
gene-KLLA0_D11704g,1425,1430,884,1123
gene-KLLA0_D11726g,58,41,48,47
gene-KLLA0_D11748g,1597,1566,958,1080
gene-KLLA0_D11770g,147,128,242,245
gene-KLLA0_D11792g,147,77,1189,1329
gene-KLLA0_D11814g,616,610,401,350
gene-KLLA0_D11836g,215,180,200,265
gene-KLLA0_D11858g,1756,1619,1235,1236
gene-KLLA0_D11880g,954,847,1011,1110
gene-KLLA0_D11902g,350,275,233,274
gene-KLLA0_D11924g,7117,6548,4023,5145
gene-KLLA0_D11946g,6778,6902,5031,4789
gene-KLLA0_D11968g,202,185,444,525
gene-KLLA0_D11990g,1678,1418,1154,1389
gene-KLLA0_D12012g,459,429,694,793
gene-KLLA0_D12034g,509,493,620,668
gene-KLLA0_D12056g,5946,5428,12189,13950
gene-KLLA0_D12078g,537,529,320,347
gene-KLLA0_D12100g,3398,2973,7573,9852
gene-KLLA0_D12122g,64,69,19,42
gene-KLLA0_D12144g,83,123,41,38
gene-KLLA0_D12166g,212,186,157,165
gene-KLLA0_D12188g,2049,1934,1835,2127
gene-KLLA0_D12210g,1318,1318,804,809
gene-KLLA0_D12232g,3323,3099,2225,2217
gene-KLLA0_D12254g,1438,1266,4483,5799
gene-KLLA0_D12276g,1108,1030,667,737
gene-KLLA0_D12298g,433,367,264,339
gene-KLLA0_D12320g,1133,1002,821,1019
gene-KLLA0_D12342g,16346,15613,8207,10085
gene-KLLA0_D12364g,248,254,796,821
gene-KLLA0_D12386g,719,595,617,750
gene-KLLA0_D12408g,468,454,328,399
gene-KLLA0_D12430g,969,1009,1489,1776
gene-KLLA0_D12452g,299,246,291,253
gene-KLLA0_D12474g,1576,1363,957,1137
gene-KLLA0_D12496g,2168,2125,1781,1925
gene-KLLA0_D12518g,649,579,707,684
gene-KLLA0_D12540g,11536,9872,7277,9942
gene-KLLA0_D12562g,2858,2509,2279,2683
gene-KLLA0_D12584g,2587,2512,1862,2233
gene-KLLA0_D12606g,658,647,338,398
gene-KLLA0_D12628g,399,394,180,180
gene-KLLA0_D12650g,348,354,162,216
gene-KLLA0_D12672g,2357,2370,1693,1428
gene-KLLA0_D12694g,2124,2346,1222,1307
gene-KLLA0_D12716g,749,783,992,1220
gene-KLLA0_D12738g,2383,2144,1081,1082
gene-KLLA0_D12760g,2472,2549,1274,1304
gene-KLLA0_D12782g,1064,939,907,1071
gene-KLLA0_D12804g,567,518,733,870
gene-KLLA0_D12826g,292,279,355,448
gene-KLLA0_D12848g,648,707,616,705
gene-KLLA0_D12870g,3258,2892,2906,3381
gene-KLLA0_D12892g,832,844,458,540
gene-KLLA0_D12914g,4262,4135,2947,3278
gene-KLLA0_D12936g,604,685,249,265
gene-KLLA0_D12958g,124797,120005,7131,8378
gene-KLLA0_D12980g,2314,2112,558,571
gene-KLLA0_D13002g,862,798,333,422
gene-KLLA0_D13024g,3579,3592,2442,2969
gene-KLLA0_D13046g,1435,1414,1116,1274
gene-KLLA0_D13068g,1646,1635,1185,1469
gene-KLLA0_D13079g,1,0,1,1
gene-KLLA0_D13090g,2087,1943,1674,2049
gene-KLLA0_D13112g,1710,1417,717,1069
gene-KLLA0_D13134g,1120,1080,701,856
gene-KLLA0_D13156g,1512,1536,1228,1342
gene-KLLA0_D13178g,1058,1111,685,824
gene-KLLA0_D13200g,1188,1039,783,880
gene-KLLA0_D13222g,441,400,1418,1656
gene-KLLA0_D13244g,2919,2748,1671,1833
gene-KLLA0_D13266g,1975,1977,1761,1942
gene-KLLA0_D13288g,0,1,1,0
gene-KLLA0_D13310g,14773,13687,33070,39829
gene-KLLA0_D13332g,2143,2034,2893,3320
gene-KLLA0_D13354g,1197,1090,859,913
gene-KLLA0_D13376g,1002,938,571,581
gene-KLLA0_D13398g,10364,10399,6076,5307
gene-KLLA0_D13420g,201,198,128,164
gene-KLLA0_D13442g,1044,1000,488,649
gene-KLLA0_D13464g,1536,1417,1114,1353
gene-KLLA0_D13486g,4331,4415,2113,2123
gene-KLLA0_D13508g,2364,2042,1313,1715
gene-KLLA0_D13530g,4145,4123,2477,2640
gene-KLLA0_D13552g,1581,1620,801,854
gene-KLLA0_D13566r,7,1,5,2
gene-KLLA0_D13574g,861,860,658,897
gene-KLLA0_D13596g,589,547,476,557
gene-KLLA0_D13618g,146,140,1513,1754
gene-KLLA0_D13640g,2582,2530,2025,2376
gene-KLLA0_D13662g,2217,2051,1426,1588
gene-KLLA0_D13684g,1399,1328,687,934
gene-KLLA0_D13706g,664,519,594,743
gene-KLLA0_D13728g,10435,9784,6983,8040
gene-KLLA0_D13750g,117,98,523,619
gene-KLLA0_D13772g,1675,1449,1125,1204
gene-KLLA0_D13816g,2970,2561,1253,1493
gene-KLLA0_D13838g,835,808,479,531
gene-KLLA0_D13860g,1641,1588,865,938
gene-KLLA0_D13871g,119,85,44,83
gene-KLLA0_D13882g,5111,5052,2560,3198
gene-KLLA0_D13904g,562,462,322,330
gene-KLLA0_D13926g,625,554,121,143
gene-KLLA0_D13948g,780,616,379,539
gene-KLLA0_D13970g,762,742,511,625
gene-KLLA0_D13992g,254,217,207,230
gene-KLLA0_D14014g,2101,2110,1572,1758
gene-KLLA0_D14036g,483,479,176,202
gene-KLLA0_D14058g,520,472,299,235
gene-KLLA0_D14113g,14121,12740,9775,11948
gene-KLLA0_D14135g,416,438,254,258
gene-KLLA0_D14157g,181,168,188,282
gene-KLLA0_D14179r,0,0,0,0
gene-KLLA0_D14201g,4324,4344,10433,12337
gene-KLLA0_D14223r,0,0,0,0
gene-KLLA0_D14267r,0,0,0,0
gene-KLLA0_D14289g,105,116,78,85
gene-KLLA0_D14311g,1527,1454,872,968
gene-KLLA0_D14333g,3015,2945,1629,2341
gene-KLLA0_D14355g,4547,4487,2275,2814
gene-KLLA0_D14377g,1984,1964,1749,1888
gene-KLLA0_D14399g,202,183,279,259
gene-KLLA0_D14421g,3507,3138,2621,2985
gene-KLLA0_D14443r,0,0,0,0
gene-KLLA0_D14465r,0,0,0,0
gene-KLLA0_D14487g,724,669,312,394
gene-KLLA0_D14509g,1172,1101,715,900
gene-KLLA0_D14531g,323,295,496,522
gene-KLLA0_D14553g,417,474,217,238
gene-KLLA0_D14575g,10,19,4,5
gene-KLLA0_D14597r,0,0,0,0
gene-KLLA0_D14641g,4410,4191,2035,2554
gene-KLLA0_D14663g,5883,5781,2942,3241
gene-KLLA0_D14685g,30840,40418,57908,62544
gene-KLLA0_D14707g,1781,1692,1739,1772
gene-KLLA0_D14762g,16,13,11,11
gene-KLLA0_D14784r,0,0,0,0
gene-KLLA0_D14806g,1572,1480,3606,3793
gene-KLLA0_D14828g,250,238,244,234
gene-KLLA0_D14861g,314,219,1584,1942
gene-KLLA0_D14883g,55,66,199,225
gene-KLLA0_D14905g,1520,1430,957,1122
gene-KLLA0_D14927g,475,477,825,969
gene-KLLA0_D14949g,154,153,1167,1316
gene-KLLA0_D14971g,11302,10780,9481,10449
gene-KLLA0_D14993g,132,102,365,478
gene-KLLA0_D15015g,431,335,386,480
gene-KLLA0_D15037g,1674,1664,1212,1449
gene-KLLA0_D15059g,3497,3219,2358,2817
gene-KLLA0_D15081g,2898,2844,1940,1829
gene-KLLA0_D15103g,323,324,270,317
gene-KLLA0_D15125g,317,292,251,339
gene-KLLA0_D15136g,1479,1442,892,999
gene-KLLA0_D15158g,398,347,305,314
gene-KLLA0_D15180g,1399,1340,1099,1061
gene-KLLA0_D15202g,2615,2593,1664,1868
gene-KLLA0_D15224g,1455,1324,718,861
gene-KLLA0_D15246g,614,576,356,372
gene-KLLA0_D15268g,226,223,1767,2315
gene-KLLA0_D15290g,351,317,224,293
gene-KLLA0_D15312g,173,102,123,142
gene-KLLA0_D15334g,3524,3213,2822,4000
gene-KLLA0_D15356g,613,651,454,491
gene-KLLA0_D15378g,1045,1095,1009,1086
gene-KLLA0_D15400g,87,89,87,97
gene-KLLA0_D15433r,0,0,0,0
gene-KLLA0_D15455g,3020,2760,1219,1575
gene-KLLA0_D15477r,0,0,0,0
gene-KLLA0_D15521g,532,559,694,839
gene-KLLA0_D15543g,3334,3150,3300,3638
gene-KLLA0_D15565g,746,731,605,644
gene-KLLA0_D15576g,123,105,398,482
gene-KLLA0_D15587r,0,0,0,0
gene-KLLA0_D15631g,515,443,389,372
gene-KLLA0_D15653g,2129,2052,985,1237
gene-KLLA0_D15675r,0,0,0,0
gene-KLLA0_D15697g,1428,1277,734,884
gene-KLLA0_D15719g,187,153,95,121
gene-KLLA0_D15741g,1045,894,716,614
gene-KLLA0_D15763g,345,326,198,248
gene-KLLA0_D15785r,0,0,0,0
gene-KLLA0_D15807g,450,492,376,407
gene-KLLA0_D15829g,270,250,188,198
gene-KLLA0_D15851g,1137,1070,770,784
gene-KLLA0_D15873g,413,349,1399,1662
gene-KLLA0_D15895g,915,735,515,683
gene-KLLA0_D15917g,16,13,8,21
gene-KLLA0_D15939g,1073,1107,831,1092
gene-KLLA0_D15961g,1718,1752,938,960
gene-KLLA0_D15983g,1936,2040,1635,2090
gene-KLLA0_D16005g,1100,986,941,893
gene-KLLA0_D16027g,57008,53805,32594,41942
gene-KLLA0_D16049g,74,74,101,95
gene-KLLA0_D16071g,3697,2619,2143,2428
gene-KLLA0_D16093g,3756,3062,1508,2155
gene-KLLA0_D16115g,5425,5081,1556,1493
gene-KLLA0_D16137g,116,108,653,625
gene-KLLA0_D16148g,1207,1111,1504,1877
gene-KLLA0_D16170g,1719,1614,1258,1520
gene-KLLA0_D16192g,522,472,214,296
gene-KLLA0_D16214g,2167,1909,1300,1463
gene-KLLA0_D16236g,20779,22260,9820,10423
gene-KLLA0_D16280g,5061,4719,2543,2657
gene-KLLA0_D16302g,2918,2573,1230,1319
gene-KLLA0_D16324g,671,648,372,474
gene-KLLA0_D16346g,1059,956,511,586
gene-KLLA0_D16368g,2673,2616,1950,1893
gene-KLLA0_D16390g,229,228,1219,1487
gene-KLLA0_D16412g,12263,11774,295,353
gene-KLLA0_D16434g,1684,1618,2205,2625
gene-KLLA0_D16456g,3393,3122,2478,2477
gene-KLLA0_D16478g,359,359,363,413
gene-KLLA0_D16500g,3275,3044,1121,1220
gene-KLLA0_D16522g,8839,8188,4751,5629
gene-KLLA0_D16544g,1795,1689,1339,1512
gene-KLLA0_D16566g,5940,5623,5233,4981
gene-KLLA0_D16588g,6930,7706,3876,4455
gene-KLLA0_D16610g,682,622,387,449
gene-KLLA0_D16632g,1126,931,876,1123
gene-KLLA0_D16654g,2662,2480,1808,2444
gene-KLLA0_D16676g,15848,14623,13041,14600
gene-KLLA0_D16709g,81,73,394,472
gene-KLLA0_D16731g,6731,6397,6075,7771
gene-KLLA0_D16753g,201,228,125,117
gene-KLLA0_D16775g,2317,2387,1592,1581
gene-KLLA0_D16797g,2710,2942,1979,2145
gene-KLLA0_D16830g,505,578,366,414
gene-KLLA0_D16852g,319,281,1107,1385
gene-KLLA0_D16874g,970,922,411,478
gene-KLLA0_D16896g,882,840,595,622
gene-KLLA0_D16918g,549,610,623,708
gene-KLLA0_D16940g,178,182,156,177
gene-KLLA0_D16962g,2234,2125,3579,3743
gene-KLLA0_D16984g,883,952,1424,1519
gene-KLLA0_D17006g,595,612,369,366
gene-KLLA0_D17028g,1512,1412,850,871
gene-KLLA0_D17050g,2011,2001,1347,1259
gene-KLLA0_D17072g,207,218,379,554
gene-KLLA0_D17094g,352,302,594,681
gene-KLLA0_D17116g,751,696,1247,1435
gene-KLLA0_D17127g,43,27,34,40
gene-KLLA0_D17138g,3223,3184,1591,1887
gene-KLLA0_D17160g,438,311,233,308
gene-KLLA0_D17182g,1709,1656,1123,1235
gene-KLLA0_D17204g,940,832,488,582
gene-KLLA0_D17226g,4960,4783,1520,1660
gene-KLLA0_D17248g,3262,3272,1743,1975
gene-KLLA0_D17270g,4393,4298,2382,2404
gene-KLLA0_D17292g,585,563,302,364
gene-KLLA0_D17314g,1252,1368,874,937
gene-KLLA0_D17336g,12258,11917,18195,20674
gene-KLLA0_D17358g,9618,9533,6107,6457
gene-KLLA0_D17380g,378,376,357,416
gene-KLLA0_D17402g,694,655,498,584
gene-KLLA0_D17424g,7430,6782,7649,8476
gene-KLLA0_D17446g,15087,14284,826,986
gene-KLLA0_D17490r,0,0,0,0
gene-KLLA0_D17562r,1456,3667,4178,2646
gene-KLLA0_D17600g,0,1,0,1
gene-KLLA0_D17633r,46,70,69,109
gene-KLLA0_D17666r,0,0,0,0
gene-KLLA0_D17677r,0,0,0,0
gene-KLLA0_D17699r,20232,35460,30500,26867
gene-KLLA0_D17732g,0,0,0,4
gene-KLLA0_D17765r,0,0,0,10
gene-KLLA0_D17798r,3719,6939,7578,6934
gene-KLLA0_D17809r,6,7,1,0
gene-KLLA0_D17831r,13,5,12,4
gene-KLLA0_D17864g,0,1,6,0
gene-KLLA0_D17894r,44,70,65,110
gene-KLLA0_D17924r,0,0,0,0
gene-KLLA0_D17935r,0,0,0,9
gene-KLLA0_D17952g,75,63,146,101
gene-KLLA0_D18029g,4506,4137,2860,3331
gene-KLLA0_D18051g,1293,1257,1091,1338
gene-KLLA0_D18073g,1541,1438,1145,1252
gene-KLLA0_D18095g,3473,3172,1737,2132
gene-KLLA0_D18117g,2410,2474,2512,2821
gene-KLLA0_D18139g,295,302,222,277
gene-KLLA0_D18161g,895,840,591,651
gene-KLLA0_D18172g,307,264,172,202
gene-KLLA0_D18194g,2604,2464,1425,1448
gene-KLLA0_D18216g,527,482,571,690
gene-KLLA0_D18238g,1577,1465,1170,1421
gene-KLLA0_D18260g,1596,1454,1059,1150
gene-KLLA0_D18282g,224,213,163,198
gene-KLLA0_D18304g,28237,24730,16248,23954
gene-KLLA0_D18326g,89,67,343,387
gene-KLLA0_D18348g,79,112,510,597
gene-KLLA0_D18370g,478,450,411,436
gene-KLLA0_D18392g,1101,1122,1454,1686
gene-KLLA0_D18414g,681,682,576,651
gene-KLLA0_D18436g,1011,1020,2089,2508
gene-KLLA0_D18458g,6654,6595,3646,4519
gene-KLLA0_D18480g,3932,3801,2131,2280
gene-KLLA0_D18502g,3355,3288,2791,3211
gene-KLLA0_D18535g,815,767,536,588
gene-KLLA0_D18557g,268,265,353,446
gene-KLLA0_D18601g,448,426,363,473
gene-KLLA0_D18623g,2760,2663,1806,2001
gene-KLLA0_D18645g,2008,1957,1139,1184
gene-KLLA0_D18667g,469,394,2051,2374
gene-KLLA0_D18689g,1009,974,826,958
gene-KLLA0_D18711g,710,743,373,498
gene-KLLA0_D18733g,501,484,416,465
gene-KLLA0_D18755g,308,311,331,412
gene-KLLA0_D18777g,1195,1069,582,544
gene-KLLA0_D18799g,1488,1339,805,935
gene-KLLA0_D18821g,292,235,180,187
gene-KLLA0_D18843g,1064,973,674,835
gene-KLLA0_D18865g,1048,1001,839,1134
gene-KLLA0_D18887g,337,320,627,783
gene-KLLA0_D18909g,863,855,2225,2506
gene-KLLA0_D18942g,4079,3911,2346,2766
gene-KLLA0_D18964g,25,33,4,19
gene-KLLA0_D18986g,2385,2319,1322,1518
gene-KLLA0_D19008g,201,169,607,798
gene-KLLA0_D19041g,79219,72661,53906,63181
gene-KLLA0_D19063g,46,44,22,31
gene-KLLA0_D19118g,3343,3350,4240,4335
gene-KLLA0_D19129g,15,10,6,12
gene-KLLA0_D19140g,148,103,65,71
gene-KLLA0_D19162g,419,383,463,551
gene-KLLA0_D19184g,97,77,127,144
gene-KLLA0_D19206g,580,522,392,449
gene-KLLA0_D19228g,2371,2280,1811,1772
gene-KLLA0_D19250g,1219,1134,750,799
gene-KLLA0_D19272g,2016,2019,1258,1425
gene-KLLA0_D19294g,3417,3279,2000,2357
gene-KLLA0_D19316g,107,136,194,210
gene-KLLA0_D19338g,801,923,437,619
gene-KLLA0_D19360g,1143,1143,687,760
gene-KLLA0_D19382g,5130,4734,3543,4157
gene-KLLA0_D19404g,2805,2910,2387,2739
gene-KLLA0_D19426g,11970,11818,7490,9295
gene-KLLA0_D19448g,595,623,785,953
gene-KLLA0_D19455r,182,147,440,511
gene-KLLA0_D19470g,9669,8733,1156,1363
gene-KLLA0_D19492g,1446,1327,448,536
gene-KLLA0_D19514g,439,383,166,204
gene-KLLA0_D19536g,1503,1602,742,783
gene-KLLA0_D19558g,3497,3552,1573,1728
gene-KLLA0_D19580g,994,914,760,844
gene-KLLA0_D19602g,1187,996,736,757
gene-KLLA0_D19624g,2573,2447,2067,2201
gene-KLLA0_D19646g,404,422,327,367
gene-KLLA0_D19701g,663,550,713,888
gene-KLLA0_D19723g,2170,2037,1644,1875
gene-KLLA0_D19745g,1214,1125,1232,1172
gene-KLLA0_D19767g,1798,1811,1125,1158
gene-KLLA0_D19789g,2377,2256,2182,2456
gene-KLLA0_D19811g,2469,2408,1372,1623
gene-KLLA0_D19833g,887,852,579,635
gene-KLLA0_D19855g,21222,19729,7114,9377
gene-KLLA0_D19877g,2479,2441,1533,1669
gene-KLLA0_D19899g,4944,4999,2108,2289
gene-KLLA0_D19921g,145,130,44,40
gene-KLLA0_D19929g,198,192,1230,1376
gene-KLLA0_D19933g,233,212,379,390
gene-KLLA0_D19941g,716,667,750,849
gene-KLLA0_D19945g,443,440,387,397
gene-KLLA0_D19949g,112,107,101,95
gene-KLLA0_D19953g,363,344,294,337
gene-KLLA0_D19957g,307,195,275,295
gene-KLLA0_D19965g,230,233,178,186
gene-KLLA0_D19987g,15,13,17,9
gene-KLLA0_D20009g,389,459,273,371
gene-KLLA0_D20031g,75,75,37,31
gene-KLLA0_E00111g,19,17,0,0
gene-KLLA0_E00133g,165,205,105,286
gene-KLLA0_E00155g,4,7,2,1
gene-KLLA0_E00177g,1715,1619,1160,1344
gene-KLLA0_E00221g,885,765,479,520
gene-KLLA0_E00243g,61,43,8,13
gene-KLLA0_E00265g,2001,1920,879,1066
gene-KLLA0_E00287g,1045,1079,794,779
gene-KLLA0_E00309g,401,429,257,263
gene-KLLA0_E00397g,568,529,960,992
gene-KLLA0_E00419g,989,973,1504,1661
gene-KLLA0_E00441g,1979,1860,1137,1335
gene-KLLA0_E00463g,6235,5650,4848,7165
gene-KLLA0_E00485g,480,415,380,465
gene-KLLA0_E00507g,1428,1398,1088,1256
gene-KLLA0_E00529g,7784,7683,4430,4630
gene-KLLA0_E00551g,8678,8195,3348,4257
gene-KLLA0_E00573g,23729,21459,15365,18255
gene-KLLA0_E00595g,1546,1495,1657,1899
gene-KLLA0_E00617g,967,841,747,824
gene-KLLA0_E00639g,1225,1151,763,814
gene-KLLA0_E00661g,120,113,87,108
gene-KLLA0_E00683g,5176,4915,6564,7608
gene-KLLA0_E00705g,8798,9309,5480,5560
gene-KLLA0_E00727g,7254,7389,3144,3351
gene-KLLA0_E00749g,4558,5359,1545,1999
gene-KLLA0_E00771g,1300,1212,2056,2093
gene-KLLA0_E00793g,1885,1812,1363,1277
gene-KLLA0_E00815g,292,334,597,585
gene-KLLA0_E00837g,297,286,1063,1172
gene-KLLA0_E00859g,84,71,55,79
gene-KLLA0_E00881g,1436,1358,1018,1150
gene-KLLA0_E00903g,3867,3763,4811,4641
gene-KLLA0_E00925g,1603,1475,1223,1412
gene-KLLA0_E00947g,640,653,543,658
gene-KLLA0_E00969g,2625,2520,1458,1756
gene-KLLA0_E00991g,546,521,355,506
gene-KLLA0_E01013g,4504,4384,3103,3271
gene-KLLA0_E01035g,2779,2389,1987,1936
gene-KLLA0_E01057g,2217,2211,3803,4463
gene-KLLA0_E01079g,360,352,660,599
gene-KLLA0_E01101g,1128,1113,879,1176
gene-KLLA0_E01123r,0,0,0,0
gene-KLLA0_E01145g,9337,8839,4103,4727
gene-KLLA0_E01167g,753,704,429,446
gene-KLLA0_E01189g,356,299,386,360
gene-KLLA0_E01211g,1712,1799,2538,3273
gene-KLLA0_E01233g,3088,2870,3101,4048
gene-KLLA0_E01255g,353,281,292,296
gene-KLLA0_E01277g,2444,2383,1545,1713
gene-KLLA0_E01299g,1969,1936,1094,1072
gene-KLLA0_E01321g,1387,1387,789,803
gene-KLLA0_E01343g,14353,13575,7832,8822
gene-KLLA0_E01365g,4570,4200,2225,2593
gene-KLLA0_E01387g,259,292,192,250
gene-KLLA0_E01409g,227,242,178,194
gene-KLLA0_E01431g,715,619,517,761
gene-KLLA0_E01453g,444,364,433,581
gene-KLLA0_E01475g,4689,4257,1369,1501
gene-KLLA0_E01497g,6702,6177,2322,2864
gene-KLLA0_E01519r,0,0,0,2
gene-KLLA0_E01541g,222,204,111,162
gene-KLLA0_E01563g,1411,1465,824,926
gene-KLLA0_E01585g,644,636,369,429
gene-KLLA0_E01607g,2947,2977,2348,2674
gene-KLLA0_E01629g,1829,1470,1155,1288
gene-KLLA0_E01651g,3845,3852,1745,1966
gene-KLLA0_E01673g,6043,5827,2447,3013
gene-KLLA0_E01695g,896,931,1072,1150
gene-KLLA0_E01717g,1418,1375,978,848
gene-KLLA0_E01739g,1263,1193,1338,1502
gene-KLLA0_E01761g,234,226,166,177
gene-KLLA0_E01783g,1001,886,880,1049
gene-KLLA0_E01805g,1365,1329,1150,1511
gene-KLLA0_E01827g,632,541,609,728
gene-KLLA0_E01849g,948,954,616,680
gene-KLLA0_E01871g,900,832,1577,1723
gene-KLLA0_E01893g,283,222,193,240
gene-KLLA0_E01915g,5851,5744,4366,4750
gene-KLLA0_E01937g,330,332,755,892
gene-KLLA0_E01959g,2963,2895,1704,2195
gene-KLLA0_E01981g,3251,2819,2001,2396
gene-KLLA0_E02003g,2447,2402,3436,3820
gene-KLLA0_E02025g,258,315,219,235
gene-KLLA0_E02047g,6844,6720,6292,6325
gene-KLLA0_E02069g,1081,1004,700,897
gene-KLLA0_E02091g,229,169,468,604
gene-KLLA0_E02113g,1125,1032,661,780
gene-KLLA0_E02135g,2087,1943,1608,1758
gene-KLLA0_E02157g,26,23,15,25
gene-KLLA0_E02179g,2184,2206,1870,2206
gene-KLLA0_E02201g,1558,1613,836,922
gene-KLLA0_E02223g,2831,2671,1282,1202
gene-KLLA0_E02245g,162,128,218,237
gene-KLLA0_E02267g,1415,1310,1187,1778
gene-KLLA0_E02289g,2739,2546,1713,1926
gene-KLLA0_E02311g,2790,2425,1937,2270
gene-KLLA0_E02333g,236,262,161,150
gene-KLLA0_E02355g,4033,3885,2023,2673
gene-KLLA0_E02377g,3687,3741,2007,2160
gene-KLLA0_E02399g,1219,1187,839,1171
gene-KLLA0_E02421g,1805,1650,2089,2402
gene-KLLA0_E02443g,43,57,21,28
gene-KLLA0_E02465g,162,146,167,269
gene-KLLA0_E02487g,414,442,440,504
gene-KLLA0_E02509g,728,641,193,244
gene-KLLA0_E02531g,1592,1548,1005,1251
gene-KLLA0_E02553g,2407,2051,1194,1440
gene-KLLA0_E02575g,280,239,148,179
gene-KLLA0_E02597g,3684,3378,1872,1876
gene-KLLA0_E02619g,157,135,102,88
gene-KLLA0_E02641g,888,819,749,836
gene-KLLA0_E02663g,1035,952,959,1226
gene-KLLA0_E02685g,2280,2389,1436,1486
gene-KLLA0_E02707g,18672,18901,3466,4232
gene-KLLA0_E02729g,952,938,634,596
gene-KLLA0_E02751g,9722,8934,3546,3683
gene-KLLA0_E02773g,181,176,127,183
gene-KLLA0_E02795g,20,5,59,97
gene-KLLA0_E02817g,938,882,937,1177
gene-KLLA0_E02839g,170,160,286,342
gene-KLLA0_E02861g,8846,7548,5103,6693
gene-KLLA0_E02883g,124,119,110,102
gene-KLLA0_E02905g,1812,1645,1780,2126
gene-KLLA0_E02927g,93,94,64,67
gene-KLLA0_E02949g,560,474,361,534
gene-KLLA0_E02971g,2171,2150,1473,1492
gene-KLLA0_E02993g,97651,94635,69489,79936
gene-KLLA0_E03015g,542,522,406,420
gene-KLLA0_E03037g,1231,1234,703,805
gene-KLLA0_E03059g,5860,5381,3158,3382
gene-KLLA0_E03081g,2067,1953,1138,1207
gene-KLLA0_E03103g,1849,1875,1212,1302
gene-KLLA0_E03125g,18789,18265,8505,9728
gene-KLLA0_E03147g,752,696,558,593
gene-KLLA0_E03169g,2424,2236,1869,1801
gene-KLLA0_E03191g,2470,2446,1662,1359
gene-KLLA0_E03213g,1986,2019,1415,1548
gene-KLLA0_E03235g,6643,6546,3120,4030
gene-KLLA0_E03257g,757,724,641,761
gene-KLLA0_E03279g,813,710,636,723
gene-KLLA0_E03301g,1064,1017,582,607
gene-KLLA0_E03323g,363,330,209,227
gene-KLLA0_E03345g,282,261,172,112
gene-KLLA0_E03367g,1292,1215,1026,1192
gene-KLLA0_E03389r,2,0,0,0
gene-KLLA0_E03411g,1474,1256,637,693
gene-KLLA0_E03433g,727,602,488,557
gene-KLLA0_E03455g,25160,22937,16394,22269
gene-KLLA0_E03477g,409,407,447,478
gene-KLLA0_E03499g,1584,1376,1151,1298
gene-KLLA0_E03521g,385,317,189,270
gene-KLLA0_E03543g,224,214,158,157
gene-KLLA0_E03565g,3831,3620,5787,6486
gene-KLLA0_E03587g,1467,1486,862,1064
gene-KLLA0_E03609g,8337,8154,4865,5982
gene-KLLA0_E03631g,248,213,608,738
gene-KLLA0_E03653g,3937,3542,22523,27305
gene-KLLA0_E03675g,1699,1788,1551,1575
gene-KLLA0_E03697g,3487,3584,2230,2320
gene-KLLA0_E03719g,535,519,606,567
gene-KLLA0_E03741r,0,0,0,0
gene-KLLA0_E03763g,7341,6881,961,1076
gene-KLLA0_E03785g,987,1058,572,609
gene-KLLA0_E03807g,1257,1153,598,702
gene-KLLA0_E03829g,3821,3385,2885,3336
gene-KLLA0_E03851g,2334,2374,1404,1684
gene-KLLA0_E03873g,1286,1183,858,906
gene-KLLA0_E03895g,184,153,91,153
gene-KLLA0_E03917g,3736,3424,1324,1657
gene-KLLA0_E03939g,700,564,384,502
gene-KLLA0_E03961g,2203,1953,2061,2434
gene-KLLA0_E03983g,572,556,496,594
gene-KLLA0_E04005g,1408,1282,895,1075
gene-KLLA0_E04027g,357,323,671,802
gene-KLLA0_E04049g,5711,5635,3733,4185
gene-KLLA0_E04071g,2610,2517,1771,1754
gene-KLLA0_E04093g,946,910,740,885
gene-KLLA0_E04115g,480,459,308,397
gene-KLLA0_E04137g,5616,5130,3399,3601
gene-KLLA0_E04159g,973,970,722,829
gene-KLLA0_E04181g,6122,5751,3001,3242
gene-KLLA0_E04203g,1244,1145,1522,1811
gene-KLLA0_E04225g,3226,2943,2014,2900
gene-KLLA0_E04247g,1583,1459,1264,1442
gene-KLLA0_E04269g,1523,1028,2691,3017
gene-KLLA0_E04291g,261,241,242,261
gene-KLLA0_E04313g,811,774,635,746
gene-KLLA0_E04335g,2819,2778,3098,3660
gene-KLLA0_E04357g,505,461,345,411
gene-KLLA0_E04379g,1483,1529,911,967
gene-KLLA0_E04401g,2025,1873,1313,1329
gene-KLLA0_E04423g,3141,3124,1727,2174
gene-KLLA0_E04445g,396,366,210,263
gene-KLLA0_E04467g,244,190,207,219
gene-KLLA0_E04489g,1517,1350,9634,11852
gene-KLLA0_E04511g,4999,4621,3699,4414
gene-KLLA0_E04533g,928,841,540,747
gene-KLLA0_E04555g,669,654,583,632
gene-KLLA0_E04577g,288,253,240,257
gene-KLLA0_E04599g,131,104,43,43
gene-KLLA0_E04621g,2924,2710,1471,1971
gene-KLLA0_E04643g,152,120,178,244
gene-KLLA0_E04665g,184,184,960,1205
gene-KLLA0_E04687g,1068,959,305,491
gene-KLLA0_E04709g,831,778,296,349
gene-KLLA0_E04731g,2542,2374,2340,2684
gene-KLLA0_E04753g,815,813,509,564
gene-KLLA0_E04775g,1272,1264,1161,1324
gene-KLLA0_E04797g,807,731,439,474
gene-KLLA0_E04819g,811,785,459,629
gene-KLLA0_E04841g,976,879,746,882
gene-KLLA0_E04863g,1370,1278,807,1094
gene-KLLA0_E04885g,9563,9410,5237,5644
gene-KLLA0_E04907g,2933,2814,1845,1835
gene-KLLA0_E04929g,252,205,215,199
gene-KLLA0_E04951r,0,0,0,0
gene-KLLA0_E04973g,558,517,494,590
gene-KLLA0_E04995g,5886,5042,3970,3410
gene-KLLA0_E05017g,1824,1662,1403,1726
gene-KLLA0_E05039g,450,368,278,423
gene-KLLA0_E05061g,129,105,666,689
gene-KLLA0_E05083g,152,139,223,241
gene-KLLA0_E05105g,3163,3178,3710,3968
gene-KLLA0_E05127g,2759,2140,1622,2434
gene-KLLA0_E05149g,281,211,1484,1682
gene-KLLA0_E05171g,1059,1051,939,1034
gene-KLLA0_E05193g,1827,1767,1224,1344
gene-KLLA0_E05215g,160,136,123,141
gene-KLLA0_E05237g,597,673,1576,1712
gene-KLLA0_E05259g,356,280,130,94
gene-KLLA0_E05281g,3930,4073,2867,2989
gene-KLLA0_E05303g,2934,2692,1672,1900
gene-KLLA0_E05325g,1498,1441,1111,1292
gene-KLLA0_E05347g,1436,1437,1100,1276
gene-KLLA0_E05369g,4963,4574,3317,3768
gene-KLLA0_E05391g,3503,3413,1943,2135
gene-KLLA0_E05413g,2057,1776,1344,1335
gene-KLLA0_E05435g,19745,18396,10336,12974
gene-KLLA0_E05457g,5,6,4,3
gene-KLLA0_E05479g,50,54,863,937
gene-KLLA0_E05501g,153,140,157,195
gene-KLLA0_E05523g,156,159,180,190
gene-KLLA0_E05545g,1017,861,4083,4846
gene-KLLA0_E05567g,10001,9767,5205,5359
gene-KLLA0_E05589g,1320,1362,909,1195
gene-KLLA0_E05611g,1593,1479,765,816
gene-KLLA0_E05633g,4834,4583,1832,2321
gene-KLLA0_E05655g,2625,2503,1471,1569
gene-KLLA0_E05677g,468,519,318,469
gene-KLLA0_E05699g,11598,10877,5430,6045
gene-KLLA0_E05721g,693,621,638,722
gene-KLLA0_E05743g,1501,1395,1347,1545
gene-KLLA0_E05765g,129,141,104,140
gene-KLLA0_E05787g,11609,11503,6924,6629
gene-KLLA0_E05809g,290,240,149,215
gene-KLLA0_E05831g,888,802,435,552
gene-KLLA0_E05853g,868,924,642,679
gene-KLLA0_E05875g,24,30,35,45
gene-KLLA0_E05897g,822,809,520,567
gene-KLLA0_E05919g,3027,2841,1914,2502
gene-KLLA0_E05941g,13472,11524,8824,12832
gene-KLLA0_E05963g,41,67,37,36
gene-KLLA0_E05985g,1614,1511,893,1024
gene-KLLA0_E06007g,4931,4690,4223,4421
gene-KLLA0_E06029g,6545,6133,2850,2663
gene-KLLA0_E06051g,2823,2900,1737,1974
gene-KLLA0_E06073g,1072,1043,595,628
gene-KLLA0_E06095g,2801,2455,3211,4243
gene-KLLA0_E06117g,829,776,410,505
gene-KLLA0_E06139g,1949,1828,1292,1478
gene-KLLA0_E06161g,916,812,654,874
gene-KLLA0_E06183g,3,3,1,1
gene-KLLA0_E06205g,967,806,677,855
gene-KLLA0_E06227g,326,307,227,228
gene-KLLA0_E06249g,371,286,190,225
gene-KLLA0_E06271g,7271,6964,4541,5603
gene-KLLA0_E06293g,9549,8921,18365,22664
gene-KLLA0_E06315g,2582,2340,1775,2203
gene-KLLA0_E06337g,217,181,126,132
gene-KLLA0_E06359g,1809,1734,586,654
gene-KLLA0_E06381g,8830,8249,4414,5388
gene-KLLA0_E06403g,459,446,338,329
gene-KLLA0_E06425g,1697,1806,1640,1666
gene-KLLA0_E06447g,4789,4594,3316,3845
gene-KLLA0_E06469g,1755,1775,1442,1793
gene-KLLA0_E06491g,335,424,546,520
gene-KLLA0_E06513g,1582,1618,1089,980
gene-KLLA0_E06535g,920,858,514,639
gene-KLLA0_E06557g,1683,1718,1179,1258
gene-KLLA0_E06579g,3077,3204,1827,2101
gene-KLLA0_E06601g,2746,2588,1883,2368
gene-KLLA0_E06623r,0,0,0,0
gene-KLLA0_E06645g,2228,2250,676,662
gene-KLLA0_E06667g,49199,46665,21539,26861
gene-KLLA0_E06689g,926,953,795,922
gene-KLLA0_E06711g,4824,4524,2648,2879
gene-KLLA0_E06733g,1714,1663,1020,1047
gene-KLLA0_E06755g,6902,8931,4718,5946
gene-KLLA0_E06777g,1245,1107,508,606
gene-KLLA0_E06799g,6225,5847,3805,4463
gene-KLLA0_E06821g,904,846,1231,1486
gene-KLLA0_E06843g,15752,13682,9996,11806
gene-KLLA0_E06865g,2717,2693,1992,2439
gene-KLLA0_E06887g,3425,3139,3121,3499
gene-KLLA0_E06909g,562,521,478,633
gene-KLLA0_E06931g,1415,1318,900,1072
gene-KLLA0_E06953g,2176,1968,1462,1747
gene-KLLA0_E06975g,2229,2248,1628,1708
gene-KLLA0_E06997g,16657,14699,9144,12737
gene-KLLA0_E07019g,546,519,580,671
gene-KLLA0_E07041g,165,150,95,92
gene-KLLA0_E07063g,3903,3655,3065,3680
gene-KLLA0_E07085g,986,1080,661,602
gene-KLLA0_E07107g,2614,2327,2168,2000
gene-KLLA0_E07129g,395,359,319,375
gene-KLLA0_E07151g,641,510,329,318
gene-KLLA0_E07173g,863,764,545,609
gene-KLLA0_E07195g,2850,2729,1462,1921
gene-KLLA0_E07217g,513,410,398,396
gene-KLLA0_E07239g,2845,2898,3103,3319
gene-KLLA0_E07261g,5278,4974,1643,1765
gene-KLLA0_E07283g,556,481,320,355
gene-KLLA0_E07305g,228,231,313,345
gene-KLLA0_E07327g,769,711,522,596
gene-KLLA0_E07349g,828,787,538,590
gene-KLLA0_E07371g,1627,1546,919,1102
gene-KLLA0_E07393g,427,457,1810,2019
gene-KLLA0_E07415g,1738,1545,1505,1936
gene-KLLA0_E07437g,3038,2968,2595,3016
gene-KLLA0_E07459g,1222,1159,1196,1271
gene-KLLA0_E07481g,20747,16984,11873,15895
gene-KLLA0_E07503g,465,493,461,540
gene-KLLA0_E07525g,6183,5843,3151,3607
gene-KLLA0_E07547g,149,161,553,607
gene-KLLA0_E07569g,241063,223384,264911,323787
gene-KLLA0_E07591g,843,811,460,598
gene-KLLA0_E07613g,149,136,90,118
gene-KLLA0_E07635g,1668,1500,2003,2349
gene-KLLA0_E07657g,788,777,427,499
gene-KLLA0_E07679g,103,125,60,74
gene-KLLA0_E07701g,832,800,422,528
gene-KLLA0_E07723g,3367,3240,1970,2203
gene-KLLA0_E07745g,1631,1574,779,1058
gene-KLLA0_E07767g,634,566,699,747
gene-KLLA0_E07789g,3931,3904,2046,2846
gene-KLLA0_E07811g,3603,3259,1850,1686
gene-KLLA0_E07833g,60,46,433,442
gene-KLLA0_E07855g,1292,1267,1122,980
gene-KLLA0_E07877g,23834,31690,9625,10026
gene-KLLA0_E07899g,2658,2543,820,747
gene-KLLA0_E07921g,3264,3306,1317,1540
gene-KLLA0_E07943g,819,800,381,425
gene-KLLA0_E07965g,123,131,946,1101
gene-KLLA0_E07987g,1746,1561,6288,7191
gene-KLLA0_E08009g,987,1078,822,987
gene-KLLA0_E08031g,1241,1225,638,832
gene-KLLA0_E08053g,1900,1795,1400,1592
gene-KLLA0_E08075g,2457,2324,1398,1754
gene-KLLA0_E08097g,2348,2441,1390,1289
gene-KLLA0_E08119g,9392,8496,5802,6756
gene-KLLA0_E08141g,1582,1417,964,1128
gene-KLLA0_E08163g,552,535,546,669
gene-KLLA0_E08185r,0,0,0,0
gene-KLLA0_E08207g,955,894,923,1102
gene-KLLA0_E08229g,256,263,935,1166
gene-KLLA0_E08251g,93,62,58,66
gene-KLLA0_E08273g,603,569,576,660
gene-KLLA0_E08295g,303,262,313,423
gene-KLLA0_E08317g,282,252,943,1033
gene-KLLA0_E08339g,3784,3391,7125,9146
gene-KLLA0_E08361g,64,84,240,286
gene-KLLA0_E08383g,2450,2434,3359,4068
gene-KLLA0_E08405g,2200,2296,1683,1581
gene-KLLA0_E08427r,0,0,0,0
gene-KLLA0_E08449g,312,299,542,595
gene-KLLA0_E08471g,1683,1665,1222,1289
gene-KLLA0_E08493g,365,288,169,156
gene-KLLA0_E08515g,1126,1040,828,957
gene-KLLA0_E08537g,1249,1211,585,647
gene-KLLA0_E08559g,2365,2349,2062,2253
gene-KLLA0_E08581g,843,847,459,539
gene-KLLA0_E08603g,1403,1586,885,1090
gene-KLLA0_E08625g,16337,14921,10659,10381
gene-KLLA0_E08647g,8899,7574,5057,6162
gene-KLLA0_E08669g,1454,1500,1043,1320
gene-KLLA0_E08691g,879,809,667,820
gene-KLLA0_E08713g,508,517,674,639
gene-KLLA0_E08735g,1923,1928,1297,1422
gene-KLLA0_E08757g,1334,1436,1682,1876
gene-KLLA0_E08779g,9360,8545,5153,5096
gene-KLLA0_E08801g,2899,2878,2201,2783
gene-KLLA0_E08823g,290,278,243,316
gene-KLLA0_E08845g,487,395,314,350
gene-KLLA0_E08867g,960,980,776,751
gene-KLLA0_E08889g,777,709,428,556
gene-KLLA0_E08911g,729,804,459,462
gene-KLLA0_E08933g,81,88,74,81
gene-KLLA0_E08955g,2369,2428,1156,1228
gene-KLLA0_E08977g,2598,2483,1638,1929
gene-KLLA0_E08999g,4554,4512,2940,3357
gene-KLLA0_E09021g,249,220,8420,10594
gene-KLLA0_E09043g,1435,1412,1212,1243
gene-KLLA0_E09065g,4761,4277,3888,4468
gene-KLLA0_E09087g,2412,2338,1681,2064
gene-KLLA0_E09109g,25537,22992,12335,14603
gene-KLLA0_E09131g,732,714,575,674
gene-KLLA0_E09153g,18,25,24,25
gene-KLLA0_E09175g,2330,2233,754,841
gene-KLLA0_E09197g,1496,1321,1568,1824
gene-KLLA0_E09219g,503,429,578,644
gene-KLLA0_E09241g,624,625,507,580
gene-KLLA0_E09263g,2963,3014,3154,4104
gene-KLLA0_E09285g,961,939,735,928
gene-KLLA0_E09307g,3345,2984,542,695
gene-KLLA0_E09329g,335,334,175,316
gene-KLLA0_E09351g,624,627,568,655
gene-KLLA0_E09373g,2950,2889,2149,2570
gene-KLLA0_E09395g,1031,948,603,680
gene-KLLA0_E09417g,80,68,161,172
gene-KLLA0_E09439g,104,57,962,1172
gene-KLLA0_E09461g,555,517,461,580
gene-KLLA0_E09483g,297,283,189,193
gene-KLLA0_E09505g,2275,2239,1266,1305
gene-KLLA0_E09527g,1192,1142,624,625
gene-KLLA0_E09549g,165,157,424,457
gene-KLLA0_E09571g,13,8,20,15
gene-KLLA0_E09593g,345,307,90,82
gene-KLLA0_E09615g,1113,1073,855,1014
gene-KLLA0_E09637g,673,593,2003,2314
gene-KLLA0_E09659r,0,0,0,0
gene-KLLA0_E09681g,667,617,439,471
gene-KLLA0_E09703g,1147,1136,734,721
gene-KLLA0_E09725g,333,300,222,224
gene-KLLA0_E09747g,236,175,132,107
gene-KLLA0_E09769g,3266,3177,2150,2517
gene-KLLA0_E09791g,4119,3909,2663,2930
gene-KLLA0_E09813g,16305,15467,5102,5787
gene-KLLA0_E09835g,387,423,396,468
gene-KLLA0_E09857g,925,1010,252,301
gene-KLLA0_E09879g,499,494,309,299
gene-KLLA0_E09901g,96,91,79,86
gene-KLLA0_E09923g,449,441,380,420
gene-KLLA0_E09945g,1598,1485,1350,1726
gene-KLLA0_E09967g,1430,1404,737,916
gene-KLLA0_E09989g,822,787,629,585
gene-KLLA0_E10011g,1092,1020,493,500
gene-KLLA0_E10033g,662,646,275,327
gene-KLLA0_E10055g,128,123,358,443
gene-KLLA0_E10077g,1079,996,556,561
gene-KLLA0_E10099g,1531,1441,1064,1257
gene-KLLA0_E10121g,739,696,400,467
gene-KLLA0_E10143g,14737,15432,14696,18339
gene-KLLA0_E10165g,289,253,110,106
gene-KLLA0_E10187g,280,296,2146,2153
gene-KLLA0_E10209g,479,407,335,453
gene-KLLA0_E10231g,2267,2168,1567,1897
gene-KLLA0_E10253g,2786,2970,795,1322
gene-KLLA0_E10275g,1581,1571,869,1109
gene-KLLA0_E10297g,1361,1265,729,852
gene-KLLA0_E10319g,465,453,282,344
gene-KLLA0_E10341g,2059,1909,822,987
gene-KLLA0_E10363g,450,419,247,269
gene-KLLA0_E10385g,2450,2268,3039,3605
gene-KLLA0_E10407g,6988,6917,2774,3168
gene-KLLA0_E10429g,594,568,271,315
gene-KLLA0_E10451g,1539,1454,828,926
gene-KLLA0_E10473g,909,919,620,701
gene-KLLA0_E10495g,175,112,104,114
gene-KLLA0_E10517g,8877,8772,5874,6399
gene-KLLA0_E10539g,454,457,260,279
gene-KLLA0_E10561g,4832,4599,4019,4572
gene-KLLA0_E10583g,778,774,546,602
gene-KLLA0_E10605g,235,227,151,130
gene-KLLA0_E10627g,1089,963,790,855
gene-KLLA0_E10649g,7217,6810,4622,5720
gene-KLLA0_E10671g,1252,1183,846,975
gene-KLLA0_E10693g,2353,2181,1141,1191
gene-KLLA0_E10715g,3652,3512,2645,2702
gene-KLLA0_E10737g,195,192,112,122
gene-KLLA0_E10759r,0,0,0,0
gene-KLLA0_E10781g,13,11,173,215
gene-KLLA0_E10803g,130,131,393,448
gene-KLLA0_E10825g,3686,3192,1644,1688
gene-KLLA0_E10847g,14841,12231,8933,11358
gene-KLLA0_E10869g,21229,17725,14602,17406
gene-KLLA0_E10891g,0,0,2,0
gene-KLLA0_E10913g,658,544,639,818
gene-KLLA0_E10935g,159,151,96,96
gene-KLLA0_E11001g,120,117,132,102
gene-KLLA0_E11023g,1428,1294,2904,2904
gene-KLLA0_E11045g,1172,1133,557,599
gene-KLLA0_E11067g,3112,2965,2753,2704
gene-KLLA0_E11089g,1322,1181,648,793
gene-KLLA0_E11111g,7046,6348,7597,8064
gene-KLLA0_E11133g,279,255,366,511
gene-KLLA0_E11155g,1490,1361,2004,2484
gene-KLLA0_E11177g,1991,2016,1211,1389
gene-KLLA0_E11199g,1229,1133,739,814
gene-KLLA0_E11221g,663,658,750,744
gene-KLLA0_E11243g,1111,979,1284,1540
gene-KLLA0_E11265g,21611,22893,26425,30095
gene-KLLA0_E11287g,3608,3119,2644,3599
gene-KLLA0_E11309g,1813,1730,1114,1259
gene-KLLA0_E11331g,1941,1795,1404,1370
gene-KLLA0_E11353g,1658,1556,1137,1196
gene-KLLA0_E11375g,3042,2821,1325,1601
gene-KLLA0_E11397g,1066,987,559,638
gene-KLLA0_E11419g,1999,2009,1039,1269
gene-KLLA0_E11441g,1403,1353,703,802
gene-KLLA0_E11485g,3252,3303,1642,2080
gene-KLLA0_E11507g,12472,12312,4774,5444
gene-KLLA0_E11529g,4719,4304,3583,3619
gene-KLLA0_E11551g,3287,3117,4278,5030
gene-KLLA0_E11573g,1598,1519,1105,1249
gene-KLLA0_E11595g,3325,3271,2265,2505
gene-KLLA0_E11617g,440,433,253,273
gene-KLLA0_E11639g,213,205,171,161
gene-KLLA0_E11661g,10253,8032,5985,8738
gene-KLLA0_E11683g,768,748,987,1007
gene-KLLA0_E11705g,1259,1076,1234,1417
gene-KLLA0_E11727g,15,10,9,22
gene-KLLA0_E11749r,0,0,0,0
gene-KLLA0_E11771g,3689,3518,3016,3344
gene-KLLA0_E11793g,5911,5444,3758,3844
gene-KLLA0_E11815g,3168,3133,2262,2336
gene-KLLA0_E11837g,571,551,524,604
gene-KLLA0_E11859g,88321,84129,92543,112770
gene-KLLA0_E11881g,793,739,435,517
gene-KLLA0_E11903g,5667,4877,2533,3071
gene-KLLA0_E11925g,2964,2874,2139,2184
gene-KLLA0_E11947g,3342,3476,3679,3856
gene-KLLA0_E11969r,0,0,0,0
gene-KLLA0_E11991r,0,0,0,0
gene-KLLA0_E12013g,1451,1506,979,1156
gene-KLLA0_E12035g,139,107,113,174
gene-KLLA0_E12057g,8203,8163,3531,4045
gene-KLLA0_E12079g,3987,3692,2401,2912
gene-KLLA0_E12101g,36716,35675,3006,3171
gene-KLLA0_E12123g,2827,2419,4605,5773
gene-KLLA0_E12145g,982,884,707,759
gene-KLLA0_E12167g,27,11,24,19
gene-KLLA0_E12189g,151,132,126,174
gene-KLLA0_E12211g,310,276,279,540
gene-KLLA0_E12233g,272,240,296,376
gene-KLLA0_E12255g,3523,3422,2178,2506
gene-KLLA0_E12277g,40085,36981,26891,31929
gene-KLLA0_E12299r,0,0,0,0
gene-KLLA0_E12321g,1858,1727,1659,1850
gene-KLLA0_E12343g,750,677,785,865
gene-KLLA0_E12365g,42151,38354,19031,23740
gene-KLLA0_E12387g,44,38,44,40
gene-KLLA0_E12409g,232,212,825,808
gene-KLLA0_E12431g,56,63,314,456
gene-KLLA0_E12453g,30625,27318,19956,26344
gene-KLLA0_E12475g,875,794,1334,1464
gene-KLLA0_E12497g,2038,1977,1139,935
gene-KLLA0_E12519g,222,208,2566,2978
gene-KLLA0_E12541g,1937,1975,1523,1262
gene-KLLA0_E12563g,5186,4451,2507,2804
gene-KLLA0_E12585g,2923,2646,1884,2057
gene-KLLA0_E12607g,699,697,419,466
gene-KLLA0_E12629g,386,357,272,301
gene-KLLA0_E12651g,709,701,582,593
gene-KLLA0_E12673g,567,530,793,944
gene-KLLA0_E12695g,1950,1821,4758,6386
gene-KLLA0_E12717g,1072,958,824,988
gene-KLLA0_E12739g,427,364,877,1019
gene-KLLA0_E12761g,297,307,965,1112
gene-KLLA0_E12783g,679,640,630,562
gene-KLLA0_E12805g,400,344,234,235
gene-KLLA0_E12827g,12803,12195,3712,4386
gene-KLLA0_E12849g,3449,3184,2341,2754
gene-KLLA0_E12871g,374,345,317,458
gene-KLLA0_E12893g,582,549,616,749
gene-KLLA0_E12915g,6383,6139,23156,25661
gene-KLLA0_E12937g,80,58,134,196
gene-KLLA0_E12959g,704,730,773,878
gene-KLLA0_E12981g,524,485,482,485
gene-KLLA0_E13003g,1061,997,912,960
gene-KLLA0_E13025g,3610,3619,2860,3174
gene-KLLA0_E13047g,368,322,1465,1786
gene-KLLA0_E13069g,1617,1275,946,1426
gene-KLLA0_E13091g,364,415,546,673
gene-KLLA0_E13113g,893,858,439,430
gene-KLLA0_E13135g,1549,1494,1212,1339
gene-KLLA0_E13157g,213,162,468,606
gene-KLLA0_E13179g,1463,1396,1037,1200
gene-KLLA0_E13201g,1381,1285,985,1064
gene-KLLA0_E13223g,2540,2225,3278,3499
gene-KLLA0_E13245r,0,0,0,0
gene-KLLA0_E13267g,1693,1565,1286,1284
gene-KLLA0_E13289g,15536,15679,8717,9858
gene-KLLA0_E13311g,1661,1612,1492,1831
gene-KLLA0_E13333g,967,776,628,692
gene-KLLA0_E13355g,271,229,266,369
gene-KLLA0_E13377g,853,769,580,503
gene-KLLA0_E13399g,353,351,403,403
gene-KLLA0_E13421g,3234,2910,2073,1912
gene-KLLA0_E13443g,1943,1906,2370,2452
gene-KLLA0_E13465g,864,878,813,797
gene-KLLA0_E13487g,144,140,117,124
gene-KLLA0_E13509g,1491,1449,1172,1400
gene-KLLA0_E13531g,2238,2176,1852,2000
gene-KLLA0_E13553g,1927,1811,1393,1625
gene-KLLA0_E13575g,7345,7442,6310,6873
gene-KLLA0_E13597g,2141,2045,1559,1376
gene-KLLA0_E13619g,168,155,777,921
gene-KLLA0_E13641g,31,18,411,516
gene-KLLA0_E13663g,150,120,170,192
gene-KLLA0_E13685g,672,585,1006,1288
gene-KLLA0_E13707g,1288,1395,619,788
gene-KLLA0_E13729g,164,164,726,891
gene-KLLA0_E13751g,115,82,282,383
gene-KLLA0_E13773g,8704,8154,3128,3423
gene-KLLA0_E13795g,1384,1377,1232,1462
gene-KLLA0_E13817g,1230,1250,6326,7041
gene-KLLA0_E13839g,2361,1964,1041,1676
gene-KLLA0_E13861g,1676,1758,1472,2142
gene-KLLA0_E13883g,337,346,141,114
gene-KLLA0_E13905g,171,154,602,684
gene-KLLA0_E13927g,746,663,286,323
gene-KLLA0_E13949g,2309,2038,1665,2026
gene-KLLA0_E13971g,1301,1173,754,867
gene-KLLA0_E13993g,552,575,420,455
gene-KLLA0_E14015g,826,724,3443,4174
gene-KLLA0_E14037g,7261,6830,3590,4570
gene-KLLA0_E14059g,2839,2662,1069,1168
gene-KLLA0_E14081r,0,0,0,0
gene-KLLA0_E14103g,1759,1907,2296,2840
gene-KLLA0_E14125g,339,328,561,699
gene-KLLA0_E14147g,3455,3060,1273,1492
gene-KLLA0_E14169g,272,273,228,337
gene-KLLA0_E14191g,2656,2487,1866,2198
gene-KLLA0_E14213g,39,50,448,522
gene-KLLA0_E14235g,25,28,36,33
gene-KLLA0_E14257g,97,76,356,366
gene-KLLA0_E14301g,1356,1280,818,979
gene-KLLA0_E14323g,585,609,310,398
gene-KLLA0_E14345g,476,427,684,856
gene-KLLA0_E14367g,79,81,541,594
gene-KLLA0_E14389g,741,781,981,1172
gene-KLLA0_E14411g,28857,29582,18696,26295
gene-KLLA0_E14433g,319,291,303,330
gene-KLLA0_E14477g,964,1041,691,750
gene-KLLA0_E14499g,281,281,433,452
gene-KLLA0_E14543g,284,246,240,211
gene-KLLA0_E14587g,2243,2272,1689,1700
gene-KLLA0_E14609g,475,422,498,583
gene-KLLA0_E14631g,457,450,251,301
gene-KLLA0_E14653g,189,178,117,108
gene-KLLA0_E14675g,476,452,325,348
gene-KLLA0_E14697g,1448,1393,706,662
gene-KLLA0_E14719g,961,951,659,640
gene-KLLA0_E14741g,439,389,304,374
gene-KLLA0_E14763g,1893,1760,1059,1331
gene-KLLA0_E14785g,631,549,378,457
gene-KLLA0_E14807g,554,450,466,453
gene-KLLA0_E14829g,480,463,471,523
gene-KLLA0_E14851g,1364,1357,1089,1408
gene-KLLA0_E14873r,0,0,0,0
gene-KLLA0_E14895g,1828,1699,1618,2507
gene-KLLA0_E14917g,568,592,594,706
gene-KLLA0_E14939g,1481,1449,1832,1867
gene-KLLA0_E14961g,6490,6150,3996,4836
gene-KLLA0_E14983g,7393,6574,3043,3987
gene-KLLA0_E15005g,397,494,441,534
gene-KLLA0_E15027g,16023,16851,9345,11296
gene-KLLA0_E15049g,6096,5385,4664,5785
gene-KLLA0_E15071g,1499,1496,1348,1700
gene-KLLA0_E15093g,95,65,701,929
gene-KLLA0_E15115g,3259,3066,2530,2896
gene-KLLA0_E15137g,246,178,293,388
gene-KLLA0_E15159g,1224,1117,869,1045
gene-KLLA0_E15181g,86,72,57,63
gene-KLLA0_E15203g,6,19,13,31
gene-KLLA0_E15225g,266,223,729,767
gene-KLLA0_E15247g,1010,849,601,747
gene-KLLA0_E15269g,412,365,223,245
gene-KLLA0_E15291g,3718,3729,2943,3330
gene-KLLA0_E15313g,3789,3895,2871,3026
gene-KLLA0_E15335g,2041,2671,916,946
gene-KLLA0_E15357g,5589,5762,5806,5631
gene-KLLA0_E15379g,233,182,158,145
gene-KLLA0_E15401g,175,198,345,358
gene-KLLA0_E15423g,359,337,247,283
gene-KLLA0_E15445g,1361,1375,1014,1034
gene-KLLA0_E15467g,286,220,1561,1626
gene-KLLA0_E15489g,809,801,515,505
gene-KLLA0_E15511g,2825,2605,1461,1560
gene-KLLA0_E15533g,357,294,44,50
gene-KLLA0_E15555g,2500,2520,1484,1494
gene-KLLA0_E15577g,230,235,306,352
gene-KLLA0_E15599g,2185,1953,1060,1341
gene-KLLA0_E15621g,737,749,625,728
gene-KLLA0_E15643r,0,0,0,0
gene-KLLA0_E15665g,37,19,2,3
gene-KLLA0_E15687g,9287,9111,2291,2550
gene-KLLA0_E15709g,960,857,501,705
gene-KLLA0_E15731g,3820,3523,1679,1806
gene-KLLA0_E15753g,696,625,386,285
gene-KLLA0_E15775g,3528,3497,3286,3944
gene-KLLA0_E15797g,773,754,697,795
gene-KLLA0_E15819g,858,880,771,975
gene-KLLA0_E15841g,1045,1017,559,652
gene-KLLA0_E15863g,19,28,18,17
gene-KLLA0_E15885g,436,364,240,299
gene-KLLA0_E15907g,639,562,392,447
gene-KLLA0_E15929r,2,1,1,4
gene-KLLA0_E15973g,2063,1910,1832,1700
gene-KLLA0_E15995g,37,31,185,227
gene-KLLA0_E16017g,883,790,857,944
gene-KLLA0_E16039g,1404,1242,1382,1762
gene-KLLA0_E16061g,5690,5503,3111,3424
gene-KLLA0_E16083g,2186,2312,1979,2068
gene-KLLA0_E16105g,587,531,508,631
gene-KLLA0_E16127g,236,188,175,240
gene-KLLA0_E16149g,0,0,0,0
gene-KLLA0_E16171g,30759,27061,19214,23570
gene-KLLA0_E16193g,2511,2270,974,1047
gene-KLLA0_E16215g,591,524,1349,1553
gene-KLLA0_E16237g,943,862,1552,1889
gene-KLLA0_E16259g,564,540,639,688
gene-KLLA0_E16281g,3215,2951,11904,13153
gene-KLLA0_E16303g,169498,160099,441904,495417
gene-KLLA0_E16325g,1898,1857,1646,1563
gene-KLLA0_E16347g,3575,3309,2359,3142
gene-KLLA0_E16369g,2135,2072,1041,1207
gene-KLLA0_E16391g,3811,3561,2116,2760
gene-KLLA0_E16413g,238,205,102,131
gene-KLLA0_E16435g,1059,1091,624,695
gene-KLLA0_E16457g,76,62,56,57
gene-KLLA0_E16501g,766,658,430,489
gene-KLLA0_E16523g,837,822,1107,1091
gene-KLLA0_E16545g,12620,12327,7652,8626
gene-KLLA0_E16567g,1513,1345,1212,1460
gene-KLLA0_E16589g,366,309,161,190
gene-KLLA0_E16611g,2886,2615,1442,1801
gene-KLLA0_E16633g,396,383,429,445
gene-KLLA0_E16655g,1761,1638,1466,1613
gene-KLLA0_E16677g,354,325,248,252
gene-KLLA0_E16699g,976,870,568,615
gene-KLLA0_E16721g,1916,1870,1520,1626
gene-KLLA0_E16743g,1540,1531,1341,1439
gene-KLLA0_E16765g,5506,5537,11206,12408
gene-KLLA0_E16787g,1995,1931,1697,2089
gene-KLLA0_E16809r,0,0,0,0
gene-KLLA0_E16831g,1243,1167,466,584
gene-KLLA0_E16853g,78,77,32,44
gene-KLLA0_E16875g,1463,1942,611,561
gene-KLLA0_E16897g,11325,10540,563,706
gene-KLLA0_E16919g,4122,4198,2378,2517
gene-KLLA0_E16941g,3481,3162,2728,3245
gene-KLLA0_E16963g,2307,2314,1595,1840
gene-KLLA0_E16985g,392,365,294,242
gene-KLLA0_E17007g,133,98,215,217
gene-KLLA0_E17029g,1560,1533,969,1087
gene-KLLA0_E17051g,1597,1572,1281,1631
gene-KLLA0_E17073g,3761,3921,2052,1967
gene-KLLA0_E17095g,1748,1567,859,1026
gene-KLLA0_E17117g,1557,1488,778,881
gene-KLLA0_E17139g,1348,1310,588,574
gene-KLLA0_E17161g,700,604,1058,1114
gene-KLLA0_E17183g,1964,1896,1358,1502
gene-KLLA0_E17205g,389,352,386,436
gene-KLLA0_E17227g,5567,5042,3650,4789
gene-KLLA0_E17249g,11,9,3,6
gene-KLLA0_E17271g,4059,4129,4861,5359
gene-KLLA0_E17293g,5,5,13,7
gene-KLLA0_E17315g,1837,1692,1636,2081
gene-KLLA0_E17337g,7384,6470,3424,4684
gene-KLLA0_E17359g,9849,8499,5319,6578
gene-KLLA0_E17381g,1252,1164,757,904
gene-KLLA0_E17403g,1774,1579,1181,1467
gene-KLLA0_E17425g,192,169,1228,1373
gene-KLLA0_E17447g,565,533,471,500
gene-KLLA0_E17469g,1073,995,773,925
gene-KLLA0_E17491g,1968,1993,1253,1581
gene-KLLA0_E17513g,810,788,565,687
gene-KLLA0_E17535g,1518,1466,803,1072
gene-KLLA0_E17557g,1641,1675,1293,1378
gene-KLLA0_E17579g,3055,3095,2503,2529
gene-KLLA0_E17601g,6668,6123,4054,5181
gene-KLLA0_E17623g,8862,7999,6170,7664
gene-KLLA0_E17645g,921,816,702,915
gene-KLLA0_E17667g,20865,19878,12664,15190
gene-KLLA0_E17689r,0,0,0,0
gene-KLLA0_E17711g,264,270,184,226
gene-KLLA0_E17733g,2124,2060,1339,1620
gene-KLLA0_E17755g,4540,4484,3178,3713
gene-KLLA0_E17777g,1506,1528,1859,2200
gene-KLLA0_E17799g,132,134,1101,1505
gene-KLLA0_E17821g,2594,2555,1825,2327
gene-KLLA0_E17843g,1580,1642,1219,1445
gene-KLLA0_E17865g,36,43,188,223
gene-KLLA0_E17887g,4403,4493,3085,3355
gene-KLLA0_E17909g,2302,2129,2134,2253
gene-KLLA0_E17931g,3852,3360,1797,2328
gene-KLLA0_E17953g,6231,6110,7382,8438
gene-KLLA0_E17975g,618,547,570,712
gene-KLLA0_E17997g,409,418,499,489
gene-KLLA0_E18019g,479,476,220,198
gene-KLLA0_E18041g,184,206,104,157
gene-KLLA0_E18063g,737,710,470,563
gene-KLLA0_E18085g,1235,1161,829,850
gene-KLLA0_E18107g,7704,6852,3741,4838
gene-KLLA0_E18129g,1794,1614,1137,1065
gene-KLLA0_E18151g,474,415,1090,1246
gene-KLLA0_E18173g,788,722,560,663
gene-KLLA0_E18195g,2737,2684,2256,2024
gene-KLLA0_E18217g,2263,1854,1138,1481
gene-KLLA0_E18239g,1147,932,848,951
gene-KLLA0_E18261g,977,750,611,836
gene-KLLA0_E18283g,1312,1231,855,997
gene-KLLA0_E18305g,300,253,271,304
gene-KLLA0_E18327g,33,28,47,64
gene-KLLA0_E18349g,1725,1606,1421,1612
gene-KLLA0_E18371g,658,635,484,519
gene-KLLA0_E18393g,65,87,46,74
gene-KLLA0_E18415g,65,46,41,59
gene-KLLA0_E18459g,307,263,298,304
gene-KLLA0_E18481g,2660,2621,2584,2497
gene-KLLA0_E18503g,1165,1101,951,1011
gene-KLLA0_E18525g,954,868,753,858
gene-KLLA0_E18547g,1249,1046,502,382
gene-KLLA0_E18569g,422,443,288,334
gene-KLLA0_E18613g,1137,1152,1165,1142
gene-KLLA0_E18635g,2057,1801,4430,5236
gene-KLLA0_E18657g,1803,1717,1332,1485
gene-KLLA0_E18679g,651,669,1040,1128
gene-KLLA0_E18701g,885,822,497,538
gene-KLLA0_E18723g,1234,1170,5065,5696
gene-KLLA0_E18745g,1162,1136,886,912
gene-KLLA0_E18767g,2551,2420,1779,1667
gene-KLLA0_E18789g,2021,1871,1444,1744
gene-KLLA0_E18811g,1591,1502,1053,1302
gene-KLLA0_E18833g,1873,1797,1004,1096
gene-KLLA0_E18855g,1059,1119,693,650
gene-KLLA0_E18877g,2381,2441,2545,2750
gene-KLLA0_E18899g,584,591,1087,1239
gene-KLLA0_E18921g,86,63,72,61
gene-KLLA0_E18943g,1272,1224,630,652
gene-KLLA0_E18965g,3568,3562,2759,2703
gene-KLLA0_E18987g,562,597,482,576
gene-KLLA0_E19009g,560,550,406,485
gene-KLLA0_E19031g,1501,1379,1635,1573
gene-KLLA0_E19053g,2980,2811,2123,2939
gene-KLLA0_E19075g,14,16,9,19
gene-KLLA0_E19097g,5840,5402,6537,7625
gene-KLLA0_E19119g,630,586,399,448
gene-KLLA0_E19141g,909,961,662,756
gene-KLLA0_E19163g,697,547,417,467
gene-KLLA0_E19185g,1533,1491,923,1148
gene-KLLA0_E19207g,1770,1660,1207,1182
gene-KLLA0_E19229g,2134,2055,978,800
gene-KLLA0_E19251g,1036,992,780,911
gene-KLLA0_E19273g,2475,2514,1417,1608
gene-KLLA0_E19295g,648,653,357,471
gene-KLLA0_E19317g,10,5,35,39
gene-KLLA0_E19339g,34,22,123,177
gene-KLLA0_E19361g,1135,1027,534,742
gene-KLLA0_E19383g,865,854,885,941
gene-KLLA0_E19405g,3283,3154,2217,2573
gene-KLLA0_E19427g,173,148,131,172
gene-KLLA0_E19449g,1165,1081,727,864
gene-KLLA0_E19471g,2930,2663,3128,3679
gene-KLLA0_E19493g,587,534,376,438
gene-KLLA0_E19515g,236,180,1952,2448
gene-KLLA0_E19537g,2729,2536,1987,2282
gene-KLLA0_E19559g,1102,963,736,747
gene-KLLA0_E19581g,288,274,940,1292
gene-KLLA0_E19603g,750,809,1037,1098
gene-KLLA0_E19625g,18320,18153,12010,13195
gene-KLLA0_E19647g,721,598,457,480
gene-KLLA0_E19669g,3087,3025,2035,2474
gene-KLLA0_E19691g,2026,2153,813,963
gene-KLLA0_E19713g,1624,2553,827,1011
gene-KLLA0_E19735g,1027,1067,513,584
gene-KLLA0_E19757g,1336,1197,1764,2046
gene-KLLA0_E19779g,6969,6714,4440,5524
gene-KLLA0_E19801g,1114,1063,848,1080
gene-KLLA0_E19823g,1053,870,560,864
gene-KLLA0_E19845g,4305,3915,4100,3587
gene-KLLA0_E19867g,15,18,12,8
gene-KLLA0_E19889g,5628,5517,2063,2248
gene-KLLA0_E19911g,1215,1280,868,928
gene-KLLA0_E19933g,364,323,1680,1696
gene-KLLA0_E19955g,419,449,846,995
gene-KLLA0_E19977g,5468,4853,4251,5434
gene-KLLA0_E19999g,2388,2224,2193,2690
gene-KLLA0_E20021g,294,263,497,629
gene-KLLA0_E20043g,3511,3293,1653,1885
gene-KLLA0_E20065g,21909,19603,12541,12856
gene-KLLA0_E20087g,30,25,24,12
gene-KLLA0_E20109g,280,276,195,189
gene-KLLA0_E20131g,2521,2296,1762,1878
gene-KLLA0_E20153g,346,303,197,276
gene-KLLA0_E20175g,381,320,267,364
gene-KLLA0_E20197g,3357,3193,1406,1755
gene-KLLA0_E20219g,837,851,770,835
gene-KLLA0_E20241g,1693,1640,1058,1372
gene-KLLA0_E20263g,2035,2027,1572,1785
gene-KLLA0_E20285g,4116,3871,773,1009
gene-KLLA0_E20307g,1089,1023,767,604
gene-KLLA0_E20329r,0,0,0,0
gene-KLLA0_E20351g,1260,1273,1233,1346
gene-KLLA0_E20373g,1611,1584,1455,1751
gene-KLLA0_E20395g,1343,1307,1098,1335
gene-KLLA0_E20417g,998,953,693,761
gene-KLLA0_E20439g,20,15,45,34
gene-KLLA0_E20461g,43884,40054,26428,34314
gene-KLLA0_E20483r,0,0,0,0
gene-KLLA0_E20505g,149,119,116,107
gene-KLLA0_E20527g,65540,68470,2099,2334
gene-KLLA0_E20549g,11483,10959,7317,8403
gene-KLLA0_E20571g,374,281,294,305
gene-KLLA0_E20593g,1238,1158,428,504
gene-KLLA0_E20615g,4754,4755,3408,3529
gene-KLLA0_E20637g,26,18,2,1
gene-KLLA0_E20659g,883,892,437,483
gene-KLLA0_E20681g,827,786,962,757
gene-KLLA0_E20703g,2442,2123,1782,2162
gene-KLLA0_E20725g,2170,2150,1923,1665
gene-KLLA0_E20747g,962,929,593,720
gene-KLLA0_E20769g,703,621,2470,2634
gene-KLLA0_E20791g,3005,2967,2319,2266
gene-KLLA0_E20813g,1302,1072,840,771
gene-KLLA0_E20835g,993,954,1450,1531
gene-KLLA0_E20857g,1135,1063,756,838
gene-KLLA0_E20879g,3742,3578,2041,2220
gene-KLLA0_E20901g,533,485,397,414
gene-KLLA0_E20923g,300,335,170,169
gene-KLLA0_E20945g,649,705,448,437
gene-KLLA0_E20967g,2342,2302,1527,1587
gene-KLLA0_E20989g,675,669,299,327
gene-KLLA0_E21011g,4706,4247,2898,3975
gene-KLLA0_E21033g,3617,3533,2139,2462
gene-KLLA0_E21055g,1860,1752,1025,1166
gene-KLLA0_E21077g,1881,1754,796,1052
gene-KLLA0_E21099g,344,381,521,521
gene-KLLA0_E21121g,218,224,704,809
gene-KLLA0_E21143g,1112,1041,760,858
gene-KLLA0_E21165g,75,48,684,814
gene-KLLA0_E21187g,452,442,415,430
gene-KLLA0_E21209g,6001,5538,2077,2566
gene-KLLA0_E21231g,473,314,177,221
gene-KLLA0_E21253g,1862,1664,2106,2366
gene-KLLA0_E21275g,1053,917,617,649
gene-KLLA0_E21297g,3286,3328,1936,2226
gene-KLLA0_E21319g,3058,2957,784,1171
gene-KLLA0_E21341g,1472,1318,817,949
gene-KLLA0_E21363g,961,995,911,1092
gene-KLLA0_E21385g,693,670,440,528
gene-KLLA0_E21407g,599,667,552,690
gene-KLLA0_E21429g,425,365,693,813
gene-KLLA0_E21451g,2397,2477,2181,2322
gene-KLLA0_E21473g,8950,8468,5335,5905
gene-KLLA0_E21495g,519,437,268,340
gene-KLLA0_E21517g,1516,1484,981,1084
gene-KLLA0_E21539g,577,554,462,555
gene-KLLA0_E21561g,2449,2457,1449,1648
gene-KLLA0_E21583g,6986,6558,3618,4092
gene-KLLA0_E21605g,7217,6883,3417,4146
gene-KLLA0_E21627g,15377,17674,11879,13887
gene-KLLA0_E21649g,1881,1784,1693,1824
gene-KLLA0_E21671g,4201,4104,3222,3399
gene-KLLA0_E21693g,1971,1978,1718,1439
gene-KLLA0_E21715g,543,571,760,883
gene-KLLA0_E21737g,718,637,433,516
gene-KLLA0_E21759g,562,500,394,401
gene-KLLA0_E21781g,1061,977,696,866
gene-KLLA0_E21803g,719,681,585,642
gene-KLLA0_E21825g,570,569,435,435
gene-KLLA0_E21847g,2278,2237,1788,1977
gene-KLLA0_E21869g,1900,1830,1657,2050
gene-KLLA0_E21891g,13949,12268,7384,8566
gene-KLLA0_E21913g,141,131,185,199
gene-KLLA0_E21935g,19375,18404,9163,10829
gene-KLLA0_E21957g,954,882,682,761
gene-KLLA0_E21979g,29511,26320,17024,20663
gene-KLLA0_E22001g,29870,25434,18074,21071
gene-KLLA0_E22023g,7883,6813,4429,5831
gene-KLLA0_E22045g,2320,2332,1734,1965
gene-KLLA0_E22089g,699,701,527,682
gene-KLLA0_E22111g,1000,964,590,667
gene-KLLA0_E22133g,4018,3763,1708,2021
gene-KLLA0_E22155g,2313,2123,1801,2069
gene-KLLA0_E22177g,10,1,4,2
gene-KLLA0_E22199g,16583,15244,7302,9742
gene-KLLA0_E22221r,0,0,0,0
gene-KLLA0_E22243g,3170,2975,2214,2295
gene-KLLA0_E22265g,16012,15499,6161,6777
gene-KLLA0_E22287g,1452,1516,821,972
gene-KLLA0_E22309g,35678,33579,11385,13226
gene-KLLA0_E22331g,1087,996,580,801
gene-KLLA0_E22353r,0,0,0,0
gene-KLLA0_E22375g,1214,1097,1397,1762
gene-KLLA0_E22397g,5865,6110,2236,2786
gene-KLLA0_E22419g,1050,978,710,767
gene-KLLA0_E22441g,5696,4831,4088,4931
gene-KLLA0_E22463g,2164,2104,1865,2070
gene-KLLA0_E22485g,98,78,800,810
gene-KLLA0_E22507g,1794,1709,1586,1921
gene-KLLA0_E22529g,775,656,1411,2064
gene-KLLA0_E22551g,222,210,269,306
gene-KLLA0_E22573g,5189,4567,2304,2578
gene-KLLA0_E22595g,446,340,431,488
gene-KLLA0_E22617g,609,625,511,483
gene-KLLA0_E22639r,0,0,0,0
gene-KLLA0_E22661g,154,93,130,189
gene-KLLA0_E22683g,2870,2721,1878,2025
gene-KLLA0_E22705g,495,411,378,479
gene-KLLA0_E22727g,6040,5777,3848,4244
gene-KLLA0_E22749g,501,521,313,400
gene-KLLA0_E22771g,1638,1535,1370,1716
gene-KLLA0_E22793g,713,580,497,728
gene-KLLA0_E22815r,65,57,41,27
gene-KLLA0_E22859g,2137,1936,798,947
gene-KLLA0_E22881g,1008,842,566,606
gene-KLLA0_E22903g,1095,921,1450,2017
gene-KLLA0_E22925g,1231,1149,889,1091
gene-KLLA0_E22947g,2485,2240,1537,1782
gene-KLLA0_E22969g,1845,1836,1712,1498
gene-KLLA0_E22991g,3480,3281,2712,3396
gene-KLLA0_E23013g,672,690,411,498
gene-KLLA0_E23035g,568,519,297,353
gene-KLLA0_E23057g,1258,1069,765,879
gene-KLLA0_E23079g,492,541,1368,1444
gene-KLLA0_E23101g,5697,5480,4151,5089
gene-KLLA0_E23123g,649,543,450,499
gene-KLLA0_E23145g,1002,964,460,545
gene-KLLA0_E23167g,1409,1302,1287,1546
gene-KLLA0_E23189g,2733,2617,2010,2156
gene-KLLA0_E23211g,297,190,1218,960
gene-KLLA0_E23233g,1136,1068,582,725
gene-KLLA0_E23255g,25,22,164,163
gene-KLLA0_E23277g,719,622,677,844
gene-KLLA0_E23299g,361,292,437,561
gene-KLLA0_E23321g,1401,1323,481,516
gene-KLLA0_E23343g,1092,865,170,172
gene-KLLA0_E23365g,1500,1373,1317,1405
gene-KLLA0_E23387g,2141,2127,1231,1346
gene-KLLA0_E23409g,1872,1724,1015,1054
gene-KLLA0_E23431g,4628,4364,3643,4047
gene-KLLA0_E23453g,7321,7244,4548,4774
gene-KLLA0_E23475g,719,610,491,464
gene-KLLA0_E23497g,315,301,157,202
gene-KLLA0_E23519g,64729,62779,57309,69397
gene-KLLA0_E23541g,1017,1061,846,972
gene-KLLA0_E23563g,8136,7846,4123,5040
gene-KLLA0_E23585g,192,188,126,199
gene-KLLA0_E23607g,725,697,490,530
gene-KLLA0_E23629g,182,190,757,898
gene-KLLA0_E23651g,25209,22904,14795,19353
gene-KLLA0_E23673g,14571,12715,12133,13888
gene-KLLA0_E23695g,505,469,2089,2454
gene-KLLA0_E23717g,2756,2653,3222,3465
gene-KLLA0_E23739g,135,114,87,75
gene-KLLA0_E23761g,1936,1874,2162,2336
gene-KLLA0_E23783g,896,853,638,690
gene-KLLA0_E23805g,15,12,11,8
gene-KLLA0_E23827r,0,0,0,0
gene-KLLA0_E23849g,273,274,369,453
gene-KLLA0_E23871g,2438,2376,1130,1290
gene-KLLA0_E23893g,1391,1357,1121,1377
gene-KLLA0_E23915g,6569,6420,6156,6257
gene-KLLA0_E23937g,818,764,1139,1264
gene-KLLA0_E23959g,3026,2889,1941,2390
gene-KLLA0_E23981g,1396,1335,2037,2647
gene-KLLA0_E24003g,11843,13152,2773,3189
gene-KLLA0_E24025g,1825,1748,1670,1676
gene-KLLA0_E24047g,48527,44228,28031,34752
gene-KLLA0_E24069g,9509,9619,4038,5230
gene-KLLA0_E24091g,848,756,888,880
gene-KLLA0_E24113g,837,701,693,734
gene-KLLA0_E24135g,209,186,2608,3251
gene-KLLA0_E24157g,910,849,431,430
gene-KLLA0_E24179g,1000,998,1016,1157
gene-KLLA0_E24201g,4275,3880,8173,9654
gene-KLLA0_E24223g,1016,944,580,674
gene-KLLA0_E24245g,139,135,64,79
gene-KLLA0_E24267g,580,494,385,418
gene-KLLA0_E24289g,473,406,333,316
gene-KLLA0_E24311g,271,243,211,251
gene-KLLA0_E24333g,1512,1412,899,1132
gene-KLLA0_E24355g,480,389,841,936
gene-KLLA0_E24377g,586,516,620,649
gene-KLLA0_E24399g,419,427,564,688
gene-KLLA0_E24421g,78,122,16,19
gene-KLLA0_E24443g,3,1,2,1
gene-KLLA0_E24465g,1238,1203,940,1068
gene-KLLA0_E24487g,358,294,293,365
gene-KLLA0_E24509g,3103,2808,1386,1737
gene-KLLA0_E24531g,3499,3404,4484,4724
gene-KLLA0_E24553g,1722,1411,988,1388
gene-KLLA0_E24575g,2273,2366,1098,1191
gene-KLLA0_E24597g,40202,38871,12496,14841
gene-KLLA0_E24619g,581,598,388,519
gene-KLLA0_E24641g,409,399,288,322
gene-KLLA0_E24663g,166,128,125,174
gene-KLLA0_E24685g,365,282,360,443
gene-KLLA0_E24707g,91,64,30,39
gene-KLLA0_E24729g,1512,1529,983,1203
gene-KLLA0_E24751g,433,392,353,334
gene-KLLA0_E24773g,1544,1562,1054,1207
gene-KLLA0_E24795g,2958,3260,1378,1712
gene-KLLA0_E24817g,74,59,35,39
gene-KLLA0_E24861g,1132,664,375,489
gene-KLLA0_E24883g,1029,877,239,227
gene-KLLA0_E24905g,1473,1184,406,488
gene-KLLA0_E24927g,4537,3508,1106,1200
gene-KLLA0_E24949g,5627,6098,398,496
gene-KLLA0_E24993g,91,81,65,64
gene-KLLA0_E25015g,236,311,154,178
gene-KLLA0_E25081g,299,248,189,185
gene-KLLA0_E25147g,415,420,1499,1574
gene-KLLA0_E25180g,774,720,693,698
gene-KLLA0_F00132g,19,16,0,11
gene-KLLA0_F00154g,259,205,105,56
gene-KLLA0_F00176g,11,0,2,2
gene-KLLA0_F00220g,1714,1619,1158,1339
gene-KLLA0_F00242g,894,845,786,960
gene-KLLA0_F00264g,487,391,509,541
gene-KLLA0_F00286g,591,504,388,444
gene-KLLA0_F00308g,103,137,92,106
gene-KLLA0_F00330g,436,395,340,421
gene-KLLA0_F00352g,18782,15996,9522,13777
gene-KLLA0_F00374g,2049,1901,1068,1095
gene-KLLA0_F00396g,1464,1431,1448,1281
gene-KLLA0_F00418g,2012,2166,1183,1248
gene-KLLA0_F00440g,12911,14017,10776,12960
gene-KLLA0_F00462g,3768,3651,2238,2890
gene-KLLA0_F00484g,99,79,323,363
gene-KLLA0_F00506g,28508,27401,8252,9238
gene-KLLA0_F00528g,6308,6113,2041,2579
gene-KLLA0_F00572g,1448,1525,1189,1359
gene-KLLA0_F00594g,7693,6560,2884,3735
gene-KLLA0_F00616g,994,980,1038,1102
gene-KLLA0_F00638g,315,287,183,216
gene-KLLA0_F00660g,25002,24754,1754,1837
gene-KLLA0_F00682g,1004,918,134,159
gene-KLLA0_F00704g,6792,6264,2625,3528
gene-KLLA0_F00726g,1483,1393,1383,1487
gene-KLLA0_F00748g,1076,1062,848,956
gene-KLLA0_F00770g,1404,1381,787,812
gene-KLLA0_F00792g,2604,2480,735,952
gene-KLLA0_F00814g,3739,3539,2955,3041
gene-KLLA0_F00836g,1887,1657,1718,2006
gene-KLLA0_F00843g,161,115,164,115
gene-KLLA0_F00858g,3381,3391,2128,2230
gene-KLLA0_F00880g,2906,2733,1577,1761
gene-KLLA0_F00902g,13082,12272,7208,8741
gene-KLLA0_F00924g,1155,1057,2787,3142
gene-KLLA0_F00946g,140,105,366,389
gene-KLLA0_F00968g,1235,1143,808,1076
gene-KLLA0_F00990g,2702,2470,1701,1895
gene-KLLA0_F01012g,19,31,41,64
gene-KLLA0_F01034g,3695,3566,7045,8469
gene-KLLA0_F01056g,1238,1300,775,990
gene-KLLA0_F01078g,992,987,1768,1990
gene-KLLA0_F01100g,29,20,24,19
gene-KLLA0_F01122g,188,157,1852,2035
gene-KLLA0_F01144g,441,457,714,779
gene-KLLA0_F01166g,1204,1152,572,611
gene-KLLA0_F01188g,501,572,503,502
gene-KLLA0_F01210g,6775,6634,5701,6017
gene-KLLA0_F01232g,568,492,275,349
gene-KLLA0_F01254g,2308,2403,1669,1969
gene-KLLA0_F01276g,1280,1333,696,858
gene-KLLA0_F01298g,1760,1700,1019,1338
gene-KLLA0_F01320g,882,884,685,718
gene-KLLA0_F01342g,1112,1052,720,788
gene-KLLA0_F01364g,535,484,2413,2718
gene-KLLA0_F01386g,1598,1620,1134,1110
gene-KLLA0_F01408g,255,187,104,141
gene-KLLA0_F01419g,1122,1028,569,714
gene-KLLA0_F01441g,1311,1283,1149,1401
gene-KLLA0_F01463g,1746,1624,1869,1874
gene-KLLA0_F01485g,1919,1732,1076,1430
gene-KLLA0_F01507g,1047,981,506,554
gene-KLLA0_F01529g,363,293,211,275
gene-KLLA0_F01551g,1181,1191,582,651
gene-KLLA0_F01573g,130,122,104,91
gene-KLLA0_F01595g,49951,48025,67244,71731
gene-KLLA0_F01617g,1188,1194,1080,1320
gene-KLLA0_F01639g,128,102,116,141
gene-KLLA0_F01661g,1421,1402,1440,1539
gene-KLLA0_F01683g,360,272,321,359
gene-KLLA0_F01705g,1015,985,666,831
gene-KLLA0_F01727g,71,54,702,741
gene-KLLA0_F01749g,470,434,575,623
gene-KLLA0_F01771g,143,122,122,188
gene-KLLA0_F01793g,1123,944,826,1013
gene-KLLA0_F01815g,5172,5324,2005,2612
gene-KLLA0_F01837g,2068,2051,1248,1411
gene-KLLA0_F01859g,474,413,227,310
gene-KLLA0_F01881g,2621,2331,872,1019
gene-KLLA0_F01903g,372,425,328,416
gene-KLLA0_F01925g,2034,1956,1456,1779
gene-KLLA0_F01947g,3271,3207,1843,2280
gene-KLLA0_F01969g,1566,1650,541,618
gene-KLLA0_F01991g,1379,1309,1143,1262
gene-KLLA0_F02013g,253,240,1041,1098
gene-KLLA0_F02035g,488,446,343,400
gene-KLLA0_F02057g,9617,9258,7509,8206
gene-KLLA0_F02079g,441,453,273,291
gene-KLLA0_F02101g,760,582,586,766
gene-KLLA0_F02112r,0,1,0,0
gene-KLLA0_F02123g,2454,2441,1169,1285
gene-KLLA0_F02145g,846,824,517,584
gene-KLLA0_F02167g,851,858,651,671
gene-KLLA0_F02189g,317,290,163,215
gene-KLLA0_F02211g,190,174,187,306
gene-KLLA0_F02233g,408,329,472,565
gene-KLLA0_F02255g,1013,1012,687,747
gene-KLLA0_F02277g,155,140,113,138
gene-KLLA0_F02299g,1783,1916,1857,1752
gene-KLLA0_F02321g,143,139,634,798
gene-KLLA0_F02343g,234,231,181,230
gene-KLLA0_F02365g,170,152,234,214
gene-KLLA0_F02387g,189,168,307,239
gene-KLLA0_F02409g,2826,2716,1769,1979
gene-KLLA0_F02431g,10862,10126,6505,7627
gene-KLLA0_F02453g,152,138,191,187
gene-KLLA0_F02475g,1089,945,674,676
gene-KLLA0_F02497g,1433,1446,981,947
gene-KLLA0_F02519g,501,538,268,334
gene-KLLA0_F02541g,6638,6234,4273,5411
gene-KLLA0_F02596g,1211,1106,875,793
gene-KLLA0_F02610g,143,80,81,62
gene-KLLA0_F02640g,1384,1310,946,1149
gene-KLLA0_F02662g,347,319,222,250
gene-KLLA0_F02684g,1631,1690,982,1033
gene-KLLA0_F02706g,3548,3445,2394,2746
gene-KLLA0_F02728g,11207,13393,5657,7427
gene-KLLA0_F02750g,2621,2553,2092,2112
gene-KLLA0_F02772g,868,825,590,686
gene-KLLA0_F02794g,2810,2646,1055,1447
gene-KLLA0_F02816g,3708,4538,1373,1515
gene-KLLA0_F02838g,101,79,100,93
gene-KLLA0_F02860g,126,145,606,760
gene-KLLA0_F02882g,1639,1572,2233,2216
gene-KLLA0_F02904g,503,501,445,554
gene-KLLA0_F02926g,606,576,746,851
gene-KLLA0_F02948g,1654,1527,1138,1308
gene-KLLA0_F02970g,1763,1631,672,670
gene-KLLA0_F02992g,2205,2126,1501,1824
gene-KLLA0_F03014g,6598,6427,7361,8517
gene-KLLA0_F03036g,10347,9498,6533,7100
gene-KLLA0_F03058g,164,172,656,734
gene-KLLA0_F03080g,1541,1567,833,1100
gene-KLLA0_F03102g,2797,2671,2180,2424
gene-KLLA0_F03124g,7127,6612,4648,5895
gene-KLLA0_F03146g,858,889,650,700
gene-KLLA0_F03168g,956,972,576,615
gene-KLLA0_F03179g,52,32,54,57
gene-KLLA0_F03190g,3022,3875,3003,3236
gene-KLLA0_F03212g,832,926,368,416
gene-KLLA0_F03234g,26,31,35,44
gene-KLLA0_F03256g,910,1109,3478,4378
gene-KLLA0_F03311g,1531,1535,2275,2518
gene-KLLA0_F03333g,8305,7423,2757,3027
gene-KLLA0_F03355g,556,449,312,355
gene-KLLA0_F03377g,88,105,627,702
gene-KLLA0_F03399g,377,328,2399,2862
gene-KLLA0_F03421g,2866,2542,1757,2010
gene-KLLA0_F03443g,1709,1496,1114,1424
gene-KLLA0_F03465g,1039,960,544,507
gene-KLLA0_F03487g,414,446,199,276
gene-KLLA0_F03509g,3051,2917,2144,2836
gene-KLLA0_F03531g,3012,2958,2227,2355
gene-KLLA0_F03553g,45982,41916,11322,13851
gene-KLLA0_F03575g,2435,2489,1488,1480
gene-KLLA0_F03597g,557,564,534,466
gene-KLLA0_F03619g,2727,2754,1669,1616
gene-KLLA0_F03641g,5940,5227,3872,5417
gene-KLLA0_F03663g,383,288,551,639
gene-KLLA0_F03685g,1125,1065,691,728
gene-KLLA0_F03707g,541,466,371,409
gene-KLLA0_F03729g,11106,10530,5944,6285
gene-KLLA0_F03751g,2191,1931,1100,1305
gene-KLLA0_F03773g,5528,5772,3768,3886
gene-KLLA0_F03795g,1214,1164,620,642
gene-KLLA0_F03817g,1077,1064,712,846
gene-KLLA0_F03839g,5429,5580,3683,4033
gene-KLLA0_F03861g,424,369,497,619
gene-KLLA0_F03883g,5125,4968,3010,3269
gene-KLLA0_F03905g,3591,3090,1814,2281
gene-KLLA0_F03927g,857,807,372,438
gene-KLLA0_F03949g,699,659,498,546
gene-KLLA0_F03971g,156,157,572,746
gene-KLLA0_F03993g,1767,1628,995,1215
gene-KLLA0_F04015g,6077,7031,3987,4123
gene-KLLA0_F04037g,8884,11881,1030,1257
gene-KLLA0_F04059g,2353,2535,967,1155
gene-KLLA0_F04081g,282,249,283,375
gene-KLLA0_F04103g,14983,14069,7839,8956
gene-KLLA0_F04125g,1368,1629,1272,1463
gene-KLLA0_F04147r,0,0,0,0
gene-KLLA0_F04169g,58859,55609,590,624
gene-KLLA0_F04191g,1259,1204,946,1023
gene-KLLA0_F04213g,2444,2399,1007,1128
gene-KLLA0_F04235g,2092,2083,2393,2820
gene-KLLA0_F04257g,481,448,700,784
gene-KLLA0_F04279g,1308,1338,1383,1665
gene-KLLA0_F04301g,3979,3835,2150,2585
gene-KLLA0_F04323g,5946,5687,2792,3551
gene-KLLA0_F04345g,3280,3223,2318,2316
gene-KLLA0_F04367g,2096,2034,1442,1733
gene-KLLA0_F04389g,2826,2795,2080,2254
gene-KLLA0_F04411g,838,877,592,573
gene-KLLA0_F04433g,5302,4826,3714,3637
gene-KLLA0_F04455g,1466,1439,1209,1422
gene-KLLA0_F04477g,22255,22125,12939,14596
gene-KLLA0_F04499g,2792,2551,3313,4292
gene-KLLA0_F04521g,5491,5526,3912,4461
gene-KLLA0_F04543g,66,50,268,287
gene-KLLA0_F04565g,2385,2288,1758,1944
gene-KLLA0_F04587g,3545,3694,2569,2749
gene-KLLA0_F04609g,2384,2254,2067,2185
gene-KLLA0_F04631g,2422,2177,2346,2073
gene-KLLA0_F04653g,211,228,210,259
gene-KLLA0_F04675g,38128,34425,21819,30104
gene-KLLA0_F04697g,293,301,251,330
gene-KLLA0_F04741g,8730,8352,4321,4756
gene-KLLA0_F04774g,620,530,445,539
gene-KLLA0_F04796g,864,798,574,662
gene-KLLA0_F04807r,0,0,0,0
gene-KLLA0_F04818g,947,922,682,764
gene-KLLA0_F04840g,3922,3200,3146,2565
gene-KLLA0_F04862g,552,565,315,372
gene-KLLA0_F04884g,14195,14165,8196,8640
gene-KLLA0_F04906g,110,103,59,55
gene-KLLA0_F04928g,1077,1140,591,790
gene-KLLA0_F04950g,6099,5488,3731,4004
gene-KLLA0_F04972g,515,470,658,790
gene-KLLA0_F05005g,6486,6288,3389,4293
gene-KLLA0_F05027g,345,316,416,455
gene-KLLA0_F05049g,2744,2662,5019,5974
gene-KLLA0_F05071g,10995,11008,8252,7859
gene-KLLA0_F05093g,20547,19391,1307,1670
gene-KLLA0_F05115g,230,195,126,177
gene-KLLA0_F05137g,160,121,99,87
gene-KLLA0_F05159g,14780,14549,8483,7507
gene-KLLA0_F05181g,1454,1370,1026,1007
gene-KLLA0_F05203g,2206,1928,855,958
gene-KLLA0_F05225g,10601,9691,5616,7401
gene-KLLA0_F05247g,21769,19869,13740,15832
gene-KLLA0_F05269g,2280,2302,1269,1283
gene-KLLA0_F05291g,751,735,471,450
gene-KLLA0_F05313g,1578,1445,742,927
gene-KLLA0_F05335g,287,281,114,174
gene-KLLA0_F05357g,5211,4914,3454,4330
gene-KLLA0_F05379g,6,3,3,2
gene-KLLA0_F05401g,26545,26173,15979,18151
gene-KLLA0_F05423g,1102,1185,739,966
gene-KLLA0_F05445g,1419,1401,903,1014
gene-KLLA0_F05467g,5167,5123,3457,3910
gene-KLLA0_F05489g,5654,5136,8564,10058
gene-KLLA0_F05511g,1988,1626,814,930
gene-KLLA0_F05533r,0,0,0,0
gene-KLLA0_F05555g,5667,4940,3686,5566
gene-KLLA0_F05588g,560,556,569,669
gene-KLLA0_F05610g,786,778,557,549
gene-KLLA0_F05632g,3332,3183,2673,2912
gene-KLLA0_F05654g,1200,1097,1293,1302
gene-KLLA0_F05676g,27617,27326,9524,11098
gene-KLLA0_F05731g,2412,1950,731,903
gene-KLLA0_F05753g,3802,3416,2175,2715
gene-KLLA0_F05775g,1626,1645,812,1030
gene-KLLA0_F05797g,249,235,193,247
gene-KLLA0_F05819g,603,571,434,441
gene-KLLA0_F05841g,590,447,288,382
gene-KLLA0_F05874r,0,0,0,0
gene-KLLA0_F05896g,325,279,686,772
gene-KLLA0_F05918g,10501,9510,8690,9880
gene-KLLA0_F05940g,1049,919,536,637
gene-KLLA0_F05962g,114,119,333,429
gene-KLLA0_F05984g,514,444,379,490
gene-KLLA0_F06006g,1843,1769,8951,10379
gene-KLLA0_F06028g,61,79,182,210
gene-KLLA0_F06050g,1478,1384,1325,1784
gene-KLLA0_F06061g,21,28,40,56
gene-KLLA0_F06072g,27122,31772,30178,30939
gene-KLLA0_F06094g,191,159,292,349
gene-KLLA0_F06116g,2295,2139,1514,1620
gene-KLLA0_F06138g,260,282,1214,1228
gene-KLLA0_F06160g,7277,7001,3981,4217
gene-KLLA0_F06182g,1803,1762,1237,1465
gene-KLLA0_F06204g,1033,1007,831,969
gene-KLLA0_F06226g,11871,12522,10032,11900
gene-KLLA0_F06248g,37513,36804,43166,49637
gene-KLLA0_F06270g,450,410,296,313
gene-KLLA0_F06292g,6230,5892,4280,4368
gene-KLLA0_F06314g,275,261,173,206
gene-KLLA0_F06336g,1174,1007,5152,5617
gene-KLLA0_F06358g,499,457,506,452
gene-KLLA0_F06380g,3162,3105,3962,4603
gene-KLLA0_F06402g,1127,990,690,860
gene-KLLA0_F06424g,129,143,353,332
gene-KLLA0_F06446g,1952,1768,1007,1076
gene-KLLA0_F06468g,1128,1012,713,735
gene-KLLA0_F06490g,5217,4986,6895,7582
gene-KLLA0_F06512g,77,57,78,85
gene-KLLA0_F06534g,502,412,482,515
gene-KLLA0_F06556g,4387,3575,7691,9157
gene-KLLA0_F06578g,2567,2350,1559,1852
gene-KLLA0_F06600g,2249,2114,2039,2523
gene-KLLA0_F06622g,260,269,962,1150
gene-KLLA0_F06644g,436,392,285,374
gene-KLLA0_F06666g,442,433,1724,1823
gene-KLLA0_F06688g,847,780,1082,1346
gene-KLLA0_F06710g,7549,7459,5139,5698
gene-KLLA0_F06732g,3267,2916,1880,2199
gene-KLLA0_F06754g,2327,2263,1470,1668
gene-KLLA0_F06776g,1966,1886,612,752
gene-KLLA0_F06798g,1071,996,732,771
gene-KLLA0_F06831g,12976,11330,17294,19106
gene-KLLA0_F06853g,1309,1339,749,864
gene-KLLA0_F06875g,590,538,577,640
gene-KLLA0_F06897g,1405,1398,1077,1169
gene-KLLA0_F06919g,1828,1853,1055,1248
gene-KLLA0_F06941g,268,225,671,740
gene-KLLA0_F06963g,138,88,119,169
gene-KLLA0_F06985g,2082,2117,950,1027
gene-KLLA0_F07007g,1125,1097,934,1077
gene-KLLA0_F07029g,5978,5770,3074,3633
gene-KLLA0_F07073g,779,840,922,831
gene-KLLA0_F07095g,3519,3310,8498,9487
gene-KLLA0_F07117g,491,459,480,529
gene-KLLA0_F07139g,1174,1081,812,934
gene-KLLA0_F07161g,411,363,337,345
gene-KLLA0_F07183g,812,734,523,602
gene-KLLA0_F07205g,1037,993,689,774
gene-KLLA0_F07227g,1711,1691,1259,1458
gene-KLLA0_F07249g,275,299,154,173
gene-KLLA0_F07271g,18,12,3,8
gene-KLLA0_F07293g,185,173,117,169
gene-KLLA0_F07315g,1989,1977,1220,1641
gene-KLLA0_F07337g,46,44,21,32
gene-KLLA0_F07348g,294,203,484,492
gene-KLLA0_F07359g,564,488,521,513
gene-KLLA0_F07381g,1831,1666,1522,1855
gene-KLLA0_F07403g,3605,3494,3419,3949
gene-KLLA0_F07425g,428,311,265,277
gene-KLLA0_F07447g,2577,2490,2134,2339
gene-KLLA0_F07469g,1908,1785,1957,2263
gene-KLLA0_F07491r,0,0,0,0
gene-KLLA0_F07513g,1589,1583,1514,1755
gene-KLLA0_F07557g,1663,1571,1159,1290
gene-KLLA0_F07579g,5360,5444,6501,5844
gene-KLLA0_F07601g,0,0,0,1
gene-KLLA0_F07623g,3086,2970,2404,2721
gene-KLLA0_F07645g,1179,1096,641,836
gene-KLLA0_F07667g,1032,917,523,543
gene-KLLA0_F07689g,5312,5474,3665,4522
gene-KLLA0_F07711g,128,102,233,330
gene-KLLA0_F07733g,544,460,442,529
gene-KLLA0_F07755g,606,560,629,728
gene-KLLA0_F07777g,898,811,341,418
gene-KLLA0_F07799g,102,106,1027,1209
gene-KLLA0_F07821g,2405,2335,1542,1638
gene-KLLA0_F07843g,8361,7648,5171,6168
gene-KLLA0_F07865g,3601,2870,2887,4159
gene-KLLA0_F07887g,26,23,25,20
gene-KLLA0_F07909g,4210,3711,1251,1593
gene-KLLA0_F07931g,1876,1755,1031,1226
gene-KLLA0_F07953g,3053,2992,565,684
gene-KLLA0_F07975g,1029,1008,719,840
gene-KLLA0_F07997g,1914,1968,1196,1331
gene-KLLA0_F08019g,1565,1507,1316,1439
gene-KLLA0_F08041g,1084,1125,811,853
gene-KLLA0_F08063g,1096,1044,892,1122
gene-KLLA0_F08074r,0,0,0,1
gene-KLLA0_F08085g,5321,5077,3963,4259
gene-KLLA0_F08107g,3336,3479,1834,2356
gene-KLLA0_F08129g,700,685,306,397
gene-KLLA0_F08162g,16303,16827,10631,13124
gene-KLLA0_F08184g,2341,2237,1392,1496
gene-KLLA0_F08206g,1282,1222,1142,1226
gene-KLLA0_F08228g,5999,5543,2687,3205
gene-KLLA0_F08261g,20705,19118,13783,16729
gene-KLLA0_F08283g,87,102,167,208
gene-KLLA0_F08305g,1698,1590,1685,1852
gene-KLLA0_F08327g,2529,2392,2199,2213
gene-KLLA0_F08349g,606,610,478,543
gene-KLLA0_F08371g,17,23,11,13
gene-KLLA0_F08393g,698,734,1747,2064
gene-KLLA0_F08415g,402,403,1928,2187
gene-KLLA0_F08437g,952,969,1273,1483
gene-KLLA0_F08459g,4457,4277,3754,4237
gene-KLLA0_F08481g,907,863,663,830
gene-KLLA0_F08492g,82,62,64,51
gene-KLLA0_F08503g,383,333,375,459
gene-KLLA0_F08525g,520,516,1945,2102
gene-KLLA0_F08547g,5889,5321,5271,6371
gene-KLLA0_F08569g,658,703,827,834
gene-KLLA0_F08591g,255,290,458,549
gene-KLLA0_F08613g,1948,1600,6315,7851
gene-KLLA0_F08635g,1535,1477,965,1322
gene-KLLA0_F08657g,19026,16482,11890,16380
gene-KLLA0_F08679g,88,132,82,94
gene-KLLA0_F08701g,233,201,148,164
gene-KLLA0_F08723g,2638,2411,3061,3633
gene-KLLA0_F08745g,44,76,21,30
gene-KLLA0_F08767g,518,426,274,337
gene-KLLA0_F08789g,1211,1235,555,659
gene-KLLA0_F08811g,1714,1823,1693,2022
gene-KLLA0_F08833g,1018,917,1147,1313
gene-KLLA0_F08855g,1342,1081,10974,11969
gene-KLLA0_F08877g,471,409,253,338
gene-KLLA0_F08899g,1103,1077,971,1039
gene-KLLA0_F08921g,20905,17589,6693,7497
gene-KLLA0_F08954g,1052,1136,917,1063
gene-KLLA0_F08976g,16727,15363,14757,19192
gene-KLLA0_F08998g,1211,1085,664,829
gene-KLLA0_F09053g,3519,3414,2210,2685
gene-KLLA0_F09075g,4199,3628,2844,3731
gene-KLLA0_F09097g,289,300,184,168
gene-KLLA0_F09119g,1150,1181,890,976
gene-KLLA0_F09141g,133,104,62,71
gene-KLLA0_F09163g,1310,1309,796,856
gene-KLLA0_F09185g,7884,7643,3559,4414
gene-KLLA0_F09207g,401,363,287,345
gene-KLLA0_F09229g,96,69,120,137
gene-KLLA0_F09251g,278,272,280,294
gene-KLLA0_F09273g,999,957,966,1110
gene-KLLA0_F09295g,469,399,361,446
gene-KLLA0_F09317g,4874,4498,6118,7493
gene-KLLA0_F09339g,990,933,531,772
gene-KLLA0_F09361g,1790,1644,1053,1195
gene-KLLA0_F09383g,842,782,549,643
gene-KLLA0_F09405g,940,910,598,789
gene-KLLA0_F09427g,980,775,54,82
gene-KLLA0_F09449g,27530,26428,5241,6248
gene-KLLA0_F09482r,0,0,0,0
gene-KLLA0_F09526g,565,639,406,532
gene-KLLA0_F09559g,2066,1896,1600,1964
gene-KLLA0_F09581g,2653,2439,1674,1926
gene-KLLA0_F09603g,3619,3347,1783,2141
gene-KLLA0_F09625g,838,848,499,455
gene-KLLA0_F09647g,5781,5262,3408,3866
gene-KLLA0_F09669g,2611,2628,1226,1447
gene-KLLA0_F09691g,1433,1443,979,1211
gene-KLLA0_F09713g,199,168,208,222
gene-KLLA0_F09735g,1336,1339,723,787
gene-KLLA0_F09757g,191,146,213,245
gene-KLLA0_F09768g,391,356,488,532
gene-KLLA0_F09790g,1544,2347,4115,5237
gene-KLLA0_F09812g,52339,48248,32586,38532
gene-KLLA0_F09845g,1773,1665,1579,1532
gene-KLLA0_F09867g,402,338,253,245
gene-KLLA0_F09889g,7429,7607,5708,6577
gene-KLLA0_F09911g,18571,18272,11469,12029
gene-KLLA0_F09933g,734,777,4675,5238
gene-KLLA0_F09955g,4929,5134,1870,2142
gene-KLLA0_F09977g,203,201,113,125
gene-KLLA0_F09999g,3361,3179,2188,2700
gene-KLLA0_F10021g,11387,10695,6748,7784
gene-KLLA0_F10043g,414,407,685,754
gene-KLLA0_F10065g,18857,19227,13471,15046
gene-KLLA0_F10087g,3060,3095,2539,2744
gene-KLLA0_F10109g,2297,2128,2096,1990
gene-KLLA0_F10131g,853,814,727,883
gene-KLLA0_F10153g,1128,910,570,748
gene-KLLA0_F10175g,15739,14988,8062,9318
gene-KLLA0_F10198g,16,11,17,24
gene-KLLA0_F10219g,49,29,113,139
gene-KLLA0_F10241g,462,413,309,362
gene-KLLA0_F10263g,7270,6907,5187,5788
gene-KLLA0_F10285g,4607,4272,3740,4123
gene-KLLA0_F10307g,3612,3570,1912,2327
gene-KLLA0_F10329g,518,438,336,349
gene-KLLA0_F10351g,989,921,601,798
gene-KLLA0_F10373g,72,68,30,35
gene-KLLA0_F10395g,7668,7264,4840,5417
gene-KLLA0_F10417g,187,173,702,760
gene-KLLA0_F10439g,1609,1424,712,911
gene-KLLA0_F10461g,5815,5579,6311,7416
gene-KLLA0_F10483g,396,335,201,121
gene-KLLA0_F10505g,2581,2521,1502,1690
gene-KLLA0_F10527g,1285,1151,873,987
gene-KLLA0_F10549g,3174,3234,2031,2140
gene-KLLA0_F10571g,1294,1313,1238,1187
gene-KLLA0_F10593g,181,176,752,843
gene-KLLA0_F10615g,7968,7566,6591,7692
gene-KLLA0_F10637g,54,52,77,92
gene-KLLA0_F10659g,1685,1596,1568,1815
gene-KLLA0_F10681g,1039,1082,870,866
gene-KLLA0_F10703g,2281,2250,1327,1538
gene-KLLA0_F10725g,349,366,317,307
gene-KLLA0_F10747g,1446,1461,1033,1147
gene-KLLA0_F10769g,1742,1579,936,1272
gene-KLLA0_F10776r,0,0,0,0
gene-KLLA0_F10791g,1363,1327,864,937
gene-KLLA0_F10813g,1270,1210,1318,1597
gene-KLLA0_F10835g,2149,2060,1821,1772
gene-KLLA0_F10857g,184,184,165,212
gene-KLLA0_F10879g,667,674,2764,3053
gene-KLLA0_F10912g,1806,1881,849,898
gene-KLLA0_F10934g,1958,1817,1403,1771
gene-KLLA0_F10956g,561,532,570,675
gene-KLLA0_F10967g,212,160,123,161
gene-KLLA0_F10978g,914,914,724,693
gene-KLLA0_F11000g,1198,1286,675,732
gene-KLLA0_F11022g,996,1058,618,609
gene-KLLA0_F11033g,201,230,123,151
gene-KLLA0_F11055r,0,0,0,0
gene-KLLA0_F11077g,1019,992,798,891
gene-KLLA0_F11099g,911,831,577,737
gene-KLLA0_F11121g,510,474,323,422
gene-KLLA0_F11143g,2174,2246,1276,1400
gene-KLLA0_F11165g,3161,3105,2627,3159
gene-KLLA0_F11187g,755,652,460,516
gene-KLLA0_F11209g,1189,1102,693,905
gene-KLLA0_F11231g,435,456,589,712
gene-KLLA0_F11253g,328,271,1503,1830
gene-KLLA0_F11275g,17,24,3,8
gene-KLLA0_F11297g,4889,4691,3247,3923
gene-KLLA0_F11319g,3404,3340,2196,2387
gene-KLLA0_F11341g,240,264,245,269
gene-KLLA0_F11363g,692,626,433,580
gene-KLLA0_F11385g,1887,1765,1876,2106
gene-KLLA0_F11396g,654,559,626,715
gene-KLLA0_F11418g,78,58,48,69
gene-KLLA0_F11440g,424,390,199,212
gene-KLLA0_F11462g,974,930,788,962
gene-KLLA0_F11484g,581,596,807,934
gene-KLLA0_F11506g,125,116,1232,1369
gene-KLLA0_F11528g,1462,1485,1216,1498
gene-KLLA0_F11550g,1228,1199,798,1004
gene-KLLA0_F11572g,1683,1642,1036,1164
gene-KLLA0_F11594r,0,0,0,0
gene-KLLA0_F11638g,517,447,308,437
gene-KLLA0_F11660g,1475,1346,1532,1529
gene-KLLA0_F11682g,1176,1110,726,568
gene-KLLA0_F11704g,9503,9452,7389,7800
gene-KLLA0_F11726g,3245,3106,1968,1646
gene-KLLA0_F11748g,3218,3203,1745,1918
gene-KLLA0_F11770g,3373,3057,2822,3420
gene-KLLA0_F11792g,1565,1492,1006,1088
gene-KLLA0_F11814g,1155,1131,620,646
gene-KLLA0_F11847r,0,0,0,0
gene-KLLA0_F11891g,647,649,444,447
gene-KLLA0_F11913g,445,405,207,265
gene-KLLA0_F11935g,961,896,594,668
gene-KLLA0_F11957g,142,121,126,135
gene-KLLA0_F11979g,435,394,1809,1960
gene-KLLA0_F12001g,5769,5327,3402,4010
gene-KLLA0_F12023g,736,740,620,675
gene-KLLA0_F12034g,1438,1324,683,645
gene-KLLA0_F12056g,3717,4198,1316,1627
gene-KLLA0_F12078g,351,320,300,380
gene-KLLA0_F12100g,13490,12666,7864,9064
gene-KLLA0_F12122r,0,0,0,0
gene-KLLA0_F12166g,5273,5461,2574,2826
gene-KLLA0_F12188g,5587,5864,4138,4567
gene-KLLA0_F12210g,30278,27090,34967,39412
gene-KLLA0_F12232g,28,15,22,20
gene-KLLA0_F12254g,1865,1725,1086,1291
gene-KLLA0_F12276g,1360,1318,955,1032
gene-KLLA0_F12298g,9540,9970,10765,12826
gene-KLLA0_F12342g,4958,4970,5328,7187
gene-KLLA0_F12364g,4440,4133,3089,4010
gene-KLLA0_F12386g,2540,2294,1886,2136
gene-KLLA0_F12408g,594,512,350,433
gene-KLLA0_F12430g,7934,7710,6865,7620
gene-KLLA0_F12452g,2183,2078,1436,1382
gene-KLLA0_F12474g,1611,1408,941,951
gene-KLLA0_F12485r,0,0,1,2
gene-KLLA0_F12496g,6038,5668,5140,6219
gene-KLLA0_F12518g,3727,3228,2013,2595
gene-KLLA0_F12525r,20,35,21,39
gene-KLLA0_F12540g,95,67,61,50
gene-KLLA0_F12562g,986,935,2050,2320
gene-KLLA0_F12584g,1952,1822,1682,1860
gene-KLLA0_F12606g,1359,1255,720,720
gene-KLLA0_F12628g,1579,2026,780,851
gene-KLLA0_F12650g,1559,1437,769,793
gene-KLLA0_F12672g,366,368,233,251
gene-KLLA0_F12694g,131,130,219,216
gene-KLLA0_F12716r,0,0,0,0
gene-KLLA0_F12738r,0,0,0,0
gene-KLLA0_F12760g,19526,19227,9038,10478
gene-KLLA0_F12782g,10279,9802,3789,4708
gene-KLLA0_F12804g,247,179,521,641
gene-KLLA0_F12826g,460,379,456,483
gene-KLLA0_F12848g,5124,4787,2791,3562
gene-KLLA0_F12892g,4573,4446,2593,2961
gene-KLLA0_F12914g,941,945,529,496
gene-KLLA0_F12936g,3700,3216,1047,1397
gene-KLLA0_F12958g,1333,1322,779,891
gene-KLLA0_F12980g,4231,4006,2152,2746
gene-KLLA0_F13002g,1007,914,595,737
gene-KLLA0_F13024g,335,320,478,533
gene-KLLA0_F13046g,2110,2190,1565,1578
gene-KLLA0_F13068g,1239,1221,683,814
gene-KLLA0_F13090g,184,153,93,113
gene-KLLA0_F13112g,426,380,251,272
gene-KLLA0_F13134g,726,704,426,448
gene-KLLA0_F13156g,1551,1399,1003,1183
gene-KLLA0_F13178g,1385,1257,1209,1302
gene-KLLA0_F13200g,659,742,1696,1924
gene-KLLA0_F13222g,458,408,1069,1245
gene-KLLA0_F13244g,119,130,1182,1454
gene-KLLA0_F13266g,63,51,269,341
gene-KLLA0_F13288g,4537,4353,1724,2055
gene-KLLA0_F13310g,6788,6439,4628,5682
gene-KLLA0_F13332g,6467,5803,4604,5502
gene-KLLA0_F13354g,1785,2048,1038,1022
gene-KLLA0_F13376g,7163,6717,4315,5275
gene-KLLA0_F13398g,473,500,320,392
gene-KLLA0_F13420g,1331,1355,1179,1251
gene-KLLA0_F13442g,1331,1263,907,1007
gene-KLLA0_F13464g,2680,2332,1920,2502
gene-KLLA0_F13486g,193,224,204,207
gene-KLLA0_F13508g,77,81,675,778
gene-KLLA0_F13530g,1366,1372,905,1102
gene-KLLA0_F13552g,4792,4752,3511,3702
gene-KLLA0_F13574g,4135,4255,2521,2830
gene-KLLA0_F13596g,16801,15989,7293,8452
gene-KLLA0_F13618g,5350,5233,3579,3356
gene-KLLA0_F13640g,109,99,399,444
gene-KLLA0_F13662g,208,173,281,290
gene-KLLA0_F13684g,452,467,309,316
gene-KLLA0_F13706g,4735,4558,2405,2934
gene-KLLA0_F13728g,1971,1808,1021,1227
gene-KLLA0_F13750g,3985,4021,3508,4037
gene-KLLA0_F13772g,424,418,1411,1627
gene-KLLA0_F13794g,955,905,511,626
gene-KLLA0_F13816g,646,521,392,479
gene-KLLA0_F13838g,1469,1498,815,852
gene-KLLA0_F13860g,689,564,400,506
gene-KLLA0_F13882g,755,737,548,631
gene-KLLA0_F13904g,934,918,451,450
gene-KLLA0_F13926g,75,90,634,685
gene-KLLA0_F13948g,262,266,645,751
gene-KLLA0_F13970g,778,747,612,696
gene-KLLA0_F13981g,3,1,3,4
gene-KLLA0_F13992g,941,863,722,858
gene-KLLA0_F14014r,0,0,0,0
gene-KLLA0_F14058g,4765,4319,3319,3622
gene-KLLA0_F14080g,770,794,688,894
gene-KLLA0_F14102g,2748,2719,1816,2103
gene-KLLA0_F14124g,5731,5447,4483,5071
gene-KLLA0_F14146g,858,800,662,711
gene-KLLA0_F14168g,746,580,601,857
gene-KLLA0_F14190g,1933,1836,1352,1455
gene-KLLA0_F14212g,459,458,300,300
gene-KLLA0_F14234g,775,706,385,444
gene-KLLA0_F14256g,1119,1059,531,583
gene-KLLA0_F14278g,2530,2493,793,919
gene-KLLA0_F14300g,512,512,248,281
gene-KLLA0_F14322g,322,320,154,193
gene-KLLA0_F14344g,310,304,157,160
gene-KLLA0_F14366g,1930,1816,944,1184
gene-KLLA0_F14399g,1469,1506,1042,1144
gene-KLLA0_F14421g,1783,1609,1125,1330
gene-KLLA0_F14443g,2025,2029,1324,1301
gene-KLLA0_F14465g,917,836,728,789
gene-KLLA0_F14487g,652,593,663,758
gene-KLLA0_F14509g,5095,4799,1004,1072
gene-KLLA0_F14531g,823,671,333,354
gene-KLLA0_F14553g,51,39,222,275
gene-KLLA0_F14575g,5868,5744,3087,3189
gene-KLLA0_F14597g,1683,1579,1004,1104
gene-KLLA0_F14619g,4246,4053,2370,2946
gene-KLLA0_F14641g,508,475,276,274
gene-KLLA0_F14663g,4219,4189,3160,3396
gene-KLLA0_F14685g,272,320,167,169
gene-KLLA0_F14707g,6734,6251,2522,2923
gene-KLLA0_F14729g,1487,1397,921,1003
gene-KLLA0_F14751g,1390,1371,804,650
gene-KLLA0_F14773g,3859,3493,2034,2380
gene-KLLA0_F14795g,2531,2425,2129,2710
gene-KLLA0_F14817g,803,750,739,805
gene-KLLA0_F14839g,113,98,489,476
gene-KLLA0_F14861g,2085,1904,3503,2751
gene-KLLA0_F14905g,162,159,122,152
gene-KLLA0_F14916g,847,767,474,622
gene-KLLA0_F14927g,2292,2267,1481,1603
gene-KLLA0_F14949g,1201,1026,717,691
gene-KLLA0_F14971g,1216,1224,753,903
gene-KLLA0_F14993g,1102,955,789,868
gene-KLLA0_F15015g,1284,1105,740,827
gene-KLLA0_F15037g,573,650,128,142
gene-KLLA0_F15059r,0,0,0,0
gene-KLLA0_F15103g,6500,6052,7628,10126
gene-KLLA0_F15136g,417,457,307,329
gene-KLLA0_F15158g,5217,5288,4266,4507
gene-KLLA0_F15180g,289,246,387,379
gene-KLLA0_F15202g,1846,1692,4683,5640
gene-KLLA0_F15224g,1132,1033,11108,12428
gene-KLLA0_F15246g,347,293,250,310
gene-KLLA0_F15268g,383,377,268,382
gene-KLLA0_F15290r,0,0,0,0
gene-KLLA0_F15312g,416,351,265,388
gene-KLLA0_F15325g,1200,993,581,868
gene-KLLA0_F15334g,3446,3456,2624,2796
gene-KLLA0_F15367g,2440,2423,1405,1423
gene-KLLA0_F15389g,5690,5336,3114,3595
gene-KLLA0_F15411g,4220,4069,2680,2991
gene-KLLA0_F15433g,626,565,1025,1446
gene-KLLA0_F15455g,134,87,83,132
gene-KLLA0_F15477g,2870,2650,1802,1601
gene-KLLA0_F15510g,666,584,859,830
gene-KLLA0_F15532g,607,581,607,734
gene-KLLA0_F15554g,500,518,606,773
gene-KLLA0_F15576g,1332,1281,1632,1781
gene-KLLA0_F15598g,70,60,553,617
gene-KLLA0_F15620g,1301,1231,924,892
gene-KLLA0_F15642g,1236,1195,835,815
gene-KLLA0_F15664g,4904,4248,1163,1510
gene-KLLA0_F15686g,33,13,27,43
gene-KLLA0_F15708g,5779,5863,2348,2428
gene-KLLA0_F15730g,504,550,402,470
gene-KLLA0_F15752g,166,150,1271,1455
gene-KLLA0_F15774g,1034,919,1157,1416
gene-KLLA0_F15796g,552,578,314,309
gene-KLLA0_F15807g,1410,1371,755,864
gene-KLLA0_F15829g,17390,16689,7698,8997
gene-KLLA0_F15862g,1025,875,477,437
gene-KLLA0_F15884g,4683,4577,3206,3422
gene-KLLA0_F15906g,1980,1753,1743,2086
gene-KLLA0_F15928g,4048,3696,6628,6907
gene-KLLA0_F15950g,4796,4609,3099,3442
gene-KLLA0_F15961g,219,143,118,112
gene-KLLA0_F15972g,2154,2025,1609,1862
gene-KLLA0_F15983r,1,0,1,2
gene-KLLA0_F15994g,7619,7309,4260,4707
gene-KLLA0_F16016g,3191,3339,1597,1981
gene-KLLA0_F16038g,1579,1708,1271,1398
gene-KLLA0_F16060g,485,468,366,402
gene-KLLA0_F16082g,773,737,406,440
gene-KLLA0_F16104g,2570,2424,585,685
gene-KLLA0_F16126g,555,507,401,440
gene-KLLA0_F16148g,7307,6739,8296,10265
gene-KLLA0_F16170g,366,345,258,266
gene-KLLA0_F16192g,2109,1982,933,1067
gene-KLLA0_F16214g,762,746,243,312
gene-KLLA0_F16236g,1011,996,884,1043
gene-KLLA0_F16258g,6518,6238,5476,5736
gene-KLLA0_F16280g,199,178,796,844
gene-KLLA0_F16302g,1070,917,559,663
gene-KLLA0_F16324g,2379,2304,1176,1364
gene-KLLA0_F16357r,0,0,0,0
gene-KLLA0_F16401g,708,563,331,434
gene-KLLA0_F16423g,1571,1482,707,774
gene-KLLA0_F16445g,832,760,518,633
gene-KLLA0_F16467g,3652,3509,2694,3298
gene-KLLA0_F16489g,904,841,4119,5149
gene-KLLA0_F16511g,53281,50470,42887,51657
gene-KLLA0_F16533g,376,390,187,199
gene-KLLA0_F16555g,6905,6609,3537,3614
gene-KLLA0_F16577g,1,0,0,2
gene-KLLA0_F16599g,2152,2020,1833,1998
gene-KLLA0_F16621g,2111,2046,1397,1482
gene-KLLA0_F16643g,3367,3337,1756,2087
gene-KLLA0_F16665g,601,584,985,1156
gene-KLLA0_F16687r,0,0,0,0
gene-KLLA0_F16709g,1864,1822,594,619
gene-KLLA0_F16731g,96,95,66,83
gene-KLLA0_F16753g,12853,12740,14302,17747
gene-KLLA0_F16775g,4534,4102,3688,4385
gene-KLLA0_F16797g,748,640,429,426
gene-KLLA0_F16819g,855,922,1138,1190
gene-KLLA0_F16841g,770,676,373,388
gene-KLLA0_F16863g,4633,4335,3061,3874
gene-KLLA0_F16885g,1427,1339,1012,992
gene-KLLA0_F16907g,2638,2514,4510,5362
gene-KLLA0_F16929g,4432,3724,1893,2701
gene-KLLA0_F16962g,959,868,683,740
gene-KLLA0_F17006g,2124,2069,1813,1905
gene-KLLA0_F17028g,104,105,51,65
gene-KLLA0_F17050g,3325,3080,14817,18488
gene-KLLA0_F17072g,142,160,134,119
gene-KLLA0_F17094g,291,337,304,313
gene-KLLA0_F17116g,246,255,231,288
gene-KLLA0_F17138g,876,904,565,715
gene-KLLA0_F17160g,715,641,625,638
gene-KLLA0_F17182g,27,26,111,129
gene-KLLA0_F17198g,15,12,19,31
gene-KLLA0_F17215g,179,164,77,100
gene-KLLA0_F17237g,543,481,2121,2708
gene-KLLA0_F17259g,2446,2437,1892,2024
gene-KLLA0_F17281g,1760,1411,1196,1029
gene-KLLA0_F17303r,0,0,0,0
gene-KLLA0_F17325g,440,456,288,317
gene-KLLA0_F17347g,599,686,429,483
gene-KLLA0_F17369g,3099,2953,2144,2259
gene-KLLA0_F17391g,3489,3361,3012,3434
gene-KLLA0_F17413g,2597,2264,1476,1695
gene-KLLA0_F17435g,153,158,1164,1368
gene-KLLA0_F17457g,288,264,262,308
gene-KLLA0_F17479g,896,835,891,962
gene-KLLA0_F17501g,769,718,597,799
gene-KLLA0_F17523g,4467,4400,3148,3623
gene-KLLA0_F17545g,2574,2487,1610,1777
gene-KLLA0_F17567g,326,285,222,239
gene-KLLA0_F17589g,2070,2092,1068,1520
gene-KLLA0_F17611g,118,112,67,96
gene-KLLA0_F17633g,12234,10905,12215,14440
gene-KLLA0_F17655g,17522,16276,11268,12843
gene-KLLA0_F17677g,2079,2035,2191,2486
gene-KLLA0_F17710r,0,0,0,0
gene-KLLA0_F17754g,6365,6126,4322,4725
gene-KLLA0_F17776g,931,1003,694,785
gene-KLLA0_F17798g,1523,1503,1002,1089
gene-KLLA0_F17820g,1865,1717,996,1048
gene-KLLA0_F17842g,132,104,61,45
gene-KLLA0_F17864g,2268,2077,1923,2135
gene-KLLA0_F17886g,990,1027,775,845
gene-KLLA0_F17908g,1705,1612,1382,1528
gene-KLLA0_F17930g,2991,2847,2143,2143
gene-KLLA0_F17952g,235,171,189,210
gene-KLLA0_F17974g,146,111,101,98
gene-KLLA0_F17996g,1006,846,582,741
gene-KLLA0_F18018g,1246,1233,878,1035
gene-KLLA0_F18040g,14734,12957,11431,13567
gene-KLLA0_F18062g,531,450,242,316
gene-KLLA0_F18084g,1793,1760,1549,1520
gene-KLLA0_F18106g,7244,7320,9000,10544
gene-KLLA0_F18128g,4630,4762,5366,6295
gene-KLLA0_F18150g,966,917,719,872
gene-KLLA0_F18194g,45921,46399,15157,17487
gene-KLLA0_F18216g,2656,2556,1200,1195
gene-KLLA0_F18238g,862,876,472,544
gene-KLLA0_F18260g,90488,83758,103179,125737
gene-KLLA0_F18282g,29989,28910,10712,11997
gene-KLLA0_F18304g,362,327,495,636
gene-KLLA0_F18348r,0,0,0,0
gene-KLLA0_F18370g,777,670,328,436
gene-KLLA0_F18392g,11136,10489,6830,8210
gene-KLLA0_F18414g,458,369,290,317
gene-KLLA0_F18436g,731,695,664,805
gene-KLLA0_F18458g,250,211,129,149
gene-KLLA0_F18480g,19,15,35,51
gene-KLLA0_F18502g,20,26,150,168
gene-KLLA0_F18513r,0,0,0,0
gene-KLLA0_F18524g,2092,1793,1362,1196
gene-KLLA0_F18546g,2489,2538,6520,7990
gene-KLLA0_F18568g,112,93,197,196
gene-KLLA0_F18590g,801,765,550,620
gene-KLLA0_F18612g,2968,2689,1967,1892
gene-KLLA0_F18634g,178,170,137,189
gene-KLLA0_F18656g,679,694,1762,1913
gene-KLLA0_F18678g,2400,2331,2433,2518
gene-KLLA0_F18700g,3022,3139,1465,1636
gene-KLLA0_F18722g,317,320,127,145
gene-KLLA0_F18744g,1602,1527,1705,2326
gene-KLLA0_F18766g,64,56,41,62
gene-KLLA0_F18788g,3065,3239,1647,1947
gene-KLLA0_F18810g,1941,1769,816,988
gene-KLLA0_F18832g,58082,52886,73222,84809
gene-KLLA0_F18865g,861,750,465,571
gene-KLLA0_F18887g,255,240,329,390
gene-KLLA0_F18909g,337,289,226,308
gene-KLLA0_F18931g,5416,5086,3554,3615
gene-KLLA0_F18953g,712,655,586,625
gene-KLLA0_F18975g,3746,3501,2895,2913
gene-KLLA0_F18997g,650,638,409,428
gene-KLLA0_F19041g,3614,4291,1660,1713
gene-KLLA0_F19063g,885,847,748,803
gene-KLLA0_F19085g,1910,1794,1510,1716
gene-KLLA0_F19096g,2311,2355,1667,1782
gene-KLLA0_F19118g,2287,2225,1453,1628
gene-KLLA0_F19140g,475,461,344,422
gene-KLLA0_F19162g,11580,11065,13640,15914
gene-KLLA0_F19184g,1070,995,943,1146
gene-KLLA0_F19206g,862,817,698,863
gene-KLLA0_F19228g,833,916,1021,1248
gene-KLLA0_F19250g,335,352,291,393
gene-KLLA0_F19272g,1282,1141,1082,1161
gene-KLLA0_F19294g,1362,1321,817,852
gene-KLLA0_F19316g,575,552,323,311
gene-KLLA0_F19338g,2075,2072,1449,1557
gene-KLLA0_F19360g,2777,2382,2558,3227
gene-KLLA0_F19371g,155,142,3952,6102
gene-KLLA0_F19382g,39,37,84,105
gene-KLLA0_F19404g,447,371,987,1160
gene-KLLA0_F19426g,971,803,570,792
gene-KLLA0_F19448g,716,681,458,535
gene-KLLA0_F19470g,429,486,277,337
gene-KLLA0_F19492g,339,317,431,389
gene-KLLA0_F19514g,2828,2784,2040,2082
gene-KLLA0_F19536g,5516,5717,3280,3234
gene-KLLA0_F19558g,1516,1485,693,706
gene-KLLA0_F19580g,281,273,167,191
gene-KLLA0_F19602g,564,554,325,373
gene-KLLA0_F19624g,572,566,368,367
gene-KLLA0_F19646g,139,135,126,164
gene-KLLA0_F19668g,348,313,271,347
gene-KLLA0_F19690g,459,446,419,481
gene-KLLA0_F19712g,11025,10520,11544,12478
gene-KLLA0_F19734g,2069,2249,1639,1748
gene-KLLA0_F19756g,1408,1274,1520,1727
gene-KLLA0_F19778g,10260,10114,6073,7125
gene-KLLA0_F19800g,199,169,154,128
gene-KLLA0_F19822g,1556,1478,940,1043
gene-KLLA0_F19844g,670,551,214,229
gene-KLLA0_F19866g,315,276,300,335
gene-KLLA0_F19877r,0,0,0,0
gene-KLLA0_F19888g,336,293,2077,2213
gene-KLLA0_F19910g,95,105,187,240
gene-KLLA0_F19921g,148,127,181,166
gene-KLLA0_F19943g,503,489,331,355
gene-KLLA0_F19950r,0,0,0,1
gene-KLLA0_F19965g,545,504,286,342
gene-KLLA0_F20009g,30176,29051,16203,21634
gene-KLLA0_F20031g,102548,88528,78790,69608
gene-KLLA0_F20053g,4844,4788,2745,2779
gene-KLLA0_F20075g,5838,5876,3677,4257
gene-KLLA0_F20097r,0,0,0,0
gene-KLLA0_F20119g,1265,1391,655,762
gene-KLLA0_F20141g,1748,2256,1492,1716
gene-KLLA0_F20163g,4911,4901,6382,7900
gene-KLLA0_F20185g,739,735,419,558
gene-KLLA0_F20207g,265,271,174,192
gene-KLLA0_F20229g,2249,2276,2306,2884
gene-KLLA0_F20251g,2358,2204,967,1128
gene-KLLA0_F20273g,2420,2145,583,687
gene-KLLA0_F20295g,1841,1701,1445,1523
gene-KLLA0_F20317g,3810,3570,2843,3300
gene-KLLA0_F20339g,388,368,275,343
gene-KLLA0_F20361g,1126,1122,859,977
gene-KLLA0_F20383g,5282,4442,3010,2804
gene-KLLA0_F20405g,746,667,331,380
gene-KLLA0_F20449g,4076,4003,3461,3674
gene-KLLA0_F20460g,672,545,462,620
gene-KLLA0_F20471g,849,745,910,1223
gene-KLLA0_F20504g,1950,1827,1309,1466
gene-KLLA0_F20526g,910,891,532,543
gene-KLLA0_F20548g,7767,7766,2501,2945
gene-KLLA0_F20570g,1167,998,764,1162
gene-KLLA0_F20592r,0,0,0,0
gene-KLLA0_F20603g,0,0,1,0
gene-KLLA0_F20614g,31,32,12,28
gene-KLLA0_F20636g,614,501,363,446
gene-KLLA0_F20658g,26708,27133,13122,14882
gene-KLLA0_F20680g,6044,6065,1552,1686
gene-KLLA0_F20702g,2505,2298,1280,1291
gene-KLLA0_F20724g,1481,1429,1021,1038
gene-KLLA0_F20746g,1471,1407,785,873
gene-KLLA0_F20768g,1339,1203,765,1059
gene-KLLA0_F20790g,1482,1411,1196,1407
gene-KLLA0_F20812g,3955,3882,2564,2986
gene-KLLA0_F20834g,2940,2699,2418,1862
gene-KLLA0_F20856g,34,30,16,17
gene-KLLA0_F20878g,4822,6117,2325,2494
gene-KLLA0_F20900g,3548,4409,2441,3282
gene-KLLA0_F20922g,996,987,621,703
gene-KLLA0_F20944g,1055,1033,692,857
gene-KLLA0_F20966g,2237,2201,1277,1298
gene-KLLA0_F20988g,26005,26451,161428,198409
gene-KLLA0_F21010g,137361,126115,121703,139728
gene-KLLA0_F21032g,1507,1384,1776,2144
gene-KLLA0_F21054g,351,247,149,220
gene-KLLA0_F21076g,2139,2070,1229,1204
gene-KLLA0_F21098g,1342,1185,1826,2265
gene-KLLA0_F21120g,15519,13425,19474,26095
gene-KLLA0_F21142g,300,290,184,206
gene-KLLA0_F21164g,3963,3417,3463,4741
gene-KLLA0_F21208g,270,279,2064,2073
gene-KLLA0_F21230g,772,632,464,582
gene-KLLA0_F21252g,1608,1598,619,625
gene-KLLA0_F21274g,1745,1841,942,888
gene-KLLA0_F21296g,2154,2042,1971,1607
gene-KLLA0_F21318g,1204,1145,731,835
gene-KLLA0_F21340g,6180,5942,3326,3890
gene-KLLA0_F21362r,0,0,0,0
gene-KLLA0_F21406g,1936,1983,920,1061
gene-KLLA0_F21428g,289,273,190,262
gene-KLLA0_F21450g,635,547,616,831
gene-KLLA0_F21472r,0,0,0,0
gene-KLLA0_F21494r,0,0,0,0
gene-KLLA0_F21516r,0,0,0,0
gene-KLLA0_F21560g,712,662,369,441
gene-KLLA0_F21582g,1778,1567,1507,1914
gene-KLLA0_F21604g,528,434,1952,2569
gene-KLLA0_F21626g,292,254,255,293
gene-KLLA0_F21648g,4727,4584,2555,2696
gene-KLLA0_F21670g,135,147,835,1041
gene-KLLA0_F21692g,4151,3918,2463,2666
gene-KLLA0_F21714g,435,395,297,332
gene-KLLA0_F21736g,7376,8636,1935,2722
gene-KLLA0_F21758g,2434,2543,1549,1559
gene-KLLA0_F21802g,1423,1354,1153,1234
gene-KLLA0_F21824g,35,22,18,30
gene-KLLA0_F21846g,117,79,1030,1047
gene-KLLA0_F21868g,1537,1253,1584,2083
gene-KLLA0_F21890g,6183,5092,3709,4995
gene-KLLA0_F21934g,1255,1142,916,1209
gene-KLLA0_F21956g,3413,3278,2123,2545
gene-KLLA0_F21978g,2523,2371,1965,2007
gene-KLLA0_F22000g,1040,906,1296,1472
gene-KLLA0_F22022g,2106,1975,6753,8252
gene-KLLA0_F22066g,3232,3221,2681,2568
gene-KLLA0_F22088g,1632,1590,1691,1732
gene-KLLA0_F22110g,4118,3974,2013,2282
gene-KLLA0_F22154g,2279,2190,1707,1848
gene-KLLA0_F22176g,2326,2149,1002,932
gene-KLLA0_F22198g,42588,39870,292,363
gene-KLLA0_F22220g,1669,1678,1011,1177
gene-KLLA0_F22242g,1199,1194,815,952
gene-KLLA0_F22275g,982,895,458,522
gene-KLLA0_F22297g,3505,3254,786,809
gene-KLLA0_F22319g,7788,6969,21,38
gene-KLLA0_F22341g,545,450,114,128
gene-KLLA0_F22363g,1783,1623,1184,1185
gene-KLLA0_F22385g,12122,12159,7071,7244
gene-KLLA0_F22407g,302,312,228,223
gene-KLLA0_F22429g,813,883,486,538
gene-KLLA0_F22451g,662,626,295,360
gene-KLLA0_F22473g,239,239,301,310
gene-KLLA0_F22495g,1909,1703,1570,1774
gene-KLLA0_F22539g,318,320,173,169
gene-KLLA0_F22561g,3008,3106,1532,1553
gene-KLLA0_F22583g,9121,8401,4368,5262
gene-KLLA0_F22605g,1106,1082,633,623
gene-KLLA0_F22627g,33191,32100,2641,2869
gene-KLLA0_F22649g,297,259,144,133
gene-KLLA0_F22671g,6953,6108,6046,5903
gene-KLLA0_F22704r,0,0,0,0
gene-KLLA0_F22748r,0,0,0,0
gene-KLLA0_F22770r,0,0,0,0
gene-KLLA0_F22792g,692,650,325,416
gene-KLLA0_F22814g,660,573,377,539
gene-KLLA0_F22836g,591,556,1328,1720
gene-KLLA0_F22858g,2005,1985,2731,3047
gene-KLLA0_F22880g,1273,1277,861,835
gene-KLLA0_F22902g,115,81,79,66
gene-KLLA0_F22924g,680,721,453,559
gene-KLLA0_F22946g,1814,1882,1089,1253
gene-KLLA0_F22968g,723,680,1130,1289
gene-KLLA0_F22990g,2628,2750,3658,3520
gene-KLLA0_F23012g,1437,1313,1001,1212
gene-KLLA0_F23034g,2554,2348,1605,1932
gene-KLLA0_F23056r,0,0,0,0
gene-KLLA0_F23078g,1761,1742,1185,1205
gene-KLLA0_F23089g,3249,3188,2291,2652
gene-KLLA0_F23111g,2139,2513,4404,4268
gene-KLLA0_F23133g,8983,8395,10957,12748
gene-KLLA0_F23155g,5071,5014,2300,2778
gene-KLLA0_F23177r,2,0,0,1
gene-KLLA0_F23199g,4293,4199,2596,2925
gene-KLLA0_F23221g,1116,1040,894,998
gene-KLLA0_F23243g,861,810,4103,4421
gene-KLLA0_F23265g,12607,12379,10074,11437
gene-KLLA0_F23287g,954,860,1486,1738
gene-KLLA0_F23309g,636,553,597,626
gene-KLLA0_F23331g,424,399,96,123
gene-KLLA0_F23353g,8663,7915,6445,7475
gene-KLLA0_F23375g,1576,1541,1766,1936
gene-KLLA0_F23397g,148382,141158,166403,208310
gene-KLLA0_F23419g,2198,1952,4932,5200
gene-KLLA0_F23441g,1838,1793,902,1130
gene-KLLA0_F23463g,817,851,533,592
gene-KLLA0_F23485g,1828,1677,1250,1431
gene-KLLA0_F23507g,211,202,89,99
gene-KLLA0_F23529g,4482,4019,4968,5973
gene-KLLA0_F23551g,2209,2369,2511,2540
gene-KLLA0_F23573g,623,566,488,529
gene-KLLA0_F23584g,668,608,722,834
gene-KLLA0_F23606g,4482,4376,7927,9676
gene-KLLA0_F23628g,402,335,208,302
gene-KLLA0_F23650g,234,209,1430,1590
gene-KLLA0_F23672g,776,678,1447,1873
gene-KLLA0_F23694g,1922,1912,1664,1973
gene-KLLA0_F23716g,403,397,5157,6398
gene-KLLA0_F23760g,433,336,451,532
gene-KLLA0_F23782g,2837,2700,2891,2586
gene-KLLA0_F23804g,297,320,169,167
gene-KLLA0_F23826g,1026,949,382,509
gene-KLLA0_F23848g,2349,2188,1165,1230
gene-KLLA0_F23870g,5043,5308,3487,3911
gene-KLLA0_F23892g,5478,5257,2345,2565
gene-KLLA0_F23914g,1031,1010,580,723
gene-KLLA0_F23980g,3934,3634,2656,2573
gene-KLLA0_F24002g,42,42,351,446
gene-KLLA0_F24024g,387,309,343,360
gene-KLLA0_F24046g,7139,6719,5420,6536
gene-KLLA0_F24068g,204,153,136,152
gene-KLLA0_F24090g,3180,3086,2555,3074
gene-KLLA0_F24112g,183,172,120,128
gene-KLLA0_F24134g,1291,1368,1211,1226
gene-KLLA0_F24156g,1431,1458,1122,1255
gene-KLLA0_F24178g,90,80,637,674
gene-KLLA0_F24200g,1264,1249,885,1037
gene-KLLA0_F24222g,926,920,607,675
gene-KLLA0_F24244g,1186,1175,967,1068
gene-KLLA0_F24266g,600,552,421,523
gene-KLLA0_F24288g,655,608,548,577
gene-KLLA0_F24310g,178,186,154,191
gene-KLLA0_F24332g,413,372,306,351
gene-KLLA0_F24354g,3581,3662,2423,2687
gene-KLLA0_F24376g,1594,1453,1047,1383
gene-KLLA0_F24398g,506,505,2709,3011
gene-KLLA0_F24420g,777,809,293,309
gene-KLLA0_F24442g,904,878,749,765
gene-KLLA0_F24464g,18828,18890,4877,6196
gene-KLLA0_F24486g,28,32,21,26
gene-KLLA0_F24509g,446,373,81,122
gene-KLLA0_F24530r,0,0,0,0
gene-KLLA0_F24552g,3801,3775,2158,2585
gene-KLLA0_F24574g,3558,3312,2440,3019
gene-KLLA0_F24596g,0,2,0,2
gene-KLLA0_F24618g,1554,1356,413,480
gene-KLLA0_F24640g,4673,4181,2142,2664
gene-KLLA0_F24662g,1225,1286,573,605
gene-KLLA0_F24684g,110,90,1019,1163
gene-KLLA0_F24706g,463,407,480,551
gene-KLLA0_F24728g,1232,1176,1280,1549
gene-KLLA0_F24750g,6983,6809,2085,2216
gene-KLLA0_F24772g,2139,2149,398,453
gene-KLLA0_F24794g,819,734,739,757
gene-KLLA0_F24816g,834,723,713,886
gene-KLLA0_F24838g,2871,2758,1755,1862
gene-KLLA0_F24860g,5391,5123,1711,1956
gene-KLLA0_F24882g,1322,1612,1792,1924
gene-KLLA0_F24904g,1111,988,879,1068
gene-KLLA0_F24926g,3192,2948,2376,2699
gene-KLLA0_F24948g,149,127,102,108
gene-KLLA0_F24981g,3401,3197,1552,1886
gene-KLLA0_F25003g,1627,1654,1151,1164
gene-KLLA0_F25014g,6330,5698,2934,3810
gene-KLLA0_F25036g,2609,2345,1691,2184
gene-KLLA0_F25058g,49,61,39,37
gene-KLLA0_F25080g,498,401,595,714
gene-KLLA0_F25102g,484,466,398,428
gene-KLLA0_F25124g,1061,1019,794,800
gene-KLLA0_F25146g,1186,1300,1243,1115
gene-KLLA0_F25168g,510,487,1195,1421
gene-KLLA0_F25190g,261,278,315,408
gene-KLLA0_F25212g,167,189,190,203
gene-KLLA0_F25234g,6027,5545,4609,5232
gene-KLLA0_F25256g,463,429,335,324
gene-KLLA0_F25278g,121,108,446,503
gene-KLLA0_F25300g,2142,2018,1938,1806
gene-KLLA0_F25322g,5064,4902,5515,5972
gene-KLLA0_F25344r,0,0,0,0
gene-KLLA0_F25366g,1045,978,595,650
gene-KLLA0_F25388g,3965,3677,1790,1956
gene-KLLA0_F25410g,3541,3567,1468,1607
gene-KLLA0_F25432g,810,775,681,883
gene-KLLA0_F25454g,357,329,209,248
gene-KLLA0_F25476g,1842,1697,1367,1600
gene-KLLA0_F25498g,4761,4567,2773,3351
gene-KLLA0_F25520g,95,112,105,106
gene-KLLA0_F25542g,11342,9816,8511,10407
gene-KLLA0_F25553r,0,0,0,0
gene-KLLA0_F25564g,1225,1116,917,1189
gene-KLLA0_F25586g,211,158,406,540
gene-KLLA0_F25608r,0,0,0,0
gene-KLLA0_F25630g,1275,1366,722,717
gene-KLLA0_F25652g,14780,14593,8529,10483
gene-KLLA0_F25674g,2281,2114,1330,1516
gene-KLLA0_F25696g,2055,1897,917,1142
gene-KLLA0_F25718g,1422,1277,1848,2219
gene-KLLA0_F25740g,359,306,388,468
gene-KLLA0_F25762g,850,790,572,632
gene-KLLA0_F25784g,1913,1714,1108,1072
gene-KLLA0_F25806g,3091,3134,1912,2181
gene-KLLA0_F25828g,1787,1637,1375,1403
gene-KLLA0_F25850g,600,499,438,437
gene-KLLA0_F25872g,454,369,327,438
gene-KLLA0_F25894g,1301,1266,823,916
gene-KLLA0_F25916g,101,87,69,116
gene-KLLA0_F25938g,266,235,187,199
gene-KLLA0_F25960g,19219,17433,8534,10208
gene-KLLA0_F25982g,108,105,89,82
gene-KLLA0_F26004g,1089,1055,677,828
gene-KLLA0_F26026g,882,853,404,509
gene-KLLA0_F26048g,630,606,562,685
gene-KLLA0_F26070g,128,111,1190,1337
gene-KLLA0_F26092g,18480,18115,13158,14511
gene-KLLA0_F26103r,0,0,0,0
gene-KLLA0_F26114g,4690,4564,2807,3169
gene-KLLA0_F26158g,700,699,463,556
gene-KLLA0_F26180g,272,292,181,267
gene-KLLA0_F26202g,561,634,541,573
gene-KLLA0_F26224g,225,199,1092,1160
gene-KLLA0_F26246g,2324,2495,2266,2633
gene-KLLA0_F26268g,3397,3352,1803,2057
gene-KLLA0_F26290g,2949,2973,1624,1833
gene-KLLA0_F26312g,1248,1193,809,902
gene-KLLA0_F26334g,80,78,77,105
gene-KLLA0_F26356g,2347,2066,1826,2248
gene-KLLA0_F26378g,463,485,323,401
gene-KLLA0_F26400g,3380,2585,3287,4058
gene-KLLA0_F26422g,552,503,419,408
gene-KLLA0_F26433g,1820,1756,1167,1237
gene-KLLA0_F26455g,8877,8813,3394,3760
gene-KLLA0_F26477g,4042,3992,2175,2469
gene-KLLA0_F26499g,1313,1380,666,790
gene-KLLA0_F26521g,520,494,385,446
gene-KLLA0_F26543r,0,0,0,0
gene-KLLA0_F26587g,1528,1425,821,922
gene-KLLA0_F26620r,0,0,0,0
gene-KLLA0_F26653g,212,185,1536,1732
gene-KLLA0_F26675g,548,469,403,426
gene-KLLA0_F26686g,8,8,11,20
gene-KLLA0_F26697g,5884,5831,5454,5280
gene-KLLA0_F26719r,0,0,0,0
gene-KLLA0_F26763g,1725,1668,1154,1379
gene-KLLA0_F26807g,1791,1669,1556,1305
gene-KLLA0_F26818g,8,8,899,1252
gene-KLLA0_F26829g,1321,1256,997,1231
gene-KLLA0_F26851g,1313,1207,768,1044
gene-KLLA0_F26873g,1893,1748,1597,1915
gene-KLLA0_F26895g,6048,6240,4378,4595
gene-KLLA0_F26917g,2881,2575,1588,2104
gene-KLLA0_F26939g,1306,1147,1017,1224
gene-KLLA0_F26961g,2246,2187,1522,1552
gene-KLLA0_F26983g,471,429,350,400
gene-KLLA0_F27005g,999,926,1275,1298
gene-KLLA0_F27027g,314,267,279,308
gene-KLLA0_F27049g,699,677,615,696
gene-KLLA0_F27071g,3336,3255,2234,2492
gene-KLLA0_F27082r,0,0,0,0
gene-KLLA0_F27093g,2090,2278,1072,1265
gene-KLLA0_F27115g,922,906,621,727
gene-KLLA0_F27137g,3556,3556,2715,3186
gene-KLLA0_F27159g,973,919,611,733
gene-KLLA0_F27181g,1200,1134,1198,1395
gene-KLLA0_F27203g,1190,1086,726,763
gene-KLLA0_F27225g,12381,12686,2616,2452
gene-KLLA0_F27247g,510,473,431,634
gene-KLLA0_F27269g,191,202,1706,1912
gene-KLLA0_F27291g,937,952,616,664
gene-KLLA0_F27313g,2252,2176,1189,1364
gene-KLLA0_F27335g,2294,2279,1723,2121
gene-KLLA0_F27357g,5739,5709,4634,4468
gene-KLLA0_F27379g,1196,1231,722,887
gene-KLLA0_F27390g,507,372,287,262
gene-KLLA0_F27401g,1574,1446,801,936
gene-KLLA0_F27423g,1332,1263,1235,1370
gene-KLLA0_F27445g,765,745,765,891
gene-KLLA0_F27467g,6009,5832,4103,4809
gene-KLLA0_F27489g,5292,4617,2516,3057
gene-KLLA0_F27511g,1137,1128,1142,1324
gene-KLLA0_F27533g,2658,2471,1456,1759
gene-KLLA0_F27555g,1789,1698,1436,1561
gene-KLLA0_F27577g,358,374,274,291
gene-KLLA0_F27599g,5433,4994,2031,2508
gene-KLLA0_F27621g,4340,4045,3058,3557
gene-KLLA0_F27643g,1285,1272,936,1050
gene-KLLA0_F27665g,2631,2625,1577,1750
gene-KLLA0_F27687g,3367,3123,2665,2837
gene-KLLA0_F27709g,643,559,581,667
gene-KLLA0_F27731r,0,0,0,0
gene-KLLA0_F27753g,369,319,264,297
gene-KLLA0_F27775g,288,205,205,270
gene-KLLA0_F27797g,3599,3645,2105,2517
gene-KLLA0_F27819g,1431,1388,931,987
gene-KLLA0_F27841g,378,435,170,222
gene-KLLA0_F27863g,568,468,269,313
gene-KLLA0_F27885g,2130,2077,1309,1691
gene-KLLA0_F27907g,1094,932,367,423
gene-KLLA0_F27929g,4496,4167,2592,3030
gene-KLLA0_F27951g,234,198,144,178
gene-KLLA0_F27973g,486,473,377,503
gene-KLLA0_F27995g,542,502,370,460
gene-KLLA0_F28017g,478,477,438,523
gene-KLLA0_F28039g,1635,1529,1372,1656
gene-KLLA0_F28083g,918,1048,430,417
gene-KLLA0_F28105g,114,77,67,81
gene-KllafMp01,0,0,0,0
gene-KllafMp02,0,2,3,3
gene-KllafMp03,0,0,0,1
gene-KllafMp04,0,0,0,0
gene-KllafMp05,38,38,28,37
gene-KllafMp06,1,1,0,4
gene-KllafMp07,9,7,4,2
gene-KllafMp08,1,2,0,4
gene-KllafMr01,73,122,101,191
gene-KllafMr02,51,101,85,96
gene-KllafMs01,0,1,0,0
gene-KllafMt01,0,0,0,0
gene-KllafMt02,0,0,0,0
gene-KllafMt03,0,0,0,0
gene-KllafMt04,0,0,0,0
gene-KllafMt05,0,0,0,0
gene-KllafMt06,0,0,0,0
gene-KllafMt07,0,0,0,0
gene-KllafMt08,0,0,0,0
gene-KllafMt09,0,0,0,0
gene-KllafMt10,0,0,0,0
gene-KllafMt11,0,0,0,0
gene-KllafMt12,0,0,0,0
gene-KllafMt13,0,0,0,0
gene-KllafMt14,0,0,0,0
gene-KllafMt15,0,0,0,0
gene-KllafMt16,0,0,0,0
gene-KllafMt17,0,0,0,1
gene-KllafMt18,0,0,0,0
gene-KllafMt19,0,0,0,0
gene-KllafMt20,0,0,0,0
gene-KllafMt21,0,0,0,0
gene-KllafMt22,0,0,0,0
