"gene_id","baseMean","log2FoldChange","lfcSE","pvalue","padj"
"GWK60_A00011",0.734370878504171,0.10269561497419,0.976028536570573,0.742079581617574,0.770953703201351
"GWK60_A00033",7.49645646917647,-0.066114207594506,0.741655127550344,0.894522880726418,0.907286994334932
"GWK60_A00055",196.220865192113,0.191196233804768,0.196957367824394,0.3231155927122,0.358941503202993
"GWK60_A00077",2339.51445764205,0.62854400862378,0.0681652470682131,2.38588064109911e-20,5.60005897910813e-20
"GWK60_A00099",8535.53757436638,-0.430535986650595,0.0517519104054335,7.87598791637873e-17,1.69785641148164e-16
"GWK60_A00121",1308.16165909803,-0.10712498479863,0.0883707726336638,0.223291458966145,0.253784156041902
"GWK60_A00143",1969.45313968737,-0.0634316634818411,0.0713329465001789,0.371959410658223,0.408797847902686
"GWK60_A00165",1716.3635826769,-0.0323957071340398,0.0777718550225339,0.67542806133976,0.706874572751122
"GWK60_A00187",1017.89699271272,0.209577817614959,0.0923528755534718,0.022728669904612,0.0283636544954351
"GWK60_A00209",758.2299443462,-0.791690315758104,0.11112759007335,7.44461671160494e-13,1.45301238972327e-12
"GWK60_A00231",418.102696305913,1.35463130428011,0.148144465278069,2.57204214853469e-20,6.02894015209112e-20
"GWK60_A00253",7556.42717616042,-0.922891472250206,0.0501097683612187,6.16210517302454e-76,3.09576630469046e-75
"GWK60_A00275",302.223114047658,-0.984733421262427,0.168765746305107,3.10618268746916e-09,5.42267538535936e-09
"GWK60_A00297",4757.34150430314,0.179895523082552,0.0557349928125906,0.0012298925247042,0.00167683636079422
"GWK60_A00319",5050.0662370719,-1.54395251034528,0.0556926418078163,1.12810417480039e-169,1.13240991592558e-168
"GWK60_A00341",3962.42716155037,-0.915991634633075,0.0594488655817871,9.09852762828583e-54,3.63941105131433e-53
"GWK60_A00363",2021.91055927658,0.0217344926879859,0.0771593454000856,0.778487678520366,0.800712786276325
"GWK60_A00385",62637.7506368071,-0.26646061784245,0.11973953146028,0.0248637462929992,0.0309473037153752
"GWK60_A00407",5370.34328894381,1.14842862307799,0.0674416568614628,2.6882499318384e-65,1.21793235499311e-64
"GWK60_A00429",1588.48083833285,-0.0306134122180054,0.0771199810756883,0.689900598342141,0.721160005421237
"GWK60_A00451",465.574362693156,0.112061538910668,0.128865341874177,0.381274911568519,0.418423958867184
"GWK60_A00473",589.405779544251,-0.870737133264351,0.117866813731706,9.77814862200295e-14,1.95935473339945e-13
"GWK60_A00495",1137.68636470988,-0.236769291752814,0.089468625479769,0.00787047699258299,0.0101542087272471
"GWK60_A00517",321.006475482831,-2.76745850284922,0.188478525567338,1.54917352233421e-49,5.84971480795258e-49
"GWK60_A00539",8.71827142541687,0.0589758810752715,0.675576326437264,0.909714514250086,0.921451635847382
"GWK60_A00561",0,NA,NA,NA,NA
"GWK60_A00583",24.636106398708,1.46385317690726,0.576999345715088,0.00340348409863445,0.00451964815925706
"GWK60_A00605",341.705745908865,1.14128366955929,0.152062628456852,3.12655308919563e-14,6.34967924678341e-14
"GWK60_A00627",21.2805868756627,0.0788760358913972,0.501130239386806,0.858702161630333,0.875174069012896
"GWK60_A00649",155.008479795742,0.0550871223278285,0.230292014336257,0.807421231319281,0.828043610204605
"GWK60_A00671",2038.84505928691,0.826062122238754,0.0726568936482386,4.36884661061416e-30,1.2341639727084e-29
"GWK60_A00693",1893.40614253948,0.114773030171381,0.0739679692299397,0.119866473144389,0.140516525237238
"GWK60_A00715",1032.64566012827,-0.602307731085813,0.0935280662935596,9.71007697745484e-11,1.78023718722246e-10
"GWK60_A00737",176.432008196002,-2.06036134721088,0.222866735071688,5.32983256234826e-21,1.26797463943699e-20
"GWK60_A00759",442.648118728205,-0.619273440587122,0.135367020679519,3.80367782691246e-06,5.79923054190131e-06
"GWK60_A00781",1811.07917400186,-0.232593981070413,0.074879975069102,0.00183951971823654,0.00248673187302087
"GWK60_A00803",1148.59426955022,-0.54204226087603,0.0922467844501571,3.5569025993929e-09,6.19103496783807e-09
"GWK60_A00825",182.592305089899,-0.635049194041822,0.212773504275265,0.00220517141534129,0.0029673066371694
"GWK60_A00847",2034.06470709669,1.54468467871515,0.0762109951485967,8.83633955520498e-92,5.13581724424069e-91
"GWK60_A00869",4880.80423179066,-3.62630959821858,0.0685977700559744,0,0
"GWK60_A00891",769.536095168442,-0.33563676307855,0.106261127613081,0.00148105454829041,0.0020119697634317
"GWK60_A00913",943.619796474383,-0.949013595229111,0.0984969779848311,3.42169305260255e-22,8.32860039643193e-22
"GWK60_A00935",10495.8815397212,0.69792062141858,0.0480305946594677,5.79829530981481e-48,2.1508486128086e-47
"GWK60_A00957",3123.63750441423,-1.19535647891708,0.0627023186909009,2.37690108732676e-81,1.25401200795775e-80
"GWK60_A00979",485.153108846963,-0.447403346396646,0.12629938134714,0.000353227339735445,0.000495064163871154
"GWK60_A01001",2071.87305113962,2.52115596663204,0.0806232328723284,2.36606949309449e-215,3.05037390531299e-214
"GWK60_A01023",2528.05977447457,1.09275758383606,0.0667375086915463,1.60574284941952e-60,6.90613850200054e-60
"GWK60_A01045",517.821646945598,-1.35100626552497,0.1269740304824,7.92018242847529e-27,2.11151340972022e-26
"GWK60_A01067",522.418570848548,-1.35893792286346,0.128268520299927,1.27222557108612e-26,3.38145856690904e-26
"GWK60_A01089",613.336071651393,-0.763079995440121,0.114796553998113,2.15093042580456e-11,4.02486447518035e-11
"GWK60_A01111",1693.62249780408,-1.593097628881,0.0793845825071524,4.30934835266608e-90,2.46382307989387e-89
"GWK60_A01133",5990.43300706084,2.62495969083361,0.0584329621447963,0,0
"GWK60_A01155",55391.1660503907,7.12962642863754,0.107449895887652,0,0
"GWK60_A01177",721.525859221191,0.603663224353647,0.106519301794209,1.19501684326161e-08,2.02898276163849e-08
"GWK60_A01199",647.444799587359,1.44401539185135,0.118368290452012,1.15810063511003e-34,3.53546682569863e-34
"GWK60_A01221",1142.02003387696,2.26298341921072,0.202818214730575,1.14297906727439e-29,3.21157579800389e-29
"GWK60_A01243",626.47313029558,0.86530216692652,0.126254256090279,4.77907889191174e-12,9.11786542308878e-12
"GWK60_A01265",8253.72788991518,-1.17578256548503,0.0491769409139819,1.17832026919342e-126,8.82900942444074e-126
"GWK60_A01287",1685.12266794077,0.0048114399779656,0.0767411515688798,0.950571609160089,0.958039215210207
"GWK60_A01309",3096.75844336954,-0.321868253689166,0.0636760195283403,4.06095261380948e-07,6.46116477575253e-07
"GWK60_A01331",0,NA,NA,NA,NA
"GWK60_A01353",7816.73795381758,-4.35470867441395,0.0655297610992187,0,0
"GWK60_A01375",19682.8347432739,-2.35879944644473,0.121372553448081,2.35484655210063e-85,1.29025967333847e-84
"GWK60_A01397",45.3507548033719,2.09997081119873,0.442195043975224,4.2149482955994e-07,6.70009913413504e-07
"GWK60_A01419",450.943965077415,2.63984501187681,0.156273270021271,7.05447739950449e-65,3.1851116842398e-64
"GWK60_A01441",1584.06336113514,-0.118564215089335,0.0803090727668084,0.138316010573436,0.161103236407501
"GWK60_A01463",2239.16665194077,2.74048744140973,0.0786193066227347,6.10916506227122e-267,1.00106567687061e-265
"GWK60_A01485",4323.88392258319,0.348027489462843,0.0566019651947809,7.44691264550058e-10,1.32557565195713e-09
"GWK60_A01507",952.665291071495,0.50944386541608,0.100730951103103,3.73894161979911e-07,5.95603662027357e-07
"GWK60_A01529",8136.25195480299,2.42889580618636,0.0565616342810524,0,0
"GWK60_A01551",7336.23931605612,0.267912392155259,0.0517534742591249,2.18546420805101e-07,3.52407778490139e-07
"GWK60_A01573",1108.98639160231,1.24096646392623,0.0916171059196089,3.99735530722319e-42,1.36444444620337e-41
"GWK60_A01595",17337.2113726405,-1.58578447344506,0.0494427770772507,3.08659971423938e-226,4.20609183857491e-225
"GWK60_A01617",2405.40912504541,-1.34840788890566,0.0694924269433385,2.91417241597035e-84,1.58516514043475e-83
"GWK60_A01639",148.551019170408,0.531903599401757,0.226888714025865,0.0160596127268604,0.0202380361627421
"GWK60_A01661",3783.49687682637,0.349619781388748,0.0625308573442426,2.14626592082124e-08,3.59738896256995e-08
"GWK60_A01683",1032.05409253741,1.22117834064027,0.0951183408310739,4.71302824159016e-38,1.50519299033177e-37
"GWK60_A01705",0.733953080348033,0.287236362627891,1.05164795873577,0.349267747031632,0.38587446952035
"GWK60_A01727",2771.62697087335,-0.429806332497255,0.0721925746342078,2.36792121305651e-09,4.15452487681028e-09
"GWK60_A01749",0,NA,NA,NA,NA
"GWK60_A01771",700.379390056928,-2.02638131609156,0.119172435827043,1.55082379363016e-65,7.03825121181591e-65
"GWK60_A01793",1242.50312874382,1.0744476440624,0.0875787503738569,7.4902366379598e-35,2.29462112496614e-34
"GWK60_A01815",1005.29692904477,1.88206312790804,0.101842885358619,8.38592311309317e-77,4.24134188219904e-76
"GWK60_A01837",1676.25412928231,0.548506143937738,0.0761074081687118,4.90479194524477e-13,9.62656926566697e-13
"GWK60_A01859",2086.36768293457,0.301107115914694,0.0716310215528449,2.50912122751517e-05,3.7093810165064e-05
"GWK60_A01881",0,NA,NA,NA,NA
"GWK60_A01903",4358.22616176216,-2.73737763342698,0.0621237757987367,0,0
"GWK60_A01925",8695.91624380916,-2.17570770101237,0.0517668891237942,0,0
"GWK60_A01947",705.975899305347,0.748988518404406,0.109749696829144,6.50684376410262e-12,1.23425886041038e-11
"GWK60_A01969",300.37362076586,2.0978790725722,0.171887303147632,6.51134326914214e-35,1.99939670727891e-34
"GWK60_A01991",0,NA,NA,NA,NA
"GWK60_A02013",5345.69836520022,-1.72547805909788,0.0559392504722506,1.60275541727571e-209,2.02656093626689e-208
"GWK60_A02035",14232.9935943312,-0.333695878006628,0.045880605701442,2.53022021420471e-13,5.0052494647299e-13
"GWK60_A02057",2404.35965099459,3.37357810880022,0.0870970443315106,0,0
"GWK60_A02079",121.78225453685,-0.0623681773601359,0.238504390390846,0.785639061649172,0.807436784735178
"GWK60_A02101",2537.4181608592,-3.41965006727625,0.0796748447685225,0,0
"GWK60_A02123",3787.11087053026,-1.96690431323876,0.0644714888957821,3.96548834966378e-205,4.88488728787623e-204
"GWK60_A02145",2.93022755266575,0.0743732395592246,0.999631058657457,0.741256661857947,0.770250897149902
"GWK60_A02167",7475.78589763868,-0.00215725702498269,0.0508303186037017,0.965475248339538,0.97047890183961
"GWK60_A02189",3545.65714263235,1.26147199131601,0.0654867050247396,4.5683582500691e-83,2.45450095968983e-82
"GWK60_A02211",4472.90111657145,-0.461440006756623,0.0606189886484154,2.38092208664349e-14,4.85224725910296e-14
"GWK60_A02233",2313.14290887655,-0.23301515493058,0.0771970681245508,0.00245897427458695,0.00329785942996619
"GWK60_A02255",0,NA,NA,NA,NA
"GWK60_A02277",1460.46734460622,1.15506399790945,0.0815522635882157,7.91997763835206e-46,2.84751075719288e-45
"GWK60_A02299",3177.87976287557,0.371548711361098,0.0638625950649261,5.57971328478958e-09,9.62271864852236e-09
"GWK60_A02321",883.405363788721,-0.286032428834029,0.0980999983074855,0.00338386346465222,0.00449472773335118
"GWK60_A02343",5290.69198542326,0.00694829677337363,0.0533627453968104,0.901762687324679,0.914277512592099
"GWK60_A02365",2097.48520939581,-0.714868363741505,0.0758609798089678,3.23594490830462e-21,7.72982298714001e-21
"GWK60_A02387",6903.83968586689,-0.260528796194764,0.0545832056473142,1.7407393931245e-06,2.69065213277546e-06
"GWK60_A02409",1888.04615286433,-0.722274372401912,0.0745826995058872,2.69941443293764e-22,6.58271669784515e-22
"GWK60_A02431",576.201760542613,0.394280431588102,0.122673668013293,0.00120772593320807,0.00164746846697989
"GWK60_A02453",12296.0335801331,0.498042425080712,0.0457270622840263,1.02821190391366e-27,2.77069396239029e-27
"GWK60_A02475",2105.76173838508,-0.381663346394547,0.0700462768790304,4.69641802680035e-08,7.78052246329758e-08
"GWK60_A02497",2179.95323987853,-1.60404830890247,0.072758330422139,3.06711587520745e-108,2.02931188724417e-107
"GWK60_A02519",2939.98962821497,0.533615172861878,0.071645828997442,8.13255953511747e-14,1.63147456730427e-13
"GWK60_A02541",1496.59597449087,0.738261690088166,0.0952053712538298,6.51738805557433e-15,1.3448984375175e-14
"GWK60_A02563",3055.41674768815,0.767351689219125,0.0691339109821683,9.06802127420319e-29,2.50382109723406e-28
"GWK60_A02585",8335.70252055151,0.24550989484722,0.0554002326596813,9.13058551069583e-06,1.3725887335313e-05
"GWK60_A02607",323.810619971054,-2.26815414640629,0.171054688448077,8.36676573129884e-41,2.79246115143604e-40
"GWK60_A02629",807.406222120611,-1.59235896293007,0.107561294642264,4.49308894200272e-50,1.71258317644452e-49
"GWK60_A02651",2449.7100717173,-0.756384959527985,0.0674019901974603,2.31798444688203e-29,6.47853251360227e-29
"GWK60_A02673",669.244044618435,0.0564068632483326,0.11325687134553,0.617001582782939,0.650516802052167
"GWK60_A02695",498.447725048131,-0.262052350491387,0.128674373670366,0.0398539381074157,0.0489222204072361
"GWK60_A02717",1697.25848103847,0.932189722146412,0.0855764449529479,7.69016880490921e-28,2.07650348633585e-27
"GWK60_A02739",395.712236545821,0.44666057089997,0.138314190920243,0.0011155481556004,0.00152449553090623
"GWK60_A02761",3001.49123355156,-0.239241799352511,0.067334924824858,0.000368359657987625,0.000515311649206093
"GWK60_A02783",712.091520378455,0.0918483267920749,0.106972417779535,0.388442735407618,0.425934706742562
"GWK60_A02805",51.6611469069389,0.11429730653218,0.362885031447046,0.738105561742533,0.767583087142294
"GWK60_A02827",85.0655839427459,0.364994114291914,0.284104035475798,0.181246313338327,0.208566092356071
"GWK60_A02849",928.943206904971,0.542163966862524,0.0969442773589055,1.92725109410564e-08,3.23773259501618e-08
"GWK60_A02871",1227.99444001758,0.721688708633943,0.0894572547727098,5.43425710597691e-16,1.14565901312379e-15
"GWK60_A02893",1862.80296265016,1.73023690161135,0.081941761905275,1.53755028377317e-99,9.44803094935385e-99
"GWK60_A02915",1012.63406853289,-0.70512684349596,0.0940022502362941,4.7857157478714e-14,9.6781487250302e-14
"GWK60_A02937",2028.07738187175,0.520395584474047,0.0765768034787138,9.34956362184575e-12,1.76394206064952e-11
"GWK60_A02959",443.181710020833,1.76660003695507,0.139735747612548,3.53190040906901e-37,1.11914434648813e-36
"GWK60_A02981",1084.11343088618,0.287026604788439,0.0891260859856747,0.00122878176051022,0.00167575630289961
"GWK60_A03003",6040.8178965417,0.392439046053597,0.0637865567307606,7.08717551405775e-10,1.26282327926639e-09
"GWK60_A03025",636.293066527613,1.715468092545,0.129667699560256,1.83846063190688e-40,6.09729062032168e-40
"GWK60_A03047",13995.4048036047,-2.89374950385843,0.0587845480266175,0,0
"GWK60_A03069",530.448682540737,-0.0647921790250615,0.12863317435893,0.610738926936628,0.644689294739446
"GWK60_A03091",974.202723504701,-2.64673301758749,0.114042184977466,4.21273975020259e-120,3.04382020412989e-119
"GWK60_A03113",65171.921309713,-1.33341170329617,0.0438488354664962,1.13523613144037e-203,1.37906282941717e-202
"GWK60_A03135",310.982594503041,-1.09420477093776,0.158822701062189,2.96910243047368e-12,5.69565236480363e-12
"GWK60_A03157",27217.7638931749,-2.86921641472473,0.0536288418704498,0,0
"GWK60_A03179",12.4484495577041,1.52017823897184,0.814084447744679,0.0154965271237928,0.0195637642467235
"GWK60_A03201",902.934728191363,0.291095400116307,0.0992040709287217,0.00320367281719858,0.00426076334221606
"GWK60_A03223",2612.17193860263,0.350142990921132,0.0684251184081815,2.8399134905806e-07,4.54455277166229e-07
"GWK60_A03245",19531.4363828506,1.06780847778467,0.0438412182956204,4.58639492537779e-131,3.57929336906338e-130
"GWK60_A03267",24416.6810970906,-2.02213895348167,0.0473560661370014,0,0
"GWK60_A03289",14.8289616246729,0.720293510140126,0.633130703156459,0.158759839815784,0.183694843253635
"GWK60_A03311",932.993714158901,0.0402791028756109,0.0949597975967049,0.670879732496235,0.702533823000238
"GWK60_A03333",1185.46790720955,-0.473111723679573,0.0891726313017029,9.85813164492443e-08,1.61236854640244e-07
"GWK60_A03355",3019.22788472218,1.42402779001123,0.0664850233790858,3.41894968341957e-102,2.16932151203702e-101
"GWK60_A03377",1198.39011347764,1.66887281170014,0.0912462490906454,3.14470977343694e-75,1.57086167220117e-74
"GWK60_A03399",0,NA,NA,NA,NA
"GWK60_A03421",1575.66040139158,2.01783070443727,0.0871083571687314,2.550279234897e-119,1.83007759557411e-118
"GWK60_A03443",1479.10348729435,0.48786608352885,0.0805092793107674,1.21310962489871e-09,2.14485937040914e-09
"GWK60_A03465",37.5717143948551,-0.127855276229678,0.40809287118072,0.73106082558295,0.760708198331616
"GWK60_A03487",186.090090653391,-1.554859577195,0.210977328564492,5.41392430232954e-14,1.09233762294796e-13
"GWK60_A03509",1426.15475761301,0.24730479083632,0.0802773323349005,0.00200470004001889,0.00270238908521255
"GWK60_A03531",858.250055889266,-4.49636345427947,0.152298009529615,1.80673167955167e-192,2.05701485593978e-191
"GWK60_A03553",191.87907894273,-2.93488515529544,0.248921771827562,7.92481703891929e-33,2.3524005431555e-32
"GWK60_A03575",4450.27412337453,0.633910254488426,0.0593557485525903,1.037271734073e-26,2.76115856337246e-26
"GWK60_A03597",17337.6789471044,0.984864321720747,0.0552292886171607,2.53753471899214e-71,1.22005782649896e-70
"GWK60_A03619",796.746341889458,2.29485590844861,0.121110199326697,7.34928791674461e-81,3.85416295534164e-80
"GWK60_A03641",0.234094807176001,0.0962576263833054,1.01695109844595,0.777801884169451,0.800163878492336
"GWK60_A03663",278.620202842802,0.427745956776007,0.164568415883673,0.00844245801478977,0.0108628495982863
"GWK60_A03685",13.262323396204,0.248577480341594,0.600253564376793,0.611537271035214,0.645402497119829
"GWK60_A03707",603.49981156077,-0.913416488729347,0.130254950919388,1.49860858162688e-12,2.90659334047102e-12
"GWK60_A03729",0,NA,NA,NA,NA
"GWK60_A03751",8890.43949339829,1.16942622961771,0.0503307621553112,8.60723153366887e-120,6.19343883270838e-119
"GWK60_A03773",1658.1716992057,1.3682717464299,0.0859208789681088,1.64236932000365e-57,6.83454321457216e-57
"GWK60_A03795",1330.82186177994,2.28993650066851,0.0947260012453322,9.89859410743164e-130,7.61207675513018e-129
"GWK60_A03817",5224.62899511383,1.69329584591005,0.0604915924892432,5.65162523774532e-173,5.82893112755693e-172
"GWK60_A03839",1686.80490274372,0.343902265111418,0.0778657760680705,9.44636472915498e-06,1.41762848717133e-05
"GWK60_A03861",266.791424913356,-1.10060217300586,0.172139336126784,8.45049833679825e-11,1.55418256124331e-10
"GWK60_A03883",575.424217077292,-0.742853481845,0.118814821092013,2.94640259332148e-10,5.32397033351803e-10
"GWK60_A03905",5296.63646810111,-4.48453530849238,0.0708782690037669,0,0
"GWK60_A03927",2425.59725940664,-1.78050405434401,0.0784189084163977,9.16951562654637e-115,6.32131745683275e-114
"GWK60_A03949",3845.8261606334,-0.0632830225660892,0.0612303810056313,0.299386672084371,0.334216554271245
"GWK60_A03971",5025.36577482284,0.567968743089708,0.0591387763723913,6.38850141894735e-22,1.54997774278889e-21
"GWK60_A03993",2285.66298464268,1.89012651052896,0.0733474908200446,4.91816982547331e-147,4.20643467999831e-146
"GWK60_A04015",5271.56807046421,-0.891643539651484,0.0601775510881458,7.44484825712442e-50,2.82947267575682e-49
"GWK60_A04037",721.768948064034,0.607843439309603,0.111485320063322,4.06099177186291e-08,6.74481108935866e-08
"GWK60_A04059",2919.73409131631,-0.434567714829089,0.0707143521971752,7.12508960812058e-10,1.26899015825956e-09
"GWK60_A04081",1734.98263703019,-0.0758934798222701,0.0870893181611841,0.380785432923123,0.417973993567535
"GWK60_A04103",1541.94939518663,-2.20684779146447,0.086205560238098,2.60723294911571e-145,2.21194279231429e-144
"GWK60_A04125",1367.54769640695,0.0950247642917027,0.0818765416840926,0.244700102641945,0.276800546214329
"GWK60_A04147",1146.78540189764,-2.26410386634616,0.096542459456042,2.17761632524742e-122,1.59308231860938e-121
"GWK60_A04169",2087.42988551109,0.0485048224087321,0.0719686131544515,0.500179274592079,0.538465612843703
"GWK60_A04191",3244.01745205439,1.80550708634864,0.0653293112610537,1.19321339268712e-168,1.18197786168253e-167
"GWK60_A04213",1197.13085576655,0.39107499750177,0.0894478829058817,1.14258672308597e-05,1.71030340450547e-05
"GWK60_A04235",4413.07846044239,0.729268660644332,0.0573990465042228,4.21895664366672e-37,1.33524139264061e-36
"GWK60_A04257",458.027797469722,1.07284710524011,0.13450966851458,8.36367458509468e-16,1.75550392328803e-15
"GWK60_A04279",151.751182392749,0.673551046065827,0.217241722538728,0.0014829978294541,0.00201408948694257
"GWK60_A04301",968.786728256267,-0.0872906275243652,0.0958257418417644,0.359650027522892,0.396262912603773
"GWK60_A04323",5339.63162372926,2.00700814156515,0.0556917788149354,4.62987078971159e-285,8.17218803821576e-284
"GWK60_A04345",3173.24234900636,1.9642437398547,0.0685349623742224,2.4713516475553e-181,2.64751724361321e-180
"GWK60_A04367",2249.49917863219,0.437335116792798,0.0691932910658024,2.36940956959347e-10,4.29169915153638e-10
"GWK60_A04389",47.3147834678592,-1.45420582166672,0.405640903964032,0.000113046366147304,0.000162821436455317
"GWK60_A04411",30252.819802678,-3.25277124284438,0.045854783593289,0,0
"GWK60_A04433",615.30270893245,-0.993692324119535,0.115252652601672,3.83106601423809e-18,8.49195416556779e-18
"GWK60_A04455",3523.67094801819,0.373451629689267,0.0598269269517268,4.07113600456491e-10,7.32609489702752e-10
"GWK60_A04477",275.261217733718,-0.458769449242662,0.163641555449857,0.00445058627856806,0.00585984576352141
"GWK60_A04499",625.372575074748,-1.62700063733625,0.118780503684627,3.32081998301358e-43,1.14842295270555e-42
"GWK60_A04521",1056.67945825965,0.903257531154218,0.0915777820763902,3.87753725210639e-23,9.62068205003755e-23
"GWK60_A04543",429.805815961715,2.2994857166912,0.153655561368717,2.79077704926298e-51,1.08096371716666e-50
"GWK60_A04565",660.557641623324,2.87013409126475,0.134014959196407,1.97055079024554e-102,1.25485437732343e-101
"GWK60_A04587",4212.82407616483,-0.23000899425472,0.0579016383411366,6.89128073476196e-05,0.000100160642898171
"GWK60_A04609",6303.23374675067,0.22091398091572,0.0514656437843004,1.75385534675432e-05,2.60748420687612e-05
"GWK60_A04631",3353.92716927427,0.45646330302019,0.0607087638015937,4.99265588728016e-14,1.00927632463849e-13
"GWK60_A04653",2732.1580261212,-0.0796718082392315,0.0649993880734293,0.218530228726922,0.248910568017239
"GWK60_A04675",21823.5465182552,1.34550412111281,0.0448032083553773,1.62335184309808e-198,1.91025295183353e-197
"GWK60_A04697",0.502552546897977,-0.199228561739043,1.03075801935768,0.509808144996406,0.547329345198114
"GWK60_B00011",0.536079883131674,-0.181667732663308,1.02953642295571,0.519628798481957,0.556896389571128
"GWK60_B00033",0,NA,NA,NA,NA
"GWK60_B00055",0,NA,NA,NA,NA
"GWK60_B00077",0,NA,NA,NA,NA
"GWK60_B00099",96.2648416989942,-0.773192863915956,0.279249278830844,0.0038432677685173,0.00508696237101182
"GWK60_B00121",4163.47143948808,-3.94676010365645,0.0743942417924945,0,0
"GWK60_B00143",835.349518173982,-0.700887661951812,0.101078590867771,3.11725683165801e-12,5.97767806581157e-12
"GWK60_B00165",1817.1688027483,-1.0591082364865,0.0791685867056126,4.5181108019267e-41,1.51274747410149e-40
"GWK60_B00187",743.083288365212,-4.27133026554929,0.15346893862602,3.66895399608141e-171,3.71843892473762e-170
"GWK60_B00209",35.9913104219778,-2.25219232310223,0.521423269318111,2.88028740624606e-06,4.41442650257992e-06
"GWK60_B00231",396.471505028699,1.05062490825411,0.14446082387931,1.92944140435137e-13,3.83409965503898e-13
"GWK60_B00253",5070.23395178097,0.00951491045704636,0.0542282358103735,0.866908122410989,0.883024152571999
"GWK60_B00275",1808.89323884336,-0.310821786151964,0.0737618996119549,2.37294599250602e-05,3.51399096863222e-05
"GWK60_B00297",19.0665183969427,0.439619617958183,0.563746814153683,0.353629792928078,0.390120115520488
"GWK60_B00319",1620.2477328869,-3.64997436344793,0.0993183785815237,1.03675997397596e-296,1.93381470323176e-295
"GWK60_B00341",1549.36883485893,-0.0277006975309545,0.0780473726257683,0.721187602569264,0.751177582082045
"GWK60_B00363",1184.10763837747,0.640573038390015,0.0865915861807759,1.12027414417032e-13,2.23799544182905e-13
"GWK60_B00385",3234.58907781203,-0.970472962398874,0.0624126198172699,9.58120999007748e-55,3.87372517661857e-54
"GWK60_B00407",3374.31070688929,0.78045914224802,0.0614445197125351,4.24518874306068e-37,1.34273558559827e-36
"GWK60_B00429",342.603288186105,-0.794053342033382,0.149694565866888,7.99585535444912e-08,1.31104112108486e-07
"GWK60_B00451",364.957285130043,0.258506949873118,0.14766145368599,0.0769690474681698,0.0921596152248061
"GWK60_B00473",3800.75668545475,-0.220933283337171,0.0624004215388881,0.000387508923025069,0.000541524159168933
"GWK60_B00495",1431.41828666962,-0.34914508929595,0.0814718627519236,1.70595267782329e-05,2.53698362605329e-05
"GWK60_B00517",23743.023348491,-0.520513838175668,0.0434274068684424,3.77417002366308e-33,1.1247668172503e-32
"GWK60_B00539",8.53075752494816,-1.08013673771866,0.886726804876054,0.0781687010236825,0.0934896242347817
"GWK60_B00561",38.2511592447682,0.965968350543731,0.431419645752988,0.0137621885809747,0.0174557781374312
"GWK60_B00583",3494.14328646983,1.2401519280849,0.0668526543098808,3.86219968168653e-77,1.96281838895373e-76
"GWK60_B00605",2064.41005690123,1.01273144193835,0.0736439305595325,3.15376890235467e-43,1.09208850733282e-42
"GWK60_B00627",1504.12324046658,-5.53168942618741,0.149391963345198,9.87795722157248e-301,1.86899478365005e-299
"GWK60_B00649",6201.15950346939,1.24589563274932,0.0529326380825491,7.64522330808041e-123,5.61646293303114e-122
"GWK60_B00671",196.879779781701,-2.17311491707426,0.212607480256161,3.19830334318359e-25,8.2709319494325e-25
"GWK60_B00693",769.710224077432,0.245110616400827,0.104391491088171,0.0182691144404762,0.0229344968870894
"GWK60_B00715",447.266291023273,-1.80666258491467,0.143320134776434,4.84416001717433e-37,1.53034724866889e-36
"GWK60_B00737",6000.29090427572,-0.534268633502454,0.0537131274654018,2.24279970566927e-23,5.5910551904362e-23
"GWK60_B00759",521.181597973773,0.710218510139723,0.124465520980739,8.75175348286405e-09,1.49461764025535e-08
"GWK60_B00781",6769.13952019158,1.78976770708442,0.0574684260864037,1.67358875894726e-213,2.14186785208336e-212
"GWK60_B00803",39.1048506426974,-0.412263475376855,0.412630722123946,0.272690134322621,0.306354144924602
"GWK60_B00825",568.770143147087,0.0972148494143133,0.116956875998554,0.403316357387977,0.441415738631036
"GWK60_B00847",55.5739167968598,0.0240108386177062,0.341814779808266,0.942637767222802,0.950589466179436
"GWK60_B00869",0,NA,NA,NA,NA
"GWK60_B00891",2716.73667538085,3.36380433420134,0.0790715273793097,0,0
"GWK60_B00913",2593.76257127043,0.735095072743173,0.0695638389491844,3.13319857202199e-26,8.26925463564259e-26
"GWK60_B00935",9515.26324418609,-3.52416843283617,0.054456577223286,0,0
"GWK60_B00957",1648.17579358205,0.514776116709355,0.0779766612274648,3.54014309612278e-11,6.57294482372249e-11
"GWK60_B00979",3366.64601524037,-0.270457388617566,0.060136678818517,6.61881636274656e-06,9.99855659622255e-06
"GWK60_B01001",2942.47658080077,-1.56323692237354,0.0728613928788329,1.06719720596595e-102,6.81244818371467e-102
"GWK60_B01023",7433.19593279562,-2.73770508592965,0.0577953152858661,0,0
"GWK60_B01045",851.366450002681,-3.07165706632615,0.120351456309378,1.28452855771266e-144,1.08802257867449e-143
"GWK60_B01067",7.9696683978875,-0.0629801805918169,1.00282211445816,0.748383622657321,0.776735961952942
"GWK60_B01089",685.050204424397,-0.748431011873109,0.109536180981763,6.1109941344282e-12,1.16168518782408e-11
"GWK60_B01111",0,NA,NA,NA,NA
"GWK60_B01133",598.235859149709,0.082404473679229,0.12529604964488,0.508548153027694,0.546356880091027
"GWK60_B01155",1998.4370852165,0.207358529342246,0.0711676942376326,0.00350006192382658,0.00464555279316877
"GWK60_B01177",6881.91562669794,0.138198184508647,0.050856781722728,0.00655142255161139,0.00851296507447528
"GWK60_B01199",675.866600085921,-3.84726581659156,0.149331284646911,3.27582321421903e-147,2.82010312713455e-146
"GWK60_B01221",3446.99803302979,1.33046854222619,0.0617029333369023,1.63420972379659e-103,1.04828574965488e-102
"GWK60_B01243",4119.89977413116,-0.36326201910448,0.0617580653111306,3.75892131185566e-09,6.52538815193425e-09
"GWK60_B01265",988.504910251601,-1.12495387651367,0.0970026520092909,2.16435058410046e-31,6.28282785450795e-31
"GWK60_B01287",442.767976480244,-1.7678367204727,0.139997440249179,4.09408427888059e-37,1.29650110216206e-36
"GWK60_B01309",410.544342585158,-1.38094049890223,0.145348386323543,8.3003737470747e-22,2.00735475446496e-21
"GWK60_B01331",449.685592603883,0.736928563567103,0.134500462658627,3.21461021058353e-08,5.355986603633e-08
"GWK60_B01353",3187.33723140643,0.235309916447484,0.0625950264813945,0.00016600397882787,0.000236826940231786
"GWK60_B01375",283.684201263292,-0.603731631011385,0.163306677252199,0.000176844863448294,0.000251814829923667
"GWK60_B01397",414.978965004833,0.728725975076732,0.137228053998156,8.20471139874631e-08,1.34486699773779e-07
"GWK60_B01419",611.654327678983,3.27258788209394,0.142908842772008,8.11759954199963e-117,5.68556239559495e-116
"GWK60_B01441",1229.79583083917,-0.252814429043491,0.0874354148667924,0.00369591008371104,0.0049005513083741
"GWK60_B01463",2096.63449825389,1.01492278469942,0.0721841984468427,4.10716178732181e-45,1.4597075000887e-44
"GWK60_B01485",0,NA,NA,NA,NA
"GWK60_B01507",2954.6959716257,-0.911204794003602,0.0642167305109854,6.78295747361232e-46,2.44372303501375e-45
"GWK60_B01529",756.072122487021,-0.390011045534195,0.106311060253191,0.000223306888546181,0.000316553346433329
"GWK60_B01551",627.706674867537,0.0538841056182475,0.11624025919036,0.641692859713461,0.674521271401439
"GWK60_B01573",548.204336650827,0.660978539869858,0.120156612194502,3.02858583138149e-08,5.05084384054111e-08
"GWK60_B01595",678.300112627844,-2.15794916649093,0.11905292691463,3.99505366439168e-74,1.97129289631334e-73
"GWK60_B01617",442.30960199444,0.799863895726985,0.135879931955841,2.80674023794807e-09,4.91296294562624e-09
"GWK60_B01639",1516.30484475257,1.0166597224396,0.0802020714052459,4.63126474316721e-37,1.46396950415021e-36
"GWK60_B01661",1145.40735020972,-0.92885727670797,0.0901203864586295,4.04877285257129e-25,1.04548577341802e-24
"GWK60_B01683",355.519095522712,-0.458930957107908,0.14707670319933,0.00159300220664357,0.00215958546570753
"GWK60_B01705",2.06546468405413,0.366844997587781,0.975109868720565,0.405847428366333,0.443724272127814
"GWK60_B01727",805.878003256102,-3.15640546180012,0.122515664814412,3.63160372238701e-147,3.11618851219506e-146
"GWK60_B01749",1353.17330482704,-0.576749618924176,0.0843178243629376,6.5792869694844e-12,1.24755044915241e-11
"GWK60_B01771",2602.71530184778,2.59151597696901,0.0721513291583899,2.41746017813301e-283,4.22453173986034e-282
"GWK60_B01793",6205.16063349564,-0.99825134711015,0.0521740573294351,7.72283595856739e-82,4.10324415576409e-81
"GWK60_B01815",192.459009215876,0.479426167483626,0.199596760518069,0.0142513219853415,0.0180500731141094
"GWK60_B01837",699.560482075127,-1.26163283317549,0.115383153578937,3.35955411213544e-28,9.17034490390888e-28
"GWK60_B01859",1095.24601002044,0.426737007978863,0.0897535870836668,1.8164201905538e-06,2.80433525163282e-06
"GWK60_B01881",10968.3550187106,0.634890529173778,0.0479268064614981,3.81588916928628e-40,1.26156989506259e-39
"GWK60_B01903",229.309646515724,-0.322329858409232,0.176597273110788,0.063699518593995,0.0768485017900032
"GWK60_B01925",16.2281760123695,0.299952670053038,0.571887512346426,0.529564874815145,0.566736773454255
"GWK60_B01947",989.503744216097,0.620872888924525,0.0936176319564472,2.70310296532508e-11,5.04017071875574e-11
"GWK60_B01969",693.757733027938,0.319142357945285,0.112703866324889,0.00438593148805754,0.00577761072556541
"GWK60_B01991",1357.37899258104,-1.84557307240116,0.086377396416334,7.05550231729135e-102,4.44454397472485e-101
"GWK60_B02013",2285.68927791884,1.23926498807149,0.0695168315287072,1.72215400185894e-71,8.31820941210104e-71
"GWK60_B02035",5388.44629509304,0.0156024383924238,0.0577881513178367,0.787512077653851,0.808929336127894
"GWK60_B02057",1105.52187280993,0.289088657032362,0.102750981997017,0.00469437971214003,0.00617774262843547
"GWK60_B02079",696.200816702649,-0.362004117479439,0.108619849938803,0.000796502212816074,0.00109934443437747
"GWK60_B02101",451.058626830148,1.31902431107431,0.138263338072569,6.20302708559696e-22,1.50567247209229e-21
"GWK60_B02123",296.30558774318,-1.2668521570019,0.178205645331921,4.92190737785844e-13,9.65295779550164e-13
"GWK60_B02145",537.899984909445,0.441719146609326,0.125101082127032,0.00037215593920591,0.00052048397772483
"GWK60_B02167",3006.71320273671,-0.541582655088304,0.0630089167658242,7.05121313685615e-18,1.55706889588007e-17
"GWK60_B02189",140.318997788225,-0.439145903398438,0.224121350155295,0.0441750585766371,0.0540499669953736
"GWK60_B02211",3234.93372886846,0.83500013948163,0.0637115494368213,1.95053369290953e-39,6.36464468033754e-39
"GWK60_B02233",981.530969535147,1.86850492775939,0.100985592196555,5.36184995528365e-77,2.71970402746306e-76
"GWK60_B02255",1273.70441393344,-0.0384323404488938,0.0868189284887042,0.656036506804756,0.688360667423303
"GWK60_B02277",10304.7180152777,2.73066729592605,0.05007989480625,0,0
"GWK60_B02299",2011.29921786861,0.70137184686284,0.0732636940957323,7.96963473894889e-22,1.92914306152191e-21
"GWK60_B02321",68341.6299018822,9.66792620338193,0.0894612086408851,0,0
"GWK60_B02343",3978.06266964812,-0.135043800041238,0.0629744902952664,0.0315889115970477,0.0390316361288398
"GWK60_B02365",2494.78455512989,-2.32288324045515,0.0724465459263742,2.18965355300774e-226,2.99157862047291e-225
"GWK60_B02387",2261.80705058981,0.0652033377957358,0.0688770457832021,0.342839746354529,0.379170955808416
"GWK60_B02409",15927.5042287485,3.85946161643738,0.0550842242350239,0,0
"GWK60_B02431",7618.69721291375,-1.09112737287578,0.0531316024769277,2.90253073138344e-95,1.7192918521483e-94
"GWK60_B02453",2104.37313995961,-2.00638544465052,0.0772653038082893,2.68857687041633e-149,2.36092059071618e-148
"GWK60_B02475",2504.35480298078,-0.0209703267265677,0.0669240362925195,0.752862659900353,0.780239250958552
"GWK60_B02497",6.67202711265443,2.05218934440166,1.27727132241882,0.015650413241019,0.0197412886445468
"GWK60_B02519",675.54663501582,-0.426479607635782,0.115512486615532,0.000201281374291877,0.000285847524527826
"GWK60_B02541",1428.28517473169,1.42609204160163,0.0873229167981006,2.32951996404473e-60,9.96201220396363e-60
"GWK60_B02563",17093.5749965007,0.148939715579175,0.043989179326629,0.000705146853410519,0.000974532960835347
"GWK60_B02585",1068.14588061956,-0.046746856142217,0.0894872181539226,0.599382595019246,0.633337173523752
"GWK60_B02607",493.34507739349,0.500080964326701,0.148063769965504,0.000640297086035221,0.0008856068031936
"GWK60_B02629",1290.59469893945,-0.653865379736334,0.0861015239859244,2.41726217705933e-14,4.92249285765856e-14
"GWK60_B02651",726.788551699253,0.643447037238473,0.106113003640089,1.06772443702557e-09,1.89353693147488e-09
"GWK60_B02673",3013.33564715838,0.576007877311113,0.0637770837431151,1.42621051344832e-19,3.28165673698083e-19
"GWK60_B02695",610.242648368232,-0.084292483241544,0.116318074918094,0.465029855800975,0.503614791334801
"GWK60_B02717",603.728884593607,1.51130414342073,0.120396983639457,1.33559652856154e-36,4.19417178521414e-36
"GWK60_B02739",4539.86369163307,3.44807909132103,0.065837569832103,0,0
"GWK60_B02761",2809.06088812601,4.07371180728101,0.162082115050352,1.42897770524565e-140,1.1836886188334e-139
"GWK60_B02783",125.077230024335,0.975696992811697,0.254797198844221,7.49279732582461e-05,0.000108723072920931
"GWK60_B02805",10012.9385404948,10.2767828156578,0.258893416666945,0,0
"GWK60_B02827",554.083355063321,2.79137488159797,0.138873952050494,1.30963688109366e-90,7.52862294486626e-90
"GWK60_B02849",3129.84138115419,0.559939733699368,0.062121095211343,1.71434567586001e-19,3.93947499127288e-19
"GWK60_B02871",7632.48863146379,-0.297195188913241,0.0501094803524545,2.87272363197242e-09,5.02511682879113e-09
"GWK60_B02893",20023.4438537838,-1.55592434317071,0.0472839542291094,6.33124388436739e-238,9.09900077370832e-237
"GWK60_B02915",31753.3192303925,1.3847429804636,0.0423502349222324,7.18749325206465e-235,1.02734278548533e-233
"GWK60_B02937",619.856817087721,-1.13722722683182,0.115630030313037,3.99978530140859e-23,9.91931668336124e-23
"GWK60_B02959",971.766328334316,0.240703201082097,0.096761348841987,0.0124800217309725,0.0158831150023991
"GWK60_B02981",0,NA,NA,NA,NA
"GWK60_B03003",1626.63706524297,-0.567198800605885,0.0768234950081455,1.29902468659935e-13,2.58722826638114e-13
"GWK60_B03025",1069.59204139735,1.58470297244533,0.0968227555167787,1.03467690925127e-60,4.45733050177043e-60
"GWK60_B03047",0.502552546897977,-0.199228561739043,1.03075801935768,0.509808144996406,0.547329345198114
"GWK60_B03069",5516.67636145358,-0.466767799746487,0.0530084510581816,1.15711538209885e-18,2.59659851102386e-18
"GWK60_B03091",891.386314940248,0.962579747958018,0.105771581758354,5.59624858334174e-20,1.30018849595307e-19
"GWK60_B03113",1181.31016775598,-0.315846063996799,0.0877458486998489,0.000300843009560706,0.000423223918237314
"GWK60_B03135",998.16080809371,2.32841777255987,0.105358641907965,6.69511067970121e-109,4.45775723737068e-108
"GWK60_B03157",2166.94936931518,-0.401385323826492,0.0693210389519441,6.46314002803937e-09,1.11062125277645e-08
"GWK60_B03179",570.827802407536,-0.838513531942197,0.126777491119867,2.49970766974615e-11,4.66919827516504e-11
"GWK60_B03201",780.404445934141,-0.438744430021397,0.107499310446513,4.02160000109287e-05,5.90326621225771e-05
"GWK60_B03223",2558.41974951905,-0.241021543678583,0.0712145379343384,0.000689469601778257,0.000953116979067972
"GWK60_B03245",4052.11390139924,-3.01753241239862,0.0677049660328107,0,0
"GWK60_B03267",1477.98855348196,0.615362419318327,0.0793877205769712,7.46021362020692e-15,1.53644180275209e-14
"GWK60_B03289",915.863152762816,2.07528916590188,0.103999469049015,3.1827147550889e-89,1.80399564781979e-88
"GWK60_B03311",64672.4423367055,-1.78007145669994,0.0422685281596144,0,0
"GWK60_B03333",12896.3574972459,1.19495169934278,0.0457858953050034,2.52730272947856e-150,2.23798187829246e-149
"GWK60_B03355",282.176309502247,1.00434346404766,0.171050373756181,2.46139182458435e-09,4.31420226501623e-09
"GWK60_B03377",6390.95461972738,-0.244787464759363,0.0532052584530224,4.05282364197904e-06,6.17193177672547e-06
"GWK60_B03399",1474.41685956884,-0.860880809675668,0.0817311566586913,4.06169795989127e-26,1.06876094392337e-25
"GWK60_B03421",4818.1225050627,0.394230470479917,0.0571918635329526,5.03441416561949e-12,9.591096889228e-12
"GWK60_B03443",153.097875264513,1.25331817385486,0.227689864965186,1.626093505625e-08,2.74406539608197e-08
"GWK60_B03465",7850.90463943537,1.62824392852923,0.0516119527088052,6.32325554597754e-219,8.35686536980951e-218
"GWK60_B03487",1079.17009108422,-0.613051836115107,0.0899695675449648,7.70459467001533e-12,1.45777582605326e-11
"GWK60_B03509",1346.0148628942,-3.01682587788509,0.189768699995222,7.30308582211919e-58,3.05117008930476e-57
"GWK60_B03531",19648.1107028581,1.47020370178011,0.0500758091755541,6.93267790236128e-190,7.75869909923837e-189
"GWK60_B03553",1234.61360320545,-1.18565462555016,0.0905575538665289,1.70231564630719e-39,5.56852008680088e-39
"GWK60_B03575",0,NA,NA,NA,NA
"GWK60_B03597",3062.09121906836,-0.120850018390207,0.068611826363188,0.0774705894418155,0.0927179295708645
"GWK60_B03619",2636.20263242422,-1.55547480650601,0.0704939379929703,2.26939984707443e-108,1.50340594403168e-107
"GWK60_B03641",2919.33971965893,2.46729106571917,0.0718649579320372,3.35570006877115e-259,5.26894995872724e-258
"GWK60_B03663",802.108896346686,-0.275323803013781,0.102667819684908,0.00699150882808468,0.00906242889002597
"GWK60_B03685",567.383780242973,-0.0671497033408809,0.118723440908826,0.56842386081643,0.604755159363759
"GWK60_B03707",210.819737956865,-1.92737459140181,0.213470729495989,3.78537538742788e-20,8.85330126183667e-20
"GWK60_B03729",1620.25375752269,-0.477302272359245,0.0808931575779016,3.12159144905174e-09,5.44776742601598e-09
"GWK60_B03751",89.4481681379364,0.719175609595013,0.283885590284608,0.00819168961495426,0.0105505111103476
"GWK60_B03773",1166.52684687706,-0.661364910279344,0.0893290482363508,1.02042898196629e-13,2.04163425071993e-13
"GWK60_B03795",1319.42694938359,-1.14976497593961,0.0849703773931595,4.92478905533882e-42,1.67883282119781e-41
"GWK60_B03817",606.568526236626,-0.0800165028577805,0.116158573747,0.487363181343647,0.525528973732592
"GWK60_B03839",2516.40710096616,-0.555984532957003,0.0679533167597846,2.30487921924975e-16,4.90241192610339e-16
"GWK60_B03861",4803.99421693891,-1.99477948356824,0.0574356840254947,6.6591319616688e-265,1.07775489595009e-263
"GWK60_B03883",1715.5739334983,-0.972225321869561,0.0762205413253434,1.69886490955914e-37,5.39615303398615e-37
"GWK60_B03905",1332.01241796832,0.637775537173262,0.0854216756159445,6.59654585973281e-14,1.32687691098258e-13
"GWK60_B03927",1449.80366220235,1.49821645869041,0.0827601800892338,1.07366978130704e-73,5.28297759558003e-73
"GWK60_B03949",0,NA,NA,NA,NA
"GWK60_B03971",581.54260192174,0.116138641087615,0.132927830449421,0.378953950222424,0.416120781177024
"GWK60_B03993",1760.06351145736,-5.25198014135153,0.128382426618773,0,0
"GWK60_B04015",2169.15960498064,-1.44212423350497,0.0729914003687813,2.65418686507142e-87,1.4773569217223e-86
"GWK60_B04037",682.632877370263,-4.30678039834185,0.16071787537829,8.136073854977e-159,7.6420979423534e-158
"GWK60_B04059",1635.10824311825,-0.996018990267763,0.0787724755248786,6.81342986319578e-37,2.1473122277058e-36
"GWK60_B04081",126.425436081315,0.440245294557825,0.234924166705976,0.0540517731677845,0.065630731039369
"GWK60_B04103",68.2095509333125,-0.766682641975824,0.323775099084892,0.0121485859723465,0.0154687877546702
"GWK60_B04125",30855.2855730283,-3.5146106868197,0.0560817959888651,0,0
"GWK60_B04147",943.265199826748,-2.07839956945299,0.110118413056864,3.29322632211782e-80,1.72019567570404e-79
"GWK60_B04169",914.308389057578,-1.42848151687937,0.100699304117881,4.09740092924859e-46,1.48227846546407e-45
"GWK60_B04191",4081.45557544371,2.03334652847629,0.0655908934431452,9.85218097610789e-212,1.25782698869727e-210
"GWK60_B04213",8178.52095009767,-1.0516782150602,0.0495825000747094,4.17845669620494e-100,2.59795298132837e-99
"GWK60_B04235",1106.3772292338,1.71988457075225,0.0939500351613243,2.26152265476996e-75,1.13076132738498e-74
"GWK60_B04257",1562.78230789369,-0.222342080971753,0.0827112794832252,0.00696948085657802,0.00903610286063604
"GWK60_B04279",454.501674785952,0.209742476142217,0.129413238222886,0.102645912430746,0.12138432989787
"GWK60_B04301",657.914351178716,-1.48760686362779,0.118702638342006,1.66063952781272e-36,5.19938328350887e-36
"GWK60_B04323",79.1371766109768,-0.595279794126664,0.29925484998868,0.0368241056302217,0.0453193251321867
"GWK60_B04345",687.363607754813,0.586798216032228,0.115516551355201,3.15871441464437e-07,5.04550191953519e-07
"GWK60_B04367",1420.53885982946,0.304408255030047,0.0812937745895122,0.000172604883124265,0.000246043817136487
"GWK60_B04389",6659.99355219953,0.826918583632486,0.0548347197136422,1.5023758581588e-51,5.84072210932394e-51
"GWK60_B04411",1593.13331285371,-0.386616723461254,0.08283594989604,2.79215984234446e-06,4.28060646188629e-06
"GWK60_B04433",11063.5864463012,-0.391502071534815,0.0466645454645447,3.76156055024579e-17,8.18949027081657e-17
"GWK60_B04455",3579.24185152639,0.426965609176438,0.0688987995670217,5.17517457551579e-10,9.27475920518332e-10
"GWK60_B04477",398.35490595831,-0.425593675046916,0.14866110051333,0.00376145769739304,0.00498243955887368
"GWK60_B04499",4553.79916930616,-0.00800055070724708,0.0552499701065309,0.883879207605057,0.898744371158438
"GWK60_B04521",164.025066834222,0.186999037196625,0.210040221495544,0.363556721613055,0.400399571960777
"GWK60_B04543",1821.59648334288,-0.570028118434232,0.0798170682508505,7.65265036683282e-13,1.49306160717881e-12
"GWK60_B04565",363.379804802676,-0.346733171813698,0.144507533152752,0.0152316271750612,0.0192545923914496
"GWK60_B04587",821.071735593554,1.16400323653155,0.104280051178154,3.17926241365845e-29,8.86687184297107e-29
"GWK60_B04609",473.956962308748,-0.31450187595054,0.127640800673757,0.0129373200606433,0.016441242696058
"GWK60_B04631",258.63749154819,-0.502010551635533,0.169016545474565,0.00255906247231924,0.00342946970812719
"GWK60_B04653",4756.36151871687,-0.288647465205767,0.0553785214166843,1.77997531112065e-07,2.88170825992447e-07
"GWK60_B04675",468.323858555829,0.314676812144746,0.136353413534812,0.0198695993566754,0.0248902340119344
"GWK60_B04697",3901.18760781356,-0.30826744035091,0.0596723080781641,2.27277125320275e-07,3.66149365753338e-07
"GWK60_B04719",569.295055592052,-0.839715052654846,0.125374069663572,1.4003392632041e-11,2.63063733016199e-11
"GWK60_B04741",745.826521438015,-0.10517258783308,0.106840420355424,0.321785719239264,0.357539688043627
"GWK60_B04763",1414.39834268517,1.71286779246073,0.0854524514024641,6.94947843168648e-90,3.96466990788188e-89
"GWK60_B04785",656.886848920039,0.632547042422725,0.112083500591286,1.34987262303042e-08,2.28453346111326e-08
"GWK60_B04807",1325.2440272691,-2.13594432412702,0.0918138924738156,2.04273060836919e-120,1.47795914718321e-119
"GWK60_B04829",681.866787940389,-0.225840839303428,0.108675422601063,0.0365188570295426,0.0449646975597832
"GWK60_B04851",0,NA,NA,NA,NA
"GWK60_B04873",0,NA,NA,NA,NA
"GWK60_B04895",1908.49131502207,-0.162938636321281,0.0826298052363863,0.0477756589262658,0.0582386943110447
"GWK60_B04917",0,NA,NA,NA,NA
"GWK60_C00011",81.0204798329017,0.730894755467208,0.302818062298796,0.0112741653424906,0.0143727847071015
"GWK60_C00033",634.345711786157,-0.175442075524232,0.118036836530594,0.134144855577938,0.156487456274108
"GWK60_C00055",645.977526615826,-0.103033280655513,0.111764424681153,0.353174503013377,0.389863144984336
"GWK60_C00077",834.759801049487,0.275000462829332,0.101570454714208,0.00651605261173969,0.00846909729126532
"GWK60_C00099",4034.64000542998,2.85617218856836,0.0638051726218227,0,0
"GWK60_C00121",1872.57925937037,-0.653638480320105,0.0729246313620974,2.50791999466213e-19,5.73550398779253e-19
"GWK60_C00143",10720.4555434989,-0.680470145572181,0.0491289714799156,9.68247941289598e-44,3.37731045834435e-43
"GWK60_C00165",530.550046919109,-1.23707129006985,0.139534169882708,3.31366367780819e-19,7.54866649860159e-19
"GWK60_C00187",3532.45665556627,-0.0881319572278272,0.0624220555876548,0.156941477760812,0.181790833081231
"GWK60_C00209",2481.04675403163,-0.237930174454984,0.066227575733748,0.000316896662686964,0.00044533167131537
"GWK60_C00231",1257.18482176592,0.050920872656401,0.0884866021705107,0.564262246139318,0.6009352935195
"GWK60_C00253",1141.61030826997,0.570477875371197,0.0918165757549865,4.42167180143762e-10,7.94601765478712e-10
"GWK60_C00275",3439.31026659651,1.16490652376036,0.0673547928292452,2.6491254436717e-67,1.22554088247257e-66
"GWK60_C00297",1216.02204668026,-0.262672475276086,0.0886496169237168,0.00292211179456047,0.00390307466718844
"GWK60_C00319",566.774513066382,0.0448356751975384,0.11729841517096,0.701154375806126,0.731470054886994
"GWK60_C00341",1678.62995949627,-0.119080679998254,0.0770437881287929,0.120972964133397,0.141707436516081
"GWK60_C00363",1695.49859451165,0.748350154568727,0.0772647085938454,2.55824280187656e-22,6.24424925191217e-22
"GWK60_C00385",680.300227434851,-0.221176055944304,0.109520513981598,0.0420710115791934,0.0515475240872484
"GWK60_C00407",786.82143878377,-0.462714500851754,0.105040382088223,9.40738283932377e-06,1.41218132804917e-05
"GWK60_C00429",439.847127977271,-0.490431410354852,0.137375581931536,0.000310993988795544,0.000437153495741465
"GWK60_C00451",651.866818396562,0.394044148193964,0.112285446065622,0.000418408668697605,0.000583929317418255
"GWK60_C00473",11678.2552563052,0.569393626732165,0.0462032979391673,5.72912485309717e-35,1.76126222836301e-34
"GWK60_C00495",5308.04751091903,1.58257527060053,0.0632106781816003,7.32236615074862e-139,5.97141797719965e-138
"GWK60_C00517",4293.05962706285,1.47690148313447,0.0618022188202554,1.17503098205384e-126,8.81692291812152e-126
"GWK60_C00539",294.850031767096,-1.64459672377927,0.171451497942001,2.7188694954561e-22,6.62708690736751e-22
"GWK60_C00561",866.940999568866,-4.00583120639488,0.135876266266683,9.04548498733358e-192,1.02762961195194e-190
"GWK60_C00583",1207.05501748833,-2.97722838764653,0.102031708361499,4.60921397635027e-188,5.09337510831984e-187
"GWK60_C00605",3.50439645965611,0.473012033157575,0.919453383692496,0.360859627102958,0.39751238503907
"GWK60_C00627",835.998055346147,-1.50855443855307,0.312528243180054,4.34150527783799e-07,6.89918965602049e-07
"GWK60_C00649",18.459441951032,-0.487217419543671,0.551703326824999,0.294645480529564,0.329331752568105
"GWK60_C00671",997.616257216752,-0.543460309839406,0.101623985107246,7.51388477808449e-08,1.23509481039764e-07
"GWK60_C00693",4908.91007575191,0.0455321027956419,0.0718994377969522,0.527325445032538,0.56456988415859
"GWK60_C00715",454.153033899639,0.0649429572070831,0.129359038757586,0.612083672776569,0.645849572478385
"GWK60_C00737",1266.56033200974,-0.264281673870736,0.0861836347571265,0.00207582730180683,0.00279612077016746
"GWK60_C00759",2059.54366793695,-1.51160817027065,0.075069929670335,1.14125811462792e-90,6.57504675021125e-90
"GWK60_C00781",2276.76978333091,-2.00183513980724,0.0732549925823024,3.85139789423911e-165,3.73082005961283e-164
"GWK60_C00803",4070.07059979815,-0.045781070876321,0.0584917319459243,0.432674288636598,0.470706671815617
"GWK60_C00825",3150.60581022857,-0.198152388390618,0.0693412071679177,0.00415797780741997,0.00548969961521814
"GWK60_C00847",584.717750598803,-2.51274624656702,0.131815836922912,8.90696731902297e-82,4.72284759053033e-81
"GWK60_C00869",2394.15981655719,-0.44594910318532,0.068111580231054,5.23194600447434e-11,9.65954228976309e-11
"GWK60_C00891",5322.89676001884,1.78055028029314,0.0590672518423805,3.22773491692314e-200,3.85861037795812e-199
"GWK60_C00913",549.975845045734,-1.55497712048701,0.129918868689103,1.64496185776956e-33,4.92739144183821e-33
"GWK60_C00935",4907.09473818493,0.805853095557924,0.0556288494980732,1.0780116626875e-47,3.98198128211815e-47
"GWK60_C00957",3640.40964024105,0.692989128171229,0.0610562720105424,5.80476681826628e-30,1.6371621160365e-29
"GWK60_C00979",565.059417144916,4.07983826884167,0.168867787577826,1.0274749657154e-129,7.8898077659314e-129
"GWK60_C01001",180.056897975752,-1.9977245914394,0.219659951341569,2.1134071758251e-20,4.97161079822899e-20
"GWK60_C01023",165.520072083476,0.391092471912468,0.206284605762409,0.0528908547515993,0.0642507842940906
"GWK60_C01045",1580.49440821357,-2.49031756379132,0.0870587930960471,8.12729484887761e-181,8.68893717583257e-180
"GWK60_C01067",891.618159963312,0.060019737828631,0.0971545039355626,0.535605657638299,0.572735466391026
"GWK60_C01089",2793.53341382319,0.599758956253049,0.0642472708519037,7.93013639786604e-21,1.87894222760249e-20
"GWK60_C01111",1550.31193930331,-0.183279031645439,0.0795667191519383,0.0207920729666922,0.025996269028952
"GWK60_C01133",2914.01447958336,-0.0987615843597686,0.0642729543426568,0.122474626879497,0.143286596393717
"GWK60_C01155",1606.39738406482,0.353371859421926,0.0812010532202585,1.27020424797498e-05,1.89808930237171e-05
"GWK60_C01177",8328.82206366807,-1.48459653186404,0.0577665860922934,3.53453754084396e-146,3.01812783520117e-145
"GWK60_C01199",4965.26292165804,0.153012873994693,0.0551291119339201,0.00545858082725295,0.00714054592174844
"GWK60_C01221",4.97954984521773,0.232066443373795,0.793363963219696,0.651972771766651,0.684506343212093
"GWK60_C01243",701.44332507188,-5.41219227649264,0.205420057917371,2.79535118410175e-153,2.54386630248706e-152
"GWK60_C01265",789.441879412294,-0.504116742923266,0.105753358338304,1.60992061692811e-06,2.49137465285138e-06
"GWK60_C01287",5010.00641759462,-0.594370574377971,0.0585556737603718,2.74501722246306e-24,6.97863247470069e-24
"GWK60_C01309",1944.61274803344,1.24630644577024,0.0765877683514556,7.04841661147242e-60,3.00686710270437e-59
"GWK60_C01331",2480.60059705772,-0.0715734235208668,0.0680710062492607,0.291535658944531,0.326133042545349
"GWK60_C01353",1490.37361501081,0.656201819147646,0.0795452948060435,1.27392169662145e-16,2.73280102945711e-16
"GWK60_C01375",2654.24589892174,1.90642926576245,0.0712547396218676,2.27829806408007e-158,2.13615825616064e-157
"GWK60_C01397",1153.49757803265,2.46915790051395,0.0969810380878641,9.79448872454803e-144,8.20366412279023e-143
"GWK60_C01419",3718.93027472614,1.34706319995321,0.0609957233554942,1.79345041685276e-108,1.18960267246476e-107
"GWK60_C01441",996.05016686242,1.57787968203837,0.0981170054989229,1.06791396737098e-58,4.5009835483745e-58
"GWK60_C01463",2673.86661288767,0.442692200766613,0.0659510335525787,1.72352534720745e-11,3.23084224031047e-11
"GWK60_C01485",600.1707322974,-0.527567270094913,0.115528443251718,4.2222081658322e-06,6.42430284995006e-06
"GWK60_C01507",0,NA,NA,NA,NA
"GWK60_C01529",612.368563095768,-2.88282951900703,0.133970936534839,1.70881385797798e-103,1.09347456118785e-102
"GWK60_C01551",11978.1430178991,-0.761034811109308,0.0463068924141455,7.54137767306838e-61,3.25411374572105e-60
"GWK60_C01573",1073.16040567838,0.260806541788645,0.0933807509371925,0.00505512133534904,0.00662760175073179
"GWK60_C01595",416.305864519021,0.372527341769747,0.141156127671599,0.00769033030443328,0.00993153385743164
"GWK60_C01617",2489.34524629521,1.67513655765818,0.068836559197746,2.6147364214771e-131,2.04665380609666e-130
"GWK60_C01639",6183.47365416107,0.0830812388232189,0.0538342233705201,0.123419384537946,0.144359787117989
"GWK60_C01661",15.8367609921948,0.38324930219784,0.576807982166596,0.424564323519595,0.462266268208046
"GWK60_C01683",337.342939204627,-0.552543957497676,0.148946954946796,0.000173776664475633,0.000247579971598546
"GWK60_C01705",721.15607741078,-0.181427684420286,0.107473020585363,0.0892951729064475,0.106193219418475
"GWK60_C01727",1990.5055598568,-0.667454714643088,0.0714579586587434,7.45300649943049e-21,1.76668833650313e-20
"GWK60_C01749",2385.09911640486,0.808515809191006,0.0740783755087055,6.90753397610142e-28,1.86805289019504e-27
"GWK60_C01771",3217.56057088968,-0.0713970761255068,0.0625847434583254,0.252679694451357,0.285091203949837
"GWK60_C01793",14776.2700150996,0.432488234555387,0.0534758313448922,5.66916888287745e-16,1.1942262044027e-15
"GWK60_C01815",2824.12821966208,-2.01686158846546,0.0673885849723086,1.94258524782903e-197,2.27066631190682e-196
"GWK60_C01837",1204.75981918444,-2.02129833877894,0.0972893825720243,1.49767955058763e-96,9.02381951442261e-96
"GWK60_C01859",131.539236969077,0.29445177834847,0.248761033044038,0.22238339040476,0.252970725244169
"GWK60_C01881",912.6525117751,-0.476616788032542,0.0977441391398998,9.50565832783665e-07,1.4854356151046e-06
"GWK60_C01903",208.264073678217,-3.53220424760716,0.250329537485864,4.50237174359182e-46,1.62766153754591e-45
"GWK60_C01925",1590.76841588442,3.25715547203981,0.0932026218921476,2.58283893026916e-268,4.2588503991272e-267
"GWK60_C01947",4020.87167660868,-3.1098484247268,0.0662082847336465,0,0
"GWK60_C01969",58.934919348732,2.51610722714915,0.421449632777578,4.01385413898838e-10,7.22548691686477e-10
"GWK60_C01991",309.419259953017,-1.58221290608204,0.16774657889164,1.25407856473169e-21,3.02173763192335e-21
"GWK60_C02013",1205.0085969591,-0.426563189220304,0.0862217298127225,6.80548649250346e-07,1.07080044722011e-06
"GWK60_C02035",1662.25221017745,-0.309325927711611,0.0877057443717158,0.000397639873104987,0.000555534059105506
"GWK60_C02057",3337.08609891528,-0.324868453753723,0.0703533617678206,3.6175254811208e-06,5.52021584876572e-06
"GWK60_C02079",1369.24450302251,-1.22661969194578,0.0887407840718896,8.42753702796931e-44,2.94152918162698e-43
"GWK60_C02101",373.343146670939,-1.32176647368221,0.146951446568026,9.79000328222395e-20,2.2635348248131e-19
"GWK60_C02123",675.737531469899,-3.12148109994181,0.132325725415393,7.111928566704e-124,5.26883721983986e-123
"GWK60_C02145",1742.86725569431,-0.160525784042842,0.0746648850496602,0.0310129999886343,0.0383380446392988
"GWK60_C02167",2350.45444102327,0.298718332377304,0.0723237430167111,3.49144758720331e-05,5.13563039952164e-05
"GWK60_C02189",954.072784794562,-1.40397331173981,0.098164309066028,7.75269786036302e-47,2.83582689468077e-46
"GWK60_C02211",1260.80812349842,0.605580105065203,0.0843476833362919,5.77498849266047e-13,1.13176003991781e-12
"GWK60_C02233",457.321336862065,1.60617467822014,0.142748994856609,7.79756537782174e-30,2.19449940542228e-29
"GWK60_C02255",3.6107935504506,0.198644666623791,0.848279292182042,0.686743484163397,0.718288074507749
"GWK60_C02277",486.716974539717,0.139921692778004,0.132370294316715,0.286855347274749,0.321274243832911
"GWK60_C02299",958.661376135501,-0.122290942350593,0.0939362097163471,0.190728083806102,0.218425804663639
"GWK60_C02321",767.401204129513,-1.95781336512644,0.11224696738316,8.70510479429231e-69,4.09560386565094e-68
"GWK60_C02343",579.07993275144,-0.794694776039362,0.118834891860216,1.60060900286515e-11,3.00256895687257e-11
"GWK60_C02365",6469.5154993786,4.17007882260467,0.0642338997659981,0,0
"GWK60_C02387",2108.53410033267,-0.690784782452388,0.070741350171207,1.20919557350266e-22,2.96935981168254e-22
"GWK60_C02409",8.60194735039903,-1.32006621853468,0.948923263569501,0.0438100333333513,0.0536158155731568
"GWK60_C02431",611.792330786129,-1.0751521348186,0.127965003731047,2.29522098811523e-17,5.03035933228587e-17
"GWK60_C02453",1678.82400716341,0.293013520570857,0.0792144887235709,0.000207904185277198,0.00029508257273558
"GWK60_C02475",705.575232609631,0.200511054445339,0.112834366632012,0.0739845689567544,0.088808496739509
"GWK60_C02497",500.96473798058,0.849716629187667,0.132605676244341,9.85836076566552e-11,1.80616432000699e-10
"GWK60_C02519",2247.71904919665,0.171496828043109,0.0709284526779816,0.0154599610591872,0.0195291534993575
"GWK60_C02541",589.834169874405,-0.695681228395747,0.117281130738904,2.27117072635455e-09,3.98876728568445e-09
"GWK60_C02563",6381.42150901767,0.549646359342841,0.0563887491296807,1.68712990678304e-22,4.13142612182438e-22
"GWK60_C02585",2565.57503197589,-2.86429692589237,0.0746169172270056,0,0
"GWK60_C02607",921.978537054396,-1.51493298591684,0.100218052008882,4.44475965217922e-52,1.73824801267381e-51
"GWK60_C02629",1985.60027674868,-0.693481966863018,0.0760903500871926,6.03409318312017e-20,1.40129492906014e-19
"GWK60_C02651",4739.50524032606,-0.108458178466999,0.0651478349305188,0.0972899958210215,0.115154225476727
"GWK60_C02673",8227.04290649039,2.49130255937792,0.0567105019262558,0,0
"GWK60_C02695",0,NA,NA,NA,NA
"GWK60_C02717",11513.1711759331,1.99720498568487,0.0498169756147685,0,0
"GWK60_C02739",1137.63049243313,-0.322369170117524,0.0900362576956294,0.000323910663199166,0.00045482383567208
"GWK60_C02761",0,NA,NA,NA,NA
"GWK60_C02783",2400.15647565503,-0.202733908415464,0.070160704023718,0.00375000209375055,0.00497102092064715
"GWK60_C02805",3683.12839009218,0.735550432695592,0.0697825045198021,4.20027826605532e-26,1.10467318397255e-25
"GWK60_C02827",2079.55659471239,4.66972276512591,0.106489973317658,0,0
"GWK60_C02849",105.610476792875,0.971794809164025,0.270900130640825,0.000192938087156108,0.000274433298659039
"GWK60_C02871",2631.73809165459,1.49449053373681,0.0675706672044009,8.29257608392952e-109,5.51440584089371e-108
"GWK60_C02893",1369.3178424775,-2.89513808433978,0.0962706357460775,2.10073454984526e-199,2.48870804778966e-198
"GWK60_C02915",272.845524837918,0.398631143497836,0.170205962823775,0.0175226945985119,0.0220342753019777
"GWK60_C02937",1479.37400999148,-0.500049263806155,0.0808214236251824,5.30918685337458e-10,9.5116903435798e-10
"GWK60_C02959",284.281617008136,-1.55628858854862,0.169827546046174,1.64854471481971e-20,3.88501129030093e-20
"GWK60_C02981",1520.96603265328,-2.86343330173767,0.0937432777131134,6.58123903392983e-206,8.12613082593214e-205
"GWK60_C03003",2872.67292105791,-0.18734346060367,0.0633024164185396,0.00298870088163902,0.00398695577920903
"GWK60_C03025",2578.968472297,-0.318253299967032,0.0661387166186126,1.41041305594707e-06,2.18907426210728e-06
"GWK60_C03047",2285.19701405681,0.988543681085208,0.0698715550069759,9.05202185401437e-46,3.24564655433644e-45
"GWK60_C03069",925.229133713754,0.957510479705379,0.101341912190988,2.13678179185449e-21,5.12048848526407e-21
"GWK60_C03091",755.851603341772,-0.63193361099933,0.105516572936505,1.67598063546383e-09,2.95035413070272e-09
"GWK60_C03113",3515.21533848908,1.0571292689812,0.0602895956495124,4.37779790145036e-69,2.07079289223282e-68
"GWK60_C03135",383.446263334396,-2.36806715131358,0.159145441390607,7.50381528690859e-51,2.89370002999554e-50
"GWK60_C03157",1022.78463471966,0.568925332101767,0.100439064747681,1.24143475851396e-08,2.10575518535421e-08
"GWK60_C03179",117.219230922692,1.05176966817628,0.252400309716445,1.68095502313996e-05,2.50051567356228e-05
"GWK60_C03201",18623.194635111,0.874661023420365,0.0468443644683625,5.01548759641477e-78,2.56130725797492e-77
"GWK60_C03223",10895.8754245888,-0.0186031799540584,0.052123607827776,0.719308461437181,0.749368688286705
"GWK60_C03245",2634.44361010181,-1.73695505886293,0.0673578207052902,3.40726129057856e-147,2.92846313536654e-146
"GWK60_C03267",1264.33849529013,-0.328365447347651,0.0842102629942695,9.06288981013079e-05,0.000131071763544922
"GWK60_C03289",575.531281419626,1.25361028161323,0.121726676259139,3.3374772724134e-25,8.62659973115207e-25
"GWK60_C03311",801.412525583364,2.20596812618959,0.111783841552909,2.45937944269614e-87,1.37037456234975e-86
"GWK60_C03333",0,NA,NA,NA,NA
"GWK60_C03355",921.998330918634,1.1645034435714,0.101976758152633,1.69169716840486e-30,4.822941520764e-30
"GWK60_C03377",488.107254966238,-0.320656169081306,0.1343749172674,0.0159725425874068,0.0201354866966908
"GWK60_C03399",776.650608711203,-1.19896714289204,0.109992127414974,5.60731710587421e-28,1.52190340438072e-27
"GWK60_C03421",0,NA,NA,NA,NA
"GWK60_C03443",65.7439257820145,-0.179163086303006,0.313611248284053,0.546721416452837,0.583791037462835
"GWK60_C03465",2299.02716215403,0.473557585575041,0.0705949825078887,1.7565831774129e-11,3.2916378743113e-11
"GWK60_C03487",1183.78672261236,-1.77321064877149,0.0988214569691948,1.33223102356939e-72,6.48845850368056e-72
"GWK60_C03509",3167.65319018705,1.00216651393884,0.0660195076909141,2.83817357730162e-52,1.11325824135768e-51
"GWK60_C03531",685.711187584128,0.0896936037248073,0.108174662227036,0.404999658347578,0.442981535227336
"GWK60_C03553",480.328944790767,1.54572547086416,0.135434984529805,1.2674312086803e-30,3.63109376778779e-30
"GWK60_C03575",1125.76763775592,1.09109738720662,0.0904253190236083,8.45375331738003e-34,2.54095671139537e-33
"GWK60_C03597",5957.09658567265,0.192514564559981,0.055506663458563,0.000518232839717524,0.000719425900478801
"GWK60_C03619",0,NA,NA,NA,NA
"GWK60_C03641",1163.8095659735,0.556486785136517,0.0872917804672975,1.55884913898183e-10,2.83623191665321e-10
"GWK60_C03663",12883.50967524,-0.598635662809923,0.0521691408961495,1.44821473540222e-30,4.13775638686349e-30
"GWK60_C03685",5605.5080523892,-0.620366097622005,0.0593942689620991,1.23462407853558e-25,3.2244898972677e-25
"GWK60_C03707",975.096948109408,0.254819820746902,0.095467302252393,0.00736431878658051,0.0095222017741921
"GWK60_C03729",6575.12495763335,2.3883826347526,0.0538573809736887,0,0
"GWK60_C03751",10.5382160958681,2.26485410552485,1.01752188027791,0.00375715386227054,0.00497799227091764
"GWK60_C03773",623.034197859804,-0.564122633156496,0.112958110378652,4.93416869510785e-07,7.80798054641013e-07
"GWK60_C03795",1439.05228573245,0.66532217864064,0.0823840395868337,5.36300007597159e-16,1.13108983158021e-15
"GWK60_C03817",439.466193875321,-3.05617506393878,0.164992051978845,1.57712365615918e-77,8.03844034050124e-77
"GWK60_C03839",4150.99611632745,-1.21524120602155,0.0684861168829372,8.8312505056554e-71,4.2229434236134e-70
"GWK60_C03861",208.769216438068,2.13260481315036,0.208354195337801,2.80052208583032e-25,7.25295232470088e-25
"GWK60_C03883",1633.85297025024,1.03830154303426,0.0779355766337484,9.91934780112001e-41,3.30226388822097e-40
"GWK60_C03905",7621.28178981107,-0.878660036763051,0.0574373227560657,5.09292452842262e-53,2.0141942119927e-52
"GWK60_C03927",8502.38934194235,-0.911679142048425,0.0640356416434651,3.37446444013232e-46,1.22158864109401e-45
"GWK60_C03949",2695.77900136403,-1.00020004052131,0.0666199150482778,3.45576409550727e-51,1.33558553580957e-50
"GWK60_C03971",2465.81243054176,1.94544444992815,0.0814000545738787,6.10970390783341e-127,4.60416082452776e-126
"GWK60_C03993",2900.37869151922,-0.260902153471621,0.063823262946103,4.17094857619634e-05,6.11460131292997e-05
"GWK60_C04015",1590.26745470762,-0.0532914630535339,0.0774527951384233,0.489570407693733,0.527692693538737
"GWK60_C04037",0,NA,NA,NA,NA
"GWK60_C04059",3338.11235534794,2.03416072208088,0.0638958705169649,4.87320682326974e-223,6.57258151035868e-222
"GWK60_C04081",101.609274905818,-1.77026969052119,0.313053516132864,3.82166454422014e-09,6.63211992827382e-09
"GWK60_C04103",13101.5084916361,4.25637631023018,0.0552098701610547,0,0
"GWK60_C04125",2500.2497648509,1.63282003506064,0.0736050974398,1.44864981154359e-109,9.70687644422839e-109
"GWK60_C04147",761.247638839016,0.38209404188539,0.109392628428822,0.000443240795007584,0.000617929123175164
"GWK60_C04169",0,NA,NA,NA,NA
"GWK60_C04191",2592.77386953845,1.28323575253333,0.0694936427158695,1.67268456830847e-76,8.44368601660514e-76
"GWK60_C04213",627.914256206428,1.20331961760165,0.123526139979701,9.40625028617898e-23,2.31308445560081e-22
"GWK60_C04235",11824.1609450779,1.61970321296005,0.052798560150911,3.55769376670096e-207,4.43447137745191e-206
"GWK60_C04257",1301.47909713692,0.894441213761708,0.084613128354968,2.71278131443072e-26,7.18129326316337e-26
"GWK60_C04279",44.7147380644597,0.860463125092009,0.402663361421926,0.0199394927188124,0.0249718408811794
"GWK60_C04301",1809.27524074641,1.06450905940229,0.0815318210432307,3.18715470417193e-39,1.03676151786916e-38
"GWK60_C04323",71.9521803117307,-0.185762916124533,0.30679889916306,0.524032453250436,0.561387108777453
"GWK60_C04345",384.099221155218,-0.270451963783431,0.146836515487898,0.0623943147811272,0.0753949220649505
"GWK60_C04367",1816.39225807059,0.47662526756733,0.0738333634252384,9.63903688161945e-11,1.76782893993439e-10
"GWK60_C04389",1555.36884924821,1.43130582043473,0.0803785050570003,2.35288419028858e-71,1.13334897810604e-70
"GWK60_C04411",1594.4452528333,0.837645533402337,0.0789695071130928,1.91287999686898e-26,5.07912608961677e-26
"GWK60_C04433",47.7341682065801,2.10404052920709,0.444286630889761,4.60594877252602e-07,7.30838327103677e-07
"GWK60_C04455",828.593509575482,2.43324783370926,0.111409292226231,1.72188416275452e-106,1.12650630548368e-105
"GWK60_C04477",1783.44353123906,1.13601018683269,0.079031957129356,4.05208782837867e-47,1.48633068181812e-46
"GWK60_C04499",4405.23712768008,-1.49385736084445,0.0655862953277616,1.5939987166545e-115,1.10905201714321e-114
"GWK60_C04521",496.55302282194,0.209479763495794,0.14381213846133,0.141386094551344,0.16449698238002
"GWK60_C04543",1992.27068960857,3.80208132631749,0.0924205865469075,0,0
"GWK60_C04565",5157.33562490894,0.985223510973812,0.0586990480547343,1.89422366874934e-63,8.37982884577085e-63
"GWK60_C04587",2011.87379082368,1.13029374968453,0.0736650720390296,2.05764946756296e-53,8.18701679227017e-53
"GWK60_C04609",7213.95517330681,0.350609948524582,0.0511061660396013,6.4674892451641e-12,1.22723641520791e-11
"GWK60_C04631",675.06602394204,-0.964624021400489,0.115338143150877,3.57366262418084e-17,7.78685393669893e-17
"GWK60_C04653",23875.6944956431,0.739257840875478,0.0451136100722886,1.9350255746272e-60,8.29521965977104e-60
"GWK60_C04675",5123.41278379858,1.51692320888852,0.0553833556163331,1.2659324979213e-165,1.23083270592718e-164
"GWK60_C04697",1274.97635990066,-2.1025621146838,0.0904366034582335,5.30287824189247e-120,3.82097802087047e-119
"GWK60_C04719",1187.0620087997,0.0889878272992827,0.0866512614027493,0.303162085356828,0.338060752380097
"GWK60_C04741",1366.30220730663,-0.0581293954228931,0.0816505951045903,0.474455996932495,0.512872697054033
"GWK60_C04763",3038.55144840558,0.19714024699968,0.0653670797016029,0.00251866054557715,0.00337618615436692
"GWK60_C04785",1859.70857488426,1.17188783111298,0.0801080022800888,9.22740471835521e-49,3.45453016502124e-48
"GWK60_C04807",1629.63885742613,-0.0587233417054051,0.0785438638769578,0.452855433737006,0.491543454695966
"GWK60_C04829",4607.3203804913,-1.26223442928075,0.0583374788558163,3.39906267397352e-104,2.19644590480353e-103
"GWK60_C04851",210.474213850347,1.610964703748,0.198048111002474,1.28893816812416e-16,2.76388698097557e-16
"GWK60_C04873",1827.00907068028,-0.472164762079347,0.0763818453274817,5.55553424077936e-10,9.94287516383104e-10
"GWK60_C04895",45034.6850369188,-2.48931139934389,0.0437742312603457,0,0
"GWK60_C04917",1332.23162251845,-0.750439797374622,0.08750551877838,7.14160654239295e-18,1.57636804083034e-17
"GWK60_C04939",1035.83720700331,-0.958510062029604,0.102764290020027,6.6078432516136e-21,1.56917632069921e-20
"GWK60_C04961",4.57967703428691,0.183512339323205,0.813852443962831,0.71727608711079,0.74754749716718
"GWK60_C04983",0.736647354073978,-0.104989983723228,0.976478844423988,0.738474059831488,0.767662757848543
"GWK60_C05005",1359.49058061692,1.01327412894811,0.0853144866845402,8.96421497242501e-33,2.65943433474087e-32
"GWK60_C05027",4894.74561586551,-0.235607594660949,0.0597109888650237,7.68722480491889e-05,0.00011142133500654
"GWK60_C05049",856.802945355983,1.49918906361666,0.103668564785032,7.35723703420463e-48,2.72720696264386e-47
"GWK60_C05071",1299.59153466672,1.49650889307732,0.0883443024484314,7.91716071102009e-65,3.56848888945721e-64
"GWK60_C05093",15.5109938573224,-0.400950082372949,0.58086363521708,0.401782154237523,0.439919677620601
"GWK60_C05115",1200.08384407606,-0.731169263152843,0.0880117456854279,7.31244204821176e-17,1.57831125045523e-16
"GWK60_C05137",1.80383637104157,0.06823126037119,0.916578662503409,0.867603750225826,0.883390578046428
"GWK60_C05159",0.768316012894007,-0.0960633710639336,0.97392698806692,0.750185057704628,0.778145021401369
"GWK60_D00011",0.937214825016282,-0.000495680259306177,0.961669014793615,0.998941241221201,0.998941241221201
"GWK60_D00033",172.293064910896,0.553525554098634,0.204603385572038,0.00571700386054783,0.0074711652935358
"GWK60_D00055",291.828181300924,0.161556567447837,0.158501739241462,0.302980034436307,0.33792938531276
"GWK60_D00077",2622.95724594385,-0.1363972153857,0.0689547450366781,0.0472250047257907,0.0576074964883254
"GWK60_D00099",5611.83792844204,0.0612811525449087,0.0538477076226385,0.254835043543716,0.287276538585501
"GWK60_D00121",1466.27679591201,-4.54657824303936,0.11973608045247,0,0
"GWK60_D00143",631.478658885571,-0.271384119942233,0.112425190641111,0.0151003163068924,0.0190977792195851
"GWK60_D00165",478.37422805082,-0.941456071431589,0.130225213057528,2.99633310055653e-13,5.91396326789019e-13
"GWK60_D00187",990.90802032308,-0.953409453568124,0.0974341093636713,7.94548789806036e-23,1.95844734507017e-22
"GWK60_D00209",8057.26327670688,1.04892749619586,0.0502803304986716,6.7861387248212e-97,4.10288387270799e-96
"GWK60_D00231",1416.16875555369,0.77061682372648,0.0810818324870834,1.47185536739304e-21,3.54160989592287e-21
"GWK60_D00253",1349.44001558997,2.53260548656171,0.0961597420073552,1.64362200072253e-153,1.50355682153052e-152
"GWK60_D00275",29939.2360430096,0.222972897344917,0.0438863687477701,3.64475810393187e-07,5.81304658177127e-07
"GWK60_D00297",887.192561144419,-0.927901762196141,0.0982282179609686,2.17407052247494e-21,5.20747310938896e-21
"GWK60_D00319",1700.99713986507,1.56684567712647,0.0788582586242793,2.36347745574501e-88,1.32254164012965e-87
"GWK60_D00341",9.1353184454366,1.0321993756896,0.863439848664589,0.0879266201483044,0.104636656556579
"GWK60_D00363",526.402766666106,0.599213767180616,0.122472924393611,8.23393131447383e-07,1.28861882517502e-06
"GWK60_D00385",1254.4979650332,0.976579320139796,0.0928595133774727,4.48354440467324e-26,1.17681854134637e-25
"GWK60_D00407",6487.45996975074,-0.128563178938667,0.0525925053841472,0.0144563394599975,0.0183053311409694
"GWK60_D00429",0,NA,NA,NA,NA
"GWK60_D00451",424.509501389225,-0.800725724738307,0.138212647060181,4.7926345145358e-09,8.28434359068627e-09
"GWK60_D00473",561.518916087534,2.28916652655995,0.131100708284503,5.64197607504716e-69,2.66398511263447e-68
"GWK60_D00495",0.536079883131674,-0.181667732663308,1.02953642295571,0.519628798481957,0.556896389571128
"GWK60_D00517",5381.65395249105,-0.526427552322332,0.0670787398413391,3.61502590300672e-15,7.49213406218098e-15
"GWK60_D00539",580.745169320443,-0.590994551872926,0.120490624187755,7.61468977904994e-07,1.19561994739709e-06
"GWK60_D00561",4752.69305527389,1.0365386105056,0.0591134963266314,4.32063425845551e-69,2.04559281723456e-68
"GWK60_D00583",7954.55149149763,0.97128103907017,0.0499451900640738,1.75330545124159e-84,9.54698413408981e-84
"GWK60_D00605",785.996877356118,-0.216381135276831,0.102011954730933,0.0329128851808295,0.0406484564571879
"GWK60_D00627",44862.7036595101,-0.607936871358342,0.0513997416522116,2.75860592324879e-32,8.13355782303175e-32
"GWK60_D00649",2434.6099694774,-3.25140455751568,0.186529507220439,4.66483155283071e-69,2.20458346521919e-68
"GWK60_D00671",1318.63685009685,0.610705115261923,0.0839386810252614,2.84568855423326e-13,5.61873941263773e-13
"GWK60_D00693",2603.60831947352,0.944130105164873,0.0678841706491567,3.613340972551e-44,1.26792351671903e-43
"GWK60_D00715",18841.3584021136,-2.40080060738941,0.117982227332676,7.25297799855412e-93,4.23425796585957e-92
"GWK60_D00737",2031.76214651257,-0.969548280004601,0.0724298337534038,4.37604230705195e-41,1.46611353726709e-40
"GWK60_D00759",1930.67697016339,0.595813699072865,0.0722177076994372,1.31992472981424e-16,2.82917851622775e-16
"GWK60_D00781",816.375962760551,-3.15512858466996,0.122417991177035,2.30993638565962e-147,1.99511746938745e-146
"GWK60_D00803",3848.88230732898,1.27299677074229,0.0629316081244269,2.44969079953135e-91,1.41597512148735e-90
"GWK60_D00825",228.063767849192,0.574180473515526,0.180179829465213,0.00119364632690974,0.00162910733771283
"GWK60_D00847",188.186143577685,1.64505356909942,0.214057194373822,4.79322907581974e-15,9.91832609709355e-15
"GWK60_D00869",6804.10887321945,0.276401945242233,0.0505765875247184,4.5479974268347e-08,7.54176118069058e-08
"GWK60_D00891",1710.6556184345,0.670900644150573,0.0772121169500996,2.91950797726205e-18,6.49053759949213e-18
"GWK60_D00913",853.041319328561,0.0966478226475366,0.0982895747134554,0.323714931737271,0.359493956966606
"GWK60_D00935",1049.94151767301,-1.9315537326126,0.0965227067561476,1.04651035573986e-89,5.95096699588289e-89
"GWK60_D00957",2.47486993190569,0.131749294175773,0.885713962972971,0.771613719016665,0.796054656367271
"GWK60_D00979",973.19813554218,-3.15067589033221,0.118581230902475,2.23387484214938e-156,2.06869395593411e-155
"GWK60_D01001",1174.28328908372,-4.47776112709027,0.130639714640085,6.11969812551542e-258,9.46753298241503e-257
"GWK60_D01023",517.035515342494,0.956049045923794,0.127502034237824,4.03370214992593e-14,8.17306367820123e-14
"GWK60_D01045",5019.93077153675,0.3003100085173,0.0580395512255705,2.2133022871377e-07,3.56678003380647e-07
"GWK60_D01067",614.998843589804,0.0392139981778593,0.113462282557304,0.728759874340959,0.758463976856637
"GWK60_D01089",1164.12406587417,2.5214033167005,0.100268376835456,2.1294287566329e-140,1.76113133017124e-139
"GWK60_D01111",2153.67063979589,0.0509663364604379,0.0691726970284616,0.461923549479088,0.500456821886715
"GWK60_D01133",13957.536443668,-1.00471637051614,0.0495450943838057,1.1398014220689e-91,6.60281440537711e-91
"GWK60_D01155",835.183235018153,0.476083782942347,0.101207460489432,2.26450580352679e-06,3.48283641127219e-06
"GWK60_D01177",6934.97561375898,-0.365954030778892,0.0518870151133932,1.62972174873211e-12,3.15623578730887e-12
"GWK60_D01199",4369.93850063848,1.39064131716208,0.0620471275298633,1.11017404086407e-111,7.50580392666456e-111
"GWK60_D01221",2315.4679774916,-0.456746902357244,0.0688735921418323,2.95105471471495e-11,5.49859999978769e-11
"GWK60_D01243",671.956159205557,1.66265516849647,0.128829058198987,1.38793253359524e-38,4.46242367158371e-38
"GWK60_D01265",302.190745990896,-0.20903810474634,0.158000215969209,0.180114604194325,0.207354523541727
"GWK60_D01287",61446.9598643189,-1.92972989368031,0.0420769977435462,0,0
"GWK60_D01309",529.718952008903,-0.735926574919922,0.127249405777807,5.3306773295438e-09,9.20530622239014e-09
"GWK60_D01331",2761.36313068543,1.04391656637071,0.0649924607718886,2.63406220829694e-58,1.10399738770055e-57
"GWK60_D01353",57.882017718982,1.7529175530191,0.37981036831226,1.02668534671414e-06,1.60248217320961e-06
"GWK60_D01375",220.429834294225,0.758377901073233,0.183053945240518,2.48782806886981e-05,3.67997065305265e-05
"GWK60_D01397",3712.59344898744,1.81284617928523,0.0683679770380849,1.45099521854475e-155,1.34134180132608e-154
"GWK60_D01419",52866.9826211468,1.25135658903813,0.0426157436638869,2.49287078034697e-190,2.80181630440707e-189
"GWK60_D01441",465.84538541861,0.0883025838041742,0.127996250658717,0.48762789558473,0.525706647012847
"GWK60_D01463",2655.09831569557,-0.438310694774145,0.0649009003030599,1.2942552600632e-11,2.43395876579636e-11
"GWK60_D01485",7434.23080160203,-0.494004567447631,0.054972327053278,2.21977033819296e-19,5.0853623601459e-19
"GWK60_D01507",1540.86789440123,0.264174537709741,0.0815880804267858,0.00116439157196242,0.0015900051060546
"GWK60_D01529",8942.28517202354,-0.179440142451309,0.0489877911762294,0.000243379060806284,0.000344225291702354
"GWK60_D01551",496.792923708842,0.171534424320597,0.127218741477694,0.174414130283136,0.200967869723832
"GWK60_D01573",2624.59330695456,0.396353083189894,0.0674153129394452,3.71262862397908e-09,6.45141280546084e-09
"GWK60_D01595",1290.57253864019,1.4308405747147,0.0896047176931887,8.17115127067626e-58,3.41113140347279e-57
"GWK60_D01617",2921.05747379392,1.8951043802735,0.0724393537331536,1.68811116880269e-151,1.50499402506816e-150
"GWK60_D01639",342.209835694093,0.733021967879275,0.156689410740086,2.1325421845894e-06,3.28467698124166e-06
"GWK60_D01661",1898.24458019861,0.14604007830967,0.0793556549235428,0.0650343349468557,0.0783689809439773
"GWK60_D01683",522.511827194926,-1.2173027747521,0.126532703579336,3.05140915813974e-22,7.43418812960401e-22
"GWK60_D01705",310.130667394352,0.851634893459905,0.157287444458005,4.12807701770381e-08,6.85406727055621e-08
"GWK60_D01727",1018.09251265302,0.347534698092811,0.0918113142425361,0.000144586669498832,0.000206777020544822
"GWK60_D01749",296.896402326985,-0.281316053101127,0.160033271891215,0.0748530479893404,0.0897895170864151
"GWK60_D01771",614.970957562983,-0.0831929515256823,0.116039873158034,0.469974743545108,0.508760475621994
"GWK60_D01793",2932.94679449334,0.583003726964257,0.0637169489228286,4.81594879912689e-20,1.12286749483189e-19
"GWK60_D01815",10.0195639860458,0.483386957718858,0.724853885273475,0.365166026628801,0.402003620775951
"GWK60_D01837",2141.11617016006,-1.7872013724992,0.0734661580968352,2.68215493190793e-131,2.09630534054022e-130
"GWK60_D01859",1298.6113993375,-0.311513841021902,0.0852833841988588,0.000245188239734891,0.000346690898119765
"GWK60_D01881",2386.75623052253,1.08025722490471,0.0701962018503482,1.08262075058857e-53,4.31407965764839e-53
"GWK60_D01903",4136.07048479711,1.38670265716875,0.062433099376296,1.04042677234223e-109,6.98041431443896e-109
"GWK60_D01925",2336.04443003119,-0.0591457999164756,0.0720763774816198,0.410400663160566,0.447864624112983
"GWK60_D01947",4296.09335702715,-1.04838151945812,0.0669400637935198,1.53240129281407e-55,6.24839596914885e-55
"GWK60_D01969",49.3598501436528,0.789901210756359,0.375828121069356,0.0236741059965802,0.0294945043917603
"GWK60_D01991",0,NA,NA,NA,NA
"GWK60_D02013",6802.30272270993,0.657466612104706,0.0507724788900569,1.90015617754408e-38,6.1018446238595e-38
"GWK60_D02035",1779.38551263678,-0.181676531151971,0.0741888112721933,0.014041989622807,0.0178020885553061
"GWK60_D02057",3856.74588460559,1.05284308807513,0.0673985769513992,2.89259577375931e-55,1.17672496287502e-54
"GWK60_D02079",7590.329635966,1.03820476315631,0.0549241508980998,6.15076253470653e-80,3.19378192818918e-79
"GWK60_D02101",2962.9444250992,0.841465272096702,0.0721545010329241,1.33584801937335e-31,3.89067584823026e-31
"GWK60_D02123",972.262465127245,-1.06063525295596,0.0958267915766973,9.69563530348321e-29,2.67290574928311e-28
"GWK60_D02145",67.9516661845834,-0.574732546079242,0.322068654196513,0.0592167474529133,0.0716540353352483
"GWK60_D02167",1404.045292061,1.49157049530169,0.0909368038887449,6.62069555295771e-61,2.85918379380604e-60
"GWK60_D02189",1141.74256355499,1.51915121316187,0.0986327463635779,5.65440139510885e-54,2.26693226663663e-53
"GWK60_D02211",3356.17556770954,0.0707520720238554,0.0616345622774527,0.250456079466734,0.282825027478536
"GWK60_D02233",39412.0600832768,-2.071936094308,0.0470350973770361,0,0
"GWK60_D02255",1127.92703820951,0.991218879793642,0.0921955653838502,3.50271034352548e-27,9.35241441976855e-27
"GWK60_D02277",436.358841344747,2.15361973790834,0.145244458359515,2.15405724816561e-50,8.2582661263492e-50
"GWK60_D02299",93.5090200919801,0.221762330309194,0.268087521084118,0.392204919536125,0.429970378649441
"GWK60_D02321",1113.20453589285,0.119172489803436,0.0896535669683681,0.182327409038256,0.209672534224143
"GWK60_D02343",1190.02096200408,-0.464927429586379,0.0861465475124447,6.0025007087169e-08,9.89443864865273e-08
"GWK60_D02365",578.767390140442,-0.589928689423112,0.118588893704059,5.36255863886451e-07,8.46804516374281e-07
"GWK60_D02387",508.84244075043,0.117649225928031,0.123449215111777,0.337667796643641,0.373529465898118
"GWK60_D02409",96.9408547456394,-0.753395794365676,0.271688205747709,0.0038851945224402,0.00514116306617244
"GWK60_D02431",1286.57404545349,1.05554573557711,0.0884179370557756,4.2450658105851e-33,1.26295509975552e-32
"GWK60_D02453",1254.57528749392,-0.658442465396394,0.087587594941426,4.34316993315657e-14,8.79671692275839e-14
"GWK60_D02475",2310.72009302878,1.20232942796684,0.0703852694998997,8.33491254066626e-66,3.78925150941266e-65
"GWK60_D02497",1559.55220630738,-0.219665010370332,0.0865634584051946,0.0109081753372972,0.0139264568626658
"GWK60_D02519",425.70615419631,-1.64968471755901,0.147493589577974,1.54628509217396e-29,4.33784511191201e-29
"GWK60_D02541",712.781574328473,-0.00843363408754862,0.107520105800549,0.936251125292167,0.944873545479048
"GWK60_D02563",947.487200334345,-0.0376752945650396,0.0970310878782106,0.695701678982745,0.726482601247233
"GWK60_D02585",240.81069398597,1.58624080759131,0.194252922691633,1.08524608597179e-16,2.33376713500066e-16
"GWK60_D02607",3301.0230607443,-0.150056467128063,0.0606176403017454,0.0131169127013243,0.0166654494707647
"GWK60_D02629",1249.97250005631,1.48461244960087,0.0900162989979544,1.43994701887171e-61,6.25443544117689e-61
"GWK60_D02651",1590.76995256085,0.110137379357378,0.0772727073280537,0.153258009665257,0.177680654802569
"GWK60_D02673",852.924449330564,-0.100322310885445,0.0986270123204597,0.306274761038582,0.341386997894245
"GWK60_D02695",8357.97202465139,-0.0565426002033247,0.0529543646284524,0.285739953228667,0.320330808606732
"GWK60_D02717",172.518632087021,0.279887761627001,0.216449949157711,0.186349498850672,0.213783721691284
"GWK60_D02739",1667.82734404872,0.894693296083275,0.0769102846363179,1.84119672517401e-31,5.35066009636204e-31
"GWK60_D02761",516.803909038087,-1.23210567524712,0.127662363860445,2.23823329525298e-22,5.47331805347777e-22
"GWK60_D02783",3860.16117834614,1.13872708319108,0.0613012863027573,2.70132356007605e-77,1.37417426750484e-76
"GWK60_D02805",36.6885637926614,-1.82864362364109,0.486040490134594,4.0223015408235e-05,5.90326621225771e-05
"GWK60_D02827",39.516745206515,-0.901965498540993,0.450692620071602,0.025570386063038,0.0318042635827807
"GWK60_D02849",1141.19539197746,-0.585968228480658,0.0890888163082966,3.96871977349353e-11,7.3582890407388e-11
"GWK60_D02871",624.444469466056,-4.06670419725469,0.161416954519719,6.79881616820805e-141,5.64065820895494e-140
"GWK60_D02893",1986.55160720889,-0.114089384123152,0.0715742992473951,0.109705009386597,0.12915137631457
"GWK60_D02915",52.645587791583,-0.929330654768619,0.365423531652672,0.00634132091111169,0.00825218901347044
"GWK60_D02937",4116.33895128806,0.694250229020257,0.0577783616445634,2.32522558067945e-33,6.94530752661779e-33
"GWK60_D02959",2709.59272133735,-0.0910877109098828,0.0689267970954988,0.184622750033639,0.211987702505335
"GWK60_D02981",501.281672983737,-1.21985073360787,0.139512673330824,1.03645384459448e-18,2.33080257484692e-18
"GWK60_D03003",716.368725757368,-3.70148468995226,0.140635203578904,1.62520527100045e-153,1.48929960373909e-152
"GWK60_D03025",137.809507459367,-1.75163044809401,0.245521478012976,2.64019562126179e-13,5.21887597438445e-13
"GWK60_D03047",1229.72027442581,0.385790871303831,0.0852621838347113,5.59946143308762e-06,8.48061247856057e-06
"GWK60_D03069",779.296537671065,-1.88181040653745,0.109390981659217,6.26586503622767e-67,2.88098339952426e-66
"GWK60_D03091",1864.76646513994,-0.820984021140766,0.0918257095356737,2.59148430567301e-19,5.92146283572547e-19
"GWK60_D03113",27599.9325440332,-0.454759830398593,0.0475332516187912,9.85122712272446e-22,2.38131685043799e-21
"GWK60_D03135",165.180076694296,-1.9947508906497,0.229947338448488,9.76211276262681e-19,2.19626660100158e-18
"GWK60_D03157",447.032545830068,-1.70318505858326,0.138224480643344,1.9907433692952e-35,6.15597302909627e-35
"GWK60_D03179",5203.33075909555,-0.282505533190661,0.0540580277164986,1.65229904109248e-07,2.67995465807784e-07
"GWK60_D03201",3193.48981427658,0.604653663763224,0.0612132102859934,4.31255286166523e-23,1.06848931004989e-22
"GWK60_D03223",3958.20658298878,-0.212039627389397,0.066957114714103,0.00149847769551075,0.00203458768156596
"GWK60_D03245",643.919614507509,-0.638257041012426,0.11285938019397,1.24083664560544e-08,2.10541959867245e-08
"GWK60_D03267",412.034583879922,0.827571166813396,0.137110190666333,1.09375132996909e-09,1.93904010638268e-09
"GWK60_D03289",1364.0057505889,-4.1428329570014,0.114969764705028,7.41061847099477e-285,1.30367401864323e-283
"GWK60_D03311",527.235237306785,-1.59303525072369,0.127412633176086,2.27519310982367e-36,7.11082338542634e-36
"GWK60_D03333",4393.62859129944,0.0223521533506187,0.0701677153911872,0.751003243622797,0.778840114640362
"GWK60_D03355",3226.04529205581,-1.54761225662041,0.0639452245709059,6.36260875443588e-130,4.9072319718963e-129
"GWK60_D03377",1498.21106672645,-0.262433859121894,0.0839666423616005,0.00170175138346719,0.00230167453767997
"GWK60_D03399",1366.30540656339,0.661521492652695,0.0839172824954946,2.52200215544331e-15,5.2392303861105e-15
"GWK60_D03421",960.28465024587,0.478385343922056,0.0949724514204659,4.18247292708052e-07,6.65048597232272e-07
"GWK60_D03443",719.669606656831,0.876321801771627,0.109832289816857,9.67976061349462e-16,2.02931609513677e-15
"GWK60_D03465",1159.6433638783,-1.23986946761369,0.092254427410036,1.5908340066437e-41,5.37085165272519e-41
"GWK60_D03487",1166.9075127775,1.38458334314353,0.0907323094378798,5.52039821036329e-53,2.17997707105938e-52
"GWK60_D03509",1917.51004721749,-0.468603974718471,0.0759136569727038,5.90979582442284e-10,1.0566120338703e-09
"GWK60_D03531",0,NA,NA,NA,NA
"GWK60_D03553",1179.45831298197,2.16273970849802,0.0970871204139894,1.54463799288461e-110,1.04030676601447e-109
"GWK60_D03575",268.175340388499,-1.30361255003824,0.176594053857775,6.41154106932972e-14,1.29114494734588e-13
"GWK60_D03597",11560.7819624522,-0.33940555682891,0.0529014747991669,1.03731636804904e-10,1.89717805839288e-10
"GWK60_D03619",1794.41606822955,-1.74627714399876,0.0825304118082669,5.61102510993213e-100,3.46815418075711e-99
"GWK60_D03641",0,NA,NA,NA,NA
"GWK60_D03663",3574.34728594858,-0.0963254072511045,0.0663180403304019,0.145175242155966,0.168718907145467
"GWK60_D03685",5535.07169390598,1.1182727335121,0.0537114826803591,1.54347992770731e-96,9.28913549169388e-96
"GWK60_D03707",1482.78753377184,1.08003867904132,0.0818572340606892,5.24567200422461e-40,1.72992067349351e-39
"GWK60_D03729",2211.69777472766,0.514895146453318,0.0699521775214961,1.59897189979036e-13,3.17860627093624e-13
"GWK60_D03751",2236.76332995044,0.880815196469041,0.0885424273058705,1.73204184932959e-23,4.33216363645917e-23
"GWK60_D03773",284.502841840378,1.76699265124128,0.172428424430609,3.49582052813009e-25,9.03144203239896e-25
"GWK60_D03795",79.8934193059207,-0.26487355999953,0.288505282573449,0.33728626465914,0.373185896530727
"GWK60_D03817",1617.52367810779,-0.929352266120126,0.0782584829085568,1.00187403851239e-32,2.96726207352207e-32
"GWK60_D03839",2696.38105244165,-3.75450898659902,0.0822459298199959,0,0
"GWK60_D03861",982.363825310943,0.424082404303695,0.0943764930809341,6.38286784401615e-06,9.64766806308188e-06
"GWK60_D03883",4025.46042034217,-1.84388097681935,0.0619764272252197,3.80154853124524e-195,4.36597058391921e-194
"GWK60_D03905",934.843023817269,-0.440490018054743,0.107452365871195,3.69385980051148e-05,5.42880764199229e-05
"GWK60_D03927",77.9082931781746,-0.552835822514135,0.296449714878845,0.0505786570235232,0.0615557001258056
"GWK60_D03949",248.181167783816,0.300771791248086,0.176009184311474,0.082796931510205,0.0988003311578217
"GWK60_D03971",657.251163201014,1.31355589478059,0.118969722278393,1.09572171243089e-28,3.01438086160381e-28
"GWK60_D03993",949.557879968638,0.11198521030738,0.0955512926745966,0.239605637916038,0.271329527543243
"GWK60_D04015",1581.52859456735,-0.221734986482764,0.0799424012352574,0.00538816890392996,0.00705019115290338
"GWK60_D04037",147.63703479118,0.587061948117183,0.22200171009192,0.00666216098524402,0.00865472135894876
"GWK60_D04059",4556.94110042055,2.40703609897476,0.0607366719510076,0,0
"GWK60_D04081",379.114325224748,-1.2046303636001,0.145589313006073,6.06387343729359e-17,1.31313191766835e-16
"GWK60_D04103",958.800035256853,0.688023571524564,0.0946535659675416,2.82996329388489e-13,5.58978855645307e-13
"GWK60_D04125",685.862148442695,-0.776332655555366,0.111898783889537,2.85831554271797e-12,5.48512942528148e-12
"GWK60_D04147",7681.70372528257,2.66398591642194,0.0531101837951241,0,0
"GWK60_D04169",715.298223764844,1.29387888275144,0.111475507001731,1.65729868604079e-31,4.82156586757442e-31
"GWK60_D04191",2444.38489832623,4.21950111652379,0.0906438122365548,0,0
"GWK60_D04213",572.025603694467,0.129963039592134,0.118325244442516,0.269327381153916,0.302899727361471
"GWK60_D04235",1108.69501320423,1.11028453759842,0.0970056552154158,1.32732096611756e-30,3.80060331071222e-30
"GWK60_D04257",5231.51431030501,2.46720219168779,0.0596367895432608,0,0
"GWK60_D04279",7612.23451387145,-2.49348157136983,0.0566507240377602,0,0
"GWK60_D04301",1564.01235239324,-0.0863784994201913,0.0823749096403329,0.292264304354205,0.326739689883766
"GWK60_D04323",2079.00632718552,0.833738903568937,0.0749221728095428,6.79667331163918e-29,1.88557497991678e-28
"GWK60_D04345",932.615593261261,-3.96768465123429,0.130484551308884,8.0560907868062e-204,9.80903646726866e-203
"GWK60_D04367",1017.72383558201,-1.69232091684466,0.0971170477246889,1.5861858161855e-68,7.43612958389996e-68
"GWK60_D04389",0,NA,NA,NA,NA
"GWK60_D04411",276.50027477391,0.135161627019777,0.164255256707591,0.405333866646012,0.443254914461127
"GWK60_D04433",1825.66255337845,-0.846362963812704,0.0747936259955787,7.24317610020185e-30,2.04065914767336e-29
"GWK60_D04455",5374.68899019613,-0.841635135803535,0.0540885375239693,1.1523785522114e-54,4.6555385442642e-54
"GWK60_D04477",2782.4040035455,-0.223551680334138,0.0694627084375514,0.00125199859702554,0.00170653345953727
"GWK60_D04499",0,NA,NA,NA,NA
"GWK60_D04521",8680.04094211867,1.31328854604136,0.0553802739271574,1.12282202520139e-124,8.36550120759107e-124
"GWK60_D04543",3251.38796809285,1.66536677413263,0.0641490275425493,4.11544475617842e-149,3.60787323624975e-148
"GWK60_D04565",99.9515539550588,-0.0974728608146266,0.259105217198166,0.695821168266837,0.726482601247233
"GWK60_D04587",48.8985813910488,-0.359010188013724,0.365538412849873,0.290964581261479,0.325563432766514
"GWK60_D04609",786.670300189811,-1.45227180765131,0.105916044430708,3.22506379661001e-43,1.11604181382688e-42
"GWK60_D04631",259.949981018899,-0.973454891260431,0.172182984602342,9.31253356120619e-09,1.58626705090494e-08
"GWK60_D04653",270.88410384295,-1.49566290514584,0.172525710393886,1.51790007334014e-18,3.39895887005922e-18
"GWK60_D04675",11.7219740155887,0.366447544502917,0.637151734458522,0.467799696676718,0.506510169724071
"GWK60_D04697",1274.31624506462,0.349652596647423,0.088653005919686,7.53537693366142e-05,0.00010931076302002
"GWK60_D04719",0.23451260533214,-0.101088041439388,1.01841933252958,0.775710319951172,0.799073493633824
"GWK60_D04741",827.762218330753,-2.39956622695193,0.113559011568381,6.35877525664291e-100,3.92572275234058e-99
"GWK60_D04763",0,NA,NA,NA,NA
"GWK60_D04785",3309.36092894911,0.219927256386363,0.0629041645163339,0.000462203027015649,0.000644023290623129
"GWK60_D04807",556.214999431916,-1.78042547786934,0.127334159606544,5.46035680722949e-45,1.93540948827676e-44
"GWK60_D04829",0,NA,NA,NA,NA
"GWK60_D04851",352.299269949424,2.4031914511337,0.16424356374315,3.43977737492095e-49,1.2942223885611e-48
"GWK60_D04873",1917.80774323058,0.756839079573793,0.0794562480760922,1.19256330918199e-21,2.8774692689437e-21
"GWK60_D04895",1739.94628397415,-0.924680546128962,0.0768556444081753,1.4830252259758e-33,4.44738465714521e-33
"GWK60_D04917",9441.27999865794,2.3638307020711,0.0512330414683244,0,0
"GWK60_D04939",1580.97993579805,-0.311143014153472,0.0781501475331318,6.47662340181274e-05,9.42380057912448e-05
"GWK60_D04961",148.692785877316,-1.33821924734297,0.233345486555894,3.96557094327034e-09,6.87505048174093e-09
"GWK60_D04983",3033.50916514971,-0.465668388073559,0.0627311252337681,1.00576030201527e-13,2.01305144162873e-13
"GWK60_D05005",254.544095608361,0.269079980536813,0.176077857123376,0.121165889075666,0.141881695578363
"GWK60_D05027",178.46361904685,0.216205082688524,0.204864171560404,0.281915661358752,0.316313220722491
"GWK60_D05049",2989.46068767553,-0.85403937498433,0.0643514480215502,2.26779136555825e-40,7.51170187836047e-40
"GWK60_D05071",702.649410598475,-3.78946033830532,0.144148985569082,3.74888844307166e-153,3.39985400182016e-152
"GWK60_D05093",0,NA,NA,NA,NA
"GWK60_D05115",637.075863313315,-0.8036669001281,0.114654322590258,1.6535133568308e-12,3.20113369780273e-12
"GWK60_D05137",2251.62376966817,-0.20875242020578,0.0687202752849487,0.00231476499367341,0.00311159311697474
"GWK60_D05159",2826.03824801479,1.79674587234324,0.0665780065091282,5.13026860743525e-161,4.88862552085316e-160
"GWK60_D05181",1219.22249214195,-0.412768189759535,0.0861137572050669,1.48884440149359e-06,2.30604285979278e-06
"GWK60_D05203",616.661259817931,-2.23108447690177,0.128407287322257,2.44065982298418e-68,1.14317637300951e-67
"GWK60_D05225",0,NA,NA,NA,NA
"GWK60_D05247",1364.11814173715,-3.51528393821935,0.102634655571461,5.4654058848204e-258,8.50533578525305e-257
"GWK60_D05269",12291.954333142,2.24645170313108,0.0540017522187275,0,0
"GWK60_D05291",23.7831632838259,1.50934008293807,0.586848305360906,0.00298652585958207,0.00398506494708313
"GWK60_D05313",0,NA,NA,NA,NA
"GWK60_D05335",811.952009078726,-0.348221250692985,0.100679737424487,0.000505889155361559,0.000703032221189379
"GWK60_D05357",3036.50846777107,0.773598295911736,0.0624681257661261,2.36365858921815e-35,7.30055442119051e-35
"GWK60_D05379",2525.30426624682,2.18079993705735,0.0716180023819662,2.25506969978642e-204,2.75212682618946e-203
"GWK60_D05401",1626.95383255518,-1.90699454427296,0.0876520542169689,1.2689809331872e-105,8.2609402333721e-105
"GWK60_D05423",66.5996080162202,-2.5214075007533,0.394685886220036,2.98818778047994e-11,5.56384698241574e-11
"GWK60_D05445",1665.4113573323,-0.885038369418844,0.0786356085938421,1.40762342403977e-29,3.95096009095475e-29
"GWK60_D05467",1444.57128879957,1.33536711045778,0.0862957125233589,2.06341604353516e-54,8.31691064290802e-54
"GWK60_D05489",2420.79461222944,0.767126797717326,0.0687290686678717,4.58358138649395e-29,1.27496764108716e-28
"GWK60_D05511",601.428874823943,1.0816082058982,0.119213350475586,6.38286463737771e-20,1.4809822669875e-19
"GWK60_D05533",1370.28427762177,0.438217067488888,0.0836276897774213,1.4597704655409e-07,2.37133806323198e-07
"GWK60_D05555",746.102872811896,0.457556742745738,0.10727823024583,1.79136886609143e-05,2.66099978414034e-05
"GWK60_D05577",175.668766782525,0.621856018139518,0.214903504297666,0.0030591696883782,0.00407785923995676
"GWK60_D05599",0,NA,NA,NA,NA
"GWK60_D05621",3583.13328879093,1.76187379809292,0.0627861625541203,7.59805257694103e-174,7.88279221986387e-173
"GWK60_D05643",3121.6611927605,3.58368296934578,0.0785782756853739,0,0
"GWK60_D05665",8838.75705535337,0.568008387329348,0.0520699226757325,9.16476166374636e-28,2.47086859822172e-27
"GWK60_D05687",558.655210120743,-2.95373982805292,0.143771537186016,1.05620228285489e-94,6.24227416608618e-94
"GWK60_D05709",336.27222430554,0.327885814168793,0.150973055735835,0.0280566062638801,0.0347978658212707
"GWK60_D05731",3891.78904027016,0.999658325454659,0.059943494734518,1.1861559252029e-62,5.20365318312533e-62
"GWK60_D05753",1171.73556656187,-1.10836527396529,0.090209421566636,5.42320389641107e-35,1.66819020439311e-34
"GWK60_D05775",748.414467663982,-2.20623376342962,0.114657829045858,3.34802827699034e-83,1.80436769845996e-82
"GWK60_D05797",1061.25885376548,-0.255962591504455,0.0899277798223001,0.00425263010800383,0.00561044253024834
"GWK60_D05819",77.6399287566567,3.85831746224443,0.429359939468218,5.27399948529108e-20,1.22748837578014e-19
"GWK60_D05841",21.356315137885,0.963475682062381,0.56922157684512,0.0459192837428302,0.0561318690418979
"GWK60_D05863",1027.51438348754,-0.70767191589523,0.0929051324021461,1.96840174229307e-14,4.02089054930545e-14
"GWK60_D05885",519.038574576559,0.472722464389644,0.124095459090731,0.000125180605149115,0.000179806112256784
"GWK60_D05907",1036.16128678055,-0.465307247262114,0.0931544534719476,5.20863002104068e-07,8.2299170653872e-07
"GWK60_D05929",7496.50032582109,-0.511533253868091,0.0498023611231022,8.2627740070352e-25,2.11597815370035e-24
"GWK60_D05951",1490.66160483125,0.649316900897528,0.0813046428780896,1.11135080004957e-15,2.32803871296724e-15
"GWK60_D05973",415.126048308677,-1.3729382883248,0.14261294568128,2.46993105241539e-22,6.03149365631613e-22
"GWK60_D05995",4195.13240572127,1.12873622777648,0.0592070083952903,2.62004764923235e-81,1.38090687725072e-80
"GWK60_D06017",1772.17870832127,0.622057018533292,0.0760192760057537,2.25813706622171e-16,4.80493566679862e-16
"GWK60_D06039",1179.36427606556,-2.84660497013497,0.105478372289329,2.07882932554498e-161,1.98811677315757e-160
"GWK60_D06061",8372.96310567832,0.44109263603712,0.0531219613344409,3.13670625428496e-16,6.66091033408918e-16
"GWK60_D06083",3307.73586623931,-0.891651025336397,0.0623342127308412,1.30513430787581e-46,4.75745423383698e-46
"GWK60_D06105",12007.8722840958,-2.73712195059207,0.0509480406118755,0,0
"GWK60_D06127",562.481068433019,1.38758186157737,0.125892097339963,1.21686964195378e-28,3.34416630965354e-28
"GWK60_D06149",0,NA,NA,NA,NA
"GWK60_D06171",1542.34016163879,0.886627488440869,0.0795827994008398,5.18540550896312e-29,1.44084696128611e-28
"GWK60_D06193",254.206202736626,0.192195144200401,0.170707344436668,0.253860004945722,0.286300091341016
"GWK60_D06215",760.670549505532,-0.0174273451652775,0.105532171586794,0.867231026324574,0.883182032617088
"GWK60_D06237",0,NA,NA,NA,NA
"GWK60_D06259",125.163164412196,-1.59878257268564,0.25953615437488,2.17825070042472e-10,3.94953418967046e-10
"GWK60_D06281",0,NA,NA,NA,NA
"GWK60_D06303",3480.04413358259,-0.579432519794439,0.0604785319553275,7.9557960944563e-22,1.92667990132781e-21
"GWK60_D06325",644.924965329971,1.19546550765409,0.11520474312072,1.50659861934206e-25,3.93090711197384e-25
"GWK60_D06347",1762.87378600169,-1.1637140353787,0.078683914917738,8.36773314790023e-50,3.17563321485968e-49
"GWK60_D06369",1092.01707507693,-0.431684498318312,0.0918756635280728,2.35334286171381e-06,3.6173534344286e-06
"GWK60_D06391",2344.25813926278,0.651413991554044,0.0683241238689681,1.21944767501762e-21,2.94098797367845e-21
"GWK60_D06413",822.46651018828,-0.204811116174707,0.103378061423566,0.0463421111031191,0.0565961236132822
"GWK60_D06435",0,NA,NA,NA,NA
"GWK60_D06457",1889.72981986806,0.751858725266469,0.0782283349970813,5.38542210835372e-22,1.30781718790123e-21
"GWK60_D06479",7531.80016521839,-0.0789641220573625,0.0518712269782588,0.127193605952792,0.148576141974613
"GWK60_D06501",6626.24485794168,-0.0555690571905718,0.0548883174553033,0.310418415821192,0.345785867687308
"GWK60_D06523",516.171164576421,0.208378161797622,0.122528073641308,0.0868607458045668,0.103485282657309
"GWK60_D06545",0,NA,NA,NA,NA
"GWK60_D06567",11.0440769359226,3.19470791251808,1.10878837343766,0.000616343687822565,0.000853149420512287
"GWK60_D06589",11605.2338721046,0.981662387468652,0.0487403961609841,1.95897853938935e-90,1.12246482758039e-89
"GWK60_D06611",21598.7880284303,1.94250126075246,0.0437030216714539,0,0
"GWK60_D06633",4076.51439956002,-0.433894165481881,0.0622087483025172,2.43752907384537e-12,4.69648458916728e-12
"GWK60_D06655",133.624915989054,0.0472348174132546,0.23425582790403,0.83738725085972,0.855605466107639
"GWK60_D06677",419.469368667788,0.150171263033417,0.136403868864936,0.267169484638372,0.300601388063708
"GWK60_D06699",1679.5783282583,2.47654095888794,0.0848057564917449,3.20426997485506e-188,3.56331079656187e-187
"GWK60_D06721",6.37417718968224,2.49485599442087,1.43183913698021,0.010602243266677,0.013555614871833
"GWK60_D06743",14542.0957041157,0.0163141528723223,0.0474237158215503,0.738348159360566,0.767662757848543
"GWK60_D06765",428.377574986132,-0.0249759123347992,0.135342692671587,0.849962917782385,0.86710724350957
"GWK60_D06787",5640.09152181394,3.63034300439511,0.0634261475435419,0,0
"GWK60_D06809",3021.82714083054,-1.25415690494405,0.0644829151445962,1.31068414768889e-84,7.16652662873552e-84
"GWK60_D06831",955.093658801859,-0.38659743100468,0.0983080964373201,7.75128170225492e-05,0.000112318847806779
"GWK60_D06853",16668.9001001479,2.08717350203126,0.04545336881002,0,0
"GWK60_D06875",300.291240297509,-1.76203143447835,0.172707238857905,5.16762993548692e-25,1.33113288250055e-24
"GWK60_D06897",2.17641472598824,-0.240632681730334,0.927183975861886,0.581344601138949,0.617128678504717
"GWK60_E00011",2.50820978335027,-0.496928242867479,1.01648151560254,0.291678753822208,0.326223739124987
"GWK60_E00033",149.738775381804,-0.632898476225404,0.219540122381221,0.00309178591640569,0.004119248713347
"GWK60_E00055",86.8296416827508,-1.46066840440494,0.305023950178259,5.79338577601831e-07,9.13739405752813e-07
"GWK60_E00077",281.2916384147,-0.318243354636882,0.161920950226193,0.0462990341867507,0.056556646498446
"GWK60_E00099",0,NA,NA,NA,NA
"GWK60_E00121",24.6851853578667,0.349665216976946,0.498444146217512,0.422450737887,0.460155494157304
"GWK60_E00143",1.43749089634445,0.00745697261022103,0.929425115501394,0.985551300578545,0.988369845766091
"GWK60_E00165",1467.25568233855,-0.0906610957125654,0.0790510388225655,0.249646944848524,0.28203241621633
"GWK60_E00187",951.712984078968,0.474269579768779,0.107175912629059,8.56174382847683e-06,1.2874434687761e-05
"GWK60_E00209",1887.01889066937,0.185380331595402,0.0754131713905955,0.0137223851808678,0.0174094901233393
"GWK60_E00231",5603.60995341036,-0.425828317880004,0.0616431990238895,4.43351921381254e-12,8.47087216296911e-12
"GWK60_E00253",1395.18115549241,-0.338066979570582,0.0848417352635358,6.06565061342959e-05,8.83314568843843e-05
"GWK60_E00275",727.137704051901,-0.620881973242816,0.108675612230474,8.85556515498539e-09,1.51136511081191e-08
"GWK60_E00297",321.818645199784,-4.21971438112271,0.229294633906772,2.92541841918252e-76,1.47109951098471e-75
"GWK60_E00319",529.072997583851,-0.656113053805827,0.124114834622813,9.759509445588e-08,1.59673467134659e-07
"GWK60_E00341",4889.61296971171,0.125806509718107,0.0546366100863659,0.0213041443910691,0.0266175295717396
"GWK60_E00363",979.369712199571,2.34781781234073,0.106611163618674,3.52972412138289e-108,2.33245588925553e-107
"GWK60_E00385",487.752963097913,0.429953881560161,0.129164976748847,0.000789981968499522,0.00109063127409645
"GWK60_E00407",493.543601875126,0.606527643282364,0.131105551153151,3.0301659649751e-06,4.63603053396423e-06
"GWK60_E00429",2174.28601520547,1.38457688906121,0.0713658227301418,3.04488737733964e-84,1.65284908202337e-83
"GWK60_E00451",3137.58516388915,0.210751614685966,0.0661903573114649,0.00142189927476213,0.00193260728301003
"GWK60_E00473",3777.9252357384,0.0958446206177095,0.0603867001463268,0.112029804098474,0.131740838264693
"GWK60_E00495",2860.96039640925,1.58492031397177,0.0700964578165447,1.10924524323575e-113,7.59717445236986e-113
"GWK60_E00517",5007.41911152054,-0.785050533474165,0.0597769060290162,1.48101483426616e-39,4.85366855342056e-39
"GWK60_E00539",1198.45634338957,1.13753633889864,0.0890726098632254,1.22118365074878e-37,3.88592014696831e-37
"GWK60_E00561",5424.51048478616,-1.97089446696291,0.0553666874480634,3.40895344493868e-278,5.82178412999268e-277
"GWK60_E00583",6979.86746584626,2.06870532785128,0.0616207822700026,7.69001341936578e-248,1.15240656939784e-246
"GWK60_E00605",0,NA,NA,NA,NA
"GWK60_E00627",5923.33696537049,0.353221194505662,0.0634424417141451,2.43420872957316e-08,4.07249933764467e-08
"GWK60_E00649",12681.0350727861,-1.3072145168533,0.152094621769165,3.23473631302055e-18,7.17617587789459e-18
"GWK60_E00671",2075.88308217975,1.32452138797532,0.078833479874615,9.49326175574867e-64,4.22815891915648e-63
"GWK60_E00693",6116.38189508853,0.624932301597004,0.052072884557098,2.90472374079623e-33,8.67130923756424e-33
"GWK60_E00715",2129.11320043792,-0.217362587456479,0.0735337343274252,0.00302569945787038,0.00403426594382717
"GWK60_E00737",3874.28538774452,0.401377412199266,0.0626978797829922,1.42501729008966e-10,2.59632523237673e-10
"GWK60_E00759",996.374670096982,-2.74753602459248,0.107799380318054,3.7287139807948e-144,3.14815979758919e-143
"GWK60_E00781",3397.18054641972,0.129528891896195,0.0624645991137344,0.0378214303550874,0.0465032079634782
"GWK60_E00803",159.03316685598,0.658171591274018,0.226345818677231,0.00280254297082183,0.00375003205965983
"GWK60_E00825",561.677006881915,-0.32541457322523,0.118865552854722,0.00580291118249944,0.00757778371895409
"GWK60_E00847",1033.83952471117,-1.58295694000883,0.0983103390349096,7.42675410193373e-59,3.14277768110792e-58
"GWK60_E00869",561.734401491044,0.729367901961353,0.119310862780787,7.45221563796159e-10,1.32607084762104e-09
"GWK60_E00891",1092.38363872673,0.0680748000520958,0.0889429778798021,0.442815819757344,0.481241985934634
"GWK60_E00913",13439.7405465594,0.208186592116455,0.051560815224381,5.29304446764853e-05,7.73157842261351e-05
"GWK60_E00935",449.244860639198,-2.58167110127202,0.149463302404657,1.21370811524907e-67,5.62972194551155e-67
"GWK60_E00957",40080.9481762278,0.425129207085956,0.0467235218569622,1.24325844106006e-19,2.86696159578075e-19
"GWK60_E00979",5502.99619242502,-0.202770587353793,0.0581072029825005,0.000471612510695681,0.000656786287068912
"GWK60_E01001",1812.17912512084,-1.65368799376095,0.083652298831186,1.477040234869e-87,8.23884584879211e-87
"GWK60_E01023",965.618805237216,0.0377422818569826,0.0985851028863309,0.70134121007219,0.731519882010652
"GWK60_E01045",2966.29628991677,-0.417220460319401,0.0728925565665224,9.48183417204287e-09,1.61405979757105e-08
"GWK60_E01067",7192.77387766613,2.29146259737788,0.0528466511975304,0,0
"GWK60_E01089",1545.81877157792,-0.0611421681203055,0.0776319099553389,0.422854610944998,0.460500052499108
"GWK60_E01111",3097.31439035437,0.256953791151319,0.072165036209344,0.000358567896125606,0.000502147799153538
"GWK60_E01133",3843.99396929362,-0.787851055678211,0.0630692763954605,6.36411420934571e-36,1.98313037566105e-35
"GWK60_E01155",2871.85909600134,-0.120149914377007,0.0654160892915463,0.0649510154802114,0.0782865127007131
"GWK60_E01177",721.254116794608,-0.410789010661692,0.106241181259651,0.000100244409601685,0.000144699669183552
"GWK60_E01199",1363.81894933106,-0.486423040037009,0.0821890475979382,2.84935894660618e-09,4.98590421129359e-09
"GWK60_E01221",7049.62624060628,-1.98106993469542,0.0542084207351166,4.35919103297448e-293,8.04538415208623e-292
"GWK60_E01243",1283.20317058919,-0.921041586787356,0.0887710997406681,1.95937622201891e-25,5.09961352192948e-25
"GWK60_E01265",1029.04647334637,-1.2561778753719,0.097429133512372,2.22025401827395e-38,7.12540337774313e-38
"GWK60_E01287",204.494909600362,-1.39317161290543,0.197204129594795,6.24065814913336e-13,1.22165470280765e-12
"GWK60_E01309",857.787028601056,-0.372909341743261,0.108703104745218,0.000554250321725136,0.000768614999281365
"GWK60_E01331",634.92081601234,-0.131418911651486,0.111350166843624,0.23463895300917,0.265991571730223
"GWK60_E01353",1003.72690462991,-3.32646732064838,0.113975985577409,4.38675301329582e-188,4.85775175788126e-187
"GWK60_E01375",315.433780111629,-1.70575779229572,0.165274800835652,1.67830450591581e-25,4.37673857269072e-25
"GWK60_E01397",6005.75518563489,0.948597089016042,0.0539257040206986,1.81996496318262e-69,8.62433847418068e-69
"GWK60_E01419",1640.61249435016,1.08490895758609,0.0804299822565974,9.87355087760525e-42,3.35063726556152e-41
"GWK60_E01441",1437.88695012041,0.141487805638644,0.0851512885219167,0.0956789605631322,0.113323875830235
"GWK60_E01463",2330.41942435355,-0.367348771809428,0.0675703822257611,5.04513481610806e-08,8.34247379211833e-08
"GWK60_E01485",3466.64436273679,2.92591830582616,0.069165584400184,0,0
"GWK60_E01507",710.353806190905,1.52227059865638,0.115834569019628,6.64162316801176e-40,2.18890588118683e-39
"GWK60_E01529",63.7005595546379,0.49549475192999,0.340717196624331,0.12223031011684,0.143064403919577
"GWK60_E01551",544.283056504156,-1.62852042931853,0.132313540513386,2.68257118973822e-35,8.27099909614481e-35
"GWK60_E01573",4710.3033304014,-0.461890363255262,0.0549330441323955,3.70505094712504e-17,8.06980040657462e-17
"GWK60_E01595",714.227064277473,1.2053641852357,0.109737618470981,2.20494984257536e-28,6.03435804992009e-28
"GWK60_E01617",12053.3062905828,4.3057629933158,0.0549537730338416,0,0
"GWK60_E01639",888.201008459893,2.20273420020229,0.110406332686234,2.58458245579548e-89,1.46654840533811e-88
"GWK60_E01661",3878.42459974636,2.28657454657061,0.0640575922440757,7.11917574508661e-280,1.22375373918809e-278
"GWK60_E01683",491.630938724998,-1.40444906434394,0.134115665525365,4.46283374155573e-26,1.17196732304459e-25
"GWK60_E01705",419.08858889465,-3.90646619897461,0.188768598251146,6.19651265744686e-96,3.70803829103191e-95
"GWK60_E01727",3638.31474834791,-0.488055750766616,0.0588032610608526,9.00744530303654e-17,1.93938445738732e-16
"GWK60_E01749",5652.10626220761,-0.469788813997653,0.0531103215978276,8.0725366112429e-19,1.82238380150805e-18
"GWK60_E01771",12922.177790906,-3.53584918253502,0.0547761089719745,0,0
"GWK60_E01793",15340.5044415672,-4.12290267004497,0.0525329227152637,0,0
"GWK60_E01815",1921.33685892868,-1.05092673003594,0.0736663724174228,1.95526360643102e-46,7.10759265364696e-46
"GWK60_E01837",151.215713570445,0.49885668233211,0.221113135316124,0.020691958736265,0.0258772474923332
"GWK60_E01859",1288.4862717504,0.320752244554659,0.0894931422936395,0.000320444375618115,0.000450196959335279
"GWK60_E01881",718.407986232344,-1.57620855801719,0.114126948771174,7.06382809014411e-44,2.47210484059601e-43
"GWK60_E01903",346.223493797436,-0.142704359378265,0.146909173732035,0.325556437554401,0.361347723472494
"GWK60_E01925",554.962181226843,1.0294870985046,0.122321286624304,2.20102550566643e-17,4.82592503535032e-17
"GWK60_E01947",956.168456610485,-0.506163068927356,0.0945264740065261,7.37821251233882e-08,1.21355215181058e-07
"GWK60_E01969",154.605018969567,0.0647125986613898,0.223617233140723,0.768286825572348,0.7933232631548
"GWK60_E01991",12.097425392565,0.0546617663809815,0.620003007423721,0.913923560668976,0.925180509838108
"GWK60_E02013",875.178771981667,-1.36383538771575,0.100722664262106,3.58308572905106e-42,1.22462839082577e-41
"GWK60_E02035",2913.07819471945,-0.253012061384904,0.0711656802142372,0.000365437319857838,0.000511495556799422
"GWK60_E02057",0,NA,NA,NA,NA
"GWK60_E02079",4415.00380732587,-1.17792513184518,0.0567895451778983,6.9835292478085e-96,4.17424589130372e-95
"GWK60_E02101",2184.55321047601,-1.00448703147765,0.073865356300904,2.33339811554584e-42,7.99587888454144e-42
"GWK60_E02123",2538.22384794874,-1.30533901802405,0.0683007145859881,8.23213640940767e-82,4.36942860882789e-81
"GWK60_E02145",449.985465473389,-4.49298083974925,0.204449445221628,1.23943221030769e-107,8.14926678277303e-107
"GWK60_E02167",324.821105108341,0.296853440033328,0.16010665603355,0.0606128594323151,0.0732927909457419
"GWK60_E02189",486.967254750589,1.01140865502671,0.129930116309149,4.16528376753067e-15,8.62574512488635e-15
"GWK60_E02211",887.021911214278,-0.321054368421583,0.103730549605105,0.00184756352261183,0.00249696406190602
"GWK60_E02233",887.771323011846,-0.859757828712029,0.0992004217231545,2.94237383043352e-18,6.53860851207448e-18
"GWK60_E02255",401.974510947527,-0.901931900745255,0.148080785012736,7.12661012832458e-10,1.26899015825956e-09
"GWK60_E02277",4658.56406663414,0.0358746704011553,0.0605670397314393,0.55270491513348,0.589701390182983
"GWK60_E02299",743.579293019325,-0.285279386990647,0.106054859374073,0.00681365193174753,0.00884496771001777
"GWK60_E02321",5538.88430858757,-3.65216814077833,0.0635395501631961,0,0
"GWK60_E02343",496.853192409971,-0.197287398180202,0.125001999374744,0.111500550881197,0.131177118683761
"GWK60_E02365",963.793911129927,-1.94212084711464,0.10375543397528,7.29229362502429e-79,3.74950776809655e-78
"GWK60_E02387",2224.6579753898,0.659918082492885,0.0756065575987695,2.07661038030229e-18,4.63623539914687e-18
"GWK60_E02409",2480.43760669566,0.356422670858587,0.0687921820044307,2.08339198044624e-07,3.36257803533207e-07
"GWK60_E02431",1052.40433084934,2.31168808951857,0.101515507788046,1.90910051837931e-115,1.3265348383983e-114
"GWK60_E02453",462.252743721144,-4.10553780866636,0.185731639107132,6.14136964439857e-109,4.09424642959904e-108
"GWK60_E02475",1610.80470799715,0.826800347270546,0.0782246363530976,2.89660321013295e-26,7.66019752905949e-26
"GWK60_E02497",862.339787933432,-1.43970523168216,0.104954056550562,2.8187997941062e-43,9.76738268576983e-43
"GWK60_E02519",7167.77730271736,-0.611159460458557,0.0564481995353829,2.0643836034647e-27,5.53166467357326e-27
"GWK60_E02541",1462.14912885659,0.418750525859574,0.0817102844348387,2.72262517029228e-07,4.36350042527038e-07
"GWK60_E02563",8712.68480187217,0.786526196576134,0.0557270518497273,2.23619928128628e-45,7.96371578846705e-45
"GWK60_E02585",1228.11731736353,-0.383104665458974,0.0857989365707874,7.35480438588053e-06,1.10944281817412e-05
"GWK60_E02607",363.518601501689,-0.251840753724534,0.150839469910383,0.0910159379864219,0.108117396975741
"GWK60_E02629",3788.19919747237,-0.178847561138299,0.0592022881733055,0.0024729846330163,0.00331580401979754
"GWK60_E02651",759.860049380324,2.12518283989626,0.120607095399582,3.83351831542922e-70,1.82813294099344e-69
"GWK60_E02673",805.376547407867,-0.23395764842714,0.100596885016525,0.0193661007657114,0.0242710722010107
"GWK60_E02695",2719.36481562077,0.244880045651172,0.0653210363079368,0.000172758404374663,0.000246195937960099
"GWK60_E02717",350.033509269327,-1.306363765628,0.155449776054038,1.77021553158525e-17,3.88295817186757e-17
"GWK60_E02739",570.171450559604,-0.313727071432519,0.119503003608408,0.00816763565345219,0.0105251487028026
"GWK60_E02761",1609.455562094,0.847988985287559,0.0773695115832357,4.05377585209377e-28,1.10423930512756e-27
"GWK60_E02783",626.087778907271,1.32525064077212,0.116325684361411,1.97047562429171e-30,5.60860486134977e-30
"GWK60_E02805",881.252276855296,-0.857935530643586,0.100609770648625,9.97507971429458e-18,2.19535227184893e-17
"GWK60_E02827",639.176957886232,-4.71697870906907,0.183139255700571,4.79646364271599e-147,4.10902259946028e-146
"GWK60_E02849",0,NA,NA,NA,NA
"GWK60_E02871",2802.84413430523,-0.19020149907924,0.0675237103680154,0.00473922672653195,0.00623208314538952
"GWK60_E02893",9210.80214073731,-0.299792507137026,0.0542987014855192,3.22112357727643e-08,5.36513933390564e-08
"GWK60_E02915",1322.64954415065,-0.523946027833935,0.0855005170779413,7.60777650948894e-10,1.35329402908055e-09
"GWK60_E02937",13282.0719367432,2.18946019381972,0.0501165371796357,0,0
"GWK60_E02959",339.049901377581,-2.88293011352965,0.178523292608494,1.90992150010114e-59,8.12798308295469e-59
"GWK60_E02981",2375.05785848099,-5.31101643367494,0.175105104056584,8.65622062035697e-203,1.04911798302022e-201
"GWK60_E03003",1724.67529488356,-2.19745920490148,0.08397600935075,1.01144891401608e-151,9.04799538728666e-151
"GWK60_E03025",2430.40579832552,-4.4376850850486,0.0946290793682141,0,0
"GWK60_E03047",1241.47460715033,0.247216132866799,0.0893303550389214,0.00548161038082058,0.00716888876258484
"GWK60_E03069",0,NA,NA,NA,NA
"GWK60_E03091",1339.17600030288,0.876635709184503,0.0856886456865199,9.53222736310488e-25,2.43750685123635e-24
"GWK60_E03113",93.471209766361,7.26620894753475,0.983200658975611,7.1847403643924e-13,1.40385342929807e-12
"GWK60_E03135",0,NA,NA,NA,NA
"GWK60_E03157",1136.40161580752,-0.12022668604188,0.0879402898655721,0.169692657728157,0.195741969221514
"GWK60_E03179",2318.88953565389,0.0564442203094408,0.0692371321771636,0.414605232989213,0.452077845257724
"GWK60_E03201",3421.02604492529,0.776578554859004,0.0657355683025491,2.39337186315424e-32,7.06064834559242e-32
"GWK60_E03223",397.018729320732,1.8412427214817,0.149021181172415,1.23006252483985e-35,3.82395323915933e-35
"GWK60_E03245",1851.85836332526,0.913497099154686,0.0744066767463956,7.78419896317742e-35,2.38328792469809e-34
"GWK60_E03267",854.65048228727,-0.304637264457964,0.109021933381561,0.00492651181668242,0.00646704570894673
"GWK60_E03289",5348.89153548501,-0.505704005437851,0.0560084037647663,1.50681263198667e-19,3.46560316757756e-19
"GWK60_E03311",0,NA,NA,NA,NA
"GWK60_E03333",1004.92237614694,0.355323948331886,0.0963104581361613,0.000210941490224403,0.000299312716099369
"GWK60_E03355",581.775746701658,-1.62914148950376,0.129701981840213,1.13007611710855e-36,3.55301875432813e-36
"GWK60_E03377",1210.70877511525,0.989400594784373,0.0956512656750024,2.71166920666835e-25,7.02629557984015e-25
"GWK60_E03399",2182.26343686482,0.675292455577616,0.0725250556321092,1.10984659331323e-20,2.62019438098186e-20
"GWK60_E03421",1588.33054134561,-0.030390783590265,0.080942946955884,0.705699844298257,0.735774267791642
"GWK60_E03443",820.748102913704,0.477287727045655,0.104630042916971,4.49549270450646e-06,6.83616410109973e-06
"GWK60_E03465",1461.32355695201,1.68345469321763,0.0832023980218752,1.49225803291e-91,8.63506848526581e-91
"GWK60_E03487",1297.8338472896,1.13962338995147,0.0863601268882957,4.65184485454391e-40,1.5350504350628e-39
"GWK60_E03509",753.256466647745,-0.0587147597708541,0.10542323578762,0.574763927300931,0.610635883175702
"GWK60_E03531",2735.2360522884,-0.381416361451872,0.0656254947045539,5.6289065949564e-09,9.70437518501169e-09
"GWK60_E03553",4334.38496143118,-0.825846951891189,0.0600786475174238,3.69724261267313e-43,1.27775927349939e-42
"GWK60_E03575",1441.35556650573,-0.420438270054493,0.083260186635569,3.9997691691409e-07,6.36574457781577e-07
"GWK60_E03597",160.912210473227,0.203570138391311,0.215570923828337,0.334520819533178,0.37059383124358
"GWK60_E03619",750.243829076192,2.04399629739502,0.118917901084812,8.25407544837517e-67,3.78851979567656e-66
"GWK60_E03641",24342.7545661011,-3.10708858937845,0.0478915446162471,0,0
"GWK60_E03663",5508.2762430878,0.927236411349813,0.0554182368516972,4.86070719025114e-63,2.13594985970935e-62
"GWK60_E03685",2668.90718606442,0.219475201982357,0.0740510944978911,0.00296850581424634,0.00396202501470078
"GWK60_E03707",695.219149172386,1.78545284697701,0.115357286715637,1.43455658145974e-54,5.79107261586973e-54
"GWK60_E03729",619.28907432912,-0.30830359490508,0.112627157574011,0.00585952576273317,0.00764981521766604
"GWK60_E03751",5994.07588450074,0.374498928258808,0.0546256530174617,6.68210861074917e-12,1.26659067720867e-11
"GWK60_E03773",2081.51761711649,-0.519553939788535,0.070917182931747,2.03714579785078e-13,4.04506866617407e-13
"GWK60_E03795",1628.98406172918,-2.55517249834001,0.0880038350667617,4.31032212080637e-186,4.72339465738364e-185
"GWK60_E03817",842.837666077205,0.0826929076988921,0.10040641178518,0.408525600730124,0.44618867521604
"GWK60_E03839",1671.49506774907,-0.541672845222741,0.0769794677239803,1.66843335114916e-12,3.22882981127469e-12
"GWK60_E03861",297.870991979437,-2.18892522599219,0.184308028909327,3.52555234474839e-33,1.05186643978313e-32
"GWK60_E03883",520.631133257978,-0.471805958692107,0.124924409860679,0.000139574398917293,0.000200098484138719
"GWK60_E03905",646.04697889787,-0.8805137440042,0.120191535840946,1.51608343386183e-13,3.01611152122285e-13
"GWK60_E03927",245.553932844523,-0.64050139792887,0.176057705067946,0.000216276169540257,0.000306716810941427
"GWK60_E03949",795.261269310934,0.0290757421070281,0.105801570821725,0.783196313122079,0.805083565960941
"GWK60_E03971",879.708655742923,0.440145474635235,0.0975083301345106,5.75919720008234e-06,8.71751863954909e-06
"GWK60_E03993",2670.72417584572,0.949737299093908,0.0658841451977981,2.60236505577737e-47,9.56564653626063e-47
"GWK60_E04015",18292.7032572286,-4.63306901507691,0.0556649673141949,0,0
"GWK60_E04037",8180.70268555397,2.96722311739443,0.0555200163752279,0,0
"GWK60_E04059",3810.97612712524,1.45612997176226,0.0616212878443164,7.84003485221291e-124,5.80008204256539e-123
"GWK60_E04081",1301.35595058171,1.17450507219143,0.085295022654714,1.95282696822746e-43,6.78011211410987e-43
"GWK60_E04103",856.799540117614,0.52748936334395,0.101277976783366,1.65908873877536e-07,2.69013772070234e-07
"GWK60_E04125",950.896797381648,-0.81461834120464,0.0976910698357996,5.18828520239103e-17,1.12584076586538e-16
"GWK60_E04147",26.184524086133,2.35708983770889,0.602158194002591,1.55260245913832e-05,2.31285441378295e-05
"GWK60_E04169",1080.54437381706,-0.223335134049706,0.0919784252872742,0.0147050212439433,0.0186067865631806
"GWK60_E04191",869.769973195296,1.04891664785631,0.0995710160865931,3.39237789723552e-26,8.94880027054103e-26
"GWK60_E04213",837.395262614147,-0.466582859468666,0.110863943453588,2.25737143285753e-05,3.34661041060615e-05
"GWK60_E04235",315.543370054509,2.8558648345174,0.192637879696288,1.93267635722848e-50,7.42034864162174e-50
"GWK60_E04257",77.1755711830242,1.62214949660948,0.32349019704788,1.618572696062e-07,2.62606180792292e-07
"GWK60_E04279",2285.23942717357,-0.59532937385204,0.0684630604393226,2.82873523101413e-18,6.29671913463153e-18
"GWK60_E04301",2517.00997290025,0.640260910942852,0.0686311986637599,8.57630024601967e-21,2.03021328956181e-20
"GWK60_E04323",10135.2046631756,0.540001897154694,0.0546452034287486,4.38439147187488e-23,1.08577679576562e-22
"GWK60_E04345",1986.13106293393,0.626387412436795,0.0733091194015259,1.04535408649872e-17,2.29873014004317e-17
"GWK60_E04367",1227.97988686718,-0.300215324427522,0.0869875916807519,0.000529168934139626,0.00073422015129898
"GWK60_E04389",3238.63078223013,0.437122635228751,0.0611751524797778,8.18154351277772e-13,1.59506741576022e-12
"GWK60_E04411",415.796606378464,1.9937825664696,0.149630221647286,4.2396090980381e-41,1.42312341133889e-40
"GWK60_E04433",0,NA,NA,NA,NA
"GWK60_E04455",5426.06659691273,-0.848025030341827,0.0542829432605869,3.95690106202104e-55,1.60596447424619e-54
"GWK60_E04477",1718.187134631,0.0928502824046876,0.0756727439989464,0.218848255151782,0.24916489655809
"GWK60_E04499",2204.56883005292,-0.681852744040412,0.0711541533141431,7.27290928803266e-22,1.76292639885031e-21
"GWK60_E04521",524.340135267961,-0.0932785365752813,0.121846907651832,0.440089474358772,0.478377895252561
"GWK60_E04543",24.0657296624617,0.26415522885441,0.500628931911945,0.547293127033236,0.584282899978653
"GWK60_E04565",1166.02212623169,-0.273928616843254,0.0879254776987915,0.00175885205441455,0.00237829352345001
"GWK60_E04587",4890.71141866546,2.54358589443963,0.0636708963985244,0,0
"GWK60_E04609",3199.93769383215,0.304197548140861,0.0707096688249775,1.61958821233912e-05,2.4119575302672e-05
"GWK60_E04631",1812.82336166642,1.16864949978885,0.0764982839019336,5.33410100941908e-53,2.1079918339252e-52
"GWK60_E04653",1114.71866586338,-0.240663007250713,0.0896497352389056,0.00702046601171133,0.00909772141453599
"GWK60_E04675",1651.9112544796,-0.110351802790942,0.0798090389263791,0.165158375602038,0.19080453671573
"GWK60_E04697",14275.0882607759,-3.43503332200325,0.0614519425284238,0,0
"GWK60_E04719",5269.44786477702,-1.26908348370022,0.0608709020326261,6.53010978303826e-97,3.95263261896217e-96
"GWK60_E04741",2343.67714525421,0.165565589742822,0.0699674763003239,0.017599579570021,0.0221256664766516
"GWK60_E04763",1743.89062541678,-0.0832371573095714,0.0783083274869888,0.286220611240472,0.320732938884722
"GWK60_E04785",1472.18613468714,0.812704485917084,0.0799931244822257,2.11829819401936e-24,5.40099297166352e-24
"GWK60_E04807",213.433604348333,0.292875690061542,0.184066313998133,0.105933382832423,0.125018979963775
"GWK60_E04829",452.300626948784,-0.0854360938592208,0.130984099999278,0.509869542104707,0.547329345198114
"GWK60_E04851",12287.5330487895,2.14894213494361,0.0508317489397647,0,0
"GWK60_E04873",6527.76435687359,1.40237784899847,0.0518710318257983,2.28139893958464e-161,2.17788719096465e-160
"GWK60_E04895",2203.395715435,0.255626749181218,0.0689143423826756,0.000201288827157998,0.000285847524527826
"GWK60_E04917",157.235124106142,-1.34501758835135,0.222928226429472,6.30907114404416e-10,1.12761516200042e-09
"GWK60_E04939",552.229874891714,-0.625514559121659,0.126266709152481,5.7892596770198e-07,9.13362504532818e-07
"GWK60_E04961",1835.70317846734,0.639287151833204,0.074315732010053,6.29619603336461e-18,1.39092780913473e-17
"GWK60_E04983",2519.73262837959,0.502675458815086,0.0672140511820507,6.6179917527696e-14,1.33068182796514e-13
"GWK60_E05005",8923.03200983817,0.505607304760932,0.0541868744762897,9.31833619797051e-21,2.20289655736292e-20
"GWK60_E05027",249.938022835231,-0.0322861659608243,0.174561306369103,0.84995853377783,0.86710724350957
"GWK60_E05049",6504.94637797381,-1.91645399690243,0.0534013330330715,1.20959518627396e-282,2.10677837079504e-281
"GWK60_E05071",3418.45829651717,0.122103941581688,0.0697014608992731,0.0793825730181971,0.0948766948592857
"GWK60_E05093",838.217264292102,-1.48361531001248,0.104336075342534,2.52745958962416e-46,9.18124132694965e-46
"GWK60_E05115",44.0466281491058,-4.42660132279099,0.646472114113454,2.06291138688936e-12,3.9790663348141e-12
"GWK60_E05137",696.072684913496,-6.14626752684522,0.715924017440331,4.78598490527644e-19,1.08556621827314e-18
"GWK60_E05159",2281.28123555014,-5.1883557477908,0.114024444005562,0,0
"GWK60_E05181",474.872150895312,-0.99099344188135,0.130853121165669,2.13833449422158e-14,4.36124057371287e-14
"GWK60_E05203",0.23451260533214,-0.101088041439388,1.01841933252958,0.775710319951172,0.799073493633824
"GWK60_E05225",2045.64605136549,1.63668413970294,0.0769751113891732,7.98010021594234e-101,4.99706275426865e-100
"GWK60_E05247",2144.15491383722,0.572782533029908,0.0695703827779155,1.53708565280553e-16,3.28722492527916e-16
"GWK60_E05269",32348.5823088084,2.84338232279872,0.0440257489238747,0,0
"GWK60_E05291",584.357407927155,1.67472094686523,0.125305455593477,2.825385439655e-41,9.50225537889087e-41
"GWK60_E05313",1850.63003174904,2.17968625685444,0.0832269961556109,8.57219020820475e-152,7.69449155207457e-151
"GWK60_E05335",1447.96080934355,-0.434994232446731,0.0841154946012792,2.0824594167811e-07,3.36210452187494e-07
"GWK60_E05357",253.794171084444,-1.26071765621676,0.178392336449306,7.04614776702748e-13,1.37728492213172e-12
"GWK60_E05379",263.807029153892,-0.988791664559008,0.171648837250377,4.81083656425571e-09,8.31307500919351e-09
"GWK60_E05401",3326.26403756403,-0.64209330559577,0.0611163690526851,6.45531571492722e-26,1.68930152539886e-25
"GWK60_E05423",951.783079570924,-2.11582338412576,0.111550698466276,5.32767383916101e-81,2.79955688251617e-80
"GWK60_E05445",317.69329339164,0.492529877063614,0.156182462785542,0.00141429192541262,0.00192276441655993
"GWK60_E05467",1731.9531119336,0.846344418483207,0.0757156781279453,3.64016257119529e-29,1.01361858785004e-28
"GWK60_E05489",2099.42387198847,1.64514616165218,0.0737335668987055,9.38624678660504e-111,6.3296997560952e-110
"GWK60_E05511",1540.85618177339,-2.93753195521716,0.0908391283855303,2.57954912123364e-230,3.58953131684893e-229
"GWK60_E05533",5101.03578872705,-0.664605411755687,0.0605232157631058,3.69481947259337e-28,1.00750391010063e-27
"GWK60_E05555",912.534832905058,2.19851971455483,0.109379720445672,1.81369004306823e-90,1.0414857670894e-89
"GWK60_E05577",3882.11637806102,-0.328229494193791,0.0591532326391924,2.71426687163081e-08,4.53527437890028e-08
"GWK60_E05599",670.303027041873,2.45043819910154,0.123364464397455,1.50502812075127e-88,8.46678921406599e-88
"GWK60_E05621",8321.84686008842,9.10425690974819,0.192306309024468,0,0
"GWK60_E05643",1878.22519317429,1.31008496231676,0.0748641800700646,6.17613404501538e-69,2.91358431181891e-68
"GWK60_E05665",1517.47060363918,-1.20056896886015,0.0805712582558589,1.54710013116741e-50,5.94429999265199e-50
"GWK60_E05687",1401.67585771817,-0.727979635761151,0.0815065541941652,3.12113896636788e-19,7.12242558051846e-19
"GWK60_E05709",1027.30248010527,0.783152151992757,0.0931298479007824,2.99503939259125e-17,6.53417967856904e-17
"GWK60_E05731",0.799566873557897,0.0911692704862278,0.978245524963922,0.749655846926987,0.777749458547525
"GWK60_E05753",897.681383217004,1.13247716630269,0.102361022945966,9.59094897089401e-29,2.64682012523098e-28
"GWK60_E05775",51724.7471499948,-0.438001567279059,0.0523976550866908,5.81728292248779e-17,1.26129052647509e-16
"GWK60_E05797",3429.74148184276,0.126814218044371,0.0599047586211828,0.0340004579503531,0.0419424035691503
"GWK60_E05819",430.93257763206,0.73448435938687,0.147704143714706,4.97273627833817e-07,7.86664445836354e-07
"GWK60_E05841",1477.65248251559,0.737523516501454,0.0801018321749481,2.51954414988112e-20,5.90851637466548e-20
"GWK60_E05863",11737.1307947737,1.14364399772599,0.0475287710773705,4.45017705818651e-128,3.37776786811848e-127
"GWK60_E05885",323.668554145269,1.25828586672839,0.157747516353445,6.73721596564955e-16,1.41807747016073e-15
"GWK60_E05907",2171.67724064754,0.494293614185779,0.0732574828207757,1.3292746059548e-11,2.49892223992933e-11
"GWK60_E05929",7.44034312554844,1.53688090071698,1.07071341245298,0.0316682140195059,0.0391204334764211
"GWK60_E05951",700.893462707769,-0.0165647749655803,0.109308379575899,0.878033329427328,0.893491064574917
"GWK60_E05973",1372.86232952655,-0.448456511631885,0.0821720844952455,4.33309985101706e-08,7.18993855405355e-08
"GWK60_E05995",139203.117734433,-0.233551793934455,0.0402782502507837,6.45033827135193e-09,1.10878363749383e-08
"GWK60_E06017",2583.82725851895,3.01037577433861,0.0770418494923452,0,0
"GWK60_E06039",11.7789142190436,-1.12631980241536,0.767642683572748,0.0528231167027933,0.0641833203642163
"GWK60_E06061",5826.92985583001,2.22901931294359,0.0559831225995185,0,0
"GWK60_E06083",902.948849276037,0.360584928591269,0.0992644767398273,0.000261605482663223,0.000369209776981099
"GWK60_E06105",2215.35226156979,1.40477181095001,0.0704177608782404,5.68537900519272e-89,3.21560145885094e-88
"GWK60_E06127",6504.44907644171,-0.0173029482890436,0.0509654014589428,0.734801848792751,0.764298541556233
"GWK60_E06149",3618.85720192149,1.14133784469684,0.0670711974643495,3.32696604590975e-65,1.50601044763212e-64
"GWK60_E06171",1145.82985194886,-2.14824969453951,0.0994704199131694,4.42499205813383e-104,2.85238458649313e-103
"GWK60_E06193",721.966576068963,-0.965615542184221,0.110209812622075,1.13241641630188e-18,2.54225793843274e-18
"GWK60_E06215",196.638342192847,-0.983754646562004,0.213667619924746,2.41333983790722e-06,3.70849183388605e-06
"GWK60_E06237",140.152816500682,-0.616765817615073,0.231401858873408,0.00609271571324373,0.00794636366269825
"GWK60_E06259",0.502134748741838,-0.0103014689199896,0.986369636822012,0.982070630049679,0.985442868001013
"GWK60_E06281",4.06220350301631,3.96065618083214,2.83936418180996,0.00393501454581446,0.00520577880054931
"GWK60_F00011",0.533803407561867,-0.00169259272956868,0.985018825098204,0.997838763763453,0.998408198096968
"GWK60_F00033",0,NA,NA,NA,NA
"GWK60_F00055",688.699911389227,-3.46071242345556,0.139029229541847,1.40039448967949e-137,1.12976610670462e-136
"GWK60_F00077",295.255372870898,-0.111315487070388,0.158820660315217,0.477063007539061,0.515161449323642
"GWK60_F00099",9775.4771122168,2.91036726143481,0.0508959577446256,0,0
"GWK60_F00121",2805.00024578439,-3.10269039914796,0.0738724191013327,0,0
"GWK60_F00143",2571.64949098246,-0.650061919219412,0.0692076161856666,4.58469837104923e-21,1.09218810832061e-20
"GWK60_F00165",2411.61440746794,-0.947490469493969,0.0674810229967652,5.31321283885464e-45,1.88452458074008e-44
"GWK60_F00187",399.789908480271,-0.0116248535940768,0.144480433142713,0.934171158485407,0.943132076695461
"GWK60_F00209",51.9598527184743,-1.00533122258865,0.385162385610758,0.00483062180563335,0.00635068000440676
"GWK60_F00231",17258.7951417557,2.42481850328257,0.0492667491174875,0,0
"GWK60_F00253",0,NA,NA,NA,NA
"GWK60_F00275",2426.02625127067,-2.83897309594335,0.0829975856473097,1.72635755568759e-257,2.66294449938906e-256
"GWK60_F00297",674.795998766613,-1.28045459673625,0.113515992243442,7.29922859958792e-30,2.0553502373572e-29
"GWK60_F00319",789.845646716368,-1.34232881075672,0.110164951440305,1.47294363250715e-34,4.4888085208503e-34
"GWK60_F00341",105.158794773802,-1.47113161333548,0.273992491900463,2.74718025466039e-08,4.58881173055371e-08
"GWK60_F00363",2492.1310367582,0.0972266925769911,0.0740727743013983,0.188150378449777,0.215614594911945
"GWK60_F00385",7440.65959710852,0.559511687823009,0.05013512393814,5.48590348414005e-29,1.52273627053175e-28
"GWK60_F00407",4997.64022179224,-0.882696956927329,0.0552748941780065,1.23878416261695e-57,5.16323668412452e-57
"GWK60_F00429",126.311680032898,-4.4047923832285,0.374480129777499,1.56924558082089e-32,4.63720885118981e-32
"GWK60_F00451",2185.63196681959,0.535820700674058,0.0706020257697356,2.77840889924674e-14,5.65136535577642e-14
"GWK60_F00473",37500.0721749046,2.53552403260138,0.043086424192393,0,0
"GWK60_F00495",1984.02760349911,-1.04004629035912,0.0763685655026532,1.72713825045693e-42,5.92999164321374e-42
"GWK60_F00517",40.9432549040448,-0.107569531916651,0.40494259339744,0.770574944286127,0.795373666982933
"GWK60_F00539",6413.52189775045,-0.312414508340171,0.0548466685830365,1.15586169066117e-08,1.96440468267455e-08
"GWK60_F00561",8086.36281221128,0.625480095349539,0.053243258947617,6.1842387133821e-32,1.8142273079972e-31
"GWK60_F00583",145.659724254404,-3.72928905995574,0.304957908590052,4.33301237662615e-35,1.33362464020208e-34
"GWK60_F00605",1398.98423527071,-0.560336797558709,0.0822299335396748,7.93431538524721e-12,1.50016171554279e-11
"GWK60_F00627",6881.96453275886,-0.00418840739739912,0.0535945190786891,0.937006107578483,0.945454081308808
"GWK60_F00649",2094.23042771097,0.425096307975183,0.0718837239801018,3.05142555896836e-09,5.32885074374953e-09
"GWK60_F00671",1744.2257391156,-0.209350524307915,0.0748099334936352,0.00500384093790438,0.00656691699934557
"GWK60_F00693",1792.48704176644,4.12163039021069,0.102850805882832,0,0
"GWK60_F00715",7.88847677229647,0.0918761161541715,0.694029003556126,0.859416181832737,0.875732103146106
"GWK60_F00737",605.042054322241,-1.06015276944555,0.12335235382694,4.49341199507205e-18,9.94753665575714e-18
"GWK60_F00759",423.769974879796,0.977432853978487,0.138352894032561,9.78062914138365e-13,1.90541145495104e-12
"GWK60_F00781",4365.07594383633,0.322435310456535,0.0571617237720278,1.62754736578176e-08,2.7456379551033e-08
"GWK60_F00803",306.088158462147,0.250597302230265,0.156073372054991,0.104516498361521,0.123485350714645
"GWK60_F00825",563.426850887448,-0.337109915707471,0.118133980320561,0.00403790566389212,0.00533921161188349
"GWK60_F00847",532.202728703863,-5.48581346433217,0.239850111263097,4.23234379748771e-116,2.94862627480601e-115
"GWK60_F00869",12190.5956860728,-3.14343109160691,0.117801460220842,7.48873259442993e-158,6.99657787685638e-157
"GWK60_F00891",1507.45852786261,-0.997253213405053,0.0826660702155844,9.80962091447528e-34,2.94680788178983e-33
"GWK60_F00913",584.098517298945,0.654018910881808,0.122606974752179,7.67639366524116e-08,1.25983871073849e-07
"GWK60_F00935",564.751155546936,0.712405664177202,0.121656462084397,3.66723264971272e-09,6.37674173140129e-09
"GWK60_F00957",1305.30432988184,-0.736582846309084,0.0883789919242645,5.84308964243876e-17,1.26636388624754e-16
"GWK60_F00979",553.411326708225,-3.61262424160927,0.160385298374808,4.61236422559204e-113,3.14262122106401e-112
"GWK60_F01001",8740.0124479665,0.294759919271688,0.0552080457482644,9.28167152184836e-08,1.51950178042086e-07
"GWK60_F01023",1628.66761753318,0.133953263890298,0.0838953428745383,0.109362118674774,0.128776526579206
"GWK60_F01045",2977.44253347629,0.0697143439505559,0.0630356056050615,0.26861873045335,0.30216734862802
"GWK60_F01067",3196.82624334312,0.553867328088742,0.0614442255223896,1.69348192014249e-19,3.89323203669121e-19
"GWK60_F01089",8892.13265001289,-0.141455585318483,0.0536421761650744,0.00825063806147603,0.0106212325509946
"GWK60_F01111",0,NA,NA,NA,NA
"GWK60_F01133",885.844719314447,0.459369846473545,0.0974440935563641,2.17389883489575e-06,3.34739691790154e-06
"GWK60_F01155",0,NA,NA,NA,NA
"GWK60_F01177",4983.16222664105,0.596996582772368,0.0565036124016445,3.65125854437912e-26,9.61723582545528e-26
"GWK60_F01199",853.885461741777,-1.81249351335438,0.107266752436531,1.17502539309858e-64,5.28259279290473e-64
"GWK60_F01221",56393.2482255307,-2.69378009045816,0.0512983853005078,0,0
"GWK60_F01243",503.000992120298,-2.75727854085674,0.165566145016675,4.19710235594692e-63,1.84897473972201e-62
"GWK60_F01265",2450.44292480777,0.366184325288455,0.0690464646736633,1.05125449029509e-07,1.7172666518485e-07
"GWK60_F01287",5798.40819047736,1.62003322977581,0.0560887207322138,7.25170772156226e-184,7.89730488932039e-183
"GWK60_F01309",151.74729892082,-1.5451351847424,0.23024820895265,6.43503202554032e-12,1.22151816868791e-11
"GWK60_F01331",972.345914015234,0.137236184927953,0.0952822571386091,0.148327057023105,0.172229651201221
"GWK60_F01353",2487.30378305598,-0.599886269884184,0.0671050770854114,3.18522512107727e-19,7.26236850319307e-19
"GWK60_F01375",1654.73373430619,0.70202821245389,0.0781616059957118,2.05952853101091e-19,4.72443090846812e-19
"GWK60_F01397",562.289373808507,-0.205814959323888,0.12208560158005,0.0891532798729812,0.10604845140929
"GWK60_F01419",202.833180901448,-2.42100460541139,0.214856341069936,3.36964919613838e-30,9.53948050144667e-30
"GWK60_F01441",6085.10655836112,-4.22352274342599,0.0708092813522538,0,0
"GWK60_F01463",5182.63334609262,-3.15949217232637,0.0610497439328073,0,0
"GWK60_F01485",752.081111403506,-2.25840727904328,0.11821832147794,3.9103587368227e-82,2.08393991445668e-81
"GWK60_F01507",6618.44881754034,0.686083780721795,0.0509638124416886,2.04539679186195e-41,6.89224031082246e-41
"GWK60_F01529",1088.24735458847,-0.245671651834758,0.0903360766091805,0.0063086615871734,0.00821578607292203
"GWK60_F01551",7434.72643430819,-4.92015469148289,0.1252883198091,0,0
"GWK60_F01573",992.671812825648,1.00922050387849,0.0955780053395748,2.6539363441815e-26,7.03259706317113e-26
"GWK60_F01595",3383.72534214791,0.619587135184648,0.0625166921515047,3.05153058895783e-23,7.58914936071781e-23
"GWK60_F01617",145.875058241585,-0.918942786200001,0.227331310818934,3.21446953294911e-05,4.73218856515878e-05
"GWK60_F01639",251.481862303643,0.564395048283085,0.172624130182868,0.000902131229399672,0.00124122685499406
"GWK60_F01661",277.066507754542,-1.30297964491481,0.17300517754015,2.12798904475625e-14,4.34182404011555e-14
"GWK60_F01683",338.40963103893,-3.23275209555749,0.191406535809239,7.51921604395515e-65,3.39203056528337e-64
"GWK60_F01705",10805.8764365478,1.55169508727937,0.0477722494271628,6.28875204651344e-232,8.82102287057618e-231
"GWK60_F01727",2032.01057691733,-0.11759886783963,0.0703554922591952,0.093349060015303,0.110738848822845
"GWK60_F01749",790.914251123131,-0.720356940766385,0.103620851226009,2.67931671326552e-12,5.14914355563632e-12
"GWK60_F01771",893.513294357236,-0.9586361483684,0.102863624332673,6.93406238436388e-21,1.64515868929878e-20
"GWK60_F01793",259.16875147703,-1.36848569968075,0.176373659243583,3.3426913192496e-15,6.93591966045479e-15
"GWK60_F01815",2.90456146072824,1.0720634231528,1.46075482908798,0.0871404300305026,0.103771487878751
"GWK60_F01837",1663.3800540691,-1.06682805357491,0.0769181602198897,5.23419418611554e-44,1.83423460486128e-43
"GWK60_F01859",2716.36188036679,0.796712859803578,0.0695624373263946,1.63797958113717e-30,4.67232787244118e-30
"GWK60_F01881",4169.35623986173,0.153373672054564,0.0614921290194867,0.0124905136528963,0.0158926225965734
"GWK60_F01903",9434.14143380431,2.20526878757454,0.0522279966331084,0,0
"GWK60_F01925",13.02242224342,0.622434919292687,0.650938508200198,0.227073986979573,0.257860356544161
"GWK60_F01947",0,NA,NA,NA,NA
"GWK60_F01969",3394.09603769396,1.04947787302603,0.0620393784951787,1.86692123952452e-64,8.37884447090355e-64
"GWK60_F01991",585.622547598387,1.68300302516919,0.126240926503151,4.35753613007473e-41,1.46084385240236e-40
"GWK60_F02013",2037.66439782922,-0.462154698350701,0.0706785396519648,5.50873735767219e-11,1.01670029829318e-10
"GWK60_F02035",454.577054416439,-2.02230517014808,0.141971262604851,1.0909695168424e-46,3.98783853967408e-46
"GWK60_F02057",770.255026069045,0.0724358809730892,0.102750798448991,0.479280815573026,0.517343954425224
"GWK60_F02079",393.741666332526,-0.0182997801086657,0.139656932113446,0.893763811677298,0.906691928528946
"GWK60_F02101",4211.98504511943,0.570020204000667,0.0600399134987131,1.88385947080412e-21,4.51851382418134e-21
"GWK60_F02123",0,NA,NA,NA,NA
"GWK60_F02145",1725.46464892295,-1.19459242965746,0.0772913575055438,3.29378236295796e-54,1.32557729373825e-53
"GWK60_F02167",1460.52525433294,-0.597780611432121,0.0820003771753668,2.54888894292656e-13,5.04028415029838e-13
"GWK60_F02189",110.697786745892,-0.118109582831143,0.249876508905383,0.624498778960635,0.657367135748037
"GWK60_F02211",996.508803865051,-0.450347989569524,0.0947158513707513,1.77487924977631e-06,2.74261599701039e-06
"GWK60_F02233",47.3833315262302,1.65335625005307,0.410840959005523,1.62877881723791e-05,2.4249579900004e-05
"GWK60_F02255",1350.44920641162,0.920573163538455,0.0850871458622421,1.82051255635622e-27,4.88316983499935e-27
"GWK60_F02277",933.99637440684,-3.45439094621874,0.120401793995458,6.64117692520685e-182,7.15831775135001e-181
"GWK60_F02299",828.375359435058,-3.22702807170095,0.122945335417096,1.37653590735117e-152,1.24622700045907e-151
"GWK60_F02321",224.576267754235,-0.296605783502942,0.185448799293682,0.104056704641051,0.122997363238636
"GWK60_F02343",2.00523943829615,-0.166563877367027,0.907495548521567,0.700530012912374,0.7309636714777
"GWK60_F02365",93.460643628688,-0.352790434765082,0.268571563803156,0.172141467175741,0.198436142306465
"GWK60_F02387",687.13896245348,-0.389550181109623,0.108214837591085,0.000292242959588145,0.000411455558734915
"GWK60_F02409",2185.97813914723,1.28710633778449,0.0785478056558648,1.09714142357521e-60,4.72255637316336e-60
"GWK60_F02431",4305.27468924046,1.92265856319584,0.0687166728500252,6.02838926059738e-173,6.20534784946032e-172
"GWK60_F02453",1581.91745319896,-0.280973420756879,0.0785895995501555,0.000335219376659861,0.000470451953370029
"GWK60_F02475",679.122971554874,0.0878253027492386,0.108412117811124,0.415873898908503,0.453273250778849
"GWK60_F02497",754.66076647063,-0.175709245326353,0.106669296663811,0.0974012713548761,0.115234072723043
"GWK60_F02519",427.285162943256,-0.330647948674044,0.133883384789091,0.0126650437562514,0.0161030046308635
"GWK60_F02541",1885.05620666439,0.391263913394778,0.0725273882850431,6.3652312370891e-08,1.04890715247771e-07
"GWK60_F02563",763.129903780661,-2.54702020948034,0.123290717156242,1.11211248045709e-95,6.63985431010704e-95
"GWK60_F02585",1025.64594991198,-0.603180432196052,0.0964662645934583,3.29378192023856e-10,5.94145847066352e-10
"GWK60_F02607",1929.69814835386,0.630067105682748,0.0763069428211453,1.20738463191969e-16,2.59218088322349e-16
"GWK60_F02629",1243.95018073398,0.313836686725724,0.0880692542199024,0.00034760236026973,0.000487440259935692
"GWK60_F02651",26359.9536103651,-3.28450711836299,0.0487687334784937,0,0
"GWK60_F02673",743.710831239734,0.0243109207630299,0.105304794977315,0.817305772530557,0.836549593989245
"GWK60_F02695",0,NA,NA,NA,NA
"GWK60_F02717",858.638832337129,-0.0185409120306622,0.0978541207905392,0.84814379324797,0.865587185192923
"GWK60_F02739",548.319774861494,-0.309339753684061,0.122505239837188,0.0109148757673133,0.0139316298316107
"GWK60_F02761",1806.81300271452,0.232058912424634,0.0804737747729749,0.00382210284666484,0.00506022174011001
"GWK60_F02783",1744.33487805276,0.269737260296508,0.0777151883598439,0.000499834511021696,0.000694801672297601
"GWK60_F02805",457.524968102282,0.0273425431802624,0.131319355707287,0.83464751380326,0.853000651059079
"GWK60_F02827",2558.34926056166,1.45708637011069,0.0681211165872471,6.31540795986846e-102,3.99267378232069e-101
"GWK60_F02849",3727.86571742199,0.047146449233392,0.0585835034659744,0.42035635524585,0.457969020006871
"GWK60_F02871",2790.58428030953,0.665682630897761,0.06490822976704,8.8310646901327e-25,2.26040877226754e-24
"GWK60_F02893",2142.10401731603,-0.533270766872385,0.0727493300364794,1.95529599342403e-13,3.88400941291933e-13
"GWK60_F02915",1039.58879845922,0.817347292787513,0.101119408710686,4.48703713947587e-16,9.48626019037101e-16
"GWK60_F02937",2082.41666313704,0.0251580092744426,0.0706778014990849,0.722485588616172,0.752231630269412
"GWK60_F02959",1345.68465216698,0.224611936790218,0.0871362872432603,0.00968578904441303,0.0124140473619914
"GWK60_F02981",0,NA,NA,NA,NA
"GWK60_F03003",3685.53185027548,2.46665552120428,0.0684417839943728,3.04135364918255e-285,5.38637043592599e-284
"GWK60_F03025",522.007304331059,-0.734670351032731,0.126281249734658,4.37135083097111e-09,7.56607613389538e-09
"GWK60_F03047",864.50328242009,0.578185007379221,0.101022779945271,8.72831292391291e-09,1.49109860278603e-08
"GWK60_F03069",426.3528715581,-1.71480958196554,0.142597629177201,7.47822546843521e-34,2.24902606998109e-33
"GWK60_F03091",0,NA,NA,NA,NA
"GWK60_F03113",7008.84563145455,-0.251538270034123,0.0502170944544419,5.29408138712539e-07,8.36242285173559e-07
"GWK60_F03135",916.745283354492,-0.818562206945896,0.0964868847712794,1.49971260462334e-17,3.29373206693894e-17
"GWK60_F03157",792.32072523851,0.0275730694643676,0.10241053380643,0.787552686370902,0.808929336127894
"GWK60_F03179",2668.62851270923,0.446312372949141,0.0662713189462905,1.4411822868795e-11,2.70543141648329e-11
"GWK60_F03201",522.740515987148,-0.181812308759051,0.124693575581712,0.140784195378752,0.163905459869907
"GWK60_F03223",2112.93591578469,-0.509271663772192,0.0703127906849669,3.79574517272289e-13,7.48056186156702e-13
"GWK60_F03245",1853.78210079046,-1.44375494372807,0.0763514674426269,3.54420821690564e-80,1.84762489801027e-79
"GWK60_F03267",1663.88143687807,-0.0441056514923906,0.0765730630370469,0.562920694554714,0.599627957342607
"GWK60_F03289",313.194656828856,-0.932116080223776,0.163179747631236,6.85324454364713e-09,1.17611961825722e-08
"GWK60_F03311",852.630989189297,-1.85879475270896,0.105200589171721,1.90422407167723e-70,9.0973829400747e-70
"GWK60_F03333",443.856385301943,-2.29640659636631,0.148078008748036,6.34457209544935e-55,2.56908769992791e-54
"GWK60_F03355",2822.72033873387,1.24871208270915,0.0691282066504735,2.7573834275132e-73,1.35296985342532e-72
"GWK60_F03377",2036.44294469964,1.15980565835285,0.0750678405293167,3.97049719289342e-54,1.59547862754923e-53
"GWK60_F03399",1523.40140136113,1.52897966614351,0.0837357251734639,6.40207649768077e-75,3.18891310395841e-74
"GWK60_F03421",2743.80042729853,0.171733512472425,0.0649150818398316,0.00805236413196811,0.0103852420686285
"GWK60_F03443",532.052558601479,-0.464483212589496,0.123391397437394,0.000147362579633078,0.000210575161333874
"GWK60_F03465",1616.11990081771,-0.823190046135722,0.0792919166168329,2.06429855268783e-25,5.36738031989026e-25
"GWK60_F03487",501.721611808841,-0.33954716015918,0.125490590613274,0.00636327183812504,0.00827870637361803
"GWK60_F03509",1778.9265688597,1.56184137863225,0.0790842835801794,2.91081750255353e-87,1.61848837879826e-86
"GWK60_F03531",2253.71836718274,1.36481087708357,0.0730559826008611,3.02307572454693e-78,1.54682668396078e-77
"GWK60_F03553",1652.95203050817,-0.865060322805229,0.078245323986113,1.3516839532541e-28,3.7107816253218e-28
"GWK60_F03575",3837.36949009612,0.672697788061961,0.0583714938908028,7.77034043027586e-31,2.23588570367894e-30
"GWK60_F03597",1403.04299757468,0.420409215329727,0.0817762915446234,2.50209449936231e-07,4.01863116538801e-07
"GWK60_F03619",3563.54283441532,-4.76710970608506,0.0876602762195465,0,0
"GWK60_F03641",1333.07651963397,-0.255917327924007,0.0856069515208501,0.00268820836117838,0.00359979021888958
"GWK60_F03663",2890.66622241854,0.179023516879902,0.0732023307275049,0.0142384421941367,0.0180381035503755
"GWK60_F03685",2429.21754252595,-0.405512324225783,0.068786570571688,3.42159340971077e-09,5.96143800433211e-09
"GWK60_F03707",620.011915841754,-0.676300511985046,0.118356809320633,8.57860450181945e-09,1.46695252534364e-08
"GWK60_F03729",174.204781138984,-0.349667167182029,0.203245741692594,0.0787382805823802,0.0941494330218959
"GWK60_F03751",75.7567738640721,0.90565976315793,0.324955060986084,0.00325820208113535,0.00433000074451034
"GWK60_F03773",487.014616365391,-1.61489645886175,0.132869232789541,1.68385277017147e-34,5.12561664994324e-34
"GWK60_F03795",941.014868891326,-0.237841566117627,0.101644557253811,0.0185978526312773,0.0233304805248076
"GWK60_F03817",243.634889827085,1.4296725771254,0.190713278336365,2.38333017391711e-14,4.85527370828969e-14
"GWK60_F03839",15949.2510326806,2.23326786368134,0.0485900810263919,0,0
"GWK60_F03861",347.185383842215,-1.10197600789227,0.160644887026354,3.49184206252323e-12,6.68380249231157e-12
"GWK60_F03883",6092.68745704751,-0.630608543457489,0.0555000285438558,5.14858695447097e-30,1.45287378650844e-29
"GWK60_F03905",1932.412181115,1.35840263689448,0.0757158558784905,2.28935682839381e-72,1.11294056537444e-71
"GWK60_F03927",1098.1303268492,-0.872925588577353,0.0916655233959752,1.0826221994542e-21,2.6145972310051e-21
"GWK60_F03949",1221.67695850383,-0.994069680760915,0.0889873157077926,3.25284367079718e-29,9.06247759978452e-29
"GWK60_F03971",6296.5830588329,0.568407865408397,0.0558720996193621,2.17041343728863e-24,5.5311892830127e-24
"GWK60_F03993",2196.04579716172,-0.0829645575348758,0.0756714445564202,0.272295614929261,0.306041652676904
"GWK60_F04015",1386.04082544,-0.0460977363486415,0.0848687892324951,0.584993535045313,0.620376208535957
"GWK60_F04037",2465.68917902936,1.33043239183513,0.0747794411601443,3.64590571698989e-71,1.74817357077181e-70
"GWK60_F04059",2187.46925934666,-3.00642942854434,0.0807838518906485,5.96735615360141e-304,1.13315138512431e-302
"GWK60_F04081",982.807418284137,-0.0398579733765295,0.0956767972235017,0.67488555981117,0.706447372061045
"GWK60_F04103",4105.95711236876,-0.121854547463301,0.0591786950575352,0.0390901680460959,0.0480294986971419
"GWK60_F04125",388.451046737439,-1.13879007985478,0.142981601229957,8.26720294386933e-16,1.73664087399172e-15
"GWK60_F04147",262.237000880764,1.96546817943722,0.181843874624362,7.46577833196755e-28,2.01694884571902e-27
"GWK60_F04169",6779.34478968404,2.32908421942361,0.0548549664421318,0,0
"GWK60_F04191",456.039265603374,-0.425868007464043,0.130909319217567,0.00102762735291928,0.00140763538446755
"GWK60_F04213",7803.52936169388,0.843261811480714,0.0569991043290487,1.11772178186914e-49,4.22661148284088e-49
"GWK60_F04235",109.956868097521,3.67158933590953,0.351899364503515,3.54602056598035e-26,9.34472353559951e-26
"GWK60_F04257",2644.02895057711,0.751411499916684,0.066400471393695,8.21434111894946e-30,2.31055798319113e-29
"GWK60_F04279",0,NA,NA,NA,NA
"GWK60_F04301",4166.99852129903,1.42314247094356,0.0585425085661032,6.2019272443975e-131,4.83290923044901e-130
"GWK60_F04323",12182.9722212502,3.84405311844599,0.0535445757323548,0,0
"GWK60_F04345",2990.50375078782,0.810160212414704,0.0690185472077093,5.68548435270434e-32,1.66977374066023e-31
"GWK60_F04367",1165.29850386253,-0.763926734422414,0.087953685101293,2.78769538429818e-18,6.21062165243897e-18
"GWK60_F04389",2879.66362330485,-0.0619441107374273,0.064387201286159,0.334663309278345,0.370595580379809
"GWK60_F04411",6940.4281118151,3.04832731856716,0.0562511014528237,0,0
"GWK60_F04433",1478.46509591722,0.284112807320679,0.0851239447070628,0.000810810795121038,0.0011185063683023
"GWK60_F04455",4820.99626840297,3.51643267406323,0.0642823642347885,0,0
"GWK60_F04477",3701.58874338493,-0.852567993756186,0.0610504890518526,1.69784033918589e-44,5.97767080596907e-44
"GWK60_F04499",31150.2476756072,3.30476263249713,0.0511735916616921,0,0
"GWK60_F04521",127.162618738718,-0.694107229730987,0.241516270134839,0.00300105146268516,0.0040024165044939
"GWK60_F04543",1248.13983783653,-0.792434265928663,0.0852142229105492,9.9449552162958e-21,2.3489207201489e-20
"GWK60_F04565",197.638148296532,-0.136047618108547,0.192878440678546,0.471713835107305,0.510223066556534
"GWK60_F04587",746.058437327049,-3.96781056878033,0.144842959688264,6.09161200041467e-166,5.94469000411525e-165
"GWK60_F04609",1135.49684054844,-0.0347684540206389,0.0882157951890165,0.691559742640782,0.722463604029894
"GWK60_F04631",337.868597704967,2.37752099470699,0.170373336893109,5.72813152229382e-45,2.02895433045559e-44
"GWK60_F04653",399.645356152332,1.1362624992316,0.146868910471849,5.11627831718355e-15,1.05784685331704e-14
"GWK60_F04675",855.509069095924,2.08815323318872,0.108492221351587,3.02312109240793e-83,1.63260954271722e-82
"GWK60_F04697",37.6822291656623,-0.45842461047214,0.407859291682318,0.218391006589944,0.24880586845638
"GWK60_F04719",9466.20478530348,-3.6511039586955,0.0544049078817193,0,0
"GWK60_F04741",563.496194549237,3.95333165339806,0.168524811914742,3.18581132514465e-122,2.32741216253623e-121
"GWK60_F04763",1699.7659646255,0.0340380973906321,0.0784138825743921,0.663970654218765,0.696130285268229
"GWK60_F04785",1734.47395124634,-0.00697671844948637,0.0768981325815278,0.926794983825879,0.936768181192183
"GWK60_F04807",246.65327699559,0.143264946413442,0.17487805344009,0.406728865000088,0.444503185102943
"GWK60_F04829",88.7719587822828,-0.591752394373832,0.282118720358287,0.0285628803891884,0.0353840675570257
"GWK60_F04851",414.677374388446,0.508269888298902,0.140679583648579,0.000264254635068586,0.000372648627469374
"GWK60_F04873",2467.44548585023,0.0198463435935487,0.0697686193798997,0.775830481366529,0.799073493633824
"GWK60_F04895",0,NA,NA,NA,NA
"GWK60_F04917",511.281852225233,-1.54009474117938,0.132236594406123,7.99930765902228e-32,2.34017565553155e-31
"GWK60_F04939",1762.82603024029,0.275478795556721,0.0751522103192866,0.000237638624206097,0.000336196655009163
"GWK60_F04961",4098.5323927687,0.332424545719849,0.0580334331317817,9.64057974888016e-09,1.63949076880406e-08
"GWK60_F04983",2271.73006561386,-0.0378155396809616,0.0676790616923732,0.574517437060923,0.610497316957668
"GWK60_F05005",1266.20068023111,0.455921722922384,0.0850275834406599,7.41461859083214e-08,1.21915891802992e-07
"GWK60_F05027",2176.21215133508,0.871451260737395,0.0715893297527588,3.24993154970987e-34,9.81322614895172e-34
"GWK60_F05049",1001.02882914557,0.182319166614535,0.102944778299695,0.07530860071543,0.0902947890957743
"GWK60_F05071",328.110128373778,-0.42437701954333,0.155786798372923,0.00577413592951667,0.00754207970927681
"GWK60_F05093",398.139637782851,0.980677187247301,0.144049236600224,5.84816324635121e-12,1.11252581105994e-11
"GWK60_F05115",773.438239617781,0.117940063173294,0.105562194524923,0.261737340677122,0.29480479913526
"GWK60_F05137",538.774500362806,0.674388734051233,0.127766621842883,1.01610498980777e-07,1.66139640857597e-07
"GWK60_F05159",258.222663800116,-0.00402383258527365,0.173893904499978,0.980100798586305,0.984029433205566
"GWK60_F05181",1599.89420491375,0.307353779884054,0.0779387633290876,7.66901591266226e-05,0.000111188047686338
"GWK60_F05203",857.333221033445,-0.413537075592034,0.0982677564544509,2.33490737415942e-05,3.45960923607846e-05
"GWK60_F05225",306.637536743487,0.0967448370102791,0.156608402532172,0.532961229606682,0.570139529739912
"GWK60_F05247",2702.56624709048,-0.312309852151845,0.0641125016054507,1.04967549600641e-06,1.63690871894269e-06
"GWK60_F05269",6454.34293349423,-0.349831167101089,0.0546657843381566,1.47005206803084e-10,2.67744940368498e-10
"GWK60_F05291",2924.19204307592,-2.23678077538532,0.0676772480620543,2.8884754215549e-240,4.19706649651348e-239
"GWK60_F05313",115.25140632113,-3.75244823009067,0.347283714438081,6.63400467964503e-28,1.79500332381342e-27
"GWK60_F05335",268.456308373407,-1.04138215509817,0.169210909582158,4.17067790769257e-10,7.50265588045928e-10
"GWK60_F05357",1273.62433968939,-0.534509581022541,0.0864872006332879,5.53582027961092e-10,9.91096483007265e-10
"GWK60_F05379",981.978931954356,0.106860412301548,0.103085501645612,0.298180530671449,0.332999913233932
"GWK60_F05401",813.228867491932,0.546638166996163,0.102164654108712,7.53833317792939e-08,1.23872641411773e-07
"GWK60_F05423",529.970162519051,-0.346850431310704,0.121468748763276,0.00399856344983326,0.00528851992610585
"GWK60_F05445",287.322481817872,-0.431608505018523,0.160009865310736,0.00624639615185401,0.00813872770838545
"GWK60_F05467",4101.43298526433,1.02947183410259,0.0620357640088548,4.37783051012232e-62,1.90940203011969e-61
"GWK60_F05489",2583.33155927879,0.382019341817877,0.066612349809489,8.87418568718513e-09,1.5140517909372e-08
"GWK60_F05511",1459.14804612033,-0.770618761226396,0.0850486441207841,9.01562197761635e-20,2.08632519147655e-19
"GWK60_F05533",253.098989319304,-0.883673913356378,0.180888589302803,6.51868581219678e-07,1.02598107038166e-06
"GWK60_F05555",178.024044216231,0.228493293879215,0.199737645957348,0.244162725432107,0.276311518023425
"GWK60_F05577",736.82768137064,1.02755735634012,0.108787496152316,2.02237931024102e-21,4.84854839191786e-21
"GWK60_F05599",2105.93809229413,-0.50869833321049,0.0729687147598375,2.71376915272771e-12,5.21344986973987e-12
"GWK60_F05621",4891.51523551394,-0.260546935906269,0.0582595459925841,7.48153561251106e-06,1.1279127922559e-05
"GWK60_F05643",2283.55259488867,-0.650228539264894,0.0688672692732398,2.908374862261e-21,6.95682208981029e-21
"GWK60_F05665",2623.60878070416,1.98765068915988,0.0700262957807661,7.80863055739805e-178,8.28092676046648e-177
"GWK60_F05687",0,NA,NA,NA,NA
"GWK60_F05709",959.693432836897,-0.578417334380977,0.0963768059010177,1.62500593429409e-09,2.86349454418323e-09
"GWK60_F05731",572.878340956127,-1.09787421656211,0.123456633111046,3.16018454604547e-19,7.20840013538558e-19
"GWK60_F05753",4247.93032752577,0.129691518102477,0.0582804968866144,0.0258796886625317,0.0321661536779104
"GWK60_F05775",0,NA,NA,NA,NA
"GWK60_F05797",1307.0620025746,-0.187960943149014,0.089083285263868,0.0341089202427415,0.04206633539902
"GWK60_F05819",969.130498105229,-1.08621363363534,0.0955205444302881,3.06869397953928e-30,8.70152578564777e-30
"GWK60_F05841",317.494854288516,-0.395849561110829,0.162027211561262,0.0132122463747589,0.0167784683561641
"GWK60_F05863",0,NA,NA,NA,NA
"GWK60_F05885",3088.96147551823,2.49193907942147,0.0675579280278374,1.35014490845248e-298,2.53634364945002e-297
"GWK60_F05907",4098.6391348669,0.359247279788618,0.0573486812337076,3.53184753110011e-10,6.36434327289708e-10
"GWK60_F05929",6221.14634296909,0.0144861899746802,0.0555461634786499,0.794305040652509,0.815376537066744
"GWK60_F05951",742.232367822641,0.452217747450806,0.10769987121446,2.41772077925289e-05,3.57828117582166e-05
"GWK60_F05973",7335.52424567577,-1.68387821574926,0.0552589976622374,1.62241765451912e-204,1.98463182855129e-203
"GWK60_F05995",53.5718953798525,-1.65284701506478,0.389840884827417,6.26967831509015e-06,9.48203218440891e-06
"GWK60_F06017",680.557783767297,-0.324657909695155,0.110481059641359,0.00310451204442781,0.0041330633646394
"GWK60_F06039",1281.91290260595,-0.360724939359709,0.0834815996036291,1.44182203054197e-05,2.15148478883709e-05
"GWK60_F06061",1070.32503472164,-2.2499298072266,0.0990538895210947,6.70585645344291e-115,4.63505978253741e-114
"GWK60_F06083",411.492900139636,-2.29081510559078,0.155594969482491,8.72091457868712e-50,3.30728267367659e-49
"GWK60_F06105",137.176224781891,0.626703662941683,0.23049003510302,0.00520818190905092,0.00682147331713342
"GWK60_F06127",1647.05034551999,0.766204724238284,0.076683601071102,1.21246482372366e-23,3.04273138014621e-23
"GWK60_F06149",160.818194788269,0.0616393317215735,0.212914674727002,0.76856673338672,0.793456529463032
"GWK60_F06171",1034.99353627965,0.180677947426488,0.0908651697679225,0.0459874069730371,0.0562020819419552
"GWK60_F06193",1172.07028698337,-0.254976653374638,0.0875968631453671,0.00347163062816541,0.00460897958206715
"GWK60_F06215",591.631090143201,0.664721423547466,0.118089697609461,1.44066454191311e-08,2.43662234420031e-08
"GWK60_F06237",644.845595150163,-0.0108302637937204,0.114260894637978,0.923270818818944,0.933744377425043
"GWK60_F06259",1073.06666510627,0.60547428628024,0.100158859618446,1.22264480553802e-09,2.16099182699261e-09
"GWK60_F06281",47.8600791028622,0.511895234762081,0.368248870647611,0.135776538618768,0.158285592450071
"GWK60_F06303",1594.92682864028,0.00522537895145456,0.0805504962039773,0.94884828765316,0.956668965508073
"GWK60_F06325",1368.56436580162,-0.478781059071745,0.0817743705715943,4.20378141055586e-09,7.27843654362206e-09
"GWK60_F06347",489.799550171326,1.10622582971742,0.128977257735638,5.16948416707151e-18,1.14297968553157e-17
"GWK60_F06369",1084.53964217527,0.022975724808833,0.0907805175280248,0.8000936440786,0.821009084637814
"GWK60_F06391",519.863544283361,-5.21546598813491,0.226889666702225,2.30259605244917e-117,1.62137285620919e-116
"GWK60_F06413",9695.63511054611,-1.58510701200663,0.0488291337697878,1.09942757565341e-231,1.53802900211089e-230
"GWK60_F06435",782.93023991343,-2.91982027146459,0.120656094262803,3.19442569088121e-130,2.47827125870725e-129
"GWK60_F06457",1642.45372934402,0.90158843683203,0.0776316747739107,2.29236769660885e-31,6.6471080949077e-31
"GWK60_F06479",696.536765549136,-0.569825213283195,0.112430868818307,3.32753222433656e-07,5.31032145024585e-07
"GWK60_F06501",1670.60378400091,1.49282277842864,0.0812000469151367,6.74726175546725e-76,3.38650733146544e-75
"GWK60_F06523",14775.049405508,1.15343465747312,0.049093013436494,4.13470618347296e-122,3.01226516967697e-121
"GWK60_F06545",329.350308888184,-0.996678588956654,0.156235340321317,1.0247052365962e-10,1.87541737804315e-10
"GWK60_F06567",720.541299569533,-0.484298144833817,0.115698105610088,2.49904903113165e-05,3.69552935163129e-05
"GWK60_F06589",1294.68489215488,0.379645418524155,0.0832250602034191,4.71640605971005e-06,7.16174823154586e-06
"GWK60_F06611",7439.80739338433,2.40663347302236,0.0532648130545731,0,0
"GWK60_F06633",1270.70213722154,0.608692717855999,0.0895805776909503,8.95347123062221e-12,1.68981911277621e-11
"GWK60_F06655",43852.3862920545,-3.66753172505972,0.0466819600148545,0,0
"GWK60_F06677",1787.75047566456,-0.513431188036613,0.0794372733967653,8.71711488330266e-11,1.60153769773566e-10
"GWK60_F06699",713.358358582435,1.82831901888072,0.115253300214335,3.22462805224231e-57,1.33871693408008e-56
"GWK60_F06721",1774.18162761124,-2.85058396381417,0.0851338472873908,1.10726667902319e-246,1.64526065866157e-245
"GWK60_F06743",1497.32109718335,0.173762493997336,0.085464116492222,0.0413715517342719,0.0507259585366598
"GWK60_F06765",0,NA,NA,NA,NA
"GWK60_F06787",1466.3506311516,-0.454207535982221,0.0834733687339847,4.7322543946942e-08,7.83002771817915e-08
"GWK60_F06809",604.77827005449,-0.361057124099982,0.115644824421634,0.00166670711908839,0.00225601632691841
"GWK60_F06831",1152.56845286208,-0.76536941506141,0.09100651966667,2.79753527516507e-17,6.11297516591076e-17
"GWK60_F06853",1393.31419712619,0.619869950352577,0.0857697778803664,4.07273076891843e-13,8.01442717714588e-13
"GWK60_F06875",959.135648149889,0.429383207030722,0.0956075590011814,6.42762324446786e-06,9.71252463829387e-06
"GWK60_F06897",1320.02009352481,-0.943274193808098,0.0850100995100566,8.04695535425909e-29,2.22773606123173e-28
"GWK60_F06919",1020.38797541578,-1.11910763652128,0.0949135162071168,2.12795288937801e-32,6.2846896115263e-32
"GWK60_F06941",652.119362158579,-3.57122610084612,0.14362611859396,2.90021100518097e-137,2.33258560967154e-136
"GWK60_F06963",833.862430348798,-0.603308198772261,0.101313755168455,2.13238107134585e-09,3.74751902281296e-09
"GWK60_F06985",431.277072384828,0.635460073328411,0.133714083604085,1.62051553039007e-06,2.50703284995641e-06
"GWK60_F07007",2582.80080120074,0.418545044287754,0.0659745683840551,1.98532702692252e-10,3.6059461884021e-10
"GWK60_F07029",2192.39109260855,0.138854631937677,0.0699906471286342,0.0469822976783488,0.0573380245448062
"GWK60_F07051",1530.37594389117,4.12605294141266,0.109503927229739,0,0
"GWK60_F07073",4385.51645796515,-0.501168513893761,0.0644999506090221,6.74858257218932e-15,1.39206056194964e-14
"GWK60_F07095",112.075310082473,-1.49879974521794,0.271848537995674,1.16840396331608e-08,1.98507908496207e-08
"GWK60_F07117",4451.8778577117,1.80635578908012,0.0640912477361525,2.46164252734987e-175,2.57420272243744e-174
"GWK60_F07139",68265.2208667385,0.188555124096416,0.0493876367977268,0.00010794549978799,0.00015555981613283
"GWK60_F07161",350.919765002349,-0.562060506703274,0.149642627129674,0.000144012778600441,0.00020601229682848
"GWK60_F07183",229.080669352663,-2.55893860731027,0.208902197360254,2.65495482625711e-35,8.19065242587238e-35
"GWK60_F07205",2087.80066429449,0.717043861457787,0.0728258237074399,5.44477390244668e-23,1.34647441123035e-22
"GWK60_F07227",2169.49683411403,-0.097558570562908,0.0711632665363827,0.169012651994037,0.195043121871136
"GWK60_F07249",692.799323356742,0.620409590198787,0.114315902703593,4.70191661319747e-08,7.78472816664108e-08
"GWK60_F07271",1009.01519207899,-0.290710678187134,0.0969733052394753,0.00259162824857974,0.00347222735291122
"GWK60_F07293",583.292189448745,0.624526151978466,0.119228029527432,1.32162486194967e-07,2.15424442945624e-07
"GWK60_F07315",17616.4080488726,5.30616225190737,0.0565662785998603,0,0
"GWK60_F07337",2562.42545119956,0.90598411978461,0.0667029173251425,3.2890932482449e-42,1.12561031137073e-41
"GWK60_F07359",1952.25195839485,0.258029931282843,0.071944807397453,0.000324605200090601,0.000455677435942504
"GWK60_F07381",485.850123528705,-0.83733650198845,0.128578668961312,4.96630165211197e-11,9.17830156181298e-11
"GWK60_F07403",1383.931759887,-1.83891620369003,0.0859554345271102,3.8319324572387e-102,2.42842948494887e-101
"GWK60_F07425",3330.71064351812,-1.33567791950565,0.0645162270497192,1.40453589173597e-95,8.37625713212154e-95
"GWK60_F07447",1060.7163802197,-0.0266904597109773,0.0926603491406809,0.771688724870098,0.796054656367271
"GWK60_F07469",1679.78184512378,1.1054164235772,0.0800624832896357,1.25411375378007e-43,4.36863466548555e-43
"GWK60_F07491",13.0626002580594,0.333345849978249,0.618114169560153,0.503149847169047,0.541441938647543
"GWK60_F07513",1886.11705597082,1.44544917084913,0.0772469168381235,1.49523725917232e-78,7.66564130920702e-78
"GWK60_F07535",2375.07140264067,-1.0233358482143,0.0687267867132509,2.14425408255346e-50,8.22667868288199e-50
"GWK60_F07557",297.923168723166,-1.20068358987312,0.168408568651533,4.61903181683766e-13,9.07926283877657e-13
"GWK60_F07579",12389.8025590938,-0.251551920116246,0.0519570944443016,1.22741911078137e-06,1.9089960149941e-06
"GWK60_F07601",3340.91446816282,0.766121037473368,0.0617303675399124,1.6872456414359e-35,5.23284910020803e-35
"GWK60_F07623",210.573306594918,0.26164111196775,0.189531375668187,0.160218994248797,0.185342403727441
"GWK60_F07645",11017.3421090516,3.3786135596891,0.0551235030179499,0,0
"GWK60_F07667",1075.3378469115,-4.51805556799412,0.137456251402067,1.96567438049578e-237,2.81728807667788e-236
"GWK60_F07689",1312.74258199412,-1.05029296640424,0.0917963706078115,1.42668358673537e-30,4.07845416642829e-30
"GWK60_F07711",130.316315518655,1.3195196050693,0.242620839743236,2.22784929189532e-08,3.72962675855168e-08
"GWK60_F07733",357.052174793987,0.505712682240477,0.159332912996234,0.00130943292171036,0.00178389463045753
"GWK60_F07755",39.4339659407016,-1.06597764621609,0.428818632544512,0.00629580988732155,0.00820107974425739
"GWK60_F07777",3947.8200694328,0.977209040098974,0.0599427764463162,5.85282939606634e-60,2.49885410903482e-59
"GWK60_F07799",953.037471751498,3.7713696009431,0.12522045014427,5.81841808759407e-200,6.93988189132536e-199
"GWK60_F07821",2105.82526018278,-0.149856364204091,0.0707936807231347,0.0337986425677526,0.0417032277519068
"GWK60_F07843",469.737569100955,0.434203879500007,0.134012046861044,0.00108310868717944,0.00148170395177214
"GWK60_F07865",1142.11096970079,0.958432374420875,0.093413402582453,6.33301637415671e-25,1.62813617439219e-24
"GWK60_F07887",0,NA,NA,NA,NA
"GWK60_F07909",2226.24011886392,-0.974870850056846,0.0762823631750672,1.21812621934343e-37,3.87853747805476e-37
"GWK60_F07931",2168.71875760039,0.190911430120977,0.0696581533237618,0.00602919742581141,0.0078674220937157
"GWK60_F07953",616.427204840078,-0.285081693002055,0.119866302353501,0.0165305036838492,0.0208115005689437
"GWK60_F07975",729.440870024518,-0.399715184761697,0.106023748149402,0.000149054531509957,0.000212935045014225
"GWK60_F07997",5863.13730368402,-2.37505375621467,0.0588160703941526,0,0
"GWK60_F08019",2140.90097215973,0.184749415567749,0.0692833700521982,0.00753846102019514,0.00974258107278291
"GWK60_F08041",2331.96898013916,0.409972027320312,0.0705203922425191,5.68631004101082e-09,9.80012805233189e-09
"GWK60_F08063",796.690718098989,-1.34400827827216,0.107698765838808,4.08334808349244e-36,1.2731719572715e-35
"GWK60_F08085",19653.2398614252,-1.71975904914229,0.051522388274415,7.28401243931153e-245,1.07321863951761e-243
"GWK60_F08107",1714.26465584155,0.528799415032298,0.0817927886860245,8.71074776952554e-11,1.60092708831951e-10
"GWK60_F08129",97.6258698499108,0.016361526436809,0.267539049001183,0.950984514747279,0.958271752408177
"GWK60_F08151",1071.57975094963,-0.810763651797664,0.0904853588848533,2.248770062764e-19,5.14955617332985e-19
"GWK60_F08173",760.939244948319,-0.372378009983942,0.105794776131,0.000398047942032821,0.000555956498962463
"GWK60_F08195",1920.84577975149,-0.746385758930948,0.0750175658941701,1.91188414128373e-23,4.77743970696077e-23
"GWK60_F08217",2774.52910380294,0.364298778284236,0.0658911951272889,2.99817749934764e-08,5.00171698273663e-08
"GWK60_F08239",98.702346476064,0.326368325411331,0.264938339155475,0.202116207931233,0.231015048613274
"GWK60_F08261",1590.28785116112,0.343586449583262,0.0791869741924589,1.35433350935101e-05,2.02323040590353e-05
"GWK60_F08283",297.641668125823,2.45458414374095,0.189017384203845,2.88813714978099e-39,9.40074344545049e-39
"GWK60_F08305",1401.09480666717,0.129238153257939,0.0820039346646609,0.114104947128649,0.134091157707036
"GWK60_F08327",1362.74851784359,0.856870704555147,0.0846610703388398,2.97062235130868e-24,7.54125172195158e-24
"GWK60_F08349",11103.1445941555,-0.587608587409677,0.04883896210332,1.99578161165959e-33,5.97145123852642e-33
"GWK60_F08371",440.198226824472,0.40928828753666,0.136268061888802,0.00244402798330392,0.00327948652861699
"GWK60_F08393",196.556952916928,-0.265779345664335,0.208724250476841,0.192368245354073,0.220256197336183
"GWK60_F08415",0,NA,NA,NA,NA
"GWK60_F08437",1566.4702227754,2.35490629323884,0.0882658415241347,1.8533782338003e-157,1.72544593093621e-156
"GWK60_F08459",7435.55585615724,-0.802204245429505,0.0504747439017239,4.30041899733506e-57,1.78252197998285e-56
"GWK60_F08481",1931.18169614529,0.223192934139949,0.0767950181700789,0.00357004767850693,0.00473724792859396
"GWK60_F08503",243.601758961972,-1.7701277571969,0.190504019086345,3.93328683904131e-21,9.3743039299308e-21
"GWK60_F08525",46129.2560791077,-2.92992970859448,0.0469390984254722,0,0
"GWK60_F08547",1271.65086402355,-0.194693609971335,0.0858005456242374,0.0227078314071152,0.0283511021128474
"GWK60_F08569",2844.34821306092,0.794702921952795,0.0638505971263851,1.05224393250731e-35,3.27309466882818e-35
"GWK60_F08591",953.694530646523,-0.591527665516709,0.0987363999298265,1.72558584403317e-09,3.03463107309076e-09
"GWK60_F08613",713.151091007962,-0.527541635973968,0.106655073693233,6.47149065987202e-07,1.01885785306575e-06
"GWK60_F08635",4.6028363372876,0.701461154637298,1.00528772517107,0.206829074736519,0.236080492232654
"GWK60_F08657",2554.50808562531,1.73670151090932,0.0705416592797956,2.37741435755273e-134,1.88615377386536e-133
"GWK60_F08679",1141.14923214777,0.195323111010222,0.0884577300483771,0.026716383950558,0.0331747355004568
"GWK60_F08701",7381.84152021502,-2.51217949088012,0.0547144307161898,0,0
"GWK60_F08723",1819.75328140948,0.178197246744791,0.074465173892407,0.016463873508996,0.0207325771264828
"GWK60_F08745",0.533803407561867,-0.00169259272956868,0.985018825098204,0.997838763763453,0.998408198096968
"GWK60_G00011",4.37599749146253,0.560846988459085,0.919452996981217,0.300639126824565,0.335531892021475
"GWK60_G00033",43.2029307564142,1.84949670945562,0.439328067355124,6.17822692342564e-06,9.34641173920588e-06
"GWK60_G00055",7389.99850600252,-2.87155030078772,0.0546780509969366,0,0
"GWK60_G00077",3871.53937322309,-0.49680928688097,0.0609587450938891,3.25258420385806e-16,6.89584559141209e-16
"GWK60_G00099",18127.6569605046,-0.506248592762115,0.0440289159823709,1.13740492848921e-30,3.26213191049796e-30
"GWK60_G00121",9468.82181203161,-0.205935374893178,0.0531771288921003,0.00010498807030923,0.000151422333377173
"GWK60_G00143",849.050812316215,-4.7300652625419,0.159148977852464,1.17022813970588e-194,1.34104575486992e-193
"GWK60_G00165",17181.9816757068,0.0750307192144768,0.0474850313892808,0.113959130297551,0.133979665928726
"GWK60_G00187",3.48266929942759,-0.454300198811756,0.940136440138708,0.364698812622651,0.401573320995425
"GWK60_G00209",12303.8468780355,0.315318048207037,0.0548431627751545,8.63562844423353e-09,1.4762237769473e-08
"GWK60_G00231",152.608776747129,-1.77884486579461,0.233581255011752,7.15017292412495e-15,1.47316527931442e-14
"GWK60_G00253",363.440878415271,-0.965624094575079,0.148687920000978,4.96779934343756e-11,9.17830156181298e-11
"GWK60_G00275",880.348540311409,-0.705976003478212,0.10259183482631,4.53267279654206e-12,8.65403227216378e-12
"GWK60_G00297",947.931223551456,-0.427067301331922,0.0954547694850377,6.92279181374357e-06,1.04487474721065e-05
"GWK60_G00319",1426.84152691499,-0.458876087807501,0.0833918228071854,3.34170658024721e-08,5.56070123761478e-08
"GWK60_G00341",3350.09980960359,-1.32283308736213,0.0643836951504373,3.45254781707042e-94,2.02683052653911e-93
"GWK60_G00363",13.3912832435393,0.452373184417244,0.623878392422043,0.367070876767575,0.403847063751819
"GWK60_G00385",216.625053163892,-3.88513681153671,0.258942854836661,1.18313746704703e-51,4.61327136891576e-51
"GWK60_G00407",2296.00705225573,0.067850374550038,0.0685462285741111,0.32175026477782,0.357539688043627
"GWK60_G00429",2624.64662810035,-0.690355047261387,0.0671225752156254,6.16765400145816e-25,1.58717514910323e-24
"GWK60_G00451",963.75402033936,-0.0567969793895032,0.0932619762574984,0.540105660934192,0.577078158950609
"GWK60_G00473",4486.16423266761,-0.776529366619194,0.0597985139585058,1.07311791660299e-38,3.45870112826699e-38
"GWK60_G00495",0,NA,NA,NA,NA
"GWK60_G00517",2115.58933039698,-1.22273698540702,0.0721238567758513,8.55762696280931e-65,3.85386282742954e-64
"GWK60_G00539",1897.75037960321,-0.678335648406489,0.0736073453481695,2.42252609631344e-20,5.68353580134197e-20
"GWK60_G00561",428.64637083018,-1.04072192039725,0.149392612296725,1.8843936370159e-12,3.63873367500134e-12
"GWK60_G00583",3488.43768195555,-0.775766021565159,0.0598527697847431,1.44727548550138e-38,4.65037816355361e-38
"GWK60_G00605",359.071845328661,-1.46374200087091,0.151146206313081,1.28120894511872e-22,3.14473124186864e-22
"GWK60_G00627",0,NA,NA,NA,NA
"GWK60_G00649",4.54158801042823,0.0099996609884526,0.788331657676535,0.986339524752935,0.988803787534876
"GWK60_G00671",3947.97124427221,0.103561793527038,0.0580749025288503,0.0742079943380486,0.0890563655528486
"GWK60_G00693",1.90693390516487,-0.293323782203789,0.968392463067641,0.475357522017835,0.513530615283182
"GWK60_G00715",431.833477693444,-1.92012894208384,0.149092377522213,1.29793249108173e-38,4.17561156152287e-38
"GWK60_G00737",0,NA,NA,NA,NA
"GWK60_G00759",3223.78490795521,-0.353731424948966,0.060782116609386,5.5085607182538e-09,9.50312541095932e-09
"GWK60_G00781",904.517352134309,-1.33548578713698,0.101542830164007,7.04876544522738e-40,2.32163470519073e-39
"GWK60_G00803",578.896285437895,-0.222286867924877,0.123924739132162,0.0704932676316111,0.0847336809283077
"GWK60_G00825",2965.14426652657,1.17231315460877,0.230291753452446,1.70774673525559e-07,2.76647607867089e-07
"GWK60_G00847",41639.5059410888,-2.4713762961249,0.0496280419429708,0,0
"GWK60_G00869",14.0014775392148,-0.201233559484268,0.589192727087191,0.674028590962801,0.705690762035098
"GWK60_G00891",8471.88495747918,-0.0183141595356165,0.0610341847347946,0.763156092111158,0.788849188586053
"GWK60_G00913",8.87250281738707,-1.94248525171882,1.05541768355186,0.010762316709444,0.0137502516132318
"GWK60_G00935",12225.1068162316,-2.61997861426071,0.0548916969230915,0,0
"GWK60_G00957",3463.71802538433,0.786589572817541,0.0643771283080452,1.78328286449535e-34,5.42514046688578e-34
"GWK60_G00979",74.5213740164808,0.149437764879718,0.298906765519842,0.60255047329931,0.636556635781155
"GWK60_G01001",2729.95414940218,0.534228320453486,0.0652470055798487,2.18188508367272e-16,4.64832545164784e-16
"GWK60_G01023",2768.55691709009,0.292829559101589,0.0699762103232075,2.7393010578548e-05,4.04625767040614e-05
"GWK60_G01045",754.228304329909,-0.802204308508144,0.119608240597792,1.37002468086372e-11,2.57460872502436e-11
"GWK60_G01067",2027.89977597304,0.372208425460517,0.0745090756172473,5.49467873371761e-07,8.67407267087474e-07
"GWK60_G01089",2441.32948624502,0.533167854887485,0.0720790028004805,1.19803009140514e-13,2.38879388960995e-13
"GWK60_G01111",4865.0078481205,-2.73730483755169,0.0609856549039889,0,0
"GWK60_G01133",289.070790772094,-1.54617274094628,0.171210870925064,5.45734765548422e-20,1.26847762562293e-19
"GWK60_G01155",862.906413814367,0.300360851440026,0.0982312668410619,0.0021282099623543,0.00286521228614886
"GWK60_G01177",791.678000174392,0.936966731712782,0.104125135656883,1.37574296749228e-19,3.16691816586844e-19
"GWK60_G01199",2942.79126601926,0.273892682201254,0.0624316033347585,1.11560463432224e-05,1.67039008725733e-05
"GWK60_G01221",10083.0341092553,-0.917542740747148,0.0480743478700169,1.94463332794238e-81,1.02698507078082e-80
"GWK60_G01243",1001.43898791529,0.378229966220338,0.0998342862259677,0.00014102420751455,0.000202121888699327
"GWK60_G01265",145.574277732049,1.50412347547324,0.240051518313686,1.26271287497866e-10,2.30620476471796e-10
"GWK60_G01287",3572.6900879901,-0.0910411405526042,0.0592966459264458,0.12390067283023,0.144890515581816
"GWK60_G01309",1709.27798859756,-0.612656940878804,0.0774478809191799,2.08687421320629e-15,4.34386955340921e-15
"GWK60_G01331",795.08003591494,1.1074632395064,0.106899934651667,2.03449897134197e-25,5.29251463365912e-25
"GWK60_G01353",1532.58133618846,0.255826642150399,0.0917509272151716,0.0051127474911418,0.00669981360324013
"GWK60_G01375",0,NA,NA,NA,NA
"GWK60_G01397",6404.89929746035,3.43494295310539,0.0620998960333,0,0
"GWK60_G01419",173.367886963546,0.611768056676136,0.204511184499367,0.00223270056472197,0.00300281385078945
"GWK60_G01441",1684.36679729477,-0.451851805247822,0.0779906480553685,6.11678291462049e-09,1.05213466745925e-08
"GWK60_G01463",1243.75019592375,-0.47534233259813,0.0857641930369054,2.63039096799832e-08,4.39792005456807e-08
"GWK60_G01485",805.811070941511,-0.815613274755438,0.102727703198311,1.39866017654343e-15,2.92522963364551e-15
"GWK60_G01507",0,NA,NA,NA,NA
"GWK60_G01529",5515.86776137013,0.0910481532875932,0.0527729835252065,0.083909736413944,0.100105514524234
"GWK60_G01551",538.310919564579,0.258566114127574,0.120860384053974,0.0312856926292173,0.0386660580896811
"GWK60_G01573",1680.53586720813,0.977890582724734,0.0779720351086219,2.70175261637425e-36,8.43896601076516e-36
"GWK60_G01595",8241.50687728296,4.05744016736539,0.0590305207923952,0,0
"GWK60_G01617",2421.45050797119,-0.256097451794227,0.0695543790456579,0.000223332598595833,0.000316553346433329
"GWK60_G01639",967.910298079572,-0.761646093119314,0.0944791459410749,5.46843219747287e-16,1.15240197751231e-15
"GWK60_G01661",8058.19355304127,0.0451953808224915,0.0545743910339771,0.407279429206098,0.445012421608657
"GWK60_G01683",16835.6335693498,-3.33646388585964,0.0497167083850453,0,0
"GWK60_G01705",641.589756635775,0.198173186772833,0.115875572605866,0.0853499740394283,0.101777570493628
"GWK60_G01727",1450.82619904923,1.57083990770128,0.0936928395971141,1.31581815780525e-63,5.84561107268209e-63
"GWK60_G01749",2661.85746661167,1.67859021890024,0.0691474849351815,9.85787078274407e-131,7.67047341970915e-130
"GWK60_G01771",1993.35038575554,1.56573288284818,0.0785721534301988,7.36552907510365e-89,4.16140525618101e-88
"GWK60_G01793",803.282694183262,-0.117489234566596,0.102334548094969,0.24812733105837,0.280496402614877
"GWK60_G01815",630.067931263656,-0.21055692113452,0.116898422731601,0.0696344930644264,0.0837780040070637
"GWK60_G01837",1108.03737505716,-1.16402574885605,0.0913177969402825,1.5646766951454e-37,4.97593676932574e-37
"GWK60_G01859",1372.4627213208,-2.83728668286766,0.0964126855785615,2.5898527390693e-191,2.93591064816907e-190
"GWK60_G01881",950.851138391347,-0.904092251200801,0.0973454570968184,9.89700618909006e-21,2.33864566732317e-20
"GWK60_G01903",3298.67032956247,0.067840138997619,0.0610111607704137,0.265633808205654,0.299129486440107
"GWK60_G01925",600.544461061479,0.514696500011767,0.116184456742296,8.21007700662152e-06,1.23597610345819e-05
"GWK60_G01947",35022.3902231506,-4.57388862878591,0.0488861613184043,0,0
"GWK60_G01969",27366.6016741084,2.7662322128109,0.0499710501912214,0,0
"GWK60_G01991",5124.85828181814,0.807792945194012,0.0566523418061383,3.10636152425182e-46,1.12608281306441e-45
"GWK60_G02013",677.552527443553,0.217383556821491,0.112237970642496,0.051399214088286,0.0625109517004357
"GWK60_G02035",884.833389345956,-1.2596852796766,0.100778608006706,3.32997446274891e-36,1.03888883001538e-35
"GWK60_G02057",1004.51176021575,3.1084891185522,0.11124234435728,1.43993291568028e-172,1.47930608134342e-171
"GWK60_G02079",4146.10361310265,0.891437832659195,0.0642395653383245,5.99616087528363e-44,2.09985394167722e-43
"GWK60_G02101",219.406259843731,-0.375668574231248,0.184095057131597,0.0376973628979773,0.0463614984436194
"GWK60_G02123",2240.73383170962,0.0452589407619994,0.0703985499017555,0.517354944358589,0.554798574378425
"GWK60_G02145",1063.20758680174,0.892480696298619,0.0963547987810136,1.30359065760577e-20,3.07621662584402e-20
"GWK60_G02167",1127.40998595497,-0.339319215566639,0.0885821708831213,0.000119679415116408,0.000172139382967543
"GWK60_G02189",714.639493115303,0.550994230582169,0.106472620162772,1.94995716341109e-07,3.1539897538568e-07
"GWK60_G02211",645.504159638309,-0.246094233840133,0.112432699152798,0.0275557500014992,0.0341927919339198
"GWK60_G02233",1667.61453292775,0.386481144762533,0.0771800130918461,5.13654246415146e-07,8.11845353408553e-07
"GWK60_G02255",670.798676090388,-1.17952375962292,0.11703609310469,3.37459642865754e-24,8.54616139371145e-24
"GWK60_G02277",826.028764085093,-3.26174635345686,0.135795405072815,1.5010368819062e-128,1.14426869548212e-127
"GWK60_G02299",817.871469982649,-1.1585847002803,0.108376560095518,5.40551532011215e-27,1.4418362365005e-26
"GWK60_G02321",14806.1387183842,-1.64457697714958,0.049769124484871,4.84267193339405e-240,7.01720506051038e-239
"GWK60_G02343",4186.92443435337,0.350011536161583,0.0592355575356269,3.25473558231452e-09,5.67824516184887e-09
"GWK60_G02365",335.508160863068,-0.427963116277685,0.148704189687183,0.00359011272763468,0.00476267161345735
"GWK60_G02387",17.2987219289544,-1.62845481895491,0.701591384261448,0.00487847572825825,0.00640878679586373
"GWK60_G02409",2403.4988978547,0.620077375798166,0.0699241054376674,6.13042476705085e-19,1.3869262053629e-18
"GWK60_G02431",122.740554327777,0.651124714639039,0.253089240531556,0.00785720211893878,0.0101395689758631
"GWK60_G02453",734.725028158896,-0.983917188102938,0.108315251628135,6.10463655531907e-20,1.41705155697168e-19
"GWK60_G02475",1948.10476097425,0.503249513666087,0.0744697028623844,1.23126809086699e-11,2.31716284721302e-11
"GWK60_G02497",199.97424912364,-3.62584450734604,0.256066408400666,2.83576725475355e-46,1.02940895514173e-45
"GWK60_G02519",1185.79071864571,1.42940608035246,0.0937947413948951,7.63979352400422e-53,3.01013587537544e-52
"GWK60_G02541",9333.7883563721,1.69519664181713,0.0521853700841192,4.65640843318232e-232,6.54885250228315e-231
"GWK60_G02563",1604.63811757427,2.40089315398655,0.0861247709160057,7.83533990637597e-172,8.03389627827243e-171
"GWK60_G02585",1611.06187781069,2.76142197593046,0.0875153632843425,2.7621754514733e-219,3.66895022089635e-218
"GWK60_G02607",1937.27417825043,5.53491121781145,0.134555639384313,0,0
"GWK60_G02629",474.041611221601,-2.98358266901889,0.158247180453748,3.13131575588869e-80,1.63724859602133e-79
"GWK60_G02651",261.601030771945,-2.68680063577492,0.200153489797232,8.28497825522276e-42,2.81517994977207e-41
"GWK60_G02673",1592.93430360813,0.349962117062983,0.0808397088435227,1.41123046413858e-05,2.10643366667677e-05
"GWK60_G02695",2278.36211270701,1.09153954712812,0.0733952080101456,2.84315078950995e-50,1.08684397912953e-49
"GWK60_G02717",4869.86333956584,2.35951796060854,0.0629815792519966,6.03549258166365e-308,1.15024242679532e-306
"GWK60_G02739",8.28835831971267,0.479987016416761,0.747990978036821,0.37161891650746,0.408508986589183
"GWK60_G02761",1785.58258658262,0.859501116863251,0.0766025974630973,2.26889198005409e-29,6.34469527649363e-29
"GWK60_G02783",30143.4973642314,1.22558719355976,0.0441443186244961,5.59648940812984e-170,5.62859164182848e-169
"GWK60_G02805",316.883613433829,-1.01020071279252,0.158219292904598,9.74784386867616e-11,1.78653863237758e-10
"GWK60_G02827",2133.83301188689,-0.395891712548007,0.0753338515876028,1.36442481061079e-07,2.22125487583186e-07
"GWK60_G02849",0,NA,NA,NA,NA
"GWK60_G02871",2387.7565117903,-3.75408428791219,0.0852684310329357,0,0
"GWK60_G02893",896.180948794182,0.481612084620371,0.102291731955033,2.21397174252003e-06,3.40710689457442e-06
"GWK60_G02915",634.634392021257,1.45012499169742,0.11783878278884,3.29948551040061e-35,1.01671316840698e-34
"GWK60_G02937",417.534985833037,-0.507845393356967,0.13780962560146,0.000196158662800931,0.000278788048185057
"GWK60_G02959",7476.62213924708,-1.59818845053363,0.057301302024339,1.1196071295932e-171,1.14352106828354e-170
"GWK60_G02981",349.538531385849,-2.15330894753095,0.162770702578041,1.21898024776101e-40,4.05043341959756e-40
"GWK60_G03003",210.390477577396,-1.19824123954961,0.193615546055768,2.85424161677648e-10,5.16098690417473e-10
"GWK60_G03025",1524.68712583514,-0.300564319188554,0.0785791275420252,0.000124422350309301,0.000178765791485092
"GWK60_G03047",2168.34172609945,0.0222616638162258,0.0705201353477772,0.752945710620839,0.780239250958552
"GWK60_G03069",947.929330076533,1.82500342512102,0.102550334444466,1.88549931678714e-71,9.09883156541319e-71
"GWK60_G03091",1380.78073792178,1.13532974399459,0.083578061026325,2.54443635279388e-42,8.71336928105195e-42
"GWK60_G03113",6812.85243926701,1.25965382725934,0.0531350103901453,1.42152443813625e-124,1.05759809683121e-123
"GWK60_G03135",1355.69535754135,-0.548089954881273,0.082918688886097,3.26561837868798e-11,6.0696652550879e-11
"GWK60_G03157",8640.22564385761,1.55637500335362,0.0494604908914622,9.61870050546172e-218,1.25233575887942e-216
"GWK60_G03179",7324.74165143887,-2.00006236596414,0.0571741361811857,1.06565289726596e-268,1.76268372315061e-267
"GWK60_G03201",255.638470173303,0.464396256459618,0.169005916082748,0.0053211068983074,0.00696590898086036
"GWK60_G03223",3984.01513511319,-0.291976367883564,0.0598293022081497,1.008501299702e-06,1.57503469015218e-06
"GWK60_G03245",0.502552546897977,-0.199228561739043,1.03075801935768,0.509808144996406,0.547329345198114
"GWK60_G03267",1761.20400007884,0.273031478565762,0.075095080017212,0.00026741684133664,0.000377006857526327
"GWK60_G03289",1242.96057171559,0.47808676563854,0.0883958902604833,5.64521511847343e-08,9.32009777877283e-08
"GWK60_G03311",3530.09188509748,-2.36956392504997,0.0661385877867062,5.64024540130521e-282,9.79131709929552e-281
"GWK60_G03333",697.825089830069,-1.07444286934109,0.111686167023592,3.45416434449266e-22,8.40374859020879e-22
"GWK60_G03355",767.941497892666,-0.168561437735589,0.104364450233147,0.104210993530967,0.123152061553109
"GWK60_G03377",2443.4675073624,0.641232310400548,0.0728434732118986,1.07981042288494e-18,2.42519334943415e-18
"GWK60_G03399",123.752451170795,2.21764554966814,0.279485070548448,4.13857792657487e-16,8.7530839942838e-16
"GWK60_G03421",553.457130226351,-0.618941906600639,0.121456503880639,2.79995993386881e-07,4.48471049091046e-07
"GWK60_G03443",16445.568996649,-2.95391782340873,0.0600149768666707,0,0
"GWK60_G03465",742.055836046166,-1.6366922299645,0.111232137245547,1.55097163990195e-49,5.85230331842487e-49
"GWK60_G03487",850.964688419273,0.269750346266657,0.105058777267413,0.00985328223728069,0.0126225680877001
"GWK60_G03509",3696.53268689939,-1.09383013799782,0.0636086900218763,1.43399922734873e-66,6.56469620178792e-66
"GWK60_G03531",3712.7480663255,-0.195118084643205,0.0589088424032512,0.00090426913677522,0.00124366799230933
"GWK60_G03553",40.826888000449,-0.181762456913767,0.401113267218996,0.620587542022593,0.653808440683851
"GWK60_G03575",4194.86308910159,-0.366003995161613,0.0589068197087851,4.79635829988009e-10,8.60465370305909e-10
"GWK60_G03597",660.621596931909,0.323606073713244,0.113925741837356,0.00413628393003162,0.00546620693296938
"GWK60_G03619",1379.63868650943,-0.344444571590575,0.0854583115567392,5.19418132767369e-05,7.5892760509899e-05
"GWK60_G03641",11304.2177889302,1.69194138026149,0.0486410115246487,1.2285802447897e-265,1.99454694061538e-264
"GWK60_G03663",34064.0242006282,-0.268290880433622,0.0495525819427442,5.82263027853124e-08,9.60998910105878e-08
"GWK60_G03685",0,NA,NA,NA,NA
"GWK60_G03707",359.60838024158,0.729490213111251,0.158950802092124,3.29254367435486e-06,5.02576312452309e-06
"GWK60_G03729",7396.58021359393,0.765200574711928,0.0513561267563161,3.10981126276219e-50,1.1870542265696e-49
"GWK60_G03751",500.933429051507,-1.0379435779075,0.130798298163272,1.1515680209411e-15,2.4113247572254e-15
"GWK60_G03773",819.19900565554,-1.17155377610183,0.104586568263869,2.0584837442864e-29,5.75937473135451e-29
"GWK60_G03795",4027.21543753512,0.312692486616433,0.0653986062865599,1.66875607798434e-06,2.58090472513897e-06
"GWK60_G03817",0.26576346599603,0.0991779587279397,1.01761455588908,0.763354062719203,0.788849188586053
"GWK60_G03839",3235.43037406594,0.123783028386407,0.064527994491295,0.0547132680043895,0.066387956102212
"GWK60_G03861",2567.96024206945,0.262155517747496,0.0660578504614138,7.00262383560063e-05,0.000101722732326041
"GWK60_G03883",1882.7279295298,0.403992808669297,0.0791526159495305,3.05553526807194e-07,4.88662678931542e-07
"GWK60_G03905",319.460966658839,-0.0793908322304867,0.151232974784692,0.594578130303453,0.629145235444813
"GWK60_G03927",1283.96342830722,0.417054369289486,0.084701421870518,7.77569261019848e-07,1.21980743005201e-06
"GWK60_G03949",1571.46402352591,0.417666680233847,0.0793265736957333,1.28803600036479e-07,2.10079670137016e-07
"GWK60_G03971",192.776514781267,0.612425340343097,0.198950941030385,0.0016810853562755,0.00227489296990201
"GWK60_G03993",759.986372334851,0.85340172478551,0.105785146209946,4.93592772828193e-16,1.04185312402741e-15
"GWK60_G04015",289.0004266433,-0.950313704712756,0.162384762512568,2.92517654846728e-09,5.11346914088997e-09
"GWK60_G04037",5383.094544876,-1.13678359785639,0.0549036464306322,1.58660585059988e-95,9.45135535011932e-95
"GWK60_G04059",0,NA,NA,NA,NA
"GWK60_G04081",130.2323908248,-0.216669023745624,0.237759770115047,0.347854779347093,0.384394146925569
"GWK60_G04103",0,NA,NA,NA,NA
"GWK60_G04125",0,NA,NA,NA,NA
"GWK60_G04147",1338.66755504416,1.41272668014421,0.0854156060975945,7.29384838468295e-62,3.17596378339672e-61
"GWK60_G04169",5023.03459843286,-0.748112870310545,0.0568688849275975,1.18140721542769e-39,3.8766075815032e-39
"GWK60_G04191",654.765390630669,-1.01328099318932,0.113371627069985,2.27995106417255e-19,5.21868694410252e-19
"GWK60_G04213",1293.48422578895,-2.39323869391334,0.0944094221716745,1.34743101147994e-142,1.12143783550388e-141
"GWK60_G04235",3574.38755809031,1.62159668964192,0.0622638817660829,4.68626869662408e-150,4.14281904945254e-149
"GWK60_G04257",61.8486332134465,1.3133193433339,0.349289289792167,6.80567830084475e-05,9.89438028259906e-05
"GWK60_G04279",2171.31393824425,-3.29749199111909,0.0827237792066092,0,0
"GWK60_G04301",863.180400996889,0.219283038422242,0.097798137952661,0.0243427931921434,0.0303132320527165
"GWK60_G04323",758.178765248487,0.60470757034218,0.105135894792437,7.25968453695355e-09,1.24384171545198e-08
"GWK60_G04345",301.844694452751,-1.04215038719147,0.161256482541596,5.69852082227449e-11,1.05135810330284e-10
"GWK60_G04367",292.700430438785,-1.80010169669245,0.172554862932985,4.78301802032203e-26,1.25417122566769e-25
"GWK60_G04389",1099.89994819027,1.12826121782341,0.0959406119720632,3.32634829478306e-32,9.80201234204981e-32
"GWK60_G04411",2598.43711889013,-3.4555132847212,0.0799315902862593,0,0
"GWK60_G04433",384.672591243415,0.567447404466204,0.142070202330523,5.41950336550935e-05,7.90970801958357e-05
"GWK60_G04455",1684.57351434613,1.95617224251813,0.0807490879009111,2.81063539888312e-130,2.18374330843799e-129
"GWK60_G04477",1207.24884829561,0.500403172024837,0.0875404056517426,9.54257902652954e-09,1.62334947217158e-08
"GWK60_G04499",1582.18126619342,-0.656036013326481,0.0776421415086329,2.30193155159311e-17,5.04296541498532e-17
"GWK60_G04521",1618.32159940657,-1.99599192429013,0.0833833565308044,3.10590182419433e-127,2.34390869372485e-126
"GWK60_G04543",641.873811326022,-1.36445314542254,0.115259840893626,9.86647950277555e-33,2.9238130808225e-32
"GWK60_G04565",2.70710606166802,0.226956394921983,0.883827074307048,0.631357583357855,0.66405536661914
"GWK60_G04587",1124.87811374633,0.608081960957667,0.108354176744122,1.64970957792578e-08,2.78124114740052e-08
"GWK60_G04609",2842.51059199885,1.63708674398399,0.0668818070278531,8.26035181084582e-133,6.48499261567896e-132
"GWK60_G04631",7843.09711573368,-2.72245362199736,0.0563739398845979,0,0
"GWK60_G04653",2500.1972655889,0.455159900805535,0.0666775651231025,7.84084195191674e-12,1.48302152704358e-11
"GWK60_G04675",2202.80767281997,0.706855595444047,0.0773977388149152,5.07023184900627e-20,1.18058519370398e-19
"GWK60_G04697",1913.01442912093,0.34284857621638,0.0721312473740556,1.89205494575984e-06,2.92024912403074e-06
"GWK60_G04719",100.803934615574,-0.2439107128727,0.258791713311245,0.32864873809198,0.364703030034561
"GWK60_G04741",571.684834578899,-0.540981128813045,0.122485543208296,8.53378681144237e-06,1.28360648064589e-05
"GWK60_G04763",83.2918122805022,-1.93935784421839,0.327507039955469,7.04328638451104e-10,1.25542820679526e-09
"GWK60_G04785",440.762571738044,0.101042681045694,0.131237759113589,0.439066959217599,0.477365069343649
"GWK60_G04807",15024.3107788125,-2.88668946663597,0.0528541267272476,0,0
"GWK60_G04829",2005.31060439045,1.97953555272901,0.0772838998168644,2.47215558224596e-145,2.10073317651272e-144
"GWK60_G04851",3930.92299404895,-1.33256997228906,0.0623744106401805,1.17599273083088e-101,7.39918871312253e-101
"GWK60_G04873",1415.77244981709,-0.531655522333267,0.0856814887775476,4.64643645534028e-10,8.34138421675423e-10
"GWK60_G04895",240.217511677,-1.17839607738908,0.18521507678304,9.58954545051004e-11,1.75936550644168e-10
"GWK60_G04917",0,NA,NA,NA,NA
"GWK60_G04939",297.305723080851,-0.71407552072652,0.158932968014216,5.24525567866595e-06,7.95102157630631e-06
"GWK60_G04961",952.557604031263,1.80795753285634,0.104056142030509,3.47140983046762e-68,1.62163549806924e-67
"GWK60_G04983",238.550963692201,-0.664901617572696,0.185421540539624,0.000256617822473203,0.000362365032539341
"GWK60_G05005",2627.63719368723,-0.0794182223657933,0.0671796358816449,0.235175160894598,0.266541983690063
"GWK60_G05027",1367.60738608714,1.24584430601772,0.0837579159838192,2.2669563626718e-50,8.68477091598958e-50
"GWK60_G05049",683.427521726763,10.2238010331814,0.968246370488621,3.04516538270517e-24,7.7230327449514e-24
"GWK60_G05071",1737.98490844008,0.240642669290256,0.081829001317178,0.00318381207786736,0.00423649165939345
"GWK60_G05093",1339.92718169984,0.0318113044875319,0.0839981729027855,0.704624567016814,0.734798814930302
"GWK60_G05115",66.316702416208,-0.830145129758233,0.32539111879357,0.0069035915383193,0.00895729933190911
"GWK60_G05137",20611.4928802469,2.507066761694,0.0455658976852475,0,0
"GWK60_G05159",1686.40386168644,2.16474047961314,0.0837003405396941,4.27184662231674e-148,3.72018431016325e-147
"GWK60_G05181",525.822201134227,-1.737749317078,0.133164010163981,1.71774039503503e-39,5.61548444865399e-39
"GWK60_G05203",2181.47560367352,-0.227809776061999,0.0693667339321478,0.000990729699473804,0.00135886263865247
"GWK60_G05225",139.409340661482,0.445413551790559,0.226042826320105,0.0432407106815266,0.0529437006947928
"GWK60_G05247",1630.86211970427,-0.630172008199463,0.0774115437820001,3.15393817156454e-16,6.69480015432989e-16
"GWK60_G05269",440.03426086257,1.56452880067592,0.140002130987495,1.83957154932615e-29,5.15236759821914e-29
"GWK60_G05291",2011.83651533452,-0.686599788554051,0.072070327632701,1.2486798990531e-21,3.01010828094377e-21
"GWK60_G05313",2117.90820018783,0.500947922265072,0.0710014818451167,1.50813409131812e-12,2.9239901659909e-12
"GWK60_G05335",3.94277609260175,0.567457129763993,0.952264369195875,0.286679913379468,0.321179200080086
"GWK60_G05357",27830.4482190596,7.08693972119194,0.0687349754903514,0,0
"GWK60_G05379",4652.97341454836,3.6472677010499,0.0667874419573094,0,0
"GWK60_G05401",208.130887248328,0.283904159902019,0.185701882539454,0.120133368642653,0.140798021181006
"GWK60_G05423",1001.2265915471,1.13126089682463,0.098042296883161,4.22395871291044e-31,1.22144160692188e-30
"GWK60_G05445",64.3856872400478,0.499601661451769,0.326063717634041,0.105611855152876,0.124667495086205
"GWK60_G05467",418.386278413924,0.131688722707006,0.140533849940164,0.344778389585064,0.381154756035611
"GWK60_G05489",1131.32640597352,1.24599443677767,0.0900634340246103,7.33594635164291e-44,2.56563017351341e-43
"GWK60_G05511",3158.27073837426,3.129096917407,0.074749287583989,0,0
"GWK60_G05533",241.640267998324,-0.00299181920928475,0.171846316687977,0.98467145256951,0.987864169467027
"GWK60_G05555",468.56416778162,-3.63490251872175,0.17233032139401,1.50742277994524e-99,9.27373546492627e-99
"GWK60_G05577",698.242527816503,-3.51454512518369,0.142519112880155,3.6168641965927e-135,2.88253116273903e-134
"GWK60_G05599",2075.78037551788,-0.330106666801963,0.076421326719192,1.4739079086802e-05,2.19811613259366e-05
"GWK60_G05621",378.735777365695,-2.22854642600333,0.158856869230575,2.24783368733602e-45,7.99973287915255e-45
"GWK60_G05643",14914.4056186398,2.67976115069307,0.050065593484619,0,0
"GWK60_G05665",692.033316958991,-1.15616602451543,0.110949392279966,9.82478949697958e-26,2.5685085861885e-25
"GWK60_G05687",109.457245195604,-2.29552915245481,0.288233627190346,3.07041138032166e-16,6.52276407935862e-16
"GWK60_G05709",2962.29525149151,0.643828002540524,0.063017868347313,1.34165605478497e-24,3.42744577375859e-24
"GWK60_G05731",733.519004025691,0.548414335275832,0.109741139183423,4.98342942487403e-07,7.88119025100342e-07
"GWK60_G05753",10200.0031163716,-3.20753494389221,0.058683229135497,0,0
"GWK60_G05775",1624.19221743474,0.416037957560695,0.0786279053501258,1.11595422032998e-07,1.82182470482176e-07
"GWK60_G05797",111.30961930527,-1.58200211312854,0.27766056905775,3.65486868887947e-09,6.35734434639749e-09
"GWK60_G05819",3547.93393848079,-2.08442990303797,0.0662082855157241,2.86381501094627e-218,3.75652542582977e-217
"GWK60_G05841",5100.97352063044,-0.138184369228175,0.0544735215237663,0.0110333569996715,0.0140692018953387
"GWK60_G05863",2160.55484322069,8.80033614596539,0.335642501504834,2.50813209878908e-150,2.22475123771173e-149
"GWK60_G05885",4249.2725670901,1.60699130916342,0.0580467454539205,3.46909857843667e-169,3.46251584868632e-168
"GWK60_G05907",2640.20795526144,1.66776318105391,0.0708694144475945,5.86552725246697e-123,4.31505920950717e-122
"GWK60_G05929",362.72894203463,-0.23171589163098,0.147344738161388,0.111648396642606,0.131321682991974
"GWK60_G05951",3699.68740199125,0.159674231062663,0.0604596553841953,0.00816799562829662,0.0105251487028026
"GWK60_G05973",171.469907584984,-0.164053540186814,0.205633235626594,0.414042407219398,0.451557756992336
"GWK60_G05995",0,NA,NA,NA,NA
"GWK60_G06017",1016.6050054449,-1.10338599400917,0.0947900981751311,1.30554739770553e-31,3.80453147475407e-31
"GWK60_G06039",732.955699865908,-3.62508451891427,0.138611178663915,1.05948863078587e-151,9.46164719513361e-151
"GWK60_G06061",2814.08827802168,-0.492298035925402,0.0668692098516827,1.5829988431504e-13,3.148043068042e-13
"GWK60_G06083",403.148692304724,0.486953328814492,0.13974344291309,0.000435079333131727,0.000607033764528617
"GWK60_G06105",1555.60610298442,0.866182954964142,0.0787347860253573,2.55526308265746e-28,6.98943516109113e-28
"GWK60_G06127",2177.92945728084,-0.174259325047617,0.0700638802488596,0.0126164683595936,0.0160490020729051
"GWK60_G06149",983.796109908588,1.05875292993655,0.0962308256589916,2.06657543020159e-28,5.65860841377426e-28
"GWK60_G06171",2194.77787257304,-0.510718672081756,0.0690359576110149,1.1974775780909e-13,2.38859767188401e-13
"GWK60_G06193",2986.16592910987,0.892704292005082,0.0629365305243744,7.54048828460031e-46,2.71292533358397e-45
"GWK60_G06215",2030.40303006974,1.94212757328938,0.0817398408628599,2.03632118457018e-125,1.52145588506238e-124
"GWK60_G06237",493.528732589671,-0.215523047694466,0.126416381379696,0.0854910436232654,0.101922685733993
"GWK60_G06259",15095.9299422239,-2.82226501910555,0.0539808694573871,0,0
"GWK60_G06281",0,NA,NA,NA,NA
"GWK60_G06303",759.480254024922,-0.0519841250805586,0.103715647708819,0.613601955049317,0.647321757633255
"GWK60_G06325",489.694456069164,0.21324994507688,0.13215188344887,0.103978026934569,0.122931989587736
"GWK60_G06347",814.022501783693,1.46328849456734,0.115844796636926,5.6269628708073e-37,1.77444992208911e-36
"GWK60_G06369",2114.48818368155,0.924857480412912,0.0705469074230113,2.00280406347337e-39,6.53115274263481e-39
"GWK60_G06391",2113.95090133913,-1.59108686709518,0.0742589082356297,2.36015291323793e-102,1.50113716126137e-101
"GWK60_G06413",1040.40862695627,-0.724818154040456,0.0914004440240536,1.63509844809024e-15,3.41701145687511e-15
"GWK60_G06435",0,NA,NA,NA,NA
"GWK60_G06457",9777.06642364534,0.311656779128428,0.0491415550396135,2.14649898446201e-10,3.89464803665752e-10
"GWK60_G06479",3042.69510483078,-0.194813859081673,0.0627841176147598,0.00187328264034817,0.00253042287833368
"GWK60_G06501",1883.31530939335,0.859514222152958,0.0794845422283737,1.98807145675375e-27,5.32989595439589e-27
"GWK60_G06523",56.8335729906211,0.0307364090288317,0.334522186021471,0.924398768938901,0.93470540650108
"GWK60_G06545",332.97234665815,0.208302691195474,0.148695041685836,0.157195344561456,0.182044806779669
"GWK60_G06567",6169.83576123981,1.12091215013469,0.0597914917756877,1.04364054470803e-78,5.36088795426194e-78
"GWK60_G06589",450.818148563838,-0.0878810828604394,0.135341873667176,0.511421735926875,0.54888356069687
"GWK60_G06611",4348.88740135647,0.614177741737243,0.0589873651657125,1.80903484601432e-25,4.71298825658016e-25
"GWK60_G06633",4258.53883054288,-0.996287472396667,0.0571501445120595,2.63590794023354e-68,1.23352987238687e-67
"GWK60_G06655",460.222037247869,0.647901412426011,0.131716940035866,6.97227851272648e-07,1.09671605792289e-06
"GWK60_G06677",8890.22621326457,2.58117314647596,0.0538392677704818,0,0
"GWK60_G06699",241.019196657808,-0.938294083950415,0.178466129361241,8.81398000889529e-08,1.44428457466633e-07
"GWK60_G06721",17.5331430992479,1.30382260145612,0.676991272140936,0.0180765188795027,0.022703555230703
"GWK60_G06743",513.106627598013,-2.83759404866351,0.148747171851436,7.65083383044851e-82,4.06909868029921e-81
"GWK60_G06765",1370.43147449177,-0.26511900968068,0.0830061788395479,0.00134769175060931,0.00183459073711309
"GWK60_G06787",594.469464197642,0.625504413696979,0.122047332661814,2.40356486629641e-07,3.86628476963888e-07
"GWK60_G06809",608.430125190092,-1.0276587267749,0.118003056685382,1.70082029995091e-18,3.80370526264532e-18
"GWK60_G06831",987.903395807392,-5.00528975651894,0.4139844535892,7.37722176250522e-35,2.26131622790078e-34
"GWK60_G06853",573.917433868101,-2.7936248335977,0.136641440248804,1.13566991517828e-93,6.65955825399972e-93
"GWK60_G06875",0,NA,NA,NA,NA
"GWK60_G06897",1567.97586097785,0.663743711007558,0.0852203704038079,5.32908434153405e-15,1.10098128972777e-14
"GWK60_G06919",15175.951630437,-2.79567100000776,0.0529982533518636,0,0
"GWK60_G06941",1481.53175609499,-1.44086312238353,0.086499208436431,9.38375408112486e-63,4.12007900389956e-62
"GWK60_G06963",13786.0408264747,0.926230416829288,0.0495651813078635,4.0896527373304e-78,2.09053191432049e-77
"GWK60_G06985",3669.49849518314,0.588909130074475,0.0636186284940103,1.74448131217147e-20,4.10925736767664e-20
"GWK60_G07007",4066.64366090194,2.24751780140571,0.062112157760819,2.09600229351108e-287,3.73727866571806e-286
"GWK60_G07029",4474.61407329424,1.07902732639587,0.0621697531307917,9.27628065177729e-68,4.31035655727461e-67
"GWK60_G07051",2005.28279734252,-0.813042677253039,0.0740837082782655,3.49546070008047e-28,9.53637099710752e-28
"GWK60_G07073",711.438507149441,-0.345807383154317,0.106186095124065,0.00105192046265185,0.00144016179946609
"GWK60_G07095",7336.13455417681,-0.591504692038606,0.0505049149005064,9.18255850524904e-32,2.68483922943913e-31
"GWK60_G07117",8531.12040880404,1.12992737842343,0.050958715155619,3.26188706972165e-109,2.17735101354516e-108
"GWK60_G07139",572.800291244351,0.737170456071099,0.118559905748659,3.7860892963948e-10,6.81781228998174e-10
"GWK60_G07161",5331.16684149799,-2.1529458882764,0.0601268701790139,9.749929961745e-282,1.68699446048614e-280
"GWK60_G07183",5970.85145495142,0.433158583405517,0.0547526577938718,2.32956749850037e-15,4.84329053047903e-15
"GWK60_G07205",1032.69865254062,0.789834590118994,0.0936752946141125,2.44345237081843e-17,5.35077413426517e-17
"GWK60_G07227",351.087372515459,-0.719931901432387,0.147977188130532,8.53147884947933e-07,1.33439128005535e-06
"GWK60_G07249",738.627033050564,-3.94544351215328,0.146514113901249,2.19896287768863e-160,2.08031380155435e-159
"GWK60_G07271",32.5683970050888,-1.71948533257228,0.506914901584619,0.000178025399773094,0.000253427226740588
"GWK60_G07293",1583.66189500199,0.0822295464961205,0.0788013243266591,0.295917850213315,0.330683639711501
"GWK60_G07315",5712.65148915516,2.24571447379651,0.0569032920327666,0,0
"GWK60_G07337",23953.179277805,1.19623147542696,0.0448178592665623,2.60248977964849e-157,2.41856824045072e-156
"GWK60_G07359",18.5088668510327,1.21421902181204,0.65262166792585,0.0232075198596032,0.0289269086401689
"GWK60_G07381",1150.51963145053,-1.09182923552878,0.101370896961104,2.39734927516337e-27,6.41406774535062e-27
"GWK60_G07403",2716.10312887646,0.23978661279422,0.0653164184454438,0.000235408732971853,0.000333131540336817
"GWK60_G07425",3178.70654669314,1.4046976286037,0.0663092689405134,5.52217470631317e-100,3.41725164178909e-99
"GWK60_G07447",877.577610996841,0.643996459455566,0.0999399874139657,9.31191472920195e-11,1.71021897610343e-10
"GWK60_G07469",170.95110163382,0.0823421902108956,0.210201531981705,0.690230855861214,0.721361872010727
"GWK60_G07491",3150.54659092761,0.557958577581378,0.0634760917869453,1.28575344599796e-18,2.884035448166e-18
"GWK60_G07513",2599.45779831895,-0.663475321029042,0.0670497785067921,3.37366684761254e-23,8.38633630361152e-23
"GWK60_G07535",506.551272261466,1.42398059047309,0.135929607816449,4.49771805048838e-26,1.17994997234757e-25
"GWK60_G07557",1769.05129475483,-3.90749352673289,0.097648710496076,0,0
"GWK60_G07579",511.368535121372,-0.0929143496842054,0.123380307312524,0.447331854278815,0.485748462738763
"GWK60_G07601",179.65852527019,-0.305219787558026,0.198747455305682,0.116972276917267,0.137337985844827
"GWK60_G07623",1543.46258973693,0.121683713931493,0.078320195248845,0.119444993035693,0.140116115826883
"GWK60_G07645",5183.02846118026,0.828400181982669,0.0548103778183091,9.17987480484615e-52,3.58205797281089e-51
"GWK60_G07667",1094.34878067286,1.42143073426325,0.0985870461546638,1.63623736465494e-47,6.02703679137603e-47
"GWK60_G07689",285.148470756162,1.49140028686696,0.168544121918213,3.19607113845289e-19,7.28394028954169e-19
"GWK60_G07711",559.506309351224,-2.25426426889297,0.134086561148901,3.91772711510872e-64,1.75082792060084e-63
"GWK60_G07733",1019.1514588705,-0.1766423239716,0.093762147736797,0.0583971783419241,0.07069485801577
"GWK60_G07755",710.881215708767,1.57085394699115,0.115271603068094,8.68847068662179e-43,2.99484638346203e-42
"GWK60_G07777",3873.44774965057,-3.47624893388093,0.0720231984136924,0,0
"GWK60_G07799",1596.94774090167,1.22801734915244,0.081859494219657,3.41546868929005e-51,1.32098274306365e-50
"GWK60_G07821",886.62576709782,0.519506771383818,0.109488051525179,1.7950077240778e-06,2.77290473675455e-06
"GWK60_G07843",6.9761011793908,0.458758729151174,0.7737043314713,0.393401199435051,0.431012353473937
"GWK60_G07865",2394.10408646734,-0.9921929684023,0.0678170435646728,1.04138617934643e-48,3.89593976057055e-48
"GWK60_G07887",5482.8780165049,0.818149787079562,0.0616973062996238,2.72876959970937e-40,9.03293146285167e-40
"GWK60_G07909",25916.5550011727,-2.97790552535429,0.0564375690076921,0,0
"GWK60_G07931",915.170891684583,1.89235741364904,0.105109542325674,4.38986292479247e-73,2.14997011028011e-72
"GWK60_G07953",472.105946916164,-0.223493599253802,0.135652659257083,0.0960393651725889,0.113725137507388
"GWK60_G07975",414.204451993745,-0.0949956254321976,0.134311513359604,0.473755428398167,0.512220668730598
"GWK60_G07997",4919.820507306,-1.37856789743734,0.0574117176140849,7.65351626213712e-128,5.79244540127212e-127
"GWK60_G08019",3989.49139516986,-0.987315420137073,0.0602929132479546,1.71683965026116e-60,7.3718992329581e-60
"GWK60_G08041",406.085338648585,-0.691614391978836,0.143857873508314,1.15273244521203e-06,1.79389723722345e-06
"GWK60_G08063",265.034422025539,0.156629932446191,0.170353727618857,0.35155447475635,0.388237778126895
"GWK60_G08085",2091.87389594668,0.643195001014571,0.070817787211554,9.59891286987236e-20,2.22032901035746e-19
"GWK60_G08107",1444.96014268711,0.599617226569843,0.080522433600502,7.95635600492659e-14,1.59673531422792e-13
"GWK60_G08129",847.541343009157,-0.644422565738585,0.10683168479019,1.29454146801986e-09,2.2857630486017e-09
"GWK60_G08151",580.094129017026,0.649246847035445,0.118631162759342,3.54994034359651e-08,5.90534035652045e-08
"GWK60_G08173",698.035513153383,0.459616953826426,0.107739638001638,1.77698109318861e-05,2.64111911561799e-05
"GWK60_G08195",996.27137003922,0.553459225136225,0.0956159768326748,6.01964336621341e-09,1.0357646092994e-08
"GWK60_G08217",465.266933826088,-0.911015537621269,0.136787518020236,1.68994356990429e-11,3.16902074071178e-11
"GWK60_G08239",239.879392304349,-0.890780354191595,0.183745229042188,8.01774976385611e-07,1.25553330627815e-06
"GWK60_G08261",0,NA,NA,NA,NA
"GWK60_G08283",1539.51817568447,-0.245856369481817,0.0794179557061949,0.00189273437167675,0.00255604179589722
"GWK60_G08305",2080.63735508912,0.458172140323967,0.0818128289905423,1.92227313278784e-08,3.23040149471695e-08
"GWK60_G08327",2218.43655929585,-0.411005696787795,0.0691144309819092,2.49587017905609e-09,4.37026536013151e-09
"GWK60_G08349",595.241163940934,-0.579194914745242,0.115584665349925,4.48686353329279e-07,7.12372538035619e-07
"GWK60_G08371",2387.60220636042,-1.49120015672517,0.0725007609645591,1.61433624729632e-94,9.53020051714776e-94
"GWK60_G08393",2763.3375251409,0.614838744847427,0.0644424876498826,1.15931019296034e-21,2.79851840980788e-21
"GWK60_G08415",12638.6697207984,3.02142946339513,0.0530741682029874,0,0
"GWK60_G08437",1787.27243857245,-2.29722666188929,0.0808680590205059,3.35182628406525e-178,3.56173863720873e-177
"GWK60_G08459",3662.96497695103,-0.442983595409829,0.0624348749776961,1.16431227045934e-12,2.26573530988388e-12
"GWK60_G08481",315.958108425216,-1.87025231931137,0.165981385132415,4.80579993214276e-30,1.35687104901078e-29
"GWK60_G08503",1571.47978220042,-0.242569725508732,0.0788284668512729,0.00202159062283725,0.00272445981965768
"GWK60_G08525",1838.61838574767,-0.435144905851418,0.0735923757008945,3.01823482414574e-09,5.27439042359023e-09
"GWK60_G08547",1014.76200314548,0.760268588301199,0.0994167657647609,1.53757553350345e-14,3.14694447713157e-14
"GWK60_G08569",1265.95717841547,-0.500870689956544,0.085915888940122,4.84643278118005e-09,8.37183462364763e-09
"GWK60_G08591",414.937321603709,-0.35450258915728,0.137545208304257,0.00924717026094199,0.0118663370511234
"GWK60_G08613",340.416486076216,-0.160734428784569,0.149733969119672,0.277163065739542,0.311113471145965
"GWK60_G08635",1924.91789907218,1.54180540921051,0.0763298030478264,3.36168258583894e-91,1.94099345790481e-90
"GWK60_G08657",2056.10989620821,-0.616271576993841,0.0776724991594281,1.69748117207235e-15,3.54282520257325e-15
"GWK60_G08679",0,NA,NA,NA,NA
"GWK60_G08701",5602.72017255603,2.28424176625111,0.0583902864465866,0,0
"GWK60_G08723",306.267849105129,-0.846878528357281,0.157361535431427,4.91654886134641e-08,8.1324047203403e-08
"GWK60_G08745",359.931439935145,1.78376081050471,0.153974634731217,1.35938736873687e-31,3.9570434751278e-31
"GWK60_G08767",0.499858273172031,0.195321810252842,1.0289324259144,0.513246203444672,0.550504696190655
"GWK60_G08789",13.8136847189184,2.87316504833579,0.927613749361169,0.000281394481972211,0.000396393940860693
"GWK60_G08811",24464.9468548627,-3.1448004106624,0.0484912081667653,0,0
"GWK60_G08833",19.8806370631777,-2.05043205067145,0.687040303225118,0.000518807843682999,0.000720034104953186
"GWK60_G08855",507.185194220778,-0.53275553685063,0.124255347047459,1.53593959865038e-05,2.28868053509943e-05
"GWK60_G08877",2553.72610631054,0.425384750432307,0.0690508712891034,6.60580627192841e-10,1.17944809878966e-09
"GWK60_G08899",236.524066985559,-0.522614105038841,0.178052722495115,0.00283756121177137,0.00379592369631674
"GWK60_G08921",463.855527585953,-1.09909644598641,0.132940461118401,7.23317384540948e-17,1.5618429567674e-16
"GWK60_G08943",83.3345183179121,-0.785588531108854,0.291173603645332,0.00472254358350296,0.00621169773674057
"GWK60_G08965",477.718108935799,0.34946752075533,0.131136321611622,0.00720092711768557,0.00932009759818556
"GWK60_G08987",59.2605455005223,1.61153911074023,0.373055413743871,4.76093734173576e-06,7.2272815057807e-06
"GWK60_G09009",638.552496151084,0.00550972780932666,0.112661959046015,0.961583435814975,0.967099210781409
"GWK60_G09031",1520.49921294206,-0.434236680846078,0.0809262410565885,7.24589938918873e-08,1.19216236431444e-07
"GWK60_G09053",453.848679385352,-2.46236194482572,0.14941352759758,9.27389793064343e-62,4.03479761085066e-61
"GWK60_G09075",1648.02287177794,1.05872724920715,0.0816642792601551,1.12246556785561e-38,3.61553514202115e-38
"GWK60_G09097",5361.57982914157,1.04935226113232,0.0566717843139741,9.26937083759589e-77,4.68365903993798e-76
"GWK60_G09119",565024.8859774,-0.140028382405267,0.0411195610276875,0.000904378340415058,0.00124366799230933
"GWK60_G09141",0,NA,NA,NA,NA
"GWK60_G09163",10896.1560072401,0.778192800496791,0.0515738429767051,1.38204006083387e-51,5.37687183430928e-51
"GWK60_G09185",0,NA,NA,NA,NA
"GWK60_G09207",1361.18471258078,-0.0515394158443534,0.0843315906257859,0.539055517213796,0.576073145173622
"GWK60_G09229",2757.94061367896,0.0803141018475039,0.0640412990531564,0.209228500230325,0.238522304120396
"GWK60_G09251",141.720685814349,0.589373373800693,0.223810041071874,0.00688978124684397,0.00894158632084858
"GWK60_G09273",1393.43953253589,-1.08602255892214,0.197293399498032,1.91071781272529e-08,3.21200885104986e-08
"GWK60_G09295",11669.0834638586,1.72712334743512,0.0494228296394101,4.80922712758968e-268,7.90516709097553e-267
"GWK60_G09317",406.353376269277,1.39187049582877,0.147706289357409,1.79965331578212e-21,4.32245499589677e-21
"GWK60_G09339",2.9745407202886,-0.284216211624357,0.892398916594198,0.550081538372931,0.587140603052276
"GWK60_G09361",1.64033484285656,-0.0682760594108828,0.93419797163429,0.856978575498342,0.873586687426605
"GWK60_G09383",1738.49170793762,-1.8016911657651,0.0812713283961281,1.8322085383757e-109,1.22613446715728e-108
"GWK60_G09405",6131.58013264481,-0.26033068421267,0.0517711315509586,4.67528197749276e-07,7.4139231840856e-07
"GWK60_G09427",2654.224612696,-2.29200751788416,0.0701908622718256,1.14541860202807e-234,1.63276472809422e-233
"GWK60_G09449",3077.97151433192,0.846703525253886,0.0663822993051668,1.99035952499554e-37,6.31440959075785e-37
"GWK60_G09471",1203.40823220358,-1.42911411952674,0.0913798357330488,1.45991236362766e-55,5.96206446636763e-55
"GWK60_G09493",219.817776479368,-0.69095503021634,0.182410791120135,0.000115251889991037,0.000165861817059605
"GWK60_G09515",1038.97976077551,0.131316463862822,0.0927333771340505,0.155279474276012,0.179936927842829
"GWK60_G09537",831.041615509322,-0.211426564576379,0.109680671466425,0.0523069329307666,0.0635855020142898
"GWK60_G09559",349.017180968261,-1.30652916170066,0.151685920991828,2.95586316411052e-18,6.56303935973885e-18
"GWK60_G09581",981.190049336819,-0.644967792963534,0.0937838927256037,4.82075157294086e-12,9.19070433985825e-12
"GWK60_G09603",718.475068724257,-0.592690569292026,0.106297654341565,2.02068090891544e-08,3.39144275076426e-08
"GWK60_G09625",3097.41075455037,-0.770443615924225,0.062241447443458,2.47153059150526e-35,7.62925522964652e-35
"GWK60_G09647",53.5762035032569,-0.954926326136034,0.368397198306443,0.00534642112792385,0.00699730657697921
"GWK60_G09669",4177.28234620914,-1.33861287021856,0.0603788808704079,2.62594420435445e-109,1.7550783373449e-108
"GWK60_G09691",24656.9207135837,3.46547881687567,0.0531397752459653,0,0
"GWK60_G09713",736.188783500005,0.696922849143494,0.105462150713698,3.00313925216154e-11,5.5877299138202e-11
"GWK60_G09735",203.30278120315,-0.992210781507775,0.194616931086972,1.98129245593029e-07,3.20270384701701e-07
"GWK60_G09757",972.649309763962,-2.63482068831587,0.107069152293704,1.7565432165446e-134,1.39779384554078e-133
"GWK60_G09779",360.815116296454,-0.205843964838385,0.144122666304887,0.14872798215678,0.172657070435812
"GWK60_G09801",2769.84345598812,0.172444330055315,0.0651817572556074,0.00805349855474063,0.0103852420686285
"GWK60_G09823",858.915831991572,-2.1193160762465,0.10770571001407,6.72455578009141e-87,3.72720373058808e-86
"GWK60_G09845",4327.47463311214,2.03521989490865,0.0593965562459977,5.99561208961407e-258,9.30292613314749e-257
"GWK60_G09867",1629.65178857929,1.96730250154334,0.0819567181222876,6.43435563773746e-128,4.87675946030245e-127
"GWK60_G09889",796.488189943025,-0.137664197040787,0.102815803904479,0.177931723465017,0.204976098428819
"GWK60_G09911",2.73505736566071,0.238874606727865,0.905190740335214,0.60323643093078,0.637153338693957
"GWK60_H00011",0.268039941565837,-0.103884957466237,1.01911488641768,0.760502028806508,0.786829400378094
"GWK60_H00033",1639.08612411766,-0.688240865888556,0.0768109633088453,2.53540926471225e-19,5.79585081807321e-19
"GWK60_H00055",9755.64214365604,0.0147818994974265,0.0480228999808686,0.759927238593204,0.786698932296842
"GWK60_H00077",537.762509260002,-0.328334480820442,0.122955178704696,0.00711174562282384,0.00921147056785359
"GWK60_H00099",401.937707032299,-0.189523396482621,0.136657173989359,0.161207675622875,0.186445112967529
"GWK60_H00121",816.414025230447,-0.199623147926487,0.10001252430512,0.0447679532725138,0.0547499265783358
"GWK60_H00143",4193.41219070562,1.24349956015189,0.0718368360469905,1.97423038953751e-67,9.14929678323112e-67
"GWK60_H00165",253.126146610126,1.33658416701643,0.192942093393087,1.83757738243947e-12,3.55093939442748e-12
"GWK60_H00187",511.706707493607,0.509222687139467,0.125480975230599,4.30919908221327e-05,6.31375687254647e-05
"GWK60_H00209",1013.06619579559,-0.596322756083119,0.0929980189153429,1.17081307424395e-10,2.13984599392744e-10
"GWK60_H00231",394.288622540503,-0.553572825057036,0.143591633808941,9.68082506800002e-05,0.000139778039686193
"GWK60_H00253",1213.09032273784,-2.53177667940051,0.0975040564168226,2.27652738498908e-149,2.00243044231481e-148
"GWK60_H00275",39759.3154987932,-2.95118371943372,0.0502921762707933,0,0
"GWK60_H00297",1178.51662206664,0.685717615370064,0.0907935342533689,3.30589384460558e-14,6.70613251933103e-14
"GWK60_H00319",23717.5434634965,1.77851724019104,0.0447646714496019,0,0
"GWK60_H00341",984.137136584445,2.23718192141314,0.102727494291146,8.46114056772966e-106,5.52178652434963e-105
"GWK60_H00363",658.471903324686,-0.651564124979562,0.115416811034572,1.30868916467447e-08,2.21697423709749e-08
"GWK60_H00385",26191.4003495082,-4.34725500912111,0.0473651061910871,0,0
"GWK60_H00407",4009.31881573355,-3.48395198942558,0.0687615029198611,0,0
"GWK60_H00429",1184.56789908878,-0.179887061472319,0.0882612629551769,0.0406317564800215,0.0498421266522651
"GWK60_H00451",529.367784755928,-0.873599002651397,0.122631449619699,6.86470635635235e-13,1.34281723445197e-12
"GWK60_H00473",381.662344063566,0.630900413335224,0.148071601532443,1.6411715282278e-05,2.4427171020029e-05
"GWK60_H00495",7558.42198043466,3.17724317382486,0.0580313153396473,0,0
"GWK60_H00517",2130.71273415788,3.88574099343335,0.0927613791270137,0,0
"GWK60_H00539",3634.61148215787,0.783948399116205,0.0619216337760594,7.07648616182183e-37,2.22888127013071e-36
"GWK60_H00561",58.9314359804008,1.49114632362549,0.364022948910927,1.40882778547525e-05,2.10344426670445e-05
"GWK60_H00583",3625.67186030454,1.24536908054165,0.0610796302498367,8.97759773510499e-93,5.23527318033839e-92
"GWK60_H00605",4270.37096903509,-0.74505121393193,0.0576757924953692,2.28903975673409e-38,7.34167629293982e-38
"GWK60_H00627",1083.51454270151,-1.58984522597535,0.0948115009722927,1.25756256081623e-63,5.591529222226e-63
"GWK60_H00649",897.372549748829,-2.03430084453557,0.104196258584572,1.480941243367e-85,8.1482750419565e-85
"GWK60_H00671",3841.40841858062,-0.508236648082978,0.0583873632434153,2.70846987971403e-18,6.03667439292194e-18
"GWK60_H00693",4066.36969038147,0.219380723163394,0.0627320876462614,0.000470031258633876,0.000654757526592741
"GWK60_H00715",145.716608858756,-1.09373454616418,0.25912078161279,1.22617148567989e-05,1.83281103003018e-05
"GWK60_H00737",1245.24362287697,-1.77046166373852,0.0931923068452063,4.29052593158202e-81,2.25681664001214e-80
"GWK60_H00759",4663.74972895472,-1.44839403605256,0.0666167347215905,2.47332643990167e-105,1.60812077551085e-104
"GWK60_H00781",1346.70369088704,0.969511771849903,0.0874084256968655,8.58214663464724e-29,2.37340122493399e-28
"GWK60_H00803",3357.85878635191,-0.435217700212097,0.0693876689919938,3.18261718144069e-10,5.74487521426836e-10
"GWK60_H00825",381.304317495829,-0.851355650159778,0.146500246820618,4.07462766314062e-09,7.06179291865557e-09
"GWK60_H00847",348.661420045791,0.079517455318108,0.145789468070956,0.582963051719888,0.618472297710087
"GWK60_H00869",191.623230632015,-0.238305591325715,0.19217635326045,0.205961217256398,0.235154330967799
"GWK60_H00891",6589.79807934055,5.02954277375091,0.0724143703366633,0,0
"GWK60_H00913",56.6733049396759,0.572428194890475,0.349424496328882,0.0805572757382649,0.0962369453516406
"GWK60_H00935",221.483704620733,1.29209018989252,0.198662925166715,3.44799604183611e-11,6.40411694211086e-11
"GWK60_H00957",1750.55328471567,3.00186962893585,0.0872076630375717,1.88632897820231e-260,2.98858145341692e-259
"GWK60_H00979",2719.33513205735,0.463586975648748,0.0706559777423984,4.78979247433053e-11,8.85875823311483e-11
"GWK60_H01001",1539.48960383614,0.614801855654136,0.0792158050802673,6.96023158379175e-15,1.4345931869414e-14
"GWK60_H01023",925.188291280472,0.427125924181616,0.101145733937296,2.20711196323875e-05,3.27302196973099e-05
"GWK60_H01045",3313.23007361591,0.0149076075935161,0.0630308542810123,0.813171471130971,0.832804115683198
"GWK60_H01067",10171.1001008444,0.74437701282861,0.051077853478825,3.1250413672062e-48,1.16167615487665e-47
"GWK60_H01089",4951.65423613592,0.807813088875137,0.0576654845197017,9.48645679455716e-45,3.35115935120018e-44
"GWK60_H01111",950.201890768179,-0.517391887521034,0.0967525888300695,7.6586566842307e-08,1.2573200424174e-07
"GWK60_H01133",2606.67729718284,1.44781281092704,0.0723824118525312,2.07989186516066e-89,1.18145045472409e-88
"GWK60_H01155",3884.96323774657,-0.0726314215500455,0.058258154789816,0.211620988112596,0.241145233421199
"GWK60_H01177",3772.57593585441,1.80518152800931,0.0642937822908499,4.69221529526292e-174,4.88733711942236e-173
"GWK60_H01199",685.60841388676,-2.9930122869244,0.130738071234212,6.8855420313061e-117,4.82906014462268e-116
"GWK60_H01221",1139.60191104576,-1.56144694499008,0.0977979627952087,6.76984280572208e-58,2.8306337963512e-57
"GWK60_H01243",1180.06475226679,-0.952762455504925,0.0953424634357429,1.01531170580532e-23,2.55406005381922e-23
"GWK60_H01265",665.983282116873,-0.548810000776502,0.111976718342398,8.00097857879914e-07,1.2532801466493e-06
"GWK60_H01287",1300.09017793101,-0.462238378173684,0.09396911797568,7.75982401232616e-07,1.21768121434474e-06
"GWK60_H01309",7298.56747654728,0.316437463557389,0.0508241808448705,4.56274129061085e-10,8.19392939181055e-10
"GWK60_H01331",1239.23786604907,-1.1227932873729,0.0866657620326123,1.1338109563235e-38,3.64984432696548e-38
"GWK60_H01353",299.794590233703,-1.06628869150653,0.166432063608334,7.83500859881753e-11,1.4424972079027e-10
"GWK60_H01375",1084.45938932224,-0.458598641522631,0.0896512805388066,2.78751073331132e-07,4.46613050783354e-07
"GWK60_H01397",824.720683530088,1.70784517741755,0.116554886094577,3.82041909093957e-49,1.43538602988158e-48
"GWK60_H01419",772.367003341767,0.637167736440013,0.104798628397792,9.64603912003873e-10,1.71239168988875e-09
"GWK60_H01441",376.900199496284,0.622954496093178,0.144929302839776,1.38521240100002e-05,2.06877263749576e-05
"GWK60_H01463",25.8658079548517,0.648468773633669,0.516341159683548,0.146679610784493,0.170429589734136
"GWK60_H01485",584.338602884713,-0.479645285626532,0.118539213493804,4.57898137081532e-05,6.70716847966822e-05
"GWK60_H01507",2967.33472586876,-0.828622964624269,0.0659231276593192,2.03669727947722e-36,6.36921979194423e-36
"GWK60_H01529",15377.5833800115,0.129385047091171,0.04771605310401,0.00726437918777834,0.00939759826062815
"GWK60_H01551",170.6023930997,0.0651557511358188,0.204896577222504,0.746730734892195,0.775479499611638
"GWK60_H01573",633.826222829118,-0.133499840204421,0.115635543947902,0.244867774790193,0.276930659083297
"GWK60_H01595",1080.75036657136,-0.514419772809591,0.0920159942683698,1.95490909159725e-08,3.2821008049159e-08
"GWK60_H01617",2034.16608655369,0.525731103536006,0.0736293352920637,8.03404746671966e-13,1.56689246106583e-12
"GWK60_H01639",5524.84114469963,1.95430329177427,0.0651784192197105,3.1322566377963e-198,3.66941423492395e-197
"GWK60_H01661",501.659672408027,0.494266171587898,0.124942925438066,6.6905181474608e-05,9.72964485917717e-05
"GWK60_H01683",1464.37047676911,0.192259837793646,0.082285959223493,0.0191072903040229,0.0239524182552813
"GWK60_H01705",0,NA,NA,NA,NA
"GWK60_H01727",689.175622718138,0.351677712207026,0.114973274123978,0.00207674406652361,0.00279663947514445
"GWK60_H01749",982.408809342536,-0.367460363980555,0.0927748197805802,6.91941150506205e-05,0.000100541725184051
"GWK60_H01771",0,NA,NA,NA,NA
"GWK60_H01793",0,NA,NA,NA,NA
"GWK60_H01815",686.067065656329,0.232280273353852,0.113718572365654,0.039896395845637,0.048962912307058
"GWK60_H01837",2793.23222351431,-2.72619726307103,0.0719870063609502,0,0
"GWK60_H01859",294.436103760012,-2.81765169835001,0.188178775917524,1.69690722208007e-51,6.58725607980898e-51
"GWK60_H01881",5527.96552165428,4.98130755357442,0.0774684187991332,0,0
"GWK60_H01903",1185.236116399,1.11608934417167,0.0909069464510057,6.11723825747272e-35,1.87947857677024e-34
"GWK60_H01925",932.51581178548,-0.477768319171926,0.0969632830051116,7.30636607945398e-07,1.1482367964723e-06
"GWK60_H01947",323.506581885044,0.566109133318772,0.152699999029675,0.000175994965249747,0.000250672493152903
"GWK60_H01969",273.433855821115,-3.3789846637359,0.21019967560231,6.29650680625138e-59,2.66663653791323e-58
"GWK60_H01991",402.950632780421,-1.23403452869866,0.14180129246808,1.47917882723922e-18,3.31507483224469e-18
"GWK60_H02013",1095.1339365043,0.75946877424372,0.0900788994318521,2.538536025889e-17,5.55436751088857e-17
"GWK60_H02035",3531.0829206016,0.123498507228431,0.059251558379898,0.0368856266661298,0.0453844201786767
"GWK60_H02057",13.176235837234,-0.345523247785579,0.612771936801112,0.481982219112513,0.520153153986832
"GWK60_H02079",507.934958493211,-0.270802726161752,0.125586091687791,0.0296770276934401,0.0367124096113581
"GWK60_H02101",1481.64149813354,-0.147462926349473,0.0818255535766137,0.0704360112748099,0.0846842101269715
"GWK60_H02123",614.859866718902,1.07886936936321,0.117122990377646,1.79170161352764e-20,4.218599143758e-20
"GWK60_H02145",890.283010035671,0.606412760116768,0.0995721804512316,9.32907437671498e-10,1.65724185145291e-09
"GWK60_H02167",16365.9103871523,2.82062186442423,0.0504323155306285,0,0
"GWK60_H02189",5123.48684798035,-1.45643604562023,0.0608866897632783,6.28827537225429e-127,4.73194970787662e-126
"GWK60_H02211",524.437955117136,-3.2475065495523,0.153026086785396,8.54541510555142e-101,5.34469482225927e-100
"GWK60_H02233",3026.20004190332,-2.03363143319853,0.0710986518936033,1.52180805541502e-180,1.62367350334341e-179
"GWK60_H02255",1314.10270109332,0.699405162005254,0.0839820617042825,6.29702658008717e-17,1.36137935927902e-16
"GWK60_H02277",534.548455034791,1.30935838471602,0.132728840710563,2.42796864134153e-23,6.0469294760684e-23
"GWK60_H02299",792.226209267494,-1.78744947608136,0.112891381883967,4.46427095208942e-57,1.84898151244019e-56
"GWK60_H02321",1267.85595168429,0.311747694763301,0.0857474600741449,0.000263463712395075,0.000371632911557547
"GWK60_H02343",401.079317090905,0.839039847638878,0.141242279604137,1.94853195251462e-09,3.42556085234857e-09
"GWK60_H02365",317.23508819766,3.40707826110128,0.19689828303322,7.72227752760155e-68,3.59461768098975e-67
"GWK60_H02387",13208.6212404636,3.88842136822351,0.0513506016814857,0,0
"GWK60_H02409",1509.66580023513,-1.35776196098443,0.0809790324380135,1.64710221792276e-63,7.31118790402844e-63
"GWK60_H02431",0,NA,NA,NA,NA
"GWK60_H02453",1703.68836311771,-0.596871228789733,0.0793958444138596,4.57380217471919e-14,9.25671390497228e-14
"GWK60_H02475",341.768872619248,-1.71020675368097,0.1576842670304,6.16600365118196e-28,1.67181336109367e-27
"GWK60_H02497",4839.66147227465,2.05841429817146,0.0582574339040582,3.10100736071861e-274,5.19468112018467e-273
"GWK60_H02519",377.725645307643,2.31939422890537,0.163059907892142,1.16100925707502e-46,4.24090881403794e-46
"GWK60_H02541",1679.78362229916,0.58433985182076,0.0771782568721043,3.09462331902354e-14,6.28726097260093e-14
"GWK60_H02563",0,NA,NA,NA,NA
"GWK60_H02585",1860.02409763041,-1.17078918665782,0.0782379149415296,5.94915407542893e-51,2.29585843263068e-50
"GWK60_H02607",1802.69482827358,-1.0592366006869,0.0812548644930775,4.19212735853494e-39,1.36283003126661e-38
"GWK60_H02629",1450.17269629581,0.411842697565684,0.0801405117034379,2.5389585024939e-07,4.07410668795543e-07
"GWK60_H02651",238.149661470044,-1.51265440312664,0.190649263924076,7.33514275382575e-16,1.54208037110805e-15
"GWK60_H02673",377.229527680804,-0.877281854745637,0.144725427792339,8.7368254466593e-10,1.55308218484042e-09
"GWK60_H02695",3018.1227973608,1.85646009372398,0.0677590885459321,7.75525220013459e-166,7.55419010605703e-165
"GWK60_H02717",0,NA,NA,NA,NA
"GWK60_H02739",1052.89366967715,-3.42966228599748,0.113416161115273,1.20357761046491e-201,1.4520225300563e-200
"GWK60_H02761",68.342213621107,-0.330172757340356,0.31939111437759,0.27461196619687,0.308447350458154
"GWK60_H02783",0,NA,NA,NA,NA
"GWK60_H02805",2664.13235150897,0.97657247767138,0.0675136713177028,1.25925952673931e-47,4.64821411273599e-47
"GWK60_H02827",1543.65895185368,0.217356352101828,0.0776551550500886,0.00501301480279912,0.00657731550579281
"GWK60_H02849",592.997599212722,0.0706470190721078,0.115108647816339,0.537479933248472,0.574506085935168
"GWK60_H02871",3120.44261780772,-0.355287930430668,0.0721296240421261,7.87438116661927e-07,1.23492083889139e-06
"GWK60_H02893",1211.33675256516,0.0855283002203421,0.0889391506485938,0.334819981098609,0.370691033588441
"GWK60_H02915",828.041052013685,1.12984932174805,0.115188327548646,5.48357687301253e-23,1.35543300526532e-22
"GWK60_H02937",77.0620880549633,0.0627146136910623,0.292679919786131,0.824675939188105,0.843764917356435
"GWK60_H02959",1041.50528182017,0.389771715626316,0.0940022695335099,3.1364770095365e-05,4.61866435334882e-05
"GWK60_H02981",873.341932213827,0.645578395790754,0.103981284646103,4.27415744540022e-10,7.68617714967697e-10
"GWK60_H03003",393.425056664996,-0.093115793282542,0.142319526806647,0.508012873674133,0.546149761374956
"GWK60_H03025",1837.34431486053,0.356724744650813,0.0732912789245602,1.06464887278424e-06,1.65927498395411e-06
"GWK60_H03047",1558.38930030866,-0.032407418991377,0.08345174511787,0.69579120911407,0.726482601247233
"GWK60_H03069",4215.68811802437,0.622075505506886,0.0620774560656915,1.04706814169131e-23,2.63268567174774e-23
"GWK60_H03091",1627.7606125409,0.751084870843971,0.0773017277713114,1.91198665488606e-22,4.67769758358171e-22
"GWK60_H03113",103.35146450798,1.38118583657895,0.277985494719494,2.61787546814676e-07,4.19817834221095e-07
"GWK60_H03135",651.296954345052,0.677427122683028,0.113110666136437,1.66331321984097e-09,2.93001591974666e-09
"GWK60_H03157",203.385189399571,-0.090464898112783,0.188114954115738,0.623559637566887,0.656509946677707
"GWK60_H03179",1126.17492459236,-2.895159204908,0.104907737148004,1.4045429476131e-168,1.38870223767761e-167
"GWK60_H03201",8951.84902357622,0.92423287003951,0.0506215803590573,1.16674544059054e-74,5.78969907311912e-74
"GWK60_H03223",571.371783903346,0.390245124785882,0.118714601997453,0.000935788841386062,0.0012858540505984
"GWK60_H03245",2027.52902321633,-0.249907231449447,0.0712598101520203,0.000439835280819613,0.000613344002415473
"GWK60_H03267",1856.83145660399,-0.731600918068623,0.0831577502697435,1.04495283166032e-18,2.34891106603986e-18
"GWK60_H03289",457.850216686802,-0.560570377203948,0.14052053853233,5.50203368252645e-05,8.02348133354287e-05
"GWK60_H03311",1741.0937280333,1.23689284829336,0.0790563174247747,1.68421633976453e-55,6.86210530376563e-55
"GWK60_H03333",3117.67627861705,-0.602783954044004,0.0619182108299318,1.56224929153074e-22,3.82918512276408e-22
"GWK60_H03355",133.12451196837,0.517679361606484,0.255855206521446,0.036231591119899,0.0446214397777263
"GWK60_H03377",2564.15661959179,0.141703860277167,0.0712250368322515,0.0462011108517759,0.0564501377654683
"GWK60_H03399",1316.02166191608,1.4199246427227,0.0878917969391779,4.18019563362246e-59,1.77178316139034e-58
"GWK60_H03421",3076.7256595764,-0.378921212195769,0.0655343015760881,6.81053411002124e-09,1.16917132567597e-08
"GWK60_H03443",619.300582111182,2.22551269752188,0.125538450909676,5.40650072132775e-71,2.58764274742347e-70
"GWK60_H03465",5534.27431911404,-4.68895782876401,0.0748498170125668,0,0
"GWK60_H03487",5827.53452589558,-0.134500938711755,0.0589236406135483,0.0219547312848337,0.0274238628730053
"GWK60_H03509",2102.63435927933,0.760775077547635,0.0734697339512075,3.18649154749488e-25,8.24443951786673e-25
"GWK60_H03531",3455.24334224085,-0.548447529357533,0.0609336837491411,1.88351375626765e-19,4.32443577388383e-19
"GWK60_H03553",823.912654860489,-4.92120929767992,0.171156872597182,2.6718183392519e-182,2.89172108322325e-181
"GWK60_H03575",3050.15515459225,0.313042380198322,0.0623368818888383,4.88977232413424e-07,7.74238483592599e-07
"GWK60_H03597",2329.00069298564,-0.00590080750881604,0.0671300971944194,0.929165580232098,0.938803486750065
"GWK60_H03619",1949.35598885646,0.0058703950785353,0.0738629375415656,0.937189749361015,0.945458013356144
"GWK60_H03641",3874.52811614492,0.445003802985413,0.0583510991229221,2.17631818986234e-14,4.43698979793639e-14
"GWK60_H03663",4413.5168697094,1.5716394115057,0.0611458980617224,3.73189226913355e-146,3.18148352279457e-145
"GWK60_H03685",6940.91564015339,-0.11562403558526,0.0529186367155199,0.0286105381810753,0.0354347612037806
"GWK60_H03707",1341.07560221784,0.369872998537891,0.0838656340567473,9.61751140501261e-06,1.4429010265364e-05
"GWK60_H03729",232.695079238036,0.234719648731809,0.180524957472169,0.186989893457567,0.214471617877628
"GWK60_H03751",1020.56999545712,-0.138214702914183,0.092546130670073,0.133499963403377,0.155804261704407
"GWK60_H03773",2373.57449409672,1.88291535164231,0.0725583662102975,4.12624166345647e-149,3.6113196588654e-148
"GWK60_H03795",8959.88397373719,2.10514133840637,0.0524562032750331,0,0
"GWK60_H03817",2.00212736641407,0.368339968528351,0.969725620389777,0.410997041927277,0.448422410399808
"GWK60_H03839",2164.35597766441,-0.875587060190756,0.075040171090139,1.21989964930446e-31,3.55888638676731e-31
"GWK60_H03861",1.50268689139818,0.00726033020097176,0.918022661784232,0.986547961403618,0.988803787534876
"GWK60_H03883",10462.1949112211,-2.87079969364716,0.0503586017676096,0,0
"GWK60_H03905",2661.38610273429,0.594074464866428,0.0653667643192547,8.33625202786869e-20,1.93080958461424e-19
"GWK60_H03927",9854.8120118582,1.73156473401784,0.0488945440731536,3.05753755644194e-275,5.17126930767994e-274
"GWK60_H03949",50.6827600149182,-0.805408163266351,0.385943829275138,0.0238550407168571,0.0297128851931491
"GWK60_H03971",2556.8040756982,-0.556466445738029,0.0667207332414601,6.15342162608363e-17,1.3314273037104e-16
"GWK60_H03993",248.580355350263,2.22646870198761,0.191053115360386,4.6870909369172e-32,1.37963616833713e-31
"GWK60_H04015",3167.98797877958,-1.62875430486114,0.0675083339740345,4.39675520054947e-129,3.36147272600149e-128
"GWK60_H04037",433.655627835999,-1.50766565194816,0.138485852402834,4.57153905407745e-28,1.24334516155364e-27
"GWK60_H04059",98.4545761963473,0.686102240810218,0.269398101318305,0.00818028236346232,0.0105383995179554
"GWK60_H04081",97.0785726767146,0.750825384675898,0.277469067557435,0.00486156642644072,0.00638816872422637
"GWK60_H04103",96.8436422732263,0.775296156910299,0.277063741409788,0.00359286899298305,0.0047651262993169
"GWK60_H04125",94.8338498837906,0.840628692131938,0.282561935299782,0.0019335732038187,0.00260985246396879
"GWK60_H04147",95.9055918518978,0.814236444419352,0.276804180485692,0.00220682157143563,0.0029687676382996
"GWK60_H04169",99.35658375602,0.685461992665878,0.265724578297183,0.00744486023049572,0.0096239775896799
"GWK60_H04191",4085.03842073737,1.25024935098605,0.063532985315056,1.55846643638738e-86,8.61085446995547e-86
"GWK60_H04213",3063.5598681777,1.13680259679927,0.0638925492738598,4.15994868571036e-71,1.99283516273556e-70
"GWK60_H04235",381.817451636351,0.263107874885079,0.140002784775237,0.0576751407768963,0.0699012074853629
"GWK60_H04257",1182.43520152302,-0.42763151304594,0.0880421608394907,1.07776395214614e-06,1.67921753207603e-06
"GWK60_H04279",510.242253794808,1.15451587834742,0.128034001975724,9.81523456905978e-20,2.26837143379853e-19
"GWK60_H04301",1397.92584410332,-1.89844666970737,0.0864177691739463,1.43006838180541e-107,9.3792514816664e-107
"GWK60_H04323",0,NA,NA,NA,NA
"GWK60_H04345",747.847911864976,-0.235057881561806,0.104079729744612,0.0231194193467838,0.028823926466955
"GWK60_H04367",1575.05266467123,0.254557127528546,0.0864737992697162,0.00314015860505501,0.00417946211097909
"GWK60_H04389",1013.31239031658,0.633422339372577,0.0977886239691937,7.553838819568e-11,1.39121821396806e-10
"GWK60_H04411",12157.9517883658,-2.67639026738452,0.0570121928085583,0,0
"GWK60_H04433",527.05456767312,1.06007042306535,0.129976756804489,1.91587214271903e-16,4.08491587786871e-16
"GWK60_H04455",1036.28109750823,0.956296210394888,0.0948777630067164,4.20359377550554e-24,1.0620030383842e-23
"GWK60_H04477",722.994840244171,-0.52310164563742,0.106451810866482,7.62761695760457e-07,1.19729230668457e-06
"GWK60_H04499",1098.96369804954,-0.705564803497985,0.091890693339898,1.21198349291324e-14,2.48442446325942e-14
"GWK60_H04521",2166.8482973833,0.00615042386049016,0.0689256365209002,0.926695290119321,0.936768181192183
"GWK60_H04543",10248.3536599091,-1.05817081060661,0.0494372720517716,6.24819502798963e-102,3.95493451831835e-101
"GWK60_H04565",4264.37960059609,-1.77473169503697,0.0595337221074355,7.04553159191031e-196,8.14494421394467e-195
"GWK60_H04587",210.075185372214,1.62514591162943,0.196715216593558,4.57377231188337e-17,9.94544950827058e-17
"GWK60_H04609",6239.28110330976,0.294442481390409,0.0548049558979357,7.58158440294003e-08,1.24544453339989e-07
"GWK60_H04631",656.073961793114,1.81462601610017,0.126695937228272,4.61413717361078e-47,1.69131439255698e-46
"GWK60_H04653",5569.75104703168,-0.222468619846204,0.0575137586296652,0.000106548926226482,0.000153589298972676
"GWK60_H04675",10802.2516739061,-0.0820628677506416,0.0527238701221218,0.120414447603948,0.141096011226725
"GWK60_H04697",2528.81701980264,0.431201264191471,0.0676605367577702,1.68628138204843e-10,3.06596614917896e-10
"GWK60_H04719",293.192627810709,-2.37637147494125,0.183972138943853,5.85593967468641e-39,1.90020004249541e-38
"GWK60_H04741",110.330415231491,-0.466628392797715,0.259226701827571,0.0619233296430936,0.0748429949270847
"GWK60_H04763",716.278383277387,2.2263303774024,0.117552993137988,1.14481206791344e-80,5.99772059484529e-80
"GWK60_H04785",590.38931052054,1.30392349645069,0.119565846376444,4.86771584788962e-28,1.32253023553199e-27
"GWK60_H04807",117.655926726342,-0.496986913814121,0.247927336379264,0.038109028033343,0.046845872272817
"GWK60_H04829",237.63769131144,-1.34481614895966,0.184071870325926,1.12221028084388e-13,2.24101217814685e-13
"GWK60_H04851",241.364109348056,-0.659882062345618,0.177088397089884,0.000149714627446838,0.000213819967518428
"GWK60_H04873",7668.97426776179,1.03834865537624,0.0517637586129423,9.78067248038048e-90,5.57381768654402e-89
"GWK60_H04895",6598.26330360665,-1.08958440265528,0.0513800975593426,4.42982090730004e-100,2.74774268542432e-99
"GWK60_H04917",7696.7483655553,-2.59720594532055,0.0533947533306984,0,0
"GWK60_H04939",505.109922794688,-0.202054015255844,0.127601468542744,0.11022462086146,0.129734058118434
"GWK60_H04961",1564.09133453724,1.14481252114937,0.0791547404466879,1.06389075554967e-47,3.93258283499034e-47
"GWK60_H04983",1343.90720392253,-0.537715590257304,0.0918390106467166,4.09457832475684e-09,7.0940322754351e-09
"GWK60_H05005",1689.36423131412,-1.49301729569754,0.0779730043617602,3.62129249521985e-82,1.93184569217611e-81
"GWK60_H05027",79.5681913745622,-0.0276717710896916,0.288557237802253,0.918686270763683,0.92964405236956
"GWK60_H05049",7938.96018892461,-1.83161094599628,0.0513046177588516,7.96506459770324e-280,1.36469836429704e-278
"GWK60_H05071",3437.41552738999,0.273446910341511,0.059947809004327,5.02189868127786e-06,7.61903289977547e-06
"GWK60_H05093",361.819083850312,0.58315372326418,0.151896810087735,0.000102548116024138,0.000147943798762196
"GWK60_H05115",408.725811287483,-0.0297354647820884,0.136359279953642,0.824651012889988,0.843764917356435
"GWK60_H05137",378.753619850171,0.40064733921668,0.141092430077257,0.00413934451923059,0.00546784333780837
"GWK60_H05159",190.334099778038,-1.63063373863037,0.206622144573071,9.17166988956233e-16,1.92356394015542e-15
"GWK60_H05181",912.323470356898,-0.078165371315751,0.0954368881123886,0.410209521651143,0.447748927969498
"GWK60_H05203",930.299178022643,0.865606031016095,0.0970160353276056,3.0827554650998e-19,7.03788791077471e-19
"GWK60_H05225",299.781513190788,0.0701544104495855,0.156312981222198,0.650983629932815,0.683604290965583
"GWK60_H05247",689.507158397251,0.268909187936217,0.111708405452193,0.0154985181779652,0.0195637642467235
"GWK60_H05269",1059.19584346238,0.679925713302411,0.0916851784574465,9.41921231950193e-14,1.88886987421198e-13
"GWK60_H05291",2711.89254560856,0.0918196903634487,0.0640932110721773,0.151431867609653,0.175640931339972
"GWK60_H05313",316.791936048244,0.464185575197733,0.153286832910299,0.00218349926466577,0.00293889614435567
"GWK60_H05335",542.008326526316,0.126671484650123,0.11985475770246,0.287758790970319,0.322113479570947
"GWK60_H05357",60618.4702657641,0.103660263618693,0.0404406317123285,0.00994486848680605,0.0127305933902652
"GWK60_H05379",0,NA,NA,NA,NA
"GWK60_H05401",3405.48096985211,1.32911297964105,0.0614572305375882,4.02391819893882e-104,2.59703186827217e-103
"GWK60_H05423",1896.34898410124,-3.40556882725818,0.0902282068217719,0,0
"GWK60_H05445",3086.92247230723,-0.577540374068489,0.0673773568026357,8.34432867292456e-18,1.83875864346808e-17
"GWK60_H05467",529.314313904843,0.717974594250731,0.12262283663926,3.60978976905067e-09,6.28101031597967e-09
"GWK60_H05489",5578.20314310982,0.0916214509537594,0.0685154516033001,0.180444333009879,0.207688663376797
"GWK60_H05511",2266.72439847673,1.12493022985061,0.0691670129565913,7.6622329327546e-60,3.26607335707368e-59
"GWK60_H05533",2069.66378204334,1.34590551510844,0.0740171636598906,3.07027760932309e-74,1.51640002113047e-73
"GWK60_H05555",17983.1401972998,-3.45067721980689,0.0524779397965737,0,0
"GWK60_H05577",7726.96858019842,0.844463227121074,0.0500359356470624,4.55916305965341e-64,2.03575532205237e-63
"GWK60_H05599",449.788368384133,-0.275383976709161,0.13033168931446,0.0330180215482251,0.040768730831846
"GWK60_H05621",954.513398197417,-5.98873766875319,0.207299893420647,2.11206869947587e-183,2.29534738827337e-182
"GWK60_H05643",1657.37695239198,-1.52065634647336,0.079312396590328,2.11454925153657e-82,1.12919076782562e-81
"GWK60_H05665",761.785637966992,0.395075532428332,0.105115012743011,0.000157962239023725,0.000225415457749537
"GWK60_H05687",55.1868497700648,-0.253848627982925,0.339215176979975,0.42577066377314,0.463292033811899
"GWK60_H05709",1134.42370954842,1.42967541526187,0.0918272944751626,4.69719455987167e-55,1.9049532293697e-54
"GWK60_H05731",871.210055103212,0.54028027904791,0.106424520449264,3.30914717802196e-07,5.28258396248725e-07
"GWK60_H05753",277.00250776489,0.756689090640845,0.170764684512932,6.75624392871202e-06,1.02032279830678e-05
"GWK60_H05775",706.774296202984,1.37840678526013,0.112523976346362,6.57090371411405e-35,2.01650837434305e-34
"GWK60_H05797",653.312618428596,-1.86879278183867,0.118469147159766,1.21968514162781e-56,5.03179909408808e-56
"GWK60_H05819",935.791299676933,-0.253415759193407,0.0946494001468159,0.00714095315248373,0.00924702451552546
"GWK60_H05841",1741.72341383151,2.12563496589213,0.0856732571263291,1.32557184736435e-136,1.06288230444154e-135
"GWK60_H05863",1497.25740186244,-1.29607782647845,0.082946563803602,2.1053841534445e-55,8.57145560922451e-55
"GWK60_H05885",482.269283772959,1.32945868617359,0.134908365847343,2.76952201418659e-23,6.89431414795148e-23
"GWK60_H05907",80.6437528860405,-2.51567366922525,0.349915903876828,1.07113893332991e-13,2.14064999594047e-13
"GWK60_H05929",34.229704947244,1.23600531133023,0.480619317944007,0.00413706650192987,0.00546620693296938
"GWK60_H05951",223.754484152712,0.431854698694846,0.189257301967602,0.0201672160554507,0.0252450158142957
"GWK60_H05973",75.1519759984849,0.573059563387386,0.302930314443769,0.0472059897294634,0.0575976585425603
"GWK60_H05995",0,NA,NA,NA,NA
"GWK60_H06017",7374.30964377111,0.0292792597323696,0.050441760641513,0.561420805682134,0.598393807069508
"GWK60_H06039",507.746782193907,0.189856759016502,0.134666476158538,0.155306778024039,0.179936927842829
"GWK60_H06061",3273.00880370453,0.020065943331486,0.06237849670354,0.747920253735348,0.776408236559686
"GWK60_H06083",1044.34677466596,0.477980539357068,0.0943965292717948,3.65531549677174e-07,5.82811746378277e-07
"GWK60_H06105",1730.00048540253,-1.84188077317733,0.080898837060789,2.44829762403501e-115,1.6944796713716e-114
"GWK60_H06127",3776.72070768017,0.89580600775595,0.0664446604391804,1.26949398310088e-41,4.29423688174316e-41
"GWK60_H06149",118.019926826758,0.349911178099502,0.240823232410896,0.134938603240107,0.157378504000657
"GWK60_H06171",3209.87546861982,1.62140768220503,0.0674545251494213,3.47629299323653e-128,2.6423845584428e-127
"GWK60_H06193",3671.00338734596,0.817573450144909,0.0609100141085951,3.16665358853314e-41,1.06431935307887e-40
"GWK60_H06215",1072.78156339196,-0.0566110360024185,0.0901233729605929,0.527752074818853,0.564911663318512
"GWK60_H06237",257.296091806387,0.209377958748373,0.1741158793761,0.222978745033066,0.253538304987878
"GWK60_H06259",615.291789335851,0.360966859275134,0.122297677409842,0.00295201414937744,0.00394101381363587
"GWK60_H06281",6112.64200167288,-1.27286237265158,0.0554313246801618,4.93269820222996e-117,3.4640844517663e-116
"GWK60_H06303",1896.45452349291,-0.121317168414966,0.0729347236492828,0.0952867671222345,0.112910203888928
"GWK60_H06325",7027.42668611831,0.709982436805289,0.0539594047900041,1.13360435489285e-39,3.72207172705144e-39
"GWK60_H06347",189.674141588042,-0.21139784812168,0.193907776685945,0.266051842471411,0.299536106892042
"GWK60_H06369",6271.81041084787,1.16538608430559,0.054781149276729,9.7464825648658e-101,6.08865775429859e-100
"GWK60_H06391",1204.3799034296,-0.187564171022747,0.0854426254343976,0.0275286063271472,0.0341671706655956
"GWK60_H06413",1926.7042345425,0.242669629135342,0.0767583003339402,0.00152667774848696,0.00207180726445857
"GWK60_H06435",1701.57175405666,-0.585105375023501,0.0778093840295222,4.52107232816742e-14,9.15351826257144e-14
"GWK60_H06457",680.395429011261,0.824060809948084,0.114232691471095,3.73718649982323e-13,7.36791641269497e-13
"GWK60_H06479",1370.3099915015,-0.764349357950697,0.0868142285801293,9.60104048291167e-19,2.16095305691551e-18
"GWK60_H06501",373.45092434491,0.126230118775768,0.140875491102622,0.366269528737887,0.403134070132096
"GWK60_H06523",2033.62202887083,0.778029596225585,0.0727471735709522,8.23160781595353e-27,2.19231681579319e-26
"GWK60_H06545",8.01348021495203,0.523837684422449,0.75086440951225,0.331443402241507,0.367571641532855
"GWK60_H06567",361.138080342793,1.93493725663789,0.156754072338128,1.23170717332681e-35,3.82680433059599e-35
"GWK60_H06589",1206.2649898917,0.503003693380985,0.0877504396504876,8.67941553885374e-09,1.48322695693212e-08
"GWK60_H06611",3691.72044147268,0.983909404558556,0.062474189241021,4.22724302955951e-56,1.73577660698541e-55
"GWK60_H06633",4753.62095514206,3.92787091534856,0.0681018385176949,0,0
"GWK60_H06655",1845.21199580119,0.37844304319343,0.0752075134781909,4.51422174874892e-07,7.16499891322249e-07
"GWK60_H06677",259.623431962999,0.945431660088552,0.190672353439143,4.4237935519802e-07,7.02571077397821e-07
"GWK60_H06699",2614.96510011311,1.46063444774254,0.0727926083008075,5.14397790766391e-90,2.93782017310664e-89
"GWK60_H06721",1249.0011739798,1.16925885891314,0.0876869586308435,7.13845946770717e-41,2.385533468878e-40
"GWK60_H06743",805.566669807456,2.94391167100385,0.119691720172726,2.52110314801798e-134,1.99713893954437e-133
"GWK60_H06765",376.711258428665,0.394612051496848,0.14632863902605,0.00641988886383465,0.00834823619870712
"GWK60_H06787",561.217278027857,1.74358525965887,0.13249203917669,4.57720990761075e-40,1.51137000088089e-39
"GWK60_H06809",684.27747264193,0.736421032661666,0.111158633075084,2.59058840209237e-11,4.83380453884565e-11
"GWK60_H06831",701.263629376478,-0.883760785194759,0.110637080941083,8.98319601488901e-16,1.88478703782673e-15
"GWK60_H06853",268.32826977954,-1.17506013452646,0.172258049399452,4.30010342028062e-12,8.21894767103055e-12
"GWK60_H06875",4191.07536577399,-0.58715185751304,0.0566874125651414,3.18645631819008e-25,8.24443951786673e-25
"GWK60_H06897",516.536225296104,-0.0918785596819714,0.12373716760764,0.453694048932701,0.492149040500311
"GWK60_H06919",419.670204211851,-1.26268507642539,0.13871140844605,3.89956214244667e-20,9.11630971967532e-20
"GWK60_H06941",1186.73579127132,-3.31349939902774,0.108193151853637,5.20292413225212e-207,6.45457097538824e-206
"GWK60_H06963",5774.39368555846,0.358941699332794,0.0561544139151395,1.53904601363776e-10,2.80117025319537e-10
"GWK60_H06985",1264.00217588092,1.75886657163299,0.0945136109873491,7.31957612483199e-78,3.73433272712088e-77
"GWK60_H07007",2837.15606797543,1.12112897706222,0.0684954595213141,1.75777359449445e-60,7.54150824391581e-60
"GWK60_H07029",1310.05261608742,-1.71039135818592,0.0901439167287391,7.27039978649079e-81,3.81659709350714e-80
"GWK60_H07051",85.9841138391214,-0.274410565112053,0.296741093265753,0.33292318082661,0.369134892737768
"GWK60_H07073",3520.26031029025,0.608317637824235,0.0596188080955723,1.59184215352789e-24,4.06263451118715e-24
"GWK60_H07095",515.830511624706,-0.339272831270942,0.127286381847724,0.0071702486614696,0.00928267486077531
"GWK60_H07117",338.310676184984,-0.3431766704391,0.147877382060371,0.0188821565096179,0.0236758386747533
"GWK60_H07139",91.8082773548765,-2.07995324665937,0.306887588115781,2.55607042293373e-12,4.915879497123e-12
"GWK60_H07161",594.321234326833,-3.32856388620248,0.147002464843363,1.83484766788443e-114,1.25831795737577e-113
"GWK60_H07183",633.534434822058,-2.42269253155998,0.129759372688997,1.79561991139659e-78,9.19665115281994e-78
"GWK60_H07205",1693.18940331742,0.801295567005603,0.0771598893945711,2.09382717195523e-25,5.44146784806547e-25
"GWK60_H07227",1775.29579075634,-2.67329274546908,0.088450041313915,1.34370037379774e-201,1.61736017532634e-200
"GWK60_H07249",78.2624110006423,-3.39267975466684,0.392437073717803,8.73466141528617e-19,1.96763678991029e-18
"GWK60_H07271",826.244824740836,-0.282330334354224,0.100064430330777,0.0045572409665918,0.00599877064170992
"GWK60_H07293",343.002690697702,0.298552998170387,0.148093912318157,0.0417318523465734,0.0511558012917679
"GWK60_H07315",104.728083924741,-0.702267839225713,0.267485409475962,0.00631829470425062,0.00822425888254349
"GWK60_H07337",2297.15091898782,0.799168722033236,0.0702831641741025,4.22270134256874e-30,1.19416177752213e-29
"GWK60_H07359",236.962468079394,0.76410930332056,0.177504039083,1.21098899190437e-05,1.81166157491951e-05
"GWK60_H07381",9462.98960914317,0.0830503092766246,0.0476835707049242,0.0816658388009675,0.0974948506793212
"GWK60_H07403",752.300547393161,-1.48038390021913,0.11039859375937,1.82721801162875e-41,6.16495621627147e-41
"GWK60_H07425",866.759020777098,0.157776962821661,0.0983717957787964,0.107338493302555,0.126535292418521
"GWK60_H07447",327.774229343043,-2.78237584801636,0.182764505468718,4.68142545638769e-53,1.85563661647319e-52
"GWK60_H07469",1378.05953490535,0.389890718160076,0.0823751559176006,2.04650633035769e-06,3.1549306265186e-06
"GWK60_H07491",3157.33364157227,-0.27946566460241,0.0611333493595995,4.62668049732014e-06,7.03159185666105e-06
"GWK60_H07513",1802.05976774781,-0.0149604662377926,0.0777177350434461,0.846541061189096,0.864119150369619
"GWK60_H07535",1882.15109771778,0.600490486005384,0.07392109750387,3.77113174702549e-16,7.98235532770789e-16
"GWK60_H07557",12124.7821582803,-1.66062835411731,0.0496244835483034,2.87300365196675e-246,4.24494359813064e-245
"GWK60_H07579",154.397802703384,2.445669836066,0.24844826035765,1.41627438223809e-23,3.55081184488673e-23
"GWK60_H07601",422.023628890817,0.0334968726599731,0.138716104274913,0.808550126818692,0.829039701182519
"GWK60_H07623",13.7309308087122,0.24251847549088,0.592064047324244,0.617874880420067,0.651306988178267
"GWK60_H07645",474.737334166622,-0.396105559791385,0.128741450578212,0.00190522709767328,0.00257225219039052
"GWK60_H07667",216.856744178404,-0.661817765546481,0.186229271746935,0.00029398456950332,0.000413796851909945
"GWK60_H07689",3807.41669936835,0.115894135637726,0.0583583310573648,0.0467571210368739,0.0570764577985511
"GWK60_H07711",449.79943313535,-0.402131975444034,0.131020548661935,0.00194860772543039,0.00262858331883944
"GWK60_H07733",1534.84760803287,0.271239215681752,0.0779321721929012,0.000482941162053806,0.000672029236085454
"GWK60_H07755",2728.05349156944,0.339513423302849,0.065653459681708,2.19216903253999e-07,3.53380604080918e-07
"GWK60_H07777",776.953244595044,0.604914019491273,0.103773861246636,4.61362034647317e-09,7.98015225993058e-09
"GWK60_H07799",1359.9974031049,-1.06979969391593,0.0853835700160801,2.81479075202136e-36,8.78682454340199e-36
"GWK60_H07821",738.89458429282,0.986805119748371,0.109604588534281,1.32579193671372e-19,3.0559446043445e-19
"GWK60_H07843",1266.16180045653,0.357685534982317,0.0859082560664245,2.94165895647054e-05,4.33663848403448e-05
"GWK60_H07865",4491.30267130227,0.304129592604495,0.0557186249715209,4.62400421309148e-08,7.66538359938896e-08
"GWK60_H07887",2428.83973000308,0.482308790684982,0.0684201213127951,1.612985555933e-12,3.12497385790335e-12
"GWK60_H07909",624.793147989205,-1.10132006840548,0.116357783965951,1.51134042584408e-21,3.63495685411059e-21
"GWK60_H07931",1132.96698429186,0.458880089167238,0.0895430038392724,2.67042736087023e-07,4.28114840541829e-07
"GWK60_H07953",1313.22868131551,-4.78341348386739,0.13147806204953,2.18206750507323e-290,3.94421823941072e-289
"GWK60_H07975",656.298645459121,-1.81785108833039,0.117692248942219,2.13856998395356e-54,8.6132297975465e-54
"GWK60_H07997",743.465898578352,-3.26701783147666,0.130168953533333,6.2461138411783e-140,5.12551619416503e-139
"GWK60_H08019",786.917891195782,-0.123000299243671,0.105636954529748,0.2413798019974,0.273279758610918
"GWK60_H08041",965.386790650977,0.780054802053229,0.0996651467368121,3.62435467200075e-15,7.50850948197082e-15
"GWK60_H08063",675.414642918819,-1.23337723389058,0.113352060924289,6.51400228006404e-28,1.76344065842187e-27
"GWK60_H08085",175.577741485446,-0.954827084994567,0.213539543686329,4.65735992871025e-06,7.07617366407162e-06
"GWK60_H08107",548.712603968972,0.549687355146705,0.124998320607524,9.26701850506604e-06,1.39150777438331e-05
"GWK60_H08129",4208.71522196681,2.0527586901759,0.0593600039415573,1.08898527434638e-262,1.74105244469969e-261
"GWK60_H08151",11659.5595676122,0.0514452423466985,0.0463528714486576,0.266864917535386,0.300387217255753
"GWK60_H08173",166.819117197272,0.128701000863808,0.207048799583231,0.526662438527276,0.563974842559745
"GWK60_H08195",1817.27081700938,0.169592618388342,0.0733780196926203,0.0205398888363054,0.0256931784254379
"GWK60_H08217",863.313742984927,1.99376855237443,0.108240455407134,2.09539040388141e-76,1.054713255925e-75
"GWK60_H08239",1851.39245297508,1.11169722889122,0.0794437087962202,9.38476255031159e-45,3.31746310582251e-44
"GWK60_H08261",3147.81951505037,0.7295003568083,0.0688499100375199,2.69571776941372e-26,7.13971574376443e-26
"GWK60_H08283",82109.7286788525,-0.673692371721795,0.0424464530123257,7.73902277806624e-57,3.19774232620805e-56
"GWK60_H08305",843.375935384881,-1.73939986372429,0.105755998490975,2.5762402894144e-61,1.11714954017475e-60
"GWK60_H08327",6749.65591530579,0.618739759964489,0.0526903252187323,6.30891439776042e-32,1.84874037505403e-31
"GWK60_H08349",826.684803337245,-1.29412863429976,0.112911914446333,8.86743840478097e-31,2.54739082518558e-30
"GWK60_H08371",93.9946385550786,-4.61918414137948,0.467205412853796,1.45547665096479e-23,3.64562246860704e-23
"GWK60_H08393",1461.41713377401,0.13801925363637,0.0810363298163699,0.0877464442621344,0.104445869386474
"GWK60_H08415",944.845682526663,-0.458608675522768,0.100054380598007,4.05263785218737e-06,6.17193177672547e-06
"GWK60_H08437",1150.18352699365,-0.243584695523901,0.0885734720600515,0.00575385377301985,0.00751745425883865
"GWK60_H08459",4265.73212854969,0.829925442635305,0.0594178863416369,1.68670664010016e-44,5.94244938173263e-44
"GWK60_H08481",392.470345970219,0.310746420316882,0.140274760776222,0.0252702670509795,0.0314458492283303
"GWK60_H08503",4560.9556749677,-0.297683402334418,0.061019663130684,1.05090660455896e-06,1.63834283935392e-06
"GWK60_H08525",2057.6893252815,0.0353150943302114,0.0730386394273921,0.627714389347953,0.660487635121071
"GWK60_H08547",1447.9952278591,1.41550802482949,0.0844377018203414,1.80243133607739e-63,7.98046197623491e-63
"GWK60_H08569",668.120385516411,-1.74388351115322,0.118903760350243,3.08240616858345e-49,1.16059101265204e-48
"GWK60_H08591",1302.1936233696,1.66062901008565,0.0887816485147719,1.36643256710164e-78,7.01213200288254e-78
"GWK60_H08613",196.099058088268,-0.306918684766904,0.192982992483141,0.104888917335165,0.123897530919148
"GWK60_H08635",0.26576346599603,0.0991779587279397,1.01761455588908,0.763354062719203,0.788849188586053
"GWK60_H08657",548.243843658532,-0.583955705455515,0.126114484816253,2.99899424528006e-06,4.58967405591304e-06
"GWK60_H08679",567.68410604298,-0.510273380745729,0.120689272617214,2.03848060790187e-05,3.02465669888966e-05
"GWK60_H08701",8101.38953565443,-3.14133568834905,0.0623168825754855,0,0
"GWK60_H08723",1.27086855979198,-0.285176189296844,0.995565554370833,0.433386335815557,0.471383814389956
"GWK60_H08745",1883.91241986164,3.00143642253984,0.0854156381323041,3.18946497103457e-271,5.32590023734662e-270
"GWK60_H08767",1176.36736743618,-0.958564976971725,0.0879756211771072,7.35466691743715e-28,1.98795210615208e-27
"GWK60_H08789",1599.84094185485,-2.40849202045594,0.0871185399654946,4.56740754594476e-169,4.54150542375603e-168
"GWK60_H08811",15150.0072838117,1.70089887450379,0.0462755663833458,2.89835124401226e-296,5.38704153480724e-295
"GWK60_H08833",1363.28949275371,-0.389164206856194,0.0828750577400055,2.44003718457443e-06,3.74842160948059e-06
"GWK60_H08855",1270.26869013775,2.80316809780199,0.0969211297283555,9.49986283434768e-185,1.03886233905756e-183
"GWK60_H08877",3.53420644106247,0.478407313137892,0.931403646018954,0.352787823569425,0.389518041976317
"GWK60_H08899",9167.00389215624,0.308873819672127,0.0486027782258226,1.99465731438392e-10,3.62164220699323e-10
"GWK60_H08921",356.117489869439,0.129734178865387,0.146067285004349,0.37018626384966,0.407019178062126
"GWK60_H08943",34192.8478078286,-3.10589074129067,0.0462036821345005,0,0
"GWK60_H08965",1413.47659178886,-0.420593304460019,0.0838126932336412,4.7108320656139e-07,7.4680460111902e-07
"GWK60_H08987",2408.42766775844,-0.924550009207091,0.0710214477880796,5.92554174920734e-39,1.92159985208574e-38
"GWK60_H09009",658.014920386215,-0.436985498666097,0.112271059296639,8.92926097161913e-05,0.000129245769704779
"GWK60_H09031",6394.42046328463,-1.17956117804505,0.0543631163538222,1.02339254237208e-104,6.62936548383883e-104
"GWK60_H09053",1286.32530136658,0.067119747457699,0.0896869994036246,0.45321936905456,0.491836988080666
"GWK60_H09075",6046.01656430579,0.784298196723887,0.0536154193708271,1.39467115441465e-48,5.21020615924792e-48
"GWK60_H09097",2990.22498692727,0.161847434198335,0.0622565522838684,0.00925164178886126,0.0118691794657098
"GWK60_H09119",1245.32754247593,0.869924901440967,0.182928713366059,1.2951125043498e-06,2.01308858536641e-06
"GWK60_H09141",1555.38778410044,0.583844932466774,0.0840997913369236,3.20459251954536e-12,6.14067637625086e-12
"GWK60_H09163",3862.83927515135,-1.19433333724221,0.0616235130492266,5.70830264973817e-84,3.09543009666214e-83
"GWK60_H09185",1865.04295451791,1.81589897635881,0.0857158668177109,4.08754748706397e-100,2.54443784401852e-99
"GWK60_H09207",860.259586225098,1.02267071682136,0.100078557760106,9.39235149857157e-25,2.40290704681354e-24
"GWK60_H09229",277.648287032502,2.34511871790092,0.183638747698032,4.45516158118301e-38,1.42456838401354e-37
"GWK60_H09251",0,NA,NA,NA,NA
"GWK60_H09273",578.501346197179,1.42043857960141,0.123680225275087,6.03124283366497e-31,1.73927287856786e-30
"GWK60_H09295",575.977770890934,2.80255476416753,0.136580672316048,2.50574219882134e-94,1.4759466926988e-93
"GWK60_H09317",3150.00403442256,-0.563939275915088,0.0626629845244347,1.94176553825524e-19,4.45623330332574e-19
"GWK60_H09339",6508.08792177573,-1.01097907998324,0.0514409983449825,1.15368507145169e-85,6.35432824694859e-85
"GWK60_H09361",478.767411974947,0.430423656624629,0.130362666741272,0.000872419570946726,0.00120097538423967
"GWK60_H09383",3593.81226848728,1.22597210460578,0.0604596602325568,9.04838073103987e-92,5.25325415510703e-91
"GWK60_H09405",468.385312513362,-1.16335203793395,0.14390848112251,3.161023911587e-16,6.70713423757468e-16
"GWK60_H09427",567.960769764017,1.91075841794583,0.126837291293439,7.20032087273407e-52,2.81170659172837e-51
"GWK60_H09449",0.970742161249979,-0.00924842540957888,0.953749629221227,0.978302288142868,0.982411232461147
"GWK60_H09471",1044.57581381639,-1.08065290961665,0.0930311337144441,1.79631940140861e-31,5.22312882886084e-31
"GWK60_H09493",944.678476767792,-0.561631562146281,0.0954489045400096,3.36399233330906e-09,5.86302176050551e-09
"GWK60_H09515",2596.84611576419,-0.342961905527312,0.0655972008825737,1.60187809856956e-07,2.6005798760728e-07
"GWK60_H09537",0,NA,NA,NA,NA
"GWK60_H09559",1228.72157710984,-4.26903530358825,0.127129714686773,4.21488234612857e-248,6.3525160861422e-247
"GWK60_H09581",935.820921960767,-4.08438568415048,0.140448512232671,9.52941812742735e-187,1.04863471444075e-185
"GWK60_H09603",570.136638737025,0.908276254503374,0.125792133289824,3.2666767670202e-13,6.44513120574878e-13
"GWK60_H09625",2126.34438937444,-0.13052750018631,0.0708121883886229,0.0644786365693907,0.0777527804573579
"GWK60_H09647",4406.92931518492,0.484588743238633,0.0635272606289115,2.12404921640525e-14,4.33546716270531e-14
"GWK60_H09669",467.610415528502,-0.137132025237779,0.131357184787381,0.291961122758229,0.326470133016217
"GWK60_H09691",1163.12535574242,-4.42163900939055,0.130343092075331,3.97522878826444e-253,6.06078360181767e-252
"GWK60_H09713",857.258729053631,-0.68742433460267,0.1012018595466,8.42051674192065e-12,1.59037407764821e-11
"GWK60_H09735",1237.07785942801,-0.720032787353896,0.0913422866076779,2.38988164682166e-15,4.96672361212245e-15
"GWK60_H09757",2977.31383887034,1.372929413446,0.0666068344365309,8.40487916006097e-95,4.9729656222633e-94
"GWK60_H09779",5408.67739567585,-0.99814916238804,0.0616710783200756,3.6445425751413e-59,1.54599144719703e-58
"GWK60_H09801",9711.81572394925,-0.624253218748536,0.0512204510197319,2.92568547892077e-34,8.84431357420877e-34
"GWK60_H09823",28178.4837548893,-0.481361129596215,0.0427165069184436,1.6467209896268e-29,4.61467895867713e-29
"GWK60_H09845",0,NA,NA,NA,NA
"GWK60_H09867",5.18011731616004,0.296408566325256,0.796155357301702,0.569086740675464,0.605314310392726
"GWK60_H09889",2581.96448448612,0.371868644659258,0.0689508363373352,6.51123214715252e-08,1.07229433606832e-07
"GWK60_H09911",205.282925113569,0.0111409978106977,0.189721319649633,0.953590690741625,0.960529879988692
"GWK60_H09933",1057.36328039392,-0.401979528207419,0.0900919212514689,7.41689069860607e-06,1.11848753081043e-05
"GWK60_H09955",286.545816561321,0.063809524637543,0.161879376193624,0.691037100296104,0.722061014612138
"GWK60_H09977",6756.76504754277,1.57972377418727,0.05436865640463,4.0594794543488e-186,4.45779998536006e-185
"GWK60_H09999",5319.15870475764,-0.216286481513512,0.0609609292106924,0.000376769141324892,0.000526655775543166
"GWK60_H10021",12181.9311721462,-0.448938334627546,0.0537456099761526,6.12430535721112e-17,1.32567268226051e-16
"GWK60_H10043",590.392188507256,-0.642095625460485,0.119303369160988,5.85958257379325e-08,9.66794364433892e-08
"GWK60_H10065",2358.97243444685,1.96951867390765,0.0713612486893897,2.6726109715291e-168,2.63257185585077e-167
"GWK60_H10087",3462.20923935197,-2.5001424860281,0.0684296342466073,3.52880186504798e-293,6.53573866554661e-292
"GWK60_H10109",103.116131762287,3.9422407553867,0.381835853799431,9.35893079003104e-26,2.4479351544288e-25
"GWK60_H10131",3437.97693590297,0.307837532130902,0.0633422300038251,1.12558007706656e-06,1.75216075920986e-06
"GWK60_H10153",288.311553428175,-0.615142517123643,0.162361449485401,0.000121548522973334,0.000174732230347018
"GWK60_H10175",1845.79280973795,0.169171164768449,0.0826210657897355,0.0400017432238085,0.0490807486254333
"GWK60_H10197",685.610745611458,-0.817830547346737,0.109170926229811,4.6942517388347e-14,9.49683236395021e-14
"GWK60_H10219",338.234989804289,-3.44296824605712,0.19179979529975,7.27041598872263e-73,3.55082526468719e-72
"GWK60_H10241",1008.09339478328,-0.544908640264129,0.0938685665281076,5.42591439946716e-09,9.36669174309067e-09
"GWK60_H10263",594.131820505153,0.171271884824033,0.117582860983529,0.142929716206907,0.166182649701223
"GWK60_H10285",495.251334728132,-0.776625530269027,0.134834491535613,5.89285341534093e-09,1.01494462883737e-08
"GWK60_H10307",157.652224347334,-0.722004445750562,0.225931520384324,0.00101765435744002,0.00139470086506892
"GWK60_H10329",2667.20052892979,2.31044253582795,0.07228416726252,7.55093368444581e-225,1.02365750464394e-223
"GWK60_H10351",419.982235933544,-1.67623497379916,0.146508787766342,7.73516950932964e-31,2.22698366825801e-30
"GWK60_H10373",1293.30113662706,-2.84515350443502,0.0966555199616157,2.95823606787945e-191,3.34630574560127e-190
"GWK60_H10395",1905.10625755624,0.595209722469505,0.0723602616787166,1.62002033297338e-16,3.46113198677497e-16
"GWK60_H10417",5.4440221047424,0.374300849985168,0.800325771009025,0.478924524957278,0.517065476452234
"GWK60_H10439",2312.48720710406,0.782954593992359,0.0700954446245689,4.16053956814447e-29,1.15790677928253e-28
"GWK60_H10461",2007.0943686394,-0.265166629227701,0.0728084102115403,0.000261990364218443,0.000369653786424091
"GWK60_H10483",1661.90434545251,-0.207154979644293,0.0759476380257845,0.00621506798122267,0.00810192257279585
"GWK60_H10505",749.085722457222,0.433470144544242,0.106293560429101,4.13126624710027e-05,6.05811554495328e-05
"GWK60_H10527",368.275461314585,-0.42483979575631,0.150784835288264,0.00432241269563783,0.00569821824036466
"GWK60_H10549",2871.27383397637,-0.693590870118244,0.0634262469635512,5.9135715676958e-28,1.60419734121093e-27
"GWK60_H10571",4474.47417258058,-1.41264404983747,0.0622254516835592,1.49023133401729e-114,1.02331812231474e-113
"GWK60_H10593",0.468607412508141,-0.00135477340216372,0.987661759044214,0.998747346700752,0.998937258727126
"GWK60_I00011",12.96596295895,-6.88023574106296,2.67526622173519,7.94960379882267e-06,1.19779192156423e-05
"GWK60_I00033",422.382427124483,2.79991611220342,0.161882088542488,7.98553954594421e-68,3.71387603993515e-67
"GWK60_I00055",17801.5116438116,-0.577016715997854,0.0465043867398319,1.93649663080503e-35,5.99527503121511e-35
"GWK60_I00077",936.396670266564,1.53720616361513,0.100071760584482,1.04425033122716e-53,4.17065811864455e-53
"GWK60_I00099",171.65576574331,-3.2294516615546,0.258852290647645,1.61485082562556e-36,5.05903236616466e-36
"GWK60_I00121",1022.58038672483,0.0652849553272773,0.0940278708017585,0.486285420559032,0.524581893384026
"GWK60_I00143",126.573117907987,1.12995991789185,0.246469249270065,2.28677061564603e-06,3.5160518673774e-06
"GWK60_I00165",1763.83960473219,0.236054790200015,0.0748550590539897,0.00157139403815298,0.00213084110355367
"GWK60_I00187",3141.68202269021,3.24008622459956,0.0743297565709185,0,0
"GWK60_I00209",1070.68859040742,-1.2006143509333,0.0938008166343418,7.57760367615346e-38,2.41418505975574e-37
"GWK60_I00231",332.752648367789,-0.916858716266018,0.15264509901381,1.17757686823297e-09,2.08346679346691e-09
"GWK60_I00253",2993.44049555294,-0.173928997344381,0.0629000621215299,0.00556275542160962,0.00727139500936049
"GWK60_I00275",4187.15076052302,1.87344995171304,0.0591689762085598,1.15730090471782e-220,1.54895744499128e-219
"GWK60_I00297",15858.0758247107,1.1545604551787,0.0465592167432178,4.81883704476539e-136,3.85800347876194e-135
"GWK60_I00319",1315.38856741337,0.18707536441606,0.0865163878686208,0.030034932333389,0.0371464246587411
"GWK60_I00341",3597.63942055147,1.81987749016517,0.0622817925650093,2.76895425675165e-188,3.08574139629527e-187
"GWK60_I00363",1143.41222735066,-0.434436604894822,0.0919410925499531,2.05994747069718e-06,3.173791357899e-06
"GWK60_I00385",3981.56553591004,-0.490241444338964,0.0574330507529001,1.2065046510561e-17,2.65199100064986e-17
"GWK60_I00407",478.406763223322,0.657618656652957,0.129328953527476,2.93012969452977e-07,4.68749458431465e-07
"GWK60_I00429",6577.54717086808,0.464000949483123,0.0541455250989732,1.01503265379938e-17,2.23298693391249e-17
"GWK60_I00451",0,NA,NA,NA,NA
"GWK60_I00473",190.421782550545,-0.521908778765521,0.197349919170512,0.00693465689650653,0.00899316944665294
"GWK60_I00495",3384.08116632355,2.19342505102373,0.0646102385492044,2.94093320476032e-253,4.49689205146491e-252
"GWK60_I00517",2729.64640905275,0.449492063360717,0.0655421265826464,6.3299691244473e-12,1.20200857742212e-11
"GWK60_I00539",2928.82277152754,-0.451700518436457,0.0637117611825974,1.19202837424471e-12,2.31881259191095e-12
"GWK60_I00561",0.765621739168061,0.297589982561084,1.05484975879769,0.334268201480313,0.370391982259627
"GWK60_I00583",0.53152693199206,0.177661879291495,1.02776635140941,0.52414198480237,0.561390112005796
"GWK60_I00605",5128.34368436023,0.323176556248209,0.0556141144349314,5.92494791052016e-09,1.02013833091116e-08
"GWK60_I00627",1920.6689288644,0.108170554065666,0.0736393434475159,0.141045214160826,0.164136687275652
"GWK60_I00649",3289.4027404994,0.997428124363546,0.0633775563889542,5.00173217029745e-56,2.05219276254014e-55
"GWK60_I00671",8146.8546851439,1.30905561517024,0.0496670043217642,1.78444098767602e-153,1.6295415963847e-152
"GWK60_I00693",1979.78513097988,0.110875781643069,0.0761870889479095,0.144609855183336,0.168098969782176
"GWK60_I00715",1457.20412225513,0.0427973368380737,0.0796107217713971,0.590429029790701,0.625258042419788
"GWK60_I00737",1636.4104769614,-1.284714994496,0.0801083954518995,3.07816895013168e-58,1.2891057864405e-57
"GWK60_I00759",549.748087864391,0.560029307653098,0.122209396820693,3.87994239160985e-06,5.91379222830131e-06
"GWK60_I00781",0,NA,NA,NA,NA
"GWK60_I00803",0,NA,NA,NA,NA
"GWK60_I00825",2911.97478777476,0.373346959850808,0.0657352078864989,1.26831509147928e-08,2.14996370647148e-08
"GWK60_I00847",2856.8126874803,-0.175210813393712,0.0672808412486439,0.00903935434245459,0.0116081552346951
"GWK60_I00869",357.585718405333,-0.525762079744171,0.146519908151553,0.000287050204344955,0.000404252764351931
"GWK60_I00891",723.939651820291,-0.639984648490217,0.109258131940692,3.75106047499975e-09,6.51604296515809e-09
"GWK60_I00913",1390.73332956572,-0.765079414495609,0.096073982331347,1.19845824016024e-15,2.50851187554431e-15
"GWK60_I00935",1097.14489190855,-2.60447930971886,0.103718205787899,5.30598190413433e-140,4.36085387746041e-139
"GWK60_I00957",1278.02931196568,-0.850633095464148,0.0860906359297541,3.43259956365326e-23,8.52880193897786e-23
"GWK60_I00979",925.686071431138,-1.57211139323564,0.110270280207247,1.18130997157692e-46,4.31206832095392e-46
"GWK60_I01001",1038.88839914068,0.0350465986761965,0.0985445658396538,0.72170153719442,0.751564063679004
"GWK60_I01023",731.309545016924,-3.3092757166856,0.131562417673276,2.20930561031914e-140,1.82146512700293e-139
"GWK60_I01045",583.724203869898,2.08216653840709,0.133940125782009,3.95043550427128e-55,1.60457843648393e-54
"GWK60_I01067",4332.36373170013,1.27952220787512,0.0580900679833047,7.24902346908578e-108,4.77817837686607e-107
"GWK60_I01089",463.222452187109,-2.6858920618678,0.149730890652025,9.10166071179763e-73,4.43695415607558e-72
"GWK60_I01111",204.082351556804,-1.2951630082342,0.199723619066335,3.66137539235395e-11,6.79323970503766e-11
"GWK60_I01133",3627.07208468524,0.944000409285709,0.063830710285699,1.06771407142738e-49,4.04041439978993e-49
"GWK60_I01155",7640.37101881765,0.275505263348258,0.0506703181249791,5.22691883498837e-08,8.63492244724838e-08
"GWK60_I01177",411.422103342874,0.20814290558391,0.140560208891195,0.135313236304713,0.15778045288468
"GWK60_I01199",770.501519831826,-1.19294202873485,0.107844821988396,8.92217031675574e-29,2.46484327028021e-28
"GWK60_I01221",2088.24477688801,0.254002451014866,0.0711289716575389,0.000346850136770904,0.000486515125177321
"GWK60_I01243",537.343671391311,0.913059840492689,0.122695531694628,6.41117207454982e-14,1.29114494734588e-13
"GWK60_I01265",2381.8282435995,0.48501309014141,0.069946700783358,3.61378942294459e-12,6.91470802644181e-12
"GWK60_I01287",2428.56639518224,0.0795055072179095,0.0672167838795159,0.236128592388722,0.267564928040646
"GWK60_I01309",12319.0321055771,0.824153199582516,0.0477065439639209,5.05024233090824e-67,2.32611862176684e-66
"GWK60_I01331",4819.13104460752,1.67855481358756,0.0593272300415701,1.28293838146254e-176,1.35507146315119e-175
"GWK60_I01353",1678.46998470684,0.217212862125973,0.0819492253922437,0.0078411738529488,0.0101213679672419
"GWK60_I01375",199.103733363117,1.76220687305642,0.205792185408285,3.14856968676649e-18,6.98796479003871e-18
"GWK60_I01397",1829.19824452416,-0.0156313756880028,0.0740535532801467,0.831531291698516,0.850117511046491
"GWK60_I01419",4591.45036494826,2.30063320510121,0.063348697910403,1.2798178940189e-289,2.29755703840936e-288
"GWK60_I01441",634.169645987527,0.865247253123095,0.114635060120477,2.93796384833838e-14,5.97128664693194e-14
"GWK60_I01463",514.089125311258,-3.9447384705423,0.17140824696222,7.37230339850207e-118,5.21915422289649e-117
"GWK60_I01485",1416.94211512025,1.24015709816038,0.08230385750814,1.22620776030201e-51,4.77413236061329e-51
"GWK60_I01507",180951.733284274,1.94811073513928,0.0406063642260428,0,0
"GWK60_I01529",2684.42077382606,0.819887337674721,0.0661302319812855,1.86928380340502e-35,5.79400872475568e-35
"GWK60_I01551",2954.15768826354,1.48827983945476,0.0675440087147529,5.33019140061777e-108,3.51779256803632e-107
"GWK60_I01573",122.422441462421,1.41334936620482,0.254872950827771,1.08768511654538e-08,1.84913500744302e-08
"GWK60_I01595",543.195370208334,0.998081217407351,0.122121859731861,1.79320161831617e-16,3.82801968845092e-16
"GWK60_I01617",19850.053003006,-0.870377757173395,0.0476516637179685,1.00527461136383e-74,4.99314868345019e-74
"GWK60_I01639",16098.2170170456,0.960250360006884,0.0502555225031697,1.16080359225981e-81,6.14886897813356e-81
"GWK60_I01661",9348.96267170829,0.350495324213233,0.0495635035695895,1.43550527878536e-12,2.78522971833677e-12
"GWK60_I01683",167.968488933593,0.173277506945172,0.20385340349578,0.386513706624064,0.423996266286251
"GWK60_I01705",1065.17381572472,-0.27532962983727,0.0940167431659399,0.00325020960268209,0.00432047068741668
"GWK60_I01727",1977.83514745111,2.51424245586052,0.0792517730669483,1.32997253701429e-221,1.78917021603457e-220
"GWK60_I01749",468.050986212386,1.60593512972641,0.137436859626296,5.19833597672267e-32,1.52840957169152e-31
"GWK60_I01771",1112.85869845415,0.0284113813507435,0.0901812754246136,0.752426950217791,0.780009018160343
"GWK60_I01793",1041.07501079625,-1.26819063288895,0.09515377512549,6.9025623356725e-41,2.3081676977519e-40
"GWK60_I01815",2513.94927896919,-0.00350736204627628,0.069989734368379,0.959219603396219,0.965131464064461
"GWK60_I01837",1076.27808821837,1.16624211379138,0.0946370434532979,3.34533534684323e-35,1.03023793468357e-34
"GWK60_I01859",4635.9620212454,0.826488903142689,0.058791991343764,4.84166216158546e-45,1.71843069972601e-44
"GWK60_I01881",2126.69020941726,1.66639788847243,0.0786564277201749,4.28385320529966e-100,2.66033859030416e-99
"GWK60_I01903",740.889255083485,0.384679884474444,0.10486624345462,0.000226215523002478,0.000320380627623326
"GWK60_I01925",227.483881926879,0.361555447016948,0.178403581631743,0.0395887691212973,0.0486080591918823
"GWK60_I01947",0,NA,NA,NA,NA
"GWK60_I01969",1176.45486777085,-2.56909177054365,0.0979035522664265,1.66071003700338e-152,1.50091663138106e-151
"GWK60_I01991",3399.53704266918,0.346499764050186,0.0695374164770422,5.90358598859311e-07,9.30841196043159e-07
"GWK60_I02013",3358.71953744776,0.492964585109474,0.0603055970840453,2.62455855999966e-16,5.5778497073124e-16
"GWK60_I02035",757.367370744031,1.41784269624475,0.109210992594314,6.16934354872733e-39,1.99819871097942e-38
"GWK60_I02057",1406.32519886563,0.808993972505368,0.0821886091098302,5.23780201675243e-23,1.29651005214672e-22
"GWK60_I02079",3065.36379539636,-0.182036453843316,0.0760091046143691,0.0162079840351019,0.0204201188082961
"GWK60_I02101",0,NA,NA,NA,NA
"GWK60_I02123",80.3494794225474,-1.33145232353375,0.315204738242907,9.22401209880218e-06,1.38584129219364e-05
"GWK60_I02145",845.436839055185,-0.417031593337819,0.101131643535906,3.37072504453758e-05,4.96083204652146e-05
"GWK60_I02167",1871.45701060305,-0.295635388052253,0.0759707132029455,9.43060123985455e-05,0.000136277369564931
"GWK60_I02189",423.093618845444,-0.320985210591144,0.13397805990133,0.0155865613697789,0.0196654624142569
"GWK60_I02211",498.23485479972,-0.119759915083123,0.124977159653721,0.333708536334779,0.369927692543928
"GWK60_I02233",7889.88766152857,-4.56563443689846,0.0645719661485846,0,0
"GWK60_I02255",1378.92799650358,1.31521181309139,0.0840663843590771,1.52755524855961e-55,6.23346827573589e-55
"GWK60_I02277",2477.9798542124,0.178724974480303,0.0666949554561963,0.00725455834899805,0.00938720219329145
"GWK60_I02299",844.261197971937,0.66205394206162,0.0996296774963318,2.40689579758943e-11,4.49903052427876e-11
"GWK60_I02321",5312.45556657655,0.0792318628010538,0.0563717914659912,0.158017939322243,0.182876647048404
"GWK60_I02343",1374.39490946976,0.116182495811093,0.0925542514240996,0.208387818074224,0.237615417964539
"GWK60_I02365",569.869380768075,-0.0105250501499647,0.117234960534005,0.927186873685272,0.936984237384156
"GWK60_I02387",0,NA,NA,NA,NA
"GWK60_I02409",830.514102905628,0.142999680813739,0.101553962867689,0.1573005405949,0.182126533904727
"GWK60_I02431",1263.41129417464,-0.289314855573504,0.0889373036692554,0.00108688852894865,0.00148610180979202
"GWK60_I02453",2417.33553406075,0.744843323820636,0.0684964451298722,1.15560236409354e-27,3.11237503078957e-27
"GWK60_I02475",183.4677895059,0.512498420945961,0.19727369651868,0.00806624842401777,0.0103991339976308
"GWK60_I02497",1296.37402475963,0.891928785461999,0.0880593015746341,2.72263316431272e-24,6.9250727486871e-24
"GWK60_I02519",807.161012391024,0.366216559151605,0.103316300529093,0.000366375848639566,0.000512672775696759
"GWK60_I02541",5703.02002346836,0.339001152417712,0.0568301000009319,2.31270862303135e-09,4.05900812717547e-09
"GWK60_I02563",1448.07985161885,-0.346362419721444,0.0862309503493243,5.49390545165002e-05,8.0138498823292e-05
"GWK60_I02585",653.121970872437,0.0597979904262096,0.110431010443833,0.58672151861522,0.621704621022281
"GWK60_I02607",343.072935298837,-0.872178645280095,0.150255668139694,4.17812221322495e-09,7.23639211115023e-09
"GWK60_I02629",10808.5440382625,2.91131844572855,0.0515267363825043,0,0
"GWK60_I02651",3017.60907291645,0.550941044148376,0.0623483214113743,8.49753034187879e-19,1.91503897164878e-18
"GWK60_I02673",2763.55468606764,0.143452685521347,0.0657640980351141,0.0288901435551069,0.0357642163096875
"GWK60_I02695",2765.32584142984,0.74943513303799,0.0662987234503943,9.49195250115899e-30,2.66850187900034e-29
"GWK60_I02717",10672.180191903,1.54472998856484,0.0492090985755117,9.65232591516351e-217,1.25052301265419e-215
"GWK60_I02739",419.570466273707,2.40177032930353,0.159387562075419,4.01781057656023e-52,1.57361754524995e-51
"GWK60_I02761",2574.56195949471,0.49426367449439,0.0704175882356002,2.02149377269145e-12,3.90060793996956e-12
"GWK60_I02783",209.775052248738,-1.63081199838743,0.196694523099868,3.45486416963053e-17,7.53111708754936e-17
"GWK60_I02805",595.885526970369,0.0526305073380462,0.118212455830228,0.654884119183466,0.687288600739232
"GWK60_I02827",0,NA,NA,NA,NA
"GWK60_I02849",351.298252653055,2.45505480170516,0.175261603728427,2.11428214374112e-45,7.53463690791214e-45
"GWK60_I02871",1176.7440286348,0.902798690743333,0.0903374803612036,1.06064336937938e-23,2.66554425367201e-23
"GWK60_I02893",0,NA,NA,NA,NA
"GWK60_I02915",62.2768265200654,2.34334549958439,0.382759013732545,1.75116385744418e-10,3.18283410164354e-10
"GWK60_I02937",24159.9488390603,0.909063964836551,0.0454321522538035,4.4652447263343e-89,2.52822252535182e-88
"GWK60_I02959",293.297122459397,-0.681494145326547,0.161119045961863,1.78490649201588e-05,2.65214919435127e-05
"GWK60_I02981",7661.94957594574,-3.4743968058412,0.0561785344284409,0,0
"GWK60_I03003",4154.90240850239,0.701658667313714,0.0607024403714408,5.18405011351926e-31,1.49578187587007e-30
"GWK60_I03025",1286.32721117105,-3.52217332938271,0.105229114161298,1.47980975576467e-246,2.19261952544286e-245
"GWK60_I03047",2773.78136113025,-0.327073507437454,0.0677583711798603,1.3053980660705e-06,2.02847675850246e-06
"GWK60_I03069",4708.02704909668,-1.09382202397451,0.0563322089184628,2.93147147594298e-84,1.59292768217563e-83
"GWK60_I03091",741.455429429613,1.47554161105179,0.109741997909496,1.23693796566955e-41,4.19219954859653e-41
"GWK60_I03113",763.066277381296,-0.0505082878050738,0.102950674830184,0.621148468708467,0.65410229137268
"GWK60_I03135",989.969639063244,-1.02650531203619,0.094349079414687,8.06033839001523e-28,2.17534017093279e-27
"GWK60_I03157",806.020824270803,-2.33581605066565,0.120185936210643,5.65293271984427e-85,3.09411301835389e-84
"GWK60_I03179",719.874134689411,-1.58135955951902,0.112144998082637,1.17502297473468e-45,4.20450397762207e-45
"GWK60_I03201",102.208811407194,-1.26352812308253,0.274092244868615,1.72530132764205e-06,2.66757348130429e-06
"GWK60_I03223",1422.18063581381,-0.635452927217091,0.0825525799002242,1.10521570226658e-14,2.26733018483706e-14
"GWK60_I03245",1994.22333352148,-0.156364632632061,0.0748773058447702,0.036077156682378,0.0444416496836787
"GWK60_I03267",419.597228734939,-0.479213868826573,0.138581212502932,0.000475638932097347,0.000662218312025422
"GWK60_I03289",1304.73949027648,-2.33165241069349,0.0932880579752871,1.0453986492948e-138,8.51206949735398e-138
"GWK60_I03311",7621.47039651511,1.16481828561977,0.0535173418981902,2.50659165183484e-105,1.62773729489522e-104
"GWK60_I03333",121572.598604542,-0.311419530545323,0.0425499747604492,2.35184262363909e-13,4.65588716610524e-13
"GWK60_I03355",5471.62583649736,4.45421995078017,0.0706855164526049,0,0
"GWK60_I03377",1369.15197079773,1.67281706033975,0.0877341799654924,1.52325443634616e-81,8.05258124138776e-81
"GWK60_I03399",2939.27727515858,0.529505241429769,0.0799026635602723,2.96769155097638e-11,5.52764077837668e-11
"GWK60_I03421",273.242432244729,-2.0876258093581,0.181545414273863,2.73647151062144e-31,7.93049043849519e-31
"GWK60_I03443",1375.37349176074,0.213438498770968,0.0894774261465523,0.0166767134073583,0.0209855293116518
"GWK60_I03465",95.9101215521839,1.02393635345475,0.280502314558971,0.000144911637116172,0.000207129133486702
"GWK60_I03487",914.837849297124,-4.39459357352525,0.142922346666394,3.41704850365109e-208,4.29992227971405e-207
"GWK60_I03509",692.946589380404,-3.38451332727756,0.135623897340009,3.14473538254415e-138,2.55267100496639e-137
"GWK60_I03531",1659.62828696044,0.777772329514515,0.076822182945623,3.12648804499062e-24,7.92545885139792e-24
"GWK60_I03553",190.56674613811,0.37095485963956,0.208575714906337,0.0692612959304593,0.0833480706003696
"GWK60_I03575",737.178970113919,0.157853363639867,0.109481428273176,0.147317016066978,0.171094613493553
"GWK60_I03597",658.011588620617,0.0356066399560678,0.111714264033246,0.749285049265431,0.777518121747123
"GWK60_I03619",1303.82266640122,-0.381885848438473,0.084299317515946,5.40452105607228e-06,8.19008376690872e-06
"GWK60_I03641",209.922624231286,0.85839210238962,0.188981900529383,3.70452105256262e-06,5.6496899786835e-06
"GWK60_I03663",0,NA,NA,NA,NA
"GWK60_I03685",1453.77260836121,-0.838069875800905,0.0828075497605259,3.0111450606638e-24,7.6404356097885e-24
"GWK60_I03707",4061.91734285871,-0.00665774948324726,0.0579641929918306,0.907593250376586,0.91955251432001
"GWK60_I03729",6034.79070818348,-0.181007764456699,0.0530045783113712,0.000624529976926342,0.000864253532920958
"GWK60_I03751",1137.26890597891,-0.440870171062887,0.0879363694299339,4.79123100097476e-07,7.59092622443591e-07
"GWK60_I03773",5550.66125515883,0.348369291090114,0.054286644566776,1.31308256124804e-10,2.3957038751872e-10
"GWK60_I03795",5174.31788583389,2.59008430692232,0.0604809141201606,0,0
"GWK60_I03817",7020.78496199738,-1.39903712354492,0.0516588551043353,5.90740607147429e-162,5.67024743356839e-161
"GWK60_I03839",1429.9787304304,-0.41462820789795,0.0815086212157941,3.2985397086303e-07,5.26724920078792e-07
"GWK60_I03861",844.973749669034,-0.295591900197484,0.100456919403172,0.00309713191475649,0.00412532637924009
"GWK60_I03883",2938.99321574737,-2.37545578901338,0.0681888719034277,1.21490733089226e-266,1.98460017406623e-265
"GWK60_I03905",1417.23749131159,0.627870774216351,0.0812343735696205,8.85102867602986e-15,1.82003169804211e-14
"GWK60_I03927",1395.26612647392,-0.436782822845145,0.0813659848178695,7.1455941604025e-08,1.17602707395861e-07
"GWK60_I03949",5609.78608550826,-0.0339339138587394,0.0565389522754774,0.545950831296234,0.583086573120444
"GWK60_I03971",722.270289108927,1.14704653261923,0.109568547829484,6.01968841021339e-26,1.57608566638738e-25
"GWK60_I03993",538.986567489714,-0.0147211686694845,0.12463905240715,0.904218601519648,0.916414228129739
"GWK60_I04015",1567.95222402647,0.400241194810085,0.0779325035018497,2.5951903342588e-07,4.16306836175703e-07
"GWK60_I04037",1223.73625735836,-3.97393287984076,0.115608479917949,1.04424150178746e-259,1.64946255237298e-258
"GWK60_I04059",1401.93815291635,-0.15235165851631,0.0824062567182191,0.0634720096027412,0.0765915968135854
"GWK60_I04081",1252.04749246026,-0.714747860291192,0.0872794505317962,1.97565203611738e-16,4.21066844002327e-16
"GWK60_I04103",766.167675229627,-2.38222822879258,0.11861282226165,1.83334779937473e-90,1.05162589146249e-89
"GWK60_I04125",1236.66191599612,0.486966052187866,0.0897693953903211,5.12102696874452e-08,8.4653054228775e-08
"GWK60_I04147",0,NA,NA,NA,NA
"GWK60_I04169",0,NA,NA,NA,NA
"GWK60_I04191",2028.79666188974,-0.0842823190085715,0.0711034240736469,0.233895390092766,0.265205809848664
"GWK60_I04213",2136.89795814309,-0.20111817602585,0.0704224700036793,0.0041884808572933,0.00552858451928801
"GWK60_I04235",2092.08028628915,0.319689527762415,0.0708532929028557,6.09182952207313e-06,9.21836112948926e-06
"GWK60_I04257",443.208050428282,0.432029667371891,0.131210329912145,0.000899020586464922,0.00123727061350222
"GWK60_I04279",503.019001046641,-0.385129709377082,0.127974168353785,0.00239727929586987,0.00322086566954675
"GWK60_I04301",199.789007089497,-0.54565532378865,0.204468377409864,0.00631586405623075,0.00822312993459747
"GWK60_I04323",5129.32639005162,0.629987208066899,0.0637169180262535,3.85403767545643e-23,9.56688918022691e-23
"GWK60_I04345",909.595080288765,-0.116313380863761,0.0956352403876077,0.221478250881739,0.251995587202671
"GWK60_I04367",3404.85118330534,1.30548245047729,0.0631022075406561,1.88175868763386e-95,1.11842380756543e-94
"GWK60_I04389",883.842379457611,-0.926332280061841,0.0988728221505652,4.59881656948402e-21,1.09505546199574e-20
"GWK60_I04411",0,NA,NA,NA,NA
"GWK60_I04433",23.937991222256,0.560917357384268,0.510074242356038,0.205369513075547,0.234529665388054
"GWK60_I04455",6032.78886230583,0.466574742564551,0.0526673042438588,7.25013391605392e-19,1.63813163223555e-18
"GWK60_I04477",765.18602194785,-0.232739970182907,0.105028774648357,0.0257817472412836,0.032051994915895
"GWK60_I04499",2357.74083115134,1.27530193613417,0.0711997054313982,3.64129973333173e-72,1.76690374514067e-71
"GWK60_I04521",0,NA,NA,NA,NA
"GWK60_I04543",488.674330982643,0.0375780783949739,0.129735188993876,0.771244099416272,0.795908174010122
"GWK60_I04565",1193.2182792161,-0.392802476659765,0.0860281909169743,4.55469026239818e-06,6.92418230642035e-06
"GWK60_I04587",666.784732492542,0.14514909956201,0.110226857495046,0.185648873892952,0.213072894758221
"GWK60_I04609",629.214003769009,-0.894613954004667,0.115578131200242,6.34998825731398e-15,1.31086884746749e-14
"GWK60_I04631",1239.35606870313,0.716706403667194,0.0871918686397313,1.53737135288721e-16,3.28722492527916e-16
"GWK60_I04653",221.159487982186,-1.87577486149378,0.196801504459089,3.9688696314691e-22,9.64706758850623e-22
"GWK60_I04675",160.729385804534,-1.02156275119707,0.219646491813514,1.81624369957649e-06,2.80433525163282e-06
"GWK60_I04697",321.018034679698,-1.63739464165828,0.161991139559398,1.51125667534832e-24,3.85883986035542e-24
"GWK60_I04719",1935.19894095045,-0.442598915426436,0.0731095074470822,1.27553641077145e-09,2.25296222990525e-09
"GWK60_I04741",1298.61789115369,-1.9907126863111,0.0959792571022967,3.22654993787626e-96,1.93740327319967e-95
"GWK60_I04763",937.073697561943,1.13338814255387,0.100981659944655,1.57090522190455e-29,4.40456368188589e-29
"GWK60_I04785",5096.90661534615,1.28948058304447,0.0599049741958593,3.75438914271835e-103,2.39952453106908e-102
"GWK60_I04807",530.700911244098,0.668510857542531,0.12433808304034,5.9249346302457e-08,9.76964142792865e-08
"GWK60_I04829",1801.86906273363,-0.882049660358686,0.0769692019143627,1.34952660088895e-30,3.86208374356684e-30
"GWK60_I04851",747.898381290564,-2.15879402031071,0.115234115278479,5.33422117924608e-79,2.74809044102198e-78
"GWK60_I04873",285.290587164775,0.952440676982772,0.16687211175155,6.91662437863241e-09,1.18622250510618e-08
"GWK60_I04895",581.453639189867,1.02605073994011,0.126938432161126,3.64823812932755e-16,7.72533516918797e-16
"GWK60_I04917",493.737810043226,-0.586441401990197,0.129448993815238,4.86662368299206e-06,7.3855858547427e-06
"GWK60_I04939",278.548976322098,-2.76788848107421,0.195463838372692,2.97258304902766e-46,1.07833012675072e-45
"GWK60_I04961",620.107061145187,-0.731309844689969,0.114522105459501,1.26220738875079e-10,2.30608227329946e-10
"GWK60_I04983",4502.81716732112,1.57329964437704,0.0591019774661175,1.34605551165699e-156,1.24872169159008e-155
"GWK60_I05005",1787.23456763455,2.181516092669,0.0812092261056789,1.24505739732473e-159,1.17365625625951e-158
"GWK60_I05027",461.333970310463,-0.241088264646793,0.140189796728872,0.0822371129708426,0.0981545754995762
"GWK60_I05049",2544.93597692821,1.41141078220868,0.0678832823066244,2.07919642874083e-96,1.24989408173449e-95
"GWK60_I05071",1719.03635877013,-0.873853907939208,0.0764077786957541,1.77210845604409e-30,5.04945313043982e-30
"GWK60_I05093",779.158585480317,-1.54553676990827,0.114793925453198,7.89124329438072e-42,2.68312474004154e-41
"GWK60_I05115",3437.42042924842,-0.92211629144458,0.0611705549470764,1.50795940721206e-51,5.85809932196119e-51
"GWK60_I05137",866.503873705877,-0.0433262963977319,0.0990591754705209,0.659628024434601,0.691991106606701
"GWK60_I05159",80.4361839595506,-0.542446001109033,0.295439123918354,0.0542687994428573,0.0658790410961065
"GWK60_I05181",117.730736693699,0.197589168638871,0.252088101159844,0.41939569702492,0.457017063673313
"GWK60_I05203",925.263814610144,-0.553247263854664,0.104100437152634,8.96005773075839e-08,1.46776405056958e-07
"GWK60_I05225",241.764311614561,-2.37457055476498,0.197662030865161,5.73951975915983e-34,1.73007873542583e-33
"GWK60_I05247",2390.61719852965,0.74994506037177,0.0746535349794419,6.96426340245355e-24,1.75440735138437e-23
"GWK60_I05269",698.662549290091,0.115402009238239,0.107030031738673,0.27869673703435,0.312768260465261
"GWK60_I05291",4230.69422165336,-4.30410591800796,0.0742203536403837,0,0
"GWK60_I05313",3428.93120013611,1.28054497032651,0.0612975119851359,2.90482172294698e-97,1.76232552049609e-96
"GWK60_I05335",54.4900462726101,1.25595696651211,0.378539043230379,0.000376244341221872,0.000526061997561682
"GWK60_I05357",1110.1369988737,-1.97450132316922,0.103395321080136,5.19181798993104e-82,2.7640650432224e-81
"GWK60_I05379",7649.35837055397,2.45935604565235,0.0528670797000119,0,0
"GWK60_I05401",326.070833283094,-2.68182405531885,0.177518987231744,2.5530338011803e-52,1.00216102941854e-51
"GWK60_I05423",1440.04435676186,-1.43028513663118,0.0854534513583395,2.44402822347903e-63,1.07939449668343e-62
"GWK60_I05445",0,NA,NA,NA,NA
"GWK60_I05467",1101.67224089056,1.36301241062642,0.0919319051278732,3.98369222838001e-50,1.51952292395061e-49
"GWK60_I05489",701.938200561631,0.392405977663388,0.10691421419881,0.000223519835866096,0.000316733388107669
"GWK60_I05511",202.327640646628,-1.76509613028976,0.202236581778311,7.04349534836248e-19,1.59212658067841e-18
"GWK60_I05533",0,NA,NA,NA,NA
"GWK60_I05555",1432.8165441941,1.56228986184447,0.101597404462252,7.18191812446643e-54,2.8771431328784e-53
"GWK60_I05577",0,NA,NA,NA,NA
"GWK60_I05599",635.203997793339,0.433410856567295,0.133495792864112,0.00105258220509254,0.00144069279177381
"GWK60_I05621",2.06318820848432,0.580736447790829,1.118997761754,0.200348196876326,0.229093807732494
"GWK60_I05643",301.748677758683,0.598392772246423,0.185339732172386,0.00100771507842572,0.00138179909085488
"GWK60_I05665",529.084705254849,0.917229162438501,0.123628504823548,7.55769037053262e-14,1.51846643808257e-13
"GWK60_I05687",22.4730328995064,-0.691443179974778,0.524536686261584,0.125553847609066,0.146758497427486
"GWK60_I05709",103.23563196613,-1.70823966922463,0.290952551382838,1.1795498023546e-09,2.08622459999503e-09
"GWK60_I05731",2702.24116463947,0.479958062299375,0.0643299374240452,7.69118413951252e-14,1.54469754004719e-13
"GWK60_I05753",1534.30840176867,-0.932171764495589,0.0802985489976061,2.28852514370561e-31,6.63962617534004e-31
"GWK60_I05775",767.673355478444,-0.926992027800591,0.114980188500584,4.58007054992638e-16,9.67905628469777e-16
"GWK60_I05797",931.394235350001,-1.00100487549124,0.106331157982047,2.73235126566403e-21,6.53874779681201e-21
"GWK60_I05819",6262.06449160912,0.580267430479859,0.0527415721640392,3.1846467729045e-28,8.69742576608393e-28
"GWK60_I05841",4334.1578878176,0.239702861822059,0.0590244860594773,4.75763587889905e-05,6.95723233889603e-05
"GWK60_I05863",1920.52039835611,0.0101368639362369,0.0728038114344235,0.889822031161489,0.903041459368982
"GWK60_I05885",47.6986150003946,0.489682615084972,0.369257722353042,0.154465213223962,0.179040771608206
"GWK60_I05907",6258.36843007139,1.16950851118255,0.0576039041538073,5.85965674521986e-92,3.40949053980713e-91
"GWK60_I05929",4913.08862365981,1.41112874276524,0.0582607206174865,4.84476198784792e-130,3.7420628569868e-129
"GWK60_I05951",24581.5340222767,2.55196055862901,0.0452233306262965,0,0
"GWK60_I05973",331.291134257922,-0.976531752858361,0.153298218971121,1.11690191024653e-10,2.04202434754841e-10
"GWK60_I05995",935.923223959465,-3.82546277161702,0.129458059829924,1.58445306132181e-192,1.80785750597673e-191
"GWK60_I06017",688.455974194124,1.44777127641831,0.11461848275634,5.28661809856872e-37,1.66812304729883e-36
"GWK60_I06039",175.448201850095,-0.505557719964208,0.206802649342788,0.0124224932727304,0.0158137257053634
"GWK60_I06061",1910.54838825436,-0.721241250271114,0.0732616214051014,5.32566490149938e-23,1.31763863508404e-22
"GWK60_I06083",21641.8760936857,-1.05786570096927,0.0439181337337781,1.16828223631356e-128,8.91896162991193e-128
"GWK60_I06105",397.022129032523,-3.33460702950211,0.177597301238855,1.51872257083821e-79,7.85494662990066e-79
"GWK60_I06127",0,NA,NA,NA,NA
"GWK60_I06149",1009.03823535842,1.47341762119429,0.0955970252903533,4.96886985793183e-54,1.99361216267898e-53
"GWK60_I06171",1870.7864376067,1.59338251078838,0.075514409920562,2.60115709369655e-99,1.59464875441071e-98
"GWK60_I06193",1070.63868970884,-0.603401960019373,0.0917782747052106,3.98989233389933e-11,7.39233310190578e-11
"GWK60_I06215",319.834459413934,0.738985730398549,0.155273406732686,1.44113327819525e-06,2.23411760781226e-06
"GWK60_I06237",353.23733228196,-0.207152213500686,0.145802146102659,0.150712065859662,0.174883182532941
"GWK60_I06259",690.333792675883,-0.680558668809839,0.110849378719328,6.34133509865313e-10,1.13261197347761e-09
"GWK60_I06281",0,NA,NA,NA,NA
"GWK60_I06303",753.389517650847,-0.524415459856129,0.104405044881496,4.36858307126338e-07,6.94012290995029e-07
"GWK60_I06325",1287.10230484587,-0.600835369001972,0.085066634171879,1.3467599312227e-12,2.61593694173981e-12
"GWK60_I06347",3461.79409989295,-0.494504750594319,0.0624289650370786,2.07032455572787e-15,4.31112714296461e-15
"GWK60_I06369",4010.0818460484,-0.239095043758624,0.0587902937608416,4.62074809970676e-05,6.76457973962081e-05
"GWK60_I06391",15124.8992095304,0.153530112943805,0.044860656136142,0.000611700906587184,0.000847168712124431
"GWK60_I06413",833.610718271972,0.159818304720993,0.0996133489288085,0.107195965600574,0.126395601672051
"GWK60_I06435",0.79729039798809,0.263682630231043,1.04780110321482,0.357257970591999,0.393792314608951
"GWK60_I06457",0.468607412508141,-0.00135477340216372,0.987661759044214,0.998747346700752,0.998937258727126
"GWK60_J00011",0.26576346599603,0.0991779587279397,1.01761455588908,0.763354062719203,0.788849188586053
"GWK60_J00033",0,NA,NA,NA,NA
"GWK60_J00055",21837.0840899524,-2.04496936740445,0.0534784237630364,0,0
"GWK60_J00077",2022.75367966986,0.129522486415012,0.0711304831567821,0.0681638343904362,0.0820837382998385
"GWK60_J00099",289.139381571309,-1.45156300897071,0.170367030440555,5.83932199513903e-18,1.29053923085846e-17
"GWK60_J00121",0,NA,NA,NA,NA
"GWK60_J00143",844.165641102343,1.23253001098684,0.102078779620263,6.60955010400981e-34,1.99005343715464e-33
"GWK60_J00165",750.97440911348,-0.571786174140519,0.113293027597305,3.70423171193452e-07,5.90432084993199e-07
"GWK60_J00187",887.846987200721,-2.5756124892931,0.109683925810022,1.00913714482965e-122,7.40315394951736e-122
"GWK60_J00209",583.009932676609,-0.800031743273804,0.124223772123484,8.33061254020674e-11,1.53266953345531e-10
"GWK60_J00231",2666.41165530693,-1.52606570468289,0.0666226929766994,1.3352653614035e-116,9.31498116841171e-116
"GWK60_J00253",70.5412221493922,-4.2779266651139,0.493416267129563,1.04963158804521e-18,2.35842039859794e-18
"GWK60_J00275",1014.76564847816,-4.45529165143654,0.138399943613473,6.82687037276502e-228,9.40035030385968e-227
"GWK60_J00297",1497.24143249937,0.246222701091132,0.0823670056742331,0.0027100947661773,0.00362817471878152
"GWK60_J00319",1820.3126919245,1.59702428713832,0.0767670262527444,1.39200687908496e-96,8.39673874310426e-96
"GWK60_J00341",258.997024220768,1.49069475334167,0.179073502819306,2.93767452678535e-17,6.41434952714443e-17
"GWK60_J00363",1408.77449034332,-3.57823357786098,0.108751805851075,1.28608746366041e-238,1.85337535859008e-237
"GWK60_J00385",1699.86878214248,-1.03211014981123,0.0765158168517111,1.01106252760541e-41,3.4288774308217e-41
"GWK60_J00407",218.804473790768,-0.791135429575603,0.195594306878656,3.66771150765819e-05,5.39188444110734e-05
"GWK60_J00429",2078.61342839403,-0.472175390375298,0.0710120568458635,2.62209670914859e-11,4.89086123763176e-11
"GWK60_J00451",7922.55637136313,1.2080539205507,0.0514754862075331,3.92200629926155e-122,2.86126950542521e-121
"GWK60_J00473",10654.2566321952,1.25823991316992,0.0512624546180343,2.17606187082127e-133,1.7134858443892e-132
"GWK60_J00495",10334.7460169649,0.0871378199773631,0.0493657629497772,0.0772336093343037,0.0924553448107504
"GWK60_J00517",1592.10110851229,0.425214611645797,0.0834223997673959,3.15503177473208e-07,5.04115040555612e-07
"GWK60_J00539",3075.42617924545,-2.22801225919992,0.0669510829959182,1.39458476596704e-243,2.04331918356174e-242
"GWK60_J00561",2532.14510810342,0.297744288955111,0.0669031515963981,8.24052372848142e-06,1.24020471564556e-05
"GWK60_J00583",3155.09793392861,0.104735789564819,0.0647323577456496,0.10516816592948,0.124171616787669
"GWK60_J00605",44.153549929046,-1.21563376491109,0.413528363970647,0.00137554656310656,0.00187105635426442
"GWK60_J00627",6105.55403673335,-2.94157401302995,0.0620371587816255,0,0
"GWK60_J00649",3050.91792088158,-0.558984115774202,0.0663298430195773,2.96064563292546e-17,6.46182407850122e-17
"GWK60_J00671",4075.07120339235,-0.3583764552066,0.0586824113650471,9.46652993326462e-10,1.68109208132923e-09
"GWK60_J00693",5141.18853528212,1.93470608336889,0.0600163026351259,1.27272234825465e-228,1.75709174588437e-227
"GWK60_J00715",4107.24286066558,0.960803205464123,0.0623845514946272,9.64575341032424e-54,3.85536952418735e-53
"GWK60_J00737",21920.093377834,0.87869778417034,0.0480643620030381,6.4288894653873e-75,3.19923922307826e-74
"GWK60_J00759",410.323299413701,-2.53923169286935,0.158194852410981,8.36677966188552e-59,3.53488040333477e-58
"GWK60_J00781",741.84475673416,-2.75738153620095,0.121201408306535,2.25359965548473e-115,1.5617831604545e-114
"GWK60_J00803",242.67805219537,-0.790813199326359,0.176416211322288,5.11934386474376e-06,7.76463342807156e-06
"GWK60_J00825",1933.53134312176,0.775277222752529,0.077974338923231,1.96495329482642e-23,4.90771810578679e-23
"GWK60_J00847",1108.14201663585,-3.86047010680732,0.120165459221836,4.36075554062504e-227,5.97332659991868e-226
"GWK60_J00869",238.879907095221,-2.43660246129132,0.201024528131366,1.3632191105717e-34,4.15683044730848e-34
"GWK60_J00891",0,NA,NA,NA,NA
"GWK60_J00913",1560.73180686084,0.829651420934821,0.0805808852571269,5.05534162388275e-25,1.30284649395508e-24
"GWK60_J00935",130.187936895683,-6.56556930115254,0.662688217198767,8.38449049830121e-23,2.06472003843934e-22
"GWK60_J00957",666.207729836421,-5.29356671882643,0.20478325362714,1.69905406687521e-147,1.47232691791822e-146
"GWK60_J00979",610.401995578208,-0.413462158124822,0.121549559352416,0.000608765124100856,0.000843324875630894
"GWK60_J01001",376.315367150965,-0.235233368867171,0.141422452779552,0.09270309536998,0.110047005562197
"GWK60_J01023",2534.61524732176,0.482631164329593,0.0659145076339313,2.18965550869083e-13,4.33970910916117e-13
"GWK60_J01045",0,NA,NA,NA,NA
"GWK60_J01067",2462.62554356186,-0.697699883491946,0.0745270091274544,5.90840424331658e-21,1.40498220252465e-20
"GWK60_J01089",1332.64799544819,0.435431599238279,0.0835879040582262,1.71661814884044e-07,2.77999121394726e-07
"GWK60_J01111",1154.19756814108,1.04013310343595,0.0905176962779316,8.42977068426056e-31,2.42298326771642e-30
"GWK60_J01133",300.969319804076,-0.0476299196967021,0.161357793683064,0.763885996389916,0.789088833662796
"GWK60_J01155",413.546830575399,-0.76343784133162,0.136584660605059,1.63494219889505e-08,2.75722858806924e-08
"GWK60_J01177",1139.72863700811,-3.90877248013534,0.119975896524411,7.67429461311196e-234,1.08805362978353e-232
"GWK60_J01199",7134.97888128871,0.81700887934625,0.0678169511201455,1.39300985486815e-33,4.17982420799e-33
"GWK60_J01221",2395.51386910293,-0.627503707326449,0.0679854254372833,2.15900218239607e-20,5.07433041975127e-20
"GWK60_J01243",5527.49886428806,3.06772576740651,0.0629742951107648,0,0
"GWK60_J01265",5249.86121683212,1.55605709070281,0.0551861652296267,2.16804322690563e-175,2.27169469592104e-174
"GWK60_J01287",1070.02035417361,-0.299416114997837,0.0900879901654706,0.000843963325173349,0.00116271531964689
"GWK60_J01309",384.942278905163,1.48943172825929,0.147952996345462,2.68744395748005e-24,6.83887528608856e-24
"GWK60_J01331",4178.42306483188,-0.138252962681297,0.0609818868558158,0.0230994676364653,0.0288058795087263
"GWK60_J01353",5942.06737486169,-1.08882803397992,0.0556897595271688,2.04085711216036e-85,1.12055411377489e-84
"GWK60_J01375",882.452892532542,2.41273921232391,0.11814930607081,1.7506024147817e-93,1.02540854139775e-92
"GWK60_J01397",1366.96251080521,-0.436084914045743,0.085589238753612,3.11850176401212e-07,4.98429634722083e-07
"GWK60_J01419",2251.04748640932,-0.426119594270652,0.0686492104705591,4.86861334764495e-10,8.73130112806425e-10
"GWK60_J01441",3309.7781648687,0.786782801289296,0.0642031767749124,1.16875461568745e-34,3.56592185528768e-34
"GWK60_J01463",0,NA,NA,NA,NA
"GWK60_J01485",6723.22968869145,0.113268544773411,0.0559123293105768,0.0433507300224892,0.0530660553684647
"GWK60_J01507",0,NA,NA,NA,NA
"GWK60_J01529",495.647844423854,1.80524307035348,0.132988295966862,1.55010783892944e-42,5.32912891030642e-42
"GWK60_J01551",370.592038225896,3.57063629995815,0.189295911331884,4.60101513526224e-80,2.39380213763396e-79
"GWK60_J01573",0,NA,NA,NA,NA
"GWK60_J01595",1870.78557069692,2.41812864604387,0.0872375437876296,5.42849233422476e-170,5.47008997663262e-169
"GWK60_J01617",0,NA,NA,NA,NA
"GWK60_J01639",1458.07052347518,0.0247887166416349,0.0823858195995801,0.763556262868022,0.788903151185582
"GWK60_J01661",1020.52153575622,0.145947558885283,0.0931314794739343,0.115760952693083,0.135946106533962
"GWK60_J01683",0,NA,NA,NA,NA
"GWK60_J01705",3092.35477384262,-4.64332863821021,0.0889882972129766,0,0
"GWK60_J01727",2276.951281055,1.37213095014364,0.0705893573799186,1.31298756256104e-84,7.17166622956498e-84
"GWK60_J01749",12232.5461990449,0.857345157349066,0.0539937263790215,5.65423054675848e-57,2.339988408808e-56
"GWK60_J01771",808.596798590618,0.424573923841558,0.102959032793351,3.40093153918141e-05,5.00388808282356e-05
"GWK60_J01793",1671.68255517237,-0.0512261286272935,0.0777618294494135,0.50816985813481,0.54617357045139
"GWK60_J01815",3657.84874668556,0.911543274022105,0.059571953253388,4.82905522058378e-53,1.91127392477582e-52
"GWK60_J01837",977.451992095677,-0.0713149448346341,0.0966003652912044,0.457785010400862,0.49638201498836
"GWK60_J01859",1333.22392615087,2.27532989795105,0.0930025864304758,7.53200421722064e-133,5.9220242425382e-132
"GWK60_J01881",20.7833975206094,0.781501215545039,0.581461041375372,0.108584968756995,0.127918686598386
"GWK60_J01903",0,NA,NA,NA,NA
"GWK60_J01925",3403.492834673,0.607086598900242,0.0608002940713853,1.46785973307136e-23,3.67488919369603e-23
"GWK60_J01947",425.218028363603,-1.84604061937134,0.143729716000958,2.40009945625137e-38,7.69318899444376e-38
"GWK60_J01969",560.111269382139,-1.78135362327045,0.12713515879359,3.38947817183751e-45,1.20545335928771e-44
"GWK60_J01991",2083.80788663154,0.108464095097912,0.0722684489185832,0.132623478535602,0.15485005484956
"GWK60_J02013",1120.14012060781,0.572562573164319,0.0911460763558422,2.84219552296487e-10,5.14097264470262e-10
"GWK60_J02035",287.087816539838,1.06706275062006,0.163834131806635,4.04021483682611e-11,7.48293311327653e-11
"GWK60_J02057",444.939945279937,-3.25479735452765,0.165341971378028,4.40177985982945e-87,2.44491679648394e-86
"GWK60_J02079",7298.57335917295,-0.490466476371228,0.052548123015884,9.00459144733214e-21,2.13064107120859e-20
"GWK60_J02101",875.874292202068,-1.45655588422632,0.103259974602946,1.21839312045062e-45,4.35672862921159e-45
"GWK60_J02123",369.322485228883,-0.946097855815462,0.147567798736057,8.66112791612681e-11,1.59236395801562e-10
"GWK60_J02145",515.121868795797,-0.19597037892846,0.123030018785788,0.108287985707426,0.127597402513678
"GWK60_J02167",49629.0944137352,-2.64197704994417,0.0530295943279522,0,0
"GWK60_J02189",1943.9810878959,1.07333921249238,0.0791871980131715,4.26695685254175e-42,1.4555248407503e-41
"GWK60_J02211",299.4924671278,-5.70909932933541,0.337753588620131,3.49808706581375e-64,1.56462057535547e-63
"GWK60_J02233",446.106091563099,-3.46837207360441,0.16993683804074,2.0156806445258e-93,1.1780533544673e-92
"GWK60_J02255",1640.39194117225,-1.75088331114654,0.0812515871394056,1.41882794578288e-103,9.11237484104755e-103
"GWK60_J02277",2402.42066711396,-0.150373941875168,0.0729815456941909,0.0387906669834076,0.047672642133814
"GWK60_J02299",1158.91678167589,0.099328441174035,0.0867925791526074,0.251030735549072,0.283413107745893
"GWK60_J02321",3643.49801235617,-0.873783006323377,0.0610980733304561,1.42820678614727e-46,5.20247070300184e-46
"GWK60_J02343",10924.8759144147,3.52872872338163,0.0526629619100273,0,0
"GWK60_J02365",2275.60445110945,2.70740503030195,0.0860486326995098,2.75062089053462e-218,3.61706647105303e-217
"GWK60_J02387",1057.83325870607,-0.547163068288405,0.0907332983872158,1.38150751586783e-09,2.43686436400563e-09
"GWK60_J02409",0,NA,NA,NA,NA
"GWK60_J02431",283.635618279332,1.07996021675354,0.177143964965819,5.79811952251163e-10,1.0369979152809e-09
"GWK60_J02453",1736.00772891874,-0.810407121660826,0.0789172108076747,6.59381654875575e-25,1.6935290550027e-24
"GWK60_J02475",980.818678096222,-0.92460759934588,0.101491618939319,5.00736383082793e-20,1.16697978511985e-19
"GWK60_J02497",2398.21199824829,-0.67532550538312,0.0737276958424441,3.90662909829629e-20,9.1287734593685e-20
"GWK60_J02519",17.1514929341146,0.810734892540148,0.613989304514594,0.107187581365451,0.126395601672051
"GWK60_J02541",999.308733066071,0.641808292645382,0.0946685267413877,9.63816726480017e-12,1.81708816533509e-11
"GWK60_J02563",2439.77242562353,-1.5466634379356,0.0689838227574716,7.9491912838874e-112,5.38824048366594e-111
"GWK60_J02585",0,NA,NA,NA,NA
"GWK60_J02607",285.059884424746,-0.166053697265647,0.162966448510356,0.301166270810477,0.335977642516036
"GWK60_J02629",2171.29360142753,-2.97550845176752,0.0817117929988604,2.47779991498012e-291,4.52542623360952e-290
"GWK60_J02651",972.312253008819,0.773550043925685,0.101268346008606,1.62478349376112e-14,3.32413892539226e-14
"GWK60_J02673",435.285141104733,-0.336956652055537,0.137791044938535,0.0135024644392954,0.0171387458857852
"GWK60_J02695",7779.97062950537,-0.723320625162069,0.05300220476354,1.55280976793623e-42,5.33493101198209e-42
"GWK60_J02717",5036.73056091729,1.80230147687238,0.0626400674170688,1.17285029876103e-182,1.27199846834701e-181
"GWK60_J02739",1136.31687435084,1.77952593025145,0.0974565734133362,5.19619692593797e-75,2.59316848486088e-74
"GWK60_J02761",1571.29992412969,-0.333061793875923,0.0814804524465796,4.08716589312422e-05,5.99511784657931e-05
"GWK60_J02783",1668.30729043529,1.01253376014487,0.0828840839613319,1.5327113377265e-34,4.66824646001237e-34
"GWK60_J02805",2732.77925914408,-0.261438747368064,0.0646019176546271,4.94173824719632e-05,7.22444224020363e-05
"GWK60_J02827",2453.51062739544,-1.704476455749,0.0728730179282275,1.64477038895601e-121,1.19495749252881e-120
"GWK60_J02849",688.966409883916,0.180372833277463,0.108474351402735,0.0945841302099813,0.112128132725829
"GWK60_J02871",2253.52343445114,5.97797066130529,0.138220977255542,0,0
"GWK60_J02893",3241.08746175037,0.0592785883669069,0.0617845057953717,0.336814468091556,0.372742289535364
"GWK60_J02915",3074.41437960021,-0.514498499855915,0.0620423914101294,9.6045254535604e-17,2.06709508534074e-16
"GWK60_J02937",4705.47640489808,-1.36367907212657,0.0591378865159901,4.52155050934686e-118,3.21831605942686e-117
"GWK60_J02959",2696.18794802039,0.37461631192862,0.0667020634861162,1.8227106795106e-08,3.06995138463842e-08
"GWK60_J02981",340.641366793098,1.38037290551195,0.154108447333693,1.34098580690434e-19,3.08961250298592e-19
"GWK60_J03003",6015.40012057255,-0.754463094315779,0.0567275001304527,1.76387964400163e-40,5.85363213088239e-40
"GWK60_J03025",15931.0401507924,-3.26745383530692,0.0552395269925311,0,0
"GWK60_J03047",167.234189197876,0.182934394047031,0.213625911620067,0.382050036008235,0.419187148394517
"GWK60_J03069",1336.75006999405,-0.531187150308437,0.0823462907166957,9.52412981273941e-11,1.74858369336856e-10
"GWK60_J03091",259.106356425104,0.0949458868718182,0.167163085973906,0.565806004141378,0.602457405219362
"GWK60_J03113",1156.77492713304,0.331403892718483,0.0872443403280885,0.000137632416859499,0.00019747586270621
"GWK60_J03135",5200.28939429971,1.23021387835415,0.0545066913183774,4.04126940256087e-113,2.75707873637746e-112
"GWK60_J03157",724.175452262158,-3.27119790851234,0.131828821056616,1.17129489748212e-136,9.40612390955106e-136
"GWK60_J03179",2414.18639755452,-1.21259282119562,0.0737109684774449,3.79443338303325e-61,1.64404609511984e-60
"GWK60_J03201",664.203797194701,-1.71313295842648,0.121221132371216,6.28316969224465e-46,2.26521402201555e-45
"GWK60_J03223",0,NA,NA,NA,NA
"GWK60_J03245",1687.77354356163,0.673742186474092,0.076322140772498,8.46861729463458e-19,1.90934106171358e-18
"GWK60_J03267",1862.6627252181,-1.6704347722704,0.0759509230268454,9.93044194446616e-108,6.53743737520551e-107
"GWK60_J03289",872.418859777687,-5.12599664865245,0.173908510606859,3.54985749762112e-191,4.00692069473972e-190
"GWK60_J03311",1035.56828176111,1.09283237338003,0.0951027374868833,7.85521342488371e-31,2.25907176680636e-30
"GWK60_J03333",4875.96448224507,-0.316046445606262,0.0545331892850464,6.44651313741922e-09,1.10848836557127e-08
"GWK60_J03355",1187.12526480719,0.920917580801375,0.0909439745561915,2.65364423940262e-24,6.75613199383242e-24
"GWK60_J03377",4430.12328208249,0.0826411590941876,0.0619984063727184,0.18247727237416,0.209753158367151
"GWK60_J03399",578.685919822079,-0.105065686626833,0.117252974762021,0.366375206772585,0.403166022515439
"GWK60_J03421",1763.09301421248,-0.385748595703964,0.0746266348752205,2.16593689547179e-07,3.49473253686552e-07
"GWK60_J03443",191.572671145211,-1.51273281082992,0.207330897342948,9.86453998743858e-14,1.97591318864916e-13
"GWK60_J03465",9256.1756467337,-1.44931397912921,0.0497415657266463,4.40698721639346e-187,4.85969659501669e-186
"GWK60_J03487",1905.51058261319,1.08040114656851,0.0745611967414567,7.68246762645077e-48,2.84375648945328e-47
"GWK60_J03509",637.401488435788,-1.31955973255809,0.119777862948979,1.3707816142528e-28,3.76124741312975e-28
"GWK60_J03531",1344.00503909563,-1.84571951964575,0.0880209915041639,3.32960343081557e-98,2.031753369616e-97
"GWK60_J03553",54.9394420503119,0.988443863140316,0.369586465834909,0.00413163520823341,0.00546177461555862
"GWK60_J03575",1146.59901010303,-0.475876337691727,0.087934276022832,5.49935999519437e-08,9.08214554936338e-08
"GWK60_J03597",3874.14334603773,-0.617291483096573,0.0628862562498095,7.55650476602095e-23,1.86431590381192e-22
"GWK60_J03619",6632.67531545794,0.583822757197358,0.0531738871878627,4.0125712475756e-28,1.09358159389884e-27
"GWK60_J03641",1987.42530990976,0.293977315839793,0.0715242977829768,3.78728031537527e-05,5.56299761487683e-05
"GWK60_J03663",947.236349923965,0.535515806085999,0.095645285618393,1.85939704414968e-08,3.12973710471275e-08
"GWK60_J03685",1584.23204945508,1.0388695970655,0.0852855750969399,2.23961952216992e-34,6.79769110595139e-34
"GWK60_J03707",825.297688977188,-1.4324623385925,0.104346298421292,2.6363724080421e-43,9.14127809248612e-43
"GWK60_J03729",1788.82845237872,-2.73826448902793,0.08395752927101,4.44542559122112e-234,6.31971313779003e-233
"GWK60_J03751",517.713949649306,-0.824800691922983,0.12958366916471,1.34985777012792e-10,2.46109250290221e-10
"GWK60_J03773",3056.01990732693,-0.347271731240523,0.0669947794488401,2.03951259262159e-07,3.29478999913685e-07
"GWK60_J03795",2.23394569802026,0.713382560210576,1.18861868212297,0.157416625434444,0.182220829618216
"GWK60_J03817",3711.07502751015,4.48100539741177,0.0803460928741207,0,0
"GWK60_J03839",2414.9856791825,1.34788352803158,0.0696639168338733,8.21854182436797e-84,4.4474825098946e-83
"GWK60_J03861",357.924487901058,-3.65192487265056,0.195028492942645,6.24328111333019e-79,3.21327384110732e-78
"GWK60_J03883",1008.49384698153,-2.2268099606001,0.103442539264406,1.66188095734759e-103,1.06473737340418e-102
"GWK60_J03905",1260.80327532312,0.952533996833667,0.0857578686679084,7.22572619985247e-29,2.00249314073888e-28
"GWK60_J03927",2914.10511831991,0.549301782499308,0.0651125165374217,2.79848749040173e-17,6.11297516591076e-17
"GWK60_J03949",973.721382767916,0.312762911164401,0.0939501013623152,0.000829213798290865,0.00114269441420224
"GWK60_J03971",1957.99931041331,0.944394951444099,0.0770904219483837,1.0430016526077e-34,3.18594000738473e-34
"GWK60_J03993",2214.88381174491,0.246450432422245,0.0702563980137144,0.000438739929624405,0.000611978793376922
"GWK60_J04015",23953.332194254,7.2294534817785,0.0763957159899467,0,0
"GWK60_J04037",2619.93431721823,0.58129199036748,0.0654825836713118,5.69907751472978e-19,1.29044975150575e-18
"GWK60_J04059",1910.60363593031,1.10810026052256,0.0747075980631214,4.9670227968821e-50,1.88912074559652e-49
"GWK60_J04081",3612.34233173956,2.64645878587649,0.0651800807853617,0,0
"GWK60_J04103",52.4854927110587,0.23598438021272,0.347195174543229,0.470755314274476,0.509385284099196
"GWK60_J04125",7226.48731420929,0.320223635869342,0.0570182195899584,1.86656983894973e-08,3.13980088035676e-08
"GWK60_J04147",72.0564709387737,-0.259094570485376,0.302935664613086,0.368800028585581,0.405579793092235
"GWK60_J04169",970.135521808433,-0.49816376042581,0.0951489562894669,1.43173804812243e-07,2.32651904019895e-07
"GWK60_J04191",1577.3633967426,-0.494939104733229,0.0785125338741271,2.52437418756524e-10,4.5692388942165e-10
"GWK60_J04213",305.346093619619,0.821469933464156,0.160341195920369,2.05800634056985e-07,3.32364548707321e-07
"GWK60_J04235",5012.46408627716,0.786449375828362,0.0640725470283682,9.0735832442876e-35,2.77482836424144e-34
"GWK60_J04257",1439.3551243922,-0.758759332747603,0.0805932719373945,3.41538979328562e-21,8.15476636980589e-21
"GWK60_J04279",1057.9088742697,1.50937408941118,0.0947579829393618,1.38645750552926e-57,5.77416189951221e-57
"GWK60_J04301",815.661012662553,0.485182054104444,0.107558392440836,5.73816899226521e-06,8.68818909018855e-06
"GWK60_J04323",1874.20277736872,-0.900224560387458,0.0786491128320216,1.53475528690724e-30,4.38263453264498e-30
"GWK60_J04345",1044.99498153588,-1.3330239831241,0.0986245089555073,5.18969770413286e-42,1.76799287070848e-41
"GWK60_J04367",1029.08869959182,-1.39143177277349,0.0954762881434289,1.59605097812626e-48,5.95828825049263e-48
"GWK60_J04389",603.949750601234,-5.16770908924118,0.207349748994792,1.94652294560986e-137,1.56794957027685e-136
"GWK60_J04411",1110.10509462204,-1.05431698594772,0.0901838676036001,7.73292197131484e-32,2.26476445262339e-31
"GWK60_J04433",1571.31963358672,0.0721542733650267,0.0801715396191559,0.367283803337519,0.403996822575356
"GWK60_J04455",2209.78433358275,0.215694561924936,0.0725887208351278,0.00290469710300476,0.00388277173108133
"GWK60_J04477",608.380499016397,0.556275140897248,0.114528335935556,1.01262632097508e-06,1.58100755367436e-06
"GWK60_J04499",312.924224511069,-0.168786853734287,0.157218027095535,0.276410785876067,0.3104015229949
"GWK60_J04521",555.715057472487,-0.836933968613468,0.120516642186311,2.54737962913379e-12,4.90095715041833e-12
"GWK60_J04543",0,NA,NA,NA,NA
"GWK60_J04565",1481.71905747617,-0.40324378815943,0.0902427974237387,7.22191851439096e-06,1.08971002253862e-05
"GWK60_J04587",666.649115556657,-0.305029926923242,0.110671952252655,0.00552710006184745,0.00722658372491116
"GWK60_J04609",2549.70553893736,0.592474893948496,0.0665740868561219,4.71890983882349e-19,1.07127603591763e-18
"GWK60_J04631",6459.18419899288,0.571797412464707,0.0521089592612294,4.40716139568782e-28,1.19925861051826e-27
"GWK60_J04653",381.423695856606,0.864573871674189,0.143249375494815,1.06232049439309e-09,1.88458880286936e-09
"GWK60_J04675",668.734263975752,0.201679935820672,0.109195223529258,0.0633268946951855,0.0764340215917108
"GWK60_J04697",573.031435980441,3.40822283138723,0.148851488606872,8.89857862157408e-117,6.22427174860102e-116
"GWK60_J04719",784.46165978948,1.58968175889418,0.107774904482227,1.04457807609937e-49,3.95570963303289e-49
"GWK60_J04741",1553.75318385143,-3.32885286028092,0.094805362684021,5.39861515778127e-271,8.98630244618022e-270
"GWK60_J04763",3034.1402156663,-0.447052877646821,0.0624661374235986,7.37342866011643e-13,1.43965236645184e-12
"GWK60_J04785",305.057624618568,0.0225284429603558,0.16181786139132,0.888885708947106,0.902478372492747
"GWK60_J04807",1220.17797465291,0.670003465020278,0.0904444529574357,1.023023683372e-13,2.04604736674399e-13
"GWK60_J04829",2031.46942857904,-0.1844500380367,0.0710208858932557,0.00926467028991109,0.0118829957875963
"GWK60_J04851",2777.93922402775,-0.151442402680404,0.0771285387409229,0.0487496049740472,0.0593984068018272
"GWK60_J04873",1542.81055984292,0.0978151105856147,0.082207413440003,0.232969726744051,0.264270166632243
"GWK60_J04895",1157.0931678139,0.560418545366416,0.0889384985329311,2.52017942208976e-10,4.56321644068576e-10
"GWK60_J04917",671.493317942955,-0.439623070006792,0.113293365235819,9.37667099016402e-05,0.000135535282792698
"GWK60_J04939",4821.97667613702,-0.18281653925934,0.0556994331226174,0.000939016989297728,0.00128927939538138
"GWK60_J04961",250.58783827815,-0.692850191775984,0.211710004434419,0.00078972761746438,0.00109056636068854
"GWK60_J04983",1748.9189273651,-0.258507728558786,0.0747278562900578,0.00051792459303914,0.0007191877928685
"GWK60_J05005",4486.01567464412,0.806964217686498,0.0558776141017734,2.01164490829804e-47,7.40465515580665e-47
"GWK60_J05027",589.994981039985,1.48098276351534,0.121967441116762,2.33485597241262e-34,7.08266575253193e-34
"GWK60_J05049",4167.79890466514,1.46778507143381,0.0675195581088678,3.02272670300159e-105,1.96048612303186e-104
"GWK60_J05071",1891.00452287986,0.155621489242875,0.0738217066907849,0.0345843266386708,0.0426426530987831
"GWK60_J05093",2007.60702044925,1.86035873956038,0.0755703361554361,2.07911877083103e-134,1.65198863059988e-133
"GWK60_J05115",3776.347427241,0.719939745393851,0.0608799328443098,2.23197425303486e-32,6.58820682994578e-32
"GWK60_J05137",3018.34508615491,-0.670720062274587,0.063431894095004,2.95245561941216e-26,7.8039781699035e-26
"GWK60_J05159",303.735007152182,-0.8039705772197,0.157812781777614,2.41206600324221e-07,3.87877321218404e-07
"GWK60_J05181",2.70524738425435,0.241598918151901,0.887415408543116,0.610386333889684,0.644446430401392
"GWK60_J05203",2204.44784011626,-2.21606116911836,0.0740963778838023,2.92797935586554e-197,3.40733880793202e-196
"GWK60_J05225",11250.826845571,-0.00142576671674182,0.133179310580169,0.996940511381536,0.998352831857713
"GWK60_J05247",529.451243986749,-0.120946448519124,0.121738945518969,0.316419945398571,0.352172855014068
"GWK60_J05269",603.534737936347,1.34334322797861,0.120007198029638,1.86103149977459e-29,5.20969967472822e-29
"GWK60_J05291",631.995591330163,-0.830853987610316,0.116157957742035,5.83765329717223e-13,1.14361476138272e-12
"GWK60_J05313",811.070740960263,1.14256689706429,0.112488574034388,1.63875661305369e-24,4.18033937180524e-24
"GWK60_J05335",3151.38838449805,0.770428677442814,0.0634844536822565,5.10812916915119e-34,1.54063987555822e-33
"GWK60_J05357",3733.32809392983,0.356372017602694,0.0584058226036144,9.83717685929691e-10,1.74573381511139e-09
"GWK60_J05379",124.479759977412,0.233241166984271,0.249986224780787,0.33664264498434,0.372630537167009
"GWK60_J05401",2734.29833189238,-0.761372468258839,0.070581956063584,2.87697498136424e-27,7.68557054442657e-27
"GWK60_J05423",571.093541104065,0.716542079197746,0.118545321412461,1.14167465939164e-09,2.02195579407409e-09
"GWK60_J05445",2172.88218595843,-0.343405327331251,0.0746139259330122,3.91182249484663e-06,5.96065652459248e-06
"GWK60_J05467",1063.10391985032,-0.929568745014759,0.0972365545025821,7.07080545233645e-22,1.71472737110603e-21
"GWK60_J05489",350.814291978835,-3.12326551515412,0.182434167518849,1.34024186177246e-66,6.14082943634418e-66
"GWK60_J05511",1031.18121981586,-1.91869892832315,0.0988192705415578,1.34194437212347e-84,7.32222759063222e-84
"GWK60_J05533",419.434063330206,-0.976351246908709,0.142141229783041,3.74587791221822e-12,7.16223839268187e-12
"GWK60_J05555",689.536175112517,-0.833094042625843,0.118296054815574,1.26921486518067e-12,2.46804812970438e-12
"GWK60_J05577",846.719733757346,-1.70934182573426,0.105710743715755,2.25410010289596e-59,9.58493657334903e-59
"GWK60_J05599",77.0547406585738,0.76998578775432,0.305989131361865,0.0082210224165931,0.0105856983870942
"GWK60_J05621",709.044273921421,1.3688817671804,0.110708006014121,1.62283736279864e-35,5.03606166862587e-35
"GWK60_J05643",1172.26252298748,-0.732870044944588,0.0875124612498853,4.01055259135967e-17,8.72436171652269e-17
"GWK60_J05665",790.055598298532,0.453676659153146,0.103235711176992,9.9439626019616e-06,1.4910274597012e-05
"GWK60_J05687",176.506846477568,-1.27159557370421,0.211483299519339,7.94167131601887e-10,1.41221065322039e-09
"GWK60_J05709",2818.65945104945,-0.512571260800125,0.0662254509382509,8.46124652069323e-15,1.74056146651726e-14
"GWK60_J05731",8002.80736971627,1.85761700080839,0.0504921998959536,1.00777332108917e-296,1.88643689285731e-295
"GWK60_J05753",925.965548726505,-0.0528313552241846,0.0978726505872054,0.586718732413935,0.621704621022281
"GWK60_J05775",1534.45625781024,-3.06139509952156,0.0920908895094191,4.16024899629525e-243,6.07858603347584e-242
"GWK60_J05797",412.056506675284,-1.27044439101822,0.144781961654919,7.48142874244924e-19,1.68966574432301e-18
"GWK60_J05819",444.548333776247,0.622526768187543,0.131846279808529,1.8954306198211e-06,2.9246010737046e-06
"GWK60_J05841",20487.6426003037,1.90540793141937,0.0529492656687473,3.4399241750086e-284,6.03133372018174e-283
"GWK60_J05863",2435.64744983616,-0.0564069114823833,0.0675018689980734,0.402086873163289,0.440161696740666
"GWK60_J05885",48.6502427397596,-1.57686599677237,0.405396993617715,2.96860874342807e-05,4.37514205391752e-05
"GWK60_J05907",2933.57630367504,0.365821169324558,0.065165630706033,1.862309989602e-08,3.13363741052672e-08
"GWK60_J05929",401.34917785146,-0.608127337526648,0.139655108644562,1.07979139059961e-05,1.61814892152534e-05
"GWK60_J05951",237.610362851097,-0.753302536354387,0.177038003926316,1.49909013388238e-05,2.2350380114006e-05
"GWK60_J05973",2186.3282006284,-0.61827648508177,0.0733051256701185,2.67207643804612e-17,5.84412559838777e-17
"GWK60_J05995",2170.37381953365,0.829046381090076,0.0747603956448619,9.60775041967668e-29,2.6500664503146e-28
"GWK60_J06017",2604.19687585794,1.91337528003326,0.0691532477817173,3.90189217121278e-169,3.88711227662485e-168
"GWK60_J06039",2197.02577642976,-0.274419934556025,0.0685360330840088,5.96357101988196e-05,8.68930292647621e-05
"GWK60_J06061",2694.44402405865,0.485451820210335,0.0677702284122198,7.04091958026999e-13,1.37677460937621e-12
"GWK60_J06083",927.437614782616,0.904561602197532,0.0985729767065642,2.92827501915195e-20,6.85784799676726e-20
"GWK60_J06105",312.723018025999,-0.747480167910986,0.161394597991829,2.6004054029585e-06,3.99128462782658e-06
"GWK60_J06127",3514.53072632045,1.1684589331732,0.0620113865335833,1.74188712493124e-79,9.00032050799443e-79
"GWK60_J06149",573.274602093929,0.219490441109752,0.116673892396755,0.0583924307292253,0.07069485801577
"GWK60_J06171",423.431498585743,0.689477981495963,0.149326841640368,2.97975629211963e-06,4.56155939946136e-06
"GWK60_J06193",4487.18761209488,-2.54802257356401,0.0653197337820651,0,0
"GWK60_J06215",815.220262573856,3.13287606949681,0.228471537069524,1.1154984251731e-43,3.88835103804539e-43
"GWK60_J06237",20.7858723222074,1.22763178948297,0.599372118014606,0.0154763468995866,0.0195451583893939
"GWK60_J06259",2354.56331953984,0.116569677957655,0.069087123898873,0.0910426163777623,0.108124669710325
"GWK60_J06281",0,NA,NA,NA,NA
"GWK60_J06303",7216.53392999613,1.32249619624583,0.0552652500175581,6.36114976091154e-127,4.77994967748495e-126
"GWK60_J06325",746.270216099521,-0.835883329969726,0.108587461021965,9.40976565355417e-15,1.93416832112915e-14
"GWK60_J06347",801.399330958174,-2.05666785577678,0.113152210214445,1.53087643358521e-74,7.57517407399641e-74
"GWK60_J06369",3088.80781055173,-0.141968197838001,0.0695364372411977,0.0406712884092671,0.0498789874172872
"GWK60_J06391",1450.0569969312,-0.371022599634666,0.0839819308068713,9.21478315232802e-06,1.38485026803558e-05
"GWK60_J06413",2345.18704030641,-0.506034397175746,0.0719841898125895,1.78511261060919e-12,3.45336238757055e-12
"GWK60_J06435",2290.87509536769,-0.841400524905108,0.0685653877369059,8.64539817285948e-35,2.64542143043868e-34
"GWK60_J06457",975.513843973513,0.684284635607466,0.0956398247920845,6.50813556296911e-13,1.27354140852744e-12
"GWK60_J06479",0,NA,NA,NA,NA
"GWK60_J06501",68.1649092978185,-1.57885716208191,0.340578901123826,1.09736089686729e-06,1.70873840068738e-06
"GWK60_J06523",620.952977309592,-0.666156590239959,0.116413778162457,8.18827709252955e-09,1.40202921571307e-08
"GWK60_J06545",3498.93599085547,0.81814011574672,0.0621220622736241,9.42788324193247e-40,3.10135496263695e-39
"GWK60_J06567",1002.68967201081,-0.630944206503524,0.0927727743628122,8.31600918143601e-12,1.57120001057304e-11
"GWK60_J06589",502.65973959219,0.0581039444075116,0.134294704368621,0.663343569347718,0.695611478223484
"GWK60_J06611",1703.09695513696,-0.678222505797042,0.0780579590153261,2.85473186241408e-18,6.35189915241035e-18
"GWK60_J06633",233.976067956989,-0.269881963727808,0.176249038777187,0.119597313315259,0.140247914340062
"GWK60_J06655",1918.99287798076,1.11223682037381,0.0732139203594907,2.17637864946487e-52,8.54947848856254e-52
"GWK60_J06677",515.192201791102,-0.367499004316801,0.125310654199677,0.00310196437356366,0.00413071711517591
"GWK60_J06699",48.4709943089579,2.06017633497243,0.423847135402612,2.44604967226709e-07,3.93221921641959e-07
"GWK60_J06721",1059.34128895664,0.419574530438294,0.0958672395385286,1.10418641598982e-05,1.65423541672073e-05
"GWK60_J06743",1768.12164161332,1.7969992752717,0.0779946238713374,5.3794620834851e-118,3.82377980528805e-117
"GWK60_J06765",3014.68991314256,1.79803801408057,0.0651025840214607,1.82491794906931e-168,1.80095092159561e-167
"GWK60_J06787",2570.88391475279,-0.0701019175670106,0.0695540938863059,0.311168461359603,0.346547979409594
"GWK60_J06809",2941.84898874767,0.7611342644219,0.0633432773824318,2.13149019524997e-33,6.37024910625844e-33
"GWK60_J06831",2018.69221427706,0.315629260871669,0.0740173768722455,1.90877491875078e-05,2.83460081101894e-05
"GWK60_J06853",1136.5291665007,1.07872460942022,0.0917939948956162,3.76577711953861e-32,1.10906985715415e-31
"GWK60_J06875",9540.51071082068,3.79484873707911,0.0586256659718023,0,0
"GWK60_J06897",2755.28500931221,1.63827790008976,0.0721252599677435,1.05869947551544e-114,7.27942384472052e-114
"GWK60_J06919",1642.26911466957,0.568389991108575,0.0765586849023603,9.6426340016721e-14,1.93293654149372e-13
"GWK60_J06941",1056.0987672829,-0.51016674909408,0.0906603143452077,1.58002328724885e-08,2.66974702567586e-08
"GWK60_J06963",3775.2403592296,0.212582169598243,0.0589949485880879,0.000307560551511773,0.000432442796298296
"GWK60_J06985",1044.01865852797,0.911868873466737,0.0917341138626369,1.79094470251612e-23,4.47736175629031e-23
"GWK60_J07007",768.023561809823,0.764578148311862,0.105957867040386,3.95252510488707e-13,7.78079418102769e-13
"GWK60_J07029",180.370288685878,0.928798022745505,0.213103320216507,8.18679176711731e-06,1.23282349542047e-05
"GWK60_J07051",304.706090190918,-0.703312463924305,0.158462858933916,6.83143369757654e-06,1.0313817809774e-05
"GWK60_J07073",22727.2507447441,-2.50301601776696,0.0502097194826773,0,0
"GWK60_J07095",3924.9928415792,0.237635613692331,0.0589990455292051,5.49105801240646e-05,8.01191820950291e-05
"GWK60_J07117",328.227032154546,0.599899384971297,0.163356373469983,0.000196287350632213,0.000278895587338044
"GWK60_J07139",571.378528392894,1.27429990046593,0.123459271183935,2.53795052923015e-25,6.58265275332869e-25
"GWK60_J07161",1213.79912545281,-0.812988756277194,0.0915057822387039,4.35312186714402e-19,9.89944704763405e-19
"GWK60_J07183",225.568150782526,-0.339866652551068,0.189785997727342,0.0684715585176614,0.0824354309459599
"GWK60_J07205",1395.94624989498,-1.19777199231498,0.0861175899541021,2.61530070074293e-44,9.2016599905738e-44
"GWK60_J07227",1283.71636753575,-0.89874985248616,0.0875341057317486,6.31968492404875e-25,1.62550331053772e-24
"GWK60_J07249",247.919111192319,-0.474811106935471,0.187331396530542,0.00979478470123619,0.0125506863650432
"GWK60_J07271",1328.5085252614,-1.72966668813392,0.0872577599523778,5.20426574015537e-88,2.90599127316531e-87
"GWK60_J07293",474.546698650057,-1.7934096146691,0.136878004048351,8.1926604215355e-40,2.69670799857802e-39
"GWK60_J07315",1351.64166043009,-0.999425275403249,0.0854535977000926,7.80396187573658e-32,2.28429824520726e-31
"GWK60_J07337",255.194988707636,-0.261141855418645,0.169744023119796,0.118298231325747,0.138863802002551
"GWK60_J07359",1979.19094776254,0.0740976601552682,0.0710814024693452,0.29649734149456,0.331260836079309
"GWK60_J07381",3189.76125917084,0.156653764099592,0.0623853776264378,0.0119063003276528,0.0151676288988747
"GWK60_J07403",10196.1943451024,0.619627804258439,0.0481153577216783,4.91696097920634e-38,1.56936982710105e-37
"GWK60_J07425",864.180332028803,-0.914530868304292,0.103149993889619,4.7668920936349e-19,1.08170200226573e-18
"GWK60_J07447",15303.9531924032,1.25910629972016,0.0452609314364751,1.31615127628108e-170,1.32878228661007e-169
"GWK60_J07469",1129.45042405962,0.481268771193943,0.100362267963242,1.4361256194232e-06,2.22701083672348e-06
"GWK60_J07491",5073.02673031256,0.940844035923514,0.0583088759074474,8.8382807353792e-59,3.73108801509587e-58
"GWK60_J07513",1367.91893615345,-0.319736852740005,0.081940522325713,8.9988900363833e-05,0.000130181962572542
"GWK60_J07535",505.234701086002,2.73967588295234,0.148087105760838,4.1219356346859e-77,2.09279743614361e-76
"GWK60_J07557",685.746307670061,-0.587254068949288,0.113366528213393,1.8333901167993e-07,2.96635866329262e-07
"GWK60_J07579",3659.08878428087,-0.915425774602264,0.0598808061695426,5.76457684972142e-53,2.2746942407753e-52
"GWK60_J07601",881.780207019154,-4.18336989515497,0.139987792256872,7.70073316998504e-197,8.94169017088771e-196
"GWK60_J07623",1638.24127785449,0.290972674244363,0.0767765099366115,0.000144741043328274,0.000206941529738169
"GWK60_J07645",1920.80944216044,-0.853843022221268,0.0727855742777155,6.27805886470277e-32,1.84072405955053e-31
"GWK60_J07667",1471.80243150648,1.02119274855024,0.0809558990230819,1.01652674216902e-36,3.19792503816331e-36
"GWK60_J07689",654.518903140535,-0.521970356403461,0.114091088947478,4.09562573070012e-06,6.23530863776633e-06
"GWK60_J07711",214.518546560145,-0.199228702060276,0.184349733492093,0.271194396539866,0.304934272295787
"GWK60_J07733",2435.80855132794,-1.14335881862415,0.068902776812329,3.88238167197694e-62,1.69612355436866e-61
"GWK60_J07755",1257.72887361106,-1.49396723877267,0.0881386299200642,6.57192547573374e-65,2.96978762906868e-64
"GWK60_J07777",1298.19602318985,-1.00752660806022,0.084852624336985,9.41144161091806e-33,2.79054018452249e-32
"GWK60_J07799",1654.59099033325,0.125711772101736,0.0785709827358553,0.108735422476307,0.128067246355883
"GWK60_J07821",121.36526414525,0.066784685311003,0.252116729920391,0.78598945024891,0.807639091289171
"GWK60_J07843",66.0961450570932,-1.72824011662691,0.350230216748595,2.17851937933074e-07,3.51395643522836e-07
"GWK60_J07865",764.846200656116,-1.03798356164803,0.109457956282104,1.39961806586136e-21,3.36933227754267e-21
"GWK60_J07887",1540.15385005154,-1.46086444945139,0.0820854066288555,2.77231205656015e-71,1.33172250388186e-70
"GWK60_J07909",2447.45551789219,-0.512563964627396,0.0700153187173332,2.0832226204853e-13,4.13344058232844e-13
"GWK60_J07931",2006.33221460196,0.350924400520308,0.0728404253846529,1.37102146718294e-06,2.12919188585245e-06
"GWK60_J07953",1774.6211872078,0.00641705168468308,0.0753191570430618,0.93229061997424,0.94141844136389
"GWK60_J07975",1404.85045422695,0.561035681072125,0.0827526829240903,1.0300352035911e-11,1.93984431467569e-11
"GWK60_J07997",2573.53290001264,-0.350140700941613,0.0659564751324423,1.03168035080571e-07,1.6863389202107e-07
"GWK60_J08019",2389.53995919018,0.243063629494579,0.0727793519899948,0.000811144877089022,0.00111867384727012
"GWK60_J08041",1879.21986974143,0.293841220864763,0.0736429665542258,6.33115049600359e-05,9.21722989454163e-05
"GWK60_J08063",2293.2801753682,-0.0122983072301601,0.0811244314851563,0.879092588808709,0.894222977593079
"GWK60_J08085",1903.2924786057,0.462715818037815,0.0726180213210207,1.67437957379804e-10,3.04537916949436e-10
"GWK60_J08107",1111.25736840913,-1.102685157985,0.0907189655657326,2.75780353059278e-34,8.35601760997581e-34
"GWK60_J08129",3468.75966344171,0.415741213614977,0.0607839621912946,7.2809841191665e-12,1.37812077966232e-11
"GWK60_J08151",4702.25963900935,1.75122283505172,0.0583620689952764,1.76609219391304e-198,2.07358145981754e-197
"GWK60_J08173",3277.46572058882,0.812808273692511,0.062383034549618,5.80996945990596e-39,1.88644687401885e-38
"GWK60_J08195",2012.00423460377,-0.550947578392093,0.0831411334787162,2.88058466530498e-11,5.36919749805252e-11
"GWK60_J08217",123.952833888494,0.386453463757702,0.237063875719627,0.0934495139414083,0.11083301991698
"GWK60_J08239",784.796491062554,-0.155610987866755,0.102018615240464,0.125020243818796,0.146167255498304
"GWK60_J08261",6036.04368493204,-1.16259711610636,0.0541297248088697,1.1966263872001e-102,7.62939975354247e-102
"GWK60_J08283",1631.59659515021,0.109162763509044,0.0848463900180846,0.196968153213027,0.225424822867824
"GWK60_J08305",1924.92743110111,0.947645603330842,0.0728901174315652,7.67979070824351e-39,2.48283338201358e-38
"GWK60_J08327",1902.442633147,1.12053729567644,0.0739791101407312,4.211736900951e-52,1.64834345974719e-51
"GWK60_J08349",0,NA,NA,NA,NA
"GWK60_J08371",642.234807291266,2.0891525475301,0.125948474731304,2.04497031863967e-62,8.94887177707542e-62
"GWK60_J08393",5637.93827182053,-0.417458546728588,0.0527093268764044,2.15524550533595e-15,4.48263794308702e-15
"GWK60_J08415",9537.46798377146,0.883449257039046,0.0577629571121952,3.62286272102122e-53,1.43712352281837e-52
"GWK60_J08437",2988.65048003874,1.50299840110461,0.0702975127075299,6.72969241121792e-102,4.24438634088804e-101
"GWK60_J08459",1615.07991404677,0.810013125902062,0.0804761592379109,5.65625376816463e-24,1.42694939187271e-23
"GWK60_J08481",4024.50202573027,0.576265153701203,0.0575152770599422,1.07734626556623e-23,2.70622796412529e-23
"GWK60_J08503",1971.14561728474,-2.74436575808378,0.0871423279963719,1.04171447983382e-218,1.37328776038243e-217
"GWK60_J08525",1115.74802206731,0.216322398676451,0.0916979244394712,0.0178840599178233,0.0224671973173514
"GWK60_J08547",9356.93002716801,-0.650157538787039,0.0489229161082363,2.13734553434496e-40,7.08408160721771e-40
"GWK60_J08569",3563.43167881926,0.368556038531123,0.0597765750331683,6.6725648683999e-10,1.1905594032491e-09
"GWK60_J08591",2364.04221082164,0.142200711240173,0.068174971770146,0.0366814795408359,0.0451543604925806
"GWK60_J08613",1755.8124352883,0.116720949499446,0.074985855509986,0.118762458974942,0.139377629229852
"GWK60_J08635",595.063410110795,-0.31869061565662,0.127806545535988,0.011924809853653,0.0151875302252337
"GWK60_J08657",1604.48883099769,-1.15694202967477,0.0789296344181919,5.82386794248878e-49,2.18343160210199e-48
"GWK60_J08679",114.137898564306,0.934246175010251,0.254062493530342,0.000143515644910031,0.000205412868633133
"GWK60_J08701",583.59841987725,-1.38347643250916,0.123263815812523,1.26207602515844e-29,3.54432455543693e-29
"GWK60_J08723",467.093205682696,-1.17545340199265,0.131812199620724,2.28763555273514e-19,5.23399869829788e-19
"GWK60_J08745",129.51720147146,-1.90112393661404,0.257768693198211,3.88157305982156e-14,7.86785136595816e-14
"GWK60_J08767",6093.57944160141,-0.130000992174207,0.0529563521341815,0.0139161080735423,0.0176467522822644
"GWK60_J08789",802.847319378554,1.95356999538966,0.11771916578543,1.77238782358462e-62,7.76896662671257e-62
"GWK60_J08811",10427.7713888228,0.354276885974683,0.0638144741400253,2.66182349912641e-08,4.44905993180964e-08
"GWK60_J08833",1036.8649920823,2.62125242907646,0.105166102959066,7.61337467269875e-138,6.15151317640483e-137
"GWK60_J08855",1.00468729563982,-0.203614194271883,0.983941452909291,0.552073525342059,0.589147239460181
"GWK60_J08877",4515.68245321129,-1.7547023738153,0.0620538403179704,1.74340983382024e-176,1.83774263043977e-175
"GWK60_J08899",16232.0951017626,-2.89557074944009,0.0551517902325542,0,0
"GWK60_J08921",4227.50905256133,-0.184560657818767,0.0565819585355852,0.00108355600696991,0.00148193047235094
"GWK60_J08943",2466.58080896814,1.15708892918382,0.0707271708546156,1.94816561337155e-60,8.34474847421362e-60
"GWK60_J08965",1976.40696224549,0.0833701804315399,0.0846896526859724,0.323749595846162,0.359493956966606
"GWK60_J08987",21.3561509039494,-0.0997534766117643,0.501384964326886,0.817257404028822,0.836549593989245
"GWK60_J09009",1297.99268458704,-0.159809617611869,0.0919770407683616,0.0809290304625557,0.096659105411681
"GWK60_J09031",2635.11908638721,-0.475001445114761,0.0700901402621534,1.0911614681887e-11,2.05422667239533e-11
"GWK60_J09053",4628.21071226313,-0.415973483995693,0.0553371004325403,5.32398806059483e-14,1.07501639918345e-13
"GWK60_J09075",1205.5603862647,1.59511512183647,0.0924624240927816,3.44921865711038e-67,1.59287885306414e-66
"GWK60_J09097",333.194891092678,-0.07996339504843,0.153082975279993,0.596409074331037,0.630828821834155
"GWK60_J09119",4125.43255817006,1.13462151585831,0.0575646108668873,9.0017920201557e-87,4.984150108002e-86
"GWK60_J09141",1218.03371191333,0.0309408951952729,0.0858012921152813,0.71814884590987,0.748308821213533
"GWK60_J09163",21734.2934449804,0.319457134221596,0.0454076775066458,1.92074260397357e-12,3.70756187042237e-12
"GWK60_J09185",2725.69502006352,0.220395432055197,0.0696247669831983,0.00150520299450632,0.00204319167770406
"GWK60_J09207",3487.61459993976,1.00927372692672,0.0603166674753815,4.40830918491137e-63,1.93877143082223e-62
"GWK60_J09229",631.028915155476,0.636798851456655,0.112599051253936,1.25376392549321e-08,2.12598267185503e-08
"GWK60_J09251",0,NA,NA,NA,NA
"GWK60_J09273",376.179668416496,-2.76128439875525,0.176542780752499,7.0001109114136e-56,2.86988179220854e-55
"GWK60_J09295",84.4801892307938,-3.18245833543945,0.37338255123979,2.20891439068262e-18,4.92952469028026e-18
"GWK60_J09317",1787.05313691258,-0.869296249705686,0.0805199684333808,2.42560331809804e-27,6.48636169455804e-27
"GWK60_J09339",1708.06837244392,0.421721888427144,0.0764219852798495,3.12999622192065e-08,5.21666036986776e-08
"GWK60_J09361",2593.35791409672,-0.612772651833513,0.0681078658444137,1.87329618756451e-19,4.30285499851063e-19
"GWK60_J09383",1476.28236695921,0.514159990643635,0.0797680179202852,1.00253802622666e-10,1.83548556141741e-10
"GWK60_J09405",683.604472210169,0.702203159966212,0.112306750540253,3.07308332112407e-10,5.55096781219527e-10
"GWK60_J09427",1228.73705223007,-3.25242499115206,0.10367689165825,6.97863951407745e-217,9.06361576396232e-216
"GWK60_J09449",939.706131628184,-0.770352784317061,0.0973054046010434,1.73200186528452e-15,3.61091153840531e-15
"GWK60_J09471",618.705041476469,0.193288148005395,0.114918355806912,0.0888378976649808,0.105697204640986
"GWK60_J09493",363.817665529827,0.808344810193222,0.145493303173354,1.92840989342608e-08,3.23864496788672e-08
"GWK60_J09515",1667.28673435666,0.56189108196568,0.086831338284675,8.17408484397933e-11,1.50439770046645e-10
"GWK60_J09537",2308.72513851727,1.33897464550086,0.0769697204160756,3.69594560508507e-68,1.72499324602906e-67
"GWK60_J09559",525.660699975596,-4.14560057032519,0.176055491236218,2.97702604765842e-123,2.19623520486442e-122
"GWK60_J09581",385.392306396855,0.626588644527448,0.142072677234355,8.30797463620077e-06,1.24999847215149e-05
"GWK60_J09603",2154.63568824158,0.163716520077272,0.0720783239289387,0.0228236993462535,0.0284754882735516
"GWK60_J09625",18261.6134231503,2.04705007390989,0.0482000679579898,0,0
"GWK60_J09647",1245.63207466942,0.242555426410935,0.084878203820639,0.00414533655287097,0.00547438369774073
"GWK60_J09669",1256.47879920802,1.01670773684463,0.0875150205249466,1.99654757986226e-31,5.79891787414439e-31
"GWK60_J09691",2782.39213587924,0.0962193028841045,0.0649357702518157,0.138435726226587,0.161206978072139
"GWK60_J09713",27402.5538852032,0.819483270989509,0.0463955917216188,5.65394246657928e-70,2.68894551303861e-69
"GWK60_J09735",18869.4458056598,-1.05197334628709,0.0513686330675009,1.79492239346912e-93,1.05019930919328e-92
"GWK60_J09757",707.854311523394,1.63833336394352,0.118729172373157,7.66675876230097e-44,2.67776567660711e-43
"GWK60_J09779",6653.157546282,-1.82674713611187,0.057746038014809,2.75006963266031e-220,3.67141275832315e-219
"GWK60_J09801",537.509254109906,0.190875395537198,0.120384873951379,0.110524383595488,0.130057775774556
"GWK60_J09823",757.181527428174,-3.97360042721799,0.143600887384131,3.00312422628982e-169,3.00312422628982e-168
"GWK60_J09845",1516.70606974347,-4.86712629783334,0.125519098620241,0,0
"GWK60_J09867",1588.58726669646,0.000360798095168584,0.077813069359603,0.997024225427484,0.998352831857713
"GWK60_J09889",2345.38972222606,0.545638112715258,0.0687096515136879,1.70238994688124e-15,3.55058331506554e-15
"GWK60_J09911",1129.61820441112,0.0896446228653821,0.0900392305925961,0.3178754911185,0.353568425308376
"GWK60_J09933",906.484799615419,-0.235753865964155,0.0979762146491707,0.015566551573593,0.0196449283294383
"GWK60_J09955",21780.1311098442,-3.21085682722272,0.0525993439485453,0,0
"GWK60_J09977",410.605545218038,0.174373458296048,0.136230128537579,0.196904581393632,0.225401109495213
"GWK60_J09999",9913.33077573478,1.10535002107916,0.0477111935475977,3.36348327849698e-119,2.41034360284661e-118
"GWK60_J10021",457.348553893504,-1.27051374684745,0.134764918445564,1.80664384758849e-21,4.33726455422886e-21
"GWK60_J10043",1002.08490202172,0.469266738124081,0.0930404905933131,4.08329591830693e-07,6.49474947998018e-07
"GWK60_J10065",370.297057820863,-5.30689191399495,0.275158419587296,3.24105841280434e-83,1.74850946167701e-82
"GWK60_J10087",1032.31872342269,-0.121709416858447,0.0924245864042845,0.185793704965819,0.213192602120464
"GWK60_J10109",956.162392712737,-0.790951929599962,0.0947995357138491,5.09356667891411e-17,1.10574332361074e-16
"GWK60_J10131",1739.58987294501,0.622654750270706,0.075052395779855,8.76946699725658e-17,1.88891877172685e-16
"GWK60_J10153",860.160136062543,-0.755134325915067,0.109887323124027,4.54890498960663e-12,8.68187236768175e-12
"GWK60_J10175",575.459864583916,-2.00193741342195,0.127248411871179,2.06379566361275e-56,8.4875411967186e-56
"GWK60_J10197",17659.1837129024,-2.57112370318369,0.0544110753210875,0,0
"GWK60_J10219",8111.01735828491,-0.580087963931702,0.0506771548958188,2.03371670915169e-30,5.7854785776841e-30
"GWK60_J10241",1021.57769949489,0.229614854933626,0.0929787753932632,0.0131875315653615,0.0167511267891334
"GWK60_J10263",2407.86742019411,1.1000266888178,0.0700688247410522,8.36946781313149e-56,3.42328154720619e-55
"GWK60_J10285",1378.34992538985,0.275612936499696,0.0848642185548557,0.00112137926355678,0.00153166837868312
"GWK60_J10307",1520.98618965845,3.47059451815397,0.0977781875436071,1.08167879673677e-276,1.83536466801143e-275
"GWK60_J10329",1106.14555662291,0.397579420796297,0.0903818589183811,1.00611707477282e-05,1.50817207560702e-05
"GWK60_J10351",457.781192822565,1.2167749193217,0.137613482573359,4.57151241839501e-19,1.03915969406905e-18
"GWK60_J10373",422.709068234065,-0.0123626101158469,0.148798532958609,0.931926071986531,0.941231017405751
"GWK60_J10395",4515.63134626957,-0.00234644198700207,0.0563603320969663,0.965497356145757,0.97047890183961
"GWK60_J10417",259.676671115959,-0.508929014354323,0.172721889093335,0.00276026183860442,0.00369439625217793
"GWK60_J10439",913.365712314651,0.24408709327866,0.0959352414113336,0.0106307259086437,0.0135854271816
"GWK60_J10461",2470.58655440747,-0.305322274666531,0.0723247048656757,2.30085314578437e-05,3.41011201657532e-05
"GWK60_J10483",1816.19547246007,0.188853085607842,0.0731698413450304,0.00968262635371855,0.0124130184305532
"GWK60_J10505",444.862330927021,0.221304245066135,0.131757799167882,0.0904174484431849,0.107479272047718
"GWK60_J10527",920.932875185803,0.759006405450748,0.101408652759751,5.32930880622528e-14,1.07567783272237e-13
"GWK60_J10549",5118.3875561314,0.819201970149262,0.0543593795104071,1.78970584147682e-51,6.94236926708562e-51
"GWK60_J10571",4377.04278908068,-0.784509101507382,0.0573518287049473,9.6459021563957e-43,3.32268797266807e-42
"GWK60_J10593",136.095429412682,-2.46802027755187,0.265278339653723,2.55428968453031e-21,6.11541362796059e-21
"GWK60_J10615",2426.55848488647,-1.37715714747077,0.0691217351271356,9.84003253489837e-89,5.54160290509266e-88
"GWK60_J10637",1580.25813395497,0.0664888684257083,0.0806898228940655,0.40925897259591,0.446804108728619
"GWK60_J10659",90.0272096397183,0.0263433147399525,0.272926080253431,0.921747897591111,0.932535500391501
"GWK60_J10681",908.546428034668,-5.38109840528971,0.180426778630175,1.44664581133219e-195,1.66506717015477e-194
"GWK60_J10703",433.114463726971,-5.24949258434455,0.250543382790758,1.06374753904855e-97,6.46109937112629e-97
"GWK60_J10725",1234.81071786999,0.0249220143024809,0.0881473572981354,0.777388158571717,0.800163878492336
"GWK60_J10747",1403.69323682252,-0.158038427951731,0.0852962463510388,0.0627681735155783,0.0757770467505031
"GWK60_J10769",484.826978432133,-1.62172577758623,0.13266045971111,7.22044253881013e-35,2.21454972327355e-34
"GWK60_J10791",412.525359805522,-0.937216350782918,0.146689794454181,9.94685641755790e-11,1.82174320182293e-10
"GWK60_J10813",474.244002840156,0.132237740299595,0.1297645711623,0.304869905406211,0.339893112004381
"GWK60_J10835",2387.72455554593,-0.222528076233464,0.0704439112359498,0.00153291664344778,0.00207920101715712
"GWK60_J10857",679.439481756296,-4.37836856203397,0.165929899983823,2.71768284021961e-154,2.49476644669374e-153
"GWK60_J10879",149.069510226486,-1.34149927080138,0.228436789705525,1.69999712306121e-09,2.990630390402e-09
"GWK60_J10901",1272.82330237146,-0.515888589175724,0.0851911986460697,1.16747616315236e-09,2.06695544199981e-09
"GWK60_J10923",7183.2658998303,1.380026739896,0.0523925861076085,2.6911157586068e-153,2.4532528406017e-152
"GWK60_J10945",632.424385154756,-5.0464991703599,0.197518214050716,2.85659056100565e-144,2.41570198567359e-143
"GWK60_J10967",1431.78903018414,0.228082159462062,0.0813357494538596,0.00492217331846927,0.00646457719229672
"GWK60_J10989",2016.09373394966,1.00216706527324,0.0725705062229006,1.35213893226217e-43,4.70076059728951e-43
"GWK60_J11011",26268.3200856584,-3.28065303811521,0.0493045722984925,0,0
"GWK60_J11033",254.746446086951,0.235318480522393,0.172564127950295,0.166711127358925,0.192513837520954
"GWK60_J11055",1177.6498993984,-1.01618548212247,0.0883148438169445,6.93712164130192e-31,1.99831652975072e-30
"GWK60_J11077",589.309508467298,-4.61499723242919,0.184874349241246,4.41904178899109e-138,3.58153463945965e-137
"GWK60_J11099",3553.64785052365,1.00670904219891,0.0600024611332575,2.06214602690031e-63,9.11503201806357e-63
"GWK60_J11121",667.564357956002,1.50546785084038,0.114220600668373,4.07827274040202e-40,1.34746951096198e-39
"GWK60_J11143",1257.80063145447,-1.52980376728578,0.0909294025056994,5.14289126490525e-64,2.29445360927919e-63
"GWK60_J11165",3.6486863530348,-0.736610826001237,1.05672911392515,0.187248129608181,0.21467418520903
"GWK60_J11187",47.6946032697886,-0.872350160686993,0.384462921218787,0.0141068655723935,0.0178800272074192
"GWK60_J11209",447.100840463541,-0.941236259319647,0.137772458667314,5.12578030992611e-12,9.76162361702077e-12
"GWK60_J11231",4428.92816286217,-0.379216989930953,0.0572232503256659,3.18641930704909e-11,5.92664977195128e-11
"GWK60_J11253",4611.35024134206,-0.426008607160417,0.0552674478000088,1.15550682038e-14,2.36957733925878e-14
"GWK60_J11275",642.238485752885,-0.301561304302847,0.113777877477591,0.00762006451459381,0.00984562499306397
"GWK60_J11297",3516.09801085463,-0.31446864441182,0.0643656281678045,9.8338873912704e-07,1.53627109231014e-06
"GWK60_J11319",1156.24924279326,1.0620312255397,0.0949083493547023,2.48133307968743e-29,6.931392458394e-29
"GWK60_J11341",5915.30405332512,7.29623977678162,0.129482878774896,0,0
"GWK60_J11363",617.387130750975,-0.296869209863833,0.113392008248274,0.00838271565495445,0.01078861863104
"GWK60_J11385",1267.25633042026,-0.483372910710638,0.0866599965798712,2.14680683526751e-08,3.59738896256995e-08
"GWK60_J11407",3.00867333946755,0.124994250781814,0.860116285311147,0.792092729940511,0.813433767959213
"GWK60_J11429",1519.74896899972,0.0458987070974862,0.080955784805197,0.570298722905223,0.60625935377556
"GWK60_J11451",1658.64247731062,-0.351851547480506,0.0774070426922521,5.12488026127766e-06,7.7707899032345e-06
"GWK60_J11473",1798.0070976397,0.945217599969232,0.0785726315779697,1.5467782653756e-33,4.63592802044198e-33
"GWK60_J11495",1525.99761914944,0.871578098213857,0.0790154125521789,1.83067051498701e-28,5.01527443168315e-28
"GWK60_J11517",1068.95648236175,-0.0847051480255813,0.0917568519211791,0.353473105927305,0.39002906171127
"GWK60_J11539",19168.1592393448,-3.75729220932705,0.0495017333243413,0,0
"GWK60_J11561",15823.9988851115,-0.532626015116687,0.0454962818068221,9.99657485119196e-32,2.9212213176261e-31
"GWK60_J11583",198.205628754427,-3.61663029599918,0.257632608245984,1.80537583874805e-45,6.44252164980647e-45
"GWK60_J11605",387.606324473682,0.229324906756012,0.143495781537365,0.106610478102175,0.125789841816385
"GWK60_J11627",2339.53642569733,1.1035513230751,0.0692274444830513,1.75611140689235e-57,7.30209169980534e-57
"GWK60_J11649",2483.19059441914,1.31468778093051,0.0722560946092089,2.48178259442854e-74,1.22689628258403e-73
"GWK60_J11671",2869.32961653347,0.575076836903376,0.0723923720498521,1.65672311294107e-15,3.46082747183083e-15
"GWK60_J11693",1171.66690809328,0.925719298911375,0.0899856158345943,5.02214927143143e-25,1.2949267239083e-24
"GWK60_J11715",1270.29023776619,-0.28952477600591,0.0840643204033412,0.000546320013227001,0.00075781731792564
"GWK60_J11737",125.242372774825,0.176677244642287,0.236744854247337,0.444096871524396,0.482534506138881
"GWK60_J11759",0.70312001784028,-0.0850205175124486,0.981085714331571,0.774907076201654,0.798904590517582
"GWK60_K00011",0.268039941565837,-0.103884957466237,1.01911488641768,0.760502028806508,0.786829400378094
"GWK60_K00033",0,NA,NA,NA,NA
"GWK60_K00055",20.3182879908006,1.43238540078279,0.621234004425936,0.00648939854970735,0.00843653889556615
"GWK60_K00077",4063.1603697176,2.68805513859965,0.0688513492092134,0,0
"GWK60_K00099",560.023313566357,0.14220789944099,0.123709521972386,0.247213510290986,0.279523444568054
"GWK60_K00121",3076.64711138762,-0.164163413430396,0.0645941313158427,0.0108590548296238,0.0138671105617434
"GWK60_K00143",3865.8085254878,-0.644350909527792,0.0582578317964642,1.5422760936673e-28,4.22739565017717e-28
"GWK60_K00165",14041.8005584293,0.894921464209838,0.0473202271651498,5.94644468106851e-80,3.09074101012059e-79
"GWK60_K00187",320.352322207563,1.76030023402621,0.164182567082592,2.28916052897144e-27,6.1277274210635e-27
"GWK60_K00209",269.671797851188,-0.224455029527395,0.170539329512068,0.181428882812266,0.208684872860817
"GWK60_K00231",410.285978034494,-0.190551101661707,0.139768170452953,0.168204299288416,0.194152866854744
"GWK60_K00253",3795.02427006495,-0.117115757567275,0.0600199505349956,0.050679347586554,0.0616639760132486
"GWK60_K00275",1157.10651936711,-1.60582192717923,0.0910995434278716,4.76554178158706e-70,2.26848414218533e-69
"GWK60_K00297",578.409831424605,-0.64411337454207,0.123393890069975,1.41341655459671e-07,2.29816725724225e-07
"GWK60_K00319",982.516846981761,-1.59052673564762,0.100294846342611,3.91909083370285e-57,1.6257427275455e-56
"GWK60_K00341",3180.89268588457,-0.395587972875281,0.0680139527901301,5.50378208678361e-09,9.49799664582736e-09
"GWK60_K00363",2838.56944459925,0.516294067059877,0.0698392682738835,1.25592272449714e-13,2.50233088289961e-13
"GWK60_K00385",1752.81619930739,0.0415241930130024,0.074867703022626,0.578737160125035,0.614608815315503
"GWK60_K00407",0,NA,NA,NA,NA
"GWK60_K00429",1711.57522068684,0.890135330221505,0.0761895320079193,1.02601499416004e-31,2.99657905012871e-31
"GWK60_K00451",733.115033183802,-1.48680441153998,0.114564153284209,5.40949849804105e-39,1.75750229151921e-38
"GWK60_K00473",875.872906200093,-1.24052267951703,0.102260291644401,3.3038603896647e-34,9.97034173817346e-34
"GWK60_K00495",1603.36613662917,-0.115103101588436,0.0838513926137364,0.167691246455844,0.193603151088178
"GWK60_K00517",663.765364159647,-5.47646264453144,0.214568250146293,7.27717885759436e-144,6.1146902221959e-143
"GWK60_K00539",1402.06889029183,-1.0395341957741,0.0853565775168176,2.18974051077869e-34,6.65013573134868e-34
"GWK60_K00561",1407.16391074755,-1.68881082839451,0.0861673920431507,4.28971856811638e-86,2.36519074091113e-85
"GWK60_K00583",808.549107771547,-0.62054988608689,0.103550963280534,1.66910611485187e-09,2.93923607771035e-09
"GWK60_K00605",1522.84092001756,-4.05806362859003,0.107046433794847,0,0
"GWK60_K00627",1127.25978203154,-4.24781973004987,0.131782834177243,7.41156174492356e-229,1.02591617837626e-227
"GWK60_K00649",7158.41142205793,0.476174051855735,0.0576729095948933,1.33824821009774e-16,2.86728537071858e-16
"GWK60_K00671",1982.11262995862,-2.06581080095807,0.0810390416588261,4.2674433737467e-144,3.59723592081853e-143
"GWK60_K00693",2698.68796392282,0.396657351265116,0.0674331164131487,3.7570465097722e-09,6.52428677497582e-09
"GWK60_K00715",211.889613458124,1.50078985096982,0.199157583879008,1.69366444772958e-14,3.46236882823847e-14
"GWK60_K00737",2035.55342938674,1.82613111117133,0.0801610192983211,2.21663927549576e-115,1.53819559223057e-114
"GWK60_K00759",6970.11126905714,-0.183739950579828,0.0513983122843004,0.000345159612667634,0.000484273022841225
"GWK60_K00781",182.066160839742,-1.14963746515928,0.207693511839862,1.52121450909044e-08,2.57203096040363e-08
"GWK60_K00803",1653.47440521068,-1.91989865875804,0.0833831171630059,5.8674736168366e-118,4.16503525297713e-117
"GWK60_K00825",2138.08783496355,-0.297819240483576,0.0712559187450683,2.76552596785427e-05,4.08270182175512e-05
"GWK60_K00847",1945.04994292621,-0.636558027135185,0.0720937359472339,8.439820937649e-19,1.90366458542169e-18
"GWK60_K00869",1663.05210792415,1.13689501560013,0.0773555439709094,3.51304888743127e-49,1.32084611493127e-48
"GWK60_K00891",2005.81832076529,-1.30255762491883,0.0744867603652848,7.64881165918049e-69,3.60185759420675e-68
"GWK60_K00913",1873.83897363801,0.11981082286485,0.0723827151518576,0.0970693243139609,0.114918893966112
"GWK60_K00935",597.149336006204,-1.37657200454144,0.122023380811993,6.21712471819379e-30,1.75252283053051e-29
"GWK60_K00957",0,NA,NA,NA,NA
"GWK60_K00979",5953.4417116317,0.671174140228308,0.0580554293171612,5.10761843041496e-31,1.47534722372228e-30
"GWK60_K01001",248.890744984866,-3.94390493804049,0.24432069483026,2.65779447326066e-59,1.12832921140848e-58
"GWK60_K01023",1176.28829800443,0.340342814617904,0.0901867930704725,0.000151342754402431,0.000216027920802385
"GWK60_K01045",1403.84096179524,-0.101724531067398,0.0805007074868314,0.204583840232762,0.233733926938386
"GWK60_K01067",1548.75955420543,0.323684474741134,0.0786842598125422,3.70386245860917e-05,5.44198785817995e-05
"GWK60_K01089",1073.41758789059,1.38024627810337,0.094826099259959,2.21181873072117e-48,8.2453341768911e-48
"GWK60_K01111",290.69388134398,-0.592632133663053,0.16129806788925,0.000194859901882879,0.000277091939417124
"GWK60_K01133",353.797061977412,-0.276996527162326,0.148570827473322,0.0593175013073343,0.0717594427039049
"GWK60_K01155",3022.17659647401,0.313843718982378,0.0675784593329446,3.2484864684152e-06,4.96283439554573e-06
"GWK60_K01177",2239.38260869354,0.0386247384841106,0.0719970997496937,0.587762753959885,0.622559823968787
"GWK60_K01199",2945.06006136042,0.895617084371384,0.0673184873391972,1.40616326804737e-40,4.66945630677348e-40
"GWK60_K01221",488.40287097451,1.4164349601309,0.135535269882941,5.50068947838099e-26,1.44091766216554e-25
"GWK60_K01243",484.217439333824,-0.564527809526434,0.136039746969073,2.77146940632196e-05,4.09032802392074e-05
"GWK60_K01265",602.695708802012,0.297761849143407,0.116339541341346,0.0100220132188921,0.012826226163351
"GWK60_K01287",186.178544018215,-1.89354855343604,0.212443876511139,1.21919643251016e-19,2.81270755921204e-19
"GWK60_K01309",1086.10694508731,-1.0963239542694,0.0922590454230447,7.89344098384366e-33,2.34440991389145e-32
"GWK60_K01331",284.073717375167,0.227567293340577,0.176166351518876,0.190081824872543,0.217733100790413
"GWK60_K01353",1159.0265119668,0.153110341863594,0.0896970079329492,0.0867625413977998,0.10339170089543
"GWK60_K01375",734.392369377415,0.739820349361905,0.119741757760334,4.73887646773349e-10,8.50443200964795e-10
"GWK60_K01397",895.186201179829,-2.51139882791165,0.108780372470737,1.01979083383654e-118,7.27829007595685e-118
"GWK60_K01419",389.758824888689,-1.3263062770098,0.146117942367702,4.52915766583572e-20,1.0569374144763e-19
"GWK60_K01441",8400.5728067792,0.566282407171553,0.0507157848298622,5.08810321827801e-29,1.41455723721682e-28
"GWK60_K01463",815.37689984684,-0.101371489859613,0.101222730778847,0.313614695667051,0.349124507769034
"GWK60_K01485",993.320681141345,1.7151147157192,0.0975839747538094,1.0705343006121e-69,5.07755673689779e-69
"GWK60_K01507",2034.38251319907,0.498340419322948,0.0712511502266354,2.24027362083074e-12,4.31958916626455e-12
"GWK60_K01529",9721.94613585323,0.274635011212416,0.0488460528740157,1.88893146671534e-08,3.17640010067861e-08
"GWK60_K01551",2067.26523479531,-0.122475005107326,0.0729892127630227,0.0928482210008198,0.110194413913428
"GWK60_K01573",5972.34841856452,-0.298979541330881,0.0545484613061767,4.01050663883013e-08,6.6630653569951e-08
"GWK60_K01595",12035.3161411791,1.48635793488882,0.0590708931352714,3.59388990020462e-140,2.95835068467548e-139
"GWK60_K01617",2283.80115767809,-3.64697138239534,0.0853681356268583,0,0
"GWK60_K01639",2392.97073225469,-1.6814464798322,0.0727691328355252,9.90231954552405e-119,7.07692945780659e-118
"GWK60_K01661",617.393427909756,-1.64290179258445,0.123879114110664,1.0876522639109e-40,3.61862802540881e-40
"GWK60_K01683",7127.56143059537,0.599965112289932,0.052572271201161,3.17776484212889e-30,9.00110019902961e-30
"GWK60_K01705",3986.95607358204,-5.18788021017132,0.090367573802929,0,0
"GWK60_K01727",652.904884023395,0.204863238243017,0.11060408152103,0.0625489318875381,0.0755643963547198
"GWK60_K01749",231.568800503696,1.86600715018843,0.200998340722206,3.89274555149138e-21,9.28188649177001e-21
"GWK60_K01771",6602.35496701641,0.418021448063822,0.0508760761441121,1.89908681010968e-16,4.05076910834425e-16
"GWK60_K01793",278.822157971829,0.174124315905963,0.161880371705842,0.276606109411719,0.310554564675698
"GWK60_K01815",357.714543135203,-0.429219818294769,0.14605969783831,0.00295123356955823,0.00394097196645755
"GWK60_K01837",2144.60948633909,-4.12630822274995,0.0941176557191821,0,0
"GWK60_K01859",515.743368770239,-0.767071723401825,0.12535597458121,6.69963799024265e-10,1.19498459914128e-09
"GWK60_K01881",1022.60477746664,0.352424676667654,0.0930507283876098,0.000142677162039113,0.000204268337595463
"GWK60_K01903",0,NA,NA,NA,NA
"GWK60_K01925",10154.9102612633,0.203070238523363,0.0498996590588394,4.62717784512346e-05,6.77022405155755e-05
"GWK60_K01947",1425.72409489989,-1.17250209380803,0.0892892243223406,1.06349109564508e-39,3.49622697693321e-39
"GWK60_K01969",25390.1452177534,-1.37007660790491,0.0539630314950811,1.28535585921725e-142,1.07146938502104e-141
"GWK60_K01991",1698.39523434159,1.22714714898393,0.086704019439363,7.95441582342914e-46,2.85793901852714e-45
"GWK60_K02013",1234.65446847977,-0.891560003967778,0.0868542435932377,6.60453505862352e-25,1.69545409508832e-24
"GWK60_K02035",224.219004791641,-0.707829143449422,0.184600236839098,9.31670991245745e-05,0.000134705591367582
"GWK60_K02057",537.073017172742,-4.99205026490779,0.210379730743148,6.42410129305228e-125,4.7930174186461e-124
"GWK60_K02079",758.683659660108,-5.33407382964575,0.194187646813257,1.57463334238027e-166,1.53951140909297e-165
"GWK60_K02101",7754.19222082792,0.386162229594609,0.0515740865775783,6.52563717988182e-14,1.31311597422259e-13
"GWK60_K02123",1782.83335810922,0.280862064547827,0.0769521796143447,0.000252289284644915,0.000356348452532828
"GWK60_K02145",2082.51982022301,0.816187366994039,0.0714223076962315,2.30560265870251e-30,6.55184764169378e-30
"GWK60_K02167",1876.62982160572,0.0696244802576353,0.0738084519684592,0.344486987654142,0.380912666609373
"GWK60_K02189",2152.504561336,0.138387670196846,0.0689995440406402,0.0445822102076719,0.0545354478354312
"GWK60_K02211",1001.26504142044,0.212397346822442,0.101304509327631,0.0351934602007448,0.0433733834713958
"GWK60_K02233",516.958972347772,-2.7616040397766,0.147222840175213,2.17867165587768e-79,1.12461363198396e-78
"GWK60_K02255",1158.91635062521,1.01136651807877,0.0903571282471838,2.59625342323497e-29,7.24471777518087e-29
"GWK60_K02277",1436.00511943121,-1.06627390672327,0.0829621339507465,4.48967840203496e-38,1.434733195304e-37
"GWK60_K02299",1120.47682528332,-2.04314796755567,0.0975971855285048,6.39510650170583e-98,3.89331715265887e-97
"GWK60_K02321",1657.7145018456,-1.30979902590464,0.0853930442704929,1.75683217249458e-53,6.99541046731377e-53
"GWK60_K02343",1891.74064224588,-2.21581695957041,0.0795472634741222,1.62189891587442e-171,1.64694754777982e-170
"GWK60_K02365",209.853281615217,1.90980576332995,0.210606078325441,3.05112788864801e-20,7.13920493518173e-20
"GWK60_K02387",1678.4467981477,-2.1951247820481,0.0819040877290826,6.39896472685961e-159,6.02120831185716e-158
"GWK60_K02409",675.361103396078,0.530298241495053,0.109237771955381,1.04682948661516e-06,1.63295465587062e-06
"GWK60_K02431",705.223961687471,0.536211012665058,0.108226624382595,6.23391520474751e-07,9.82042347318715e-07
"GWK60_K02453",0,NA,NA,NA,NA
"GWK60_K02475",3058.65223555251,0.643595598997438,0.065963329727628,1.29860778622164e-22,3.18595007254004e-22
"GWK60_K02497",916.349345545369,1.30396718968278,0.100675783890851,9.68355163962834e-39,3.12296024674709e-38
"GWK60_K02519",1024.2662614662,-0.381633791405328,0.0915359300943006,2.81629978069836e-05,4.1553259036391e-05
"GWK60_K02541",2930.89488285596,-0.374918311670897,0.0645293118696328,5.77765549503429e-09,9.95429672580425e-09
"GWK60_K02563",20.4185095442916,-0.244924752938856,0.51960087426067,0.581903402277362,0.617597234862576
"GWK60_K02585",1977.99587870643,0.671939254650845,0.0739040874056156,7.67859257503359e-20,1.78005275207918e-19
"GWK60_K02607",2783.22037116807,-1.26981511158245,0.0649436198465263,1.69815191386682e-85,9.33362493933067e-85
"GWK60_K02629",2459.7493538562,-0.055037612026739,0.0668260006570494,0.408946820060519,0.446556004467164
"GWK60_K02651",2660.16594969513,0.703465713752566,0.0660144627018938,1.26714172587862e-26,3.36964887670452e-26
"GWK60_K02673",1248.17050488424,0.983934776782713,0.0911578163068648,2.15865657701079e-27,5.78133075105741e-27
"GWK60_K02695",2013.28440135292,1.07782238616414,0.0754817654611386,1.72671516517179e-46,6.28113538644785e-46
"GWK60_K02717",4086.54801572267,1.20255586455208,0.0603849136894311,1.5138972581492e-88,8.50758501908629e-88
"GWK60_K02739",531.614901633733,2.38039230750441,0.136617441830589,1.00314330427743e-68,4.71540105495912e-68
"GWK60_K02761",582.197201805954,0.786445889382702,0.119896588401706,3.98128033232371e-11,7.37897623256614e-11
"GWK60_K02783",1035.67121441714,-2.26712698364905,0.102043098999882,4.51095940167213e-110,3.03422588910427e-109
"GWK60_K02805",2060.08806283263,0.593880256082337,0.0709619349358039,4.86550525368755e-17,1.05754370390068e-16
"GWK60_K02827",393.75214985938,1.24352680957236,0.14301187777121,1.58100783637189e-18,3.53876647630474e-18
"GWK60_K02849",834.625541136604,0.796885337084173,0.102428760214637,5.1317397885444e-15,1.06062676965594e-14
"GWK60_K02871",1613.64167045785,-0.380910363799899,0.0765719132029287,6.03204156500011e-07,9.50525423364307e-07
"GWK60_K02893",3142.43145727231,-0.182283018144721,0.0640369559675504,0.00433049699094892,0.00570744529501161
"GWK60_K02915",634.397130218796,2.32033122885536,0.128682893210549,2.21164136008464e-73,1.08620294622271e-72
"GWK60_K02937",441.39829525888,-1.59604611555138,0.139233281692855,6.29119552065411e-31,1.81324320211729e-30
"GWK60_K02959",556.058761485478,0.741546317485015,0.120850264245012,6.31267381046626e-10,1.12787582347325e-09
"GWK60_K02981",12864.2028615783,-3.22306245415176,0.0494462675689641,0,0
"GWK60_K03003",204.711026677209,-0.906095737582184,0.192363000236496,1.53901010938231e-06,2.38234054601264e-06
"GWK60_K03025",767.980848100428,-1.06674959436298,0.10569516440014,3.21877219540103e-24,8.15546326965771e-24
"GWK60_K03047",169.752204199182,1.20814586355666,0.215501323699006,9.53829296677272e-09,1.62314529295453e-08
"GWK60_K03069",917.972428672326,0.312296169766737,0.0978114221625513,0.00133916869338264,0.0018234603487426
"GWK60_K03091",1583.63964639082,1.32307009186187,0.0795704059308995,1.89840248011727e-62,8.31440220267848e-62
"GWK60_K03113",6477.21172744106,2.39085280167548,0.0560160230938892,0,0
"GWK60_K03135",6506.27571059549,0.775869879789771,0.0557360974096333,3.5262563431884e-44,1.23819147965093e-43
"GWK60_K03157",0,NA,NA,NA,NA
"GWK60_K03179",1293.5722774657,-0.0569671057328874,0.0834216788629827,0.492653307812587,0.530689412061071
"GWK60_K03201",6.63477368510803,0.952792713372759,0.963884843524387,0.119081826299075,0.139721259498803
"GWK60_K03223",4989.36111043894,0.994355634709666,0.0577388257362724,1.0820630089827e-66,4.96220699847342e-66
"GWK60_K03245",3498.68003435365,-0.42170726835508,0.0604815305058091,2.82435486793436e-12,5.42193671727546e-12
"GWK60_K03267",7622.64778711535,4.84893415249274,0.0672362468123218,0,0
"GWK60_K03289",3490.07361385919,0.720971424821366,0.0682511900379375,3.46446776410639e-26,9.13438618506247e-26
"GWK60_K03311",806.293300447285,5.38425920044359,0.543006291332238,2.80812096748115e-24,7.1321662428541e-24
"GWK60_K03333",8640.83384295927,-1.68752150690849,0.0533374714534912,2.80693465661639e-220,3.73784209969676e-219
"GWK60_K03355",5607.91518609549,0.655939803898191,0.0590972405194287,9.73233329107648e-29,2.68161723997183e-28
"GWK60_K03377",4024.93629188208,1.50965794516838,0.0599470734964554,2.17533543762636e-140,1.79627384645442e-139
"GWK60_K03399",167.155222395058,-0.34826757856179,0.211139778507309,0.0913191229310893,0.10842857485723
"GWK60_K03421",1631.71164534481,-0.414714804585327,0.0774078307156304,7.5994698516462e-08,1.24799286355476e-07
"GWK60_K03443",1311.92083825473,2.91323468659992,0.0966073570125747,1.53497929569342e-200,1.83917792604724e-199
"GWK60_K03465",1765.9752178963,0.803936397788563,0.0775238365360455,2.48849592194553e-25,6.45756711861543e-25
"GWK60_K03487",486.783291094675,-0.00545834691262018,0.133998040309263,0.966192139035646,0.970806237120821
"GWK60_K03509",3016.5333472533,0.460348211952457,0.0639745860083243,5.59349215513544e-13,1.09659965471533e-12
"GWK60_K03531",3044.9918047019,0.671976219981265,0.06511613648911,4.27947900778319e-25,1.10397545762332e-24
"GWK60_K03553",98.2692173660907,0.150750169129955,0.268760605928615,0.5623920994396,0.599307626226154
"GWK60_K03575",3425.7703919794,0.297100249812811,0.0601022512873158,7.36358556262367e-07,1.15688351431901e-06
"GWK60_K03597",4198.91921911374,-0.640697947049257,0.0602433235903298,1.64169402604657e-26,4.36126796818433e-26
"GWK60_K03619",672.116799081074,-0.432588038481632,0.11450016676991,0.000142565690430774,0.000204164315727164
"GWK60_K03641",428.249974616526,-1.25164816951707,0.137639301237807,4.23008603900948e-20,9.88021872344133e-20
"GWK60_K03663",955.286348784567,-4.22051037084065,0.136589666426722,1.5661619789093e-210,1.9946760312501e-209
"GWK60_K03685",2285.94797210839,-0.891309518864201,0.0694642697898172,7.14288813194867e-38,2.27706615600303e-37
"GWK60_K03707",649.194590993044,0.146503730882068,0.110460411283993,0.182418747006748,0.209731717870053
"GWK60_K03729",1970.31032580842,-2.35038907437883,0.0777312312823694,1.39367765483719e-201,1.67368595078621e-200
"GWK60_K03751",90.7172731284824,-0.226366265986384,0.272187568228667,0.386789674963405,0.424210527587054
"GWK60_K03773",13.5539579118974,1.04428724455715,0.720830573929908,0.0627012903053631,0.0757136792943549
"GWK60_K03795",1183.27180292902,-1.34519014711159,0.0894814580683802,1.79751181098096e-51,6.96751077801019e-51
"GWK60_K03817",1489.70288406927,0.549061114885172,0.079747405645707,4.95691519359594e-12,9.44687460808501e-12
"GWK60_K03839",968.173723610747,-0.0603822977026698,0.0939684587613576,0.518066302564139,0.555448176006395
"GWK60_K03861",158.476458785075,-1.20899976954213,0.22735794772372,4.72523740257377e-08,7.82087751338516e-08
"GWK60_K03883",654.521018067596,-0.0477531880200296,0.110212560144241,0.662186012049963,0.69453607644722
"GWK60_K03905",2561.42659711099,0.460031580915934,0.0726451255165096,2.16771657646215e-10,3.93178937661755e-10
"GWK60_K03927",1096.46279298426,0.297441161391133,0.0890237307510162,0.000798443691586882,0.00110173499940897
"GWK60_K03949",0,NA,NA,NA,NA
"GWK60_K03971",1431.89978864655,-0.944022210599547,0.0826475862972034,1.91789456164883e-30,5.46189788536701e-30
"GWK60_K03993",5323.42246462225,-0.176582577378473,0.0553171154926714,0.00135627068382836,0.00184579140929811
"GWK60_K04015",2776.12360856824,0.432362038835657,0.0665075110857477,7.24131685125851e-11,1.33459448625157e-10
"GWK60_K04037",1007.42290146619,0.783833082572565,0.0967782914846327,3.95105205229883e-16,8.35982855796132e-16
"GWK60_K04059",502.293469072732,0.209664256894202,0.12333125679621,0.0869715360813054,0.103593813357714
"GWK60_K04081",252.889627794832,-0.525365291056599,0.176046343477039,0.00239965636295502,0.00322323607485786
"GWK60_K04103",7934.38540561781,3.16261833104222,0.0541600111718822,0,0
"GWK60_K04125",358.777313248527,1.85696815459456,0.155363931807295,1.6861936008671e-33,5.04802409821339e-33
"GWK60_K04147",3518.3013399612,-0.659780299161153,0.0602257268845445,4.90662962687042e-28,1.33241465345061e-27
"GWK60_K04169",351.192793120061,0.943775888443774,0.150649062805437,2.28993905317562e-10,4.14918340327378e-10
"GWK60_K04191",423.548278678251,1.83004303356738,0.143081402693372,5.0575740738792e-38,1.61327105085534e-37
"GWK60_K04213",3450.9217980634,-0.955598541912673,0.0659535756634105,8.37690746435883e-48,3.09863103112007e-47
"GWK60_K04235",2315.31766531976,-0.279451647201269,0.0705822214458999,7.1872087918763e-05,0.000104346448372259
"GWK60_K04257",1740.82404984134,-0.836889947521952,0.0751292315499758,5.44215865659994e-29,1.51139147485299e-28
"GWK60_K04279",615.957716142747,1.68323628234806,0.126237329468499,4.27856530476299e-41,1.43528402442942e-40
"GWK60_K04301",873.731410240222,0.00737620290633024,0.0982709514262582,0.940651092635493,0.948767928525924
"GWK60_K04323",7.95348528256108,-0.27632348233736,0.716321477660749,0.591527824663648,0.626169522586192
"GWK60_K04345",15721.166597432,-4.9053779740525,0.0570377608289668,0,0
"GWK60_K04367",11174.4632103986,2.10262811795057,0.0594539926234918,1.03775451836185e-274,1.74954768159722e-273
"GWK60_K04389",677.814844818969,0.513836874119532,0.109874143686971,2.55586841646682e-06,3.92521689653006e-06
"GWK60_K04411",442.813670370366,-0.191082627163784,0.142066980119419,0.174034803596732,0.200574729824454
"GWK60_K04433",265.796183322044,-0.00812433061425669,0.168312498998784,0.95985259147823,0.965543054346049
"GWK60_K04455",1018.50167548078,-2.33499930010818,0.111484579473285,4.81472480428496e-98,2.93458313679477e-97
"GWK60_K04477",67200.2720513242,-5.89819829317604,0.0479556290695474,0,0
"GWK60_K04499",1195.02825741331,2.27907163973216,0.0942358074478611,6.68421126515954e-130,5.14772346335859e-129
"GWK60_K04521",961.738140046144,0.861733951576645,0.0970625563853903,4.61722966754753e-19,1.04909840394385e-18
"GWK60_K04543",486.430271308548,0.448843880157982,0.128027146256234,0.000409428866035856,0.00057154878857447
"GWK60_K04565",10.0510023314988,1.10104144704356,0.835808849846958,0.0688714193680867,0.0828978640448824
"GWK60_K04587",755.659688103833,1.24546964904827,0.108886836162398,1.23934430865403e-30,3.55256188747696e-30
"GWK60_K04609",24708.5940291829,-2.0650135029334,0.0458452137231951,0,0
"GWK60_K04631",95.4076749546927,0.17237577972839,0.268846980352697,0.507347359127343,0.545735605114484
"GWK60_K04653",2160.53516671587,0.690399143440424,0.0702403557999488,6.70059723294469e-23,1.65470147630465e-22
"GWK60_K04675",167.503136593069,-0.211712944102347,0.209577501538568,0.301010126332909,0.335874684877195
"GWK60_K04697",632.33430438934,0.838652175638962,0.11870187388552,1.10829590380303e-12,2.15752644485713e-12
"GWK60_K04719",626.023153697865,1.1385426420282,0.121416289374338,3.44778101355139e-21,8.22837029549923e-21
"GWK60_K04741",1528.80069038172,0.977060425151838,0.0808299291367358,7.26761768575683e-34,2.18693758736161e-33
"GWK60_K04763",1272.8760403548,-0.213685863643966,0.083781494450455,0.0104552950220432,0.0133742343910378
"GWK60_K04785",1142.35558181212,1.08748314078151,0.0907064255165564,2.10840583372542e-33,6.30484063979291e-33
"GWK60_K04807",399.392798707924,0.75022055514787,0.142077436640282,9.42288008688316e-08,1.54213905591181e-07
"GWK60_K04829",230.615084128992,-0.941676757622842,0.183775713227736,1.79746049883077e-07,2.90912068426149e-07
"GWK60_K04851",1939.89103386448,-0.413609693598209,0.0720080303141001,8.41842061012055e-09,1.44049747590222e-08
"GWK60_K04873",4314.65484641894,-0.139246297732855,0.0575637700533657,0.0153400808806068,0.0193870315790465
"GWK60_K04895",944.500525269095,-1.05807252675526,0.0982991925476739,2.84135954430838e-27,7.5942841478974e-27
"GWK60_K04917",589.096422884937,-0.0959458862826421,0.117900115909936,0.412046873714043,0.449474607162145
"GWK60_K04939",7126.38893951557,0.933335987866138,0.0511584421397864,1.45859034903466e-74,7.22427988316603e-74
"GWK60_K04961",680.998267214714,-0.654348862316773,0.110488817812021,2.48331856797972e-09,4.35118443290251e-09
"GWK60_K04983",1987.22371265283,1.55904254259792,0.0757925363602924,1.6529843885916e-94,9.74741915245717e-94
"GWK60_K05005",0,NA,NA,NA,NA
"GWK60_K05027",4562.06406595891,1.04081924813128,0.0563421016153531,1.91925495971086e-76,9.66980947134017e-76
"GWK60_K05049",5271.01417990609,0.371633912119865,0.0542145400959224,6.73422774470684e-12,1.27601001214546e-11
"GWK60_K05071",539.678743863309,3.46428167732319,0.154366621867154,2.66567193277298e-112,1.81155482769843e-111
"GWK60_K05093",683.195927152629,-0.933650829989088,0.112434826422103,6.2494816894613e-17,1.35165599040158e-16
"GWK60_K05115",2779.75056655347,-0.0464401582205846,0.0675813478516742,0.49001347148557,0.528062048763388
"GWK60_K05137",5765.26401759708,-1.3061860472975,0.0558292587967206,1.97955316624637e-121,1.43619995233875e-120
"GWK60_K05159",3424.36770116078,-0.155643460275626,0.0608609677876468,0.0103836924334924,0.0132858725857869
"GWK60_K05181",21286.1028666392,0.8388808639135,0.0469427956911574,1.28066971614956e-71,6.19147307623777e-71
"GWK60_K05203",5269.0079258737,0.671780704889864,0.0541529180720901,1.93530502868789e-35,5.99511451760796e-35
"GWK60_K05225",997.458373434161,-2.0290523428018,0.10083348904449,1.06666574977617e-90,6.1520414954196e-90
"GWK60_K05247",2169.35221266494,0.0542667303868664,0.0754029446961727,0.470842443211082,0.509385284099196
"GWK60_K05269",1463.24547038285,0.325021688947547,0.080061727366077,4.67275681896516e-05,6.83501136478219e-05
"GWK60_K05291",1189.58087888184,-0.288291055015334,0.0864504061428526,0.000814400350906811,0.00112286916009694
"GWK60_K05313",955.474980176183,-1.0165562869047,0.098757962070601,4.23334126322456e-25,1.09260917784893e-24
"GWK60_K05335",802.101857758177,0.349920403444361,0.101212558545956,0.000512058295424824,0.000711417494435968
"GWK60_K05357",1354.0796590776,-0.55772722168074,0.0819942427042924,8.67148493478164e-12,1.63718631575561e-11
"GWK60_K05379",146.339712208016,-0.635322127610656,0.22205981799989,0.0032884511426458,0.00436909649161832
"GWK60_K05401",529.847402756898,-1.49333389095223,0.129922440746726,4.7852165246034e-31,1.38298016040736e-30
"GWK60_K05423",509.373407554396,-0.492767014396986,0.130282002451079,0.000134621218921707,0.000193208079543842
"GWK60_K05445",322.550344921562,-1.48889228718439,0.160571234445092,6.51273004023242e-21,1.54728816673995e-20
"GWK60_K05467",1876.46531161494,0.964858509492641,0.0747600374175575,2.54856011292837e-38,8.16408416199953e-38
"GWK60_K05489",2352.2196000758,0.791805943128071,0.0711726050733737,6.86731783358036e-29,1.90416930968016e-28
"GWK60_K05511",1769.48960006242,0.233338682914898,0.075561684673244,0.00196382611184108,0.00264796855890389
"GWK60_K05533",821.047746256004,2.56548276457692,0.116817123597671,1.33600616484611e-107,8.77327394143638e-107
"GWK60_K05555",2510.36508851484,-1.02405896201694,0.066963124711544,4.76887169386244e-53,1.88887538476781e-52
"GWK60_K05577",1477.04023121101,0.380503834753657,0.0791457890929933,1.42239804020132e-06,2.207024687746e-06
"GWK60_K05599",2859.86511656969,-2.45199150667281,0.0774277454908106,5.56094660081043e-221,7.46188242863849e-220
"GWK60_K05621",479.653726080232,1.48847364281092,0.13372199361774,3.25033205859239e-29,9.06027908224483e-29
"GWK60_K05643",149.204840042435,1.2962837988835,0.236592056075194,1.82614454543293e-08,3.07475041900678e-08
"GWK60_K05665",14271.6647810843,1.35094473060145,0.0509482505392944,2.72131168390968e-155,2.50684754069438e-154
"GWK60_K05687",1196.55159772937,-1.30925625105484,0.0886177087754577,8.90665958719143e-50,3.37529030465612e-49
"GWK60_K05709",2684.30054453958,0.48458905921309,0.0684650408187034,1.28042325572058e-12,2.48892325391362e-12
"GWK60_K05731",1322.00331493119,0.478756431550356,0.0830088220132141,7.13758746503505e-09,1.22332062776423e-08
"GWK60_K05753",0,NA,NA,NA,NA
"GWK60_K05775",0,NA,NA,NA,NA
"GWK60_K05797",24599.0620213802,1.26716793298601,0.045018404366168,1.19721893768051e-174,1.24947849448403e-173
"GWK60_K05819",4105.67289164185,0.133285358345929,0.0574572699979794,0.0201943121851914,0.0252729198415672
"GWK60_K05841",1071.09745942676,0.294563580595381,0.0902870237498688,0.00105755140921861,0.00144711769315553
"GWK60_K05863",1182.98907567211,-1.38415873332913,0.105811711351875,1.52130666306344e-39,4.98261086408075e-39
"GWK60_K05885",70.8608545585191,-1.55103075638404,0.339200358609289,1.48556150717368e-06,2.30163579609236e-06
"GWK60_K05907",1841.79594941044,-3.58215505943777,0.092674141349184,0,0
"GWK60_K05929",419.730718148706,0.539804789737027,0.138211170753776,8.00589639334881e-05,0.000115976356455563
"GWK60_K05951",564.816982818271,2.8115932383033,0.149279698320566,8.36114926004015e-80,4.33724310727921e-79
"GWK60_K05973",16487.4977382919,-2.61327095894515,0.0521685111436591,0,0
"GWK60_K05995",1.47101823257815,-0.000712828540740572,0.918689136901475,0.997579613096636,0.998408198096968
"GWK60_K06017",889.228461621853,-0.189689723447576,0.0966906567617446,0.0486370022272325,0.0592749378394909
"GWK60_K06039",366.883312351645,-2.94324174131011,0.171367392984826,6.68845575619611e-67,3.07260063559752e-66
"GWK60_K06061",5026.54352662147,2.44571886914159,0.0589801662443921,0,0
"GWK60_K06083",1399.50268829933,0.232074927633329,0.0854213992478049,0.00640903661399568,0.00833618511118132
"GWK60_K06105",2017.85050944627,-1.48127965687897,0.0769110156679788,3.85487518107344e-83,2.07539851099757e-82
"GWK60_K06127",3807.70234125103,0.0247562754338673,0.073499577355604,0.727194203420524,0.756984268749645
"GWK60_K06149",4721.14591388986,0.334237705274422,0.0550202759721301,1.17759444429223e-09,2.08346679346691e-09
"GWK60_K06171",133.548540778479,-1.20052117137584,0.23908361141469,2.37282432745261e-07,3.81800427115348e-07
"GWK60_K06193",627.085783799406,-0.859111087447142,0.115571545316157,6.98824097995333e-14,1.40459104144266e-13
"GWK60_K06215",57.3767222918974,3.63123997726515,0.479684031006044,6.94233644808601e-15,1.43146568862926e-14
"GWK60_K06237",671.043315900073,0.907473503680112,0.110710549907781,1.58590493729112e-16,3.38962209270674e-16
"GWK60_K06259",1494.62005479688,-0.56772740172907,0.079397666491262,7.24272144219251e-13,1.41465706594625e-12
"GWK60_K06281",1586.93124868767,-0.710350685105305,0.078170513701738,7.80549534982383e-20,1.80867425286667e-19
"GWK60_K06303",649.696387858087,-2.91258301087256,0.133802661504849,8.97052676842927e-106,5.8469604463368e-105
"GWK60_K06325",1704.9233594211,-0.277175900053667,0.0748673691448391,0.000204525403016633,0.000290365349491901
"GWK60_K06347",381.234237350218,-0.497717656998369,0.150599194053852,0.000818780940028459,0.00112861314060527
"GWK60_K06369",144.505258573466,-0.526133677321666,0.230103329112656,0.0185968668806174,0.0233304805248076
"GWK60_K06391",3170.61973634831,0.964418574570927,0.0629430636222768,3.31247547077348e-53,1.31499026235989e-52
"GWK60_K06413",13597.0496837651,-3.35469206203724,0.0623969090934572,0,0
"GWK60_K06435",342.352970254305,-0.955409747507338,0.153779245173193,3.14659569860562e-10,5.68180342419003e-10
"GWK60_K06457",0,NA,NA,NA,NA
"GWK60_K06479",678.216946429656,-0.728211598300589,0.112329835726802,6.62429489511501e-11,1.22130358038223e-10
"GWK60_K06501",3012.72108894565,0.161720948518363,0.0620584111351535,0.0090817839921962,0.0116569506586023
"GWK60_K06523",425.867705705245,0.0944612778228599,0.133067166062056,0.4748287760108,0.513170199674708
"GWK60_K06545",5511.308908095,1.68586063001121,0.055705324581978,1.00746103706925e-201,1.21821725401937e-200
"GWK60_K06567",567.439221282641,-0.301090861349099,0.119308229084813,0.0110130191063772,0.0140466732540117
"GWK60_K06589",2415.04832854471,-0.121784224318295,0.0714123094915887,0.0872282103854543,0.103852509422248
"GWK60_K06611",279.762273052179,-0.6867238396748,0.166320718704828,2.75623299828065e-05,4.07012509010562e-05
"GWK60_K06633",7279.02145143641,-0.753314411490794,0.0558847570069148,1.50202072544715e-41,5.07426397935259e-41
"GWK60_K06655",218.266267953894,-0.33440578445955,0.188087293378019,0.0699286252330832,0.0841126386293203
"GWK60_K06677",8390.26947665565,0.979504411922151,0.0505494585600995,7.49219960497391e-84,4.05859628446578e-83
"GWK60_K06699",5232.04792237513,0.676343634197206,0.0553523074744894,1.92333545456877e-34,5.84782918556749e-34
"GWK60_K06721",568.682881851334,0.623954407232362,0.118191940537309,1.05698474879816e-07,1.72609120728913e-07
"GWK60_K06743",2370.18032258879,0.770912754467618,0.0675999039706652,2.90995828859699e-30,8.25586871522122e-30
"GWK60_K06765",859.104882954903,-2.86909894509314,0.115926786455995,5.35264401000285e-136,4.27886132106611e-135
"GWK60_K06787",97.19877444031,-0.668066579823633,0.268265356598239,0.00959554077023339,0.0123043745615377
"GWK60_K06809",2825.26684367071,-0.145115385916904,0.069129666160515,0.0352665047154398,0.0434532243624299
"GWK60_K06831",622.872081258158,-0.391038954017298,0.119665462522812,0.000989430613893651,0.0013574348015338
"GWK60_K06853",1632.97440924705,-2.33028441997488,0.0843139463121759,6.2686085306848e-169,6.22129827762302e-168
"GWK60_K06875",905.374255962048,-0.0012199776705261,0.09785765148412,0.989115910124774,0.990999940429773
"GWK60_K06897",1049.71744779391,-0.355376765661409,0.0914974209984068,9.57057165421513e-05,0.000138224071667138
"GWK60_K06919",1398.22677731654,0.587249735915815,0.0833298296084191,1.51692958985989e-12,2.93995933775351e-12
"GWK60_K06941",8397.64157435814,0.446843775220927,0.0488603286361638,5.42460719628232e-20,1.26142501558112e-19
"GWK60_K06963",87.9606703094995,0.0410455716306189,0.275635299471293,0.878652886855993,0.893948585079792
"GWK60_K06985",1376.16747772693,0.496109284412013,0.0816952795813905,1.11591716234158e-09,1.97766990361075e-09
"GWK60_K07007",625.743158077376,0.249252558910907,0.11815730164352,0.0337266155269201,0.0416241195850774
"GWK60_K07029",645.133452725833,-1.48729212487675,0.118705889888217,1.8407852120739e-36,5.75998228168275e-36
"GWK60_K07051",1.50268689139818,0.00726033020097176,0.918022661784232,0.986547961403618,0.988803787534876
"GWK60_K07073",99.6648406406177,-1.38062599111335,0.277781603821324,2.51968969049616e-07,4.04565560806159e-07
"GWK60_K07095",0,NA,NA,NA,NA
"GWK60_K07117",1606.42842368961,0.418544203610577,0.0792642533046188,1.17706635219168e-07,1.92039981778172e-07
"GWK60_K07139",9230.54026622091,-1.23592712856816,0.0484874246519216,1.18431570641344e-143,9.90381655919666e-143
"GWK60_K07161",452.6610237155,2.34030357679689,0.148492497987075,1.25392775813453e-56,5.16901254528813e-56
"GWK60_K07183",1883.08952869596,6.29985618943686,0.164537897479659,0,0
"GWK60_K07205",10.7226752674007,0.131254656159307,0.635915815077424,0.794449572712369,0.815376537066744
"GWK60_K07227",3604.96446143245,-1.60210447336033,0.0608502824237846,2.87376532506019e-153,2.61070908632411e-152
"GWK60_K07249",23620.2651636074,-2.61597338954796,0.0508908746910412,0,0
"GWK60_K07271",2564.94601632828,-1.06594018302646,0.067191024664262,6.16135429430107e-57,2.54785562798928e-56
"GWK60_K07293",3545.30565509005,2.07990918466046,0.0624825270318114,1.16164446388956e-243,1.70677370951371e-242
"GWK60_K07315",12336.0363575143,2.17893333060276,0.0519459418205547,0,0
"GWK60_K07337",7063.67684883522,3.71395170507182,0.0620493942486798,0,0
"GWK60_K07359",32783.6798870811,8.48396000327794,0.0878623840802584,0,0
"GWK60_K07381",145.829756938803,-0.737933547900818,0.222619821757899,0.000661933954983251,0.000915292482442666
"GWK60_K07403",3947.56057717569,0.500958041690854,0.0575577431627105,2.82471374929105e-18,6.29042943322223e-18
"GWK60_K07425",656.534000746609,-0.982607279963265,0.115084993947284,7.9657963555108e-18,1.75681714171853e-17
"GWK60_K07447",103.679978417756,-2.67919175263731,0.313690861810502,2.00669804744824e-18,4.48205168984193e-18
"GWK60_K07469",4685.44487815066,-2.0422099746977,0.0618319258244362,5.76260892176136e-240,8.327286518809e-239
"GWK60_K07491",203.303191211872,2.96392452849811,0.229921691820788,9.14294633311116e-39,2.95042317252544e-38
"GWK60_K07513",801.061971213685,-0.193781954870868,0.100945862253127,0.0535581738092749,0.0650464082744831
"GWK60_K07535",0,NA,NA,NA,NA
"GWK60_K07557",3935.50041664267,0.732465993226292,0.0643730401437851,4.27857424449652e-30,1.2093122260103e-29
"GWK60_K07579",30.1284292092429,-0.586643814715811,0.460321647673341,0.152088718971105,0.176363902510585
"GWK60_K07601",3348.45985833872,0.326386507080841,0.0631681178531594,2.27546173487863e-07,3.66470567221727e-07
"GWK60_K07623",3350.73367342711,0.316397911755567,0.0670047675482812,2.2278984302748e-06,3.42753604657662e-06
"GWK60_K07645",238714.688844,-1.0513035729241,0.0400777395077231,4.92982044261461e-152,4.44021498769741e-151
"GWK60_K07667",158.149303050535,-2.01171589555945,0.233331579894637,1.5149920849211e-18,3.39389197899701e-18
"GWK60_K07689",600.200107866997,0.374131263885598,0.11450386978167,0.00100984707889238,0.00138436164581025
"GWK60_K07711",720.555189494286,-0.901800107067819,0.11059251095888,2.2096602748479e-16,4.70559232619431e-16
"GWK60_K07733",566.259789495674,-0.150871733990889,0.124357278894075,0.221049930537026,0.251562664349796
"GWK60_K07755",584.805958060456,-1.80183112592089,0.12338872052189,7.27321247674321e-49,2.72486450339525e-48
"GWK60_K07777",2844.02939172448,0.0471511827356738,0.0632801887930642,0.456950575526387,0.495579387065731
"GWK60_K07799",5621.45112943885,-0.254977469014485,0.0544064612207317,2.64492638646657e-06,4.05843430362139e-06
"GWK60_K07821",3534.40515069149,0.618749297020171,0.0595938648811481,2.45652522968043e-25,6.37775059630754e-25
"GWK60_K07843",4379.64446475528,1.30398926966985,0.0630402448154723,2.05515770667575e-95,1.22010491389553e-94
"GWK60_K07865",551.95299806804,-0.440038188877097,0.122872767011745,0.000305323178344467,0.000429411742805319
"GWK60_K07887",47.2704325350146,-0.238404509014172,0.397584007267282,0.512491127502787,0.549806920388468
"GWK60_K07909",1809.07436870766,-0.0818765757101469,0.07880145691499,0.29700596819099,0.33175863085254
"GWK60_K07931",2709.94738874433,0.502570145124042,0.0671459553927082,6.41724187166998e-14,1.29179840202771e-13
"GWK60_K07953",761.148850142823,0.337114100096426,0.103995134072514,0.00112032146235999,0.00153062101091261
"GWK60_K07975",2205.92477410213,1.2179652737557,0.0719787947092146,1.41675009367995e-64,6.36388171883564e-64
"GWK60_K07997",5922.8994220856,0.329588436626352,0.0558634502758633,3.44625567705380e-09,6.00241882824601e-09
"GWK60_K08019",1059.02320761357,-0.920866232082607,0.0928588027256022,2.18893663823806e-23,5.46195764569839e-23
"GWK60_K08041",610.005907811525,0.506600778092901,0.114270348467986,8.11034477770263e-06,1.22166132676735e-05
"GWK60_K08063",1032.53240651132,-0.76624462558375,0.0959591002439707,1.00934978774247e-15,2.11521110897426e-15
"GWK60_K08085",1109.89484042966,-0.424398874052414,0.0952181852892006,7.51898943818347e-06,1.13323451131361e-05
"GWK60_K08107",1558.81641993591,-0.494275543091521,0.0856459771035346,6.87052604511788e-09,1.17870081530724e-08
"GWK60_K08129",639.961742763352,0.814599407011556,0.11788467743393,3.38492952883859e-12,6.4815177727306e-12
"GWK60_K08151",546.157427905805,-1.61493225487342,0.130415178534932,9.48395400593069e-36,2.95181053675713e-35
"GWK60_K08173",1174.75848601924,-4.71474745943358,0.137276034845209,2.45565728516972e-259,3.86729261077627e-258
"GWK60_K08195",4363.44782942647,-2.79062621557987,0.0679686631200925,0,0
"GWK60_K08217",2630.87882491708,0.598743248875783,0.0708745650855576,2.44744388261124e-17,5.35728457034337e-17
"GWK60_K08239",4101.03996327442,-0.867022061044471,0.0596349438085463,4.55630711167911e-48,1.69133206827326e-47
"GWK60_K08261",0,NA,NA,NA,NA
"GWK60_K08283",0,NA,NA,NA,NA
"GWK60_K08305",2714.19149259351,-0.414827446851642,0.0642387928101219,9.55686406288349e-11,1.75398133184812e-10
"GWK60_K08327",3721.96034153215,-0.98077976457264,0.0621610414049907,2.56105087665732e-56,1.05243184462637e-55
"GWK60_K08349",4786.24148349164,2.74530516603945,0.0619421366847563,0,0
"GWK60_K08371",4379.98834298469,-0.247797479294827,0.0583852399278418,2.1201827860851e-05,3.14499759018827e-05
"GWK60_K08393",1453.32115360466,-0.309306500238106,0.0802762188223806,0.000110353688167302,0.000158986688512739
"GWK60_K08415",386.381751364921,1.15558060625038,0.155290898415713,5.03016229951367e-14,1.01646767942535e-13
"GWK60_K08437",1006.30950934778,3.02084912392762,0.112450014078307,1.03548231824339e-159,9.7785224308083e-159
"GWK60_K08459",1176.22293275274,-0.593684564884683,0.0866555014724301,6.00628069046808e-12,1.14219220650261e-11
"GWK60_K08481",30.8634141071777,-0.288329414363506,0.445684916218199,0.470224540578987,0.508926148857093
"GWK60_K08503",402.998966281281,0.00827324825168238,0.137957032597202,0.952694047753525,0.959810513538314
"GWK60_K08525",25.9364157482109,-0.213865623977985,0.474096994991404,0.608227611029519,0.642296172257633
"GWK60_K08547",1931.28145193833,2.09342018647012,0.0802074723274096,8.01234076483545e-151,7.13111885330533e-150
"GWK60_K08569",964.83840861717,0.665564840898079,0.0967459088442416,4.79630640995906e-12,9.14741541565797e-12
"GWK60_K08591",0,NA,NA,NA,NA
"GWK60_K08613",447.712405308883,1.56305934162191,0.137200590574283,1.55629276731264e-30,4.4417254238006e-30
"GWK60_K08635",991.780895629572,-0.994209297428961,0.0942479005300407,2.97586415724298e-26,7.86190128935111e-26
"GWK60_K08657",4059.27480328249,0.765505839560076,0.058772835976334,6.44864116572308e-39,2.08737554041252e-38
"GWK60_K08679",2904.64766430246,0.112831356383673,0.0634688177885932,0.0752455904851293,0.0902398098385272
"GWK60_K08701",1510.5428274864,-1.97040770257768,0.0860370377246309,1.16074706664955e-116,8.1082730020938e-116
"GWK60_K08723",6694.7467702934,-0.328524792536229,0.0540196303403099,1.1366876134841e-09,2.01380156514865e-09
"GWK60_K08745",400.641730004105,1.77419325956781,0.146646269749053,3.09884135487807e-34,9.36238111812675e-34
"GWK60_K08767",371.960784970982,-0.447871137027275,0.143456999716045,0.00160830316925699,0.00217976672772269
"GWK60_K08789",662.473267650247,-0.480139935492212,0.109967399078074,1.10998614408377e-05,1.662450773884e-05
"GWK60_K08811",380.021461989769,-1.03564857070882,0.143877776167809,3.37523950862754e-13,6.6568278272894e-13
"GWK60_K08833",323.135179196166,-1.09512612623032,0.160985313461738,5.52312999055845e-12,1.05107321817429e-11
"GWK60_K08855",371.06716643174,-4.55327082105497,0.229290581813497,2.14167752889583e-88,1.19970434526007e-87
"GWK60_K08877",2088.97632970039,-0.508390801874281,0.0704417373014385,4.60559677308231e-13,9.05623888837867e-13
"GWK60_K08899",1011.90772806212,-0.227951252971416,0.0943127112702642,0.0151557377377979,0.0191632645434656
"GWK60_K08921",442.111131082125,-0.0375381266329304,0.132029762739218,0.773408922298223,0.797516355869173
"GWK60_K08943",2931.28016913528,-1.36424870354862,0.066389947012145,2.99514364749859e-94,1.76027436713325e-93
"GWK60_K08965",1106.29147750506,-1.00739567790341,0.0931484055413329,1.71957413291436e-27,4.61477547914773e-27
"GWK60_K08987",0,NA,NA,NA,NA
"GWK60_K09009",3127.18145648749,0.82989466350101,0.06336088896775,2.23385378696689e-39,7.28009350647202e-39
"GWK60_K09031",118.037486846664,0.57304718320055,0.250684280777066,0.018175484689495,0.0228224037877163
"GWK60_K09053",516.842195673447,-1.05150004596685,0.137202735052992,9.74598906639529e-15,2.00249619098591e-14
"GWK60_K09075",914.398795343199,-4.4657054813719,0.145331677232761,4.44901468575414e-208,5.58515924750997e-207
"GWK60_K09097",536.073235360163,-0.670130625865609,0.121832419043571,2.92571572319551e-08,4.88238093401281e-08
"GWK60_K09119",5716.02358131991,-1.20029325194352,0.0532276093914487,6.2969028335077e-113,4.284826507665e-112
"GWK60_K09141",708.549995355446,0.0663958300802446,0.122269655281461,0.585230094968636,0.620501975314458
"GWK60_K09163",1338.21884973969,-1.52631806645146,0.0974070783350293,7.7127431947017e-56,3.15712289526311e-55
"GWK60_K09185",518.462765388845,0.980676638062426,0.124307738211969,1.82966244694045e-15,3.81149483996309e-15
"GWK60_K09207",433.357884937871,-2.83598643767625,0.156608076381095,4.25919513420457e-74,2.0976934837e-73
"GWK60_K09229",552.586550126598,-1.23618534378772,0.13871919778889,2.19793091409841e-19,5.03752357653928e-19
"GWK60_K09251",760.7379051764,-3.29098441902571,0.129713877993971,8.68011622093181e-143,7.24720814636529e-142
"GWK60_K09273",1317.64921533724,1.27853647273962,0.0857481276641842,1.24112032552512e-50,4.77563490289841e-50
"GWK60_K09295",268.775821260342,0.238445675632525,0.164471479701849,0.142059128855173,0.165243480269396
"GWK60_K09317",5502.87825191442,0.0255077386690032,0.0541538615818284,0.638432155981683,0.671227891357916
"GWK60_K09339",1224.28646122534,0.926872169327077,0.0955598567068984,1.84925426051128e-22,4.5263273198182e-22
"GWK60_K09361",1128.95762937695,-0.0948024366242839,0.0892560124110371,0.285815300377509,0.320347001914702
"GWK60_K09383",2478.17664956534,0.532155400722757,0.0773650530130358,5.27062478738163e-12,1.00338351001185e-11
"GWK60_K09405",2023.9494916488,-3.53792729063265,0.0873619955630925,0,0
"GWK60_K09427",0,NA,NA,NA,NA
"GWK60_K09449",153.143886858065,-0.417337089245913,0.226620625133662,0.0582775618743867,0.0705825409761166
"GWK60_K09471",7407.20043561914,-1.37160474562667,0.050643113081955,3.73140870484661e-162,3.58815535420351e-161
"GWK60_K09493",3316.768845707,-0.947185309261773,0.0704786346705742,2.11241218124516e-41,7.10894950310273e-41
"GWK60_K09515",1750.00272454593,-0.475517546383866,0.0750808199051358,2.10774027633763e-10,3.82564315166871e-10
"GWK60_K09537",3194.377931292,0.652685984972497,0.0644959061162029,3.63746468779526e-24,9.19416831225519e-24
"GWK60_K09559",7326.45027880063,0.66142709214528,0.0503165986028734,1.4448278302349e-39,4.73802642583265e-39
"GWK60_K09581",1636.05333883146,0.493859032746789,0.0766456050918334,1.03373859267847e-10,1.89129217303956e-10
"GWK60_K09603",43.6095689316428,-0.150263580632481,0.379377324778892,0.667847942301579,0.699498243031921
"GWK60_K09625",3794.70500249139,-0.0721429671175091,0.058766210805428,0.218792792193984,0.249155680220904
"GWK60_K09647",697.750090232517,0.312379339957481,0.115902982573099,0.00666520999512784,0.00865654433935122
"GWK60_K09669",2181.36112539609,0.869002650502621,0.0711831219440337,2.08242412616257e-34,6.3278745832554e-34
"GWK60_K09691",1954.05522075854,0.720551588103331,0.0770778967862953,6.88613058506521e-21,1.6345237760579e-20
"GWK60_K09713",1694.03932162629,-3.42634154260208,0.0927582143020901,1.9341328577211e-299,3.64642968875017e-298
"GWK60_K09735",1702.89531688485,0.348168093787058,0.0754376861757777,3.70286467911091e-06,5.64880168565063e-06
"GWK60_K09757",6677.39666502546,-1.93450984767199,0.0530470566378638,8.93965106926025e-292,1.64414561623458e-290
"GWK60_K09779",1501.89973349903,0.71473671374467,0.0804803406863999,5.05429349285314e-19,1.14543661233983e-18
"GWK60_K09801",1592.34697623483,-1.08739079883471,0.0796578667631201,1.03218549184611e-42,3.55320398371108e-42
"GWK60_K09823",513.71820351165,0.296065668726052,0.123596853453372,0.0158384784125343,0.0199737224766076
"GWK60_K09845",1760.54322039344,-0.433146124415155,0.0770764798106815,1.72833091730747e-08,2.9119220451753e-08
"GWK60_K09867",2014.22439846852,0.519488662134159,0.0738898179742941,1.79927241647663e-12,3.47947533480406e-12
"GWK60_K09889",100.330437989152,0.634626942461861,0.263870154066708,0.0126508213171815,0.0160888104759126
"GWK60_K09911",514.086548652311,1.50605125638325,0.132862278621115,3.15290408503559e-30,8.93549325823663e-30
"GWK60_K09933",186.983858104472,0.239616299663856,0.203626880320897,0.230075616116507,0.261099836196942
"GWK60_K09955",21691.0521172181,3.14612008066007,0.0479552909354074,0,0
"GWK60_K09977",316.040110245392,0.00232145391787175,0.153293466885663,0.989074177484853,0.990999940429773
"GWK60_K09999",423.511239294924,-1.27537316153543,0.139638190361058,2.89754733148414e-20,6.78890822432365e-20
"GWK60_K10021",2400.4379761212,-0.562345833622477,0.0691335786464604,3.49725058616425e-16,7.41157859920385e-16
"GWK60_K10043",4154.24980992663,0.588782145134334,0.0570919868676124,5.22159983058853e-25,1.34437665731256e-24
"GWK60_K10065",2344.54945017941,0.025664959995413,0.069930058370442,0.713582267259309,0.743845169596505
"GWK60_K10087",489.688039547254,-0.446206219938842,0.129278558291433,0.000494914088003094,0.000688325780776381
"GWK60_K10109",2349.69615398312,-0.6002228659967,0.0685421911534179,1.6507330700645e-18,3.69326071822171e-18
"GWK60_K10131",3091.37556015219,1.13017659679219,0.0646895180751004,1.25164237706464e-68,5.87300526615522e-68
"GWK60_K10153",397.491240754192,-3.22386520627083,0.17151517935924,1.32426993683909e-79,6.86271908155036e-79
"GWK60_K10175",1102.33871423351,0.212040742271488,0.0954343683580412,0.0257143673757936,0.031975785436566
"GWK60_K10197",789.865247479678,-0.371157202047168,0.101915340777753,0.000249982922049493,0.000353185648665145
"GWK60_K10219",14.9200199329386,1.22683843004449,0.697350593523014,0.0281435369412922,0.0348974550474297
"GWK60_K10241",0,NA,NA,NA,NA
"GWK60_K10263",3260.08426464359,-1.07013138304253,0.0614391698245474,3.36731359475427e-68,1.57440617852511e-67
"GWK60_K10285",4271.11289020395,0.0268411079829597,0.0580062013514699,0.643896480427543,0.676567216749676
"GWK60_K10307",1005.33342339147,1.6816778891799,0.104817649137058,2.05329438002281e-58,8.62646041447284e-58
"GWK60_K10329",0,NA,NA,NA,NA
"GWK60_K10351",2119.17057537223,-0.70857221106586,0.0706926369787981,9.03242126905657e-24,2.27323138159031e-23
"GWK60_K10373",1752.97833604865,2.34701874015667,0.0812643728621568,4.065782103432e-184,4.43693233694032e-183
"GWK60_K10395",5547.92408088158,0.639027570523487,0.0558446652793807,2.08422287883927e-30,5.92595261767274e-30
"GWK60_K10417",4566.8244360829,0.305847208474885,0.0559358922338004,4.35423944246043e-08,7.22273713886529e-08
"GWK60_K10439",0,NA,NA,NA,NA
"GWK60_K10461",994.456148372379,-0.517375304072188,0.092952035714274,2.23761636762619e-08,3.74478590318606e-08
"GWK60_K10483",244.595926266204,-0.117217883448963,0.175406677813612,0.49656989449441,0.534689384859897
"GWK60_K10505",885.547827479518,1.4771303464618,0.104738495760713,1.41847504260247e-45,5.06873554625612e-45
"GWK60_K10527",1223.73660986604,0.459988789241535,0.0876869135307204,1.39407097201374e-07,2.26741289820417e-07
"GWK60_K10549",7289.29302597457,-4.7612260367957,0.0675349124961911,0,0
"GWK60_K10571",1025.47862208941,3.03315800632976,0.117680691418655,1.50115671243704e-147,1.3051379020527e-146
"GWK60_K10593",2046.01251218001,1.12124380495471,0.084209353968119,9.66110421254602e-41,3.22036807084867e-40
"GWK60_K10615",20215.377034692,2.53396323771915,0.0482672102945181,0,0
"GWK60_K10637",34.9653313249702,1.07093862064455,0.469436209778708,0.0108364695045824,0.0138416293331965
"GWK60_K10659",457.84451996373,-0.805317330795128,0.134118773600827,1.32322330220253e-09,2.33562233878701e-09
"GWK60_K10681",10115.7213058863,-2.84237349544001,0.0576222577020625,0,0
"GWK60_K10703",2563.21891108638,1.01563867696824,0.0665335318089333,7.72040581082918e-53,3.03962085067077e-52
"GWK60_K10725",2703.46667774466,0.800482437398688,0.0671990862902593,7.29465181547757e-33,2.1677891835826e-32
"GWK60_K10747",631.403627034798,1.29201529295555,0.132907969726859,1.07956045808091e-22,2.65349906986242e-22
"GWK60_K10769",1460.78049472783,0.0436152588743583,0.079700954719073,0.583799116210047,0.61923439226958
"GWK60_K10791",550.162784441305,-0.225467026326422,0.119455546816058,0.0571538484068799,0.0693013468465165
"GWK60_K10813",1856.71606238056,0.0949607189521502,0.0774501762832727,0.2191563910682,0.249461721925715
"GWK60_K10835",3498.64331999253,0.908903129781387,0.0674087898414324,1.26740353049762e-41,4.28992443398809e-41
"GWK60_K10857",651.142566601782,0.613796822683912,0.111207262565002,2.79187200477799e-08,4.6605035687503e-08
"GWK60_K10879",9372.39385517552,0.273055633724648,0.0538045352146383,3.98260368034745e-07,6.34034363154588e-07
"GWK60_K10901",1043.63978474168,0.30129805302604,0.0992073896690592,0.00227735771890781,0.00306209141141489
"GWK60_K10923",437.652089426451,-0.530758346194123,0.136444585204173,8.52978630668314e-05,0.000123497594200807
"GWK60_K10945",0,NA,NA,NA,NA
"GWK60_K10967",1000.20678722579,0.155319335601414,0.0934493092685953,0.0953188694795213,0.112922804833847
"GWK60_K10989",2307.46173240153,1.44055707730765,0.0697314230686758,2.78530563384504e-95,1.65171450214486e-94
"GWK60_K11011",2429.44345858061,-0.549345574576815,0.0692668974002361,1.79160360571075e-15,3.73369055706758e-15
"GWK60_K11033",894.377729168649,-0.279642174938941,0.100180838019118,0.00501809147072499,0.00658233444788365
"GWK60_K11055",1262.63952470066,2.37122852069765,0.0951183865736324,6.05854770272409e-138,4.90276321789673e-137
"GWK60_K11077",1160.06394974647,1.11079056418824,0.090741739881643,9.973768058779e-35,3.04834514754082e-34
"GWK60_K11099",166.615395047458,-1.70845067384273,0.221413167262301,3.39302030108245e-15,7.03757365287607e-15
"GWK60_K11121",715.863579223343,1.26325002679484,0.124888533390287,2.19788066752505e-24,5.59847569548754e-24
"GWK60_K11143",852.233462489046,0.564529049618258,0.101376911333895,2.18762753548681e-08,3.66462447027408e-08
"GWK60_K11165",1095.98029832878,-0.356140312608468,0.0903038070328594,7.47788223704208e-05,0.000108536590968105
"GWK60_K11187",2450.5479946895,0.519865567830149,0.0697352372434871,7.8935221695e-14,1.58473002334237e-13
"GWK60_K11209",11096.1709166453,-0.234298987490913,0.0503875692515681,3.17672287297587e-06,4.85460845783064e-06
"GWK60_K11231",3562.75496477167,-1.07883561479551,0.0642905506881628,1.77198171632823e-63,7.85225259299621e-63
"GWK60_K11253",6136.70186188016,-0.816377484809998,0.0606637387104326,1.90246669587352e-41,6.41472744890688e-41
"GWK60_K11275",1040.4095723967,-1.16679425011689,0.0927917961260721,1.51474076011218e-36,4.75106523446038e-36
"GWK60_K11297",837.65047642495,-1.4730322479421,0.110829735677131,9.85953905620116e-41,3.28443162986815e-40
"GWK60_K11319",780.182582400735,-0.290049500092087,0.102168147264287,0.00430482271130695,0.00567645210866747
"GWK60_K11341",11327.1390490027,0.368860836569489,0.0486632547277531,3.26725965798377e-14,6.63031859606274e-14
"GWK60_K11363",1377.49912986507,0.593264882927569,0.0819881686927006,3.84846712124565e-13,7.5816243661993e-13
"GWK60_K11385",2512.36942862798,-2.69190048523952,0.0738869035038424,1.71926278870199e-291,3.15098336884057e-290
"GWK60_K11407",17.7533828317306,1.25675257859122,0.644422699705024,0.0183888678905979,0.0230793235754103
"GWK60_K11429",1291.52443161699,-0.328592577601852,0.0867481512859485,0.000142437542937562,0.000204036349632783
"GWK60_K11451",497.206911163626,0.489519591598009,0.128353652226683,0.000119845623950888,0.000172331323669128
"GWK60_K11473",0,NA,NA,NA,NA
"GWK60_K11495",9418.30985796224,-1.01916207918317,0.0557067455196073,5.26959891914103e-75,2.6273071388324e-74
"GWK60_K11517",19262.7089356031,-3.06661504547381,0.0516025052379463,0,0
"GWK60_K11539",1302.63228112528,-1.63159002278174,0.0903108355058926,1.64005834423581e-73,8.0623428884863e-73
"GWK60_K11561",2169.89052687162,0.35623434596954,0.0689834400600783,2.28645672207318e-07,3.68128630489897e-07
"GWK60_K11583",3315.92921797516,0.882904587969673,0.0648181970802049,2.03212921251274e-42,6.96805714329662e-42
"GWK60_K11605",2696.424257436,0.705645412577245,0.0680489929077322,2.64777852990734e-25,6.86412768226349e-25
"GWK60_K11627",60032.565455726,1.88283808013866,0.0467340758934823,0,0
"GWK60_K11649",7671.12101292278,-0.966198364923618,0.067538312244369,1.21519747660227e-46,4.43268982449928e-46
"GWK60_K11671",1133.76245731597,-0.722435505740409,0.0980366846874549,1.30327585578215e-13,2.59471271817339e-13
"GWK60_K11693",0,NA,NA,NA,NA
"GWK60_K11715",179.696757294151,-0.641179854545264,0.212115449881355,0.00194894960902544,0.00262858331883944
"GWK60_K11737",3944.61550203731,0.945801535988747,0.059852725282683,1.91090163746166e-56,7.86490032319901e-56
"GWK60_K11759",2893.24383107398,1.21650111296428,0.0654700910790995,2.12209173804371e-77,1.08056171753242e-76
"GWK60_K11781",8911.83118979942,-2.45516383177192,0.0507826625382101,0,0
"GWK60_K11803",4885.15801567829,1.70371101327822,0.0608664931655923,5.14131140015948e-173,5.31302514043986e-172
"GWK60_K11825",1851.46119948882,1.72111952892825,0.0788123506246784,2.76919811527982e-106,1.8094387684934e-105
"GWK60_K11847",19.2585677755802,0.463502560198484,0.558522432521122,0.324158697714728,0.359872256221923
"GWK60_K11869",15525.0580018723,-3.32896959620348,0.0505814557958472,0,0
"GWK60_K11891",331.036152950186,-0.899241626769967,0.153905340800065,3.27054242988953e-09,5.70393009987365e-09
"GWK60_K11913",797.674145662865,-1.8687110139478,0.108018295332943,1.18803604119978e-67,5.5155071286062e-67
"GWK60_K11935",1530.92744518643,0.439074814977525,0.0785124102247416,2.02868204300563e-08,3.40378550118329e-08
"GWK60_K11957",1488.45376734597,-0.454628654644574,0.0813853809027674,2.07241630334384e-08,3.47605540675656e-08
"GWK60_K11979",679.658736039045,-2.65291186696253,0.125079208218159,1.14292787205226e-100,7.13143606998207e-100
"GWK60_K12001",1414.47169656862,-0.14976804193997,0.0811771599780025,0.0640416538321554,0.0772435448652001
"GWK60_K12023",1077.52387855325,1.76213681728081,0.0977158997765166,3.20685257847003e-73,1.57204515962277e-72
"GWK60_K12045",4714.26560064006,-2.15350491028504,0.0592205397030084,3.15820455966173e-290,5.68909451500708e-289
"GWK60_K12067",222.938001382852,-1.06495853213781,0.188685256441457,8.95900945595673e-09,1.52802820163205e-08
"GWK60_K12089",1298.57072212135,-0.0510844670893922,0.084885674885909,0.545245360411308,0.582451380130682
"GWK60_K12111",1821.63687134614,0.133212990356662,0.0737306121671793,0.070210231191608,0.084432056714188
"GWK60_K12133",1780.83691499825,-0.886265543529637,0.0771949577151706,1.0862339156457e-30,3.11707059263305e-30
"GWK60_K12155",1074.58471697142,-0.0553891694983188,0.0942064878306475,0.554267361904897,0.591248493940328
"GWK60_K12177",693.180498862775,-0.460845363882076,0.117759126832853,8.08423715248041e-05,0.00011707898519286
"GWK60_K12199",660.774930542853,-0.142958945731201,0.114271756781932,0.207512902335279,0.236720422095764
"GWK60_K12221",1474.69271067854,-0.0174354073500264,0.0805742390618087,0.827273792424613,0.846258294078854
"GWK60_K12243",376.570455571279,-0.937509986039781,0.144087638201866,4.67807596314037e-11,8.65518099406202e-11
"GWK60_K12265",592.247661354012,2.14449004356167,0.13382153961942,2.06967287573114e-58,8.68833146555931e-58
"GWK60_K12287",132.82381312807,0.671498790582091,0.233262413351916,0.00307049874814232,0.00409192384475009
"GWK60_K12309",2873.86034263378,0.713806685841597,0.069558002588846,7.97222199755117e-25,2.04256637638184e-24
"GWK60_K12331",1804.41056570036,0.0665365510652533,0.0781473431613027,0.393615336684263,0.431157157634157
"GWK60_K12353",641.144152492439,0.127589328851937,0.114223241464774,0.261567199961536,0.294676262968019
"GWK60_K12375",1836.87382292024,0.705959878197606,0.0751915624799125,4.67041949657348e-21,1.11160210642428e-20
"GWK60_K12397",3275.77388486061,-0.472941935316225,0.0610378904143636,8.20935962960742e-15,1.69006777501898e-14
"GWK60_K12419",3931.01204667149,0.0244085874327507,0.0589307772482175,0.678839084447282,0.710161810698628
"GWK60_K12441",46395.7267648937,0.210941849520723,0.0411019526523644,2.8091621023442e-07,4.49807995687382e-07
"GWK60_K12463",21.6423793992202,0.204698872549206,0.505505927049316,0.642820720840428,0.675571826497633
"GWK60_K12485",1503.60384073878,-0.463652515411862,0.0789794173165367,3.85958008908607e-09,6.69570952130368e-09
"GWK60_K12507",1333.867762682,0.606169655187348,0.084445745412023,5.8525123975931e-13,1.14609885373566e-12
"GWK60_K12529",1239.77093085712,-0.48977340673325,0.0854682380847017,8.75804096055336e-09,1.49520595431713e-08
"GWK60_K12551",566.775209778898,-0.980182663610437,0.121017067838193,3.21029079720307e-16,6.80892322310007e-16
"GWK60_K12573",32626.3469567473,-1.79262978974543,0.047263600454876,0,0
"GWK60_K12595",6237.88799610211,-1.56538059122588,0.0610882789627141,2.42499423681515e-145,2.06399185851905e-144
"GWK60_K12617",255.3664330155,0.0921589668454954,0.169507731015462,0.582483601952573,0.618088308709005
"GWK60_K12639",841.515622128013,-0.543704756093466,0.0993175280467665,3.71618037784573e-08,6.17992690087529e-08
"GWK60_K12661",2161.84185709135,0.460825400938071,0.0691408724005637,2.37410824039608e-11,4.43932077656715e-11
"GWK60_K12683",1545.49309175085,-0.369208261072913,0.0779069110877814,1.98922856661704e-06,3.06752924667418e-06
"GWK60_K12705",1602.51589989742,1.20057242282911,0.07895975919707,1.60555011475233e-52,6.31652475960902e-52
"GWK60_K12727",2025.08082243656,0.0370773386613168,0.0704800065596085,0.597996807720112,0.632253911277947
"GWK60_K12749",892.732973481927,-0.346931768304751,0.0969146371565766,0.000321070445216632,0.000450956085938447
"GWK60_K12771",2.77002558115194,0.415680154892832,0.942333615540312,0.393980148605432,0.43146691269302
"GWK60_L00011",3.04842481946542,-1.1681082491015,1.53529887953439,0.0768228002268112,0.092005448359068
"GWK60_L00033",1310.05002803992,-0.822488253349348,0.0845893882859532,1.65300043255821e-22,4.04973557301173e-22
"GWK60_L00055",67.4243658406134,-1.58077598453193,0.345481839512497,1.45347784147973e-06,2.25259087984189e-06
"GWK60_L00077",402.843690486642,-0.441716977365735,0.138585732200647,0.00128342935193846,0.00174892186300423
"GWK60_L00099",373.870318750763,-2.07297775741456,0.155583122430735,3.68531298130083e-41,1.23785097583923e-40
"GWK60_L00121",375.042916594979,0.724359711441109,0.143049023989657,3.08503090321164e-07,4.93229864768792e-07
"GWK60_L00143",1681.28752688842,0.539475506865214,0.0781659609135764,4.46616335741745e-12,8.53014497458815e-12
"GWK60_L00165",1602.87991186474,0.534951881970126,0.0865015759830186,5.48906930369273e-10,9.83061101035879e-10
"GWK60_L00187",339.176150203682,0.607085368349823,0.158162645188573,0.000101931374323502,0.000147094383797426
"GWK60_L00209",10.8187043249622,0.297636432111745,0.648943371095056,0.557137769972403,0.594189916880543
"GWK60_L00231",70173.2083757186,-3.19225586041335,0.0426458175828804,0,0
"GWK60_L00253",1200.54855758886,0.224869785480499,0.0882341194757917,0.0105435640512285,0.0134838674713012
"GWK60_L00275",1692.34079806009,-0.363971127778659,0.078385625810594,3.11617976162419e-06,4.76485626341374e-06
"GWK60_L00297",6681.06730774567,-2.97749028114551,0.0558198882846931,0,0
"GWK60_L00319",1279.05207415845,-0.565996951002653,0.0842231230834527,1.51651515208664e-11,2.84583292899599e-11
"GWK60_L00341",523.225622258449,-0.672860216513049,0.126336512736464,7.80462118832228e-08,1.28008442315482e-07
"GWK60_L00363",80.5896680100564,1.96348848698294,0.327997427150061,4.90019238705466e-10,8.78493931694189e-10
"GWK60_L00385",1224.00403400914,1.73545989969956,0.0970607738203871,5.07694021349405e-72,2.45899682532032e-71
"GWK60_L00407",10101.8797401369,-0.663061961702468,0.0485161412933492,1.26263419817524e-42,4.34365983152503e-42
"GWK60_L00429",833.217852776737,-0.507169792956537,0.100341409921367,3.72467008495621e-07,5.93509986272938e-07
"GWK60_L00451",889.245529665415,0.844041347009081,0.099405733894047,1.4201383691777e-17,3.12027060228684e-17
"GWK60_L00473",1471.03722860841,1.85445130015283,0.0870790272175493,3.47474507006387e-101,2.18104523490882e-100
"GWK60_L00495",419.612470485482,1.58506265250145,0.149771028502006,1.15201047718125e-26,3.065035462809e-26
"GWK60_L00517",5432.61431271,0.164561391629368,0.0589326411144734,0.00517592129321781,0.00678090809522433
"GWK60_L00539",87.4369212964577,5.95863326547004,0.679884433461833,2.22502716784132e-18,4.96337697321686e-18
"GWK60_L00561",10609.4234232334,2.92564959060756,0.0524798394924569,0,0
"GWK60_L00583",791.802578513286,-0.300130839725651,0.107381321925134,0.00492615883496051,0.00646704570894673
"GWK60_L00605",13760.4081268626,-3.53038009163338,0.0582754171358993,0,0
"GWK60_L00627",5919.91490516612,-3.10345712620728,0.0632846082410238,0,0
"GWK60_L00649",1646.94096605598,1.20561042871892,0.078081283361262,4.27891020549938e-54,1.71809676953639e-53
"GWK60_L00671",551.999537180954,0.981663735834712,0.125797657174566,3.58016634540027e-15,7.42281236768049e-15
"GWK60_L00693",825.80578109724,0.295150317841158,0.102426780668724,0.00378117613098734,0.0050072976961212
"GWK60_L00715",584.585297448296,0.798404937210105,0.116990654468354,6.26148912682388e-12,1.18943419310558e-11
"GWK60_L00737",4281.59042202862,1.05825680650696,0.0611833266366831,2.97485280767425e-67,1.37501983904803e-66
"GWK60_L00759",1047.45845382039,-0.16398958819146,0.0972657487318553,0.0900533595647932,0.107070676155247
"GWK60_L00781",1928.9178773784,-0.112958324875175,0.0717708606689631,0.114317751248581,0.134311228851359
"GWK60_L00803",356.18331525214,0.185983653769875,0.146244368653799,0.199313777918525,0.228010106970736
"GWK60_L00825",566.926968036316,0.979847083179786,0.119924763482074,1.84616343422258e-16,3.93948059391917e-16
"GWK60_L00847",2385.08513563765,0.978391831876818,0.070044318635377,1.49459831401844e-44,5.26916027596312e-44
"GWK60_L00869",1724.95160613338,-0.708461704094778,0.0765149645667926,1.56872328628972e-20,3.70021725824392e-20
"GWK60_L00891",4117.40777525834,0.41130012057467,0.0614289658012097,1.97849703621419e-11,3.70352114252193e-11
"GWK60_L00913",5310.81748381808,0.83106773141325,0.0570111188443427,2.73899035118565e-48,1.01960999626585e-47
"GWK60_L00935",12520.9424360838,1.25414809187475,0.0468677396575031,4.54722383546207e-158,4.25594259333283e-157
"GWK60_L00957",409.745646434789,0.528718414174142,0.146365597049893,0.000260935552189984,0.000368363125206472
"GWK60_L00979",912.977649707768,-0.958542107389732,0.0980987099017273,9.09658781342287e-23,2.23798184745577e-22
"GWK60_L01001",3137.35225343841,0.20810518914456,0.0662249085242551,0.0016411298714338,0.00222253942423835
"GWK60_L01023",922.839744219001,0.985399995157728,0.0978886025699018,4.66181573623885e-24,1.17720358965993e-23
"GWK60_L01045",1483.53196685308,-1.42457780590164,0.0814855610148611,7.42667552137481e-69,3.5003864912573e-68
"GWK60_L01067",714.495466006459,-2.00743509945804,0.116680157570449,5.66930658889827e-67,2.60897223601093e-66
"GWK60_L01089",1265.88912136215,0.20198813306613,0.0845756768846975,0.0166270024527936,0.0209279810724322
"GWK60_L01111",3018.0217353374,0.078415231537842,0.0643512969576005,0.222736254448681,0.253317340194608
"GWK60_L01133",2496.73286806717,0.0353538859872779,0.0659813806701946,0.591462393120928,0.626169522586192
"GWK60_L01155",4786.56552170927,-0.454103697623342,0.0563643520929344,6.97357476683686e-16,1.46665346955465e-15
"GWK60_L01177",1964.70754236107,0.0936175263406374,0.0779438341960125,0.228484172295307,0.259405729823725
"GWK60_L01199",4645.00075839152,1.06534275376032,0.0576709940585236,1.90371030704954e-76,9.60068668751732e-76
"GWK60_L01221",2624.69006362419,3.08379550247185,0.0775087450819488,0,0
"GWK60_L01243",5377.87302025134,0.147026705913121,0.0578906526147783,0.0109828479900809,0.0140149879737568
"GWK60_L01265",0,NA,NA,NA,NA
"GWK60_L01287",1253.59820686392,-0.747831853246272,0.0873786774056255,8.26077246360491e-18,1.8211091013647e-17
"GWK60_L01309",10619.263466305,2.3537509990172,0.0492788669719949,0,0
"GWK60_L01331",602.282262433908,0.594387009762489,0.119039465023953,4.91741434372879e-07,7.78380964430137e-07
"GWK60_L01353",0,NA,NA,NA,NA
"GWK60_L01375",4113.35784313331,0.120090273209032,0.0613381539178318,0.0499415491053168,0.0608225395447943
"GWK60_L01397",1670.97777273904,-0.670811249735986,0.0761132099860397,9.55147090555847e-19,2.15071647959065e-18
"GWK60_L01419",682.523603362721,-2.70611537689329,0.125266058607591,2.51699323641718e-104,1.62846056870288e-103
"GWK60_L01441",2077.39192153478,0.423373809327279,0.071026013662285,2.30177230548445e-09,4.04116232538325e-09
"GWK60_L01463",1904.59655203333,0.25785599410285,0.0723914471844905,0.000356315166664498,0.000499125905900202
"GWK60_L01485",1011.31550038782,0.502728916917922,0.0924264670953233,4.68040375318765e-08,7.75643470124985e-08
"GWK60_L01507",1569.6164392609,0.387853248601406,0.0796123539334055,1.02801071491285e-06,1.60407486218973e-06
"GWK60_L01529",0,NA,NA,NA,NA
"GWK60_L01551",0,NA,NA,NA,NA
"GWK60_L01573",1227.11782455405,0.702573595332044,0.0911603429728576,9.81383115782063e-15,2.01564825810763e-14
"GWK60_L01595",1734.70509111277,1.10691623975354,0.077943040053079,4.80352303422168e-46,1.73414764310268e-45
"GWK60_L01617",251.397554700517,-2.73991202506157,0.206431266447144,4.69711580125558e-41,1.57168124138705e-40
"GWK60_L01639",2710.26635987714,0.980925767446164,0.0650188053056414,1.18848391620092e-51,4.63068548090136e-51
"GWK60_L01661",659.88791888214,1.68557504991296,0.119374341875767,8.19543785206522e-46,2.94252580900089e-45
"GWK60_L01683",621.738145156376,-0.253067119702041,0.115574579497036,0.0273970125146973,0.0340118682622865
"GWK60_L01705",411.834335198782,0.571751742925083,0.136647192691309,2.39324738948553e-05,3.54305692898787e-05
"GWK60_L01727",4.90793348512535,0.0547423646758802,0.792040696928777,0.91495483651066,0.926046265161837
"GWK60_L01749",466.32056985131,-1.36439708015751,0.133792820541453,7.91893536776589e-25,2.02990253579184e-24
"GWK60_L01771",4052.42077294333,2.56018341280211,0.064668028789354,0,0
"GWK60_L01793",965.60528289149,0.0851076861556576,0.0931725889615631,0.359582380689506,0.396262912603773
"GWK60_L01815",185.433917553762,0.115279249430932,0.205377626683121,0.567667397056566,0.604194760930299
"GWK60_L01837",1711.45947043555,0.0997768431906827,0.076189774505518,0.1893812953627,0.216977916272664
"GWK60_L01859",0.234094807176001,0.0962576263833054,1.01695109844595,0.777801884169451,0.800163878492336
"GWK60_L01881",4141.91117362427,0.588520410602876,0.0597839341553061,6.12928170031063e-23,1.51432699594335e-22
"GWK60_L01903",792.458172668772,0.275496927020405,0.116926331624955,0.0177045236908199,0.0222469647906624
"GWK60_L01925",70.9487706029956,1.63153154004741,0.348457843759292,8.66087576418201e-07,1.35422730438756e-06
"GWK60_L01947",3279.5339885875,0.149117598812233,0.0625038391666209,0.0168800306787716,0.0212362978642283
"GWK60_L01969",1162.35666209092,-1.8035449804759,0.0952107881013093,1.23424254485944e-80,6.4598167024484e-80
"GWK60_L01991",6935.35331813895,1.05781709225047,0.0560994164610042,1.49815971151212e-79,7.75622055369464e-79
"GWK60_L02013",1034.83258435805,-0.850214151786069,0.0926505392596615,2.97050284903775e-20,6.95364707874436e-20
"GWK60_L02035",257.619305872204,-0.670584344966445,0.172204784632468,7.57593740069996e-05,0.000109868846781587
"GWK60_L02057",2198.32022971379,0.170008830714953,0.0725303461246788,0.0188242545637268,0.0236088648081075
"GWK60_L02079",853.566409410247,-0.346594315560854,0.0993191766640192,0.000451424372006461,0.000629171223305242
"GWK60_L02101",318.521686315484,-1.09651015199217,0.156709989679407,1.35552370187744e-12,2.63198769725927e-12
"GWK60_L02123",565.44756682343,-0.00662643637825824,0.1179701193683,0.954089887243243,0.960848708960264
"GWK60_L02145",513.782537027061,-1.79049129646561,0.138556853375372,8.46351703206665e-39,2.73284834798469e-38
"GWK60_L02167",64.4628757321958,-3.0749998032243,0.414060646399893,1.7966842705185e-14,3.67154594519321e-14
"GWK60_L02189",1316.12874139016,-4.722683424077,0.129726205052369,7.80388277834371e-291,1.42036067176775e-289
"GWK60_L02211",740.530956099265,0.977949582173081,0.107177117151632,4.34904847940376e-20,1.01535707952347e-19
"GWK60_L02233",4723.0138022218,-0.0421030940080756,0.0614175225157714,0.492233745227463,0.53034606716437
"GWK60_L02255",1030.60968658423,-0.502213830179555,0.0957562978948294,1.34867882877671e-07,2.19766128852711e-07
"GWK60_L02277",334628.272108701,-0.215716528407541,0.0397785265211932,4.69802650985968e-08,7.78073660008246e-08
"GWK60_L02299",322.165421363093,0.234709470723821,0.155429104696425,0.126528754040922,0.147865195790991
"GWK60_L02321",8891.14054276847,1.22983506548569,0.0500496103454989,1.82159473674119e-133,1.43651998729515e-132
"GWK60_L02343",1834.35912001908,0.369934316797224,0.0740851601781815,5.55709503240336e-07,8.76997295842834e-07
"GWK60_L02365",4361.821915187,-1.59745963564905,0.0576258550605219,1.19615511529079e-169,1.19843350598658e-168
"GWK60_L02387",1.70636643422257,-0.438194073954484,1.04653506493453,0.2824159841124,0.316807011395015
"GWK60_L02409",0,NA,NA,NA,NA
"GWK60_L02431",645.851857454822,0.514089726069705,0.114657997294155,6.36783285481245e-06,9.627709346454e-06
"GWK60_L02453",804.782043963419,-1.95211050530428,0.109314582282885,5.6047538905375e-72,2.71214401694823e-71
"GWK60_L02475",251.112766153857,1.40986683061728,0.179735000902306,1.69799664176562e-15,3.54282520257325e-15
"GWK60_L02497",232.409634552426,1.64160475165133,0.189289285969205,1.28633108369043e-18,2.88410123623686e-18
"GWK60_L02519",2232.59775522768,1.0303933341279,0.0701209764867237,3.83858925478019e-49,1.44118340329363e-48
"GWK60_L02541",822.333160408982,0.0112880171407383,0.100564346260438,0.911002604711335,0.922578687096963
"GWK60_L02563",589.855691012372,1.62543839898983,0.12549036909096,6.69462855552548e-39,2.16566704809742e-38
"GWK60_L02585",3619.15662646524,0.529976440009245,0.059516403638702,4.65549033538184e-19,1.05733502435702e-18
"GWK60_L02607",1830.46492294504,-0.375951259759956,0.0802363698853051,2.56095467152904e-06,3.93188020205568e-06
"GWK60_L02629",406.645656154011,-0.773682450899085,0.138446816603554,1.62399653549457e-08,2.74140621845361e-08
"GWK60_L02651",2995.47886741152,1.85708063247962,0.0720173589496897,3.12598062747729e-147,2.69551772139845e-146
"GWK60_L02673",2275.12860109798,-3.01808442426849,0.0785013482373463,0,0
"GWK60_L02695",1262.6851271284,0.452633302914635,0.0880714780506002,2.46682426082643e-07,3.96440440328354e-07
"GWK60_L02717",5827.46481860204,-0.145091914307983,0.0598308468529295,0.0150764458724061,0.0190721753941452
"GWK60_L02739",515.210507983833,-1.55313924615108,0.132948471159676,4.97127434449438e-32,1.46246661364879e-31
"GWK60_L02761",179.814605661506,-1.34162091262314,0.208591239641311,5.03448766337518e-11,9.29824617603702e-11
"GWK60_L02783",2151.40029918392,1.41855727071093,0.0711570368101628,7.95614838571628e-89,4.48545986161496e-88
"GWK60_L02805",0,NA,NA,NA,NA
"GWK60_L02827",0,NA,NA,NA,NA
"GWK60_L02849",4521.67043848264,0.263112060176211,0.0563116718006522,2.88160262458373e-06,4.41515578366165e-06
"GWK60_L02871",0,NA,NA,NA,NA
"GWK60_L02893",59.6624732101412,1.86547811649486,0.373786365509375,1.49575632632112e-07,2.42904546972804e-07
"GWK60_L02915",3257.75187062456,2.00624773222446,0.0655165060788283,1.59478440543504e-206,1.9737802288443e-205
"GWK60_L02937",345.295798545613,-1.41977978128664,0.158678455323022,1.37503657494462e-19,3.16667792653621e-19
"GWK60_L02959",1383.21280174216,-3.52991261765361,0.10223157237208,3.75491682469811e-262,5.98510984785214e-261
"GWK60_L02981",461.473420171593,-0.538549488029277,0.129891579509971,2.85734073635391e-05,4.21469777712327e-05
"GWK60_L03003",0,NA,NA,NA,NA
"GWK60_L03025",1168.11863118008,-0.165284764376496,0.0874621025410035,0.0577397027239515,0.069947221632424
"GWK60_L03047",13763.7644547505,0.0618497138667043,0.0450512704332027,0.169622049143317,0.195703439020366
"GWK60_L03069",440.78056903516,-3.42022687880696,0.168330646752744,1.47212107347841e-92,8.57514600940912e-92
"GWK60_L03091",781.510764600369,-3.0031165068334,0.122242701803332,3.82498786903719e-134,3.02547912648656e-133
"GWK60_L03113",760.749401211785,-0.630135920279054,0.111647882706226,1.31154773808653e-08,2.22110144956058e-08
"GWK60_L03135",2688.38892379997,-0.139119718503925,0.0670216139155643,0.0373182988566221,0.0459060458339177
"GWK60_L03157",46.0894008763589,-0.304383990741749,0.37066030716126,0.376091009221852,0.41316597922033
"GWK60_L03179",4817.53743697793,-0.0906675640393906,0.0574955298733168,0.114027057901413,0.134029569734398
"GWK60_L03201",1130.42678186814,1.43766626718429,0.0919233152742686,1.43203972721814e-55,5.85278085871594e-55
"GWK60_L03223",2190.72516743222,0.987743946106391,0.0713035180473591,7.62645843472872e-44,2.66545989147329e-43
"GWK60_L03245",273.657223086898,-0.0807853513083889,0.16303156116405,0.614658579123931,0.648176448715292
"GWK60_L03267",867.818425952443,-0.810743937783723,0.100542098456084,5.1389191296568e-16,1.08426452555133e-15
"GWK60_L03289",960.108939654516,-1.0421736856392,0.0991591083556825,4.41862851825877e-26,1.16093836194012e-25
"GWK60_L03311",15.8744720878726,-2.8898538857677,0.854406192277499,0.000106390208413782,0.000153402548315925
"GWK60_L03333",865.217987788062,-4.38290145181865,0.147081483785725,7.93030099662431e-196,9.14767176364997e-195
"GWK60_L03355",662.989932093047,-3.13758829227179,0.138390893442459,8.74519577320493e-115,6.03670994318345e-114
"GWK60_L03377",1260.77084542979,0.564090426046578,0.0853295530839679,3.23876670688137e-11,6.02188507536091e-11
"GWK60_L03399",7172.7297749588,0.0466857540840819,0.0507471708736642,0.357174031130909,0.393782310574005
"GWK60_L03421",859.57843622979,1.13228655961018,0.103896273769269,6.22410181021831e-28,1.68669631745226e-27
"GWK60_L03443",12672.7171628082,0.587210972867876,0.0502004905133396,1.22237434676467e-31,3.56412919289476e-31
"GWK60_L03465",3643.39098025289,-0.307450118177026,0.062414990241768,7.95534801920472e-07,1.24724681314506e-06
"GWK60_L03487",7111.26172027238,-0.449696343927925,0.0501335387398264,2.6530044056945e-19,6.05940215977119e-19
"GWK60_L03509",1431.93655451244,-1.77488194844381,0.0894115082887875,2.57004841114753e-88,1.43660516924931e-87
"GWK60_L03531",35066.7869034706,-5.89585876529607,0.0517575667983746,0,0
"GWK60_L03553",8691.92539892571,-0.16794395845191,0.0512601084514385,0.00103227498228075,0.00141363353470366
"GWK60_L03575",420.165467646888,-0.816267099342726,0.136212216789233,1.4187634354522e-09,2.50174176013362e-09
"GWK60_L03597",1266.93330886376,-0.107819782849944,0.0889280330109808,0.223213425517827,0.253750295704294
"GWK60_L03619",888.083945305738,-1.87317421512126,0.108843108418917,4.8879819280277e-67,2.25335538487517e-66
"GWK60_L03641",7118.64705513979,0.147970161166179,0.0574067284000089,0.00986093527145766,0.0126292962083923
"GWK60_L03663",5657.35034658577,0.470746025008749,0.0541694727361783,3.26803003869657e-18,7.24698060857671e-18
"GWK60_L03685",19347.2177712817,0.831196250271363,0.0460880074116876,7.17389333865317e-73,3.5069404239141e-72
"GWK60_L03707",600.151930542929,2.61372356518103,0.133373987258293,2.4358685904391e-86,1.34445632588769e-85
"GWK60_L03729",543.719909788474,-0.0189921219096273,0.128334483632766,0.880330301318069,0.895308852461918
"GWK60_L03751",215.110345332804,3.84864640294777,0.260419760805577,4.90085132721645e-50,1.86530231412145e-49
"GWK60_L03773",4150.83902661477,-2.0539835035639,0.0620190804047036,3.02891795401763e-241,4.41332643715589e-240
"GWK60_L03795",8471.17866808652,-0.175072678901807,0.0490891743606236,0.000353774309733901,0.000495698686521129
"GWK60_L03817",3908.68502459972,1.10632351859224,0.0608715991002489,4.23416083634381e-74,2.08731827546096e-73
"GWK60_L03839",248.128869774052,-0.268541573674299,0.175315403554966,0.119610673712836,0.140247914340062
"GWK60_L03861",367.356021638241,0.731237516193932,0.145514966372415,3.74189767765775e-07,5.95894089751129e-07
"GWK60_L03883",0,NA,NA,NA,NA
"GWK60_L03905",817.372668131999,-1.24946712628016,0.103921855810022,1.27234402070239e-33,3.8199369571316e-33
"GWK60_L03927",662.026331943655,0.828448298390237,0.112347192734413,1.15407798136418e-13,2.30377616014254e-13
"GWK60_L03949",1316.55202893538,-0.364248566009083,0.0912100729807419,6.05956479534462e-05,8.82672689656957e-05
"GWK60_L03971",416.607027489184,0.945796607311566,0.142203542378375,1.82141565613191e-11,3.41069645826053e-11
"GWK60_L03993",2579.22091144587,0.838156422262629,0.0706525574662345,1.24301948156675e-32,3.67732422555743e-32
"GWK60_L04015",355.994685836892,-1.70854359984501,0.165011294387975,1.13126904288434e-25,2.95602343048764e-25
"GWK60_L04037",4712.72005257384,-0.740909090594493,0.0631284329088631,6.0936092255405e-32,1.78863752937182e-31
"GWK60_L04059",62.8453572101006,-4.80698035109494,0.587865656417564,1.19313382514717e-16,2.56263124551822e-16
"GWK60_L04081",919.943418334419,0.0422725051067801,0.097834327740861,0.665051981667707,0.697125034589904
"GWK60_L04103",13380.4595426083,-1.75382061161627,0.0503932078887026,4.19075887811153e-266,6.82457947333333e-265
"GWK60_L04125",746.438785683125,-0.105398212526143,0.10915973194781,0.330854634899219,0.366996073296054
"GWK60_L04147",1890.91273251791,0.0430687980120149,0.0769630010682808,0.574943409046941,0.610703217202526
"GWK60_L04169",819.068774010119,-0.0568703925143924,0.0999015923247234,0.566602304755,0.603183186199413
"GWK60_L04191",2330.290795553,1.12662075306203,0.0695946762064451,2.43249256648132e-59,1.03351461225297e-58
"GWK60_L04213",2606.43891038446,-0.0296011788789201,0.066277877425032,0.653790943914459,0.686278260824197
"GWK60_L04235",3626.26511889549,0.657878526340212,0.0591840787876876,8.40774790913809e-29,2.3263942136805e-28
"GWK60_L04257",2538.45779363652,1.68495429816523,0.0690654062108161,5.75124446757661e-132,4.50842710871132e-131
"GWK60_L04279",3328.57008399996,-0.677142300841593,0.0611542364909985,1.32732662786556e-28,3.64581622066466e-28
"GWK60_L04301",5464.27367060704,2.4006423005114,0.0583800084441446,0,0
"GWK60_L04323",236.524403341535,1.96891265488999,0.193742448724167,7.04779329316828e-25,1.80747892355267e-24
"GWK60_L04345",1332.78293179774,0.918769961430459,0.0843908774251551,8.53560042826463e-28,2.30242350013702e-27
"GWK60_L04367",2517.43118961763,1.1911040746516,0.0681914216197491,1.22571862668673e-68,5.75649997890373e-68
"GWK60_L04389",2469.78671004228,-0.551866453147916,0.0663440460424587,7.51888340721913e-17,1.62220372116377e-16
"GWK60_L04411",174.366636830152,-0.43926227131962,0.201642385475524,0.0260571662511105,0.0323790915381151
"GWK60_L04433",6592.80920364604,1.85224264083021,0.0537482028433062,8.94382571884434e-261,1.42128469127254e-259
"GWK60_L04455",1727.53523180755,0.324494254407337,0.0763274846586913,2.01725980252178e-05,2.9940142667225e-05
"GWK60_L04477",1855.893404539,-1.47478091789859,0.075911234408515,1.61131208768892e-84,8.78290319299865e-84
"GWK60_L04499",3843.63121743871,0.0684450135788295,0.0588013725050711,0.2439731354945,0.276156378889836
"GWK60_L04521",2075.91282942816,-0.207764380396373,0.0707322522193849,0.00323167217310144,0.00429691497232396
"GWK60_L04543",1825.97947958933,1.81550668566006,0.0788598007205998,7.46802295370299e-118,5.27981192694593e-117
"GWK60_L04565",5717.54899673258,0.469013464108488,0.0567088644955917,1.18413137816376e-16,2.54433457889762e-16
"GWK60_L04587",87.4979120711773,-0.163360575204591,0.275262515370155,0.536298200806384,0.573359458585687
"GWK60_L04609",6357.82153812816,1.00938393776938,0.0627717809480982,2.01915390097117e-58,8.48980776907145e-58
"GWK60_L04631",6781.50677713152,-0.15845532728133,0.0512304167650813,0.00194440036309501,0.00262379320417644
"GWK60_L04653",3213.55031634243,-0.00733055439262561,0.0638102291895915,0.907664763184314,0.91955251432001
"GWK60_L04675",124.830269580118,0.450259259607995,0.249412525959729,0.0625699845045067,0.0755724726736407
"GWK60_L04697",1718.24062676568,0.141087265192268,0.0772007795427515,0.0669532700775852,0.0806444242290126
"GWK60_L04719",149.178122555186,1.18795302683346,0.225626955101385,6.66134377610545e-08,1.09667193309279e-07
"GWK60_L04741",35651.3097866697,1.38972337717203,0.0451220520055018,1.01945959396824e-208,1.28593704179207e-207
"GWK60_L04763",3223.05876845397,-1.84421383501098,0.0673809827091778,1.36800071906884e-165,1.32761693400408e-164
"GWK60_L04785",5115.43673047661,-0.913690186342306,0.0567245915637183,1.39685927714953e-58,5.87798383824524e-58
"GWK60_L04807",1407.09900000664,0.488762008597986,0.0821604558842794,2.38607390551767e-09,4.18497790697664e-09
"GWK60_L04829",987.663951946691,2.29134029389578,0.1032626433538,7.61315951873375e-110,5.11433193723365e-109
"GWK60_L04851",1514.02517964161,1.43232371787706,0.0871367806669057,3.90452302637854e-61,1.69035317849803e-60
"GWK60_L04873",682.357555994289,0.275397921687215,0.109473837171488,0.0114225375019985,0.014558407380788
"GWK60_L04895",4173.94127277187,-1.31157541233177,0.0577047793617489,9.77358904902054e-115,6.72893696306911e-114
"GWK60_L04917",6328.36799438295,3.59465399490468,0.0624692497050626,0,0
"GWK60_L04939",685.598736145268,1.36753707503192,0.112677922145848,2.80565886463071e-34,8.49612298673434e-34
"GWK60_L04961",12244.4101111345,1.27685320057548,0.0546468753281142,4.22769097341027e-121,3.06303781269119e-120
"GWK60_L04983",8230.64811548549,0.18529550831623,0.0487920166812429,0.000143999614656499,0.00020601229682848
"GWK60_L05005",0,NA,NA,NA,NA
"GWK60_L05027",120.151417324295,0.605773967534505,0.24822856882335,0.0118032519459894,0.0150399964234264
"GWK60_L05049",4579.44029826551,-0.718680284464521,0.0570317573525494,1.56774968531493e-36,4.91440008626729e-36
"GWK60_L05071",325.693302547285,-0.0215842254782777,0.153702638742755,0.88575076643349,0.90029932974689
"GWK60_L05093",1622.58274694963,-0.631067388448692,0.0801580063491176,2.78817220012922e-15,5.78760290950265e-15
"GWK60_L05115",3472.93409212668,-0.383160671990744,0.0602147244754268,1.81168834843721e-10,3.29170318230733e-10
"GWK60_L05137",1584.92195186306,2.273511673657,0.0965637499647003,3.61600592690205e-123,2.66389232149927e-122
"GWK60_L05159",4856.29355902248,0.988406772602723,0.0576914698939927,5.2217718909719e-66,2.37805369233872e-65
"GWK60_L05181",4276.04516752034,-0.235291487254387,0.0564688511734536,2.97472586026467e-05,4.38219472284061e-05
"GWK60_L05203",3411.61199517339,-1.23721011808806,0.0642735811416992,5.91880055392267e-83,3.17358724909615e-82
"GWK60_L05225",11153.5267197601,-0.659130741835719,0.0483218985241595,1.7697413612669e-42,6.07230238764767e-42
"GWK60_L05247",0,NA,NA,NA,NA
"GWK60_L05269",2720.08204945104,-0.352476968128282,0.0661166042532773,8.9888779917388e-08,1.47202671969322e-07
"GWK60_L05291",5419.35524102555,-1.48419994043062,0.0640127106835838,2.15756377472593e-119,1.55038052664732e-118
"GWK60_L05313",520.529717448396,-0.108848614899181,0.124642160657316,0.37824488115523,0.415445411333579
"GWK60_L05335",20.1113894851046,-1.17701739465856,0.603207322577368,0.0202632806835785,0.0253532008552861
"GWK60_L05357",6285.68848779751,-0.751481915523665,0.0546784720100888,4.00002581099102e-43,1.38058633633942e-42
"GWK60_L05379",1556.70092022896,-1.35543112728517,0.0798837116776003,5.77248097755866e-65,2.61076955648827e-64
"GWK60_L05401",389.144629178205,1.2263171950743,0.154059969149032,8.31041612757329e-16,1.74502151022098e-15
"GWK60_L05423",4611.88778565678,0.424201237649209,0.0560815121369789,3.57380777968809e-14,7.24681145765588e-14
"GWK60_L05445",365.859891614106,-0.564788354171085,0.150162769727373,0.000141529754329733,0.000202791203425332
"GWK60_L05467",0,NA,NA,NA,NA
"GWK60_L05489",1563.16952473508,-0.30806915213011,0.0809222236675439,0.000133302827757641,0.000191368142468666
"GWK60_L05511",0,NA,NA,NA,NA
"GWK60_L05533",138.267630275053,0.562355993904915,0.225930232258846,0.0106100567296705,0.0135623082376833
"GWK60_L05555",1167.81490798369,0.274764373717792,0.0870056990773884,0.00153017506687463,0.00207601775903032
"GWK60_L05577",6998.99619379232,0.174482807762715,0.0527266499121313,0.000921974994527837,0.00126720367682687
"GWK60_L05599",1583.93969880178,-0.884815006554968,0.080874882978673,4.72585865793708e-28,1.28465201760977e-27
"GWK60_L05621",744.955542273091,2.33040111494294,0.117084974071787,7.70599935653764e-89,4.34909405744506e-88
"GWK60_L05643",574.087431612026,-0.880775103567673,0.119378922623678,1.03451072513314e-13,2.06823504910693e-13
"GWK60_L05665",0,NA,NA,NA,NA
"GWK60_L05687",34.3895319491795,0.885358475067134,0.465336213749341,0.0334498028612129,0.0412921762614362
"GWK60_L05709",35.6746637914867,-0.246204085977103,0.484694516056537,0.560658753084877,0.59782384780589
"GWK60_L05731",1265.98293693658,0.902416504459634,0.0870513450774342,2.25116841271157e-25,5.84747943252488e-25
"GWK60_L05753",897.706779439428,-0.341227287591585,0.101678427950591,0.000741225341841674,0.00102412537380804
"GWK60_L05775",4583.35409581788,0.129063835637079,0.0575177004734197,0.0247274202632525,0.0307849066472682
"GWK60_L05797",2054.73113741786,0.0229232894471459,0.0738273474430761,0.755920665580607,0.78285936226698
"GWK60_L05819",16976.9078989202,2.31123170265533,0.0486224448584442,0,0
"GWK60_L05841",2437.02311505443,0.981410385287897,0.0698487431315763,4.5733659566009e-45,1.62430148087243e-44
"GWK60_L05863",844.895492308604,-0.111719231834751,0.0998166666524738,0.260277664717924,0.293286314570754
"GWK60_L05885",1178.1675063892,-0.378348161661495,0.0882243169344779,1.66110197891909e-05,2.47168215250761e-05
"GWK60_L05907",5488.39574903763,-0.769046684288912,0.0549063197842227,1.02489889652058e-44,3.61809946020016e-44
"GWK60_L05929",3376.29577622925,-0.122857594214601,0.0621510149181971,0.0475267142787346,0.0579620953179095
"GWK60_L05951",1835.38742495608,0.137310539740092,0.0734560848799379,0.0610196719667296,0.0737677486888067
"GWK60_L05973",566.072056795991,-1.49688666031834,0.131215636494634,1.38655474930294e-30,3.96589341018677e-30
"GWK60_L05995",958.578941956681,-0.100908852621834,0.0944342112809031,0.282684359189186,0.316995948369729
"GWK60_L06017",2450.04603004547,-1.02748923082067,0.0695354304666036,1.16493262608338e-49,4.40197242327483e-49
"GWK60_L06039",2030.75370657165,-0.0947051111906271,0.0711523275873899,0.181332533948752,0.208619669416106
"GWK60_L06061",793.566604950762,2.51598519939466,0.119069528041478,8.59298400090967e-100,5.29883890325731e-99
"GWK60_L06083",1150.09167784694,-0.451460518474001,0.0940783109373786,1.43208933020968e-06,2.22140662839956e-06
"GWK60_L06105",650.845404660309,0.524471224823363,0.110868501737632,1.93991892879709e-06,2.99236761450813e-06
"GWK60_L06127",1233.05612191984,1.04510023315102,0.0876519703867405,5.10735190562945e-33,1.51863601037936e-32
"GWK60_L06149",760.787893349433,-0.202785397689868,0.10635955683997,0.0550827754122069,0.0668054873572073
"GWK60_L06171",1967.00956944418,-0.236487556306523,0.0715354223123115,0.000911239742226944,0.00125277601780286
"GWK60_L06193",10876.4011424916,1.05334645070184,0.0507023488503381,4.06473108716173e-96,2.43791168967739e-95
"GWK60_L06215",373.365150024917,0.489508055857214,0.152915006510479,0.0011995248387339,0.00163670574623614
"GWK60_L06237",6259.14243091118,0.360716118017306,0.0515466795982724,2.4501259605489e-12,4.71902693243764e-12
"GWK60_L06259",5829.34040345857,-0.230446963905492,0.0547014567064208,2.44306571093184e-05,3.61477514472616e-05
"GWK60_L06281",191.358826509894,-0.697707548863277,0.195684332756227,0.000271344450070231,0.000382441534664902
"GWK60_L06303",244.645502048943,-0.350704232741131,0.18335516259059,0.0513859382283513,0.0625092588069213
"GWK60_L06325",2363.67805139158,0.670055775373592,0.0677839627692617,3.83929797157907e-23,9.53480043933234e-23
"GWK60_L06347",1689.98151787724,-0.59385823984476,0.0793414875170381,5.83897788768186e-14,1.1771952353088e-13
"GWK60_L06369",22364.9457170431,-0.849577754362556,0.0430279878781912,5.92507795223203e-87,3.28754325197685e-86
"GWK60_L06391",244829.696190043,-0.217538313525225,0.0416864882226951,1.66332127656276e-07,2.69616946524503e-07
"GWK60_L06413",699.722621013384,2.61622577316567,0.123676443928476,5.07181286041241e-100,3.14225390409532e-99
"GWK60_L06435",361.82985126168,-1.36981466217975,0.152720564677581,1.14807269963734e-19,2.64978604655218e-19
"GWK60_L06457",1115.43491869871,-0.550941871722049,0.0892710062430363,5.69563318444939e-10,1.01901464456475e-09
"GWK60_L06479",831.368440072334,-1.55949244260496,0.105571724009956,7.52056703383339e-50,2.85618646916705e-49
"GWK60_L06501",611.537567924846,0.764267710726261,0.116670943893048,4.20279628949355e-11,7.78131238392681e-11
"GWK60_L06523",1354.00135944406,0.495911329502379,0.086614271631786,9.15520977303178e-09,1.55997419521047e-08
"GWK60_L06545",2969.60180764368,0.105643721604458,0.0637733632118061,0.0973571276847879,0.115207759644991
"GWK60_L06567",0,NA,NA,NA,NA
"GWK60_L06589",6.66627810999247,-2.63284430891047,1.42714814352548,0.00854796401418497,0.0109905379405067
"GWK60_L06611",0,NA,NA,NA,NA
"GWK60_L06633",683.275333701964,-0.755009166769457,0.109335141825368,3.64473167839735e-12,6.97137768304365e-12
"GWK60_L06655",2738.7972283656,0.344652574371447,0.0699809920211694,7.97727457911248e-07,1.25031180828759e-06
"GWK60_L06677",15.4610473145125,3.05400805387698,0.916437353794237,0.000118387332661493,0.000170327508150835
"GWK60_L06699",5458.73403606331,1.9701529470028,0.0557099878660784,1.40193362833851e-274,2.35596513899698e-273
"GWK60_L06721",1372.15073866094,4.02961061058733,0.117639968563092,2.21334079233245e-258,3.45465061355154e-257
"GWK60_L06743",237.521273645041,-1.11370909115946,0.201292079576384,1.5991485714754e-08,2.70032792486697e-08
"GWK60_L06765",27.1418667360675,0.0821145964454022,0.465090065864407,0.844897778531901,0.862892393414427
"GWK60_L06787",2188.44073156462,-0.803620558474033,0.0733589965134757,4.36775096076536e-28,1.18914958869699e-27
"GWK60_L06809",2626.89492564536,0.987225967012069,0.0660241712906103,9.19163326625618e-51,3.54197736120934e-50
"GWK60_L06831",448.016192074748,-0.0554451408859764,0.134330034132168,0.676230451955062,0.707573538349637
"GWK60_L06853",1225.3241421981,-1.16106884509094,0.0886505894376919,1.72408995719362e-39,5.63213952938106e-39
"GWK60_L06875",4738.01914413274,-1.19181188484899,0.0558325853550777,2.0535788800526e-101,1.29054061040343e-100
"GWK60_L06897",2403.68867964785,-0.146034235148817,0.0735666592536679,0.0464553921086357,0.0567213004854744
"GWK60_L06919",920.24510433215,-0.282515609823799,0.095253746554697,0.00287940492265599,0.00384994150817756
"GWK60_L06941",541.10833882072,-2.43491602972388,0.138297051992854,4.45633353718243e-70,2.12321688456337e-69
"GWK60_L06963",11994.4501481461,-0.167432306600415,0.0489955940435215,0.000586935195788141,0.000813297979411386
"GWK60_L06985",2591.86092017664,0.118883020334208,0.0704690336712554,0.0907743500702621,0.107879141746403
"GWK60_L07007",1996.11754462882,0.877514834361748,0.075807774289333,3.82359480445575e-31,1.10627660458951e-30
"GWK60_L07029",14883.6989524771,-2.79327888674739,0.0544864141519695,0,0
"GWK60_L07051",8265.66572740256,-3.25607482808008,0.0634206407854147,0,0
"GWK60_L07073",1525.46086457071,-2.90865026278574,0.0990968343441361,2.85307450127991e-190,3.19982342787469e-189
"GWK60_L07095",288.133562286559,-1.26623578397977,0.166778578925221,1.3851656339245e-14,2.83611180787967e-14
"GWK60_L07117",3910.15652288918,0.695617001918541,0.0636285495317382,6.27471213869339e-28,1.69953583159255e-27
"GWK60_L07139",1016.12259198212,-0.804541047604493,0.0979402981392281,1.48523504431611e-16,3.17833048539574e-16
"GWK60_L07161",1878.69715593682,-0.417393182299992,0.0735281397613822,1.23596508356907e-08,2.09783037740345e-08
"GWK60_L07183",1169.1710548088,0.852044692011639,0.0893383609289297,1.00538095675757e-21,2.42917034108627e-21
"GWK60_L07205",81.1061516107354,-0.417622479700997,0.289046053099455,0.130913361067662,0.152887273360547
"GWK60_L07227",1780.39424438677,0.996551883971452,0.0761891471102974,2.63045617091372e-39,8.56730616656727e-39
"GWK60_L07249",0,NA,NA,NA,NA
"GWK60_L07271",69.917727438488,-0.191588486739062,0.304619731904351,0.508352340119849,0.546258081517958
"GWK60_L07293",70.0396275457469,0.00723930754565845,0.303836526290078,0.981748114251415,0.985442868001013
"GWK60_L07315",1121.9384141442,1.57495565573311,0.0938391576023836,1.04788722944242e-63,4.6631868247607e-63
"GWK60_L07337",333.276738490841,0.647933943079176,0.156864442490678,2.89190116155119e-05,4.26447998591513e-05
"GWK60_L07359",0,NA,NA,NA,NA
"GWK60_L07381",4527.48946700508,0.111146324797346,0.0666451899503995,0.093861437829842,0.111296474974069
"GWK60_L07403",262.750496901907,-2.76669248656662,0.200625200547279,4.28912615129108e-44,1.50405357038607e-43
"GWK60_L07425",1821.37422479379,0.313687040316265,0.0743558041469469,2.34562165756285e-05,3.47450575014942e-05
"GWK60_L07447",3852.51787071432,0.748666009788751,0.0592933247333969,1.13707505984134e-36,3.57288818086347e-36
"GWK60_L07469",140.393057816425,0.00194081338781813,0.225466847981308,0.994365189431735,0.996069490841921
"GWK60_L07491",4311.53715708299,1.69725128785338,0.0671237478331867,1.25858250088002e-141,1.04583632774548e-140
"GWK60_L07513",144839.400257717,-0.259464958709366,0.0398708366601034,7.32617630802973e-11,1.34976137934278e-10
"GWK60_L07535",172.070194386426,-0.936545090003023,0.219690250208761,1.22077865168461e-05,1.82578780433922e-05
"GWK60_L07557",387.230224084252,-5.64233695886253,0.292736417847956,7.21658300329045e-83,3.86156933848502e-82
"GWK60_L07579",5284.4396286592,1.33661882998816,0.055986691120173,2.4937327983967e-126,1.86586550776197e-125
"GWK60_L07601",1527.92392837239,-0.706741825800864,0.0799197176406718,6.98554335200687e-19,1.57970584830422e-18
"GWK60_L07623",0,NA,NA,NA,NA
"GWK60_L07645",0.767898214737868,0.0933818469872197,0.973396116502452,0.754469594358107,0.781664381785236
"GWK60_L07667",7.39442484473247,-0.554147378668288,0.782855927856549,0.308461212774486,0.343678453546663
"GWK60_L07689",2220.10381372925,0.330326007415114,0.0707602322472462,2.8996882992162e-06,4.44157264236378e-06
"GWK60_L07711",23982.2228695493,0.0687498425829886,0.0477315729337297,0.149734837074334,0.173787564653795
"GWK60_L07733",1099.88138367017,-0.286909488177329,0.0898153206803159,0.00133666935959445,0.00182052843901264
"GWK60_L07755",232.428996976768,-1.69643332491191,0.188622004631999,6.78853210373066e-20,1.57441264839609e-19
"GWK60_L07777",3492.37961825423,0.0131383160479781,0.061159573818096,0.830508853363222,0.849237280072035
"GWK60_L07799",1297.14946057616,-0.0996150406970689,0.083635282005392,0.2316503109156,0.262830162945655
"GWK60_L07821",741.101445725972,0.636858469174725,0.107032340734303,2.14750286197312e-09,3.77283401936494e-09
"GWK60_L07843",1841.06028438393,-1.41806021780702,0.0816915094788342,5.97455453908112e-68,2.78600681520981e-67
"GWK60_L07865",1939.87217106113,-1.22408593844774,0.0740869951690058,1.15346270418793e-61,5.01422630085001e-61
"GWK60_L07887",804.833165910058,-0.78330089999445,0.10177846504708,9.94121278346696e-15,2.04101402189837e-14
"GWK60_L07909",4204.59153109548,-0.851748552845837,0.0570217424721694,1.26761007947128e-50,4.87399782018929e-50
"GWK60_L07931",3328.68345459665,-0.3635586212787,0.0616748181684761,3.50728279828097e-09,6.10668901653687e-09
"GWK60_L07953",222.598479210956,0.466683825280168,0.184028549675124,0.00989639033562074,0.0126716195631366
"GWK60_L07975",5209.5709893627,0.221325133320906,0.0538948656863233,3.93146664571362e-05,5.77317547639688e-05
"GWK60_L07997",9648.43329817332,-0.418813148485585,0.0503477287565589,7.99203390047634e-17,1.72216707564546e-16
"GWK60_L08019",5.5359160093204,0.90539183929695,0.994222974114274,0.136122111518783,0.158653291954088
"GWK60_L08041",5369.00928443135,0.41140408462988,0.0560982056505938,2.06894704645509e-13,4.10666470352972e-13
"GWK60_L08063",846.572175451722,-0.377957479385621,0.103775954709745,0.000248804463346711,0.00035161512015145
"GWK60_L08085",1892.20850357907,1.08831780980227,0.0766426384596788,5.21027454704214e-46,1.87970124262288e-45
"GWK60_L08107",994.663250678132,0.22305699146979,0.0924096744211178,0.0154031822484717,0.0194621039219219
"GWK60_L08129",512.864374089242,0.388672909507327,0.124240967039051,0.00162490442245045,0.00220113243937403
"GWK60_L08151",867.972273511789,-0.738631938524558,0.110646871204958,1.79591089383001e-11,3.36413507889809e-11
"GWK60_L08173",482.713107052227,0.97033243044384,0.133439229032416,2.10570801341119e-13,4.17490544686877e-13
"GWK60_L08195",280.093580022447,-0.554332521601557,0.177191678222564,0.0014658057158618,0.00199176906882797
"GWK60_L08217",134.174339203726,-0.389427553912517,0.228326318244791,0.0794473097504,0.0949324964305098
"GWK60_L08239",6949.78557017799,1.1732010546182,0.0508959438306805,7.20012535596262e-118,5.10413199088455e-117
"GWK60_L08261",4128.94104803345,-1.45187075581281,0.0600522776350504,1.33120713018912e-129,1.02072150215667e-128
"GWK60_L08283",94.0083944875646,0.595809457811815,0.27211224902888,0.0228339949749993,0.0284815777966555
"GWK60_L08305",9915.71547117501,-0.0896386281250596,0.050105469891163,0.0731682265493005,0.0878686921573791
"GWK60_L08327",19456.9736253144,-2.94463177116655,0.0484262135162669,0,0
"GWK60_L08349",962.199786283753,1.75735351696474,0.0989060136998591,3.45440298858455e-71,1.65786128831704e-70
"GWK60_L08371",1100.47471604868,-0.791688443630926,0.0918128453006155,4.56416653512709e-18,1.0099922580887e-17
"GWK60_L08393",2497.92483078626,2.14503037408259,0.0713246343514635,1.88380976177834e-199,2.23675831759685e-198
"GWK60_L08415",8411.51179305676,1.69775843969964,0.0504453860838337,8.09908423880902e-249,1.22417192804987e-247
"GWK60_L08437",335.312608987019,-0.825266425913553,0.152333738292079,4.15890437384996e-08,6.90307258013594e-08
"GWK60_L08459",3604.76843599978,-3.03408873569242,0.0681332311480963,0,0
"GWK60_L08481",2922.48636725679,1.03335517795021,0.0668200630066376,3.50456346500579e-54,1.40932750962771e-53
"GWK60_L08503",276.108356298424,0.231410933570998,0.167337427350377,0.161394587614048,0.186579237549427
"GWK60_L08525",1082.33376784796,-0.0110458257851956,0.0921057053198834,0.903456319591124,0.915818123154617
"GWK60_L08547",547.606456682917,-0.503855520766355,0.125424612956237,5.06229473048997e-05,7.39863025350854e-05
"GWK60_L08569",1557.22701741679,0.449268692501828,0.0784156778512891,9.08460248419117e-09,1.54844488226978e-08
"GWK60_L08591",3236.60194089781,1.88313938981904,0.0683644858671397,1.18689792051524e-167,1.16693141344115e-166
"GWK60_L08613",1754.97855057489,2.12677962827927,0.0812250823292047,9.70771026448334e-152,8.69890221314862e-151
"GWK60_L08635",113.764209814993,0.430001167375054,0.251641678979749,0.0778319735430924,0.0931292495078858
"GWK60_L08657",1735.38716077945,-0.0571474921484217,0.0751348223612233,0.445499012417119,0.483858105577957
"GWK60_L08679",3970.05047745515,-0.558543346824042,0.0586352503961357,1.3780896305391e-21,3.31902539223246e-21
"GWK60_L08701",61.2264084283988,1.98372224832975,0.372084797927895,2.2149871760383e-08,3.70927492708101e-08
"GWK60_L08723",4176.06783412188,1.16020426906195,0.0578642084094141,9.9507808861541e-90,5.66462201960721e-89
"GWK60_L08745",686.903829196985,-0.411464854808206,0.10925520880593,0.000150248066710794,0.000214523569733652
"GWK60_L08767",1203.0877105502,0.319692600055826,0.0866566504604036,0.000213974962930462,0.000303535141589598
"GWK60_L08789",65469.0418960451,-0.346323532465815,0.0429989013668346,7.46878416426977e-16,1.56954872968674e-15
"GWK60_L08811",3873.91414104026,-0.946139525622112,0.0659059372025391,5.95454342693453e-47,2.18112106028382e-46
"GWK60_L08833",0,NA,NA,NA,NA
"GWK60_L08855",25.8944393577065,-0.115389246768226,0.475337865521083,0.781809346246883,0.803814925969235
"GWK60_L08877",986.86222224867,1.09565823940751,0.0954420956300637,9.00185451663447e-31,2.58459360030007e-30
"GWK60_L08899",838.427690300842,0.274303852260679,0.102055462498236,0.00691038731692058,0.00896390561948268
"GWK60_L08921",1546.7708672593,-4.91978692863256,0.125966668727125,0,0
"GWK60_L08943",1017.37137692351,1.36515166125468,0.0945720297445108,1.28258154520627e-47,4.73098101527697e-47
"GWK60_L08965",19738.5442752526,0.676100659380412,0.0481794288304198,7.83072386771762e-45,2.77184438386236e-44
"GWK60_L08987",782.281816394294,1.99465154489305,0.111521779571511,3.47148481596919e-72,1.68605818393333e-71
"GWK60_L09009",779.952083640738,-1.04481055889117,0.121697102371185,5.15219304533143e-18,1.13963563576297e-17
"GWK60_L09031",2646.09554256787,1.98544618266235,0.0697786590117713,1.1215148154099e-178,1.19416354839191e-177
"GWK60_L09053",4198.61359457994,0.95144047540735,0.0583206361084396,4.85375530549498e-60,2.07398480153563e-59
"GWK60_L09075",2218.17083952964,1.09019840552267,0.0735007428932115,4.74914353563258e-50,1.8088700215371e-49
"GWK60_L09097",8497.95285557238,-3.28205875127197,0.064626303449298,0,0
"GWK60_L09119",1998.28551491439,0.666451956147967,0.074666315844619,3.52514150222484e-19,8.02694558515267e-19
"GWK60_L09141",215.640120472904,0.437124030385929,0.185185194486119,0.0163151952077386,0.0205502698258394
"GWK60_L09163",6.78278093331406,-0.0539871952699089,0.718054846779941,0.913367090875202,0.924795168046884
"GWK60_L09185",12.7397061452167,-0.747662904525292,0.696893515933673,0.161312646145467,0.186525504226238
"GWK60_L09207",3297.06044750882,1.13354623913877,0.0620890361387109,9.30706618231143e-75,4.62714254432496e-74
"GWK60_L09229",2315.38278081174,1.6807016038064,0.0748847441289934,4.50740240534922e-112,3.05921763253379e-111
"GWK60_L09251",16.864232621257,0.0471983806751441,0.559372685653636,0.921898213314792,0.932535500391501
"GWK60_L09273",4073.58468144421,0.360930740009513,0.0695313810120743,1.9718614001918e-07,3.18843866123851e-07
"GWK60_L09295",1152.87313942417,-0.457946128889095,0.087299432408575,1.38645352824929e-07,2.25572086563294e-07
"GWK60_L09317",235.460475883492,-1.20729387011566,0.185687963521536,3.62224833037229e-11,6.72301560259641e-11
"GWK60_L09339",368.912387384821,-1.12657887048536,0.151800523627873,5.72004776448879e-14,1.15365994023048e-13
"GWK60_L09361",10376.2243978444,-0.159069298369342,0.0524784164061119,0.00242095348812575,0.00325018257977066
"GWK60_L09383",1892.91085798902,-0.170767216889415,0.0751980690601438,0.0226803542247506,0.0283235192835205
"GWK60_L09405",79.3157769302554,-4.06723104336115,0.441465907305221,7.15848367639343e-21,1.69763859954145e-20
"GWK60_L09427",606.228010789417,2.37235868830706,0.129666355701801,1.93070924995299e-75,9.67193395690734e-75
"GWK60_L09449",0,NA,NA,NA,NA
"GWK60_L09471",1038.31939667431,2.67323045690879,0.10699542079613,1.19534620512392e-138,9.71796142032735e-138
"GWK60_L09493",2090.6118794466,4.28571673053869,0.0995032309157311,0,0
"GWK60_L09515",733.843771196461,1.14184658846971,0.108574074033617,3.76477773653523e-26,9.91127672381147e-26
"GWK60_L09537",3371.49524388464,0.589253462535996,0.068593704510561,7.27314848271436e-18,1.60472990851835e-17
"GWK60_L09559",1535.55498321335,-0.0819211500632104,0.0805137941307062,0.306970800920821,0.342090341704135
"GWK60_L09581",2558.72231111242,-0.0903734730957427,0.0682171894189852,0.183384450760005,0.210749882236755
"GWK60_L09603",32.9843490866929,0.536134428167395,0.4510310018359,0.185501243830828,0.212949921988249
"GWK60_L09625",497.279912042265,-1.26508672820952,0.128827901330222,4.10229828425599e-23,1.01687506951869e-22
"GWK60_L09647",306.629998183712,-1.39117980777251,0.16249777275346,4.29988495103867e-18,9.52311361787933e-18
"GWK60_L09669",462.70248275973,-2.60435255061057,0.155831747757961,1.67284703647134e-63,7.41920355129785e-63
"GWK60_L09691",1128.18510437739,-0.872457858083113,0.0890167551666131,7.68761887144259e-23,1.89577474279363e-22
"GWK60_L09713",9562.40851267325,0.442411426260638,0.0476920908934101,1.62282616078974e-20,3.82611636295563e-20
"GWK60_L09735",555.864926485096,-3.53617505246683,0.153866509781634,1.20004545149153e-117,8.47280412730933e-117
"GWK60_L09757",5706.73702616469,0.31274892855919,0.0605723361169144,2.30938780800513e-07,3.71706850370471e-07
"GWK60_L09779",6288.61537408117,1.9416958121011,0.054544901578287,4.3254001166137e-278,7.36297883928416e-277
"GWK60_L09801",5483.15592832817,1.19143235289964,0.0598624892172482,1.81970325347723e-88,1.02151964923055e-87
"GWK60_L09823",1881.18802180311,-0.812097367992842,0.0768974680951304,3.07125666270023e-26,8.10984440050361e-26
"GWK60_L09845",2293.35506501972,1.10252350962903,0.0706728539446172,3.32053342805143e-55,1.34976861140267e-54
"GWK60_L09867",865.11108451952,-0.239266928801785,0.10139825213012,0.017657425595371,0.0221930844997972
"GWK60_L09889",270.218063573176,0.652577967099417,0.180129656481028,0.000230491232272834,0.000326260463335604
"GWK60_L09911",1556.53403941509,-0.549938012374393,0.0786901493660488,2.33119878489667e-12,4.49325965868687e-12
"GWK60_L09933",1324.64245928022,1.84823806544267,0.0891886138974293,5.44844733670755e-96,3.26410398531682e-95
"GWK60_L09955",298.873648667495,3.2128783973019,0.197083622117464,1.66236406793696e-60,7.14381944227813e-60
"GWK60_L09977",8010.30399518178,2.42360142623414,0.0552225048788821,0,0
"GWK60_L09999",227.764571347402,-2.9571142371262,0.220069132543432,6.29450675795989e-42,2.14298417779087e-41
"GWK60_L10021",871.643672951321,-4.46885086675285,0.150616603369107,2.21535216978152e-194,2.53320704631539e-193
"GWK60_L10043",20450.6528083777,-0.553295494194715,0.0438757756943073,1.4719253854926e-36,4.61952716449348e-36
"GWK60_L10065",3891.2278778783,0.43927285263269,0.0578474783814636,2.83357451218073e-14,5.76134593508722e-14
"GWK60_L10087",2317.41372861691,0.617915451132591,0.0681743958326017,1.03823749957761e-19,2.39733505170246e-19
"GWK60_L10109",3906.50317006831,-0.97097845043311,0.0593273587491915,2.00977097209801e-60,8.60162352582224e-60
"GWK60_L10131",684.244182239859,-0.786601995823789,0.109494676883241,4.76934705476311e-13,9.36772423751081e-13
"GWK60_L10153",1161.71849477359,-0.27125614877687,0.0875750087318466,0.00186936920617983,0.00252578526188182
"GWK60_L10175",1455.00797425153,0.0929992336869961,0.0800497947043891,0.244247517167425,0.276348018993473
"GWK60_L10197",329.348585194382,0.170814396161398,0.150795045334741,0.252619759507566,0.285084731819308
"GWK60_L10219",0,NA,NA,NA,NA
"GWK60_L10241",1082.10717295598,-5.28344125463602,0.162443560373527,1.31403667899871e-232,1.8530383194459e-231
"GWK60_L10263",2000.54421203887,-1.49740693779513,0.074531936741018,3.05517640460717e-90,1.74866462331161e-89
"GWK60_L10285",0,NA,NA,NA,NA
"GWK60_L10307",580.78312202752,-0.471246868892578,0.124709349159443,0.0001394404526442,0.000199960954446154
"GWK60_L10329",2427.88053730991,-0.521310459708259,0.06659104062703,4.24453369409603e-15,8.7864019011984e-15
"GWK60_L10351",25594.5157149314,-3.72961711277828,0.0547743839672843,0,0
"GWK60_L10373",0,NA,NA,NA,NA
"GWK60_L10395",802.047194982811,2.1721280419048,0.112418032599172,8.27812537597408e-84,4.47512224847108e-83
"GWK60_L10417",2516.32836086611,-0.171474573194327,0.065509082382776,0.00868660502982091,0.0111660660940513
"GWK60_L10439",5157.82458632029,-0.497912324677775,0.0591603763673745,3.39292142469883e-17,7.39915700411104e-17
"GWK60_L10461",527.873840580053,-0.603900588648443,0.123382655635414,7.9894666552127e-07,1.25184970528504e-06
"GWK60_L10483",1734.58228050919,2.07093555909593,0.0826299871843235,2.46302195470751e-139,2.01172290089464e-138
"GWK60_L10505",1810.98712001246,1.15921099309439,0.0793710224570226,1.37365202527057e-48,5.13533024372649e-48
"GWK60_L10527",112.033994079252,2.31334967277572,0.285137807414481,9.73865641182027e-17,2.09510563297238e-16
"GWK60_L10549",4792.58735980218,2.64042478765843,0.0597487322734354,0,0
"GWK60_L10571",9097.3707597357,-1.80337216252256,0.0531725271344314,1.06577510117981e-252,1.62022457578203e-251
"GWK60_L10593",771.281941875472,0.0502133636818635,0.103461824810096,0.626491480318645,0.659332770403376
"GWK60_L10615",12098.7902904362,3.65698856313713,0.0537080850414311,0,0
"GWK60_L10637",2734.15507360872,0.0479882313121493,0.0649999216932503,0.461291151744147,0.499874630855832
"GWK60_L10659",2582.52619799817,1.13250331486845,0.0670528281380188,2.84872320762708e-64,1.27634446951605e-63
"GWK60_L10681",6896.1338905824,-2.67796964533237,0.0543644046497012,0,0
"GWK60_L10703",870.620503533926,-2.64269746304701,0.111941099623792,4.67215771183233e-124,3.46622701893344e-123
"GWK60_L10725",757.829370202573,-0.886547180785726,0.107754604889882,1.25065812290082e-16,2.68399091246769e-16
"GWK60_L10747",4564.55700678534,0.239478086586899,0.0583911349104451,4.03215419021636e-05,5.91607560405525e-05
"GWK60_L10769",2251.71533406462,-0.820738314707868,0.068633976827826,4.04897149159413e-33,1.20529655041229e-32
"GWK60_L10791",1904.0307365959,1.02900670244103,0.0758099121119156,3.414044942935e-42,1.16761224966438e-41
"GWK60_L10813",3477.80206874028,1.74116659702724,0.0659187145289916,2.66225143385066e-154,2.44815429056897e-153
"GWK60_L10835",4943.51613130256,4.71270469953987,0.0768192945491134,0,0
"GWK60_L10857",1671.0406260859,-1.05497980110111,0.076861558828734,3.92493858323649e-43,1.35555987838634e-42
"GWK60_L10879",173.054699333482,-0.814484123428678,0.206764150883724,5.56183729184844e-05,8.10619677337845e-05
"GWK60_L10901",2056.07185767064,0.989184489091804,0.071610065309671,1.33929345109856e-43,4.65918224390107e-43
"GWK60_L10923",5800.24402485664,0.213763377196638,0.057374524474353,0.000196102460104202,0.000278783497337325
"GWK60_L10945",878.087490827852,-0.413833001942703,0.1030761465243,5.41739817939931e-05,7.90882998158211e-05
"GWK60_L10967",4104.10649865852,2.20064052958008,0.0608603641027139,6.02932735123756e-287,1.07142776579424e-285
"GWK60_L10989",5072.26600669521,-0.404637007054029,0.0630619644565602,1.27726335657127e-10,2.33196989085904e-10
"GWK60_L11011",802.006009698464,1.17205352617762,0.108297981842572,1.37715689943614e-27,3.70529170896886e-27
"GWK60_L11033",187.31973182572,0.627009630749145,0.199792875341928,0.00136375695064397,0.00185549962762217
"GWK60_L11055",553.093202842567,0.0710417563608637,0.125433987427311,0.569179577795138,0.605314310392726
"GWK60_L11077",1461.14321751269,0.391794771478996,0.0806387674448579,1.09734432652345e-06,1.70873840068738e-06
"GWK60_L11099",867.695512493739,-0.649393905113984,0.102924393160657,2.23150255928528e-10,4.04469450787064e-10
"GWK60_L11121",384.268136220084,-1.24285308605064,0.146463519727141,9.53756748420665e-18,2.09994160598271e-17
"GWK60_L11143",1157.6425933385,-1.13423492571765,0.0898554218995109,7.88709035188979e-37,2.48271066732138e-36
"GWK60_L11165",234.545524608406,1.65909330035747,0.18888692511808,4.91981323292576e-19,1.11544041401679e-18
"GWK60_L11187",2806.69284430035,0.951571470582263,0.0663239462803649,6.9415697279076e-47,2.5408946951144e-46
"GWK60_L11209",316.347401386366,-3.41265924133582,0.205174009243012,4.36806963220477e-63,1.92268169584913e-62
"GWK60_L11231",4447.82767658516,0.143458562953685,0.0565011418977097,0.0109989950792331,0.0140321887258709
"GWK60_L11253",1527.95843509216,2.8520514433699,0.0930338860247015,2.40536674889652e-207,3.00528007106785e-206
"GWK60_L11275",2377.48969482525,0.158486772809215,0.0688434672331471,0.0211034038404982,0.0263729874556951
"GWK60_L11297",3097.2784013899,1.97421125405759,0.0708588154885426,1.61148773649005e-171,1.63954071449471e-170
"GWK60_L11319",1544.03316548669,1.3086113792069,0.0828980559768617,1.74497779523393e-56,7.18761409783123e-56
"GWK60_L11341",5.18197599357371,0.276238042786476,0.801101663964237,0.59337116499896,0.627994432171938
"GWK60_L11363",338.632237379528,-3.36494071561393,0.189517645178933,2.52504424739238e-71,1.21516310533247e-70
"GWK60_L11385",1615.20951791873,-5.52612842852568,0.143296052277518,0,0
"GWK60_L11407",962.394271556202,-3.08308180864423,0.11770108414642,3.16354239228733e-152,2.85424236422493e-151
"GWK60_L11429",821.544601422055,-4.3347056906389,0.148391401063034,3.56486921687292e-188,3.95595191577037e-187
"GWK60_L11451",2044.30409830985,-0.73917547904337,0.0737001506026341,8.18090040251866e-24,2.05991077631633e-23
"GWK60_L11473",265.209562454396,0.165843384820222,0.165849079758905,0.311387748121766,0.346718788128808
"GWK60_L11495",1383.55734899919,1.02505702615412,0.0857882374988365,3.81756856819105e-33,1.13705609675453e-32
"GWK60_L11517",1540.81930433411,0.0792781499839014,0.0799592429503585,0.320612829861279,0.356387042491617
"GWK60_L11539",450.416171079119,-0.837902224166976,0.134818774487437,3.41656921928768e-10,6.1587231300388e-10
"GWK60_L11561",1438.13253492467,1.56080284128348,0.084329673940656,5.71900597759274e-77,2.89807046648727e-76
"GWK60_L11583",895.210983994478,1.36237971901275,0.106970164725586,1.60529939184774e-37,5.10203915475477e-37
"GWK60_L11605",10870.2878981096,0.406871450287816,0.0478007043219789,1.59748852918602e-17,3.50700737208618e-17
"GWK60_L11627",1268.89944510175,0.311519154687991,0.0900878668705644,0.000516493958633763,0.000717390605337627
"GWK60_L11649",2136.35550853267,-1.25278287464567,0.073135939897481,3.95819015118231e-66,1.8072986280572e-65
"GWK60_L11671",1407.93114903823,-0.16174618430512,0.0828579825098008,0.050019752392728,0.0609036799967013
"GWK60_L11693",683.519191131041,0.592958548917247,0.10858921483119,3.94345907920769e-08,6.55374241915716e-08
"GWK60_L11715",2640.76186624834,-0.12466186421768,0.0661441948281662,0.0586546331963321,0.0709901911211935
"GWK60_L11737",1933.96983761328,0.405141050165129,0.071910787401232,1.56309780413744e-08,2.64199693115776e-08
"GWK60_L11759",1017.16896837104,-0.122194522232989,0.0924378820461747,0.184106654089351,0.211487442784447
"GWK60_L11781",798.348221326931,-0.55958388379974,0.101661436893316,3.09937019825063e-08,5.16725427663972e-08
"GWK60_L11803",1292.50429872734,0.0479216970116429,0.0829580740170806,0.562848216694024,0.599627957342607
"GWK60_L11825",951.180246753766,-0.176105385699048,0.0939512251303855,0.0596183111306969,0.0721067639796426
"GWK60_L11847",506.133692845132,1.90962400066493,0.134199035284453,1.53793368471924e-46,5.59829147517175e-46
"GWK60_L11869",803.344410978839,1.17044023423388,0.105742849481044,8.70540914645451e-29,2.40622449344985e-28
"GWK60_L11891",570.086719695229,-0.901221995021181,0.134381808065887,1.23909677097618e-11,2.33106187959039e-11
"GWK60_L11913",5237.35478232404,-0.402652853867882,0.0543546687977999,1.16676782557186e-13,2.3282241132428e-13
"GWK60_L11935",4604.09168478104,-0.700683439830606,0.0738460832007323,1.75500940063352e-21,4.21715369910111e-21
"GWK60_L11957",560.009250044391,0.935783979010717,0.120811680578753,5.89487472974607e-15,1.21739462420355e-14
"GWK60_L11979",759.582063393142,-2.40115892840298,0.116248137680865,1.70130338632951e-95,1.0123140058929e-94
"GWK60_L12001",491.914924254293,-0.330482302216147,0.127243013472854,0.008812769897231,0.0113227087590217
"GWK60_L12023",714.455759109818,-0.0436352865939473,0.109374665378104,0.687448025429248,0.718739140083054
"GWK60_L12045",1466.35957655838,0.78195381773895,0.0823204810328109,1.543059975806e-21,3.70955003324476e-21
"GWK60_L12067",189.018704361846,1.17786453095233,0.205365661759683,4.73409864139872e-09,8.18585103673808e-09
"GWK60_L12089",3481.99455125521,1.80570409062597,0.0660923432164063,6.56693108485092e-165,6.34964292395512e-164
"GWK60_L12111",758.500113241724,-0.0317017549798292,0.104658364121228,0.759848633062072,0.786698932296842
"GWK60_L12133",3716.14716561108,-0.315843798813319,0.0609325480350372,2.03620103380572e-07,3.29045082575057e-07
"GWK60_L12155",1079.22301378465,-0.188536733735935,0.0898565755700603,0.0350371748247168,0.0431908928000962
"GWK60_L12177",523.60215051473,-3.59531363734769,0.164494545072634,7.94063723799539e-107,5.20146349587245e-106
"GWK60_L12199",365.345354132492,-3.5944207238785,0.189371258659061,4.18185061499055e-81,2.20185527876379e-80
"GWK60_L12221",840.923239801007,-2.18354081664453,0.109946212228675,1.85710744097888e-88,1.04140566519711e-87
"GWK60_L12243",141.123228537952,-1.72645209139107,0.251487470351417,1.88100057184488e-12,3.63351561068824e-12
"GWK60_L12265",1639.1189429179,0.201549973500504,0.0759714128955024,0.00783220340112897,0.0101122704688116
"GWK60_L12287",0.938050421328558,-0.314448953245459,1.06576484967781,0.286886905567145,0.321274243832911
"GWK60_L12309",2852.66120757207,-2.03468589617974,0.0667450985179942,8.59949200045997e-205,1.0568534561313e-203
"GWK60_L12331",419.865952303706,-2.62694996896798,0.164689072487147,5.46387152008456e-58,2.28639333298686e-57
"GWK60_L12353",1277.65818091624,-5.46211063567564,0.157661029322507,1.31879241437346e-263,2.11489271329402e-262
"GWK60_L12375",1485.37422805846,-2.9542565776079,0.0937096545208382,4.58598327356827e-219,6.07613904759927e-218
"GWK60_L12397",2281.4880249794,2.35618908978563,0.0755655766849023,3.87212854010754e-214,4.97980345255884e-213
"GWK60_L12419",2146.66839393192,-0.0552953061737022,0.0693856261880195,0.425334569693615,0.462913270554193
"GWK60_L12441",270.935966406119,-1.93160748013474,0.179709743029976,1.5008726648128e-27,4.03196640291897e-27
"GWK60_L12463",3205.58770612899,1.03907828043078,0.0625419699745866,3.20852105503821e-62,1.40289449289285e-61
"GWK60_L12485",431.463975446057,0.0405833444399278,0.134237030233951,0.762265275402611,0.788498593631806
"GWK60_L12507",128.976555064404,-0.295475206439469,0.237028622672945,0.198767555337526,0.227434705476482
"GWK60_L12529",1706.77503814626,2.54715861239934,0.0848512403685804,1.15600195668692e-198,1.36335656775184e-197
"GWK60_L12551",1606.90222126553,-0.97262656674107,0.0781771287725392,9.28149808708298e-36,2.89050798922774e-35
"GWK60_L12573",2234.86887493593,-0.663059123104715,0.0689274744227036,5.19543463421696e-22,1.26226264092292e-21
"GWK60_L12595",1519.19967122444,-0.0341934856186677,0.0797479768544254,0.666475774857092,0.698200074835352
"GWK60_L12617",2042.12342212153,0.712554658436831,0.0708081890114841,6.16958600724664e-24,1.5549603449026e-23
"GWK60_L12639",1361.08702763264,-2.06924437396415,0.0884446197729011,1.01502144012357e-121,7.38452665982013e-121
"GWK60_L12661",1497.11119005336,0.134899249211076,0.0787377997266656,0.0859019933318081,0.102389414213757
"GWK60_L12683",913.828091061885,0.825304903807333,0.0991522461816112,5.94655624623507e-17,1.28825724280051e-16
"GWK60_L12705",0,NA,NA,NA,NA
"GWK60_L12727",1147.60905845058,0.909780559413276,0.0886077574768368,6.39628169380441e-25,1.64359754320524e-24
"GWK60_L12749",674.990401057662,1.21267282546712,0.112208022094958,1.49584904980578e-27,4.02052427285561e-27
"GWK60_L12771",1226.7119646012,-3.42766165323852,0.107615570363193,2.33282291087537e-223,3.1544083576361e-222
"GWK60_L12793",1541.84513836423,-0.414691682267738,0.0789621003257011,1.36898571481819e-07,2.22799036508159e-07
"GWK60_L12815",3690.47045350805,0.532383599645444,0.0727528345538986,2.2042696868184e-13,4.36702770345191e-13
"GWK60_L12837",2545.51217409093,-0.398741396149931,0.0673214524600787,2.89916586753396e-09,5.06968499442442e-09
"GWK60_L12859",1118.19669426614,-0.597423070248192,0.0888272467980363,1.4279435497447e-11,2.68153626264088e-11
"GWK60_L12881",758.301890255069,-0.36912533714084,0.106619076788257,0.00049687788329518,0.000690874350021847
"GWK60_L12903",1973.3283342323,0.985816810468489,0.0774517881522398,2.43502043800916e-37,7.72043851954682e-37
"GWK60_L12925",923.952977670709,0.714965864187786,0.0993398120903823,4.70871424488238e-13,9.25208701086340e-13
"GWK60_L12947",29537.8508412027,2.22022252065472,0.0441528051393414,0,0
"GWK60_L12969",461.413574742649,1.39909277058281,0.133723530548532,5.06456580550742e-26,1.32733513387987e-25
"GWK60_L12991",554.030801899089,-1.94147039459021,0.12854380653815,3.6303453041933e-52,1.42292222802211e-51
"GWK60_L13013",701.330188117186,-2.07408428240529,0.121928585166972,1.33359019132215e-65,6.05758584313859e-65
"GWK60_L13035",258.725844026964,-0.218621198503031,0.167202743059532,0.184464091398621,0.211851773090993
"GWK60_L13057",1488.67835932017,-0.610079236313845,0.0793968440242702,1.25109115523905e-14,2.56359153742011e-14
"GWK60_L13079",654.99295720505,1.09098224993966,0.117061772993894,6.11057591549055e-21,1.45240078244376e-20
"GWK60_L13101",707.158546155,0.439444941849762,0.109450679703968,5.36382683377002e-05,7.8327954318796e-05
"GWK60_L13123",1663.87710607902,-0.153566832432262,0.0760433582936492,0.0428056437344475,0.0524232097888694
"GWK60_L13145",3728.49593104257,0.297348909432228,0.0590900543836449,4.66211281925114e-07,7.39526942981333e-07
"GWK60_L13167",630.259068927571,-0.0931105196573384,0.112276066950903,0.403406073020121,0.44142208114954
"GWK60_L13189",1360.94732225644,0.15970596077338,0.0834706543846001,0.0550380671311099,0.0667666589274996
"GWK60_L13211",1369.23052628386,0.772416868858048,0.0829626745560918,9.29147134853533e-21,2.19753324160503e-20
"GWK60_L13233",2302.14974296735,1.1036199178483,0.0690958238255728,8.42314932627336e-58,3.51354206631228e-57
"GWK60_L13255",471.887138883277,1.06243078407721,0.132106914884743,4.8234104875938e-16,1.01851221054771e-15
"GWK60_L13277",705.64801266206,-0.929169505027158,0.112038795187412,6.8892091660586e-17,1.48879376390584e-16
"GWK60_L13299",129.42182053089,2.81248528862834,0.283430928357849,5.8929834833473e-24,1.4859584430684e-23
"GWK60_L13321",0,NA,NA,NA,NA
"GWK60_L13343",2709.72113954284,0.944470756137095,0.0675427005511545,1.20358651792002e-44,4.24605304108605e-44
"GWK60_L13365",2.06504688589799,0.583448782612642,1.11117363551129,0.200588252660865,0.229318454465584
"GWK60_L13387",656.607821508837,0.378313296368813,0.115956008005364,0.00102716495585123,0.00140736849903034
"GWK60_L13409",0,NA,NA,NA,NA
"GWK60_L13431",0,NA,NA,NA,NA
"GWK60_L13453",179.012263920422,-0.942565144443717,0.207347074535457,3.26541679786703e-06,4.98725097467497e-06
"GWK60_L13475",844.996194282673,-1.17605780523939,0.107248752585879,2.62463417828302e-28,7.17172767676295e-28
"GWK60_L13497",314.1104550399,-0.540267164593231,0.159218803878387,0.000583955008238803,0.000809381645147854
"GWK60_L13519",0,NA,NA,NA,NA
"GWK60_L13541",77.5653041693354,1.60572508007849,0.320607507212149,1.69992908754803e-07,2.75466019732059e-07
"GWK60_L13563",0,NA,NA,NA,NA
"GWK60_L13585",657.953348783227,-2.22395207324277,0.125116186652764,2.30170548664819e-71,1.1097131860467e-70
"GWK60_L13607",726.722659563246,-0.674698020615119,0.108131219887464,3.39054843244532e-10,6.11391318294904e-10
"GWK60_L13629",939.04829737491,-0.484076427282165,0.0966087188264903,4.74958466594392e-07,7.52721161279452e-07
"GWK60_L13651",3565.41867880228,-1.73890393374885,0.0613532893173496,2.85840536397537e-177,3.02519360452927e-176
"GWK60_L13673",786.667511599241,-3.74223240271555,0.139010173780999,1.46006657147918e-160,1.38877941518635e-159
"GWK60_L13695",2118.37880115206,1.92764429546612,0.0755890472047483,5.35148906398612e-144,4.50381319625071e-143
"GWK60_L13717",4344.44550719696,1.69270312215459,0.0606855430380905,1.02969557443812e-171,1.05373515983357e-170
"GWK60_L13739",1282.14732674578,0.513736478518835,0.0850453482999342,1.34182422026734e-09,2.36766031486287e-09
"GWK60_L13761",987.888090411539,-0.7960703380021,0.0950168574347418,3.78911102735855e-17,8.24605875213321e-17
"GWK60_L13783",72.3326344253417,-0.522345406541063,0.315700507449841,0.0809979794532804,0.0967194941939285
"GWK60_L13805",2686.40993210237,0.595732225128069,0.0650823059739981,4.60283403770546e-20,1.07365441411666e-19
"GWK60_L13827",1206.79267340536,0.541672436620913,0.0867220015237943,3.62261362294265e-10,6.52566700571176e-10
"GWK60_L13849",1067.47470830875,-0.988322341509359,0.0911754873958678,1.26057804056663e-27,3.39336770387946e-27
"GWK60_L13871",2644.00204128231,-0.601372426682944,0.0662243055763793,8.6735709567642e-20,2.00805383946213e-19
"GWK60_L13893",1775.72253585566,0.0417070075102913,0.0743607463088617,0.574338941443933,0.610430962213596
"GWK60_L13915",651.073557196682,-0.269009118868467,0.110359452606349,0.0141470847723828,0.0179266841490565
"GWK60_L13937",11878.7362190627,1.37025015530425,0.0506084536760881,8.96116403748311e-162,8.58574186469238e-161
"GWK60_L13959",2522.27718763731,0.771660667299677,0.0665760533067913,3.31380546815828e-31,9.59307471794858e-31
"GWK60_L13981",180.7323134005,-0.284220282803478,0.197016527203405,0.140986615157057,0.164104801001575
"GWK60_L14003",112.741743027319,0.310595057746473,0.251822212951993,0.203528072765598,0.232578245219867
"GWK60_L14025",2806.47473249488,-0.6236263032893,0.0636139870903703,8.6868997642328e-23,2.13818871127115e-22
"GWK60_L14047",1401.7563397378,0.878154882826739,0.081769008705331,4.43823208330476e-27,1.18442926221121e-26
"GWK60_L14069",0,NA,NA,NA,NA
"GWK60_L14091",1274.27134498248,0.907414501980563,0.0910174907518253,1.31538998461409e-23,3.29945222654749e-23
"GWK60_L14113",2158.77416209451,-1.66394468480451,0.0720721760383483,1.73643800936981e-118,1.23762383865653e-117
"GWK60_L14135",552.202329340815,1.65701972103153,0.12786130300507,6.03886365683566e-39,1.95714250369412e-38
"GWK60_L14157",4262.12453029162,-4.41975433082141,0.0754178430598631,0,0
"GWK60_L14179",1733.71184913219,0.791917114358971,0.0816850420774599,2.30619497253576e-22,5.63688919867012e-22
"GWK60_L14201",3429.48914407875,1.09283016949709,0.0609868784543279,4.13408421145908e-72,2.00417354398846e-71
"GWK60_L14223",1036.22508800378,0.367700560113375,0.092307371273613,6.33423793601802e-05,9.21917308894709e-05
"GWK60_L14245",755.709921982698,-0.0510158477971938,0.103435092762975,0.61931857026635,0.652697992306351
"GWK60_L14267",0,NA,NA,NA,NA
"GWK60_L14289",1855.71849046839,0.133233557152598,0.0741523656706468,0.0717645891254856,0.0862224163545122
"GWK60_L14311",187.525323488719,-0.565837372843399,0.195976893906734,0.00319837601696768,0.00425479460021498
"GWK60_L14333",458.93778884222,0.81410973173021,0.133137162086092,6.72665554618312e-10,1.19939688721774e-09
"GWK60_L14355",652.262975109038,1.17792686742144,0.121113131124291,1.15657567635216e-22,2.84147036787127e-22
"GWK60_L14377",6747.47724316507,2.54542886643412,0.0562372153148936,0,0
"GWK60_L14399",1698.18426585316,-0.377304928963315,0.0753699975398551,5.04902641582093e-07,7.98253049210042e-07
"GWK60_L14421",2128.30744697517,0.385735445329282,0.071023241744401,5.17970555550941e-08,8.5596139560099e-08
"GWK60_L14443",3027.45637264067,1.00616101830527,0.0634975673520828,8.60964424256384e-57,3.55468828225163e-56
"GWK60_L14465",2559.0129986032,1.23653412830425,0.0686174563674374,6.2240308586566e-73,3.04543277363104e-72
"GWK60_L14487",923.703577077614,-2.75006144676651,0.109745032365782,2.14321450922787e-139,1.75323613041036e-138
"GWK60_L14509",2284.7197457054,-1.84719844767488,0.074759899685847,2.16932611585948e-135,1.73151067821258e-134
"GWK60_L14531",4070.92841783076,-3.63180132010148,0.069213179203678,0,0
"GWK60_L14553",13509.3590947004,1.88541881358343,0.0581772127880202,6.15545250112916e-231,8.58824407319347e-230
"GWK60_L14575",2030.12667967809,1.10049378168826,0.0773302221643423,3.18686494621664e-46,1.15447035930437e-45
"GWK60_L14597",125.996294509512,-0.122368794043368,0.239027335152098,0.597288771893692,0.631632275866671
"GWK60_L14619",1604.72695542095,-1.23984632399899,0.0798031147244084,9.0284726838029e-55,3.6530589474464e-54
"GWK60_L14641",1703.98040420152,0.246268032996081,0.0748803280103951,0.000976918296807788,0.00134061837756561
"GWK60_L14663",443.316277116165,0.5587084186472,0.144220988148901,8.9600720043382e-05,0.000129656062566214
"GWK60_L14685",3843.91462365708,-2.26685728037232,0.0632970853284605,1.27892770037509e-281,2.20562613245015e-280
"GWK60_L14707",262.911611034961,0.397277125166955,0.167167868392165,0.0159744079819944,0.0201354866966908
"GWK60_L14729",10053.5544822786,-0.369372156007212,0.0586642935793395,2.87185777582164e-10,5.19105563602124e-10
"GWK60_L14751",54332.0257694957,-0.119338018625929,0.054976706873559,0.0296760575970741,0.0367124096113581
"GWK60_L14773",99.7749415134542,0.379807490703259,0.26138157678448,0.132823771714252,0.15504949827274
"GWK60_L14795",1208.8038677123,1.38173329665588,0.100208166061909,1.26656117179001e-43,4.40907462846821e-43
"GWK60_L14817",401.002654125347,-3.12896832184201,0.169369564878899,5.85319236305618e-77,2.96321384308715e-76
"GWK60_L14839",1579.33013065227,-1.93869757278475,0.089970906148704,1.15250694941098e-103,7.41098600721484e-103
"GWK60_L14861",666.951355534511,-5.18313925112552,0.200171703333169,2.43075855798303e-148,2.12036318656563e-147
"GWK60_L14883",1046.39152599255,-0.0497473497267091,0.0905250021025077,0.580523426978925,0.616381353635274
"GWK60_L14905",462.517127417159,-1.48262183568167,0.134835784129264,1.39491434641431e-28,3.82546895836249e-28
"GWK60_L14927",556.622640842813,-0.283636288967257,0.119716664579865,0.0169685760479914,0.0213425896729878
"GWK60_L14949",1230.22513473987,-2.62083365420529,0.0973022198359596,1.64391045504624e-160,1.56082472807639e-159
"GWK60_L14971",901.561860349908,-0.511082669912791,0.10366641957058,7.1070276005149e-07,1.11757743434106e-06
"GWK60_L14993",434.832363925656,-0.0869041513064372,0.140184986931204,0.530657681172146,0.567790765452703
"GWK60_L15015",2438.810283274,1.07140487421003,0.0704610848367937,1.78454973231719e-52,7.01549446336952e-52
"GWK60_L15037",2352.63399563426,0.121505615168018,0.0684522119087805,0.0754264050713393,0.0904154263161451
"GWK60_L15059",1409.15706395805,-1.55498110745531,0.0849185507441957,2.10947718040885e-75,1.05574214737874e-74
"GWK60_L15081",4914.97047090101,0.848319762165276,0.0552449400116874,2.23332771660985e-53,8.8792923577988e-53
"GWK60_L15103",1888.7380892881,0.236584968836743,0.0726634413495321,0.00110113753228286,0.00150519319641575
"GWK60_L15125",3082.58219207075,1.02332174945228,0.072026096712571,4.71629669504793e-46,1.70382696538133e-45
"GWK60_L15147",294.054319331263,-2.40034992349152,0.178666048281187,6.95867403325141e-42,2.36756956111917e-41
"GWK60_L15169",607.490810754644,-1.62671624284095,0.122640276939772,1.09263853213137e-40,3.63291951897029e-40
"GWK60_L15191",1431.70490388819,0.0538630517470411,0.080282729636248,0.501571427276245,0.539853838238807
"GWK60_L15213",432.121813599517,-0.124780585042648,0.135179459287952,0.350931962751832,0.387631693421805
"GWK60_L15235",1345.25780054486,-0.823998453060397,0.0846529579354076,1.46039374391804e-22,3.5811986447594e-22
"GWK60_L15257",40.5354119408084,0.826400465027816,0.411666360520636,0.0282975792168872,0.0350719290011373
"GWK60_L15279",1606.9864863494,-0.632789623945832,0.0773253285048579,2.22615139201931e-16,4.73879252206458e-16
"GWK60_L15301",805.774624440625,0.0461917140857531,0.101350068375652,0.647749837866571,0.680344278589888
"GWK60_L15323",4366.88261491869,-0.0985520524577383,0.0584524946423232,0.0909923763174678,0.108113824131439
"GWK60_L15345",2834.13643182253,0.529754311650154,0.0653851589127241,4.71251523345104e-16,9.95495185861546e-16
"GWK60_L15367",0,NA,NA,NA,NA
"GWK60_L15389",1790.66687915032,-0.201197391010842,0.0737838400921605,0.00623981585138523,0.00813216832960513
"GWK60_L15411",11296.6565107237,0.868833911256685,0.0614388161843737,1.44583774761071e-45,5.16300512724531e-45
"GWK60_L15433",24195.0961178103,-2.84576807399097,0.0563398660318649,0,0
"GWK60_L15455",6772.92660143905,-1.41481424578232,0.0542284765270954,1.70354600730543e-150,1.51362364838286e-149
"GWK60_L15477",5504.69683704638,-2.32784168878238,0.0683913927866329,1.23169770405567e-254,1.88884254324572e-253
"GWK60_L15499",390.830272614872,-3.69642293281528,0.188246303496058,1.06492752684889e-86,5.8901354271558e-86
"GWK60_L15521",2544.52310888079,-0.0100269898843198,0.0724621996442035,0.888924039521848,0.902478372492747
"GWK60_L15543",3613.07738519043,0.921748698935343,0.0598520652228334,1.05332368329902e-53,4.20370453274117e-53
"GWK60_L15565",481.599871752538,-3.43781911269168,0.161937870463365,7.76514075519368e-101,4.86825272614049e-100
"GWK60_L15587",606.252696757217,0.407557621385642,0.117470986619886,0.000479588909380687,0.00066754105936555
"GWK60_L15609",1210.49309510734,-5.62497424496845,0.167508940828474,2.40726477533581e-247,3.58702909865903e-246
"GWK60_L15631",963.34775263098,-4.47147349357031,0.142030455593397,3.67662254903108e-218,4.81070512634415e-217
"GWK60_L15653",0,NA,NA,NA,NA
"GWK60_L15675",657.49032511109,0.258090867300169,0.113984935492572,0.0227156208751903,0.0283540972481018
"GWK60_L15697",1356.42451391376,0.136325316469176,0.0884687310177904,0.122084483930905,0.142925525367585
"GWK60_L15719",762.604498763237,-0.496880400062308,0.10926633920723,4.69738841558987e-06,7.13493013745386e-06
"GWK60_L15741",3004.68400950905,-0.938307876568805,0.064464349213426,3.28518123010641e-48,1.2203427450819e-47
"GWK60_L15763",9550.38926248489,-1.28851778678819,0.053381532813131,4.18185470773468e-129,3.20182762193368e-128
"GWK60_L15785",6388.34911055454,0.147074797210451,0.0553789321170569,0.00764338186922398,0.00987332726721958
"GWK60_L15807",3250.81234277537,0.168977714582676,0.0614600682227922,0.0059622558474713,0.00778200142870944
"GWK60_L15829",1014.48880453729,-2.27047540627849,0.100559146164231,1.33303147926777e-113,9.11800465663002e-113
"GWK60_L15851",4868.7104170782,1.49376803325147,0.0575008216815384,4.62643483821193e-149,4.04236665265693e-148
"GWK60_L15873",574.617448730864,2.46491988065908,0.135606050111362,1.40307576344492e-74,6.95587042009454e-74
"GWK60_L15895",1075.83436191403,0.0126544186370179,0.0928292095680542,0.891856499100994,0.904931555800777
"GWK60_L15917",1284.99868066358,-0.251814329259453,0.0849534501070752,0.00292199243853629,0.00390307466718844
"GWK60_L15939",481.529620076496,-0.347234942483654,0.129213407987443,0.00670309504284303,0.00870359909290405
"GWK60_L15961",226.868942353507,-1.07943138315832,0.184265367814622,2.45531718431795e-09,4.30498946317081e-09
"GWK60_L15983",575.495612900755,1.68416994719925,0.125526284341936,1.42970149061121e-41,4.83305259679627e-41
"GWK60_L16005",1841.47884494095,-0.897616158875388,0.0768851903634821,1.09272929513283e-31,3.18965376936663e-31
"GWK60_L16027",17446.7021295289,0.747501724066721,0.0489045076703519,7.15874400438893e-53,2.82271315315486e-52
"GWK60_L16049",17789.0154554825,1.4052230231425,0.0460693624522514,9.3362531358075e-205,1.14472474345798e-203
"GWK60_L16071",3.50337337855472,0.161048888425317,0.848430439038726,0.740605297996262,0.769726114890405
"GWK60_L16093",0.502134748741838,-0.0103014689199896,0.986369636822012,0.982070630049679,0.985442868001013
"GWK60_L16115",3024.09214693799,0.165412403403223,0.0633774769162576,0.00896620042839359,0.0115170242376924
"GWK60_L16137",234.460475359432,1.10474407309951,0.193607548219818,5.93297805787761e-09,1.02118666833888e-08
"GWK60_L16159",2275.91410224742,0.0590018178658604,0.0716103846195246,0.406344479177332,0.444175386631913
"GWK60_L16181",1569.06977379075,-0.396191789725193,0.0823956762852085,1.39682575833827e-06,2.16862558703049e-06
"GWK60_L16203",1830.96375348626,-0.505583279508066,0.0739373831533862,6.9203586424427e-12,1.31080613825166e-11
"GWK60_L16225",3890.67673463844,0.858987153979414,0.0606348704544,9.81400777331199e-46,3.5164632757235e-45
"GWK60_L16247",2585.72824596259,0.87805125001485,0.065759135614392,7.63054848352711e-41,2.54836095386366e-40
"GWK60_L16269",1838.96910448793,0.71990312293212,0.0762837903965077,2.92825653156477e-21,7.00119516183214e-21
"GWK60_L16291",383.39511322198,1.21024036678295,0.15913644629258,1.31228283489534e-14,2.68793135184949e-14
"GWK60_L16313",2342.52096561824,1.40236306826701,0.0747195004394499,5.10880868726363e-79,2.6345425191183e-78
"GWK60_L16335",9820.43536130369,-0.742083798345359,0.050442089304594,3.84708088375951e-49,1.44334133014087e-48
"GWK60_L16357",506.432150993247,-1.36720067392883,0.129883087254952,2.52811144602052e-26,6.70255353128424e-26
"GWK60_L16379",931.75440417217,-3.11195189982263,0.114996117224387,3.70485748518638e-162,3.56914841979494e-161
"GWK60_L16401",0,NA,NA,NA,NA
"GWK60_L16423",6825.08203365877,-0.800949316345595,0.0533950159263465,4.93799350250422e-51,1.90703713826521e-50
"GWK60_L16445",2949.5254354562,0.502153660425817,0.0760034619938678,3.4214304420842e-11,6.35702017851038e-11
"GWK60_L16467",10012.1520387483,-0.644560776320958,0.0602392478186535,8.06447071786293e-27,2.1488913868267e-26
"GWK60_L16489",434.686659310887,-0.0212724210531744,0.131544017610207,0.871395176267128,0.886907629095412
"GWK60_L16511",1124.71452900295,-0.64263958644093,0.0921779235495423,2.45840662717252e-12,4.73324262771869e-12
"GWK60_L16533",2025.93881969504,1.6507988559501,0.0737926882595849,2.29370214623103e-111,1.54876422197371e-110
"GWK60_L16555",339.002255595979,0.133860714334014,0.152344346749629,0.374822929126707,0.411858911052116
"GWK60_L16577",1024.97797354935,0.557163996624731,0.0928739693633896,1.69127364970916e-09,2.97627949062235e-09
"GWK60_L16599",2493.08051429798,-0.842648687533549,0.0664577261151456,5.12482563971061e-37,1.61804218876817e-36
"GWK60_L16621",498.528737569975,1.17463162793606,0.128111729427173,2.37231821946734e-20,5.57071153321348e-20
"GWK60_L16643",226.362462436133,1.01340131106146,0.182808466485163,1.70535483263801e-08,2.8741321434399e-08
"GWK60_L16665",33.9969694839431,-1.18713771412521,0.472185719778738,0.0050733790407159,0.00664988132423763
"GWK60_L16687",9226.22180324622,-1.12288243497388,0.0482572318729881,4.72669923544127e-120,3.41048531939933e-119
"GWK60_L16709",392.987622420898,-1.18945298548817,0.162810633009165,1.24703206502181e-13,2.48555841683014e-13
"GWK60_L16731",4422.34949651758,-0.621047055869285,0.0559368553311823,9.80784521786438e-29,2.7010086830349e-28
"GWK60_L16753",372.086343073102,-0.00855623409966745,0.141749311926857,0.950353668313253,0.958003122906806
"GWK60_L16775",2553.62660006506,0.572454527622863,0.0668378822001843,9.32613178579489e-18,2.05424845868011e-17
"GWK60_L16797",22443.7044880991,-0.763896367256957,0.0465103257766796,9.37465332544399e-61,4.04185872883897e-60
"GWK60_L16819",1275.99021024514,-3.18646262531423,0.103362366836428,1.23221293535082e-209,1.56179278070972e-208
"GWK60_L16841",12792.3096324041,2.06864787398232,0.15095211575144,2.05497986301096e-43,7.1300752502887e-43
"GWK60_L16863",9656.72624026937,1.10376664224167,0.048012751978388,2.38269066772312e-117,1.67552846420102e-116
"GWK60_L16885",949.963863888082,-0.268418716061192,0.094585535690213,0.00435261824119285,0.00573516331379619
"GWK60_L16907",1303.05395336989,-0.650786377922573,0.0851582033561292,1.69029687332345e-14,3.45682797577036e-14
"GWK60_L16929",1166.41453481129,-0.42528979739067,0.0881791338357942,1.27629382101264e-06,1.98442373589314e-06
"GWK60_L16951",759.341638369877,0.0342874100285101,0.10492320669598,0.743394919990314,0.772167709152657
"GWK60_L16973",657.076006949827,0.56170477127111,0.113579523943143,6.39548485922629e-07,1.00719312453683e-06
"GWK60_L16995",453.413249205809,0.366613370137988,0.129922249663664,0.00444057514952642,0.00584812851439884
"GWK60_L17017",398.712057325642,1.19027205691196,0.145100909224252,1.14833910074574e-16,2.4684363179087e-16
"GWK60_L17039",3612.39530400919,0.110664570817924,0.0629246149499389,0.078017939802666,0.093330535219928
"GWK60_L17061",839.529798535253,1.07228794586896,0.109694985965558,8.12409731370534e-23,2.00153404543748e-22
"GWK60_L17083",398.788726325855,-0.406519983846963,0.146530427175939,0.00503071599877805,0.0065972491033589
"GWK60_L17105",1490.55946676446,0.542915399571733,0.079227715081611,6.2196010072104e-12,1.18190394862452e-11
"GWK60_L17127",1330.80429635369,-0.704290428142937,0.084319531778219,5.05292076233266e-17,1.09737255201775e-16
"GWK60_L17149",3085.70034034149,-0.0167628861145773,0.0641747959941193,0.792921961210126,0.814126393903038
"GWK60_L17171",2334.24733722238,-0.769958222487238,0.0692491068109309,7.26387173620758e-29,2.0120044935467e-28
"GWK60_L17193",776.654297839554,-1.05777931636035,0.106402144031032,1.52551753787726e-23,3.81742257337506e-23
"GWK60_L17215",811.943872866376,-0.0677662064030029,0.106113042978121,0.520103153021266,0.557291217130141
"GWK60_L17237",257.531026419383,0.194421874515041,0.172085057798248,0.252198192922843,0.284670063256257
"GWK60_L17259",2157.24520752419,0.200886693833961,0.0721043518662782,0.00523485157265086,0.00685469735428019
"GWK60_L17281",207.714491298434,0.361733776178637,0.187419506402054,0.0496580370034351,0.060491263232531
"GWK60_L17303",32.3155542361769,0.384688473417487,1.06315144988571,0.26710741296725,0.300595847712396
"GWK60_L17325",50.2122598329038,-0.465267234623313,0.403823404593725,0.208254426220762,0.237514805273462
"GWK60_L17347",22.6534325362328,-0.423088992578288,0.890558522948571,0.404278925879669,0.442285180974846
"GWK60_L17369",5.89687871444842,-0.142955820824826,1.03428155100632,0.210351897141841,0.23975102469471
"GWK60_L17391",37.0053282431149,1.51533612154488,0.513520535283584,0.000949846934014057,0.00130380868291074
"GWK60_L17413",49.4462202955796,-0.484287274102531,0.414917167025433,0.200082899253103,0.228840193535838
"GWK60_L17435",2529.19358631546,-0.0212132435644483,0.686000760151038,0.957570141575568,0.964169016976931
"GWK60_L17457",2.34261926438457,0.0362301782829262,0.990056352199492,0.885535677900722,0.900254670614186
"GWK60_L17479",9031.30097711671,-0.0841575363876785,0.630577523440281,0.855792568042956,0.872715957329575
"GWK60_L17501",53.977858070931,-0.393127942064816,0.367962538714542,0.250450035952818,0.282825027478536
"GWK60_L17523",2532.40426800513,-0.0205589700954968,0.686317551444543,0.958702306001466,0.964939557896615
"GWK60_L17545",0,NA,NA,NA,NA
"GWK60_L17567",16388.0899670267,-0.206887816086058,0.599936021010998,0.665443496662806,0.697396451971779
"GWK60_L17589",44.9350708003565,-0.123293479329816,0.970132703863858,0.696853645714298,0.727416189017108
"GWK60_L17611",1960.65102282904,-0.014768118472488,0.680614671935452,0.968636875700523,0.973076769706789
"GWK60_L17633",0,NA,NA,NA,NA
"GWK60_L17655",0.234094807176001,0.0962576263833054,1.01695109844595,0.777801884169451,0.800163878492336
"GWK60_M00011",0.268039941565837,-0.103884957466237,1.01911488641768,0.760502028806508,0.786829400378094
"GWK60_M00033",0.702702219684142,0.0832696024756973,0.98067924438275,0.777201528132817,0.800163878492336
"GWK60_M00055",1.23878210281582,-0.10192987596212,0.946789019382626,0.780309653080535,0.802429868074998
"GWK60_M00077",1195.15975211122,-1.16426225682354,0.0881402477382098,3.80880002412663e-40,1.26001812118906e-39
"GWK60_M00099",1349.24204398568,-0.693199396211619,0.0834947036690134,7.87118916391263e-17,1.6975176302657e-16
"GWK60_M00121",8443.02235906692,-0.0465969207466842,0.0503030861268907,0.353301456057245,0.389921455908752
"GWK60_M00143",998.073755904525,0.38998442738332,0.0946466618614175,3.50212831750564e-05,5.14990074086655e-05
"GWK60_M00165",562.827982253468,-0.577974951579093,0.124880894247163,3.06455961962537e-06,4.68728804862735e-06
"GWK60_M00187",1417.11937462219,-0.501736983634202,0.0834387796430768,1.5868674186996e-09,2.79722607987932e-09
"GWK60_M00209",7.04440924632661,0.121045895783695,0.722592451286937,0.815340991970141,0.834863464621947
"GWK60_M00231",7852.52582769799,-0.682079541543195,0.0505355668781565,1.2560544184771e-41,4.25424741866679e-41
"GWK60_M00253",1781.95903706014,1.49454399783157,0.0929624505413176,1.28078945985463e-58,5.39387714878732e-58
"GWK60_M00275",3281.25012007283,-0.0665826630821813,0.0670491013718616,0.319069591358461,0.354821575168183
"GWK60_M00297",615.883794945793,-0.352865105321746,0.11691439578637,0.00236641098526127,0.00318020484989123
"GWK60_M00319",307.765135759456,0.718211981384866,0.156362218537158,3.27772148500247e-06,5.00459071440145e-06
"GWK60_M00341",192.934231558588,0.133435997819379,0.195136233454093,0.48713897354964,0.52539491508532
"GWK60_M00363",2636.64167429704,0.559419435693493,0.0668583426200513,4.99297722457361e-17,1.08480215618576e-16
"GWK60_M00385",714.067472909033,-1.4883716391472,0.113827558257145,1.5621769163486e-39,5.11328598630595e-39
"GWK60_M00407",1778.50385155549,-1.16198845277374,0.0796886381192731,1.84601040581667e-48,6.8865352727629e-48
"GWK60_M00429",3246.56767059314,-0.487905833534738,0.0657351377871383,1.00262116596123e-13,2.00753229271263e-13
"GWK60_M00451",1313.50988184272,0.823925124778932,0.0840260294117341,7.40900967292473e-23,1.82878418017757e-22
"GWK60_M00473",559.737170413452,-0.496151244718228,0.118806738097109,2.57710224176351e-05,3.80881084340435e-05
"GWK60_M00495",2121.22223508327,0.333389939156359,0.0712804439558313,2.74969093722112e-06,4.21795693490321e-06
"GWK60_M00517",998.106326504971,0.366711163216461,0.0943460179030218,9.49386348970394e-05,0.00013715386420171
"GWK60_M00539",3314.12157883681,-1.59453533106098,0.0689137028688659,5.28263141218427e-119,3.78049540518221e-118
"GWK60_M00561",7691.56140017043,0.533599721083768,0.05562389508971,7.55722946643188e-22,1.83100078274674e-21
"GWK60_M00583",147.221008969096,-1.59261566093992,0.234207346758102,3.23683849598894e-12,6.2002077526955e-12
"GWK60_M00605",1.20483696842598,0.0743582990675483,0.946055254924576,0.837555796057107,0.855611475482692
"GWK60_M00627",1.50496336696798,-0.190125903046744,0.940226750604339,0.636297951237293,0.669117797582599
"GWK60_M00649",331.341710585435,-1.33854017743283,0.16252786648763,6.98479734318652e-17,1.50883096612571e-16
"GWK60_M00671",2599.57086622468,-1.41358277031458,0.0668240556438044,9.70455916456257e-100,5.97728117161582e-99
"GWK60_M00693",1.23734122355829,-0.270575394334673,0.993405752192012,0.450056927612485,0.488606695405918
"GWK60_M00715",38519.8838154415,-3.42012682337055,0.0478246698702347,0,0
"GWK60_M00737",1537.64463785118,-0.869084225383841,0.079019237566417,2.56492158087142e-28,7.01220764832832e-28
"GWK60_M00759",2917.96123867652,1.04651931368902,0.0636649640289645,5.78301566648317e-61,2.49947924451121e-60
"GWK60_M00781",317.52734402928,-0.319828956679043,0.167353226645603,0.0523506693228603,0.063623965027321
"GWK60_M00803",5538.47058364795,0.50184432700644,0.0542944401033244,2.13059180486217e-20,5.00979566096336e-20
"GWK60_M00825",1636.25486423203,0.170508279503258,0.08424314401957,0.0423458486225701,0.0518721853178199
"GWK60_M00847",2745.71009772532,0.041984009084549,0.0640952118284012,0.512221462581064,0.549629721170216
"GWK60_M00869",364.622310393644,-3.3050005206709,0.339730491391253,2.14925391736945e-23,5.36548438792754e-23
"GWK60_M00891",239.783777010904,0.0242770716103838,0.176030926092732,0.889540372149284,0.902929825840454
"GWK60_M00913",1368.08583528867,-1.63084207113036,0.0855295882609624,1.47243007095487e-81,7.79173256863445e-81
"GWK60_M00935",0,NA,NA,NA,NA
"GWK60_M00957",225.861143922099,-4.51885830651242,0.288705640607469,7.62314089725131e-56,3.12287547659984e-55
"GWK60_M00979",855.729892691114,0.229620009222404,0.0989687603146913,0.0198013244057309,0.0248106160967472
"GWK60_M01001",1602.31951833411,1.02263043942228,0.0840869784157639,2.87834166418652e-34,8.70619732813175e-34
"GWK60_M01023",583.342730748051,1.15206853799027,0.119351564976702,2.42261000863785e-22,5.91868492588718e-22
"GWK60_M01045",2207.37095380522,-0.0970566014366636,0.0765378775023346,0.205267508587613,0.234464081470325
"GWK60_M01067",28.6476997914403,-0.548167971472553,0.470268903111102,0.187518150348032,0.214936908004063
"GWK60_M01089",1364.86832382232,-0.595898376744117,0.0827268368109196,4.83859276472455e-13,9.50018586877608e-13
"GWK60_M01111",395.447972593586,-3.2773532152168,0.173748043136777,3.48603213967483e-80,1.81910010463191e-79
"GWK60_M01133",718.080899123339,-1.38745466852947,0.112115275557362,1.3891553530339e-35,4.31343397695296e-35
"GWK60_M01155",799.38136458934,-0.386219756840749,0.106795256558882,0.000274621637185814,0.000386956820679717
"GWK60_M01177",287.154881738754,-0.082724613143869,0.166645989054224,0.61393775431708,0.647546137499066
"GWK60_M01199",1433.34030214517,-0.986165242315553,0.0851848092092148,3.12589506169866e-31,9.05407930866463e-31
"GWK60_M01221",2008.41056623647,0.386049405016644,0.0734518295848226,1.36433629064112e-07,2.22125487583186e-07
"GWK60_M01243",1908.9549327499,0.279489209176986,0.0730035547145604,0.000124245498497977,0.00017856047051895
"GWK60_M01265",2906.0223915231,-0.775749131624068,0.0699758406701465,1.04193863085546e-28,2.86792108754564e-28
"GWK60_M01287",3038.57046754898,-0.0760991761133763,0.0717884669920251,0.287506099857975,0.321899124149202
"GWK60_M01309",2875.52708218632,0.707388312138461,0.0652054891971482,1.54954996081052e-27,4.16060887895015e-27
"GWK60_M01331",1110.76738966048,-3.9025262359393,0.12139395576363,1.06338171395026e-227,1.46041457320584e-226
"GWK60_M01353",303.034008832456,0.592337357909098,0.159641793104356,0.000171095310170959,0.000243958073054824
"GWK60_M01375",927.561347934863,-0.197040200544184,0.0973608893243766,0.0419330877160448,0.0513905035849011
"GWK60_M01397",1925.89381685512,-1.08604450751323,0.0736787539458052,1.86831220894088e-49,7.04467542582727e-49
"GWK60_M01419",754.405799234086,0.609870859747703,0.106497067860815,8.45696930930063e-09,1.44662304282671e-08
"GWK60_M01441",1136.19684034405,0.72524415341642,0.0902154396844399,6.78845689582302e-16,1.42829133088116e-15
"GWK60_M01463",5657.90191179218,2.07350075548669,0.0598397102145341,9.2227940520841e-264,1.4835442420172e-262
"GWK60_M01485",0.23451260533214,-0.101088041439388,1.01841933252958,0.775710319951172,0.799073493633824
"GWK60_M01507",1855.79287629878,-0.76809249732827,0.0747722222510733,6.72414404114319e-25,1.72531695884942e-24
"GWK60_M01529",2294.19566351145,-0.448632669659966,0.0793919287750291,1.41407263528741e-08,2.39241623081755e-08
"GWK60_M01551",5319.33849955222,0.54466263171434,0.0629097954049642,4.19801862591157e-18,9.30142290324131e-18
"GWK60_M01573",492.055641454524,0.729331789086187,0.128100857695315,9.39290134170436e-09,1.59943868751586e-08
"GWK60_M01595",4399.65320729079,2.78298374509391,0.0619131482364253,0,0
"GWK60_M01617",47.1335782051396,0.666789431412197,0.39076611805696,0.0646650663143384,0.077959717811923
"GWK60_M01639",2567.33980436491,0.103790445593642,0.0660519175354687,0.115542897206376,0.135720330349606
"GWK60_M01661",34007.0804862923,-0.0351806863525067,0.0439153264763303,0.35537442627719,0.391962567040893
"GWK60_M01683",4201.79443956382,0.0993774150345112,0.0592435263186906,0.0931554454224534,0.110534094951975
"GWK60_M01705",7299.04643318222,-2.00798158273653,0.0534756394392596,0,0
"GWK60_M01727",12510.2980341871,-0.860617920689191,0.0511173820397307,8.68603301428833e-64,3.87190963179293e-63
"GWK60_M01749",1852.55382045186,-0.0488109876953304,0.0863739147029726,0.569922172002893,0.605981529156098
"GWK60_M01771",97.7016593552645,1.95184037826498,0.302071454095307,2.49392545937548e-11,4.66005254576023e-11
"GWK60_M01793",48.264686571839,1.26623038072093,0.395771297044945,0.00057012994588946,0.0007904279165468
"GWK60_M01815",2629.71571025679,0.885986935085122,0.0681578685811149,8.35234980197227e-39,2.69860933405247e-38
"GWK60_M01837",3215.71365765432,0.950788821388207,0.0683660694765099,3.50183328806064e-44,1.23043708050761e-43
"GWK60_M01859",1563.88504143741,0.14005729740056,0.0784598950245841,0.0735902531241588,0.0883553370082345
"GWK60_M01881",419.698905548202,0.33454419135563,0.135734542595593,0.0128863492189983,0.0163804245751405
"GWK60_M01903",883.950601946923,0.323029987790858,0.0972789087763046,0.000851771665120616,0.00117316547749003
"GWK60_M01925",219.19587416272,1.22844773754074,0.188055544227145,2.99298758827687e-11,5.57081200082673e-11
"GWK60_M01947",1066.95512702764,0.535134682499273,0.0901276705792066,2.48853796435323e-09,4.35887768647952e-09
"GWK60_M01969",730.195410614936,-0.696158467309762,0.107182097436159,6.32536348810183e-11,1.16659929689396e-10
"GWK60_M01991",929.994653850153,-0.0274331872926194,0.095803588931607,0.772801138849294,0.797045880460252
"GWK60_M02013",891.460479522159,0.261799261606088,0.0976106761528015,0.00707111867725647,0.00916110449319434
"GWK60_M02035",3312.45550317231,0.139936561411643,0.0602341974253532,0.019990135576531,0.0250293056730667
"GWK60_M02057",465.613635492777,-0.629024416729133,0.133802324718747,2.05271562969384e-06,3.16357580198933e-06
"GWK60_M02079",874.388972478577,-0.56985093974849,0.0988956416127931,6.94935946145524e-09,1.19144819971495e-08
"GWK60_M02101",503.953593682302,-0.0817661910498633,0.124609457081647,0.507669102497303,0.545970042759316
"GWK60_M02123",15254.522639284,1.41057773720362,0.044933850887275,1.00678132412732e-216,1.30114736238567e-215
"GWK60_M02145",1033.80182405421,-2.13301814064651,0.101132066141227,2.22955910312628e-99,1.36843417531438e-98
"GWK60_M02167",1088.86082290706,-0.147151204970682,0.0916632485532462,0.106669032678356,0.125830704617213
"GWK60_M02189",505.199717403624,-0.131966508428559,0.123906855111243,0.282704941787528,0.316995948369729
"GWK60_M02211",1678.73846526239,0.683622966860326,0.0781638218526795,1.73967233105514e-18,3.88894027256695e-18
"GWK60_M02233",216.739258143956,-0.996713276673459,0.19261563308545,1.2919810203412e-07,2.10657785709693e-07
"GWK60_M02255",54.5118024615749,0.401274340316455,0.356047071240773,0.228748640376228,0.259649945701113
"GWK60_M02277",472.158301732496,-0.0620775607885731,0.130477160658662,0.630463567604639,0.66324767312008
"GWK60_M02299",1636.34376575444,2.39217172006916,0.0869873448982089,2.73987035242832e-167,2.68374637872867e-166
"GWK60_M02321",814.227315887806,-4.19376199311694,0.14869019296419,5.52241534712167e-176,5.809580945172e-175
"GWK60_M02343",7830.62368752384,-0.0943026072719581,0.049757299365044,0.0577154587256321,0.0699339582807706
"GWK60_M02365",331.031155055319,0.181394212173738,0.153893759559128,0.233345321690737,0.264639153103337
"GWK60_M02387",6930.93838165835,-2.97925883165491,0.0634260882526803,0,0
"GWK60_M02409",1259.16056920306,0.185990333879665,0.0864541324028659,0.0309263841687321,0.0382399578579057
"GWK60_M02431",0.50027607132817,0.00726252614656308,0.98638591989071,0.985485893095371,0.988369845766091
"GWK60_M02453",1301.11389563934,-0.457595001979518,0.0831958262829162,3.25815290416759e-08,5.42509790310906e-08
"GWK60_M02475",462.320174449563,-0.906569993791714,0.134423143050199,9.78475166337844e-12,1.84406283587856e-11
"GWK60_M02497",1335.36185566107,-0.254077729518789,0.0891516314871181,0.00420275634111479,0.00554603571356343
"GWK60_M02519",2059.06041829664,2.23805329187407,0.0760471386224015,4.00939476152017e-191,4.51593499905698e-190
"GWK60_M02541",733.276290183103,0.0142608149608107,0.112459321263131,0.900446998786258,0.913119570776116
"GWK60_M02563",2026.39364953055,1.02205768615234,0.0740619714316437,1.54840876369725e-43,5.37954431773285e-43
"GWK60_M02585",46611.5264270024,-3.22847852206699,0.047711991724783,0,0
"GWK60_M02607",6.7475824044558,0.378011046854951,0.760370721283998,0.475164699713071,0.513427756879777
"GWK60_M02629",1698.01296745241,-0.445951666974525,0.0759576907558662,3.86209466747807e-09,6.69786282589339e-09
"GWK60_M02651",597.908454326338,-0.00578622157327038,0.114276409093418,0.958520127689681,0.964939557896615
"GWK60_M02673",1726.91777253443,-0.767643959195428,0.0761738038591967,5.09599009941557e-24,1.28622398862408e-23
"GWK60_M02695",1143.57554689233,-2.65979731557085,0.102199159684793,5.17046873502634e-150,4.56319891715412e-149
"GWK60_M02717",27533.436142171,-2.89924245807509,0.0475787013969905,0,0
"GWK60_M02739",3884.64020429344,0.880775704050313,0.0585957877211854,3.14335138862835e-51,1.21663195762951e-50
"GWK60_M02761",1816.6585903404,-0.367956404098477,0.0733391487376503,4.85827849654549e-07,7.69483435466103e-07
"GWK60_M02783",203.375187604899,3.61381512787524,0.509364093215713,1.31283494083475e-13,2.61275512250881e-13
"GWK60_M02805",6332.5483131852,0.437198936294997,0.0531615764919824,1.78608087465351e-16,3.81436678874441e-16
"GWK60_M02827",1147.41032997518,-0.564924065787256,0.0902722936863101,3.27372432997335e-10,5.90730359370834e-10
"GWK60_M02849",2724.99503710431,1.48447042068961,0.0671307814150721,8.96561204994891e-109,5.95443426549637e-108
"GWK60_M02871",254.251234709916,0.461521999701068,0.17105033284124,0.00618525447137116,0.00806505664834217
"GWK60_M02893",845.344941765232,2.57239954775903,0.114918213006458,8.16813638021371e-112,5.5295234697457e-111
"GWK60_M02915",920.338813149449,0.129531909000659,0.0951310447234828,0.171801163624029,0.198087268886978
"GWK60_M02937",1185.36122933216,0.627921246834075,0.0888448064252131,1.28229128366884e-12,2.49163359885412e-12
"GWK60_M02959",743.625397035619,-1.26458024618828,0.111605445233529,4.14853841127658e-30,1.17381990550376e-29
"GWK60_M02981",1712.60612080417,0.307598712567099,0.0764665683263428,5.50540697340097e-05,8.02617535479188e-05
"GWK60_M03003",2904.19305104942,1.73161797271868,0.0652969405269378,1.60841996187078e-155,1.48426122797198e-154
"GWK60_M03025",3509.60375688705,1.15705602678194,0.0629365293569082,8.3138477952714e-76,4.16881214519805e-75
"GWK60_M03047",3094.64939618893,1.05689728898217,0.0642296518278624,4.29996090033853e-61,1.86001598156091e-60
"GWK60_M03069",1314.84537842209,-0.589775130076201,0.0831600560748025,1.09017649527264e-12,2.12303900967572e-12
"GWK60_M03091",14578.7405152189,0.372886218108289,0.0468073612569304,1.52805734452844e-15,3.19458729420492e-15
"GWK60_M03113",3119.3958235151,0.943377792578482,0.0623014724739,5.27553006687863e-52,2.06161130399566e-51
"GWK60_M03135",122.440956513098,-1.56177319133702,0.257797628236289,4.48874459537728e-10,8.06379664333487e-10
"GWK60_M03157",187.624626747344,-0.423531603771478,0.19627462005621,0.0276523823726242,0.034304606433963
"GWK60_M03179",2.77313765303402,-0.0760901752952008,0.857082951061565,0.868686085631557,0.88432142644126
"GWK60_M03201",1953.79527549499,-0.111480699328121,0.072142636754509,0.120990132584358,0.141707436516081
"GWK60_M03223",3829.62380357475,0.0655672714662187,0.0598105267423626,0.272516549547049,0.306224535487605
"GWK60_M03245",4452.19967147439,1.00161439837888,0.0567945369424278,8.31781858065951e-70,3.95227874744978e-69
"GWK60_M03267",20.6311162410915,-0.633162645011582,0.543030933162936,0.170168151993661,0.196247419313014
"GWK60_M03289",25098.1454736499,1.74721192553633,0.0438360602986501,0,0
"GWK60_M03311",1635.70432926558,2.48770015716351,0.0866912079810676,8.00976449927552e-182,8.6158202998342e-181
"GWK60_M03333",10.2757609230286,4.43517622268588,1.48302243699048,0.000937657566101698,0.00128774903334071
"GWK60_M03355",0,NA,NA,NA,NA
"GWK60_M03377",105.184178765721,1.64315141816239,0.294896165704721,7.28967267625816e-09,1.24857304712204e-08
"GWK60_M03399",258.646567614004,-3.67874416125874,0.229085110605493,8.01914568429268e-59,3.39073201763501e-58
"GWK60_M03421",0,NA,NA,NA,NA
"GWK60_M03443",12569.5685235653,0.430581574380465,0.0492090518460955,1.96809935787309e-18,4.39770714630945e-18
"GWK60_M03465",2302.00131056015,0.0603552650292228,0.0707479884955114,0.393233269906369,0.430918124939062
"GWK60_M03487",1645.66437404521,-1.19039971615786,0.0808808919445216,2.21107050874878e-49,8.33111094270671e-49
"GWK60_M03509",787.044998679964,-0.121660842865785,0.103646209493848,0.237546687090325,0.269113843225308
"GWK60_M03531",387.880125955911,-2.70941274105647,0.162413801562246,3.0749348934552e-63,1.35689241103812e-62
"GWK60_M03553",863.933420741042,-0.159352230032881,0.0995337260074213,0.107510941035118,0.126710183698123
"GWK60_M03575",307.557250996297,-0.114820710006855,0.155268113518317,0.453572707051351,0.49211890245258
"GWK60_M03597",1111.92210765236,1.51085297096355,0.0930754274773608,1.09405517463192e-59,4.65970058183312e-59
"GWK60_M03619",2998.70065804097,0.120049106007429,0.066683582603512,0.0713559744469065,0.0857510682181238
"GWK60_M03641",2298.06760783518,-0.397605219161629,0.0679857177752537,4.55822481174641e-09,7.88692845716649e-09
"GWK60_M03663",558.932861215332,-2.36281449844596,0.132007037563471,2.17055404382998e-72,1.05616228219664e-71
"GWK60_M03685",2815.18664634039,-0.923977669074808,0.0687414485158003,2.07277170160492e-41,6.98001226020608e-41
"GWK60_M03707",2115.07016832304,-2.16170929095912,0.0752341847996862,3.15310010587346e-182,3.40560709587154e-181
"GWK60_M03729",1110.49822868612,-0.0696467541400744,0.0949898319302229,0.460842825832939,0.499491709021483
"GWK60_M03751",1299.64666076422,0.220513505266341,0.0847761175464441,0.00907977929671523,0.0116569506586023
"GWK60_M03773",17369.083936926,-3.18910290765376,0.106935319603243,1.01906519812157e-196,1.18067906214085e-195
"GWK60_M03795",2394.09858877977,1.08388154691883,0.0752223250209627,2.43390882486971e-47,8.95269959357669e-47
"GWK60_M03817",1185.38193436072,-5.03832277470684,0.146639920882568,4.91930651460374e-259,7.70105722226658e-258
"GWK60_M03839",846.7812841265,-0.530139217221498,0.100210463343793,1.04002213265478e-07,1.69944592039892e-07
"GWK60_M03861",321.188945788986,-0.75228366451416,0.156992703468005,1.18637639399524e-06,1.84570832073794e-06
"GWK60_M03883",404.342272195376,-0.202342544466489,0.137471212594343,0.137864633820449,0.160613061770888
"GWK60_M03905",2249.53580131619,-0.517352435435648,0.073644004687696,1.83488990300549e-12,3.54704920610396e-12
"GWK60_M03927",570.312059654086,0.760144331264643,0.119181717162654,1.32810363417699e-10,2.42226945761824e-10
"GWK60_M03949",2633.24404252628,0.957557076691177,0.0675595297435918,8.39499869658366e-46,3.01212095116167e-45
"GWK60_M03971",479.724770518541,-1.98341348542512,0.138439168054725,3.58342339811286e-47,1.31533894445734e-46
"GWK60_M03993",474.356877948257,-0.338824333722707,0.127532183498185,0.00736020156913537,0.00951921815924564
"GWK60_M04015",256.414840914754,-0.785151516407528,0.170627031323621,2.93160669115204e-06,4.48915609765931e-06
"GWK60_M04037",1438.45866385243,0.361143570586024,0.081700198998709,9.24743695435263e-06,1.3889639742974e-05
"GWK60_M04059",2712.97847655261,0.752584748722368,0.0651266716486646,5.13089926596782e-31,1.48125851476349e-30
"GWK60_M04081",5446.92154758345,0.328757890266191,0.0556641765519104,3.32764410402954e-09,5.80159363181816e-09
"GWK60_M04103",5280.40794414713,-0.0278525759424313,0.0564799583087002,0.62074512410174,0.653808440683851
"GWK60_M04125",752.776489209946,-0.771713166629918,0.108608338214507,8.487485983532e-13,1.65410063999179e-12
"GWK60_M04147",614.311864168035,-0.253115396159108,0.116423573414835,0.0284960306391445,0.0353095691783039
"GWK60_M04169",510.843680240942,0.272982514851654,0.123578618562894,0.0261206646736634,0.0324503297551888
"GWK60_M04191",1153.69740214878,-5.16461830675578,0.152491061490707,7.76925500888158e-252,1.17770263247023e-250
"GWK60_M04213",267.592122695119,-2.80395522558268,0.195998759047938,3.36989793759253e-47,1.23782563908776e-46
"GWK60_M04235",2756.55808667778,0.34407231613263,0.0658087389669868,1.60704353431314e-07,2.60816074991888e-07
"GWK60_M04257",211.597660867154,1.62049629134836,0.206685970927834,1.34511260775288e-15,2.81435653014327e-15
"GWK60_M04279",2074.87028567158,0.0856014365909341,0.0708942950658037,0.226195011584239,0.256917676729237
"GWK60_M04301",641.682872574276,-0.0507305086243155,0.111603097218694,0.646673106456632,0.679349019365266
"GWK60_M04323",62.2647609970179,0.121233363802764,0.327112746414534,0.697347124639824,0.727786880080452
"GWK60_M04345",1702.85691851674,0.0665672584642224,0.0782773522921654,0.392783186227872,0.430514598782789
"GWK60_M04367",1473.63749243553,0.55469616482786,0.0796089905441529,2.74219638581898e-12,5.26613836780132e-12
"GWK60_M04389",101.401873886393,-0.453449614429938,0.264176586319878,0.0746739385576051,0.0895950996380025
"GWK60_M04411",221.198217461987,-0.55964224803284,0.189956825794559,0.00267881553011725,0.00358812571642901
"GWK60_M04433",968.954976619589,-0.848778195313641,0.0963135630240237,8.27854770100165e-19,1.8680892710111e-18
"GWK60_M04455",264.532095891822,-0.552823489701632,0.175812729143039,0.00137837383664446,0.00187441736834278
"GWK60_M04477",1334.56395426478,0.532784521184424,0.0833398002707357,1.4076341908358e-10,2.56554256541799e-10
"GWK60_M04499",89.2669405604779,-2.31892355357459,0.331336560374188,4.38872144855657e-13,8.63301227352563e-13
"GWK60_M04521",1100.13743724797,-0.806673637005897,0.0930090994876259,2.91429784014987e-18,6.48169413919167e-18
"GWK60_M04543",65.3563137738229,-0.507458532691858,0.321448736704498,0.0950118657892315,0.112609827411302
"GWK60_M04565",139.350753679427,-0.538323698437959,0.224458935386566,0.0137200296284585,0.0174094901233393
"GWK60_M04587",1409.86845637052,0.539477896920346,0.0823590248098402,4.9593086271519e-11,9.16905566918067e-11
"GWK60_M04609",4033.79545038301,1.93835218624189,0.0600182645079723,1.93252335954559e-229,2.68207727472554e-228
"GWK60_M04631",714.076221274053,0.0581277830277294,0.111012593486603,0.59911985971608,0.633186751478116
"GWK60_M04653",256.891122220623,-3.33247007565484,0.217604404636644,1.0750409945891e-53,4.28712329911953e-53
"GWK60_M04675",789.993066973264,0.747271761757874,0.110537804876147,1.02965524192103e-11,1.93982327095437e-11
"GWK60_M04697",2164.39478505664,2.92442493066885,0.0805372836009004,1.96596609629701e-289,3.51734070289874e-288
"GWK60_M04719",0,NA,NA,NA,NA
"GWK60_M04741",4248.95797739379,-0.288351784483773,0.0585500919184815,8.15643411279449e-07,1.27687034027676e-06
"GWK60_M04763",2018.00312826188,-3.0780181331427,0.0846120958821529,1.54273248697766e-290,2.79819754534569e-289
"GWK60_M04785",0,NA,NA,NA,NA
"GWK60_M04807",7307.28940563374,-2.7049217191033,0.0550951883208643,0,0
"GWK60_M04829",1804.30848807808,0.799880041327056,0.0806024202171669,2.30519880162183e-23,5.74388711346795e-23
"GWK60_M04851",22.4781998700766,-0.438007794598992,0.522087479190181,0.32877923908005,0.364770891702397
"GWK60_M04873",323.879367436358,-0.648993338690762,0.16156771221437,4.62595902542091e-05,6.77022405155755e-05
"GWK60_M04895",2248.79399631225,-1.81057084702131,0.0839261118044687,9.3422724306955e-104,6.0147310875714e-103
"GWK60_M04917",4817.35239119478,-0.438975016210358,0.057687951868972,2.4715137993946e-14,5.03102267214226e-14
"GWK60_M04939",1337.97679719347,-0.388481715951544,0.0825202727600114,2.21259035450152e-06,3.40597754307228e-06
"GWK60_M04961",3120.04520887767,0.04174594517706,0.0627108867117372,0.508043874982445,0.546149761374956
"GWK60_M04983",2610.07811743037,-0.564177040806876,0.0664824395166836,1.75585641914899e-17,3.85306832070241e-17
"GWK60_M05005",0,NA,NA,NA,NA
"GWK60_M05027",0,NA,NA,NA,NA
"GWK60_M05049",47.876965655638,1.94350637327505,0.420081460049534,8.45961780826522e-07,1.32354520141211e-06
"GWK60_M05071",4317.3017394648,1.11645155158786,0.0590245506628256,4.40364196990604e-80,2.29338185759463e-79
"GWK60_M05093",1278.65245947669,-1.19729979981056,0.0899737565247115,9.3767589835413e-41,3.12756831029976e-40
"GWK60_M05115",437.508305586076,-0.0445623489292226,0.132165638367366,0.732918284046938,0.762490145191237
"GWK60_M05137",462.984334895822,-2.53420547535049,0.148229233589994,2.41828798542139e-66,1.10610389594057e-65
"GWK60_M05159",761.996835139612,-0.0782556679811006,0.103017048145893,0.44451426672795,0.482888278188562
"GWK60_M05181",701.93033577806,-0.145617483392071,0.110278454920157,0.183672598774322,0.211034921265386
"GWK60_M05203",52.8226588429019,-0.0702545625131383,0.365092668742478,0.834675732129483,0.853000651059079
"GWK60_M05225",1192.7061101508,-0.665379639769143,0.0921403226611295,3.90885318913096e-13,7.69770414632304e-13
"GWK60_M05247",169.586554454105,-0.305980589736606,0.204880587438206,0.126708232623654,0.148042048778414
"GWK60_M05269",3070.11853273162,-0.498393378705519,0.0627257969447727,1.68724562457226e-15,3.52318856103616e-15
"GWK60_M05291",1972.4769081448,-0.125919782947443,0.071245921284809,0.0761785276225454,0.0912754112288357
"GWK60_M05313",518.969882176766,0.806651661069695,0.134015058317874,1.23314086374047e-09,2.17881120029388e-09
"GWK60_M05335",6.87695131346186,0.163814385273024,0.732101492974492,0.751516628543962,0.77921889732727
"GWK60_M05357",3376.94079170532,-0.53807659031495,0.0602356937816975,3.53392846493561e-19,8.04347197125112e-19
"GWK60_M05379",1312.79134568397,1.91632715605308,0.0905058395656652,3.88225328877027e-100,2.41950856622413e-99
"GWK60_M05401",1065.65456936636,1.66514618071966,0.0964297595207921,2.63088770872732e-67,1.21817511865367e-66
"GWK60_M05423",2171.18910866778,-0.0508609481987886,0.0693521394249526,0.462204249781959,0.500657815867607
"GWK60_M05445",1699.38707355264,0.40337979680537,0.0788048129393187,2.82832582776143e-07,4.52738705235091e-07
"GWK60_M05467",2720.12940871009,1.88382576143332,0.0675978793838617,1.56237938143719e-171,1.59265805162009e-170
"GWK60_M05489",0,NA,NA,NA,NA
"GWK60_M05511",848.47776713054,0.565592051431035,0.100056348870557,1.33761172700137e-08,2.26451164596949e-08
"GWK60_M05533",631.241725873921,1.29035191605517,0.122343362151384,2.40986591154276e-26,6.39550690954335e-26
"GWK60_M05555",3046.17963285257,-1.00023570063685,0.0730709818069089,6.68991394371894e-43,2.30747195698109e-42
"GWK60_M05577",1138.35538439427,-1.42296200673911,0.0919317717728543,1.8590182391515e-54,7.49880056590252e-54
"GWK60_M05599",1040.36673377366,0.958394787952914,0.0948872180432398,3.46305924613837e-24,8.76597287521069e-24
"GWK60_M05621",979.163605298438,2.5448649083949,0.106215788078184,1.40237623476026e-127,1.0598418096033e-126
"GWK60_M05643",1016.08090843785,-0.910741344584303,0.0942034924003896,2.64699514594591e-22,6.45788240615747e-22
"GWK60_M05665",1221.3517955874,0.0806300168658821,0.0876465974642017,0.356299773346581,0.392900798281555
"GWK60_M05687",1092.00923793734,-0.419295700646053,0.0903247871331292,3.12470816774686e-06,4.776508271534e-06
"GWK60_M05709",697.553411079779,-0.385053798108126,0.115478226087619,0.000787144915260519,0.0010872852558483
"GWK60_M05731",437.448963869217,-3.30594041176983,0.172149711697504,5.41787636119502e-83,2.90796221019243e-82
"GWK60_M05753",199.819838047251,-0.528136992571322,0.191213838647429,0.00484773241767399,0.00637158233807226
"GWK60_M05775",0.971577757562256,-0.381948683984905,1.08816391655304,0.238200919819667,0.269796907461552
"GWK60_M05797",2186.59876892757,0.920436628981533,0.0721351003203894,1.87506299106409e-37,5.95222168557459e-37
"GWK60_M05819",1345.66502049723,-0.0929893095587517,0.0934684421070074,0.31679910384818,0.352475255037078
"GWK60_M05841",274.053980861876,-2.59451210779476,0.192598544173799,3.63554192761259e-42,1.24175003501573e-41
"GWK60_M05863",472.653799509472,-1.37037401439493,0.132486259503173,1.75409191150585e-25,4.57211271284477e-25
"GWK60_M05885",1516.02897801972,0.862091439828079,0.0843966492619014,1.16137648892518e-24,2.96833835361829e-24
"GWK60_M05907",417.250648101189,2.76919042757139,0.162093310017727,3.62915320773932e-66,1.65850094463152e-65
"GWK60_M05929",5398.52846864094,-0.494982357878823,0.0545670348059647,1.0294811647538e-19,2.37816026640534e-19
"GWK60_M05951",2386.45914985967,2.13992514848227,0.0729888354330562,1.40081786827492e-189,1.56439532635374e-188
"GWK60_M05973",1167.48971113874,-0.740933055971638,0.0901504510614995,1.45905535168956e-16,3.12484981672928e-16
"GWK60_M05995",70.1701574726,-1.44858001965681,0.335361238135859,5.48929099434281e-06,8.31614937507004e-06
"GWK60_M06017",396.508425285928,0.315551764157951,0.140352776007699,0.0232740825953481,0.0290030027129901
"GWK60_M06039",10871.3994725411,-1.16038609862756,0.0491870306090222,2.09467222424587e-123,1.54746852521535e-122
"GWK60_M06061",5323.78077911583,0.17329435742274,0.0535318962651965,0.00117171208520673,0.00159958618432063
"GWK60_M06083",1294.86061706509,-0.967076011419743,0.0847919532440391,2.33605095223358e-30,6.63478834165693e-30
"GWK60_M06105",445.899119240126,-1.03295229783825,0.13745043708689,3.23183507297276e-14,6.5609619775518e-14
"GWK60_M06127",2358.44665522749,0.00356584710086178,0.0689133482174051,0.95925994184962,0.965131464064461
"GWK60_M06149",282.042670456647,-0.335091310763556,0.164913256925245,0.0391998209508915,0.0481529794959574
"GWK60_M06171",929.651289151741,-0.341668793756929,0.0949660360342486,0.000300333525962776,0.00042262021042381
"GWK60_M06193",6107.89355317947,0.0813043215933705,0.0546477977800069,0.137363777156518,0.160065012814197
"GWK60_M06215",2603.44674553603,2.0807714098876,0.0691087314280821,7.23206647708372e-200,8.60648635055665e-199
"GWK60_M06237",7.9872001035839,0.0873543776676245,0.689738231602357,0.866059346871322,0.882330459915389
"GWK60_M06259",18076.0150483926,-2.52595038965529,0.0502509059739869,0,0
"GWK60_M06281",762.489529478081,1.85699292817486,0.110227914544605,2.83569840957764e-64,1.27159195518997e-63
"GWK60_M06303",2215.58554746943,1.15335750756717,0.074029957478792,4.85441882377724e-55,1.96719899946597e-54
"GWK60_M06325",907.563974091583,-3.44358247672845,0.12275459411089,7.32533274731915e-174,7.61487159108671e-173
"GWK60_M06347",1326.60724961961,0.803406814747976,0.0847718967372726,1.87616833991067e-21,4.50211928281484e-21
"GWK60_M06369",4199.87838312941,1.14100969190914,0.0592542701229394,6.82333107644783e-83,3.65485961936004e-82
"GWK60_M06391",58.0985457867863,-0.7718975082331,0.358214730171284,0.0210097449964781,0.0262621812455977
"GWK60_M06413",1692.34025360864,-1.84570413976285,0.0876482929920606,4.88667124510932e-99,2.98882450572965e-98
"GWK60_M06435",83.8831708525323,-0.115721270715483,0.279826239995036,0.665717179779504,0.697544295944261
"GWK60_M06457",17422.3923815735,-3.54015460367859,0.0515191071494149,0,0
"GWK60_M06479",18000.7549286088,-3.02217874045177,0.0543074338162648,0,0
"GWK60_M06501",1221.18185824369,0.399132065441964,0.0906281636848455,9.80181383626953e-06,1.47013232902132e-05
"GWK60_M06523",200.610020232556,-3.05587520524051,0.239231367368049,3.68487142010142e-38,1.17969711927775e-37
"GWK60_M06545",146.444390575163,-2.61193504082083,0.261872486457024,3.5038052684385e-24,8.86484642231194e-24
"GWK60_M06567",1088.31863953303,0.61981213117494,0.0910589786705152,8.21431932963632e-12,1.55254472417848e-11
"GWK60_M06589",1232.06019952061,1.98932050579546,0.0929317884880236,2.8986387214235e-102,1.84140575781251e-101
"GWK60_M06611",3683.6216027409,-2.02818937419764,0.0651450951303095,1.67032940208184e-213,2.14186785208336e-212
"GWK60_M06633",3628.84922661227,-1.74498155879801,0.0670423985937535,5.96762322025188e-150,5.25790588585007e-149
"GWK60_M06655",967.987579983126,-0.046253464898531,0.0940924710700611,0.620735418397902,0.653808440683851
"GWK60_M06677",2546.36888542394,-0.294940534485738,0.0703880655267187,2.65177369685914e-05,3.91807012513457e-05
"GWK60_M06699",0,NA,NA,NA,NA
"GWK60_M06721",545.5155814059,-0.0223218235027676,0.121131515439104,0.851535188570824,0.868542775234154
"GWK60_M06743",615.705374439319,-2.86285276112485,0.134116833061494,6.60156547489023e-102,4.1685755579739e-101
"GWK60_M06765",222.067059076751,-2.51647411460124,0.208324621477156,2.5012697832185e-34,7.58310032261056e-34
"GWK60_M06787",1328.8020225338,-0.22641895325178,0.0863893826907402,0.00849043937750599,0.0109192447740053
"GWK60_M06809",1835.81107252943,0.63855950086427,0.0733827634054435,2.65267956526006e-18,5.91483446938022e-18
"GWK60_M06831",778.121252653545,0.753939335804113,0.10347761677189,2.36476049659138e-13,4.67969910160672e-13
"GWK60_M06853",75.2499774777695,-3.21926759530637,0.390365474922213,2.74967494608909e-17,6.01134256709419e-17
"GWK60_M06875",561.224479582992,-2.37182653707353,0.132074632911819,7.83823500574158e-73,3.82459333304274e-72
"GWK60_M06897",608.142342251229,-2.78173351547668,0.138333255719798,1.16298078429197e-90,6.69286534505006e-90
"GWK60_M06919",734.472207384465,-1.60409358502311,0.113991699602056,1.88753355079496e-45,6.73113659469932e-45
"GWK60_M06941",338.709376200714,1.03061464761448,0.153077651035586,9.57012435805532e-12,1.80490692446651e-11
"GWK60_M06963",81.6846586114493,1.08662614732635,0.311398778000781,0.000246882872162024,0.000348993256536481
"GWK60_M06985",848.749718852776,0.353570219604737,0.0993899167746386,0.000351004759604711,0.000492080233347756
"GWK60_M07007",3894.99214150728,-0.34399797892438,0.0605977140369829,1.29040905714188e-08,2.18671122440925e-08
"GWK60_M07029",1321.88398298985,0.261035736063678,0.0830376283764401,0.00161537606190034,0.00218878879072534
"GWK60_M07051",443.334626996792,0.547311823543922,0.132264207968801,2.97506033370034e-05,4.38219472284061e-05
"GWK60_M07073",5761.3305576814,-0.305206813630405,0.0550347631630497,2.77768903460478e-08,4.63829978476861e-08
"GWK60_M07095",283.047907848628,-0.208381966877619,0.167635698122114,0.207064412319042,0.236260045292442
"GWK60_M07117",1248.10683855603,0.0648366028478398,0.0913925120346873,0.47685706867276,0.515044801071606
"GWK60_M07139",9481.6404162103,-0.755182447327848,0.0518116038642867,2.77787155122046e-48,1.03335250066617e-47
"GWK60_M07161",1192.87767314705,1.77688784715869,0.0922848893728076,3.89996400685304e-83,2.09752665399253e-82
"GWK60_M07183",1482.44266964193,1.41401160114844,0.0830850452411777,2.25997050206704e-65,1.02477972766144e-64
"GWK60_M07205",749.927182786565,-3.00167621028012,0.128031817211387,1.88117655726994e-122,1.37813212969915e-121
"GWK60_M07227",266.048855452344,0.219069879406045,0.164783315437658,0.178290525111691,0.205344462905079
"GWK60_M07249",594.247213021842,0.283993729820177,0.115564906170674,0.013418905231127,0.0170367949591427
"GWK60_M07271",500.301206196505,0.0276987914766375,0.129321844253899,0.830066182172258,0.848949663275535
"GWK60_M07293",630.994364738141,0.632599119739197,0.112662877090925,1.59117132314524e-08,2.68772034673858e-08
"GWK60_M07315",872.339123567594,-0.386351565139495,0.0978194351057483,7.18070942829253e-05,0.000104280871321973
"GWK60_M07337",15.6059998337825,-0.384221273178819,0.589720261052644,0.424914082567973,0.462551339881526
"GWK60_M07359",4325.1238297216,1.43365850994245,0.0583080396204672,6.68157153206634e-134,5.27703697577612e-133
"GWK60_M07381",467.652232841629,1.27395958486364,0.132641756611351,3.38363062051471e-22,8.23976715921638e-22
"GWK60_M07403",613.939692955448,-0.95452577571117,0.121228278436905,2.11673577080807e-15,4.40428408008325e-15
"GWK60_M07425",5911.96200395676,-0.157627647093203,0.0521385390410942,0.0024557420962707,0.00329436455658859
"GWK60_M07447",1120.50663415957,0.303615866845025,0.0891785318436756,0.000631956063594747,0.000874300077461433
"GWK60_M07469",217.488751784402,0.251931315949677,0.184128049830015,0.164621328595426,0.190225876188915
"GWK60_M07491",2692.2185429307,1.06688554885944,0.0664130892166968,2.46154349868367e-58,1.03251346117034e-57
"GWK60_M07513",0,NA,NA,NA,NA
"GWK60_M07535",1040.71888892927,0.275771343545254,0.0913017161504553,0.00242821397335232,0.00325909811172065
"GWK60_M07557",765.483049004382,0.849708163368485,0.108096379245037,2.55902993658974e-15,5.31405348064037e-15
"GWK60_M07579",994.000384520165,0.452191654570947,0.0926375438775016,9.48258240721949e-07,1.48226993943461e-06
"GWK60_M07601",2821.34432241541,-0.239573170280418,0.0651675918527834,0.000226674522781335,0.000320944277208566
"GWK60_M07623",118.771027906739,0.335618388076652,0.249424865052771,0.165526709837477,0.191188075042848
"GWK60_M07645",9590.84077829919,-1.73325933843654,0.0515919253616764,4.8671991422097e-248,7.314704996578e-247
"GWK60_M07667",557.509482940352,-3.4252223737076,0.151848183820763,1.49308913506157e-113,1.01995439615894e-112
"GWK60_M07689",528.686305660488,-1.56425748560365,0.129113913878901,2.84380748618646e-34,8.6066900905298e-34
"GWK60_M07711",5748.51550351841,-0.443083869651871,0.0537324283084727,1.46704595758387e-16,3.14068446759916e-16
"GWK60_M07733",50.862505047712,1.11873882313761,0.382424489836436,0.00164554038909635,0.00222793885370574
"GWK60_M07755",85.3724611912176,-0.263960268956692,0.285642686641667,0.334592313588574,0.370594981991135
"GWK60_M07777",0,NA,NA,NA,NA
"GWK60_M07799",79.5662541203687,-0.633066676832504,0.303332818355845,0.0282161721565829,0.0349792754050497
"GWK60_M07821",72.7689932516917,-0.894799617698336,0.316705722651055,0.00286849483898747,0.00383632922783475
"GWK60_M07843",531.206463234658,-1.45331929244388,0.128012920652824,2.65653895361252e-30,7.54095784997402e-30
"GWK60_M07865",1501.10960029987,-1.36419789504834,0.082778882897025,1.95235598477864e-61,8.47309610555745e-61
"GWK60_M07887",215531.194530992,-0.62662021646285,0.0420468036773994,2.83131083285464e-50,1.08310508951385e-49
"GWK60_M07909",1479.71500924859,0.517961575226405,0.0896315215841033,6.52755160090396e-09,1.12095727785683e-08
"GWK60_M07931",0,NA,NA,NA,NA
"GWK60_M07953",442.743197736086,1.28378458649076,0.14495152453087,3.65795174698266e-19,8.32215665619758e-19
"GWK60_M07975",1605.59448430132,0.517014750456377,0.0783813964970926,3.68490131573338e-11,6.83447846289053e-11
"GWK60_M07997",409.16731137518,-0.320120658641958,0.157564288795262,0.0395630801447589,0.0485878593419173
"GWK60_M08019",336.740220208576,0.656433274698605,0.151909447197603,1.22381486305969e-05,1.82980846494996e-05
"GWK60_M08041",1481.02534951557,-1.22611711999834,0.0846636708657958,7.50240400617183e-48,2.77905951214534e-47
"GWK60_M08063",0,NA,NA,NA,NA
"GWK60_M08085",22392.3872331312,-3.16069121422341,0.0515643131752135,0,0
"GWK60_M08107",3024.06984039495,0.228200695929915,0.0619503957206813,0.000225463997586989,0.000319402269676154
"GWK60_M08129",406.968519941092,0.790866622104508,0.137611327907797,6.46694836516224e-09,1.11091274986131e-08
"GWK60_M08151",5365.89864018397,-0.275508158643202,0.0541924138627626,3.47088440928181e-07,5.53741340394974e-07
"GWK60_M08173",1418.94212715804,2.13266673808353,0.0887291365648229,2.07313360674887e-128,1.57810170354545e-127
"GWK60_M08195",2444.73449420687,0.668926530320966,0.0668590805071422,1.13864007098343e-23,2.85882900876986e-23
"GWK60_M08217",1128.38176897962,-0.495962391921437,0.0901916611455692,3.31262039995116e-08,5.5140453492858e-08
"GWK60_M08239",1025.03446131256,-0.16929303106096,0.0960567251040105,0.0764451107116268,0.0915739654618895
"GWK60_M08261",1348.57677403869,0.791121748002703,0.0866873821285066,5.05178747923665e-20,1.17681143227568e-19
"GWK60_M08283",699.711176445353,0.965827188913872,0.109253150346093,5.80219941683232e-19,1.31323446353434e-18
"GWK60_M08305",2494.81522012571,1.43456460419058,0.0688305153674915,6.83711189486615e-97,4.12895620746222e-96
"GWK60_M08327",510.622363130748,0.639389096327702,0.12493467590619,2.48117030389492e-07,3.98624184437608e-07
"GWK60_M08349",2061.27523810712,-0.328416854713694,0.0716108914768141,4.24310348852232e-06,6.4542291352306e-06
"GWK60_M08371",2687.86842587408,1.98933957618813,0.0693415877859606,1.35462510800906e-181,1.45414858533217e-180
"GWK60_M08393",1981.77510452197,-2.38605606859438,0.0794152476013085,4.48111294097377e-199,5.2967761953982e-198
"GWK60_M08415",0,NA,NA,NA,NA
"GWK60_M08437",46253.9431734119,1.61565717587972,0.0465744680525604,4.10270264386609e-264,6.6196981309005e-263
"GWK60_M08459",11508.741284735,0.175330189202968,0.0495789773127373,0.000402545957736058,0.00056208965693965
"GWK60_M08481",790.097096944774,-0.437787949663716,0.103236340336312,1.99268049101969e-05,2.95836843995585e-05
"GWK60_M08503",475.892178101467,2.35077239266361,0.146340059803002,9.24163863999928e-59,3.8982373092539e-58
"GWK60_M08525",15.2984046334933,0.544691010553133,0.605675717398038,0.271470451207056,0.305179434355443
"GWK60_M08547",3694.21530776598,0.293215360405532,0.0588417322950392,6.00853954565001e-07,9.47105724007164e-07
"GWK60_M08569",377.461458325841,1.14352329216525,0.149659861308792,1.07433602191413e-14,2.20484099698335e-14
"GWK60_M08591",1057.67726245512,-0.378364230992041,0.095289863740107,6.60524748490573e-05,9.60829694983521e-05
"GWK60_M08613",1632.13198897835,-0.502683803752787,0.0817283237754558,6.67221264539007e-10,1.1905594032491e-09
"GWK60_M08635",569.103316050612,0.412559836238486,0.121312942731491,0.000612111380600681,0.000847514046317342
"GWK60_M08657",2881.24670272708,-0.137589135001165,0.0709372561776117,0.0517427057207565,0.0629141544362412
"GWK60_M08679",715.681441726594,1.29900067962739,0.109978565307705,1.49969228739524e-32,4.43416606616018e-32
"GWK60_M08701",1724.927506891,-1.13380988085411,0.0762900497213446,2.87676906676791e-50,1.09889653530859e-49
"GWK60_M08723",84.190455145655,0.405835827066129,0.292470071091421,0.147122444687031,0.170906373465942
"GWK60_M08745",1869.138427537,-0.395728548421556,0.0753400373199559,1.36144362930695e-07,2.21777438530646e-07
"GWK60_M08767",6369.44527632381,1.78625820829384,0.0532059944329498,9.01729516628074e-248,1.34747081177945e-246
"GWK60_M08789",2590.36173035687,1.10084151516632,0.0737157632643591,1.11094085046271e-50,4.27785422652552e-50
"GWK60_M08811",1044.6530577386,0.435057984523549,0.0907761338476733,1.49283157025485e-06,2.31153784502224e-06
"GWK60_M08833",70.7151412588536,-1.19881333870212,0.328081988089152,0.000115076980026288,0.00016565542280741
"GWK60_M08855",4912.46035659601,0.732751199605603,0.0556797326518337,1.11368252026323e-39,3.65894444508719e-39
"GWK60_M08877",2324.72856849854,0.084262918653088,0.0695690337755972,0.225206792872537,0.255850481751521
"GWK60_M08899",3117.09434682672,0.761098706051076,0.0635885631495583,3.74487355269565e-33,1.11666864439791e-32
"GWK60_M08921",565.74482924575,-0.324549370775626,0.119209811950486,0.00607677857516301,0.00792754347851126
"GWK60_M08943",0.469025210664279,-0.161900621381343,1.02644380338041,0.568009000691263,0.604436039578402
"GWK60_M08965",107.815259457842,3.12073368887261,0.320014043347439,3.00921218848806e-23,7.48744376132792e-23
"GWK60_M08987",12.5292146486536,0.265594578149661,0.626035163518094,0.595609371521271,0.630109673009228
"GWK60_M09009",934.888222534452,-0.211012554795634,0.0953935651067228,0.0262172783135305,0.0325626644460852
"GWK60_M09031",4859.75531082226,0.102590887352797,0.0578317927413275,0.075772235914914,0.0908092870613915
"GWK60_M09053",1562.89237755623,0.510719971627776,0.0797083441981665,1.29707186646681e-10,2.36731367717398e-10
"GWK60_M09075",3382.23499419007,0.555517121074047,0.0607773223720877,5.31968915458725e-20,1.23757474361472e-19
"GWK60_M09097",654.340938162255,0.0328822405804335,0.110131508029505,0.76475920455131,0.789835738452756
"GWK60_M09119",2996.29652858952,0.0332295194668682,0.0631710360477848,0.59858288101639,0.632746373421666
"GWK60_M09141",189.858157920601,1.65120270204853,0.224459612410407,5.85479277066406e-14,1.17993141661659e-13
"GWK60_M09163",1652.5104988794,2.43793108921053,0.0912992609343799,8.91549073414832e-158,8.31480164213123e-157
"GWK60_M09185",684.171861954846,-0.454148064165562,0.118620840286446,0.000114181494026825,0.000164411349187271
"GWK60_M09207",777.210624629407,0.414597247727234,0.111507506811168,0.000182730134618647,0.000260054250025456
"GWK60_M09229",453.410378200799,0.128934617159941,0.130235544276149,0.319788590502735,0.355545970417329
"GWK60_M09251",2324.16964526415,1.52178437040215,0.0721362348247836,2.86016608473608e-99,1.75139390054852e-98
"GWK60_M09273",550.389360991892,0.758619081732486,0.122514307069376,4.34110509687211e-10,7.80390048173181e-10
"GWK60_M09295",4797.64112439463,0.424333973585066,0.058806881926064,4.91933004701369e-13,9.65150169611787e-13
"GWK60_M09317",1277.80390320496,0.0577364441872917,0.0850189205027061,0.496166199892145,0.53436408915493
"GWK60_M09339",2141.30363611281,0.986066629868389,0.0708294197395068,3.01148010813879e-44,1.05884928935896e-43
"GWK60_M09361",1848.05643953942,0.601741526226704,0.0735877772255163,2.40798251322242e-16,5.1196394581851e-16
"GWK60_M09383",3890.01507852907,1.27835132260085,0.0612029905529397,3.00464460265962e-97,1.82078693663475e-96
"GWK60_M09405",19.1726190949387,3.80995408474829,0.897062091650608,4.13413419256423e-06,6.29211396206246e-06
"GWK60_M09427",507.013806134303,0.746983783491919,0.139267882514111,5.92312137754308e-08,9.76964142792865e-08
"GWK60_M09449",844.313856028919,-0.251194315846404,0.103386742720265,0.014553676078787,0.0184241482970926
"GWK60_M09471",536.586386346863,0.470817908482043,0.124573194508921,0.000139331718914093,0.000199859514995399
"GWK60_M09493",1060.71257483162,-0.500909155355607,0.090375669875536,2.59437453596411e-08,4.33908109989545e-08
"GWK60_M09515",19148.5908730528,1.92095660465306,0.0491268742027952,0,0
"GWK60_M09537",1033.32251129759,1.04284234769026,0.0987721975763187,2.72358772570049e-26,7.20627335874475e-26
"GWK60_M09559",834.211673348803,1.06668749822861,0.102592922224851,1.43661458456967e-25,3.75017008180471e-25
"GWK60_M09581",629.746759913969,0.55012473763563,0.127906341442017,1.45388599281017e-05,2.16887133357388e-05
"GWK60_M09603",1909.33317812895,0.564803492505963,0.0729542421339797,8.3537836707036e-15,1.71912762550473e-14
"GWK60_M09625",1283.71408015855,1.07900976408583,0.087251601243893,2.22140966559157e-35,6.86522611105269e-35
"GWK60_M09647",1098.95253927106,-0.332956526935159,0.0894329992186943,0.000184490187831576,0.000262488068161777
"GWK60_M09669",5758.23419768382,0.0416622024430039,0.0536123956510117,0.437378714981244,0.475627876948799
"GWK60_M09691",545.685347977141,0.344879301423908,0.121562252483107,0.00426885436888173,0.00563043479947791
"GWK60_M09713",457.938736927851,-2.03867358131687,0.144557467898734,7.33780943788837e-46,2.64181229591327e-45
"GWK60_M09735",4415.33253147232,0.166798875718445,0.0561115129925344,0.00291098114718358,0.00389018313876667
"GWK60_M09757",415.922522821931,-2.95294190773288,0.168370700992906,1.02037522414288e-69,4.84401956587685e-69
"GWK60_M09779",3364.82960249611,0.936019159575063,0.0661029453845822,1.04810234332115e-45,3.75290559963871e-45
"GWK60_M09801",1170.1147155071,-2.81156941658777,0.101127537800409,7.60599733509581e-171,7.69375884280846e-170
"GWK60_M09823",143.202391811546,0.902473579395879,0.227578079526338,4.59939887729381e-05,6.73519991496811e-05
"GWK60_M09845",735.420674056686,0.397561477512543,0.112185155859797,0.000363204216971624,0.000508505238560218
"GWK60_M09867",938.803608881966,-0.921705113119087,0.100057617264943,2.04384989491745e-20,4.81013442830683e-20
"GWK60_M09889",365.217029322301,0.0286141942813309,0.146882270771131,0.845011163208691,0.862892393414427
"GWK60_M09911",2075.93390830236,0.496260340726504,0.0724615626964406,7.09160577781645e-12,1.34275904936337e-11
"GWK60_M09933",1210.07010071251,-3.40739840044262,0.106329818792934,3.41725690689103e-226,4.64464375458573e-225
"GWK60_M09955",3499.89951840835,0.27359918305358,0.138246231436279,0.0458554845928025,0.056066910497011
"GWK60_M09977",683.146463592905,0.560538348663184,0.113989365507624,7.40124463001295e-07,1.16245287410774e-06
"GWK60_M09999",1149.66202811834,0.763953983509188,0.0880345436038678,2.95088380168412e-18,6.55475033651117e-18
"GWK60_M10021",385.138104278599,-0.162646688315634,0.144470910352843,0.254740396141415,0.287231400579602
"GWK60_M10043",2069.53738465354,0.875478933728712,0.0745586277904504,5.40826393178472e-32,1.58924403805517e-31
"GWK60_M10065",195.161128218448,-0.290390870988299,0.197854799873157,0.133821323402743,0.15614466750187
"GWK60_M10087",1006.90451133135,-0.616287396859419,0.0925717094737349,2.25029965482254e-11,4.20930874266237e-11
"GWK60_M10109",16.6406505035253,0.571142750160439,0.60629261141766,0.248653593901398,0.280970548640462
"GWK60_M10131",2840.01294804891,-0.0815885563228399,0.0708752273119906,0.248240792662642,0.280564368157606
"GWK60_M10153",1001.52471714258,-5.14086982937278,0.16344729014769,8.40233286424643e-218,1.09668165920437e-216
"GWK60_M10175",710.348913821049,-1.97606286814138,0.11561192550275,4.01595362745358e-66,1.83208292111065e-65
"GWK60_M10197",179.421937246863,-1.30458554712744,0.208032069771975,1.50628486310374e-10,2.74249165106461e-10
"GWK60_M10219",7785.00713433562,-3.56882048212041,0.0578044500392043,0,0
"GWK60_M10241",96.4942854005264,-1.44877343046194,0.28343479726501,1.12767996560785e-07,1.84039609652413e-07
"GWK60_M10263",587.515315474611,-0.315710911014714,0.120847720693493,0.00847565269558287,0.0109028939052986
"GWK60_M10285",1023.04732785234,-1.6605762892684,0.100305812329565,4.01591872727924e-62,1.75300684692853e-61
"GWK60_M10307",642.07680827643,0.998269765295355,0.124307999262517,5.74726961635119e-16,1.21019368222607e-15
"GWK60_M10329",2969.46854137097,2.07827380679532,0.0694341312714975,1.99126828803273e-197,2.32241046453485e-196
"GWK60_M10351",667.637660600117,-0.154931949557095,0.11142390619781,0.161510610750112,0.186672338507051
"GWK60_M10373",260.26734851369,1.1259405702417,0.173445723723882,4.31669797772449e-11,7.98938471598551e-11
"GWK60_M10395",613.28027500375,0.796296145333944,0.120211820609981,2.51021476427707e-11,4.68715997873532e-11
"GWK60_M10417",9920.0995632229,2.0218179276341,0.0487726589060382,0,0
"GWK60_M10439",611.448004748153,-0.0660218431629914,0.122654095638643,0.58683715653529,0.621704621022281
"GWK60_M10461",531.721003940757,0.0363201909990344,0.128630974954134,0.776968520254527,0.800088961734301
"GWK60_M10483",1022.97048846299,-2.91339034088629,0.116111557027673,9.88275690785984e-140,8.09708743541164e-139
"GWK60_M10505",9330.14669914224,0.0356342343205882,0.0573824758377807,0.534570880685485,0.571745187557066
"GWK60_M10527",4536.75015359982,0.557287385299649,0.0576321808373339,3.72652009365188e-22,9.06218016301845e-22
"GWK60_M10549",633.346503088249,0.430166335868532,0.113224572254952,0.00013197736516212,0.000189517046342548
"GWK60_M10571",7046.50295018699,-1.24244368318896,0.0512939444755571,3.91635154793697e-130,3.03387468956531e-129
"GWK60_M10593",628.436813921982,1.10377468332504,0.1174033472181,2.95797397974381e-21,7.06903368171398e-21
"GWK60_M10615",1855.38333818301,-0.403386155294021,0.0769108903967391,1.41556789836116e-07,2.30095400042637e-07
"GWK60_M10637",128.047244224528,-1.27798134493084,0.255872843919627,2.53785938679053e-07,4.07358571086914e-07
"GWK60_M10659",2494.4744029716,0.0475508139381141,0.0681010519957483,0.484611452119367,0.522883330902128
"GWK60_M10681",2073.52781906758,-0.386014783555237,0.0715830842071643,6.41209452606e-08,1.05629869110791e-07
"GWK60_M10703",1285.03302966425,-0.620525896653956,0.0852535081163048,2.70539307073234e-13,5.34574288206315e-13
"GWK60_M10725",3176.59443396877,-0.671000804352262,0.0638032207580519,4.30057704395456e-26,1.1304865193004e-25
"GWK60_M10747",3241.59363764756,0.989281270863701,0.064485229975616,2.42375401545252e-53,9.62911338465278e-53
"GWK60_M10769",1634.26788118069,-0.112272185164953,0.0768816554910846,0.142812256227928,0.166082791898939
"GWK60_M10791",54.558077436738,0.0621402231100692,0.361015123143549,0.855969627236219,0.872727319104964
"GWK60_M10813",1713.9737778533,0.658735508156859,0.0788952789652091,5.42114900963636e-17,1.17588634188401e-16
"GWK60_M10835",4693.01872666231,1.08646905006964,0.0555710010367718,2.21290029088241e-85,1.21374927320557e-84
"GWK60_M10857",1189.23865772831,-0.631584107568308,0.0865023573495604,2.24033634146428e-13,4.43681067624326e-13
"GWK60_M10879",218.401790008667,3.40478789427661,0.509975840851304,2.52296253579321e-12,4.85575665505755e-12
"GWK60_M10901",0,NA,NA,NA,NA
"GWK60_M10923",4.67737728447295,-0.0428444282022764,0.789424643301514,0.929539904919372,0.939001325115401
"GWK60_M10945",347.568952044728,-1.60624785604736,0.160221494984179,3.59564616464981e-24,9.09283597406634e-24
"GWK60_M10967",135.002079899741,0.597212822640758,0.234612604049552,0.00879634572877559,0.0113043680755826
"GWK60_M10989",1517.65476598846,0.491053504946718,0.0830920771649498,3.02002018117229e-09,5.27575760643184e-09
"GWK60_M11011",728.029401095794,-4.46212105643976,0.162067047617238,1.5269838626755e-167,1.49849535777484e-166
"GWK60_M11033",0,NA,NA,NA,NA
"GWK60_M11055",1491.03262014514,-4.56678781789428,0.120737344866524,0,0
"GWK60_M11077",191.854704191418,1.40936561132636,0.206224273052429,3.17308371491974e-12,6.08251470134032e-12
"GWK60_M11099",303.723087448517,-1.80037381623206,0.167376031066784,1.43641657297681e-27,3.86275622385379e-27
"GWK60_M11121",1122.37834606343,0.595365698284206,0.0896232711484723,2.5421988250468e-11,4.74519723908664e-11
"GWK60_M11143",411.691109425119,1.47732599859433,0.14676033497995,2.76529030916499e-24,7.02677634116321e-24
"GWK60_M11165",4266.88223550197,0.97223666266439,0.0573409663722434,1.07215745224929e-64,4.82424995622863e-64
"GWK60_M11187",751.361435764599,-1.09472903543356,0.110152891723308,1.45489608364068e-23,3.64562246860704e-23
"GWK60_M11209",233.323236522615,-1.00983448323619,0.180198223624896,1.18792146608465e-08,2.01758699115442e-08
"GWK60_M11231",2793.22479930534,0.517532409262027,0.068163508349949,2.74152632210869e-14,5.57850230340105e-14
"GWK60_M11253",432.188041190569,0.57866495187223,0.133082011731648,1.14467015152448e-05,1.71293456529694e-05
"GWK60_M11275",2287.26430139047,0.109633384720193,0.0677877273883289,0.104953921648614,0.123946481336262
"GWK60_M11297",3917.71405514618,0.132559522535885,0.0593933842728289,0.0254253635813318,0.0316313652880334
"GWK60_M11319",3777.56229354211,0.456763287201171,0.0608009028347845,5.25499338828434e-14,1.06149252006051e-13
"GWK60_M11341",752.165026203173,-0.770338282172378,0.105559209124619,2.08485202851188e-13,4.13511375187499e-13
"GWK60_M11363",385.762075647393,-0.785326344566825,0.14798622619897,7.7864555246314e-08,1.27750330815849e-07
"GWK60_M11385",4648.70669861209,-2.2261661880378,0.0585846819607773,0,0
"GWK60_M11407",52.493191826173,-0.180278854610318,0.354404449678523,0.585470986478961,0.620632283127637
"GWK60_M11429",11492.402186597,-0.510205289211545,0.0546418182799167,8.55813484769138e-21,2.02682527234834e-20
"GWK60_M11451",1892.52391447321,-1.6229260412097,0.0775051365423094,7.0750475656e-98,4.30228325954405e-97
"GWK60_M11473",319.640072316595,0.27670051877947,0.152008300513554,0.0657708121018947,0.0792383123353106
"GWK60_M11495",629.167217950662,-1.94048835907124,0.126327134178003,7.42792024625172e-54,2.97342926143714e-53
"GWK60_M11517",421.510800681839,-0.973948228840268,0.140723997963239,2.61589000768222e-12,5.02908678377503e-12
"GWK60_M11539",366.867169965611,-0.851907707197189,0.146128597404308,3.69728650034432e-09,6.42687607131895e-09
"GWK60_M11561",1910.53265996055,-2.53901839456787,0.0822493518120216,4.83820969590639e-210,6.14709734310812e-209
"GWK60_M11583",127.469481385088,-2.07933277073692,0.272296049508914,4.98279789586707e-15,1.03065343815418e-14
"GWK60_M11605",3808.61783962306,4.0702974825994,0.0756303316919261,0,0
"GWK60_M11627",897.751078411114,1.706412632761,0.102195803326094,4.01326446634752e-63,1.76946949647845e-62
"GWK60_M11649",43472.7885308407,1.99739617964572,0.0468787091904823,0,0
"GWK60_M11671",76543.100592145,0.303110609549274,0.0518476221048386,8.24523459435527e-09,1.41132228982456e-08
"GWK60_M11693",3887.69837976569,1.06834997411132,0.0614673587510556,6.3314542160943e-68,2.94981835045669e-67
"GWK60_M11715",1203.85999268928,0.278340412462984,0.0920653998913893,0.00240357213876869,0.0032276715470828
"GWK60_M11737",2929.0875652062,1.18234387550937,0.0743449418389039,2.8052494945418e-57,1.1655302007338e-56
"GWK60_M11759",565.26107022618,0.0292792231100368,0.117970477993365,0.803524936264105,0.824208495465911
"GWK60_M11781",199.802829147535,-2.01732404439116,0.213737957371641,8.28245285633065e-22,2.00394213543235e-21
"GWK60_M11803",131.470056616044,-1.29004257331002,0.241385902031921,3.78633081318671e-08,6.29459547324972e-08
"GWK60_M11825",2071.95182114738,-0.902486027026791,0.0745188045404648,5.94719979602931e-34,1.79165354679921e-33
"GWK60_M11847",451.935217113537,2.14892801062717,0.145072398733861,2.58035603593068e-50,9.87821888573173e-50
"GWK60_M11869",419.758573088159,-0.376656626825584,0.134508103473456,0.00469646244930128,0.00617893758962599
"GWK60_M11891",4506.38195874654,-0.53656720574394,0.0569144408318989,3.56055627392806e-21,8.49366258542476e-21
"GWK60_M11913",2246.79715409459,-0.139822115037417,0.0708019823156294,0.0476527763887427,0.0581023652769556
"GWK60_M11935",3617.40609315384,-0.0121650604831218,0.062835424769962,0.845493630749927,0.863217487916269
"GWK60_M11957",2.54048372511555,-0.0154180571793107,0.870646903020946,0.970926257592173,0.975190398116256
"GWK60_M11979",1350.61312654569,1.40325290160307,0.0847769475947862,6.15005498558751e-62,2.68013995229414e-61
"GWK60_M12001",175894.205654104,-0.567106724231856,0.0404319487211098,8.6917884354192e-45,3.07456672295259e-44
"GWK60_M12023",23.1829162646247,0.317845381146459,0.509547104133995,0.472889445500047,0.511389490816252
"GWK60_M12045",17.2759804241099,-2.23990978170433,0.752366017102986,0.000487100995840064,0.000677638518412784
"GWK60_M12067",1257.01212510622,-4.69375736638562,0.276100259869597,7.94890569570547e-66,3.61688961586598e-65
"GWK60_M12089",9642.28482343407,-1.46713759739731,0.0522886255793953,1.01163915691618e-173,1.04748463885415e-172
"GWK60_M12111",2514.68039574433,-0.61656202075589,0.0686519847272097,2.13121862932876e-19,4.88675239331704e-19
"GWK60_M12133",3883.53455658591,-0.138926989365487,0.0637741157069177,0.0289755951249036,0.0358615600839984
"GWK60_M12155",494.795643581612,0.0819483338261661,0.124142428484932,0.50675623709069,0.545211251195956
"GWK60_M12177",280.17774882951,0.251601806938549,0.164913669942913,0.122273929610479,0.14308361952194
"GWK60_M12199",1072.98426823855,0.172240311544433,0.0898258975363493,0.0543593550303555,0.0659737442223512
"GWK60_M12221",783.527079918876,0.324109062975995,0.103697246852506,0.00168292187488036,0.00227679245418485
"GWK60_M12243",2189.13423474142,0.815504861054271,0.0726570421461708,2.4892032467532e-29,6.94968634709226e-29
"GWK60_M12265",4116.68256543408,-0.147141759180119,0.0604476616963348,0.0146932352372481,0.018596346811339
"GWK60_M12287",1324.04801061621,-0.632299711613596,0.0896862014960226,1.42028025917645e-12,2.75670633330928e-12
"GWK60_M12309",1.03635595445984,-0.194165633197241,0.980144128762331,0.561235249861989,0.598317270829766
"GWK60_M12331",8448.72242820628,-2.93118593630169,0.0555047737718674,0,0
"GWK60_M12353",12115.5795457973,-2.95495410467811,0.0522389751853507,0,0
"GWK60_M12375",12560.3212158944,-0.847940364564994,0.0495320072371873,4.20955053636947e-66,1.91873793945437e-65
"GWK60_M12397",746.636429024728,3.09659501861666,0.128071255552295,4.55086734164511e-130,3.52022973780195e-129
"GWK60_M12419",928.128285248406,0.175637790898979,0.098303825343598,0.072763626169039,0.0874027571703917
"GWK60_M12441",0.23451260533214,-0.101088041439388,1.01841933252958,0.775710319951172,0.799073493633824
"GWK60_M12463",2013.03838834287,7.09575922543015,0.201609009838911,1.04715064303893e-270,1.73754333829172e-269
"GWK60_M12485",1132.82556929274,-0.178621863642555,0.0917299117226216,0.0503820214403151,0.0613305792122327
"GWK60_M12507",3498.83289806455,0.927301561584039,0.0707099247868532,1.72497657449294e-39,5.63213952938106e-39
"GWK60_M12529",1531.41647819595,-0.247629502015795,0.0805347399829383,0.00202891846427719,0.00273363502102921
"GWK60_M12551",376.742882370274,-1.96226566017415,0.153446676786473,4.38084639785473e-38,1.40165766744014e-37
"GWK60_M12573",127.758092171481,0.773761514857163,0.239185703390841,0.000854011914765474,0.00117594310776607
"GWK60_M12595",2036.61191047476,0.0959592293234384,0.0728636051568911,0.18707899967889,0.214527041271193
"GWK60_M12617",4672.44238308552,2.85342537482729,0.0680090589797706,0,0
"GWK60_M12639",2433.12893772565,0.470727224861409,0.0748194898521602,2.84197633422182e-10,5.14097264470262e-10
"GWK60_M12661",471.931409361645,1.33915769396304,0.135569220063867,2.2427288557037e-23,5.5910551904362e-23
"GWK60_M12683",226.314797205193,0.384599507392645,0.178698203590254,0.0287873500532582,0.0356453534086954
"GWK60_M12705",1030.67622582432,2.77827826845165,0.106074319477089,6.3242213802465e-152,5.68639392480284e-151
"GWK60_M12727",15.2325605269164,1.03477584643711,0.68471987546781,0.057343262093276,0.069514993918099
"GWK60_M12749",8920.98657251829,-1.02839891400713,0.0509165909393387,1.00866858766029e-91,5.84961055247312e-91
"GWK60_M12771",9613.00787621716,0.285427928814693,0.0496983089190632,9.00060964924507e-09,1.53462582674324e-08
"GWK60_M12793",6845.08396908513,-2.39386560049418,0.0535818767478928,0,0
"GWK60_M12815",3747.63595417963,0.546792544711661,0.0592603237617016,2.36048048018746e-20,5.54538960508532e-20
"GWK60_M12837",828.339174485167,0.409254575125513,0.10041344908943,4.19735559206596e-05,6.1515994467169e-05
"GWK60_M12859",5690.78760665923,-0.0190845041198071,0.0593956476244919,0.74696752213194,0.775572279197395
"GWK60_M12881",1066.75844030802,2.39123942038779,0.101142805853648,2.83308854377745e-124,2.10480872037703e-123
"GWK60_M12903",12863.0818414752,-1.75618479167535,0.0464171173785779,0,0
"GWK60_M12925",109.562283884106,0.178786326683842,0.248596946967717,0.459525905379393,0.498166995526713
"GWK60_M12947",16691.3330908001,-0.521874096743996,0.0470542087580682,1.18667094302266e-28,3.26287985378944e-28
"GWK60_M12969",768.705559411321,1.17544973235729,0.111417643335902,2.48126334084076e-26,6.58166675381867e-26
"GWK60_M12991",907.492047463014,0.430465871241101,0.100072255851508,1.53543671363286e-05,2.28857951649442e-05
"GWK60_M13013",1154.35276563576,2.49267491302627,0.0978983510200751,8.33583141475549e-144,6.99305793327175e-143
"GWK60_M13035",1032.55989494997,-0.343906989864421,0.0918967251788976,0.000170573909812673,0.000243280576359723
"GWK60_M13057",267.683648355052,0.153398162351055,0.16474063662506,0.346018043345428,0.382444822020793
"GWK60_M13079",723.160729583628,0.133889807748295,0.110737338607633,0.224484993342619,0.255085561672538
"GWK60_M13101",6152.87829140157,1.38650978070007,0.053674329196271,1.63812752377638e-147,1.42187306519204e-146
"GWK60_M13123",3036.30424168911,-0.313251139468602,0.0670216713762419,2.78810460653778e-06,4.27563563568184e-06
"GWK60_M13145",2412.58341181109,1.19453801280669,0.0708485082301457,3.39534737864896e-64,1.51995976269732e-63
"GWK60_M13167",3808.1008770949,1.95996341508789,0.0637808815600002,5.97370297032528e-208,7.4813518152169e-207
"GWK60_M13189",0.26576346599603,0.0991779587279397,1.01761455588908,0.763354062719203,0.788849188586053
"GWK60_M13211",4402.59885607926,1.33144930751917,0.0633131258467075,1.69399662633451e-98,1.03489224791168e-97
"GWK60_M13233",0,NA,NA,NA,NA
"GWK60_M13255",1466.86965820311,0.402829285502321,0.0815658821649742,7.25496302055631e-07,1.14049926742756e-06
"GWK60_M13277",58414.2777355742,1.20054899695955,0.042509487787929,8.87652703315692e-176,9.31946750387333e-175
"GWK60_M13299",82.762995078187,-0.307465519419125,0.283585746164828,0.257629688857908,0.290364723246753
"GWK60_M13321",0.533803407561867,-0.00169259272956868,0.985018825098204,0.997838763763453,0.998408198096968
"GWK60_M13343",1795.91266710787,0.110936929288111,0.0774172661943063,0.150913444342849,0.175078234945608
"GWK60_M13365",322.537993707633,-2.32050286659147,0.172919270530418,8.95111386611178e-42,3.03956481186236e-41
"GWK60_M13387",2296.94178133924,-0.433647592850043,0.0709749315872987,8.97749939989589e-10,1.59532590687339e-09
"GWK60_M13409",1112.86297212638,-0.502127992775849,0.0899676311598215,2.08171998202682e-08,3.49054737183967e-08
"GWK60_M13431",1666.12822389778,0.797435689411106,0.0766924631193888,1.82339297948374e-25,4.7480431049923e-25
"GWK60_M13453",1235.36041760104,-4.10355359310802,0.120346578979733,6.67123182716942e-256,1.02604325762898e-254
"GWK60_M13475",2749.0657449167,1.85198338903332,0.0680839419961627,1.6939113610904e-163,1.63485757052028e-162
"GWK60_M13497",416.245451746861,-1.20572349115048,0.149530595266983,3.53087255241327e-16,7.47981861687226e-16
"GWK60_M13519",1126.73758120155,1.42395786972486,0.098702283183796,1.4518048010796e-47,5.35143185261297e-47
"GWK60_M13541",353.294216084052,0.247653373349973,0.14495682476444,0.084525917619665,0.1008177611518
"GWK60_M13563",4773.43753160679,0.168265268359813,0.0581386889678129,0.00375192809277519,0.00497232092920068
"GWK60_M13585",13667.9387657794,1.11442625641723,0.0484364546998766,2.00725690466883e-117,1.41530446629465e-116
"GWK60_M13607",901.171419892108,-0.333660641718934,0.101392886783391,0.000936775070404684,0.00128687304004404
"GWK60_M13629",495.46446593861,-1.14817850793463,0.130014588540739,5.20501788862074e-19,1.17908673962726e-18
"GWK60_M13651",2616.72115686743,0.106786306156735,0.0649041935456149,0.0994080102941009,0.117581770664936
"GWK60_M13673",1293.02327441618,-1.0820330819197,0.0874470622051359,1.95553064370254e-35,6.05064187404432e-35
"GWK60_M13695",4838.78000737849,1.53746631657634,0.0570318684961701,2.1660960291476e-160,2.05291263302998e-159
"GWK60_M13717",5516.7492995122,1.19206502777975,0.0579588518935933,2.60929713246849e-94,1.53522403990875e-93
"GWK60_M13739",5365.68928785611,-0.807832995270536,0.0554812896340816,2.54378771308742e-48,9.4761496960622e-48
"GWK60_M13761",753.204571648592,0.180723300056972,0.10348333183672,0.0793389638604283,0.0948461249786029
"GWK60_M13783",7121.27506181755,-0.904360923323323,0.0523201147732768,3.56793606546987e-67,1.64625821968171e-66
"GWK60_M13805",2919.49032786924,-1.71058245545914,0.0662853323645981,2.04014737879725e-147,1.7649959231042e-146
"GWK60_M13827",4143.86333762565,-2.16525234744536,0.0665775656624169,7.97532105949127e-233,1.12769324658398e-231
"GWK60_M13849",528.792550160847,-1.52195366814158,0.128771686081321,1.02075755482123e-32,3.02148831646575e-32
"GWK60_M13871",3783.19774804059,1.24600289452064,0.0704589338595753,2.5906968024845e-70,1.23657578775576e-69
"GWK60_M13893",382.177394213512,-1.09020675039782,0.14422753412427,2.1210472805446e-14,4.33102045639154e-14
"GWK60_M13915",2222.31769563504,1.41738622135474,0.0737268454060912,8.80764335159962e-83,4.70815081599736e-82
"GWK60_M13937",4001.06898846332,0.288612374846079,0.0597553563803956,1.31422606090813e-06,2.04159157719337e-06
"GWK60_M13959",9673.13645181645,1.63852669236543,0.0533911415702844,3.74920995251717e-207,4.66213814426485e-206
"GWK60_M13981",385.661852216204,-0.11546602503882,0.141015375182564,0.407567413742844,0.445234599436627
"GWK60_M14003",516.712747605163,-0.164236155428013,0.123496377662977,0.180020289940377,0.207291314598595
"GWK60_M14025",164.685194012188,0.220707766162802,0.2127315156672,0.289610622634844,0.324117420225379
"GWK60_M14047",31.6259005236101,0.456491224292577,0.44330990561714,0.252985254417627,0.285374745493613
"GWK60_M14069",8747.77000232755,-0.110852499823918,0.621837010466747,0.810353682610833,0.830727026024748
"GWK60_M14091",30.6302196732521,-0.00439980217265655,0.994638299217755,0.966016755935594,0.970806237120821
"GWK60_M14113",0,NA,NA,NA,NA
"GWK60_M14135",0,NA,NA,NA,NA
"GWK60_M14157",8749.37411556045,-0.110697945753894,0.621721940445515,0.810599168890377,0.830816763126146
"GWK60_M14179",30.898259614818,-0.0055359041303994,0.994672715610011,0.961923637171594,0.967256419713742
"GWK60_M14201",2369.01460666355,0.0785232156234417,0.702681394585246,0.886034958652366,0.900414196775781
"GWK60_M14223",0,NA,NA,NA,NA
"GWK60_M14245",8754.4548614338,-0.109633057132656,0.621970627786082,0.812138710053834,0.832070435310317
"GWK60_M14267",39.5421164740296,-0.0980445841584227,0.96535383452563,0.755103625622476,0.782167205745219
"GWK60_M14289",2369.15224587852,0.0771213029165519,0.702944265515755,0.888203916482972,0.902095501197226
"GWK60_M14311",0,NA,NA,NA,NA
"GWK60_M14333",8758.30076413604,-0.109494405038035,0.622111190707393,0.812297224650456,0.832070769554313
"GWK60_M14355",44.9354885985127,-0.127741980579052,0.970963588468193,0.686943953963416,0.718354910108861
"GWK60_M14377",2369.78478135386,0.0782669037028918,0.702795831471962,0.886410133062524,0.900621460287594
"GWK60_M14399",1.1725630266607,-0.391510366382874,1.09799207340486,0.206862165152148,0.236080492232654
"GWK60_M14421",8764.78982156288,-0.10990155866307,0.622145648227371,0.811626708390831,0.831707867939951
"GWK60_M14443",51.3351211444898,-0.30725587794984,0.377067833846322,0.37901799669565,0.416120781177024
"GWK60_M14465",2370.92484012539,0.0780238199756637,0.702879711654336,0.886758140684729,0.900801046736515
"GWK60_M14487",1.40456884305601,0.135788742733419,1.02926925145988,0.414977220320636,0.452389674380631
"GWK60_M14509",8800.24167839208,-0.116365320267004,0.624395886844645,0.801178194791199,0.821961635381648
"GWK60_M14531",56.4111694104884,-0.32962216569824,0.351744253070101,0.316825666504811,0.352475255037078
"GWK60_M14553",1884.39820448614,0.0477398357655256,0.707332382629645,0.934346245562746,0.943132076695461
"GWK60_M14575",2.92339812595633,0.143421704975451,1.03237030426372,0.299397034928918,0.334216554271245
"GWK60_M14597",0.765621739168061,0.297589982561084,1.05484975879769,0.334268201480313,0.370391982259627
