gene_id,baseMean,log2FoldChange,lfcSE,pvalue,padj
GWK60_A00011,1.4490525054460268,0.06766023941145802,1.0098824633577874,0.7730601315911555,0.8180972683865562
GWK60_A00033,9.316636228644095,-0.021069072608025353,0.8550241328123853,0.9586926744441484,0.9669070396996648
GWK60_A00055,418.7338392483955,1.6211538356387545,0.2708819713580628,6.353683030804322e-10,2.5045166667286837e-9
GWK60_A00077,2634.7708289990333,0.6822843357419008,0.16465388263051292,2.587732984195443e-5,6.538602559491928e-5
GWK60_A00099,7691.692730099936,-1.185052394118619,0.14516000838418508,1.5115797460357025e-16,8.977764648926654e-16
GWK60_A00121,1421.2205270403497,-0.1288335118970626,0.18080775282167258,0.4687460347116301,0.5451686555524041
GWK60_A00143,1890.4150490128932,-0.47689039678784834,0.17669773488570284,0.0063435232754726865,0.011397642431729646
GWK60_A00165,1714.3421931253706,-0.29987474397189096,0.17357636343736907,0.0792808607448427,0.11560789790268648
GWK60_A00187,942.8416362817758,-0.2766038430926014,0.2063965540195877,0.16973629429976642,0.22651503450355095
GWK60_A00209,997.3205040230058,-0.15571626273103914,0.1975738212407832,0.42054200118967683,0.4978689850590441
GWK60_A00231,930.7300482819576,2.617597999314296,0.2150990727998668,6.260440126378138e-35,6.9522450647132e-34
GWK60_A00253,8976.814083016172,-0.5916145551830838,0.14402812176012203,3.354410420535901e-5,8.34419458021307e-5
GWK60_A00275,470.4183664281191,0.17793686357042635,0.2514583497617059,0.4659316980248728,0.5426117990216959
GWK60_A00297,4778.182552879323,-0.0632510409516497,0.15397732397633968,0.6822619716407243,0.7457478871159778
GWK60_A00319,5180.716078886441,-1.9294166746856527,0.15263278873485128,2.666252409140485e-37,3.181447005579369e-36
GWK60_A00341,4003.4458041873595,-1.2671989494872729,0.15616960847762426,3.1733179150862503e-16,1.8555485065426903e-15
GWK60_A00363,2155.020052969849,-0.050564383118422,0.1666671681292855,0.760645547683662,0.8083579342693682
GWK60_A00385,76036.11889795882,0.04842163154795276,0.1406290016865787,0.7298277913087531,0.784438736246049
GWK60_A00407,4526.0223971850055,0.5600185732266134,0.15164857133268086,1.9048021675059908e-4,4.34748888490357e-4
GWK60_A00429,1771.4773938172602,0.025028598266797077,0.17454306720239401,0.8854830346812053,0.9106348874172862
GWK60_A00451,556.9555919070435,0.3387459082851174,0.23473388212391136,0.13896611559177136,0.190600645308278
GWK60_A00473,770.9507558578756,-0.22955284747150462,0.21114462697869332,0.2664735323812231,0.33465884822217756
GWK60_A00495,1258.201249984718,-0.20141139741373604,0.18970245117220721,0.27835887938441206,0.3476855001006622
GWK60_A00517,488.1826509992029,-0.7217464488490809,0.24668981561460238,0.0024804841250790884,0.004769675913120429
GWK60_A00539,18.77208873799125,0.8957391327170557,0.9521937509342159,0.13079370912270202,0.18084633701872949
GWK60_A00561,0,NA,NA,NA,NA
GWK60_A00583,28.510586847485325,1.2732343095218854,0.8834137858035255,0.041521933248118884,0.06358196383243234
GWK60_A00605,385.2185647955904,1.1354406465900064,0.2871716606604807,3.504422363064868e-5,8.696890427775066e-5
GWK60_A00627,37.682224725601046,0.8670129737888815,0.7096648975724029,0.11111819504462477,0.15671578948929737
GWK60_A00649,258.00343832531576,0.9926925733739307,0.31776013239882683,9.912466532097243e-4,0.0020215006978652013
GWK60_A00671,2834.4250796909437,1.3124655601176425,0.17068357382385238,5.73282126303449e-15,3.1370282812008605e-14
GWK60_A00693,2005.6112464078321,0.02380767999672671,0.1679289795118163,0.8766512958075013,0.9033103027994578
GWK60_A00715,1192.9643620551828,-0.40434069290180613,0.19348826154877968,0.03308888578855325,0.051717282755260933
GWK60_A00737,289.4791293609016,-0.2154137377580661,0.2937044233051428,0.44171876339909916,0.5188723074061419
GWK60_A00759,876.1578473820065,0.9580983742177216,0.2073981004728278,2.2958348439426964e-6,6.570537620509525e-6
GWK60_A00781,1855.2826980242523,-0.439834802213028,0.17096482944665234,0.00982352547174095,0.01706446126967554
GWK60_A00803,1356.202170997689,-0.2805061052298295,0.1820227751687572,0.11888916903492903,0.16616820399752377
GWK60_A00825,218.35851127899713,-0.30944262367094344,0.32554469902132177,0.3138911824810811,0.3864063322298544
GWK60_A00847,1909.358748921381,1.219386511597053,0.17615130892757455,1.97976489783769e-12,9.302255333306695e-12
GWK60_A00869,5029.9088191286655,-5.700319567304057,0.16706087297977898,3.779348340928175e-256,3.632297332753879e-254
GWK60_A00891,848.7617874487293,-0.3142538056978628,0.2131770485419161,0.13022746343453553,0.18020480934946462
GWK60_A00913,1085.7124652491866,-0.7274781399329988,0.19652439467274888,1.559093536885658e-4,3.600423082559016e-4
GWK60_A00935,9700.682013793361,0.26883114052452944,0.15295704011861838,0.07769997115592875,0.11355323404208996
GWK60_A00957,4161.945528726047,-0.40713668269938486,0.15411935420908293,0.007390152052989754,0.01308688232901301
GWK60_A00979,621.0755059242776,0.03164398830856998,0.22473855631843145,0.8814072554588102,0.9073259498257585
GWK60_A01001,1845.4749554729724,2.127281329587933,0.20062656049668423,3.2110218540489265e-27,2.8431258828312606e-26
GWK60_A01023,2963.5786141836593,1.2240790407454691,0.16049821659736824,1.113744179719084e-14,5.970843543605555e-14
GWK60_A01045,614.4054193735228,-0.9483435446612339,0.23193753113801008,2.671273926558834e-5,6.743244496556827e-5
GWK60_A01067,943.7724525729461,0.35016718200097047,0.20757351526282428,0.0844835977116657,0.12245141143511515
GWK60_A01089,741.8121928956532,-0.5244330067557967,0.29993865248784457,0.059176007565305305,0.0884878008458851
GWK60_A01111,2003.9515271700875,-1.165076373304005,0.17070041996510327,4.152971703161592e-12,1.915585377217467e-11
GWK60_A01133,1361.4423586060886,-1.004104109332559,0.18792237613820287,5.5406643915479956e-8,1.8420095580957675e-7
GWK60_A01155,56398.20012579697,7.018205227522067,0.14780478086181395,0,0
GWK60_A01177,1237.8436434270388,1.5351551606059306,0.1911929179640392,2.951555327559176e-16,1.7277875372622153e-15
GWK60_A01199,542.6404741380971,0.8143732769190474,0.25863759641651557,0.0010608263805642775,0.0021534286665371625
GWK60_A01221,1530.2592457666408,2.623085147340866,0.1895904695499231,1.9339513459275846e-44,2.7855222927992404e-43
GWK60_A01243,548.840826392106,0.29422758004637756,0.23986432655358333,0.20379025416400964,0.2659840206199889
GWK60_A01265,9670.517323013484,-0.8653716411433368,0.15276344907163997,8.537072893786562e-9,3.074044095133227e-8
GWK60_A01287,1488.1235974349786,-0.6798876978535817,0.18251219241178993,1.5485982611300103e-4,3.5808794437153257e-4
GWK60_A01309,2987.9024194499807,-0.8042164188023357,0.19855863703591498,3.08255524556566e-5,7.715145373134506e-5
GWK60_A01331,0,NA,NA,NA,NA
GWK60_A01353,8249.657453924103,-6.294973688342657,0.17178974367007369,1.0360872162444198e-295,1.4412518487021062e-293
GWK60_A01375,18514.509739012712,-5.240826996129289,0.14338018546678077,1.189909239664683e-293,1.4975857716351225e-291
GWK60_A01397,150.57771660129606,3.907429415451913,0.47714522626928185,2.5092693746362026e-17,1.538746857810553e-16
GWK60_A01419,980.4679866877765,3.7073418999052006,0.2528078467209955,1.5973051654333636e-50,2.5585924559032608e-49
GWK60_A01441,1457.0991237781611,-0.7809505568083345,0.2497278539114687,9.751476870290041e-4,0.001993283323138173
GWK60_A01463,3157.1034400970725,3.1462828950787483,0.1651730337978084,6.886331800083052e-82,1.7500552834249526e-80
GWK60_A01485,4587.677621629708,0.2682910569326289,0.1502812770691338,0.0737577150656295,0.1082407778558905
GWK60_A01507,1219.6073114486453,0.8626402993062096,0.19469474117537963,6.071846888098888e-6,1.6578400129385703e-5
GWK60_A01529,8525.333515906406,2.2626725165764423,0.20155686634157258,1.111091438260892e-30,1.0856246474393853e-29
GWK60_A01551,7771.3481042140165,0.18190035626028164,0.14373828291166588,0.20270238687625342,0.26482570860797716
GWK60_A01573,752.533217201348,0.12329076518448111,0.21464015183857513,0.5580638748392309,0.6339835895981463
GWK60_A01595,21969.08521233438,-0.8637418649603444,0.13914591302155244,3.5756443553208415e-10,1.4472324703082673e-9
GWK60_A01617,4134.797785674323,0.24394192120678795,0.15167848123018926,0.10404710654825992,0.14762065934814864
GWK60_A01639,2196.8628723244274,5.008824258694746,0.2031380847049663,8.967763557646056e-136,3.8539510703835e-134
GWK60_A01661,3488.0134675988957,-0.1236143738131631,0.15860813635942522,0.4300699628213532,0.5077841910819015
GWK60_A01683,3841.11831255092,3.3621749562750582,0.15926833749123886,7.372742308622997e-100,2.3477298700832027e-98
GWK60_A01705,0.3409698986637831,0.06672701140273021,1.0183305846086295,0.7532955260769654,0.8028915818589876
GWK60_A01727,2815.3787765921616,-0.6823825257913319,0.160053928336303,1.525893766482537e-5,3.9616279222135025e-5
GWK60_A01749,0,NA,NA,NA,NA
GWK60_A01771,1020.9380766332952,-0.5822209551894066,0.19747263309812987,0.002599818127491104,0.004981021609973895
GWK60_A01793,934.5335561502627,0.18261067561902355,0.20006031642816527,0.346110127191575,0.42079296174929437
GWK60_A01815,2282.2996072553615,3.0708757429898705,0.21675807903195088,2.3503785176859313e-47,3.5907805908924375e-46
GWK60_A01837,1566.4416729247425,0.1429756485485749,0.17627241548929418,0.41157150042188556,0.48834274999553023
GWK60_A01859,2636.7772910055046,0.6407503915437389,0.16579893094024173,8.512545096593775e-5,2.0278194403152184e-4
GWK60_A01881,0.17048494933189154,0.05673870770012697,1.0164341323484167,0.8415973715063674,0.8743482126145161
GWK60_A01903,4753.927507186224,-2.7468826965306383,0.1536544604859731,1.7630738280326513e-72,3.932324158219661e-71
GWK60_A01925,8881.81707443199,-2.813476526417872,0.14520145863992776,1.5500107431922176e-84,4.138058984098011e-83
GWK60_A01947,523.0176341669437,-0.2715331510476704,0.24113895164895635,0.2406660337558506,0.3068404858739571
GWK60_A01969,1145.4412239530404,4.11181696322233,0.2200797574263721,4.780028001214116e-79,1.1485103642917189e-77
GWK60_A01991,0,NA,NA,NA,NA
GWK60_A02013,6053.4141480542985,-1.5083081312406201,0.15359012918433837,3.112774523233079e-23,2.4268622610339313e-22
GWK60_A02035,13236.257121625858,-0.9198093911066535,0.1412181153303146,5.0286749005477873e-11,2.1646234140305866e-10
GWK60_A02057,1704.2783200954668,2.648354541846767,0.1814629237783992,4.2775660852808124e-49,6.709559147416728e-48
GWK60_A02079,241.04495882048263,1.263576998332926,0.3303042660056804,5.469140161357199e-5,1.331638640853715e-4
GWK60_A02101,2832.653440662892,-3.090326960535616,0.16724940773759384,6.011117271175103e-77,1.4185163346174817e-75
GWK60_A02123,7781.261968850033,0.4372829911065687,0.14538782779729614,0.0024722094374700233,0.004758958152391312
GWK60_A02145,7.683106066788883,0.6587655460280788,1.1445651658082985,0.14206886422521314,0.19425142687389466
GWK60_A02167,8413.521562919286,0.0794245806408007,0.14294553470937105,0.5749880913714307,0.6499972307505095
GWK60_A02189,1811.7380255374806,-0.7465309457383116,0.17448210723717952,1.3478712067316507e-5,3.520181422323866e-5
GWK60_A02211,4709.876829142258,-0.6015007795547084,0.16820776696940618,2.6946715203277505e-4,6.00254262808786e-4
GWK60_A02233,2488.090274085107,-0.27760816123516685,0.1628762688970175,0.08450897134189538,0.12245461143455565
GWK60_A02255,0.3409698986637831,0.06672701140273021,1.0183305846086295,0.7532955260769654,0.8028915818589876
GWK60_A02277,1796.7030541257486,1.379221744706324,0.17517292205973786,1.3606715322146741e-15,7.692523763943066e-15
GWK60_A02299,3321.8877094215413,0.2394142486383385,0.1584028410595705,0.11745462953284216,0.16442403911827427
GWK60_A02321,1098.6173982931036,0.09114919306963122,0.19327093886373137,0.632636043143046,0.7029880437364181
GWK60_A02343,4788.435368745642,-0.5900455621136137,0.1531250814060878,9.393308459284644e-5,2.2285919441552345e-4
GWK60_A02365,2114.3655637305787,-1.0306514967468365,0.16882584680334586,5.605675604703137e-10,2.222925824940794e-9
GWK60_A02387,7432.491582235376,-0.3034387603696109,0.14561499631558658,0.034825481911949056,0.054187265526538284
GWK60_A02409,2034.605394693192,-0.7625707719682544,0.17110931877611557,5.7245637129855905e-6,1.5686907095304217e-5
GWK60_A02431,867.0118949955632,1.0468429728860567,0.2324060504139795,3.202468207282993e-6,9.028398369972214e-6
GWK60_A02453,11731.501598900344,0.14536313624411243,0.14120035624760252,0.308100801165722,0.3803411571606741
GWK60_A02475,2251.3664117347735,-0.4539117874157254,0.166181838279121,0.006186178954622091,0.011145242656486835
GWK60_A02497,2852.9718023811365,-0.7490568311509642,0.15994338932300223,2.183309056833546e-6,6.28593228454364e-6
GWK60_A02519,2407.409765290089,-0.2530678042623457,0.16725707286250122,0.12532198632011943,0.17414616711044986
GWK60_A02541,1435.5737611936315,0.4172301133058638,0.19458873115927458,0.028140677287258522,0.04467572588698353
GWK60_A02563,2627.3115017190553,0.07730052620625627,0.21360401044449295,0.7098473477891187,0.7692195736804596
GWK60_A02585,7680.019669834807,-0.23617342465015975,0.1457706663479497,0.09345020801945944,0.13426958401491237
GWK60_A02607,498.28835200488095,-0.5016614415750305,0.247255802375076,0.03620785104175409,0.05620989738816803
GWK60_A02629,914.4793669195026,-1.3789412309947495,0.21489160226992565,4.880647432812239e-11,2.102616326800774e-10
GWK60_A02651,2776.427208408425,-0.6176715165402007,0.16979467523071562,2.2186426321962744e-4,5.018290523658326e-4
GWK60_A02673,1088.9281609382313,1.0038428804897064,0.19553938484426356,1.6409158848424397e-7,5.225229739323575e-7
GWK60_A02695,538.0922005260642,-0.2884896741545249,0.2356541684874539,0.20739604866830075,0.2698905744117769
GWK60_A02717,2390.9242143160477,1.4401233887868037,0.17206546273604886,2.0208847039807175e-17,1.249403104706675e-16
GWK60_A02739,558.2137806852652,0.9966474930363645,0.24264049290041023,2.2172938138840995e-5,5.6376215008135404e-5
GWK60_A02761,3302.9613576010897,-0.2313703286767709,0.1648626183941334,0.16285064374437172,0.21815218014007828
GWK60_A02783,903.2353451387844,0.44843269259079105,0.21889584986995092,0.03536822627524775,0.054987189438517534
GWK60_A02805,80.76485105370482,0.836266656127947,0.5169063449893869,0.06201615901040553,0.09226496384154338
GWK60_A02827,148.07480604536468,1.243941243652535,0.4326603602023361,0.001478183043217848,0.002945222603260288
GWK60_A02849,746.1258926945369,-0.2953986350925607,0.21566195881695974,0.16000327881872373,0.21532009466287516
GWK60_A02871,1851.6268135067928,1.3903862580341375,0.17574294573504542,9.60488230435294e-16,5.471056881552763e-15
GWK60_A02893,2342.144456803276,1.974709701032984,0.16886599970328528,3.1423272366469974e-32,3.2190584831232614e-31
GWK60_A02915,1010.7649046771435,-1.059222415295799,0.20221032981455128,8.079250814341312e-8,2.642754938403971e-7
GWK60_A02937,2492.8939691903897,0.783913649327838,0.16652777690102702,1.7650393080943795e-6,5.132011981620952e-6
GWK60_A02959,301.837693437128,0.7524997475440532,0.3005350372393088,0.008244017338798149,0.014501788902791019
GWK60_A02981,1228.1100242012114,0.36787153857577176,0.1872364503593689,0.04584690606878377,0.06974007064160892
GWK60_A03003,3659.870514500647,-1.8022925890168005,0.15966504370701343,3.528822296076548e-30,3.3976966588452887e-29
GWK60_A03025,528.4575131876427,1.1452907327517976,0.24462901775112816,1.3890548816296757e-6,4.090553818548449e-6
GWK60_A03047,14068.226586571982,-4.586791337536825,0.20344223807556233,8.891411665980338e-117,3.4057972511863814e-115
GWK60_A03069,616.4812204678349,0.10044062327346075,0.23922098970378067,0.6655140541555818,0.7307659514471138
GWK60_A03091,988.3657553659067,-3.6916167069253736,0.2165100343606541,2.760713701528056e-66,5.591238554129235e-65
GWK60_A03113,61558.3837426424,-2.264059831213708,0.13913044172812733,2.656448601996277e-60,4.858819138461011e-59
GWK60_A03135,412.548180141733,-0.3544352309664741,0.26296947033540796,0.16069985551301108,0.2158727919292952
GWK60_A03157,26639.32718683966,-5.8183476012909985,0.1561949845539045,1.0095402219226075e-305,1.4823415591896955e-303
GWK60_A03179,10.144777543940926,0.44876378316987214,0.9407961178778167,0.35222026046072863,0.4269287541379068
GWK60_A03201,932.5526536806544,0.13572457924749518,0.19967998704629653,0.48951273612525154,0.5659589508219772
GWK60_A03223,2486.960733967935,-0.026599218373871917,0.1619477763785519,0.8745778739221198,0.9021162343129544
GWK60_A03245,16269.263723815624,0.43621862716036297,0.1390383076527047,0.001542022996195522,0.00306433592401862
GWK60_A03267,23411.04828232865,-3.4211011998803467,0.14044061648294068,4.93611688045759e-132,2.0545129000077813e-130
GWK60_A03289,29.85232748344791,1.5487819200955792,0.9299460158355757,0.01833267089546013,0.030226605849470446
GWK60_A03311,1257.7589951096038,0.5692049216294134,0.1880881205586932,0.00207271073131858,0.004047413714721099
GWK60_A03333,1249.2959711919923,-0.5944408697741984,0.18673527842644003,0.001301914446566216,0.0026157049656210635
GWK60_A03355,2787.098731944402,1.0584142483789196,0.1660351134211872,9.769849240180511e-11,4.098684371713824e-10
GWK60_A03377,811.6717697934519,0.6464472453832882,0.21753874512176366,0.002350600959795668,0.004549683309946274
GWK60_A03399,0,NA,NA,NA,NA
GWK60_A03421,2169.204194132224,2.41123226108925,0.17394260339958892,1.69553301878796e-44,2.455503434880317e-43
GWK60_A03443,1730.1114331482313,0.6391228642265263,0.17416350148591805,1.936820119070091e-4,4.411043149247954e-4
GWK60_A03465,82.18172736183163,1.2790172861506917,0.5425949312800529,0.006519513186624397,0.01169397580743012
GWK60_A03487,285.25935763392727,-0.183326161496004,0.2932836098579415,0.5129544184083557,0.588939412620888
GWK60_A03509,1433.7455738574301,0.013384013721362836,0.17975373081275114,0.9249850833060931,0.9408256975863013
GWK60_A03531,1312.9995996696036,-1.0936422018448346,0.18966043652211295,4.113918124885414e-9,1.520711273296804e-8
GWK60_A03553,381.51966267353424,0.06973433029902365,0.26468258871433353,0.787626128927869,0.8308504724631243
GWK60_A03575,3699.1151638600695,-0.09070285257889342,0.16432639169795482,0.5821595969332454,0.6557203557189719
GWK60_A03597,17758.83834819549,0.8280504546920733,0.14877387912909773,1.7190545000469543e-8,6.025810402684483e-8
GWK60_A03619,2175.280089319021,3.7694852524116422,0.17818456104265312,2.583589345989243e-100,8.327349562743378e-99
GWK60_A03641,0,NA,NA,NA,NA
GWK60_A03663,249.76268278137042,-0.10228831404713534,0.31001532574836105,0.7276165622643614,0.7830173347169004
GWK60_A03685,28.956181690221346,1.27713406046099,0.8841941400346874,0.04037485296749462,0.06202599575753995
GWK60_A03707,711.0202072468815,-0.6034508628483904,0.2296665892734874,0.006808977287646265,0.012159545250843973
GWK60_A03729,0,NA,NA,NA,NA
GWK60_A03751,8195.200579390777,0.780690312884975,0.15243291022139888,2.098825598528551e-7,6.627474381016679e-7
GWK60_A03773,725.1633464076141,-1.1945745680408815,0.23647413738173081,1.7983188408385943e-7,5.712688336942795e-7
GWK60_A03795,910.2446047572898,1.341869610715623,0.2513930141917069,2.39025836024849e-8,8.258108295603607e-8
GWK60_A03817,2765.1159905913655,0.04044131960960409,0.17626582513171327,0.8165143713244277,0.8553497754302269
GWK60_A03839,1658.4457913523233,0.058650044673533776,0.17421270075183354,0.7354548878963458,0.7896840417266066
GWK60_A03861,348.45219906914656,-0.39597938258382914,0.27508990579961023,0.13126704693662458,0.1812637434971258
GWK60_A03883,779.0152060438768,-0.039935413545748595,0.21477833995648132,0.8513737635608185,0.88259692374632015
GWK60_A03905,7260.486441504008,-1.6724280493753696,0.16168171926231162,4.2400134639506306e-26,3.609132233565706e-25
GWK60_A03927,3594.229303958815,-0.40380970357791823,0.17088550562941374,0.013920361440118477,0.02348644448530682
GWK60_A03949,3797.262876956953,-0.37491303197332565,0.15444395489553236,0.013625571035140333,0.02303318467916591
GWK60_A03971,3762.7670008261125,-0.5549099591843003,0.19371338515063136,0.003235783856336902,0.006097808721781413
GWK60_A03993,2379.2038207940022,1.7798617589001566,0.17046265610135503,3.646091462247144e-26,3.1237016968295636e-25
GWK60_A04015,6554.518285375068,-0.4351100374952266,0.16914789099256955,0.009865050467844562,0.017125338841716374
GWK60_A04037,833.1287829202882,0.7187553039094114,0.21156093894819658,5.013826001667779e-4,0.001070399202133113
GWK60_A04059,3355.0984201510137,-0.26406331195328253,0.155573341902255,0.08305258799228019,0.12070827058762525
GWK60_A04081,2215.638742194237,0.29712938094028074,0.21082642444648475,0.14650441724266286,0.19938783458926773
GWK60_A04103,1879.4470008780454,-1.5084889043996008,0.20248748544852352,2.5511076286063947e-14,1.3378129885727581e-13
GWK60_A04125,1301.513662639082,-0.3112311632475633,0.18384080487312288,0.08659955356084242,0.12524356774900494
GWK60_A04147,1420.1093079413458,-1.417697071651943,0.18385029970633388,4.384501205568264e-15,2.4192560931768103e-14
GWK60_A04169,1694.5518529119947,-1.0081553926054785,0.21769523763412152,1.6397360882063533e-6,4.7808300950131185e-6
GWK60_A04191,2086.2305246024066,0.7069863664831547,0.16823474557011833,1.9944351462618073e-5,5.095497430227121e-5
GWK60_A04213,1405.5040640407478,0.5578815417753773,0.1816230601664216,0.0018122293102256623,0.0035651076047089132
GWK60_A04235,4052.1488661548437,0.295376508812507,0.15334085222287394,0.05077213221996314,0.07674620844001291
GWK60_A04257,377.47093950643705,0.40842297889906964,0.270948740616987,0.11682047381526721,0.16379655824602188
GWK60_A04279,132.98075867597873,0.10786405648827606,0.400089819320033,0.771344545178445,0.816736016468559
GWK60_A04301,1114.0677054370778,0.05303531480549643,0.19690154458052986,0.7806264067870464,0.8244537834717937
GWK60_A04323,8055.143151679485,2.539869662197417,0.16208863016538033,2.286281897459703e-56,3.9754230624907864e-55
GWK60_A04345,2805.190699905241,1.5342899667746364,0.1700731179254508,5.566913506354597e-20,3.887279365203487e-19
GWK60_A04367,2415.62452863538,0.38481705468842436,0.1632130600821886,0.016968353584091902,0.02818815746244808
GWK60_A04389,127.33582571578701,1.0194321870310643,0.45334373392927496,0.011573094187311483,0.01981067871571519
GWK60_A04411,30805.26226681714,-5.121272353589163,0.1697940019995827,3.239590540339446e-203,2.014644187792272e-201
GWK60_A04433,867.0686761727777,-0.10450556421929577,0.20724883286962387,0.6092370252524382,0.6818604521457523
GWK60_A04455,2652.8206027026204,-0.7743229404630759,0.16855900740931093,2.9404127545536776e-6,8.307333950064534e-6
GWK60_A04477,279.52707927685424,-0.684483061669442,0.30458685219042786,0.01791473958425339,0.029611417586730276
GWK60_A04499,675.5659674181796,-1.673291623153228,0.2270804542064546,4.7970411991371444e-14,2.4666497839142943e-13
GWK60_A04521,823.3481382800247,0.06427671974130013,0.20766124361579807,0.7519558653783451,0.8026734055714725
GWK60_A04543,590.2942991826455,2.647638816052255,0.2738640021168865,3.040686442454359e-23,2.374160788007938e-22
GWK60_A04565,496.977508449026,1.976284561745042,0.3770507076019068,7.512155253147054e-9,2.717950216847045e-8
GWK60_A04587,5201.364027503029,0.08851312784942728,0.17666460487844057,0.609733069590223,0.6821338755312322
GWK60_A04609,6109.521373983987,-0.1220535801638532,0.14901712059995603,0.4180432014116905,0.49513250339731024
GWK60_A04631,3635.468430690594,0.4183790498319406,0.1637702249966225,0.00937538680701988,0.016328927400957854
GWK60_A04653,2903.4178097593544,-0.1627846303582816,0.1619054132668422,0.30966329577927326,0.3820915456324086
GWK60_A04675,12012.039864364102,-0.35477659510813314,0.15501034919076187,0.019399446503228425,0.03187611881133524
GWK60_A04697,5.237694503845816,0.1020781385331704,0.9758784856193674,0.6905275064764753,0.7522935695042556
GWK60_B00011,5.702088681898874,0.08114111389066764,1.002351718977587,0.4658840724861256,0.5426117990216959
GWK60_B00033,0,NA,NA,NA,NA
GWK60_B00055,0,NA,NA,NA,NA
GWK60_B00077,0.8524247466594577,0.07628808195626423,1.0204693148659714,0.6387831689993797,0.7072911251216425
GWK60_B00099,188.49849502365223,0.7464117570390805,0.3825706680815977,0.03316201742097167,0.05181626487947273
GWK60_B00121,4619.071302561918,-3.619473867140262,0.15970262924622142,6.019735191560008e-115,2.256760299474199e-113
GWK60_B00143,859.1451964487253,-0.948612315501103,0.23550025607258548,2.9328739395969488e-5,7.36492714713039e-5
GWK60_B00165,2718.8277886421038,0.03247636233544771,0.1598905363736254,0.8381200496528032,0.873482370359763
GWK60_B00187,974.7732705722617,-1.9048495206279372,0.20834535364033877,1.083764096211127e-20,7.783664419255459e-20
GWK60_B00209,61.956166979230176,-0.1896997738978356,0.5276094585901899,0.6732299497836258,0.7375530600116572
GWK60_B00231,639.7672287934798,1.6753010791971752,0.3050463138819504,5.356920569067619e-9,1.963708885443234e-8
GWK60_B00253,5037.783561488081,-0.284387733235873,0.14957079839005072,0.06332039357976468,0.09402011248950452
GWK60_B00275,2442.972937580119,0.2888546794110451,0.16816820750353947,0.08166358239377483,0.11891837370068699
GWK60_B00297,31.033816895318445,1.0575698956087927,0.834181008168154,0.07165582415069528,0.10536096980822678
GWK60_B00319,2511.827262730986,-0.8971358526079168,0.16358043349872464,2.7425940859122203e-8,9.419982026076671e-8
GWK60_B00341,1451.4557749468156,-0.5048036184895128,0.1802151394173798,0.004364765624675061,0.008053106838405715
GWK60_B00363,1101.8368254273416,0.18632204081061132,0.2197057890583805,0.37515673919312315,0.4503925785543604
GWK60_B00385,2957.0056951073766,-1.9207376280668327,0.17504037112597792,7.914411302666841e-29,7.378408844073531e-28
GWK60_B00407,3463.5610219291084,0.6221967802451399,0.16307202262986825,1.257192138602249e-4,2.943099045461244e-4
GWK60_B00429,440.15076889527234,-0.22761422539530593,0.2533533020763648,0.35473407701255416,0.4296801858589279
GWK60_B00451,369.15618303858525,0.04972292829955572,0.27040389015518324,0.8454093820791064,0.8774462975986955
GWK60_B00473,3768.125927676927,-0.5354817288106043,0.15385891968755716,4.1872360079245455e-4,9.067484448131564e-4
GWK60_B00495,1613.582614411371,-0.24584206881040296,0.17915833040106094,0.16174200429174948,0.21683191343803898
GWK60_B00517,21272.292136924465,-1.356522639678024,0.14119079735802628,7.949847993748046e-22,5.943832601831991e-21
GWK60_B00539,8.468330848026904,-0.7185143011345498,1.2128644156799095,0.087118491832259,0.125908761295029
GWK60_B00561,54.88204118210563,1.3481762008436633,0.6490681521865633,0.011861560095387927,0.020271647806084897
GWK60_B00583,2861.126106519478,0.588648466373464,0.16233624662724197,2.271340046654096e-4,5.128707170702072e-4
GWK60_B00605,2652.605550062049,1.3237196729158263,0.173310677946185,7.951649903508987e-15,4.311017578456257e-14
GWK60_B00627,1807.5062227193923,-3.0132591164747455,0.18184389378641763,1.2358324144873181e-62,2.3498597636618576e-61
GWK60_B00649,5266.886165788266,0.6860491045215511,0.149624746715863,3.5124529758136933e-6,9.881227477462045e-6
GWK60_B00671,385.9728424993426,0.22404579133776106,0.26445451514011287,0.37629050199212233,0.45165113386247924
GWK60_B00693,1005.1365270003138,0.6701662458272992,0.19752341143194932,5.458652081273676e-4,0.0011588126466511106
GWK60_B00715,603.2285675723747,-0.7564141913619736,0.23809191560624404,0.0010250291551863232,0.0020855674035084315
GWK60_B00737,9900.584927594626,0.6157299419812476,0.15261144891049555,4.29812942695986e-5,1.0567401000423171e-4
GWK60_B00759,432.25448914371924,-0.0017964568744669959,0.25625035992673945,0.9921044733546823,0.9928557830656665
GWK60_B00781,5586.31561604641,1.2205078884490081,0.15951544161070427,8.78397447892892e-15,4.7476573717401096e-14
GWK60_B00803,48.364617477652395,-0.05857628449519976,0.5647821951628462,0.8974603802800811,0.920445395840223
GWK60_B00825,424.73830219300197,-1.2222073681992724,0.2633486745560786,1.5168359237359835e-6,4.447029779738441e-6
GWK60_B00847,59.28751282106534,-0.021106059516653064,0.5272173919615308,0.9599996628092584,0.9678730149932749
GWK60_B00869,0.17048494933189154,0.05673870770012697,1.0164341323484167,0.8415973715063674,0.8743482126145161
GWK60_B00891,1471.5931348272034,2.1844974742203958,0.18593026279603614,1.3680323446641365e-32,1.4179252889989463e-31
GWK60_B00913,4554.250447391843,1.640417383407552,0.18276779027625173,4.174318393231138e-20,2.9264518602944023e-19
GWK60_B00935,9755.959298487058,-5.681927982661305,0.15538675822518677,5.6743300881080324e-294,7.315733864814405e-292
GWK60_B00957,2041.0907002089682,0.7947221577493047,0.1696427713187843,1.9713871943862066e-6,5.703750798864525e-6
GWK60_B00979,3405.921359695964,-0.5195901876007282,0.15558969088174185,7.246765744721391e-4,0.0015099094886321352
GWK60_B01001,3087.8859348131004,-1.808908171164025,0.1807036795279736,1.8657016306401592e-24,1.512591843491393e-23
GWK60_B01023,7279.485368902265,-5.044441583392141,0.16866480926537075,1.7776949927390847e-198,1.0801029576573335e-196
GWK60_B01045,1282.1473695506666,-0.8680574610370232,0.1880503549607095,2.651602835639804e-6,7.52759000493663e-6
GWK60_B01067,14.276763186864756,0.4185260175248598,0.9762539448859906,0.24033710519972806,0.30664299736561973
GWK60_B01089,734.8491314291094,-0.8153345236170838,0.22832862282148594,2.3015508830998244e-4,5.190272170676481e-4
GWK60_B01111,0,NA,NA,NA,NA
GWK60_B01133,610.1766916352726,-0.1037713957448205,0.23248061170490333,0.6412206883623033,0.7095441822656762
GWK60_B01155,2065.4695277240726,0.05162603902076321,0.16709396912762878,0.7536791579992994,0.8028915818589876
GWK60_B01177,6840.286358964939,-0.13436734479111753,0.14724942010681985,0.35731262677450826,0.43230820442436496
GWK60_B01199,990.0475056324278,-1.1796779421073864,0.20105931290602405,2.066945571741787e-9,7.832167951417265e-9
GWK60_B01221,2107.42024653547,-0.05243140241795274,0.17486143307650914,0.7604502564546962,0.8083579342693682
GWK60_B01243,4277.030256476683,-0.5314059769267957,0.1521511488261651,4.181700686692044e-4,9.059208946661536e-4
GWK60_B01265,1232.7158652924913,-0.5783281868651131,0.1877291352459054,0.001672750196690749,0.0033067156094642104
GWK60_B01287,624.7369334989088,-0.5670957159238612,0.23289924844252088,0.01201270176336547,0.020510058630862363
GWK60_B01309,527.3817081050479,-0.6510966390770649,0.24040438794010371,0.005129593684138149,0.009359693550001469
GWK60_B01331,580.0033406567819,1.0762546484273834,0.23569753603940977,2.617533991256387e-6,7.438862729989925e-6
GWK60_B01353,3442.1613406077154,0.1900851004721564,0.1619745744607016,0.23573355079737643,0.30124443673687173
GWK60_B01375,497.3871026390397,0.6543159786041515,0.26426081235818283,0.00984795065934092,0.017101270428802925
GWK60_B01397,454.6050582691778,0.7018847330396227,0.25765080501804,0.004752350285982998,0.008701393699932848
GWK60_B01419,806.4505438773033,3.5269537538501936,0.24439097873580418,1.4017954798620134e-48,2.179379678397236e-47
GWK60_B01441,1498.9228316830736,0.06708307577421146,0.1785651240222762,0.7044171755657651,0.7638049620596173
GWK60_B01463,1752.8453041536284,0.38298226612652264,0.17325386413446564,0.024933334141056196,0.04010882661887494
GWK60_B01485,0,NA,NA,NA,NA
GWK60_B01507,3581.997441803876,-0.5120504458208174,0.15658176591098769,9.254831216506125e-4,0.0018991086106541681
GWK60_B01529,799.5785842150106,-0.4868414665970572,0.2101041573596521,0.017549451110995342,0.02905305310764841
GWK60_B01551,828.4501595849156,0.5258799457772938,0.2090318472011766,0.010083877513063505,0.017476516896411044
GWK60_B01573,818.3937779216462,1.3066674523282293,0.21621395989848424,6.159994970031833e-10,2.431794877639154e-9
GWK60_B01595,924.9700590514351,-0.9018472028580742,0.20299857671013957,5.530210726005317e-6,1.5185815011773562e-5
GWK60_B01617,290.24553292938333,-0.5710739263050428,0.30475788344426824,0.04824788854996631,0.07309783286761877
GWK60_B01639,895.2966606613018,-0.6349665924105036,0.20549273030772694,0.0016704367532271495,0.0033046140260324522
GWK60_B01661,1503.4248238474606,-0.2607926250166676,0.17814102935120787,0.13511166463932767,0.18603809827650064
GWK60_B01683,566.1179525973179,0.5599914705447665,0.24396406171126203,0.017660654884852113,0.02922799678188111
GWK60_B01705,4.996372981899061,0.5233009650960352,1.1122774840764666,0.18783570243914005,0.2475441344037134
GWK60_B01727,1042.961507645354,-1.6343483747995617,0.19982270440499333,8.313751847087498e-17,4.993919575420967e-16
GWK60_B01749,1626.0135979189804,-0.25303879738747453,0.1758865374352928,0.1425271446059472,0.19466191847549374
GWK60_B01771,3075.8430571306826,2.699406365266655,0.1637923773556284,3.232012119531871e-62,6.101577165659097e-61
GWK60_B01793,5015.481617253274,-3.1936686638643677,0.1659468152440691,8.150483490556484e-84,2.1541727865540786e-82
GWK60_B01815,182.22386882630926,0.07035131003081378,0.3517372154883935,0.8332001129978601,0.8702422045656371
GWK60_B01837,709.4529028358212,-1.640262409294425,0.22668063206963254,1.2548580351064383e-13,6.287374003386382e-13
GWK60_B01859,1559.1863000910773,1.0186636743290025,0.17983787721613262,8.337603692171304e-9,3.0063146737256143e-8
GWK60_B01881,11369.857609143754,0.49087540000151897,0.15267717286793778,0.001117544433352825,0.002259885185425797
GWK60_B01903,261.05247073381867,-0.20509726429313832,0.3133142664280475,0.48885686299526643,0.5655717613904526
GWK60_B01925,19.13649090822854,0.28902213075665917,0.7597074791155211,0.5816548122335858,0.6554527820370101
GWK60_B01947,1004.6939054583229,0.4280809808310945,0.19964892190454608,0.02882544698858415,0.04561074939547127
GWK60_B01969,648.218866814005,-0.1079563839526378,0.224495941123216,0.6200851074754352,0.6915126325137448
GWK60_B01991,1478.9968000973577,-1.8611219401811512,0.192729836927368,9.778252392006011e-23,7.469341350309794e-22
GWK60_B02013,1444.963325078114,-0.0814219317661602,0.18552352563903393,0.6541848158900493,0.7214731768818695
GWK60_B02035,6097.095296368408,0.10947905776268589,0.14864917274282086,0.4578518812524457,0.5348519434918073
GWK60_B02057,1425.4186556929776,0.6797579212522301,0.18184338046829052,1.427863991578784e-4,3.320584716007678e-4
GWK60_B02079,829.9462676909852,-0.08934423524413736,0.20659753318512772,0.6558141100774317,0.7228176367533995
GWK60_B02101,378.0168670493121,0.7102480566599191,0.274781182590673,0.007090127150948783,0.01261899397976945
GWK60_B02123,306.63959413332174,-1.542862553166118,0.30614483505053786,1.3339270842576993e-7,4.2994747362110967e-7
GWK60_B02145,572.5581942710282,0.3617272509841204,0.23238597944415407,0.10758061413209177,0.15209176953790776
GWK60_B02167,2908.519085539125,-1.0126395876566066,0.16370611567777904,4.302502404688246e-10,1.7268813751846674e-9
GWK60_B02189,159.39653071964878,-0.2931123346296629,0.3680816775537261,0.3910237269971446,0.4671076657416738
GWK60_B02211,2660.135810775295,0.10820967612906003,0.17160578792516945,0.5095630277886828,0.5855543836719516
GWK60_B02233,1330.1972593562834,2.227422755936424,0.1995711877070512,7.29585433269525e-30,6.98657355120056e-29
GWK60_B02255,1381.6801586255933,-0.06720760724440591,0.18579008801110045,0.7292096430732626,0.7841619777427897
GWK60_B02277,7241.087175175505,1.9523062698120695,0.15089851801044266,7.391857443028516e-39,9.193731398552644e-38
GWK60_B02299,2509.470560990513,0.9820017199068618,0.1640139153122176,1.1622340800034136e-9,4.494198498096594e-9
GWK60_B02321,132289.14574812926,10.488464125843148,0.15897108239554023,0,0
GWK60_B02343,3822.848478459392,-0.5502297776930287,0.15393954396831594,2.9645045027633073e-4,6.559385015323082e-4
GWK60_B02365,3153.0771775899543,-1.3523037365622306,0.1612716822366118,1.9172751786695477e-17,1.186734964220987e-16
GWK60_B02387,2463.3233753821205,0.05081813737107273,0.16362313389425007,0.7395002822910879,0.7929003026755965
GWK60_B02409,38415.11847890399,5.0411943366984495,0.1502543609560103,3.661822714261541e-249,3.2260658112644175e-247
GWK60_B02431,8621.931486556769,-0.934086829661668,0.14544328892890926,7.634369579372972e-11,3.2413877587602837e-10
GWK60_B02453,2738.362528032474,-1.0236385973330224,0.16194775263797537,1.4298474316019075e-10,5.927979234076613e-10
GWK60_B02475,2489.685705867889,-0.34074685492723106,0.19107363920050124,0.06532225847711667,0.09674795693752836
GWK60_B02497,12.402034237524388,2.428692147530547,1.8166637371936798,0.012471402267095647,0.02123834806181301
GWK60_B02519,1161.508752418562,0.7771230431723001,0.19092773853814868,3.331674897161515e-5,8.291541198868064e-5
GWK60_B02541,1207.270496647837,0.8680695695477918,0.19754474716728185,7.140124789996682e-6,1.9345309912825453e-5
GWK60_B02563,13970.517398990149,-0.7910916090589708,0.1470255369457093,6.268416638659267e-8,2.0722232865511497e-7
GWK60_B02585,1244.561117416041,0.1182740652776303,0.19303034661120144,0.5324215786108605,0.6091732607222962
GWK60_B02607,440.67552948016055,-0.03795451484332273,0.2831273777095559,0.8917326949170135,0.9159928148720041
GWK60_B02629,1504.571741750446,-0.4178183058787623,0.17841510297266708,0.017159490708057504,0.028487772576253758
GWK60_B02651,842.6405284195057,0.75573384040876,0.21083359931740778,2.3052780946919644e-4,5.196460558013528e-4
GWK60_B02673,3590.949236079814,0.7562540067358805,0.16312450172306012,2.511200001034189e-6,7.1636282814175516e-6
GWK60_B02695,657.5010274553675,-0.12578186334458852,0.22054342262962923,0.557874879279011,0.6339051186304497
GWK60_B02717,439.053302824106,0.6190403866801651,0.2571249362851294,0.0125405310840018,0.02134919398068712
GWK60_B02739,11947.229343646552,4.783724067439557,0.1481062596152954,5.002112814983354e-230,3.888407108823825e-228
GWK60_B02761,2641.9197101608465,3.8429882585574258,0.17294165785715068,1.7392290971010785e-110,6.211868248159663e-109
GWK60_B02783,219.65005804518762,1.864633570636878,0.3513599468737655,2.595149065672856e-8,8.936780430714473e-8
GWK60_B02805,7245.9959776660735,9.680525392002814,0.2987399931292832,5.501471015751984e-230,4.2146051868499975e-228
GWK60_B02827,634.0475218258467,2.8453395031216657,0.24110242231958226,4.604717491662644e-33,4.8563530152208164e-32
GWK60_B02849,2814.878983281134,0.05094283926551524,0.15923088468162833,0.7475246594108549,0.7997197631341386
GWK60_B02871,8374.199880549528,-0.2772045956245853,0.15001752759301878,0.05537209388155487,0.08312890890596394
GWK60_B02893,23349.70436024322,-1.215713913686461,0.15727932612013612,2.7194834197746666e-15,1.5084144131090124e-14
GWK60_B02915,25320.43239291502,0.6922282407247305,0.13883497614538026,3.7848934939903756e-7,1.1693130922988385e-6
GWK60_B02937,742.5982896775303,-0.7318837680376744,0.21527151830133187,4.864764104259856e-4,0.0010427876340274778
GWK60_B02959,1054.3873584171056,0.2110810493554973,0.1938456252820497,0.26904072446364025,0.33748202883597583
GWK60_B02981,0,NA,NA,NA,NA
GWK60_B03003,1659.467728909559,-0.8155224496914745,0.1776802293243747,2.96604409550388e-6,8.3752719491632e-6
GWK60_B03025,702.4003967101767,0.4726412691338404,0.22326093357761984,0.029731379986634242,0.046896765991144236
GWK60_B03047,2.0057181995029434,0.13613637464317657,0.9847618092988978,0.6489905982906553,0.7167915383544512
GWK60_B03069,5478.1046794813665,-0.8099246066370182,0.14973399868140588,4.30316601488864e-8,1.4488239206816146e-7
GWK60_B03091,622.1592117123893,-0.17308664186078998,0.23060208540333121,0.4376355038555046,0.515204564296355
GWK60_B03113,1081.1762042130754,-0.9486649055596715,0.1956439615042166,7.143972869601454e-7,2.1653119603620003e-6
GWK60_B03135,1231.619535245611,2.508963035707662,0.20441377708931277,1.3950943550728585e-35,1.582504025947453e-34
GWK60_B03157,2227.5731699390267,-0.6079664808979403,0.1709047201589898,2.9831114974610635e-4,6.59503445235432e-4
GWK60_B03179,675.7156425345795,-0.524004690439475,0.2247946974758799,0.016508003987873405,0.027501200466403662
GWK60_B03201,953.7674306662042,-0.08223918886511787,0.1984433274935355,0.6714024172731851,0.7361612067425962
GWK60_B03223,2722.7945113180294,-0.3331864024123665,0.1706402561292307,0.04689765617729457,0.07117701202623017
GWK60_B03245,4559.055876906169,-2.672151375272043,0.1567891587359169,4.626642008339043e-66,9.299022682920222e-65
GWK60_B03267,1262.2992138830996,-0.03074086259738341,0.1882411965385755,0.8685853443971618,0.8981577763494796
GWK60_B03289,1828.9138160755406,3.083419683386056,0.18090473198225135,4.893820199782123e-66,9.798762718200114e-65
GWK60_B03311,91803.0142821592,-0.5618142051583122,0.14964759926308988,1.3701838313680576e-4,3.1920633462369116e-4
GWK60_B03333,15568.336168558266,1.3844050641901366,0.14057352054700625,2.8284427863697446e-23,2.214984973148218e-22
GWK60_B03355,774.9711861264934,2.699711319237093,0.23385346679897226,8.294847962677799e-32,8.399725350711656e-31
GWK60_B03377,6178.412060661989,-0.6561784103928889,0.15066003056150348,1.014873370332243e-5,2.698501325742574e-5
GWK60_B03399,1700.7611120205574,-0.6399071499519569,0.17525878298612885,2.0024698023775577e-4,4.5566316725646874e-4
GWK60_B03421,4401.275870583591,-0.10546007193639192,0.15562697432233052,0.5015635600390083,0.5781214518897073
GWK60_B03443,162.38110580153773,1.0094376235166107,0.4093668415469821,0.006710751416033894,0.012016609751068823
GWK60_B03465,11088.932792985423,2.0912799359882177,0.14315011573674644,5.357814592727847e-49,8.379114774307515e-48
GWK60_B03487,1141.356502792475,-0.7174344895745075,0.19179980312676487,1.2325050162062756e-4,2.887055471425566e-4
GWK60_B03509,1511.2075026666992,-2.7052187135425707,0.2376672244918362,1.0729000001063608e-31,1.0823185878935541e-30
GWK60_B03531,19842.778207545332,1.2892485110293184,0.15477052048560877,4.318505385401171e-17,2.6118557742826766e-16
GWK60_B03553,1430.0874835361938,-0.9198701548540584,0.19772673675769037,2.0001963922332224e-6,5.783937707519044e-6
GWK60_B03575,0,NA,NA,NA,NA
GWK60_B03597,4034.1717551636516,0.3856365660062556,0.15277650792320913,0.011302201021650164,0.019397219026117782
GWK60_B03619,2687.331501541198,-1.9971514445427876,0.1658951359864795,9.5883466539805e-34,1.0343673553661411e-32
GWK60_B03641,3757.3656328994407,2.730546766969999,0.15838233966597046,1.8235598426941603e-67,3.721751864278506e-66
GWK60_B03663,660.0330623604037,-1.3834044860916799,0.2274254162673162,4.3942210678451477e-10,1.7610199063403677e-9
GWK60_B03685,671.043659819562,0.10691614146923363,0.2422029435871558,0.6414486153787665,0.709647840287183
GWK60_B03707,386.88665857241443,0.14249589683266095,0.2625726591548476,0.568971195210777,0.6440217854141687
GWK60_B03729,1893.1225612224493,-0.26191367719058367,0.18776309016081197,0.153775812503177,0.20817908097887952
GWK60_B03751,97.57711635377481,0.6414610070413643,0.4612328669334642,0.11914657900051147,0.1663959885328147
GWK60_B03773,1202.393571070993,-0.8762421026552035,0.19052317897476528,2.672297541556081e-6,7.582267742708237e-6
GWK60_B03795,1289.6494657722321,-1.7383210193482346,0.20029849599798202,8.476614879628558e-19,5.671821044774248e-18
GWK60_B03817,527.0060592415798,-0.8496675953187436,0.24451344999236063,3.264794970156125e-4,7.187716040085497e-4
GWK60_B03839,2475.4909919845827,-0.9600623855932957,0.1710849042056824,1.5071397067235315e-8,5.293515275575141e-8
GWK60_B03861,5527.0283533430065,-1.6449483545974093,0.14969273260294158,1.1556890998466517e-28,1.0736331426694903e-27
GWK60_B03883,2067.9689114526777,-0.5775348420836977,0.16794986747064997,4.6938852322298073e-4,0.0010098444174833846
GWK60_B03905,1245.9228266765808,0.22882267351291227,0.20302037370809944,0.24632625129111485,0.31292491332007527
GWK60_B03927,1952.5754598692517,1.8734833945366152,0.175174720491563,2.622419948183335e-27,2.3317357231814648e-26
GWK60_B03949,0,NA,NA,NA,NA
GWK60_B03971,621.7543140994377,0.06100458717546835,0.23113225693112885,0.7944770660017837,0.8369082843534134
GWK60_B03993,2150.1601892711788,-2.7493264035968403,0.17436571698280423,5.818865495624711e-57,1.0184941393997426e-55
GWK60_B04015,2658.480969605327,-0.8868428286431769,0.1619130686526787,2.3073090451522953e-8,7.976740099852867e-8
GWK60_B04037,1161.7567985550922,-0.6346109304330081,0.19254455305631632,7.276867903069478e-4,0.0015155840715376382
GWK60_B04059,1772.5377445693064,-1.016873980410399,0.1744020397734623,3.2446079059575237e-9,1.212084621264415e-8
GWK60_B04081,232.57169196448433,1.4987280519008535,0.3414750363767808,3.6453317969380464e-6,1.0238694940815364e-5
GWK60_B04103,116.5792539784413,0.44430503426550205,0.42634805552348226,0.2505592838134005,0.3175392889565176
GWK60_B04125,34026.55848258167,-3.3664380330351538,0.15430940257540593,4.763652448492098e-107,1.6566228186006073e-105
GWK60_B04147,1471.605654671927,-0.373225165985299,0.17919040920909537,0.03251621806764923,0.05089746186129519
GWK60_B04169,1693.861820847517,0.3859429788246931,0.17870926624339575,0.02821784885433651,0.04477720592922874
GWK60_B04191,6050.382772046773,2.5499598440674744,0.157134327522785,3.580836231883683e-60,6.5270001109438435e-59
GWK60_B04213,8435.448217342233,-1.3141852121370714,0.14542541715309512,6.509870844153883e-20,4.533751947588593e-19
GWK60_B04235,773.5203163090124,0.7750550360793822,0.2193132013018165,2.8442071342205523e-4,6.311703993068783e-4
GWK60_B04257,1621.2020619290433,-0.3828941875089926,0.18245535463695856,0.032516139118434824,0.05089746186129519
GWK60_B04279,587.6088212377864,0.5810150843649207,0.2501276752050902,0.01594234208551964,0.026624177822424898
GWK60_B04301,870.7689599574876,-0.6272370772942597,0.20704624923484127,0.001956207167134477,0.0038340790083325345
GWK60_B04323,73.82335424866758,-1.0972978110382063,0.5474796749174768,0.019461671147433333,0.03196842563248371
GWK60_B04345,830.3300260389956,0.803848734780472,0.21455996975975475,1.2731978731740038e-4,2.9779309546892847e-4
GWK60_B04367,1203.8009247490074,-0.4529717016838116,0.20608035555905188,0.02440818713292433,0.03933587719043841
GWK60_B04389,6199.3277799910065,0.4032423190856172,0.17208708631993289,0.01609514629291974,0.02684725254161368
GWK60_B04411,1417.6075178934302,-1.1893221648336627,0.19686222609043452,6.413052459700858e-10,2.524154527325297e-9
GWK60_B04433,10641.085317337684,-0.8529403530251082,0.14591788457159624,3.406644180853372e-9,1.2717175946321274e-8
GWK60_B04455,3088.3977008512343,-0.23421673294022072,0.16747891632322695,0.15530140987400315,0.20995479605984158
GWK60_B04477,380.09108513294456,-0.9028929937011474,0.28261889879751695,8.198626589128032e-4,0.0016935498300168336
GWK60_B04499,4245.540972710623,-0.5016882254097057,0.15165540930844917,8.018829662273291e-4,0.0016583542094983027
GWK60_B04521,217.8069590394735,0.6250245902463057,0.33196777719955756,0.0460658245359331,0.0700327720727473
GWK60_B04543,1756.0634618656209,-1.0591724257444644,0.18284193484788738,3.6177495627287096e-9,1.347669076010145e-8
GWK60_B04565,506.5892589029927,0.33207540444594164,0.2419520605437146,0.15804246160078234,0.21306106912056502
GWK60_B04587,699.9382290677468,0.5957229306035353,0.21948879026961632,0.005486148762360915,0.009965560947711269
GWK60_B04609,810.0159503920877,0.8339142258046311,0.2141719108496771,6.73276928899733e-5,1.6221248159361846e-4
GWK60_B04631,283.65013232659913,-0.4639264054873485,0.2975271936035285,0.10164444628031453,0.14478376260785306
GWK60_B04653,4741.905784533688,-0.5918594574692628,0.15273623615351312,8.481026711113908e-5,2.0212221458497802e-4
GWK60_B04675,840.9084236136284,1.3784484975687077,0.22616574490247054,3.7259516565563344e-10,1.5069151076171984e-9
GWK60_B04697,3877.0514007833503,-0.6252845840777157,0.15347108676681978,3.664464018385513e-5,9.072766651609285e-5
GWK60_B04719,632.794341332455,-0.7489666964795638,0.2314486833618992,8.415815738623551e-4,0.0017357004289646546
GWK60_B04741,778.4683822629527,-0.2383859548301807,0.21454029593890236,0.25423201655870886,0.32119274367335926
GWK60_B04763,4065.6014184973524,3.331249800809619,0.170707715559226,4.703154184885363e-86,1.2881281358188616e-84
GWK60_B04785,846.4438079006687,0.9800637296136835,0.2131833345240292,2.6357284806865808e-6,7.486545270773384e-6
GWK60_B04807,1687.5064355036957,-1.1984262871559446,0.17837264071581568,7.4885763962212535e-12,3.3949069322834947e-11
GWK60_B04829,826.289953939346,0.07290922280056492,0.2071964279978217,0.7208780900923968,0.7776656294343693
GWK60_B04851,0.5114548479956746,0.07143351819944074,1.0193694673933988,0.7020568859034364,0.7618708065870591
GWK60_B04873,0,NA,NA,NA,NA
GWK60_B04895,2389.195907167556,0.2193672843633897,0.16318043323454642,0.17960035821678297,0.23817548759004384
GWK60_B04917,2.898244138642156,0.16976000773026315,1.0360187009012765,0.33296224552583537,0.40685123205029255
GWK60_C00011,92.13875198993857,0.6401844360024858,0.4727945810833206,0.12689512090095084,0.17600829417014593
GWK60_C00033,1043.7766057333101,0.84026015660503794,0.20240489365656528,2.02318044286851e-5,5.163945833415231e-5
GWK60_C00055,1029.7506632108918,0.8365534719538693,0.19713840232766566,1.496117417669241e-5,3.8881399556536914e-5
GWK60_C00077,921.1234656109339,0.25644439226976723,0.21363617863498882,0.2179721262775219,0.2812303293880842
GWK60_C00099,12326.313271682271,4.436959120810541,0.16309583392266946,6.213370728388766e-165,3.188725987404177e-163
GWK60_C00121,1944.680537327716,-0.8469031994496158,0.1748745386797077,1.0021149627557422e-6,3.002936333972139e-6
GWK60_C00143,12756.707551158737,-0.37514358697215505,0.14040182755207298,0.006913878881999927,0.012334378592727511
GWK60_C00165,725.3314573955203,-0.34947236247802643,0.21560038281210955,0.09701938509102272,0.1389069527603321
GWK60_C00187,4167.517809453823,0.08272965784765036,0.18639048392769553,0.6531744369061789,0.7206595853654899
GWK60_C00209,2048.085544354634,-1.326437163927022,0.1767210722807589,2.4434374604925775e-14,1.282622682836521e-13
GWK60_C00231,1582.4572142119496,0.4159949143992361,0.17679888425626347,0.016929515186359205,0.028141326187136717
GWK60_C00253,1296.461009678632,0.6498135041866246,0.1865253701272219,3.8857094926078643e-4,8.456097314913616e-4
GWK60_C00275,3749.40761376963,1.1331695685936551,0.16173264007332766,1.0531950758871033e-12,5.020008269737807e-12
GWK60_C00297,1734.957902695463,0.4652376122857811,0.17450638272914384,0.0067865022330446025,0.012135808796980301
GWK60_C00319,450.0933067971389,-1.034680475721497,0.25980882099732683,3.81210677037575e-5,9.429478890129253e-5
GWK60_C00341,1700.617243169424,-0.3544475699899584,0.1758767221868792,0.04037674071163355,0.06202599575753995
GWK60_C00363,2058.8811909207793,0.9667244616948266,0.17271285816912918,1.2804882973091259e-8,4.548831411005403e-8
GWK60_C00385,633.1228206505119,-0.7628961207153374,0.22708932327271028,5.830388604743509e-4,0.0012327773665869674
GWK60_C00407,728.4145486100899,-1.1004784120243298,0.23629004178277072,1.4612800567986106e-6,4.296065839954091e-6
GWK60_C00429,632.770819757897,0.30149249104384607,0.2251192617302947,0.16994043637581632,0.22673022379671
GWK60_C00451,717.9572502831553,0.3958069986756956,0.2213153707100579,0.0663357560362452,0.09805671320122822
GWK60_C00473,12872.357203454552,0.5767697220164728,0.1530723245677123,1.7220733111589687e-4,3.9612182431620144e-4
GWK60_C00495,6011.335624433647,1.6434867389619259,0.14986019615684232,2.4785292480178637e-28,2.2824922656833495e-27
GWK60_C00517,6673.298608523956,2.1196942173216358,0.14795682243366098,3.0665949431676626e-47,4.671475754923419e-46
GWK60_C00539,388.85728204960867,-0.7272703220484068,0.26717481181583064,0.0046296543893386945,0.008491447988218022
GWK60_C00561,1308.331041027194,-1.0791530742857867,0.18658771441284766,3.833905780139802e-9,1.4251776338831922e-8
GWK60_C00583,1777.056194499051,-0.9354519739259014,0.17891355484961732,1.1630260911288966e-7,3.762396522464717e-7
GWK60_C00605,3.4609443982212476,0.16413019969621181,0.9566298299616038,0.6574694564354161,0.7238874290184565
GWK60_C00627,1077.0253816733898,-0.7800273837656394,0.1944553262279453,4.175989214387317e-5,1.0281452718794298e-4
GWK60_C00649,21.762754231969613,-0.20999289858286901,0.7279748945416974,0.6769349879101558,0.7408443780731023
GWK60_C00671,888.6063599928328,-1.492852646505627,0.25534608933732955,1.060006536783484e-9,4.116968812224465e-9
GWK60_C00693,4628.058747714989,-0.39658082011114815,0.1546381278836424,0.009008414736935614,0.015726050297041497
GWK60_C00715,544.3927042987937,0.299243326472282,0.2347575285455927,0.18865382542154457,0.24837462544913688
GWK60_C00737,1377.5404370361912,-0.27855705471450665,0.1897921572779535,0.13376561088266684,0.18437679768599136
GWK60_C00759,2340.878791476689,-1.293270888798672,0.1687151539838314,7.296218867572877e-15,3.9760631890711575e-14
GWK60_C00781,2859.968678210244,-1.1847123928268009,0.16181191822395846,1.3288039907477666e-13,6.651569976413537e-13
GWK60_C00803,5083.4285904035,0.3136518335815864,0.1487372197211564,0.032139861965601875,0.05036801374152727
GWK60_C00825,3734.0994988273887,0.038391587591050894,0.1533181465969217,0.796196170481431,0.8380511663012433
GWK60_C00847,707.8420330109728,-1.704939643799518,0.22575756048979984,1.2318673670434122e-14,6.577425153728765e-14
GWK60_C00869,2444.4785864419423,-0.6810312954193544,0.16514946997892968,2.8081146320957017e-5,7.071793208793653e-5
GWK60_C00891,8317.502584985343,2.3980111026657,0.16026602778124904,1.2891520418609381e-51,2.1097392239247426e-50
GWK60_C00913,932.3427738891755,0.09994723758927145,0.20005275294270858,0.6117490958942006,0.6835142086021442
GWK60_C00935,4180.3331587048515,0.19004974774071043,0.1515525747873213,0.2054282145092404,0.2676592412856408
GWK60_C00957,3853.499233211127,0.6093735647905391,0.15397462993097746,6.308145460215597e-5,1.523987975443311e-4
GWK60_C00979,915.9127026063295,4.64695462140709,0.2472005318305743,5.341541708138571e-80,1.295201351799105e-78
GWK60_C01001,252.51402499877713,-0.6937023183726808,0.31946145223377304,0.021519311304085877,0.0349680539666148
GWK60_C01023,117.33700041994031,-0.8520487241435266,0.43557917996307366,0.030050325472132135,0.047346056764736355
GWK60_C01045,2036.6873568026222,-1.3441305880137429,0.17054172295258033,1.2707742016266856e-15,7.191983329548887e-15
GWK60_C01067,1006.0837699417425,0.11552117759482027,0.2123348844694205,0.5612109084562702,0.6371055972446601
GWK60_C01089,2247.18985111249,-0.24118642596477383,0.1782611509901066,0.1671464512798279,0.22328434204325762
GWK60_C01111,2217.447105518833,0.5332808669499832,0.16616377767698226,0.0011752555821003393,0.0023693367684906154
GWK60_C01133,2725.5009824464964,-0.6047412293599892,0.1606999538269722,1.55701840035133e-4,3.597202475636858e-4
GWK60_C01155,2529.9872668371854,1.0991762411031478,0.21885965856813033,1.9000115909459407e-7,6.021259754040913e-7
GWK60_C01177,9228.599786890805,-1.424297170872387,0.16667491967136577,3.292862896355711e-18,2.1436050825290997e-17
GWK60_C01199,6248.086683503398,0.5082315585643012,0.14660725693516236,4.586052900412848e-4,9.882542043042118e-4
GWK60_C01221,6.3027620545761405,0.20906959403259545,0.9200447444550591,0.6226017180963392,0.6935874988108006
GWK60_C01243,1066.6544829537954,-1.2177853617030858,0.20399090149171745,9.878498240040146e-10,3.845194528486908e-9
GWK60_C01265,1670.3245352661943,1.1760240823512924,0.18174441593243426,4.550031778586703e-11,1.9649892141837672e-10
GWK60_C01287,5724.852660946232,-0.43208773530349753,0.14852524548762128,0.00321301718174996,0.006057064487421644
GWK60_C01309,2540.7069138443226,1.5786118589011628,0.16725651687305976,8.845723255480979e-22,6.585703257531332e-21
GWK60_C01331,2342.725707240376,-0.5358000418764098,0.1679467950065379,0.0011598340308366377,0.0023400315599246056
GWK60_C01353,1288.042420412797,0.053746650358661614,0.18471742804188793,0.768732082088015,0.8148220946294862
GWK60_C01375,4432.3418764025155,2.6339069024174058,0.15570545185715626,5.006932178755455e-65,9.766289113247724e-64
GWK60_C01397,2764.432502746084,3.7159915702283683,0.18023690195317005,8.986507613227668e-96,2.730039036983991e-94
GWK60_C01419,4784.915855560237,1.6431944330715091,0.15701164178776342,3.7325577943860895e-26,3.1926052590816937e-25
GWK60_C01441,721.0799384659679,0.6908390822582106,0.22356910537379085,0.001492893013324878,0.0029722909485632035
GWK60_C01463,2307.608193083441,-0.21159372467253965,0.16697527738379347,0.19774066870161197,0.2591118430234806
GWK60_C01485,735.7481130148747,-0.15549920832246789,0.2147803244313127,0.4574011358693987,0.5345731265261655
GWK60_C01507,0.17048494933189154,0.05673870770012697,1.0164341323484167,0.8415973715063674,0.8743482126145161
GWK60_C01529,836.0086198605864,-1.229623050197854,0.21063163252492176,2.2397149727394277e-9,8.450487755817712e-9
GWK60_C01551,12927.006325306314,-0.8069954670660491,0.1518133372367208,6.907573185154512e-8,2.2778185812056615e-7
GWK60_C01573,1478.7424557242948,0.8067832009633015,0.1808037934622103,5.625265856564667e-6,1.5430801929320617e-5
GWK60_C01595,494.1014527571656,0.5553024826034662,0.24645109578599195,0.020034036825441096,0.03280666625132641
GWK60_C01617,2167.6240597656665,1.2064228573997235,0.17332282028543577,1.5514306311445374e-12,7.361635831445265e-12
GWK60_C01639,8364.679925260309,0.6194374846261269,0.1473402718065043,2.2095847792514805e-5,5.620893541674192e-5
GWK60_C01661,23.426501533687308,0.6916863918475341,0.807244740546652,0.21729623474996704,0.28056372664590273
GWK60_C01683,439.58852195464215,-0.0013745250261462175,0.2510227233347063,0.9970209831643095,0.9972096342491089
GWK60_C01705,857.27878805259,0.05810748611645708,0.2122045625584337,0.7831215801545468,0.826593584803701
GWK60_C01727,2283.0003654154284,-0.48508374792147857,0.17198032506717056,0.003830597867844934,0.007122244224209751
GWK60_C01749,2346.7151409457692,0.5435202573627328,0.1809929057837281,0.0021945392292607325,0.0042726830076877465
GWK60_C01771,3578.988845609551,-0.01805030847150366,0.1543241507125873,0.8903526918583193,0.9149308571467877
GWK60_C01793,10937.018307698096,-0.7460236375890503,0.14368892340983805,1.5532367121263523e-7,4.954984466083222e-7
GWK60_C01815,3071.169353366261,-2.043525413524537,0.16370770165257117,1.7517377901892014e-36,2.0217654932183666e-35
GWK60_C01837,1310.6631126090483,-2.047251668090882,0.2084454712695583,1.3598353536127603e-23,1.0809157412326392e-22
GWK60_C01859,208.97580540877047,1.1122644991478534,0.36095785293246413,9.617363405238335e-4,0.0019685898618623725
GWK60_C01881,976.2468476290389,-0.5744940151688034,0.21364799568093493,0.006297602599698881,0.011326245841560292
GWK60_C01903,410.62831318129236,-0.05801275442638917,0.2620893098942425,0.8164829022993294,0.8553497754302269
GWK60_C01925,2391.5645910498242,3.727743084937917,0.19222782646541378,2.9790214461035427e-85,8.075439673899142e-84
GWK60_C01947,5669.812586108146,-1.1727917817120677,0.15442174188363328,1.382545406697166e-14,7.337484959639779e-14
GWK60_C01969,304.352799939379,4.756367818803016,0.4503825011015634,1.1919406030952097e-27,1.0788695253358354e-26
GWK60_C01991,374.3646499791137,-1.0566916300654101,0.2973967940235539,1.8283512830586388e-4,4.182133320713368e-4
GWK60_C02013,1341.5295381175501,-0.3655100216826551,0.18870541646769756,0.048243679578912055,0.07309783286761877
GWK60_C02035,1364.8393877028134,-1.4888359846166934,0.19530047574985218,7.63252646555025e-15,4.146509239146826e-14
GWK60_C02057,3042.7931633181665,-0.9832956955662736,0.16310578042935847,9.261519845142965e-10,3.615686403354927e-9
GWK60_C02079,1441.5501749323491,-1.393701712794645,0.18313840408309456,9.339255177662212e-15,5.042625420747952e-14
GWK60_C02101,493.15683762020006,-0.5218654244430078,0.25225742343691604,0.03205996689669685,0.05025770611386107
GWK60_C02123,795.5335260061838,-2.295149071098692,0.21926709888590487,2.0497616748841e-26,1.7791527444067902e-25
GWK60_C02145,2017.843799436366,0.006443802161089571,0.16785985127641698,0.9614202408279587,0.9689356326056414
GWK60_C02167,2645.3150122243997,0.3651823442989785,0.1622987496424416,0.02274582966100043,0.03675770577439568
GWK60_C02189,1376.241588721819,-0.2900700277425915,0.1896886263389581,0.11825095765147793,0.16540739935054574
GWK60_C02211,1420.4977209560207,0.6623362119333237,0.18305003480790277,2.3249404430113242e-4,5.238548670826027e-4
GWK60_C02233,674.4037658576469,2.0776814149149896,0.28293649918417146,1.9874664550657098e-14,1.0484778125226887e-13
GWK60_C02255,5.6389973709374575,0.345453144205023,0.9778017437140354,0.41304937399063113,0.4899722486669191
GWK60_C02277,465.45792369859896,-0.240372614359415,0.2511529617327245,0.32155644299311126,0.3941900180105719
GWK60_C02299,1241.5611489544426,0.33850133221934425,0.18604582203083495,0.0650877251775032,0.0964802211470479
GWK60_C02321,924.1589693798935,-1.3701718435486163,0.21428722117542884,6.731756361809553e-11,2.8696825910101044e-10
GWK60_C02343,785.1293063041492,-0.06985715985508469,0.2090565902696559,0.731915467949791,0.7863628381265438
GWK60_C02365,14244.67903320696,5.205804395542355,0.15349783887178453,8.379069231953418e-254,7.63651033794927e-252
GWK60_C02387,2136.7921325937714,-0.9853686276384804,0.17277719382193926,7.276420502775627e-9,2.6398873560516105e-8
GWK60_C02409,14.058695980640575,-0.08323104983349863,0.8047475390982305,0.855979982455592,0.886329125810041
GWK60_C02431,728.5326233455825,-0.7156864435648769,0.23594616750761518,0.0016909469542797288,0.0033389412029595244
GWK60_C02453,1327.4106358156344,-0.6946738249329643,0.19459186860808272,2.4863817619566204e-4,5.578528859805898e-4
GWK60_C02475,967.6993955365174,0.7033281711907737,0.21733707951494646,8.977396123906912e-4,0.001845043386896265
GWK60_C02497,404.093118142416,0.09491787572177307,0.276281251538936,0.721839577984472,0.7782898962693653
GWK60_C02519,2486.9105768368745,0.1963671968719136,0.16268863110166995,0.21184887328428476,0.2746708717637305
GWK60_C02541,547.2765110602533,-1.4180003862826478,0.2527256721581738,6.696514041384706e-9,2.434718046618577e-8
GWK60_C02563,8079.372744443401,0.885259548263958,0.14495767522652675,9.025527331052409e-10,3.5313795316020007e-9
GWK60_C02585,3408.7966838340767,-1.3701596655427002,0.1572582212637415,1.1376197092400395e-18,7.573624411892756e-18
GWK60_C02607,1148.6067477182382,-0.8901348521076007,0.20563153070127957,9.093842347736757e-6,2.4376293433132097e-5
GWK60_C02629,2065.138420801159,-0.8739217312006672,0.16917796553815284,1.544054038606781e-7,4.928665246422371e-7
GWK60_C02651,4065.0885388985325,-0.9434004767759316,0.15941816499162345,1.6586338182688766e-9,6.321224486928105e-9
GWK60_C02673,5779.5464073573585,1.6893395534302476,0.1513515223850604,1.7674093559438225e-29,1.6772936903983925e-28
GWK60_C02695,0,NA,NA,NA,NA
GWK60_C02717,13856.456867077693,2.1572459353972167,0.1437260305314081,1.2021348224757797e-51,1.9734424445984381e-50
GWK60_C02739,1384.534842316667,0.00304505454315524,0.18160219639013292,0.9865354850212602,0.9887801618927535
GWK60_C02761,0,NA,NA,NA,NA
GWK60_C02783,2182.4547697501025,-0.8772967936113298,0.2062294194948123,1.2232729885594486e-5,3.215425667590873e-5
GWK60_C02805,4579.463906258514,1.0096905289953766,0.1530505283549122,2.4004100430736936e-11,1.0582625093984608e-10
GWK60_C02827,4816.670961319597,5.771760286245248,0.17392348015053224,5.642871338785086e-243,4.811002886583543e-241
GWK60_C02849,200.44147410435244,2.002432131479636,0.37091339110761573,1.3339908516795604e-8,4.726190108564448e-8
GWK60_C02871,3724.566208967903,1.962437293920207,0.15916942095804085,1.3536760800392358e-35,1.538824034212344e-34
GWK60_C02893,1757.3491849384664,-1.5731011111168407,0.17595280000302035,1.1995603372011166e-19,8.277905930084989e-19
GWK60_C02915,281.95262450458233,0.20229739580804978,0.3242210909201869,0.506892303886211,0.5830218686335534
GWK60_C02937,1613.513784213334,-0.511108812317967,0.18361817678464815,0.00461563866662655,0.008468679622279745
GWK60_C02959,453.12148040147946,-0.07657736721072882,0.24873994471233807,0.7596985036947925,0.8078387226977818
GWK60_C02981,2350.190991288203,-0.703957820414602,0.16767618613652924,1.9939090905038735e-5,5.095497430227121e-5
GWK60_C03003,2719.3839698557395,-0.6958465836136214,0.19551974378535528,2.4672230070062656e-4,5.537894188974574e-4
GWK60_C03025,2341.2414564891137,-0.9882867505175703,0.16822873265120245,1.6372314356213628e-9,6.244159717672816e-9
GWK60_C03047,2378.543456727141,0.8670873586015306,0.1670637339404138,1.3516599810046435e-7,4.3513243968273726e-7
GWK60_C03069,1209.401531302152,1.2949483224413245,0.19914378167948063,2.9063101279205023e-11,1.2728049160056154e-10
GWK60_C03091,811.7899484776341,-0.6779934380496514,0.21055486443387694,9.646391244045953e-4,0.0019725657298269596
GWK60_C03113,4321.69517127033,1.2886968615178085,0.15305739222837453,1.7662429117918835e-17,1.0983952978508113e-16
GWK60_C03135,536.8034232682643,-0.8959727028350877,0.251973000087669,2.2244972015348624e-4,5.02906761578283e-4
GWK60_C03157,1644.2138500039473,1.3912425101580543,0.1818555379074926,7.488080404160924e-15,4.072221503744305e-14
GWK60_C03179,155.46819564180868,1.3702903568542393,0.4022577705821135,2.3564287072040777e-4,5.304975360426215e-4
GWK60_C03201,17951.811807827416,0.5781977330424448,0.14131199478435313,3.747209254022285e-5,9.273290316836049e-5
GWK60_C03223,10233.948233024328,-0.49184264571010955,0.1422510211747006,4.6849647017925317e-4,0.0010083356438792884
GWK60_C03245,2945.594645489081,-1.5858630451491644,0.16123182600776287,2.407368403649434e-23,1.8936531817992424e-22
GWK60_C03267,1252.4113093158699,-0.6610569764539267,0.19539936760568652,5.305178948867581e-4,0.001127590507588019
GWK60_C03289,457.3674415136367,0.5320545819647224,0.25143967963142233,0.028828133509320758,0.04561074939547127
GWK60_C03311,688.4336453855585,1.7419112044266833,0.23017982932460412,9.799453750472112e-15,5.269574010681137e-14
GWK60_C03333,0,NA,NA,NA,NA
GWK60_C03355,1372.949895918321,1.7509588837026175,0.19326803906067094,3.123336956950986e-20,2.204266909805462e-19
GWK60_C03377,608.6086072445482,0.0727279008034403,0.2274143543799394,0.7451006807228642,0.798257437839696
GWK60_C03399,928.4654170543897,-0.793900107951426,0.20222048293388936,5.932807879495758e-5,1.4385698372025035e-4
GWK60_C03421,0,NA,NA,NA,NA
GWK60_C03443,89.7473096168793,0.3332292759351917,0.46757069665660855,0.42292768435861294,0.500021413446573
GWK60_C03465,2515.6643429583264,0.4604874844658659,0.16756164835244958,0.005314358428166168,0.009673449948790071
GWK60_C03487,1710.5496759708537,-0.4970988553503738,0.17588100884417224,0.0040304193100413385,0.007467506650150198
GWK60_C03509,3439.9943368012655,0.973472473885793,0.15671217288327094,2.9965414786895855e-10,1.2175033248542005e-9
GWK60_C03531,855.0127981714955,0.4198242107758459,0.20781951277918467,0.0389598938509836,0.060129050772642134
GWK60_C03553,660.0192047652886,1.9519090324831807,0.2350170245494566,2.1103644259581398e-17,1.301678687936374e-16
GWK60_C03575,709.2688134542179,-0.2926818650646009,0.21723241791798473,0.16683030117701256,0.22291834479820233
GWK60_C03597,5814.530493178643,-0.13185946620681996,0.1469651173321191,0.37442719214782366,0.4497210037930915
GWK60_C03619,0,NA,NA,NA,NA
GWK60_C03641,1121.1994215929137,0.22767662388528523,0.19345144649345739,0.22973431151624019,0.2948229110645413
GWK60_C03663,16004.88183627337,-0.16779972388101727,0.14141486342491175,0.22197764299695724,0.2860492006050502
GWK60_C03685,6859.204920316963,-0.24090613302399663,0.14595942267691417,0.10140734181013303,0.14452391717669538
GWK60_C03707,1177.9387789750538,0.47298403400802025,0.21284777800088617,0.02266315782182409,0.03663530649729729
GWK60_C03729,14086.379816929038,3.473348914404154,0.15015689161739387,1.3184073559138482e-119,5.200821853254181e-118
GWK60_C03751,56.37300318096518,5.094838124014998,0.9196441890342995,4.072195363675672e-9,1.507396687142129e-8
GWK60_C03773,687.680658657218,-0.5381703200957005,0.2364475595063757,0.018487413248555164,0.030462738912675372
GWK60_C03795,1184.0072595285292,-0.07242204789717416,0.1881501060659221,0.6930145610188105,0.7546920003183832
GWK60_C03817,576.7041823382459,-1.4981734339064654,0.23796982129779493,9.998451544836881e-11,4.1912620829506547e-10
GWK60_C03839,4896.142103021746,-0.8714532767853952,0.153144433151872,8.348767198137349e-9,3.0082878942981616e-8
GWK60_C03861,573.4470778378917,3.641825200243968,0.26445523054819753,3.3407872991127216e-44,4.759946539921792e-43
GWK60_C03883,1846.8031864276884,1.0615246874474242,0.19440365024091916,2.255734906783576e-8,7.808654038806799e-8
GWK60_C03905,7429.72643285859,-1.4182012909521127,0.17589439927461784,2.321036610206605e-16,1.369307982316084e-15
GWK60_C03927,9866.697652473711,-0.6699253701998955,0.14385186985730308,2.5863424136868723e-6,7.358130246904633e-6
GWK60_C03949,3213.1579793314704,-0.6484107796489608,0.16794093755932177,8.312163152610633e-5,1.982912714344379e-4
GWK60_C03971,2277.9314231822837,1.6029563451493754,0.17229201810844633,4.199560118580421e-21,3.078900802609724e-20
GWK60_C03993,3046.676870264928,-0.3940221187277211,0.16641344748974854,0.016048479750440013,0.026786316375379194
GWK60_C04015,1443.8295130572978,-0.6561818636409464,0.1808536675371933,2.5632851664973477e-4,5.729186211460879e-4
GWK60_C04037,0,NA,NA,NA,NA
GWK60_C04059,5149.716843616761,2.613324256708843,0.15786665898320149,1.65284731147065e-62,3.1315236159261126e-61
GWK60_C04081,141.69839862740747,-0.5791516194380941,0.39804458159991607,0.11218370078336053,0.1580077384334782
GWK60_C04103,11789.308571749352,3.9508839240792573,0.14539876675507085,1.1043050941309664e-163,5.612843007284893e-162
GWK60_C04125,3031.399403319996,1.8136561916186247,0.1620395679758805,1.1032404663573887e-29,1.052658683242808e-28
GWK60_C04147,667.988012978384,-0.22503996653024191,0.23089301145541277,0.31874576706347463,0.39110727128540546
GWK60_C04169,0,NA,NA,NA,NA
GWK60_C04191,1268.6982384654984,-0.8789548657250289,0.19465947584774254,3.8138843320900103e-6,1.0683726857142445e-5
GWK60_C04213,857.9276861072452,1.6018576526810548,0.22957312598992177,7.536518966086509e-13,3.6183505226824056e-12
GWK60_C04235,13220.428951946502,1.645026334919088,0.15299715243526144,1.438249358493148e-27,1.2929568212576158e-26
GWK60_C04257,1001.0021023476704,0.019072952978587514,0.1957527741582415,0.9224834852738761,0.9393840774931523
GWK60_C04279,88.46195531172178,1.8601259216032269,0.5885731979075154,2.3700181234752806e-4,5.333297488586775e-4
GWK60_C04301,1025.9022505287878,-0.6972082812847568,0.19658023381972897,2.9120574666521046e-4,6.456852251981134e-4
GWK60_C04323,111.16995683320434,0.6072194505612629,0.43579181961555574,0.12156267698487208,0.16945683294884858
GWK60_C04345,433.9817704204901,-0.15916975027397798,0.25265030670788186,0.5114192693792244,0.5873044227544167
GWK60_C04367,1771.8406716751097,0.17725904141326068,0.1733596289832939,0.300787430831263,0.3725310120370329
GWK60_C04389,1554.850398713624,1.232049026016172,0.18310854969823898,7.768433796060594e-12,3.5157483772239986e-11
GWK60_C04411,964.3241558591205,-0.8539090988840853,0.20115090732576946,1.4151548981013262e-5,3.68135275165532e-5
GWK60_C04433,151.20679647787284,3.896698955149244,0.47656072762740453,2.8925141570350604e-17,1.7635328528359088e-16
GWK60_C04455,1720.4429083681748,3.4660084955749455,0.19008387741427857,2.317832497209867e-75,5.421266628429803e-74
GWK60_C04477,1567.3075864815485,0.6430063978697452,0.17791270447720878,2.4230775385434566e-4,5.448059493296772e-4
GWK60_C04499,4543.518390366071,-1.830647018776085,0.16132900463315097,8.353319116363382e-31,8.192141901502196e-30
GWK60_C04521,415.23275409023637,-0.5753448297869505,0.2652764344935004,0.02407843125089077,0.03882812312147914
GWK60_C04543,3648.0936348309688,4.578959665754908,0.1688410797479057,4.4302713764207345e-163,2.230325190072381e-161
GWK60_C04565,4100.886974272275,0.2120048371257854,0.1685115692802174,0.2015666288312038,0.2636024740231923
GWK60_C04587,1919.8597141906785,0.8101052173969029,0.1848164294595503,7.714596570080224e-6,2.0795184839084177e-5
GWK60_C04609,6695.753709118943,-0.10001636027319126,0.14659443538911593,0.49312987448168316,0.5695181377562109
GWK60_C04631,709.1961139252942,-1.1196964616670384,0.22816847583418418,4.342847993952881e-7,1.3354447059938875e-6
GWK60_C04653,26603.951431265625,0.7684083617377926,0.14067293668112116,3.372474109359228e-8,1.1479007174547894e-7
GWK60_C04675,4479.934253300849,1.0337127266551738,0.16452373421045619,1.78712651716893e-10,7.368760350822905e-10
GWK60_C04697,1801.3677208696272,-0.7522832108564471,0.18648610916648728,4.0620912335154405e-5,1.0015025308004953e-4
GWK60_C04719,1289.2766607093984,0.06968512200574886,0.18461312946046177,0.7005028434335974,0.7609654809679399
GWK60_C04741,1760.6000714053237,0.3805447391997835,0.17283246213788445,0.0255252088014789,0.04096121849563372
GWK60_C04763,2604.293798441385,-0.5381474077341394,0.16281768054937712,8.037412493929155e-4,0.001661547221075851
GWK60_C04785,2253.0476318959813,1.3571787470084802,0.17961477957337785,1.4815269789656443e-14,7.854916359892071e-14
GWK60_C04807,1888.9509138030671,0.10619922643054748,0.1700937121891716,0.5280751168508344,0.6046649733553636
GWK60_C04829,4687.959540441077,-1.6351790173936245,0.1524857207934875,2.2855758613688312e-27,2.0373615519722838e-26
GWK60_C04851,260.0632280376475,1.794902241720005,0.3263369224223912,9.365259853580062e-9,3.3630953523114274e-8
GWK60_C04873,2225.114453890276,-0.13070107606207057,0.18144883762867725,0.4587775861101733,0.5356965584666172
GWK60_C04895,43845.85768037439,-4.351052013445838,0.13816439634772137,2.0963575611714707e-218,1.4206853933785122e-216
GWK60_C04917,1568.2673264419284,-0.4704661577459322,0.1780142994269134,0.007157122213933764,0.012721098864443134
GWK60_C04939,1329.7562812997135,-0.36075808325442615,0.18312762467041818,0.04645270330372888,0.07056005450100887
GWK60_C04961,6.622730786389739,0.3476554477704774,0.964084025875732,0.41639513217251806,0.4936229353361584
GWK60_C04983,1.4018527077533076,-0.023106186947545567,0.9992647091929477,0.9117857231856072,0.930598677109517
GWK60_C05005,2429.434295276631,1.95820620888766,0.1733156495597298,2.4778012906927123e-30,2.4032399307526014e-29
GWK60_C05027,5754.861370528653,-0.04625328734663419,0.17162600320132754,0.7791350916551921,0.8233722699898732
GWK60_C05049,707.6060230677276,0.9008224265542221,0.21994054819480535,2.8771072066111043e-5,7.231758770397669e-5
GWK60_C05071,1920.2750504315684,2.0362485850989476,0.178042054523825,5.570323696909734e-31,5.4729983386365895e-30
GWK60_C05093,23.46242031955547,0.19124597891992368,0.7129258969230253,0.7123123445665496,0.7714163190696129
GWK60_C05115,1310.9283012807211,-0.7206466937555714,0.18668952173818176,8.312778234935951e-5,1.982912714344379e-4
GWK60_C05137,8.66605369805058,0.7316741652986266,1.2385263882778415,0.06623791810018742,0.09793947834338201
GWK60_C05159,3.447672099736006,0.059491023412395164,0.9893822050600418,0.77146479951334,0.816736016468559
GWK60_D00011,3.7505297575515115,0.180044607013411,1.0161617992191554,0.5648589752015992,0.6406017041226462
GWK60_D00033,193.73622464910426,0.5717635624679517,0.350669415037832,0.0816869358716011,0.11891962077038927
GWK60_D00055,325.276732707992,0.19497935485137602,0.27991069923386447,0.469785713879893,0.5460174326229362
GWK60_D00077,3006.2754004313388,0.001642330327449511,0.1576592968082558,0.9920154314388082,0.9928557830656665
GWK60_D00099,6125.733923804585,0.023865567926473603,0.17363875166381498,0.8907157572412452,0.9151260432997516
GWK60_D00121,2064.040267967714,-1.5332793299137382,0.18043653182143068,5.34969963317005e-18,3.4485990562118155e-17
GWK60_D00143,797.163282200401,0.08746323439541576,0.24642284252664481,0.7091993394823612,0.7686749453565228
GWK60_D00165,644.4374872720367,-0.2125527827932432,0.23509605935104538,0.35157170061252174,0.42633815311718054
GWK60_D00187,1380.7303253588382,-0.10978376174880429,0.18228850253265577,0.5526134428400009,0.6292793319371488
GWK60_D00209,5607.236932038528,-0.06447842132929811,0.14764309883787993,0.6573551522390509,0.7238874290184565
GWK60_D00231,897.5660125791526,-0.7840019126379921,0.20477479275037686,9.25002199271646e-5,2.1965685648472243e-4
GWK60_D00253,1158.647249712238,2.0997344002481495,0.20436722523315315,1.6481161211772824e-25,1.3741233149121632e-24
GWK60_D00275,23222.93840780473,-0.8880954584832002,0.14687491636310715,9.417260758714476e-10,3.6737741970896472e-9
GWK60_D00297,1275.5572189692193,0.0041918385941299855,0.18615398587386936,0.9818915758617909,0.9853728338089942
GWK60_D00319,642.3739422912923,-1.391751372067993,0.22902077544360275,4.3586373365249546e-10,1.748084746651814e-9
GWK60_D00341,5.1030545882305205,-0.014549897691963909,0.9130661792563514,0.9625044833066747,0.9696586046805952
GWK60_D00363,537.9123234985508,0.3338296815891498,0.27348787447757605,0.2010395695535315,0.26297826395940793
GWK60_D00385,1501.3614070842602,1.144284140452529,0.18387386842655387,2.2363188929643703e-10,9.163706719542373e-10
GWK60_D00407,9403.888094863942,0.610195591643493,0.14266470724374722,1.4717418551016454e-5,3.826673608493505e-5
GWK60_D00429,0.3409698986637831,0.06672701140273021,1.0183305846086295,0.7532955260769654,0.8028915818589876
GWK60_D00451,596.6454786110619,0.02671232785714423,0.22726033257902523,0.9085929730909371,0.9280816339630326
GWK60_D00473,867.3298920938839,2.855179123587708,0.2179842523971961,4.031199157420586e-40,5.248502154218034e-39
GWK60_D00495,1.0989950499378023,2.9936905081433702e-5,1.0141851043745678,0.9950295613442143,0.9954061811630425
GWK60_D00517,6269.6024541626775,-0.3216102154869259,0.15198637278807445,0.03200721821114515,0.050189900760638756
GWK60_D00539,759.2151938298322,-0.019081634999013424,0.21122847224457306,0.9245855120809139,0.9406103234301157
GWK60_D00561,3635.7118009774617,0.15692369863479125,0.16751443201186358,0.33515624039324565,0.409248299080318
GWK60_D00583,7048.916474771559,0.4787477316922156,0.1451715578143332,8.560490253790394e-4,0.0017641618511320086
GWK60_D00605,687.9016164995413,-0.9989841501219227,0.2237507600934431,4.389527655575353e-6,1.221855881378163e-5
GWK60_D00627,37244.64704534626,-1.9479391454993586,0.14858068667835672,6.496185046644506e-40,8.354947483348626e-39
GWK60_D00649,3873.6665387995718,-0.7122140179994185,0.15547541005441043,3.8078212749604135e-6,1.0672398334804214e-5
GWK60_D00671,1579.5461711617706,0.7992835550188274,0.1849528791151183,1.0460639246410773e-5,2.770994180254221e-5
GWK60_D00693,2633.8077442687836,0.7567184176488956,0.17179444911550487,8.441697477327119e-6,2.267419352904022e-5
GWK60_D00715,17704.28187334677,-5.546412327418276,0.1617675179061101,1.705395642699071e-260,1.7336002629437094e-258
GWK60_D00737,2224.1346394505445,-0.9430157081118185,0.1697108213607168,1.3000471414035517e-8,4.6152110070242944e-8
GWK60_D00759,1710.5813170553968,0.051463002588734826,0.1738110165282381,0.7639765057708983,0.8112040031986845
GWK60_D00781,1341.2770382056665,-0.61394882611434,0.22920348367407964,0.005379919885228854,0.009782681979126151
GWK60_D00803,5535.011440792234,1.7883559043582944,0.15454538973007928,1.3802460208105966e-31,1.3844365210635321e-30
GWK60_D00825,197.29423836074128,-0.02392638843940729,0.33720030968585135,0.9394290725244038,0.9516715364821767
GWK60_D00847,265.86233912032094,1.9959651492323631,0.3744277461815453,1.2245879546186207e-8,4.3561049314360894e-8
GWK60_D00869,5953.134063589345,-0.3692851829453467,0.14756693020182401,0.011239017704568283,0.019301315005311223
GWK60_D00891,1547.5074096322658,0.1950609659488405,0.17695975588524426,0.2638256532169709,0.33149094435581367
GWK60_D00913,741.0059914949095,-0.6100302861415657,0.2170444715229068,0.003949575321417894,0.0073279940852983465
GWK60_D00935,1532.4651352368414,-0.5347143521058572,0.18060634118332156,0.002549872042948284,0.004895976614247959
GWK60_D00957,4.429555691306913,0.2428661530605128,0.9790148159147498,0.470357234894746,0.5464413942095884
GWK60_D00979,982.2432605847121,-5.202047655885777,0.27074443173960255,1.419526985851709e-84,3.8089439833564135e-83
GWK60_D01001,1863.559072097578,-0.9378436451049991,0.1736922584834845,4.3921959660216626e-8,1.4769178038416353e-7
GWK60_D01023,764.6472010929073,1.5426017754049481,0.2213891640808631,1.0186191151144296e-12,4.859585417414147e-12
GWK60_D01045,4070.60211727786,-0.5970679710658383,0.1527865762133202,7.321500818472279e-5,1.7607576581639886e-4
GWK60_D01067,918.2548468781602,0.7979860351138296,0.20318993159176915,5.850094755503103e-5,1.4198163855642517e-4
GWK60_D01089,1715.5616915950677,3.002512868923369,0.18924345433313036,9.932177398542022e-58,1.7559026665114758e-56
GWK60_D01111,1905.7801101191026,-0.6172253166512459,0.17320733380337783,3.09239308248466e-4,6.819520164377935e-4
GWK60_D01133,15516.931424607941,-0.9289580084999545,0.151249464916036,4.492903972093325e-10,1.7992038179155543e-9
GWK60_D01155,1174.4640367804172,1.0308232461516746,0.1943914706589979,6.256289707205697e-8,2.069508597765289e-7
GWK60_D01177,6511.128712717301,-0.9124773696778907,0.1489678051658216,4.217502956166109e-10,1.6966301846494713e-9
GWK60_D01199,4847.876767733675,1.4053967046747127,0.1513196708562385,6.35995376210213e-21,4.611620793754713e-20
GWK60_D01221,2638.919361399546,-0.31927197511025074,0.17502835389998,0.06291459446030764,0.09349635825616705
GWK60_D01243,368.7461393837897,0.14846702502545256,0.2711110896441755,0.5704450273763848,0.6452755006872609
GWK60_D01265,404.6061860139356,0.333996102588001,0.26432881228517396,0.190605485296153,0.2506943506532632
GWK60_D01287,69329.38017827783,-1.7100685135186608,0.1364637042384157,1.3694773128748075e-36,1.5980258445598747e-35
GWK60_D01309,682.2187552872351,-0.17494834922862224,0.2228164800269265,0.4172722523829533,0.4943301492820016
GWK60_D01331,3030.330630205579,1.0361730450492166,0.1601544624705678,5.474021579234063e-11,2.3467703218030216e-10
GWK60_D01353,76.97103544396361,1.9592213728287737,0.5769711108046068,1.2899525844624587e-4,3.0131194703793886e-4
GWK60_D01375,279.78551085422106,0.9301565841750408,0.35071527483486187,0.004114888786769878,0.007616002145261056
GWK60_D01397,4862.583837461163,2.125339636830534,0.16107926474516265,1.4757655716480367e-40,1.9357064048961594e-39
GWK60_D01419,62561.76928054691,1.4020883360842935,0.13712507644249608,6.725034587013415e-25,5.528543207924247e-24
GWK60_D01441,570.3813664943746,0.3679491103373743,0.2333027893710563,0.10230590650940327,0.14552987669771414
GWK60_D01463,2595.9139725221994,-0.8446893270479087,0.16563018317231348,2.6274166089180787e-7,8.227798693566922e-7
GWK60_D01485,6726.118526034302,-1.2792161490930216,0.1662005344097287,4.661135463650495e-15,2.5638670198601995e-14
GWK60_D01507,1818.5381595238812,0.45130140678146663,0.17495316023718885,0.008848538319897514,0.015472502004293173
GWK60_D01529,8759.851413204118,-0.5304948381460575,0.1454841253973498,2.1459929449469496e-4,4.864373373494672e-4
GWK60_D01551,532.4987618394293,0.11213242070340634,0.23578265907975196,0.6250155278738705,0.6961298104385334
GWK60_D01573,4333.60314388172,1.168426951190885,0.22650027189486674,7.025936844212033e-8,2.3138492195234911e-7
GWK60_D01595,955.7307887894335,0.4118674563228149,0.2853260267670322,0.12246942951910941,0.17054093899842265
GWK60_D01617,2568.8176594717584,1.4644042299830837,0.16662225383531873,5.312620504507957e-19,3.5911140648119e-18
GWK60_D01639,400.31634760589645,0.8426525634372936,0.2673298558750082,0.0010602167672047053,0.0021530179913346417
GWK60_D01661,2023.1490929573877,0.07644414338361205,0.16788587156202134,0.6430364810972502,0.7109581340891161
GWK60_D01683,776.8407832306393,-0.09191457474621931,0.2145377702153802,0.6597241373687825,0.7257652008598094
GWK60_D01705,999.6870849779635,2.849062369496221,0.20904009275123642,3.4271225519645226e-43,4.767307844653807e-42
GWK60_D01727,1226.384887154893,0.5700531187941767,0.19165791622891368,0.002443759621588795,0.004709337717724525
GWK60_D01749,431.7169865639453,0.47989789817467815,0.2557846706362324,0.052439336924144146,0.07908540227704021
GWK60_D01771,592.684537470344,-0.4768572581853484,0.24510843192282578,0.044422343581634466,0.06774855977279856
GWK60_D01793,2916.7617316809224,0.33619932897804483,0.17224768710018173,0.05197447034706098,0.07842907515117452
GWK60_D01815,13.345109949496505,0.6063391026156397,0.9756133308081376,0.22785574516351878,0.2928386746740482
GWK60_D01837,3015.1854322987947,-0.6194370155265246,0.18262048422802826,6.269882203964734e-4,0.0013198963492695175
GWK60_D01859,1435.6135743887949,-0.26732308399196825,0.17980657875771888,0.1297851807987256,0.17978104447119067
GWK60_D01881,1928.7079979793652,0.37497103584054625,0.17028345497532005,0.025432549110315197,0.04082863284912996
GWK60_D01903,5294.204846649985,1.6798810261021202,0.15049705747644782,1.8980758058579863e-29,1.7980696612482643e-28
GWK60_D01925,2539.1296478538065,-0.07224854292309983,0.1638023846071318,0.6533301277763717,0.7206809381105802
GWK60_D01947,5228.533242348426,-0.6127674265465376,0.16675915176366113,1.81483084951891e-4,4.157197125761577e-4
GWK60_D01969,122.0059894835706,2.1978264610665224,0.49159326287175437,1.1051493816966803e-6,3.2948785288486474e-6
GWK60_D01991,0,NA,NA,NA,NA
GWK60_D02013,7887.307126769687,0.7747870068559133,0.15115907372313409,2.0576025893026825e-7,6.50118785837058e-7
GWK60_D02035,1935.6335698002135,-0.19258250801429105,0.1691854756806298,0.24829154962118014,0.31504299839115657
GWK60_D02057,3555.5774186292692,0.6622772983827803,0.1552594137820297,1.5422535799613094e-5,3.9962511880762164e-5
GWK60_D02079,7923.823841913606,0.9241858398273316,0.147057536717181,2.131015436966599e-10,8.759368273565662e-10
GWK60_D02101,3149.320949056775,0.7582705941139253,0.15817591846163626,1.0148614368890122e-6,3.0394093798273757e-6
GWK60_D02123,1103.3531783860435,-0.9057905306302658,0.21905501493160479,1.9684573795524393e-5,5.036430642940074e-5
GWK60_D02145,87.68442031402856,-0.06272664419425428,0.4589081702676061,0.8756033638773901,0.9025817826552036
GWK60_D02167,725.1845210972552,-0.3037984122014132,0.222381767126161,0.16056517078397106,0.21581733014892315
GWK60_D02189,764.1693068246726,0.4450452242605703,0.21240888343146605,0.03258736756545384,0.05099373148341889
GWK60_D02211,3198.8504092854037,-0.33688572636700753,0.15836811635998482,0.0315913914539368,0.04961143649005048
GWK60_D02233,36190.82697077475,-4.648751481747726,0.14114845395703082,3.3865479917014136e-239,2.7970769818958864e-237
GWK60_D02255,1003.5537178274151,0.5054927936057757,0.198307892936836,0.009300784939586141,0.01620967662072283
GWK60_D02277,1413.1201634311824,3.9107213199538564,0.20222705897729448,2.297078813477615e-84,6.101687742735011e-83
GWK60_D02299,176.37121537328719,1.2184352054625474,0.4224446887764546,0.0013603353112059807,0.0027237622935737935
GWK60_D02321,1586.4431571606854,0.7576950574083801,0.18425863722791253,2.8071831558453385e-5,7.071793208793653e-5
GWK60_D02343,1619.5572832018452,0.1908521294812697,0.17516148481303118,0.27050989689183913,0.3390031567022906
GWK60_D02365,694.0517573079387,-0.26904651891793363,0.21793080535947248,0.2051307446958236,0.26733755336837367
GWK60_D02387,501.64439760822785,-0.1857137085612458,0.24857078803842286,0.44408111917858617,0.5208370969554041
GWK60_D02409,94.87730933776733,-1.1120689258856415,0.4983558801116342,0.010962800546946365,0.018857586622570283
GWK60_D02431,1130.667935998415,0.5486120433918317,0.19688335481541405,0.004483787545294056,0.008252542118532165
GWK60_D02453,1445.9936878216756,-0.4685065545041822,0.18473469734496564,0.009530278928214625,0.016587768987337013
GWK60_D02475,1327.4216700479449,-0.4258130948201833,0.18403258836627914,0.018571634395879662,0.03057292414095917
GWK60_D02497,1535.8354027723717,-0.5583314091572336,0.18055722027011367,0.0016267552517824778,0.003221816508400966
GWK60_D02519,626.9068145329776,-0.37855880565541816,0.23835530891786766,0.10175593942403141,0.14486450196483439
GWK60_D02541,1151.4188323339024,0.9309496327042794,0.19690611898390112,1.3644237239333503e-6,4.020258531054453e-6
GWK60_D02563,983.495554079512,-0.18840230344921238,0.1980758532490832,0.3336036381523686,0.40754075139205465
GWK60_D02585,409.84392917971684,2.378020650096543,0.28923259439740806,2.7910576086370744e-17,1.7036409375583804e-16
GWK60_D02607,3986.7576354479556,0.13204822822082496,0.154306263111755,0.38235967714617813,0.4575850698199451
GWK60_D02629,1276.5289432616933,1.330416791954079,0.19133064594755703,1.4230355539504969e-12,6.770626407004795e-12
GWK60_D02651,2030.5113547052679,0.5018182450821855,0.16908598000232028,0.0026053271017817295,0.004989767775368921
GWK60_D02673,1119.1062285617836,0.387307729619153,0.19127464529668609,0.03928601124128869,0.0606146688328815
GWK60_D02695,6516.839673907954,-1.3601175757104107,0.1902230942285259,2.0652651341151266e-13,1.0260330356139623e-12
GWK60_D02717,203.59268557430983,0.4469802379961772,0.3554115858034339,0.17641172810537817,0.23441739436023856
GWK60_D02739,2260.592990333292,1.329928191696088,0.16921497220722198,1.5602429540813129e-15,8.79258449389533e-15
GWK60_D02761,667.0582855576207,-0.53622359055849,0.22653271401080044,0.014821420595998997,0.024871755323952603
GWK60_D02783,4799.999054942654,1.3667765015878823,0.16794392205575392,1.332887425642824e-16,7.952192925449173e-16
GWK60_D02805,38.466054882661,-2.1655647964306675,0.8196282918610738,0.0011260473711067244,0.0022744693938365097
GWK60_D02827,39.9521532542353,-1.1226732121218976,0.7694593676398576,0.04689926842363975,0.07117701202623017
GWK60_D02849,1235.9797463925588,-0.6078141870718875,0.18714471032204227,9.62322399366699e-4,0.0019685898618623725
GWK60_D02871,906.3832543631157,-1.2690487237167503,0.20849789516410022,4.802150072596596e-10,1.9201335312969446e-9
GWK60_D02893,2246.7261632546088,-0.019430076232558425,0.17002356103411376,0.9056777319649709,0.9261776922357974
GWK60_D02915,85.46731146020568,0.21515872434538888,0.47067090438534126,0.609739417685409,0.6821338755312322
GWK60_D02937,4075.547197803734,0.4471154640024043,0.153007283852726,0.0030349811152500083,0.0057480867700507145
GWK60_D02959,3110.5464465731384,0.025369271423341968,0.17259476180655406,0.8927113299499715,0.9166418201467655
GWK60_D02981,791.0166891238351,0.08495124704629546,0.21250598299751977,0.6854973019839954,0.7488758107494534
GWK60_D03003,1189.2609572370675,-0.6432021882517434,0.1988095643517669,9.371548054669733e-4,0.001921567223312033
GWK60_D03025,249.9913207450363,0.16481717131848572,0.3085731266662893,0.5765739770349683,0.6509547293051777
GWK60_D03047,1278.820877108201,0.2310564666947505,0.19757941288388042,0.2332932352857856,0.2987629789191206
GWK60_D03069,1102.9619405270703,-0.6205229427977695,0.19268542471679964,0.0011242941980900954,0.002272665059695696
GWK60_D03091,2141.0822447879746,-0.6175041897952628,0.17559306183545687,3.4221695270256067e-4,7.502939908692393e-4
GWK60_D03113,23165.857057323257,-1.5962252399894654,0.14981773440977092,4.049050040754941e-27,3.567213085905103e-26
GWK60_D03135,303.32715610746214,0.11527249437674139,0.28671958561015676,0.676404939738752,0.740417583652732
GWK60_D03157,540.9270571445763,-1.1363308689401763,0.24843155721585541,2.2307052498344684e-06,6.4049472844242266e-6
GWK60_D03179,5079.691131887689,-0.6696232822662208,0.15309943109545002,1.1077657673797282e-5,2.9278249231846214e-5
GWK60_D03201,2715.7305384819756,-0.060219261175853946,0.16232479062659644,0.7218984792676312,0.7782898962693653
GWK60_D03223,3788.5250648379956,-0.6710946562354084,0.184209505017485,2.1337005123772148e-4,4.838584688299424e-4
GWK60_D03245,706.494805623561,-0.6112730439016868,0.21898648741243051,0.004360625906488676,0.008048278122101654
GWK60_D03267,661.8711988345206,1.5552962905834886,0.2509921819533977,1.4879331978300598e-10,6.163961507625154e-10
GWK60_D03289,1981.2974167169325,-1.288648779212791,0.17120860543785857,2.1568621700355134e-14,1.1344451174933059e-13
GWK60_D03311,700.9749318634425,-0.6728904748863372,0.22324864292410354,0.0019170196296384714,0.0037628539778198885
GWK60_D03333,4962.0508448232395,0.11334082416567774,0.1521535234000595,0.4555813251972711,0.5330241002640052
GWK60_D03355,3673.5237371692688,-1.3231329641563443,0.1656419340709573,4.981515985373559e-16,2.887312883627701e-15
GWK60_D03377,1630.3532549676154,-0.2793398861676134,0.18191866069002377,0.11695668218896946,0.16393760706402496
GWK60_D03399,1459.5765247206023,0.5832912043804162,0.18457497803792303,0.001293882648270685,0.002600703558330984
GWK60_D03421,820.1702518303584,-0.19104653555034243,0.21262174196382258,0.3583066951861325,0.4334117141313264
GWK60_D03443,567.4840717455019,0.05005987422287701,0.2522036972126025,0.8389583328683736,0.8741836679562829
GWK60_D03465,1294.9103546592003,-1.1281609159550643,0.20232146428301526,1.1067648674972852e-8,3.947610721721086e-8
GWK60_D03487,1807.5612334080258,2.0181289366649087,0.1806606493737467,1.1319814703064622e-29,1.076196771949633e-28
GWK60_D03509,2133.086514289427,-0.40003835001333277,0.16957522382543758,0.016598108381174436,0.02762518920116123
GWK60_D03531,0,NA,NA,NA,NA
GWK60_D03553,454.5515595198076,-0.08509890238645743,0.24838859294444288,0.7242768207413367,0.7803177223662907
GWK60_D03575,356.46817639382857,-0.47821387879278193,0.275509824581205,0.07002152898425484,0.10318756682764738
GWK60_D03597,12667.61883298244,-0.3387384411842916,0.15283167178553408,0.025167770139771076,0.040436727343109394
GWK60_D03619,2294.385505053098,-0.9316721134218188,0.1665140011274411,1.3339083766472636e-8,4.726190108564448e-8
GWK60_D03641,0,NA,NA,NA,NA
GWK60_D03663,3903.9172637374872,-0.10324264883147097,0.16281929604058398,0.5187226221159844,0.5949159862237131
GWK60_D03685,3771.050550390994,-0.03136072127539533,0.15313384669595084,0.8342332448634947,0.87083081656436
GWK60_D03707,942.9628522355442,-0.28442389551924774,0.20060419486031691,0.15074917961506645,0.20458540781649326
GWK60_D03729,2648.410835305229,0.7129500295519267,0.16749016165316116,1.5410019466509784e-5,3.994966302107441e-5
GWK60_D03751,1823.1723589670555,0.11036358937657306,0.1968005291232635,0.5673005967754821,0.6427060876012929
GWK60_D03773,371.69455498819354,2.059887913769843,0.2852115959984109,1.0399920004598852e-13,5.245608506136406e-13
GWK60_D03795,134.9339270796175,0.7540711131447553,0.40856398654403503,0.04368385810365576,0.0666607603741121
GWK60_D03817,2136.860637455203,-0.24257821184374756,0.16701302197543963,0.13939243139760618,0.19113576974520008
GWK60_D03839,4123.872327449091,-0.9803898711930562,0.1559046785340732,2.1542107475363245e-10,8.840961189034946e-10
GWK60_D03861,1837.036622882736,1.5565442183770848,0.1872479524436793,2.4833869859117116e-17,1.524643856855901e-16
GWK60_D03883,4369.947080927944,-1.890842918775621,0.17154164933270555,4.876234996957379e-29,4.5782909758289e-28
GWK60_D03905,1061.0231619444025,-0.3124641650651189,0.19931139642332443,0.10701821836501565,0.15133715951778298
GWK60_D03927,138.6385483771456,0.633429830410084,0.41252188254806915,0.09114656033670833,0.1311379199618509
GWK60_D03949,234.53002175387562,-0.09679842796053785,0.31809752722041096,0.7461755820356322,0.798931740738084
GWK60_D03971,395.8288666147767,-0.11083044727874355,0.2663955968418825,0.6635415990241522,0.7290544361757781
GWK60_D03993,915.7169602767106,-0.24653462202095794,0.20282172359581122,0.21250589439568054,0.275252672819301
GWK60_D04015,1648.391814074647,-0.3693751163249563,0.17823818214982795,0.03483320625410085,0.054187265526538284
GWK60_D04037,163.36325821403477,0.5650340497178045,0.37184744085305377,0.1024574581974802,0.1457062480580792
GWK60_D04059,6584.856050216121,2.8587307461730576,0.15756720040360783,1.1118734797922955e-74,2.566534154664661e-73
GWK60_D04081,473.13426901511014,-0.6314637452001627,0.24897352679094703,0.008611813376386205,0.015073525002509098
GWK60_D04103,1677.2697247869323,1.6505698559977349,0.17874976087722946,7.731085521967933e-21,5.582857659716188e-20
GWK60_D04125,888.5995226194343,-0.18940013059465316,0.20240277691712558,0.3385103354231441,0.41296229703363485
GWK60_D04147,5654.792873997129,1.9624862030126484,0.1516941168326694,6.147618478052253e-39,7.718838782656582e-38
GWK60_D04169,1016.018845022097,1.7821907837235833,0.20316116464697434,4.749777332883893e-19,3.2188875617466997e-18
GWK60_D04191,5346.054199490186,5.259827378076788,0.16370450702423325,3.678240931827696e-227,2.7384762768508735e-225
GWK60_D04213,700.3585329842,0.4144346552031017,0.21748811960623743,0.05160276057470309,0.07793491211368014
GWK60_D04235,701.2322642667216,-0.24777601089205806,0.21656281345095763,0.2405321828555859,0.3068122730411904
GWK60_D04257,3389.006360046463,1.4797854039054241,0.17663838067287513,1.4928178691839493e-17,9.316452487020491e-17
GWK60_D04279,9678.865197045914,-1.4233570350780025,0.14346887118327603,1.4582159766200827e-23,1.156445349595544e-22
GWK60_D04301,1471.9914434747943,-0.5570968625075916,0.18056485693602362,0.0016760872412372718,0.0033120737036187735
GWK60_D04323,1207.0652002127595,-1.0311752227309519,0.18982011277867855,2.8832341426158018e-8,9.870968703281819e-8
GWK60_D04345,1334.8192972045836,-1.3287957500771692,0.18677855681345296,5.012027833142742e-13,2.4306035895405995e-12
GWK60_D04367,1216.8583880349074,-1.1948452875699156,0.19838689507115434,7.422559578326781e-10,2.9149814213250643e-9
GWK60_D04389,0,NA,NA,NA,NA
GWK60_D04411,273.1230074237525,-0.16223570183205088,0.3170911050466919,0.5863059006602875,0.6598281862657611
GWK60_D04433,2166.318256163303,-0.5311668707305779,0.16840528008569552,0.0014758223223733807,0.002941627751155992
GWK60_D04455,5221.925765749224,-1.359738509124682,0.16266371347617584,1.089137857999708e-17,6.861957946825336e-17
GWK60_D04477,3142.124831166864,-0.10856925676211598,0.16018261197401762,0.4380986827757926,0.5154216864350857
GWK60_D04499,0,NA,NA,NA,NA
GWK60_D04521,5039.755162020456,-0.22352003179886992,0.1531005155136144,0.1379795406331985,0.1894441173472954
GWK60_D04543,3082.583680294707,1.3686223053783437,0.16396389723218355,2.3815492622534854e-17,1.4655261234309572e-16
GWK60_D04565,101.60541734620774,-0.3395933154732076,0.4639724898691158,0.40643818780173474,0.4832281288169073
GWK60_D04587,60.82222937270414,-0.022001112323641023,0.5259924310516166,0.9576285999675713,0.9661551343216374
GWK60_D04609,858.3989108290037,-1.438020232322023,0.2095831400588782,2.415185399980213e-12,1.1297938074597705e-11
GWK60_D04631,404.82282383419306,0.17254357182525298,0.2603098219921769,0.48860298952562664,0.5654017956726056
GWK60_D04653,466.8986806832611,0.12480448540233424,0.27292661164696325,0.6342213391427347,0.7040715942999455
GWK60_D04675,20.762545687377475,0.9240307643475641,0.9146839345303334,0.12214304277909506,0.17017610019248722
GWK60_D04697,1885.4499354358659,1.0368858753166847,0.17351824797216736,1.2710194612666188e-9,4.893378639661578e-9
GWK60_D04719,0.255657860122786,-0.06837963105416767,1.0196716028427992,0.7494899162467421,0.8007511897500272
GWK60_D04741,995.8611619913968,-1.6679140667229475,0.20214254617254868,4.3744156588443867e-17,2.642646991160163e-16
GWK60_D04763,0.17048494933189154,0.05673870770012697,1.0164341323484167,0.8415973715063674,0.8743482126145161
GWK60_D04785,2712.1534883049176,-0.6706785328834689,0.16158534350538592,2.7454910081404628e-5,6.923981616903858e-5
GWK60_D04807,728.7381296335302,-0.853939233054405,0.22839967710897666,1.1553551412313107e-4,2.7179382628165144e-4
GWK60_D04829,0,NA,NA,NA,NA
GWK60_D04851,615.008734898884,3.142508067150461,0.2528672567435346,1.5988049130077865e-36,1.8512500075945192e-35
GWK60_D04873,1178.6319052907913,-0.9354785444717888,0.1905067952893367,5.476690888344643e-7,1.673398152357791e-6
GWK60_D04895,1896.1676959420554,-0.9268906109476442,0.18379935673560713,2.6657181677108904e-7,8.342798244239057e-7
GWK60_D04917,5408.705927846113,1.1390472303719228,0.14923403838232005,1.1679081128611466e-14,6.242226779154723e-14
GWK60_D04939,2168.865450028753,0.33201279617283463,0.16881463923737722,0.04729664745308072,0.07175949438489802
GWK60_D04961,202.24116576098044,-0.4245642245786666,0.3373978676399807,0.18089095191677146,0.2396465092310912
GWK60_D04983,3255.511439412887,-0.5289118960405613,0.16521248486839138,0.0012677815515579058,0.0025529498215371774
GWK60_D05005,215.7111917181988,-0.4683400155163178,0.3407776016330168,0.14149999760378124,0.19377434905015223
GWK60_D05027,188.15024170830836,0.11263305163176812,0.3426558738272869,0.7292736062397946,0.7841619777427897
GWK60_D05049,3301.6353640125435,-0.8024594548195707,0.15987949025728887,3.774087827473762e-7,1.166656623159433e-6
GWK60_D05071,1010.4858228739162,-1.2627424777486302,0.1995403711851335,1.2928979108850397e-10,5.381305792864819e-10
GWK60_D05093,0,NA,NA,NA,NA
GWK60_D05115,975.474905295276,0.2460762036315061,0.2031962502890321,0.2166014901965814,0.2797350298507523
GWK60_D05137,2146.542800173402,-0.6669094740288873,0.1738994061871939,1.0302301932911142e-4,2.4344196699762315e-4
GWK60_D05159,2701.6575073083663,1.5273325933472532,0.1645242048105921,5.669782323867781e-21,4.1224854695962985e-20
GWK60_D05181,1560.0414018417864,0.06776343644328255,0.1763596262365166,0.7023630898756179,0.7620466529315509
GWK60_D05203,882.9582703306094,-0.7430559494077299,0.2050238723585891,2.119972278434922e-4,4.81158156453714e-4
GWK60_D05225,0,NA,NA,NA,NA
GWK60_D05247,1683.6000942505664,-2.1146163177429185,0.18117020574670814,3.2005904534946215e-32,3.2724025410391814e-31
GWK60_D05269,15815.37366317273,2.518331584944527,0.14182092979815494,2.214721883908399e-71,4.8576845968214925e-70
GWK60_D05291,49.618078001760324,2.5839899839936202,0.7443236439598485,6.289741595433515e-5,1.5202365831486767e-4
GWK60_D05313,0,NA,NA,NA,NA
GWK60_D05335,913.096343423959,-0.26000375383340524,0.20617571100208457,0.19658762460957396,0.25772871619201587
GWK60_D05357,2379.643038804352,-0.09886996360458981,0.1817971127590961,0.577144274879413,0.6514594569747122
GWK60_D05379,2599.783301458754,2.04771643038145,0.16965064014956308,1.900078625635205e-34,2.088111354492244e-33
GWK60_D05401,1508.6050728719076,-3.7577121866199645,0.21087305897843772,1.658760890077669e-72,3.715343247860406e-71
GWK60_D05423,71.1677356564354,-2.6638308993828743,0.6117113843983979,1.595821292647256e-6,4.663079797088665e-6
GWK60_D05445,2041.316552380254,-0.4499406895861452,0.16818609769380533,0.00688307625422241,0.01228357227542865
GWK60_D05467,2166.6611976107615,1.9194548728496559,0.18548291587402918,9.447952796030821e-26,7.927282298383956e-25
GWK60_D05489,2126.2969732340725,0.2257712110961812,0.1666291719692437,0.17024657218958505,0.2270240617038715
GWK60_D05511,861.7568713353278,1.6040899481568502,0.21114554388775478,9.379157654227496e-15,5.059002791861892e-14
GWK60_D05533,1534.145984422641,0.4800115221754746,0.1818373884999502,0.007199484374289728,0.012783498287704233
GWK60_D05555,812.9013057581062,0.4389347925038591,0.20883066572206274,0.03181547384273098,0.0499336682697969
GWK60_D05577,210.14894599451557,0.7801963854053514,0.3411610532415535,0.015012910940199865,0.025153168694103483
GWK60_D05599,0,NA,NA,NA,NA
GWK60_D05621,1491.1734254134228,-0.553419579047063,0.181358861639204,0.0018793176937030262,0.0036915917238625777
GWK60_D05643,5270.561180024263,4.240072912743013,0.16264624587821555,1.661830043946978e-151,7.843244296699754e-150
GWK60_D05665,9156.041312161353,0.4282932059022641,0.14312032192764462,0.0024486938826010418,0.004715408329118071
GWK60_D05687,818.2816775924276,-0.9575891288345881,0.23721415768379006,2.836168373222558e-5,7.133491951759539e-5
GWK60_D05709,384.0350216352946,0.4037231788886892,0.27644652542960063,0.12804136373814068,0.17745848157310215
GWK60_D05731,3142.173472002529,0.2686551103534069,0.16684049520988875,0.10554464329958106,0.14953336491063668
GWK60_D05753,1260.5616992651187,-1.1772983947874198,0.19589839439016365,8.934423729649615e-10,3.4983232470316936e-9
GWK60_D05775,1226.107991051121,-0.2736089076809339,0.1867036349603118,0.13539832408733754,0.18628723090204743
GWK60_D05797,1152.316895534668,-0.27004034582939407,0.18919902351670168,0.14547076263901038,0.19823625968285868
GWK60_D05819,36.60486074584784,2.069103005154749,0.8812842064593839,0.0024172471906893037,0.004661644892369084
GWK60_D05841,29.630744626835742,1.1243554924853931,0.8406512821070241,0.06105662915160701,0.09104240950504787
GWK60_D05863,1309.155921011576,-0.18032178649993355,0.18347107906202714,0.31020191297439176,0.38257753429366187
GWK60_D05885,507.3838701537315,0.1791903345711305,0.23970454435456792,0.437816667200005,0.515204564296355
GWK60_D05907,1242.6598481069454,-0.16505635656069748,0.18714034596504875,0.3751114456000992,0.4503925785543604
GWK60_D05929,7031.621531604793,-1.1103910231227203,0.1539808200821218,2.600873309194615e-13,1.2812876339611123e-12
GWK60_D05951,1674.1014431846797,0.6960043343736304,0.1760340824162915,5.916691030965719e-5,1.4353202748822758e-4
GWK60_D05973,540.6689366968138,-0.5979287929641173,0.2386761894333428,0.009665642177254508,0.016801244508045817
GWK60_D05995,4607.830449413826,1.1238696317100756,0.1552616557120039,2.3224730907141417e-13,1.1516503524873315e-12
GWK60_D06017,2229.769467224872,0.9280624995788583,0.16807875878566086,2.0683592746561936e-8,7.202468462340341e-8
GWK60_D06039,1835.1062739211577,-0.6738001274015497,0.17855231476369124,1.1863208687283507e-4,2.7845879716243614e-4
GWK60_D06061,7283.876863015726,-0.19954182279831076,0.14515640787313888,0.1661304904008088,0.22209554179531496
GWK60_D06083,3542.678823057156,-0.9662569355987395,0.15652937338213269,4.262392126027111e-10,1.712082429952835e-9
GWK60_D06105,13573.813377979834,-2.3914263755651173,0.143480114002685,3.610933763093e-63,6.966202872886714e-62
GWK60_D06127,384.4691513065692,0.32693509943837756,0.2683361055098843,0.20260904612265604,0.2647692009405092
GWK60_D06149,0,NA,NA,NA,NA
GWK60_D06171,1997.7459950172347,1.2323592365487832,0.17218736899014572,3.832616214311763e-13,1.872411618108966e-12
GWK60_D06193,257.1324111928683,-0.020797309341198646,0.3044152654168523,0.9411787499230482,0.9527121195294908
GWK60_D06215,781.9778424151951,-0.19583465766501104,0.2101612247131206,0.33809589786667527,0.41255191969604005
GWK60_D06237,0,NA,NA,NA,NA
GWK60_D06259,235.00128627559928,0.3067093150800251,0.3194352561629854,0.3122272988975552,0.3845371626217327
GWK60_D06281,0,NA,NA,NA,NA
GWK60_D06303,3398.6691203800624,-1.0092092071311332,0.15974743817753506,1.3187097785966885e-10,5.480109976149446e-10
GWK60_D06325,1142.4289221770173,2.090778467510872,0.20551142784237056,4.477204084045994e-25,3.686370839293945e-24
GWK60_D06347,1745.7941996104876,-1.6695939334717003,0.17647224124093924,8.624772014901689e-22,6.430260207442924e-21
GWK60_D06369,1040.9220889242474,-0.9259599765656251,0.2005647013887447,2.2225078198310223e-6,6.384878443275427e-6
GWK60_D06391,1967.252005717081,-0.03369808420112275,0.1686092335982813,0.8369361396091161,0.8728115886156761
GWK60_D06413,1156.682397042369,0.44571587380190053,0.2167000004874326,0.034701287415300236,0.05402975118623772
GWK60_D06435,0,NA,NA,NA,NA
GWK60_D06457,1698.463396875199,0.263244018365087,0.18125273403166062,0.14039550924599106,0.19241137201822886
GWK60_D06479,7266.6361898693085,-0.4686263981698143,0.14752215023326398,0.0012829102019401462,0.002580465497509746
GWK60_D06501,5702.927071647124,-0.862242361346577,0.1481118230421407,3.676190149605328e-9,1.3684747275220961e-8
GWK60_D06523,449.9781020122274,-0.4541244151301306,0.2605565950725043,0.0698027567333989,0.10289385724839559
GWK60_D06545,0,NA,NA,NA,NA
GWK60_D06567,42.465436663156616,4.9324112323366585,1.0356499506503762,2.794045439668518e-7,8.733452459134957e-7
GWK60_D06589,6328.387542909619,-1.0279478621337768,0.14736002577727544,1.527041516159758e-12,7.252418198041762e-12
GWK60_D06611,24209.18310792505,1.9715905995080927,0.14111485148224873,4.988831436142048e-45,7.304975892367553e-44
GWK60_D06633,4259.479695681028,-0.5827845925347857,0.15284292058490934,1.120710386396234e-4,2.638786237189529e-4
GWK60_D06655,139.66028063910142,-0.07374768481421812,0.38474462062356085,0.8334728668400615,0.8703551114414393
GWK60_D06677,470.83282204364934,0.18269074704135221,0.26955751322938093,0.4806333011472927,0.5572773919422218
GWK60_D06699,1688.5687013335207,2.315005529133268,0.18083844434059257,2.7577286477260466e-38,3.382216619925727e-37
GWK60_D06721,6.452663220308155,0.7939049993840612,1.308093417383727,0.09537270313076675,0.1367285616272058
GWK60_D06743,15043.440891753526,-0.1488854385528319,0.1411426580278265,0.2996561621320066,0.3713909667127284
GWK60_D06765,385.4985909870731,-0.648592813464395,0.29510297623539955,0.02000327535033724,0.03276838287341719
GWK60_D06787,12219.45242580858,4.631826684742202,0.18346728545376306,1.071540712475813e-143,4.841165988159955e-142
GWK60_D06809,3109.3157776595654,-1.5588894872031036,0.1616385995896774,1.5776670247512305e-22,1.201663961503603e-21
GWK60_D06831,1117.3839895372614,-0.16882133694630838,0.1991321169461467,0.3818063089099045,0.4570474378572079
GWK60_D06853,27704.002606130216,2.7945268369744922,0.1388166488991621,8.126542894112343e-91,2.3219949047717754e-89
GWK60_D06875,429.20367514160364,-0.5064555418709912,0.25833220559478165,0.04195065035011039,0.0642012558629657
GWK60_D06897,5.151318425614029,0.09584580610988924,0.9333063070086935,0.8021213733759872,0.8431126624906479
GWK60_E00011,6.5531711333673375,0.06037600222610751,0.9173186608270262,0.8819635723304848,0.9077218542326603
GWK60_E00033,300.7467930775375,0.8788211689353015,0.3176870149520895,0.0033285332559590884,0.006252532619402893
GWK60_E00055,89.48417861462224,-1.8341285249482178,0.675137896434973,5.871220958002466e-4,0.0012399230516980037
GWK60_E00077,638.6473509186062,1.4151547881167246,0.23093486168289096,3.2884289163984113e-10,1.3340472181183426e-9
GWK60_E00099,0,NA,NA,NA,NA
GWK60_E00121,20.487863888805897,-0.14674794360678514,0.7280605286040484,0.7710954169712559,0.816736016468559
GWK60_E00143,11.521861726453556,2.0262271852867872,2.2431988379473657,0.02024351229916692,0.03309842437779039
GWK60_E00165,1464.4112114366594,-0.36664275378582034,0.18109817979058968,0.03874611244707751,0.059834049195224
GWK60_E00187,1111.3243388270373,0.6199848851661018,0.1931783558348767,0.0010658736068703285,0.002162843718202133
GWK60_E00209,1868.6130177755515,-0.11150781563639313,0.18064310061005392,0.5281381350703204,0.6046649733553636
GWK60_E00231,5119.512847422768,-1.116384316489051,0.15037051179650662,5.715409495129173e-14,2.930325372575442e-13
GWK60_E00253,1561.9805575150103,-0.2578511533597584,0.17861891223205892,0.1418934542613562,0.19406178505188326
GWK60_E00275,787.3362861671523,-0.6422708001825095,0.21988260458895856,0.0026363010797784943,0.005043607494646805
GWK60_E00297,385.5718001402793,-2.6644724325353697,0.29659273066511765,3.1524536514439237e-20,2.2218493335376773e-19
GWK60_E00319,607.156314866644,-0.46534670242630305,0.22805416081992638,0.035859514465137084,0.055718222652179496
GWK60_E00341,4608.868193506856,-0.3241569094118237,0.17023377122095518,0.0507253908666658,0.07669748744885453
GWK60_E00363,539.7533525050924,1.0240903827584362,0.24102386384930496,1.1925696687410624e-5,3.139404018408992e-5
GWK60_E00385,470.32786879999816,0.09454015337689577,0.2491359001399756,0.6974094390119945,0.7583843436777212
GWK60_E00407,419.07063350853684,-0.046648522793193224,0.2661820258531835,0.853989600372178,0.8847881277082189
GWK60_E00429,3202.7907949096298,1.9367598600912006,0.16020764013163838,2.8570899108537134e-34,3.1203672042918864e-33
GWK60_E00451,2716.072426406162,-0.49504692676192463,0.17195957454706906,0.003496554729444631,0.006554180248171744
GWK60_E00473,3823.9137210863632,-0.12414218534107455,0.1529262670084626,0.4103999567043974,0.4871713835929586
GWK60_E00495,1616.036203842746,0.09681242183476747,0.17512312038021036,0.5780311609413613,0.652042833277003
GWK60_E00517,4705.8493296120705,-1.465623953127175,0.1520127296319082,1.9199553378027586e-22,1.4498405593750545e-21
GWK60_E00539,1620.7535245727165,1.544584222188969,0.1832611874513989,1.1136533654235145e-17,7.008061535272258e-17
GWK60_E00561,6688.6636291411805,-1.2542795122041628,0.14988454686923053,2.4517891057534847e-17,1.5069950247689442e-16
GWK60_E00583,6954.953597981921,1.865295154933927,0.15866677623924788,1.2576892355392397e-32,1.3061189192653085e-31
GWK60_E00605,0,NA,NA,NA,NA
GWK60_E00627,5892.068986026397,0.09969982637832567,0.14976171822022682,0.5020568038742208,0.5785638250009005
GWK60_E00649,11654.340440681388,-2.484696033496678,0.14634439281549566,1.4565531974079632e-65,2.8622082533451645e-64
GWK60_E00671,1946.234485414367,0.8832068308631197,0.2196957830031232,2.8254002780122623e-5,7.111936128368009e-5
GWK60_E00693,7181.134586460499,0.7805521048342015,0.14545835673618704,5.780967054105767e-8,1.9194844125630077e-7
GWK60_E00715,2400.739418872056,-0.11906619270345974,0.1630761217273872,0.4577314610773136,0.53482946579458
GWK60_E00737,3810.6601609731306,0.12038388217109221,0.1579202982615113,0.4410459967529248,0.5183761118972267
GWK60_E00759,1347.489636253262,-1.2309384325760773,0.1889667259412809,3.6018074581134946e-11,1.567008578073081e-10
GWK60_E00781,3512.617384431724,-0.027450358153393507,0.15626017475485307,0.8620814691998704,0.892122679363844
GWK60_E00803,275.56437743047604,1.5848443511055637,0.3241232671309112,2.8311852162940545e-7,8.834501212119464e-7
GWK60_E00825,647.9795284460946,-0.17715939458273697,0.23578566777491947,0.43636481175179676,0.5138392503720199
GWK60_E00847,1837.8085875011107,0.19846539234833765,0.19092224987964562,0.2887124288338882,0.35954288413106006
GWK60_E00869,1032.722070957073,1.7729112006050047,0.20209696910527628,4.528809871670569e-19,3.0730794584917364e-18
GWK60_E00891,952.1580202073121,-0.6378527104957092,0.20016376113704926,0.0011249307755987724,0.0022730825993177027
GWK60_E00913,12594.578811074316,-0.2271494479431488,0.14009886394830282,0.09302839787936214,0.1337162821916157
GWK60_E00935,667.9062265555258,-0.7441962457824302,0.22294890739459347,5.966085825712103e-4,0.0012589512844197275
GWK60_E00957,46788.569000422096,0.553594096735557,0.15364474544459056,2.502413142317497e-4,5.607357299826319e-4
GWK60_E00979,5601.350030943155,-0.4254136500350248,0.14807409029804963,0.003588990423403717,0.006709462136061114
GWK60_E01001,1871.131375355172,-2.013494142150979,0.17775054709775343,1.8565709202960508e-30,1.807335890365548e-29
GWK60_E01023,1163.9238688789264,0.2717741862765456,0.19783314147580489,0.1611402591399812,0.21629949462009665
GWK60_E01045,3183.769051685743,-0.47887697713871236,0.15948738967650802,0.0023514443440736323,0.004549683309946274
GWK60_E01067,9955.478836690669,2.678701667049619,0.14920708937613178,5.560542110149823e-73,1.2507670465639134e-71
GWK60_E01089,1474.7787872371725,-0.4903663275536679,0.1877104282391768,0.007609825894645848,0.013457858708296404
GWK60_E01111,2547.7940710185862,-0.6018697417269496,0.16392481874240789,1.935623776404379e-4,4.410218656066184e-4
GWK60_E01133,3542.028224130834,-1.5926767407353035,0.15960021248779568,1.216076478075431e-23,9.710242089285088e-23
GWK60_E01155,2837.896991873054,-0.4632824587733969,0.18403984308387975,0.010097397759802475,0.017488481179002584
GWK60_E01177,706.9218665357133,-0.8138506862494906,0.24591427271577157,5.752790977342628e-4,0.0012183194353458787
GWK60_E01199,1357.2487017907997,-0.8340362319216197,0.19336042700217074,1.014108446694653e-5,2.6978244837583972e-5
GWK60_E01221,7548.755320844868,-2.1312770924227724,0.16116907932426303,7.519915370276273e-41,9.912786196329272e-40
GWK60_E01243,1650.9993392675483,-0.32207605953957685,0.1750138809458085,0.06300572825959418,0.09360547486796368
GWK60_E01265,1459.2085050219364,-0.2472430106955506,0.17911134751003518,0.16061774059891482,0.21581733014892315
GWK60_E01287,230.43041493950625,-1.2007827300603557,0.33811099701387626,1.6535671213325172e-4,3.811930136661006e-4
GWK60_E01309,889.00576191104,-0.5394627730202249,0.2046857746849285,0.006986422651544487,0.012451190200965663
GWK60_E01331,773.119712074461,0.16752281020462786,0.211344440641757,0.41858265108311543,0.49566037043578587
GWK60_E01353,1349.8889314116989,-1.4795385508984131,0.18719593266782078,8.756403883192323e-16,5.0007220219080314e-15
GWK60_E01375,475.2640685502916,-0.3130329709750896,0.24603763049158384,0.18838874145883427,0.24810764773731772
GWK60_E01397,8012.591560368022,1.3528371475380638,0.14612851942275712,8.651493554458836e-21,6.230489772325532e-20
GWK60_E01419,1869.3835977277731,1.1562830328247355,0.17368382165846466,1.3703551797035627e-11,6.117987736413035e-11
GWK60_E01441,1142.7291650928928,-0.9099343179991575,0.19769261124401868,2.5461768486733088e-6,7.255574567162863e-6
GWK60_E01463,2473.5047767741735,-0.45785180210581117,0.1642382054299606,0.004592083218032709,0.00843424318642144
GWK60_E01485,4701.64881992125,3.252739245178772,0.15904251591093485,5.322568110250031e-94,1.5985849449307762e-92
GWK60_E01507,499.00281831533954,0.5514620932769235,0.24412573377645247,0.019840632657461037,0.032530268060589035
GWK60_E01529,127.74249740382507,1.6783463234302531,0.44878421609185465,4.5794833444572765e-5,1.1233015758144391e-4
GWK60_E01551,635.1591474861013,-1.260248219522722,0.24149443315540317,7.430271879418927e-8,2.4410451929526695e-7
GWK60_E01573,4762.2517966207715,-0.7349594370258168,0.15383782505156443,1.239228323714013e-6,3.675960111757729e-6
GWK60_E01595,1940.5963637477842,2.837306598075539,0.18528625801252,8.388427556818114e-54,1.416652653844746e-52
GWK60_E01617,17788.65154266932,4.7430469573826555,0.14825636311027013,5.1105466805281224e-226,3.75199302128773e-224
GWK60_E01639,837.0217572071945,1.906021836967528,0.2155349502655894,2.3010164992976857e-19,1.5714694076598923e-18
GWK60_E01661,7856.283608581516,3.294901595952739,0.14791601217115435,4.065196736723604e-111,1.4718239692000666e-109
GWK60_E01683,680.4403119935139,-0.4128373529842965,0.21936124948124794,0.05345797352135576,0.08046094761784925
GWK60_E01705,535.491550874191,-1.9954155817686337,0.27311280255806014,3.8997022542776034e-14,2.0209633447168052e-13
GWK60_E01727,3787.860348494581,-0.6478352836659341,0.15542361468096616,2.0138642203192673e-5,5.142650371308042e-5
GWK60_E01749,6725.3550349094185,-0.19106816483406802,0.14519984002641,0.1853905083672953,0.24468769718589836
GWK60_E01771,13243.624336742349,-5.7504926555210005,0.15044345303738266,0,0
GWK60_E01793,16008.776075370386,-6.737501151964682,0.17891344267622908,0,0
GWK60_E01815,3643.2481416510172,0.6379832298303755,0.15464853649967703,2.9626602500814414e-5,7.432663541495253e-5
GWK60_E01837,233.219193387237,1.1920280137570143,0.3528142400229841,2.964286957958126e-4,6.559385015323082e-4
GWK60_E01859,1205.1054975881207,-0.1606040770722553,0.21265385023868827,0.43623030746449004,0.5138213037934171
GWK60_E01881,960.5293354991009,-0.6585574340030964,0.2105174865560718,0.001311340616788554,0.0026336422873648544
GWK60_E01903,338.38502753638477,-0.4802984634056532,0.28136269609829356,0.07454417084545552,0.10933420840429464
GWK60_E01925,434.00891730492435,0.2130547297030143,0.2592887604708562,0.39590055043114675,0.4726129877098107
GWK60_E01947,895.2374142687645,-1.1173203865014325,0.22007163175328243,1.755620233479074e-7,5.583759659548969e-7
GWK60_E01969,292.15387897904316,1.2700839338583292,0.3221095719276012,3.066946935841984e-5,7.683356162493235e-5
GWK60_E01991,22.27582125410345,0.7833251047274095,0.8622135904700237,0.16857287643288615,0.22507608608846583
GWK60_E02013,1351.3445347965412,-0.059031714923475524,0.1825461202772174,0.740821879771873,0.7941562475104685
GWK60_E02035,2894.86593032065,-0.5662334218661063,0.16225813289153077,3.9695722610241075e-4,8.631492789705237e-4
GWK60_E02057,0,NA,NA,NA,NA
GWK60_E02079,4674.611499394703,-1.3205447435934379,0.15147947473757764,1.2216185754541534e-18,8.112406771169165e-18
GWK60_E02101,2564.3359814126115,-0.7017041048962955,0.16242324953332596,1.1511687709991922e-5,3.0394995621886764e-5
GWK60_E02123,3379.73831318222,-0.49702792894334763,0.16740272118878685,0.0024456959384689747,0.004711351578260569
GWK60_E02145,622.0260064849072,-1.6071902278355945,0.23529830214856992,2.4722209441357635e-12,1.1534121721713721e-11
GWK60_E02167,517.9589785404307,1.133735709959485,0.2461878750121416,2.0355924533366965e-6,5.883073651360185e-6
GWK60_E02189,363.6167414016335,0.06631122175392554,0.2803821188573775,0.7950866389059725,0.8372167277404324
GWK60_E02211,952.202731844511,-0.37501803975731235,0.19936283845100172,0.05465912905410249,0.08210518788860066
GWK60_E02233,1667.010770946102,0.7146390485537122,0.1771061393078448,4.084611921560601e-5,1.0065854833272418e-4
GWK60_E02255,507.8079815336843,-0.3654398931940366,0.24233149068135118,0.11994380421248348,0.16742090020258454
GWK60_E02277,4807.909647266315,-0.1298671615646521,0.14929768018192166,0.3774517355925672,0.4526338190431738
GWK60_E02299,904.2114659117441,0.030549807177544713,0.20414255633533895,0.8730840882741342,0.9010391430333997
GWK60_E02321,6147.282994955129,-3.3697416652217753,0.15060314147488996,6.668412000011559e-112,2.4478629050042434e-110
GWK60_E02343,512.0373183472096,-0.38803642040721886,0.24834639755997834,0.10584942767655428,0.14988483115410284
GWK60_E02365,1301.0035531478718,-0.8292683333484885,0.18622299520661217,5.6457430950896095e-6,1.5478940871703152e-5
GWK60_E02387,2807.5681984049556,0.9599768065892824,0.166642092937677,4.90851789459878e-9,1.8068541497805816e-8
GWK60_E02409,2186.216395194231,-0.25629873368579553,0.1709400129424003,0.1266437109375806,0.17570568399371417
GWK60_E02431,1897.285485832055,3.1261045507377956,0.18359904932343576,2.968314936634692e-66,5.988745326355337e-65
GWK60_E02453,620.5375286857663,-1.7051850208281272,0.23323885470099287,7.005220651126284e-14,3.5605381117166866e-13
GWK60_E02475,3184.768266489902,1.987122981526451,0.16124753064651548,1.0589865695950226e-35,1.2090287271877514e-34
GWK60_E02497,1118.9689751500941,-0.6660986934904377,0.19660551003249413,5.301665987594855e-4,0.0011272971202906839
GWK60_E02519,6688.838604120227,-1.2663931138663886,0.15520969014752758,1.3163046478918957e-16,7.862131490120408e-16
GWK60_E02541,1366.2894697231613,-0.007690273852411631,0.18518732647907846,0.9804783518445647,0.9843890917094716
GWK60_E02563,8012.520612865539,0.3559275901244964,0.14513395822004038,0.012156768919380199,0.020729251776723783
GWK60_E02585,1561.54895613843,0.06668921984347824,0.18680046757069127,0.7176928908492901,0.7754463778899522
GWK60_E02607,382.6864184156775,-0.35068087542207016,0.2671987851280098,0.17379581717047413,0.2312902038175041
GWK60_E02629,3705.8788622502266,-0.5337807353813759,0.15603608576254643,5.161623325659189e-4,0.0010988457873312314
GWK60_E02651,358.6466580101094,0.3779909965970285,0.2733127501468586,0.1512821089959291,0.20515064857682944
GWK60_E02673,906.1115584797868,-0.1457217028858348,0.20392862127571562,0.46398958770180976,0.5409459551371342
GWK60_E02695,2134.0235829780822,-0.8205386120121252,0.19305017431825502,1.3532387291571387e-5,3.5324542826294496e-5
GWK60_E02717,464.5976014214673,-0.48628645184585473,0.24875308591479767,0.043355027237266405,0.06619719063437036
GWK60_E02739,530.6988810783754,-0.864483091817346,0.24084976019952611,2.1269940828287927e-4,4.8254466617309e-4
GWK60_E02761,1431.2247823771925,0.2836497516342883,0.2215093458375058,0.18768319534693753,0.2474048305745416
GWK60_E02783,461.9552765903278,0.43480639824681655,0.25101325287966675,0.07357548991632852,0.10800334343174467
GWK60_E02805,1118.812417071036,-0.33540733794290595,0.2075535318010422,0.09669993409149837,0.13852462103188629
GWK60_E02827,958.3185228823866,-1.2050420268373636,0.21307067202259175,4.941217087783776e-9,1.817625158387268e-8
GWK60_E02849,0,NA,NA,NA,NA
GWK60_E02871,2410.0641576285793,-1.0716043968385707,0.1828034807591989,2.1090354672733487e-9,7.968807348110737e-9
GWK60_E02893,9822.176996153137,-0.3715419566968588,0.14424349795768052,0.008587341215111684,0.015035669315362822
GWK60_E02915,1390.758162342942,-0.6974708439232347,0.22582852467542702,0.0013385421166982397,0.0026852120033650454
GWK60_E02937,6123.212148310928,0.42053835179835913,0.14893287701301938,0.004260141509635002,0.007873813992982735
GWK60_E02959,520.0618379403179,-0.7277970658259771,0.24842059524201085,0.002401215534043583,0.004634109278187069
GWK60_E02981,3396.4595804346445,-1.5356154785876026,0.15762619071390396,6.331768974510344e-23,4.893235496968082e-22
GWK60_E03003,2107.1134715076582,-1.4826668726391443,0.20246332495816105,5.655490890518593e-14,2.9024198880855613e-13
GWK60_E03025,3229.1351816759347,-1.8738181127374833,0.16852924676350692,2.7860119106367105e-29,2.6297962427902953e-28
GWK60_E03047,1495.4176010303572,0.48457621541902623,0.17908151660455715,0.005984793969594684,0.010800826535772448
GWK60_E03069,0,NA,NA,NA,NA
GWK60_E03091,1920.8333964217131,1.426439465285224,0.1770637031637242,2.823082534984564e-16,1.6562501975503224e-15
GWK60_E03113,196.11974585289633,8.169257625464795,1.0576600263065905,1.9109359628483308e-15,1.0745965425123698e-14
GWK60_E03135,0,NA,NA,NA,NA
GWK60_E03157,1239.590792792809,-0.12369305397728102,0.18592488526599013,0.49854420590331877,0.5751428791804765
GWK60_E03179,2545.0013169870517,0.06630326211120224,0.1615410351113041,0.679813466272708,0.7436866686087613
GWK60_E03201,3704.8571923431764,0.7438923513007074,0.15494913752823342,1.151581843220043e-6,3.4255833558025592e-06
GWK60_E03223,609.3668460047294,2.4164087381359494,0.24564959056101676,1.1009622969963139e-23,8.804367173861596e-23
GWK60_E03245,1227.45904020837,-0.39824811949474703,0.1902036524438909,0.03131499476552856,0.049235890044789996
GWK60_E03267,1167.120908377903,0.32038285857690546,0.1904138109939428,0.0870235454136233,0.12582233617516758
GWK60_E03289,5733.833262793249,-0.5682751256473927,0.15350902114947543,1.741517272941112e-4,4.0007215579168697e-4
GWK60_E03311,0,NA,NA,NA,NA
GWK60_E03333,1148.1172447526837,0.4490988413570692,0.19133175804234331,0.016822791177453666,0.027981521134052886
GWK60_E03355,773.5355527567747,-0.7051107884197885,0.21552489079945739,7.875596515527045e-4,0.0016300079554062634
GWK60_E03377,1368.1976779186589,1.0038391996341467,0.22063916856980573,2.5351866533568262e-6,7.228153532709916e-6
GWK60_E03399,2067.6819225623144,0.3114173908251183,0.169062719932937,0.06163624354226055,0.09174864276605749
GWK60_E03421,1658.0827616935371,-0.16455470892958277,0.1770307730261057,0.347836093034223,0.42239757595380667
GWK60_E03443,991.3568205382758,0.6884521215795031,0.2047628657714321,5.818909657240798e-4,0.0012308425949649803
GWK60_E03465,1533.776584795045,1.5873384431148518,0.18182926148487863,8.1544618343092795e-19,5.463179373404164e-18
GWK60_E03487,1246.6869936002365,0.8368074716615245,0.189791350455008,7.010776320534458e-6,1.9024108639807568e-5
GWK60_E03509,1019.3737551128872,0.4870888861193395,0.20140739487702536,0.013470172101239946,0.022792359067591025
GWK60_E03531,2605.5653346185654,-0.8801832883726078,0.16231203028948654,4.712051475436303e-8,1.5768004345054192e-7
GWK60_E03553,3654.357259018089,-2.276295762335606,0.16398681582949157,2.2853130359393757e-44,3.282653453254223e-43
GWK60_E03575,1350.07090078811,-0.995243322734785,0.19332162574522097,1.44803932156417e-7,4.6305722043485797e-7
GWK60_E03597,297.4052736786513,1.347801596579826,0.31113826238725395,5.476888173807685e-6,1.5047209400596374e-5
GWK60_E03619,1116.1221501963446,2.5649382118940802,0.20042276924250693,2.513039258582704e-38,3.0892850048530635e-37
GWK60_E03641,24068.746921520386,-6.705892227623732,0.1466970194807231,0,0
GWK60_E03663,3860.7381727838265,-0.21711825301673976,0.16386296089571104,0.17786759581566008,0.23617385367535274
GWK60_E03685,4090.788911014626,1.0105098832413428,0.1559734735013313,5.2592156663251445e-11,2.2583439490003827e-10
GWK60_E03707,763.2472934092929,1.7619700012707473,0.22718123009908106,2.10652173754936e-15,1.182067293491074e-14
GWK60_E03729,643.723551520186,-0.45860919200453154,0.22504468792286014,0.035749183715818034,0.05556312411696976
GWK60_E03751,7213.717313751306,0.5808927776638158,0.16123167257630308,2.5504197578786394e-4,5.705255539630337e-4
GWK60_E03773,2136.305885766994,-0.7364111888081951,0.16743008656893252,7.471114055137209e-6,2.018002498490306e-5
GWK60_E03795,1961.672695911266,-1.7726338098131094,0.17317148659647916,3.310582197507072e-25,2.7343339837534974e-24
GWK60_E03817,956.5689345996433,0.17297460604245418,0.20011766552028895,0.3784864001113391,0.45377162871139454
GWK60_E03839,1828.737012596439,-0.5266053810119344,0.17170096727164036,0.0018276108543122671,0.0035940293809131863
GWK60_E03861,404.5360854024566,-0.9401375537426572,0.2804876531216604,4.420344442411739e-4,9.544910425893975e-4
GWK60_E03883,653.1326593548434,-0.051341871759115254,0.239829163545102,0.8226806325863533,0.86115265820423
GWK60_E03905,960.2258158195046,0.11168721361386974,0.21153766244062938,0.5898070712721366,0.6632036117303794
GWK60_E03927,283.3183089126638,-0.42830974222730084,0.29708512725008085,0.1306106822018402,0.1806405196543504
GWK60_E03949,815.1094889861057,-0.1514753398496784,0.2070677283676447,0.45424296178613177,0.5316935996460347
GWK60_E03971,1065.8495470688085,0.6726944015712726,0.19457492883919716,4.202644244273528e-4,9.097124273230905e-4
GWK60_E03993,3332.256758700305,1.180363976006304,0.18333927273163025,4.722784509427833e-11,2.036267448355263e-10
GWK60_E04015,22912.95085901147,-2.368300178088995,0.1441728009259375,1.6139643305342955e-61,3.036090907901881e-60
GWK60_E04037,10447.884329956552,3.20875922783165,0.14513254584024826,2.8181779319834796e-109,9.931259032309782e-108
GWK60_E04059,2815.2110324600494,0.6046464339396507,0.16173747164505445,1.6994239564301829e-4,3.912523969377154e-4
GWK60_E04081,757.4712670408832,-0.4217742638465036,0.21255671481705823,0.04249635935791037,0.06491878927532575
GWK60_E04103,975.2137923178026,0.5912840576583737,0.20843375533937575,0.003668590652974955,0.006845100667711124
GWK60_E04125,965.9690874889577,-1.1155344655816544,0.20553095978440883,3.304682907097167e-8,1.1262768437727676e-7
GWK60_E04147,37.29347141337338,2.579806009867191,0.8823400061363622,3.542882635031677e-4,7.751522189063513e-4
GWK60_E04169,1065.6571193228717,-0.5580220405066206,0.19547421396878756,0.0035865594308868995,0.006708617534206706
GWK60_E04191,1566.3961604666881,2.0043313450503244,0.1820784532629762,7.653219916751105e-29,7.14751245228734e-28
GWK60_E04213,1041.4389677509237,-0.060719613936307024,0.19722729390648322,0.7511388091997269,0.8021252010969204
GWK60_E04235,795.5759952676977,4.172809316604975,0.25755090946652814,1.509573765536003e-60,2.799862078815197e-59
GWK60_E04257,37.123875440283605,-0.13086271106698297,0.616094191348483,0.7863599242748889,0.8296803512409305
GWK60_E04279,2408.413921803598,-0.7201095000317341,0.16723373543474276,1.212344467361117e-5,3.189872003220938e-5
GWK60_E04301,2348.251424961105,0.23001551398961162,0.17553180443460978,0.18128672211746819,0.24011065224578723
GWK60_E04323,6667.970942616132,-1.0753188043057418,0.16436324592868296,2.6660405839599514e-11,1.169517886042515e-10
GWK60_E04345,2414.1070638036454,0.8531899896564858,0.17104667779468602,3.9194219233622265e-7,1.210167306477379e-6
GWK60_E04367,1308.132177742715,-0.38348777356149555,0.20127689343531663,0.05059367916866618,0.07654111679573752
GWK60_E04389,3591.623128383877,0.473895148183378,0.15559967525769286,0.002376836451103419,0.004588735383686148
GWK60_E04411,812.9574250781541,2.9727906602681258,0.2233114634430462,2.4753807510665507e-41,3.287653932195424e-40
GWK60_E04433,0,NA,NA,NA,NA
GWK60_E04455,4671.724574690865,-2.1618351183343405,0.1776077520322128,4.19710536178377e-35,4.690464892682666e-34
GWK60_E04477,2504.41920442011,0.7957139387775605,0.16434092374164203,9.144905280086343e-7,2.7437634035334455e-6
GWK60_E04499,2518.78717824032,-0.5128494167923588,0.1685577129211439,0.0019782574352545028,0.003870121688658513
GWK60_E04521,558.6097880843015,-0.16186160743622183,0.23221120399735598,0.4689971358141117,0.5453356026570676
GWK60_E04543,68.65490611519498,2.062405970219985,0.6256965926269809,1.5414990166800867e-4,3.5660235458078506e-4
GWK60_E04565,1292.6972054173154,-0.22763885476718412,0.1857480051096678,0.2114866130303446,0.27433576355298195
GWK60_E04587,3144.0289354413644,1.5519639349699919,0.1743526148721916,1.4961724183484273e-19,1.0284482969297512e-18
GWK60_E04609,3623.731768705811,0.3919773729594246,0.1578945537690379,0.012471082985780249,0.02123834806181301
GWK60_E04631,1195.3310304565828,-0.05606835197840604,0.18744898329170528,0.7615664948618888,0.80884880286115
GWK60_E04653,1261.6023988373765,-0.13932483988493907,0.18953207405768258,0.46060310612378785,0.5373533478195415
GWK60_E04675,1823.5591667158692,-0.07618853238260063,0.17137876619036552,0.6366123557118524,0.7054785979649584
GWK60_E04697,14574.503958821406,-5.609303308675206,0.14748296379198747,0,0
GWK60_E04719,6028.395071949386,-1.0479954817553536,0.15576291563888794,7.626681797834004e-12,3.4545535547001324e-11
GWK60_E04741,2348.08101645184,-0.07988704042013106,0.16347251720432138,0.6191361822097134,0.6906000968897542
GWK60_E04763,1665.8466714864676,-0.5056505530979232,0.17709639508826375,0.0036630624057651874,0.006837199109065954
GWK60_E04785,1730.1566165209629,0.9591681733305998,0.1752668853860017,2.808981423660496e-8,9.635480730350021e-8
GWK60_E04807,209.4209745948014,6.632741335053596e-4,0.33478492739736654,0.9994287620028595,0.9994287620028595
GWK60_E04829,537.8352102595993,0.14125067205968816,0.2373068587556328,0.5400564797190275,0.6173742542808779
GWK60_E04851,16992.848094490804,2.5409489892576467,0.14485523841459258,9.96928929862386e-70,2.1335086328957782e-68
GWK60_E04873,5294.777267940878,0.7575295304587629,0.1496734327838677,3.0357090275073033e-7,9.439269364355062e-7
GWK60_E04895,2288.3969367227987,0.11586108463054291,0.1642442681316527,0.4775012814159013,0.5540104858569918
GWK60_E04917,207.28127456734103,-0.5581026462773531,0.36823661296438787,0.0984086997490414,0.14062082903578027
GWK60_E04939,523.494895711738,-1.1960344396712794,0.24998739039550671,8.208900271583488e-7,2.476506580178145e-6
GWK60_E04961,1647.6165247046076,0.08527629676548357,0.20667915242551924,0.6686209830345964,0.7334157535424105
GWK60_E04983,3761.083455630824,1.1903246356195032,0.15528558291825043,1.0240127020765447e-14,5.5009462837160725e-14
GWK60_E05005,10213.529565216468,0.6120167008659673,0.14292183146593399,1.73192139450013e-5,4.454956930086466e-5
GWK60_E05027,281.474651609652,0.053334919480488754,0.2945402944804414,0.8546969446459122,0.8853474523610213
GWK60_E05049,8766.34190630979,-0.8340034420861937,0.15655811616669102,6.215341335864234e-8,2.0585397431941318e-7
GWK60_E05071,3398.14806211259,-0.14771083197974225,0.15703470200866007,0.33526339753498985,0.40928460031638714
GWK60_E05093,1148.4380881277493,-0.5012309235786293,0.19005026210830092,0.00720504252065914,0.012789071445333852
GWK60_E05115,367.36556526701236,2.7412993859488473,0.2965867629336783,3.242110997694877e-21,2.3868800464923566e-20
GWK60_E05137,929.02210637274,-2.0539918677337443,0.20824263926854847,1.3098745267509818e-23,1.0427705946394111e-22
GWK60_E05159,3235.8746312419166,-1.567808469245299,0.16153325299242993,8.791727384002559e-23,6.745003040905302e-22
GWK60_E05181,492.2741777122049,-1.2080305279871362,0.25740639450024805,1.1505407237575444e-6,3.424413437940529e-6
GWK60_E05203,0.255657860122786,-0.06837963105416767,1.0196716028427992,0.7494899162467421,0.8007511897500272
GWK60_E05225,2286.7421994511337,1.662707991455193,0.16936343568253281,2.73131334989444e-23,2.1420953067569748e-22
GWK60_E05247,3230.1611639642324,1.2647080721081445,0.15833401305104283,6.128691503608319e-16,3.5213329660949538e-15
GWK60_E05269,28283.815910812158,2.4600654677695397,0.1385558393876323,2.563225741226222e-71,5.598847631455293e-70
GWK60_E05291,648.7624991456985,1.676824377386712,0.23057577039930024,1.0126259286283979e-13,5.122239864813121e-13
GWK60_E05313,4233.823230407426,3.3988724562840957,0.1586958516008456,9.048221821326578e-103,2.95240126836619e-101
GWK60_E05335,1868.6395775247354,0.07099998980863773,0.177846119261267,0.6864610255198644,0.7495626897124569
GWK60_E05357,360.7642434622488,-0.2445480972358182,0.2697125704754155,0.34553674962086445,0.420273184191415
GWK60_E05379,398.86013391758394,0.07737748196407912,0.2654525823838286,0.7642444070997821,0.8112040031986845
GWK60_E05401,3194.4736228843294,-1.1654507304230468,0.15955235551524372,1.2485087818309873e-13,6.261496604135293e-13
GWK60_E05423,1509.7633729250601,-0.3393912621982039,0.17795155677105837,0.052695332753891974,0.07940351452026025
GWK60_E05445,388.68718838166313,0.7277342287242027,0.26781744925220696,0.004749182286177498,0.008698606224786644
GWK60_E05467,1402.7250028075564,0.10364655050345215,0.18059641309189797,0.5612941290897431,0.6371055972446601
GWK60_E05489,1137.071287207637,0.06357564977885166,0.1926573288744034,0.7380204227435767,0.7917134983389205
GWK60_E05511,2776.8858452973213,-0.2236668825574709,0.17807895435172455,0.20025718568019896,0.2620845465475444
GWK60_E05533,5573.999337389039,-0.6605667100273215,0.1517833613803412,1.0300096500445358e-5,2.733248499063964e-5
GWK60_E05555,1202.2974414395017,2.495548073405122,0.21028263936751665,1.607251645999867e-33,1.7128895566038909e-32
GWK60_E05577,4545.176247159711,-0.1189994052081361,0.15490703314987378,0.43625236689838365,0.5138213037934171
GWK60_E05599,422.42045393036904,1.3545024158498171,0.2866912632803172,7.758751533906958e-7,2.347610796120903e-6
GWK60_E05621,73066.8380814035,12.11899033559101,0.23455412174380139,0,0
GWK60_E05643,1607.8826398672127,0.7712647325737393,0.1776822251118782,1.0269599821299891e-5,2.7265245934400416e-5
GWK60_E05665,1598.793965142907,-1.3695439195659407,0.1850221992345872,4.786397065594034e-14,2.463573017403122e-13
GWK60_E05687,1498.8539279940958,-0.8034168852085977,0.18714293355966855,1.1529992661392305e-5,3.0428128411442697e-5
GWK60_E05709,987.8008461406868,0.46793370549330204,0.19958320135818633,0.01675418260996589,0.02787617540959386
GWK60_E05731,0.9757098982986301,0.010350460344027286,1.0135848175009035,0.8685929914299166,0.8981577763494796
GWK60_E05753,930.6188393052523,0.9612398731818317,0.2174312188490401,5.7298718792270134e-6,1.5693317488908804e-5
GWK60_E05775,39577.61273937807,-2.199471414760757,0.1557492220717111,2.7925333512530204e-46,4.1698675973795103e-45
GWK60_E05797,2999.223717871385,-0.5615361201350112,0.16122971906449868,4.08875891882936e-4,8.865227267578577e-4
GWK60_E05819,514.0713213208682,0.9094023530214213,0.24439368252820085,1.232706053539066e-4,2.887055471425566e-4
GWK60_E05841,1652.374845390032,0.7761030172839274,0.17615097807832042,7.551598962033203e-6,2.0376596280401997e-5
GWK60_E05863,11990.600210336186,0.9843825368695649,0.14652128209541965,1.0585900412284331e-11,4.750175685851866e-11
GWK60_E05885,267.14051702323343,0.6041846234077163,0.30931676626130983,0.03987454097748897,0.06141515839364997
GWK60_E05907,2165.277292626313,0.25264128063365376,0.1689760825415851,0.12993457413669313,0.17994083282330622
GWK60_E05929,15.196439216284892,2.285958107980476,1.4891989647118284,0.010652242321386104,0.01836521621358348
GWK60_E05951,712.128322339587,-0.22419355342270023,0.2167815070887294,0.28804925310157253,0.3590257844600124
GWK60_E05973,1589.4868414887742,-0.27365892627390337,0.1931458536338022,0.146786296362472,0.19966864708492715
GWK60_E05995,152355.6960094283,-0.22679282066090845,0.13686368033701996,0.09382964187590347,0.1347415069155191
GWK60_E06017,2774.4147047629476,2.9713633293282973,0.16795384072643402,4.7978643910250316e-71,1.0436835872822353e-69
GWK60_E06039,14.68485595212136,-0.4053480828580273,0.8427774320362335,0.4270316991319491,0.5045349936547794
GWK60_E06061,6087.057105324586,2.119879967417697,0.16689716997760481,7.182075705411509e-38,8.72746027098971e-37
GWK60_E06083,999.9509300528359,0.3796247248178296,0.20617548753632295,0.059651817233387305,0.08914885662869247
GWK60_E06105,1236.9319065980699,-0.20710523762857133,0.1882425446166278,0.270283373423196,0.3387995996952844
GWK60_E06127,6443.842186623546,-0.3134142253443027,0.14584618026609375,0.03029679516783301,0.04769173890922135
GWK60_E06149,4297.7450310415,1.2927323358675087,0.15598576031472333,4.839116732545149e-17,2.916712776309425e-16
GWK60_E06171,1587.5540761194309,-0.8418691400005928,0.18176468717473596,2.25199677810145e-6,6.452062313845131e-6
GWK60_E06193,884.3813028239738,-0.5121645348986099,0.204535407293511,0.010393772686807,0.017972352771495517
GWK60_E06215,209.0911267457893,-1.0637875733870694,0.35779552054010766,0.001397223678780026,0.002794447357560052
GWK60_E06237,174.88604242294258,-0.20096985342944998,0.3681858780722667,0.5531309393996531,0.6297329626677938
GWK60_E06259,4.1758867828156045,0.27799957831037037,1.0292161415691643,0.20650137666347884,0.2689249265935327
GWK60_E06281,11.440799805151894,5.805977575932197,3.080966494533266,7.310653993660036e-4,0.0015220211504721132
GWK60_F00011,4.346371732147496,0.28768138960500594,1.0317782809353642,0.1963316173493565,0.2574569410341599
GWK60_F00033,3.068729087974048,0.17884019450690794,1.0381842120708173,0.314244869472239,0.386751660076893
GWK60_F00055,799.1960210152668,-2.6397782378222736,0.2237575440741924,4.831514008661416e-33,5.077412137134044e-32
GWK60_F00077,388.5743999785948,0.36541443076970004,0.2714639930951343,0.16192516284555547,0.21702241653184742
GWK60_F00099,7609.090865399349,2.328751195255443,0.14705583273053754,3.030300926075977e-57,5.32165139376665e-56
GWK60_F00121,3424.501380064338,-2.0044830241031732,0.16005586061191082,1.1932262150571068e-36,1.4016430606204146e-35
GWK60_F00143,2624.362193393365,-0.9060663866972035,0.16274574457849358,1.7382696076245598e-8,6.089127333269332e-8
GWK60_F00165,2775.671652374172,-0.7269700592215926,0.16156422341473037,4.9135066388656204e-6,1.3598322561802968e-5
GWK60_F00187,581.0431259712269,0.6828779283682801,0.2360935291503698,0.0028825002860629096,0.005476957768558066
GWK60_F00209,180.96709339365313,1.7747166579859461,0.381605593798585,8.166365751281901e-7,2.465300363293897e-6
GWK60_F00231,4734.332840356717,-0.7257328173206061,0.15606467662008455,2.4051955393996465e-6,6.8649371605110855e-6
GWK60_F00253,0.6819397973275662,0.0742913528797621,1.0200196829437826,0.6662078138381284,0.7312239418497398
GWK60_F00275,3920.0102567070962,-0.5364757144128589,0.1548231822339516,4.426931177908358e-4,9.555229974039846e-4
GWK60_F00297,700.028298532501,-1.5380576091755904,0.23051910794810002,7.274800162144943e-12,3.300823489879671e-11
GWK60_F00319,943.8815131217673,-0.9101964557677172,0.20195904456962024,4.091173466510527e-6,1.142416425989152e-5
GWK60_F00341,168.94688801804256,-0.031182922423686057,0.35860454997051044,0.9226665291437014,0.9393840774931523
GWK60_F00363,2739.072788173637,0.10933927938261598,0.16185199886274698,0.4943370723586852,0.5707876287654019
GWK60_F00385,6737.232027683663,0.0692726768640987,0.14588821985740658,0.6355254288514864,0.7048651735016697
GWK60_F00407,5177.373934186133,-1.0996237393464554,0.1529503781502075,2.810604488860067e-13,1.3820330537780756e-12
GWK60_F00429,181.23089883741358,-1.3346214254407402,0.38247741738655266,0.00017035022745477379,3.9202059308921823e-4
GWK60_F00451,1902.4394215096427,-0.07099151327235682,0.1700632597462152,0.687266321739173,0.7499772453991058
GWK60_F00473,26674.19589311992,1.7540477038461155,0.14760435061084717,3.085272713082281e-33,3.274849711115048e-32
GWK60_F00495,1875.1771429278422,-1.801423742912105,0.17561607992061629,2.660356168310256e-25,2.204175972678372e-24
GWK60_F00517,53.69231395534118,0.2688675815616784,0.5553388604747111,0.568561618600016,0.6438339151498895
GWK60_F00539,6444.131305275507,-0.5910640673591854,0.14655431112803818,4.475270135340454e-5,1.0992694207904107e-4
GWK60_F00561,8792.279339061944,0.6000198866852696,0.14604733661071145,3.257387153062427e-5,8.121956835418862e-5
GWK60_F00583,179.73354655888545,-2.1534221902474746,0.3852999011419578,4.038862830430537e-9,1.4971549033419227e-8
GWK60_F00605,1552.8170431488943,-0.496100543796651,0.17790651227574927,0.0045035326303231584,0.008276963047069888
GWK60_F00627,5873.020791884862,-0.8266388596092966,0.14770711873135597,1.4738883961101934e-8,5.1939827078923216e-8
GWK60_F00649,2500.682168365259,0.6161605419927908,0.16891992651352147,2.093817370319105e-4,4.7583485036572614e-4
GWK60_F00671,1737.1794864664832,-0.5062559885848379,0.17623767108676952,0.003462628591616237,0.006492889228550348
GWK60_F00693,3616.745687319838,5.032881608144921,0.19210225993506358,1.7592737284395081e-153,8.377946782460577e-152
GWK60_F00715,10.137261555477654,0.164394827586663,0.8464198215498869,0.7367120062908885,0.7907389360399908
GWK60_F00737,962.9766348937316,0.19178541593505768,0.21191404829277832,0.354600781823431,0.4296764009356868
GWK60_F00759,537.6312031043324,1.26370202067683,0.24309872231595286,8.73838640334363e-8,2.8548275975324124e-7
GWK60_F00781,4437.626357577603,0.11948771950949502,0.15734662330753882,0.44181737665108234,0.5188728400305757
GWK60_F00803,612.9373093528304,1.5466819515633017,0.2410292245747177,4.354022821898739e-11,1.8880528824082638e-10
GWK60_F00825,731.616106356688,0.1613247533682903,0.21562858997184856,0.44050350239514,0.51790514093877
GWK60_F00847,698.1633723761798,-2.101538036141828,0.22741556660587187,3.650453841708498e-21,2.683768985712256e-20
GWK60_F00869,12228.310420009975,-5.598772958136337,0.17670716284699553,3.978974297547624e-223,2.804381084911566e-221
GWK60_F00891,1715.9030286473476,-0.8214990172854417,0.18134638956403487,3.851691686386078e-6,1.0783920685506783e-5
GWK60_F00913,766.9221635813423,1.0402911411589482,0.2260004712906543,2.2403628254337244e-6,6.429184525104597e-6
GWK60_F00935,447.2746880178409,-0.11831697738740762,0.24996202225354644,0.6255948856196427,0.6966283053266129
GWK60_F00957,1498.733479552186,-0.5459511123708598,0.17944098331122052,0.001981747362675139,0.003875514820237064
GWK60_F00979,890.1916001226942,-0.7367396164944852,0.20514650380142496,2.489332966134795e-4,5.582780678399885e-4
GWK60_F01001,8613.277481548475,0.019199208332724635,0.14656637374690956,0.9577474278935642,0.9661551343216374
GWK60_F01023,2183.4395622092516,0.6345425769053614,0.17728271502667703,2.683048856433796e-4,5.979172114295551e-4
GWK60_F01045,3795.4658779405963,0.4569227198756701,0.1668962853652326,0.005807609039714937,0.010506167482523325
GWK60_F01067,3755.496030653631,0.6986965909593379,0.16266483971296922,1.2160472215151439e-5,3.198022692999528e-5
GWK60_F01089,8287.365748464796,-0.6788900023404585,0.15384837872094517,7.125254040057407e-6,1.9314919413201773e-5
GWK60_F01111,0,NA,NA,NA,NA
GWK60_F01133,658.2839573294979,-0.6767595040822836,0.2317099957642599,0.002555387914461299,0.004904785953464933
GWK60_F01155,0,NA,NA,NA,NA
GWK60_F01177,4375.265765467329,0.021202199436799993,0.15383223098693147,0.8924690511971088,0.9165710908544623
GWK60_F01199,970.5728161202233,-1.55356866146409,0.20828339307907603,3.0074907176300275e-14,1.564724009192158e-13
GWK60_F01221,54826.022708844874,-5.271430108340225,0.16743753099387076,1.4096954862919735e-220,9.677467974726458e-219
GWK60_F01243,560.0435402461683,-2.5214694285345716,0.26025070370986786,3.3768309777772894e-23,2.628855456337371e-22
GWK60_F01265,2814.3009429739272,0.45471291884021137,0.17502206021265357,0.00821093775513893,0.014458033635464485
GWK60_F01287,2862.8130705687963,-0.25155292124896544,0.1680974156995877,0.12793796546710162,0.17736167990010468
GWK60_F01309,236.59597668846934,-0.14177994484246295,0.3180406447112794,0.6362522108182798,0.705227340403738
GWK60_F01331,743.2297865061139,-1.0702852604394726,0.2255807040409138,1.1299677448072456e-6,3.3669726601189967e-6
GWK60_F01353,2467.724150514514,-0.974309741195674,0.1697711920920202,6.3879382246732666e-9,2.3287338934912335e-8
GWK60_F01375,1959.3591162799949,0.8541062813778016,0.18169944305182817,1.6484135239353857e-6,4.8034806436176675e-6
GWK60_F01397,515.919159014126,-0.797273636694007,0.2479898773897008,8.735454442626258e-4,0.001797415810966228
GWK60_F01419,239.55812021453457,-1.7814025421137847,0.360017928599204,1.404408416386992e-7,4.499213872134327e-7
GWK60_F01441,6398.7022803814225,-6.196792379348116,0.17183816327278953,9.680006102089078e-287,1.1899654012940202e-284
GWK60_F01463,5749.899831315779,-2.9507689672362116,0.1536276142186226,3.308452583668419e-83,8.572784488858462e-82
GWK60_F01485,1043.3266745758779,-0.8919916607446334,0.20744995043085018,1.0491434473160935e-5,2.7770517088196643e-5
GWK60_F01507,5204.673603044049,-0.1892135066075249,0.15420772793954857,0.21331680566917197,0.27589739044953343
GWK60_F01529,1244.4664465453016,-0.1089962579928488,0.18925577030166896,0.5598130265560499,0.6356974561493619
GWK60_F01551,8834.701850265012,-3.0160293926419435,0.1462341624903843,1.8171324556657117e-95,5.488778377513687e-94
GWK60_F01573,1307.8691451884451,1.3773382259126272,0.1897192177776991,1.502260033953869e-13,7.491458999509577e-13
GWK60_F01595,2574.6810368823444,-0.3789030214655672,0.16823140876602097,0.02219842810497395,0.03597206957783332
GWK60_F01617,222.53316311944263,0.14313060992210463,0.3286885130609204,0.6469761617888636,0.7150148424034984
GWK60_F01639,338.62497690840877,0.9980385889145215,0.28542473303689475,2.638533093458496e-4,5.887414914318957e-4
GWK60_F01661,314.2838660186536,-1.0841740525344161,0.2996991644927234,1.465843723128249e-4,3.404415606527207e-4
GWK60_F01683,468.77617812519463,-1.2745166164990036,0.2667530694219764,6.823904032164371e-7,2.0718642569799463e-6
GWK60_F01705,10543.79831986712,1.314957790323241,0.14360178252415826,2.2564998981969986e-20,1.603206782509319e-19
GWK60_F01727,1880.1086972567916,-0.6590961346980357,0.1712401895109652,9.11141222862384e-5,2.1665733261585972e-4
GWK60_F01749,753.823495970791,-1.295425366686464,0.221418614276481,1.9349530149761744e-9,7.337275206000041e-9
GWK60_F01771,875.1417105255415,-1.4624433541457376,0.21040690596224085,1.2412770445649751e-12,5.9111625743878e-12
GWK60_F01793,341.70823608688227,-0.5505994882438825,0.281972798826953,0.04141284343526218,0.06343329191503792
GWK60_F01815,9.597264782326985,3.219235395546864,2.564843779745839,0.0091474214671276,0.015958174876315675
GWK60_F01837,2205.9397747443263,-0.3302306621126004,0.1666134486406595,0.044236009847689814,0.06748385225249304
GWK60_F01859,3171.387518092837,0.9305336632245355,0.15841555394320295,2.686141084359751e-9,1.0091643050409127e-8
GWK60_F01881,4329.954802150481,0.005172805470527969,0.15587101399529027,0.9816247238634125,0.9853528846072918
GWK60_F01903,11724.999394004557,2.414678570475157,0.14827228479480487,1.6888999291031043e-60,3.1215122465870663e-59
GWK60_F01925,28.536138821887377,1.6927683152127673,0.9399747242812803,0.012951101775370441,0.02200563291051371
GWK60_F01947,0,NA,NA,NA,NA
GWK60_F01969,3322.6255390947354,0.7854183335404126,0.16516358863309047,1.3643834063828284e-6,4.020258531054453e-6
GWK60_F01991,709.8480458994368,1.8433119135565519,0.22780162226951223,1.342229991490299e-16,7.998903872624263e-16
GWK60_F02013,2350.638992531916,-0.27832561261818384,0.16373331194033475,0.08444078654075743,0.1224229285941974
GWK60_F02035,634.3916206383113,-0.7403317210729543,0.23226985185597918,0.0010311836470945507,0.0020972823234096938
GWK60_F02057,1292.3246831606416,1.0774634862148804,0.18922128883541525,6.5298467752634e-9,2.3771880202508496e-8
GWK60_F02079,442.87827098688655,0.04388198451053402,0.2666550274135463,0.87052895196319,0.8996316793895254
GWK60_F02101,5332.732045123251,0.8951318960422672,0.149364703063816,1.3275683130883224e-9,5.104244374666734e-9
GWK60_F02123,0,NA,NA,NA,NA
GWK60_F02145,2769.089288298105,0.13856514095352457,0.1652314647641298,0.3977152694433164,0.47427208163814066
GWK60_F02167,1592.663199629509,-0.5949863583085788,0.17671570212014048,6.134151258885393e-4,0.0012932014873242757
GWK60_F02189,154.74233359315838,0.472858354363726,0.37666561431841256,0.17583539225043776,0.23371030511335528
GWK60_F02211,1172.060546084651,-0.20966519496336733,0.19318003780515633,0.2669693652867055,0.3351223141547198
GWK60_F02233,23.37078941846827,-0.13451782611230734,0.7317565736785822,0.781855872293175,0.8255873234002642
GWK60_F02255,1182.5334944087942,0.388932219033348,0.19281254986626267,0.040017841091839874,0.061582040178010354
GWK60_F02277,1397.711797751007,-0.9980473353932079,0.1848813437693217,3.874330069335489e-8,1.3116304187755312e-7
GWK60_F02299,1286.1013533386044,-0.7878259993489827,0.18602555883768565,1.5915574150352556e-5,4.119966942152968e-5
GWK60_F02321,281.95004854402947,0.1024502783810821,0.2948506990841063,0.7106166983769134,0.7698045784648992
GWK60_F02343,4.949034056456239,0.27574651970127123,0.960415263682218,0.5055378541642519,0.5819410054686923
GWK60_F02365,151.2476802573376,0.6063704088400498,0.38664139859567703,0.08931276987926659,0.12870973325567153
GWK60_F02387,606.2607176226967,-1.2144586152270906,0.23649294464666581,1.2619354103755284e-7,4.07239962102872e-7
GWK60_F02409,1090.9106664241856,-0.7953791761948056,0.22646766241430905,2.7406640505489387e-4,6.09472030761535e-4
GWK60_F02431,4384.288485083744,1.7767545988358195,0.15333873355425612,1.27181820785816e-31,1.278104761737307e-30
GWK60_F02453,1880.2718241989871,-0.02689037980388486,0.17001844395443463,0.8720822891548885,0.9001810155189887
GWK60_F02475,1069.0898203262755,0.9477789789756558,0.20048639459949855,1.3460948547196526e-6,3.97733784351486e-6
GWK60_F02497,949.3156842823228,0.2122119711820613,0.20575121401201718,0.29256009453798193,0.3638759199359464
GWK60_F02519,495.29674590387685,-0.16295013740774886,0.2507393395733226,0.5048096909288007,0.5812293675124462
GWK60_F02541,1998.7897452108325,0.3063115705824343,0.16865619503302226,0.06595985511439825,0.09758292587033562
GWK60_F02563,1197.4753759749042,-0.5364576996399627,0.19029649212471822,0.0038874697331468303,0.007222905099969822
GWK60_F02585,1101.7392039055069,-0.6456385192546232,0.1945780856049073,6.492487340487614e-4,0.0013634997251417372
GWK60_F02607,2309.01424349329,0.8239011889539136,0.17028616474787991,8.702206329466281e-7,2.619582155897424e-6
GWK60_F02629,1351.3021517726565,0.28990512484153397,0.18233734112955954,0.10637190903517539,0.150544019052192
GWK60_F02651,26501.67144402554,-6.139377950346217,0.14546225497743306,0,0
GWK60_F02673,1057.8070792057151,0.6800292367778851,0.1962392070848002,4.0557441128319496e-4,8.804379211675435e-4
GWK60_F02695,0,NA,NA,NA,NA
GWK60_F02717,1305.6556773406533,0.7603201371295193,0.20847851951520782,1.7692322676056584e-4,4.0573369920015223e-4
GWK60_F02739,624.8233847952148,-0.1728389174893561,0.2269652715322512,0.4337758939426825,0.5114743197370109
GWK60_F02761,1732.0168139775353,-0.13224249080573894,0.1747791571773164,0.4377386370839915,0.515204564296355
GWK60_F02783,1858.7437699522527,0.19870422868275395,0.1714757404401366,0.2405858629882206,0.3068122730411904
GWK60_F02805,481.0500238298621,-0.08406362754060354,0.24559036377354682,0.7224766656931555,0.7787544157532668
GWK60_F02827,3360.797583308446,1.7895088012933933,0.15976161837603414,1.0478721719856393e-29,1.0016369441439582e-28
GWK60_F02849,3889.335932883799,-0.08904946334045409,0.15517427878918777,0.5637419308082338,0.639609325231235
GWK60_F02871,2049.7162826916147,-0.42124762855905445,0.1680280392628708,0.010337213184723379,0.017880402125146525
GWK60_F02893,2187.9933533027734,-0.7719769487823659,0.16757710989846727,2.922920594698492e-6,8.262330622233277e-6
GWK60_F02915,756.4592682262039,-0.23201550960716236,0.2118742223998198,0.26205323043538936,0.32966019893818704
GWK60_F02937,2151.087553456348,-0.13760608849137584,0.16611550123758773,0.4001683624534924,0.47673877933945474
GWK60_F02959,1399.5221030266362,0.08582853246006066,0.18701294393011653,0.6418577093096421,0.7099518416846136
GWK60_F02981,0.5114548479956746,0.07143351819944074,1.0193694673933988,0.7020568859034364,0.7618708065870591
GWK60_F03003,4951.389984303636,2.7969993767008297,0.15402128854252337,1.2375249609858295e-74,2.844155192943954e-73
GWK60_F03025,1039.7364715282931,0.9048124683510934,0.2002973803897961,3.901812835599943e-6,1.0918466198507834e-5
GWK60_F03047,809.571257313775,0.150616032234711,0.21975577653333045,0.4828588848733034,0.5593670974008946
GWK60_F03069,519.6402234091454,-1.11152081480856,0.24755700182829277,3.766576658352231e-6,1.0562400114615327e-5
GWK60_F03091,0,NA,NA,NA,NA
GWK60_F03113,10632.082669441577,0.6209937236381032,0.146706453382013,1.8482383508286048e-5,4.742615496349517e-5
GWK60_F03135,1141.8968879418192,-0.36454909844894173,0.20889179555849294,0.07284221268200862,0.10696419531017361
GWK60_F03157,790.4345381526452,-0.2686458206361511,0.23198485508421043,0.23110189138371187,0.2963465811758174
GWK60_F03179,2996.1792871453085,0.4928483579739943,0.16436047378873822,0.002362795413452961,0.00456830159309157
GWK60_F03201,840.030504144182,0.7941528868307962,0.2084527291355697,9.786135397143974e-5,2.3155555823322762e-4
GWK60_F03223,2039.6847890102454,-1.0019326684850325,0.1903340845825613,7.681930749641497e-8,2.517463480632669e-7
GWK60_F03245,2329.304577565013,-0.8357826188656027,0.20351186426343773,2.2746848679520315e-5,5.775208555232679e-5
GWK60_F03267,2111.077927220682,0.35337308171652754,0.16801644854485903,0.03301391528879506,0.051630637933896655
GWK60_F03289,368.19737336631977,-0.6183855964796552,0.2714666992635201,0.01778477126033412,0.02942419432930396
GWK60_F03311,1111.9403338394868,-0.9186865318237186,0.1933139573474291,1.2237429607843457e-6,3.6338767740548597e-6
GWK60_F03333,485.55655174224574,-2.2741928055184566,0.2619435554580045,6.117317368464257e-19,4.1192534534652305e-18
GWK60_F03355,1675.0234638791485,-0.25094656929239295,0.1767603208829336,0.1469491352522358,0.19978732740311686
GWK60_F03377,1265.9115086279994,-0.2387575113988851,0.1894814016898094,0.19827756178349082,0.2597509768494504
GWK60_F03399,2189.71085765529,2.017709831916041,0.17852735519832863,2.259883305794204e-30,2.1959086680934122e-29
GWK60_F03421,2370.1495569059166,-0.5425230978759674,0.1655353284460716,8.753247746751912e-4,0.001800376170791074
GWK60_F03443,696.2785562053361,0.08400839750245444,0.21742800994338887,0.6967245685970229,0.75795144466019
GWK60_F03465,1560.4139864141737,-1.3691680565618118,0.1857833099315692,5.914871142328176e-14,3.0237919592211546e-13
GWK60_F03487,631.9242941074201,0.07982201963670353,0.22422601402618048,0.7193148597133199,0.7764546351734958
GWK60_F03509,1536.2190086100748,1.0721598197429907,0.18031243170787914,1.5065856617697237e-9,5.775062950046961e-9
GWK60_F03531,1405.0167215875354,0.05999139710937876,0.1806261178578366,0.7380938554321226,0.7917134983389205
GWK60_F03553,2176.923311789486,-0.20356303196699388,0.1660340155901263,0.2127114677394798,0.27538398688976007
GWK60_F03575,4839.883330531243,0.9809509877945299,0.15144614688765393,5.408604138220694e-11,2.3206072625515088e-10
GWK60_F03597,1662.7596174942855,0.6044888720900203,0.17542967259589806,4.6537847338442727e-4,0.0010020328351568566
GWK60_F03619,4834.680434065033,-1.7907888971755672,0.1562838937664436,5.053342991786555e-31,4.983576689288009e-30
GWK60_F03641,1652.198558496755,0.10178295865285696,0.18855011950930334,0.5847309665874991,0.658195887858075
GWK60_F03663,2862.894646153786,-0.09720278537820712,0.163944531973576,0.5458743247786146,0.6230817708442575
GWK60_F03685,2501.8544605112556,-0.6018350045944701,0.16636155374423164,2.3778568248610137e-4,5.348660074985242e-4
GWK60_F03707,880.8521514591289,0.14073662640506662,0.20441790747818464,0.4821677286473098,0.558688867520754
GWK60_F03729,349.28458743837734,1.095388342990392,0.2945893963442799,9.42337068451163e-5,2.2347212848061228e-4
GWK60_F03751,130.1549941899122,1.7448548852730716,0.44313315189145724,1.9848335285245386e-5,5.075873261625888e-5
GWK60_F03773,664.3257671069866,-0.5960536146146712,0.22683595522142105,0.006803794449839024,0.012154395897887488
GWK60_F03795,1090.5477960348146,-0.058775567929659024,0.1929209061060674,0.7535456121023625,0.8028915818589876
GWK60_F03817,444.9726100428011,2.2605618458716705,0.3283038766044812,3.990725966727381e-13,1.9442375539281967e-12
GWK60_F03839,10398.888995541067,1.2369770173785135,0.1615546100991017,7.435257396130132e-15,4.0476591756893797e-14
GWK60_F03861,394.8291530134685,-0.9128028881306699,0.28185994913823886,6.897985253230788e-4,0.0014423556190102038
GWK60_F03883,5610.178997345505,-1.3607817855091437,0.15450676271604322,5.024493590746653e-19,3.400700783698695e-18
GWK60_F03905,2073.5982714418537,1.2925932429735705,0.18174074739585908,4.3719889885612974e-13,2.124111561905792e-12
GWK60_F03927,1441.0677871739313,-0.22301534443059604,0.18065769133667495,0.2066189350068642,0.2690117464153409
GWK60_F03949,1672.372488309577,-0.17867786229660312,0.17398361589255268,0.2935004757417285,0.364788035450453
GWK60_F03971,6177.544162119042,0.27124449084618,0.15588325880562717,0.07270464274627626,0.10681399153885947
GWK60_F03993,2178.0477534465685,-0.38223994845895715,0.16610124406575483,0.02142527008349316,0.034847377741952255
GWK60_F04015,1236.1899781899785,-0.7201224299775484,0.19467985544803043,1.6239127298806698e-4,3.7452018717928535e-4
GWK60_F04037,1357.1442271223245,-0.35584443266197036,0.18647129018473016,0.05165118920056847,0.07798577152647956
GWK60_F04059,3373.4038200874693,-0.7677594110139488,0.16489957443944073,2.402885112309514e-6,6.862047922024901e-6
GWK60_F04081,848.07519183641,-0.8147063990453223,0.2083209832012458,6.198593220789841e-5,1.4995772890203705e-4
GWK60_F04103,4369.294177411999,-0.19951586688137413,0.15072041034287734,0.18164576505416483,0.2404656934826735
GWK60_F04125,551.9217786198673,-0.17775442006323477,0.23653192873451878,0.44212723325830927,0.519121402710667
GWK60_F04147,192.6602616948705,1.0885016598298232,0.38087628724865313,0.0019325954898721423,0.0037906121556453226
GWK60_F04169,6349.515029135839,2.0442383460722744,0.14838474826351836,7.539331432843237e-44,1.0684425188742454e-42
GWK60_F04191,487.976029922678,-0.483419496444016,0.24973924210246728,0.045510662693608844,0.06926846040841243
GWK60_F04213,7921.887366789302,0.6643145314011112,0.14435497420881016,3.2752019118558114e-6,9.22852734865129e-6
GWK60_F04235,3175.321034639321,8.532688049060134,0.31543918290354483,3.748252794350115e-161,1.851706941208851e-159
GWK60_F04257,2847.768762381937,0.7064425765497344,0.15994334790186288,7.610205676190749e-6,2.052425877772668e-5
GWK60_F04279,0,NA,NA,NA,NA
GWK60_F04301,5625.801345340567,1.8131629430169036,0.15037494307656063,4.51525747086499e-34,4.900955028951199e-33
GWK60_F04323,6782.749085975071,2.760761827467179,0.14852119164023644,6.84310478125295e-78,1.6293987330496888e-76
GWK60_F04345,2941.5469332162033,0.5502432950946526,0.17100906606037017,0.0010682206609150663,0.0021659433884146685
GWK60_F04367,1430.3991556238361,-0.34329440806469674,0.18059883969054955,0.05322317878841356,0.08015319745742282
GWK60_F04389,3666.0360938418853,0.33432365544116605,0.16354861517961491,0.03815085469451118,0.059000999975186104
GWK60_F04411,15497.790201988813,4.157785155432547,0.1428016159222573,1.7123815970266666e-187,9.73295604503544e-186
GWK60_F04433,1764.1705477821142,0.45149332054063335,0.20243033038136402,0.02168967787948364,0.03523406185339598
GWK60_F04455,4784.570586861269,3.357859795004014,0.1547677486815442,5.469440717973927e-105,1.8532989509750114e-103
GWK60_F04477,4398.2494373481295,-0.5466701705308851,0.16637096358830095,7.980385701839854e-4,0.0016510496602710554
GWK60_F04499,38883.0457238646,3.4941421333870424,0.15620912354786137,2.0475782366131226e-112,7.622182083617582e-111
GWK60_F04521,241.00943626006062,0.7578500042170154,0.3408282249391651,0.01734324006677097,0.028765725444917272
GWK60_F04543,1537.2705251020209,-0.3560506638692608,0.17736519226244432,0.04115092028516637,0.0630869386970387
GWK60_F04565,327.929591030563,0.8550001515498779,0.29157541246068897,0.0021360207218516143,0.004161815531038567
GWK60_F04587,1103.1523863703962,-1.1646465702049134,0.19494159972552857,1.1570523652781804e-9,4.477436898140894e-9
GWK60_F04609,1379.1667422857774,0.24771323811105908,0.18509681654884824,0.17463301487532631,0.23228739723980243
GWK60_F04631,326.5562033380505,2.1281669605072953,0.3007587046596093,2.866580161294365e-13,1.4069399008915519e-12
GWK60_F04653,392.97425199715514,0.8794548276229153,0.2684498242005463,6.628360038412576e-4,0.0013903774271051142
GWK60_F04675,1788.9127738665347,3.166041429622127,0.18629302928533223,8.310150517751422e-66,1.6514081066478953e-64
GWK60_F04697,52.879249892786305,0.1563543988449437,0.5499771559928384,0.7386818629728147,0.7921834708205109
GWK60_F04719,9924.228265765525,-4.818048828139414,0.15152232722118417,2.2759758364910415e-223,1.6480559276289926e-221
GWK60_F04741,434.0667462022078,3.381001848473031,0.31704506272682115,5.7870792936588505e-28,5.292474246761364e-27
GWK60_F04763,2229.675196214119,0.5045930674771538,0.16568594445742552,0.002029963889108748,0.00396687213228423
GWK60_F04785,1779.4501409723468,-0.1935599553110962,0.17312665533383612,0.25236333485198753,0.31944266954684053
GWK60_F04807,292.71687253737724,0.29065802600912827,0.31664808469724387,0.33117168863011937,0.4049441466802709
GWK60_F04829,170.87476768095632,0.8417042771941926,0.3720821546572515,0.015332490579957555,0.02566420050844067
GWK60_F04851,683.3718805983414,1.3839921965115551,0.22705350095947346,4.132569557417744e-10,1.6649971555266917e-9
GWK60_F04873,2267.2084209675186,-0.5196535638359048,0.17301563100361247,0.0023253141190513627,0.004510682727818533
GWK60_F04895,0,NA,NA,NA,NA
GWK60_F04917,479.3212686635198,-2.831145560277343,0.35975163506658914,4.930051620230946e-17,2.968138139469337e-16
GWK60_F04939,2050.343731039576,0.4055398686697674,0.17948605669480988,0.02151339047610311,0.0349680539666148
GWK60_F04961,3162.7465413312525,-0.7461825271731088,0.16497979665077667,4.803277564358623e-6,1.3321156980692383e-5
GWK60_F04983,2529.518624459561,0.011200434270033886,0.1633781356397892,0.9378401042879884,0.9506083971747472
GWK60_F05005,1530.0611442998636,0.6697438345015655,0.18993297764784348,3.184774102989553e-4,7.014464961834491e-4
GWK60_F05027,2010.263906352341,0.46858845725725007,0.1689103722920623,0.004922166750375951,0.00899363064033435
GWK60_F05049,1210.0632917497564,0.43514362593480327,0.19440913212941852,0.022191519853477067,0.03597190246718178
GWK60_F05071,377.74236717673557,-0.24652412747230382,0.27396707377608703,0.3470642677941065,0.42164599392315494
GWK60_F05093,450.97433572623225,1.022833544388066,0.25677919321129855,3.583838135726924e-5,8.877304772939326e-5
GWK60_F05115,887.4163939552072,0.23029444241587776,0.21580328722303505,0.275111810283368,0.34428054667563524
GWK60_F05137,467.2768790739625,0.05611019758948927,0.2647005749107377,0.8276831253291147,0.8651637335356338
GWK60_F05159,409.11957612179424,0.8798398208155992,0.27192182487550137,7.421103542556011e-4,0.0015425856596913516
GWK60_F05181,1110.6800608879444,-1.218310528590474,0.19448751212359855,1.737897511224808e-10,7.171370994796515e-10
GWK60_F05203,965.2426483365355,-0.3538176215091085,0.2299416444240278,0.11069741551780803,0.15620569632331374
GWK60_F05225,380.60962959721286,0.4043781440576601,0.26847581467149373,0.1179629047243312,0.16504815097215847
GWK60_F05247,2809.347036173458,-0.4760741309378168,0.16866990392747513,0.004010978240256905,0.007434092208274194
GWK60_F05269,6350.49988517653,-0.7109500954077179,0.1490130779676978,1.350645721572524e-6,3.9841033952189515e-6
GWK60_F05291,3761.7479560977163,-1.2272125406437655,0.16276615678724513,2.358383751883049e-14,1.2392064127687672e-13
GWK60_F05313,178.6164133426052,-0.8665618292047722,0.3665343221581574,0.010927241716433835,0.018802538969098063
GWK60_F05335,358.7336464459088,-0.3101638399152977,0.28782954658345533,0.25702000533388125,0.3242500592350588
GWK60_F05357,1394.4731134032022,-0.5227803530059673,0.1889051383355874,0.004832771276356858,0.008839456389903928
GWK60_F05379,1465.1807916986397,0.8594110173240278,0.18395480101343992,1.9579858803222704e-6,5.668079607548478e-6
GWK60_F05401,1035.40378972181,0.8813379470799381,0.19771479887538837,5.365474489504497e-6,1.477951962038602e-5
GWK60_F05423,670.4738719566542,0.08551183269897777,0.21944892787146286,0.6915434474775211,0.7532451397828511
GWK60_F05445,470.12502943213576,0.6438385629043508,0.2501344981090655,0.007822497438191576,0.013810862210514587
GWK60_F05467,4267.536543303761,0.8960429400691803,0.16689706355762626,4.772273117672548e-8,1.5944667398852222e-7
GWK60_F05489,1984.0614483923318,-0.6788732100842718,0.17174334442359895,5.6358576731967554e-5,1.3690782932223368e-4
GWK60_F05511,1439.1187495720437,-1.1936007173741363,0.18348458073644136,3.570600385587396e-11,1.5572767028230178e-10
GWK60_F05533,376.4106802671454,0.1166667993034868,0.26562730043461147,0.6509521404725227,0.7185076246685643
GWK60_F05555,154.0006393189409,-0.40850674406541626,0.37511232144951406,0.2393058650353242,0.30547471687435973
GWK60_F05577,725.4838103522229,0.7765038164379988,0.2182857078921355,2.63350899235578e-4,5.878686036145547e-4
GWK60_F05599,2012.728887409563,-1.0201253582456498,0.18006423964776702,7.829876753435965e-9,2.8309663829454524e-8
GWK60_F05621,5089.004755647393,-0.4174795460147666,0.1514983090593601,0.005400133231648932,0.00981606061296295
GWK60_F05643,2699.1260826299654,-0.37110064655454306,0.1624789258547654,0.020780454477455867,0.033902926656738185
GWK60_F05665,3712.6555409345447,2.429003278978453,0.15789089758847383,3.393605472932099e-54,5.749550810871499e-53
GWK60_F05687,0,NA,NA,NA,NA
GWK60_F05709,977.7806778632611,-0.8443790038956178,0.21379661898811522,4.830982306990491e-5,1.1822845421112461e-4
GWK60_F05731,801.3501417045359,-0.19731722387588632,0.2252822896173266,0.36600611065392746,0.4409089108743529
GWK60_F05753,4421.279139274747,-0.012235294422681939,0.15270460023077698,0.9306024696570266,0.9449814229240527
GWK60_F05775,0,NA,NA,NA,NA
GWK60_F05797,1369.6142675690617,-0.31100458176972773,0.18230458467675847,0.0828199205584962,0.12040321784164218
GWK60_F05819,1084.0942525206904,-1.0483054632181048,0.2532045849062175,1.359354036826249e-5,3.544916348625334e-5
GWK60_F05841,416.6606357834403,0.13032400311587025,0.258016280138372,0.6000011126523466,0.6735200427862187
GWK60_F05863,0,NA,NA,NA,NA
GWK60_F05885,3727.4653781918296,2.644101345058748,0.15944381475068767,1.1299219108272071e-62,2.1562336536579845e-61
GWK60_F05907,3869.17744978033,-0.04969054284281654,0.16165149595076952,0.7536086138709471,0.8028915818589876
GWK60_F05929,5920.682232127631,-0.40826512830212347,0.14979768508215355,0.005728651213070699,0.010370428189140997
GWK60_F05951,771.0181296578215,0.314683175186068,0.21093252303989507,0.128435677197083,0.17795831970217058
GWK60_F05973,7012.371530046709,-2.7603326919850164,0.14774979111898276,8.678604287854365e-79,2.075796482606252e-77
GWK60_F05995,105.20440803048373,0.30733557869834444,0.4413083146160217,0.4398359464687627,0.5172353310420199
GWK60_F06017,831.4637615536482,0.007533684509707038,0.20773675991136054,0.9721953181701445,0.9779304380299494
GWK60_F06039,1329.7931488605252,-0.5258587288214173,0.1854752141432536,0.0038069184113340916,0.007080707502572839
GWK60_F06061,1271.6355560233546,-1.6483703280559694,0.1929390009456351,3.550640104749257e-18,2.305735085221692e-17
GWK60_F06083,663.3284995789214,-0.37137798936883104,0.22890794313014265,0.09432395963363208,0.13534105608669358
GWK60_F06105,189.55164824474167,1.0711060983735812,0.3721429091639192,0.0019445260725871178,0.003812598226890024
GWK60_F06127,1689.938236747194,0.6095469188918287,0.17510621080519945,4.37056109574124e-4,9.441269289778584e-4
GWK60_F06149,245.0530051959644,0.8314526182788727,0.32386417148730734,0.0066103030013522695,0.011848783202830823
GWK60_F06171,1947.4718596275645,1.3961750582240116,0.1760761598037123,8.276812986330697e-16,4.734981974647627e-15
GWK60_F06193,1029.4496906936793,-1.0473798113522128,0.20008973383808626,9.53913141772079e-8,3.112583251485932e-7
GWK60_F06215,556.4175249490052,0.2865608532450227,0.23355166323295673,0.20799785007185057,0.2703409479910996
GWK60_F06237,655.9337916326838,-0.2278441513507822,0.22536550937491495,0.2971743354930399,0.3685742696893967
GWK60_F06259,806.765132990043,-0.41425930437617853,0.21121225442621389,0.04461553902645203,0.06800396173409037
GWK60_F06281,65.43813639695253,0.8531067296170389,0.5660501149368306,0.07411514032125992,0.10873511843968357
GWK60_F06303,1416.9048361360603,-0.6579833879083962,0.18676233433838765,3.267523494578392e-4,7.1907282232895e-4
GWK60_F06325,1467.785616321973,-0.5397797614730893,0.18138937104687153,0.0027168393839613666,0.005180812764653602
GWK60_F06347,351.13060002429194,0.10295463932032389,0.27195254199730573,0.6963699003578987,0.7577215506981995
GWK60_F06369,1350.2539057250956,0.36317783554555283,0.18486083957226782,0.045442688682314755,0.06918492291898497
GWK60_F06391,686.1022645855332,-2.0613037168541033,0.2507922202321842,3.0563187448567807e-17,1.8612558623632422e-16
GWK60_F06413,10848.890516610074,-1.4446403510764807,0.14318886889529994,2.399784102922751e-24,1.9426123687671766e-23
GWK60_F06435,1258.339457306035,-0.5914714021217615,0.20487758792909727,0.00301191292808084,0.0057064414830950965
GWK60_F06457,1612.5107940814546,0.6392192033325691,0.18197668756978858,3.4326409503206324e-4,7.522777804060888e-4
GWK60_F06479,776.121043463465,-0.49462527895842184,0.2177225738108718,0.019666887726155203,0.03226541543155072
GWK60_F06501,1690.7884871131482,1.3201894738132502,0.17869847342088377,6.094312191754971e-14,3.11251538604993e-13
GWK60_F06523,13323.788094383388,0.7126249670765505,0.14837768277094834,1.0922314644795675e-6,3.260042643274418e-6
GWK60_F06545,367.6639405167369,-0.8867317074354985,0.28157495759129747,0.001024631319698617,0.0020855607069414283
GWK60_F06567,819.3255282306562,-0.3451388371440585,0.2078143429148219,0.08963736656226466,0.12910711707033543
GWK60_F06589,1813.7754569967456,0.9466186374211107,0.17346725444480932,3.082033017633809e-8,1.0537921430279635e-7
GWK60_F06611,4176.487037841997,1.141493815010973,0.15527425439687695,7.423468546047543e-14,3.769496132027599e-13
GWK60_F06633,1275.044660409267,0.3701717470059993,0.1931515057544695,0.047524582173417644,0.07206395334729938
GWK60_F06655,45129.76393277119,-6.000731894457465,0.14258270027791406,0,0
GWK60_F06677,1475.72634254748,-1.7892887328150393,0.18327540087778094,2.911426506883175e-23,2.2765977093764e-22
GWK60_F06699,2112.5303492758503,3.4855020719585834,0.18352981548664152,1.7161112290415194e-81,4.340365529527977e-80
GWK60_F06721,2697.7131072224397,-0.76071437999003,0.16388485741009065,2.323434760178714e-6,6.642334311684523e-6
GWK60_F06743,1550.0066179331134,0.01985518711102858,0.1859926032268067,0.9130455285510963,0.9315496359623808
GWK60_F06765,0,NA,NA,NA,NA
GWK60_F06787,1520.3030756701924,-0.6378336468995346,0.18836345783262065,5.741407466987805e-4,0.0012163959867934884
GWK60_F06809,886.4388612347997,0.43691459639688635,0.21107153704213558,0.03396855707398472,0.05298252956420278
GWK60_F06831,1797.0423611823253,0.3287868592539956,0.17216655281127208,0.0527830314229495,0.07951299632422658
GWK60_F06853,1497.487939982509,0.563443986457978,0.18118993927926763,0.0015518422032182065,0.00308268992341655
GWK60_F06875,694.7142792850416,-0.8285006024839349,0.22796481242057928,1.9343179232799663e-4,4.4091438302966375e-4
GWK60_F06897,2374.3317866219363,0.5671889644450637,0.16743298277994959,5.816357761549967e-4,0.0012307953213592123
GWK60_F06919,1656.0383925463823,0.20911886736116092,0.17937813371199096,0.23638720152661435,0.3019677977935436
GWK60_F06941,1003.3291371897889,-0.9091933283185706,0.20730107254387667,6.7426034698356076e-6,1.8305804797920403e-5
GWK60_F06963,1035.6307531596015,-0.1756002546322912,0.19429393934214845,0.3556991417922551,0.43065177817541467
GWK60_F06985,377.5315543887757,0.05356515709762199,0.2701188483266988,0.8373185601513968,0.8729913035424622
GWK60_F07007,1861.748825017065,-0.864561481913048,0.1721109194168814,3.2806669734337565e-7,1.0188957474483454e-6
GWK60_F07029,2105.393090950301,-0.23354317649789832,0.1674308954069937,0.15405199037848424,0.20847896086550635
GWK60_F07051,3033.8545688729414,5.010547186398715,0.17883329182312335,8.43958937722553e-174,4.55221116816471e-172
GWK60_F07073,3714.3688144498497,-1.6378108000680163,0.17062858080298093,1.7684432589082716e-22,1.341175188893705e-21
GWK60_F07095,202.2407139079542,0.2539835276333799,0.3376548155316516,0.42604169119097224,0.5034778402940933
GWK60_F07117,3596.0981407223535,1.1992182446017172,0.1578344652535137,1.3122292992097061e-14,6.985341465883693e-14
GWK60_F07139,56276.690312595005,-0.7025180909631272,0.13595976242238844,2.971347615173613e-7,9.250025614727748e-7
GWK60_F07161,498.7420093817859,0.22041017762040568,0.2433689822432039,0.34832016463586096,0.4226860400057762
GWK60_F07183,462.64044656710945,0.17556363239050443,0.2630250231854397,0.4890654460232993,0.5656892664505822
GWK60_F07205,1895.9096052518762,0.2178375036870056,0.19194136961552832,0.24235295039722962,0.30869342067463995
GWK60_F07227,2389.1567272922616,-0.0785079283344157,0.1645216626801157,0.6339675842217385,0.7040715942999455
GWK60_F07249,538.2361836569497,-0.2945044724339755,0.2519747331830948,0.22439327258174424,0.2887397368225657
GWK60_F07271,1188.456457176127,-0.05934080679063397,0.19242556559793472,0.7517606992923271,0.8026271574347084
GWK60_F07293,543.4608572696591,0.2176616648528575,0.2349619231749332,0.3420223845171759,0.41647572727079446
GWK60_F07315,58433.26839894711,6.927068240703747,0.14139784183821516,0,0
GWK60_F07337,4012.9053271507332,1.6207189214937001,0.16177089515605725,3.483055877053577e-24,2.8109058574206425e-23
GWK60_F07359,2149.7900421813733,0.2711334491302436,0.16622044028245936,0.09842925982451513,0.14062082903578027
GWK60_F07381,610.2472661000363,-0.3316997663190448,0.23081121441170344,0.1379115144720828,0.18939991309416204
GWK60_F07403,1477.037196091862,-1.9831315466008996,0.18468429107676942,1.1338410755602511e-27,1.0280418396932226e-26
GWK60_F07425,3821.8572350508807,-1.1011972388147562,0.16580395483946608,1.619322725930811e-11,7.211238356588262e-11
GWK60_F07447,1189.004452347852,0.04224812954336695,0.18752443737356697,0.8209838801843103,0.8596911233467244
GWK60_F07469,2271.514539573632,1.5157521082224468,0.17056880846240466,2.0651028330533894e-19,1.4121776941164573e-18
GWK60_F07491,45.921707519364396,2.4626247562501065,0.7819328401916135,1.922689861508406e-4,4.386421496734326e-4
GWK60_F07513,1761.042451657172,1.1050796560899778,0.17515768543701865,1.351179333939278e-10,5.606227597490599e-10
GWK60_F07535,3218.337182648111,-0.24204925072126732,0.16132079950148062,0.13520739843268093,0.18612143440498732
GWK60_F07557,420.70923255595443,-0.23076570540179311,0.26321704709637106,0.364282862862237,0.4392333971463925
GWK60_F07579,18265.506270004935,0.5571120038231151,0.14062026112875367,6.042299024146711e-5,1.4631054806064827e-4
GWK60_F07601,2662.6729127795966,-0.06056727022092206,0.180004430076568,0.7134350412324947,0.7719995144227159
GWK60_F07623,531.991292441586,1.993613532237484,0.25183154937294466,5.065330288607346e-16,2.932676440917681e-15
GWK60_F07645,7817.681752821631,2.669981553736023,0.14666060354151056,6.957060920468226e-75,1.6129396502453967e-73
GWK60_F07667,1839.1975209411,-0.6463508514237022,0.1721982170248615,1.3545824282567092e-4,3.158501418511233e-4
GWK60_F07689,1505.0154763317198,-0.8396856802796213,0.18098615700925572,2.600933140168949e-6,7.3956603436971835e-6
GWK60_F07711,138.910977073218,1.1473041577374246,0.4262382607954744,0.003056831976184526,0.005783254769545957
GWK60_F07733,257.5691428251723,-0.6805183273785014,0.3479680265023207,0.03456977380234314,0.0538408439361184
GWK60_F07755,95.32866429147715,0.9631245737139362,0.48384822485249446,0.02485123431830652,0.04001328803124224
GWK60_F07777,4138.115174337219,0.8675430805633959,0.1581066675820731,2.6930366758677363e-8,9.261803427870433e-8
GWK60_F07799,4635.257285699063,6.007863128319178,0.17842887112228598,3.0420245534187093e-249,2.7254477609103893e-247
GWK60_F07821,2138.2092001223664,-0.3826345760075612,0.16650293489978804,0.021778914597151717,0.03536815439648048
GWK60_F07843,663.5185688644706,1.0037447912181128,0.22530314441062393,5.021378047906643e-6,1.3882324456712613e-5
GWK60_F07865,2362.4289480852667,2.170668176452546,0.1750365178572627,4.3564638741940136e-36,4.995285908674524e-35
GWK60_F07887,0.17048494933189154,0.05673870770012697,1.0164341323484167,0.8415973715063674,0.8743482126145161
GWK60_F07909,2558.2457167212683,-0.7585992243838868,0.16545309523774207,3.4518085508453927e-6,9.715793397107958e-6
GWK60_F07931,2242.3187679701005,0.03599046346416484,0.16512922033454452,0.8249176199029902,0.8629555786279847
GWK60_F07953,746.0150895974801,0.007233966447064397,0.22207000413193306,0.9785967675475978,0.9830601507519199
GWK60_F07975,757.2633543235964,-0.5595042471030417,0.21386144797338227,0.00725967632822532,0.012873079191881596
GWK60_F07997,6638.171793859455,-2.080001628732299,0.1546523650053812,5.016353219746448e-42,6.781699007565147e-41
GWK60_F08019,2842.382185230595,0.6609207152746346,0.16034529560423055,2.949316131720998e-5,7.402699464519086e-5
GWK60_F08041,1517.7539012493862,-1.348954192680236,0.18736146930200637,2.3702341609612463e-13,1.1720353390871044e-12
GWK60_F08063,969.843397624804,-0.8573055118883788,0.22205073968297914,6.744563619345615e-5,1.6242261180802244e-4
GWK60_F08085,20659.71650054717,-2.038741808473524,0.19699312022182383,3.8713249332687373e-26,3.300616709235249e-25
GWK60_F08107,1560.8107537564067,0.04542551741613858,0.18621441992617518,0.8054192060928655,0.8452840287557658
GWK60_F08129,125.72589035163155,0.3911313481409229,0.4111255991124669,0.2981580490936014,0.36962088356209594
GWK60_F08151,1183.9177036865633,-0.752597445998341,0.19046126065827393,5.535613199139036e-5,1.3472031017794175e-4
GWK60_F08173,823.0756288817273,-0.3948991825773648,0.20765009570068502,0.05158793484314148,0.07793478810541465
GWK60_F08195,2138.846489565129,-0.6646505239873464,0.168943110722812,6.419116836307414e-5,1.5500891547154405e-4
GWK60_F08217,3113.3383067735217,0.42030753896603634,0.16115399875354672,0.00838089694152017,0.014718080143812496
GWK60_F08239,126.23307832928181,0.6399382775202647,0.41486402439814385,0.09218037922461773,0.13255317861298405
GWK60_F08261,1741.6347819862622,0.33783629522638214,0.1755924368053025,0.051298003307548336,0.07751893810283034
GWK60_F08283,672.6669592188247,3.6241838971867413,0.24795429521981255,2.649212690417902e-49,4.1802203825519494e-48
GWK60_F08305,1509.8018809568018,0.09213535110590115,0.17762408420712036,0.6133373863132248,0.6851440033921611
GWK60_F08327,1561.6013381437335,0.9376611726249547,0.18997279459553335,4.637525215365015e-7,1.4235748134970654e-6
GWK60_F08349,11396.090809287534,-0.8692960977888256,0.18826072229993987,1.930416237111771e-6,5.5974658416746146e-6
GWK60_F08371,554.9677638526543,0.7288738553181915,0.24218122309742046,0.0018825368111357362,0.0036965414500978832
GWK60_F08393,244.30292971523525,0.10028456214483357,0.3105522655220469,0.7367365228900784,0.7907389360399908
GWK60_F08415,0,NA,NA,NA,NA
GWK60_F08437,1267.4665909192197,1.7939715187376595,0.19186033741736502,1.8174950286303132e-21,1.3399272972579966e-20
GWK60_F08459,7383.996136209267,-1.2071588411595968,0.14763465147488838,1.3063542566369173e-16,7.811525566270073e-16
GWK60_F08481,1854.4311917470397,-0.16246827744929393,0.1947959140756148,0.4039099718556472,0.48076291628663614
GWK60_F08503,400.5583969580655,-0.08094945187245618,0.25926628643388516,0.7371908861997265,0.7910659814152973
GWK60_F08525,45706.622147990944,-5.294160027713359,0.13868526980947574,0,0
GWK60_F08547,1055.3830888741995,-1.2168433063500725,0.19837050862197003,3.7909443214271446e-10,1.5320284161363826e-9
GWK60_F08569,3845.178517167129,1.2360791555825021,0.15807321304631125,2.4319962859478254e-15,1.357500777985238e-14
GWK60_F08591,972.650097103749,-0.8626301893450676,0.2205122505701728,5.4510758936977606e-5,1.3284641389620268e-4
GWK60_F08613,811.934659640447,-0.4017514436470694,0.22693588118118999,0.0688725005944315,0.10157925171377367
GWK60_F08635,6.605897967891851,0.4193297532487539,1.0548144075249901,0.15417504076357394,0.2085920822821223
GWK60_F08657,1567.4417254656594,0.5085781076110393,0.17919629278509433,0.003912832434141743,0.007264921758648842
GWK60_F08679,1305.2747165248056,0.3011182943864765,0.1910050194220637,0.10820560976600709,0.15289357209920168
GWK60_F08701,9076.444433637587,-1.6210636054703476,0.14407817814006452,6.89434464927488e-30,6.614066391300728e-29
GWK60_F08723,2131.113428803399,0.353167476095324,0.1670802527459475,0.03281680225061787,0.051337560431123426
GWK60_F08745,3.8349168841518213,0.25841372732992074,1.024476645557793,0.22887675930268062,0.29399575656989146
GWK60_G00011,6.6475707287527745,0.25256892695752137,0.9489727069435296,0.5407035482124016,0.6178467262971801
GWK60_G00033,58.41842194280363,2.08263155179909,0.6631884682339279,2.782435452877988e-4,6.177217053302413e-4
GWK60_G00055,9062.746471617673,-1.8529776143907155,0.15039375198613938,1.4802742415998492e-35,1.6755309723976023e-34
GWK60_G00077,3865.18768080473,-0.8245886211286145,0.15395265907291683,6.220038826008587e-8,2.0588055876193732e-7
GWK60_G00099,20846.39023074881,-0.32968121966075914,0.13790160639214438,0.015682138990231926,0.026232843893153786
GWK60_G00121,7730.702253075873,-1.3291394749090817,0.14550719104247772,2.789320435625022e-20,1.9764541317310815e-19
GWK60_G00143,1271.2656535526976,-1.2243790443719333,0.1886850278915385,3.966867972316654e-11,1.722996228567447e-10
GWK60_G00165,16876.997126786955,-0.23980571495253458,0.13863252463847223,0.0824675004809104,0.11992385351914507
GWK60_G00187,6.930264321247921,0.09210723701267065,0.9029910874696584,0.8233648540898533,0.8615017060013785
GWK60_G00209,13793.840108912813,0.36298528326068374,0.1458766304269886,0.01154842574519432,0.019781263282273875
GWK60_G00231,256.75315906786756,-0.04477219216208285,0.31136135542370164,0.8772983833272352,0.9036241726944203
GWK60_G00253,534.2558941901515,0.03362991833649928,0.23695920740649143,0.8884693928230577,0.9133506827037502
GWK60_G00275,978.56745389411,-0.6305244000981308,0.20134559704154154,0.0013557242086058856,0.0027165876295264257
GWK60_G00297,1000.2411771077119,-0.5362598908827122,0.20073369896038482,0.006184623716639579,0.011145242656486835
GWK60_G00319,1922.2676334269408,0.16832715412172627,0.1695748395196453,0.3161857571790187,0.38859751510074236
GWK60_G00341,3711.8628856522355,-1.2394014527590038,0.15673859020728662,1.0422987191887978e-15,5.917928066199769e-15
GWK60_G00363,36.630347344651355,1.971234821473296,0.8877768056283123,0.0034227424735265638,0.006420374987601638
GWK60_G00385,344.29636935864795,-0.8146304866540679,0.2841080449054841,0.002620274721678359,0.005016578116186819
GWK60_G00407,2364.9149582490923,-0.10293318112254252,0.16348522697175585,0.5221576589352783,0.5982066287672044
GWK60_G00429,3133.797696090762,-0.3766377028195072,0.15712710022480667,0.016534631669885783,0.027528208821107483
GWK60_G00451,1033.0968736650455,-0.13166382570550517,0.20967864477606052,0.51975061980884,0.5958364294750658
GWK60_G00473,5018.8415747850795,-0.6760183433811797,0.14979472648873135,4.907662478492462e-6,1.358926341608756e-5
GWK60_G00495,0,NA,NA,NA,NA
GWK60_G00517,2297.5180542700327,-1.2440637558748473,0.17556487433793838,5.853344055535308e-13,2.8308121388435168e-12
GWK60_G00539,1948.8661684299416,-0.909515634380904,0.17377080329495362,1.0033141938854546e-7,3.261696696727253e-7
GWK60_G00561,499.48101096306976,-0.7612074997921792,0.2463014509532105,0.0013895390257336823,0.0027801299356654974
GWK60_G00583,4182.501353430651,-0.4314929274546543,0.15175148172013408,0.003951487657045226,0.0073289697386459875
GWK60_G00605,505.9873512003326,-0.3967646637987258,0.24477985452319462,0.09539442589503122,0.1367285616272058
GWK60_G00627,0,NA,NA,NA,NA
GWK60_G00649,12.384505780275989,0.84861947054464415,1.083364919639833,0.14210662030326654,0.19425280447971732
GWK60_G00671,3506.110171332627,-0.5361946746282068,0.15523217412380963,5.069525578884469e-4,0.0010814169576264447
GWK60_G00693,2.8197524498139184,0.0800177813197706,0.9837469794588126,0.700174113069349,0.7609654809679399
GWK60_G00715,515.4098451976662,-1.366616678086205,0.2483117479636152,1.3927341650184847e-8,4.924409897182415e-8
GWK60_G00737,0,NA,NA,NA,NA
GWK60_G00759,3413.759278551374,-0.4614816714184607,0.16211143779174847,0.004102758540171259,0.007596210733220762
GWK60_G00781,1351.4292708975606,-0.14134685768808278,0.1854623597351629,0.4354099860651853,0.5131721708674625
GWK60_G00803,603.1984578334171,-0.3600698659334378,0.22752866611827452,0.10409829093866504,0.14764249152180933
GWK60_G00825,2592.225991917155,0.5557763453022546,0.21355818130021254,0.007045483959944375,0.012543761607364758
GWK60_G00847,39567.99594193537,-5.264163228492626,0.13914968771526917,0,0
GWK60_G00869,17.77679605521421,0.06416393224292184,0.749196244083245,0.902711185990632,0.9238589214223583
GWK60_G00891,10498.142598983512,0.32164542652897643,0.14735573654072515,0.027567236770359785,0.0439181475491627
GWK60_G00913,14.642206961980508,-0.16113210853563562,0.7857383555735141,0.7466893316746976,0.7991495864005773
GWK60_G00935,11639.982822820904,-6.293801035189638,0.15404985891537754,0,0
GWK60_G00957,4840.542078238254,1.2940542108222,0.15542749487087634,3.4535811378596985e-17,2.0983482637616513e-16
GWK60_G00979,78.29445707397157,0.03635884150558871,0.47802496300020575,0.9342901669303498,0.9479189678299097
GWK60_G01001,2440.1132263247255,0.0024197558861745183,0.16466413685684556,0.9762012512440719,0.980999510983036
GWK60_G01023,2389.0111196914054,-0.39714044342667126,0.17817794681619492,0.022612377950104155,0.03656440191014088
GWK60_G01045,856.831160349723,-0.6359323510568626,0.21163306872934046,0.0020739392493561493,0.004048317161040106
GWK60_G01067,2599.907218352511,0.739403390294811,0.1649481642639969,5.3798455761541455e-6,1.4811387351849381e-5
GWK60_G01089,2811.398010273799,0.6443537640301228,0.16892437432361423,1.0588009134664864e-4,2.498581084189218e-4
GWK60_G01111,5882.669365119937,-1.8658422714384533,0.14879791321036595,1.444429845897299e-36,1.6780782781127742e-35
GWK60_G01133,491.1394953265058,0.10262315336847488,0.24556553393663683,0.6676080947859853,0.7326087583638609
GWK60_G01155,918.4060712115049,0.22054335143302478,0.2020128104767236,0.266573215746073,0.3347045174426941
GWK60_G01177,869.8922440177398,0.9068216374232384,0.22400468766604192,3.011119585221975e-5,7.550653760665732e-5
GWK60_G01199,3177.4524526734867,0.22671188745988433,0.16324401806039693,0.15504121244752103,0.20965665106103765
GWK60_G01221,11521.808047886681,-0.7327273509606085,0.1489889037812812,6.205175090924717e-7,1.8883926804073347e-6
GWK60_G01243,1294.990313998522,0.7506688884753383,0.20593653259123787,1.6921202346865887e-4,3.8974063444676717e-4
GWK60_G01265,90.08429557075631,0.21489286487257617,0.45608872543310364,0.6025954943840107,0.6754282831454369
GWK60_G01287,3166.8552354208055,-0.7965631401110402,0.15845273733843868,4.011356918530891e-7,1.2363867446853813e-6
GWK60_G01309,1795.9311546756583,-0.7486301584609407,0.17418296261658153,1.2352234868381643e-5,3.2424593619273684e-5
GWK60_G01331,887.017655772783,1.1277213799461492,0.21257924067669293,5.5792192244687724e-8,1.8536613966399706e-7
GWK60_G01353,1427.9549443933847,-0.18733545316754988,0.18548688342041014,0.30304400626083,0.37462362420363593
GWK60_G01375,0,NA,NA,NA,NA
GWK60_G01397,6697.623894543429,3.3584372324634186,0.15103011952403284,1.5273932588094413e-110,5.492381473514767e-109
GWK60_G01419,164.34579313210457,0.20633545529046135,0.370827707417451,0.5505253114857127,0.6273069188431726
GWK60_G01441,1918.6023943003372,-0.3154537941548122,0.17200720127347127,0.0665835760869396,0.09836802213403094
GWK60_G01463,1732.8724043722166,0.2422436422858319,0.17316331437170385,0.15574987693603443,0.2105072486535101
GWK60_G01485,1292.0047701200633,0.3641976925866886,0.18485708094986392,0.04526393121228386,0.06893262471568207
GWK60_G01507,0,NA,NA,NA,NA
GWK60_G01529,5459.916638847657,-0.197145866817245,0.14770134006494792,0.17892083952602542,0.23739346328678976
GWK60_G01551,597.3685760780993,0.27829877127531155,0.23228088421709073,0.21564427595813324,0.2786349652199199
GWK60_G01573,2391.6898031853884,1.4644989608874852,0.19859474295923507,3.95818887621909e-14,2.0492640939955055e-13
GWK60_G01595,22298.623083784154,5.407966534358396,0.14605600895695048,1.992323921805286e-301,2.846330878557498e-299
GWK60_G01617,2073.117835584576,-1.1668784609049023,0.1726107225699752,6.020504754165623e-12,2.7553582796986566e-11
GWK60_G01639,1032.5808977233992,-0.8532450167256401,0.21088273422449408,3.203233890187038e-5,7.998249571813266e-5
GWK60_G01661,8177.89370466513,-0.1706259084253419,0.14322723243281046,0.2304710122381283,0.29562479269370207
GWK60_G01683,18056.87897808119,-3.7004501424074983,0.17713469691074699,2.85233072988584e-99,8.869070728339148e-98
GWK60_G01705,801.1858165455488,0.5161661908855999,0.21329222339597265,0.013206270019148529,0.022388820821430126
GWK60_G01727,715.320904973982,-0.3188883887826088,0.21566706519158976,0.1302030223962093,0.18020480934946462
GWK60_G01749,3259.1962851538674,1.8764595052725421,0.1603232068810396,2.9673729447644723e-32,3.051660191833658e-31
GWK60_G01771,1816.5742969170033,1.1816551613668225,0.18361832736684708,5.5290064549457716e-11,2.3684220519322e-10
GWK60_G01793,777.0699223766685,-0.49690077846004455,0.21594705733197475,0.018188309996025043,0.030016673942862435
GWK60_G01815,1333.9510647382085,1.335547014818756,0.19750405638588336,5.036807183824478e-12,2.3131679212594434e-11
GWK60_G01837,1362.8318493383174,-0.6618529755559077,0.1850697820873894,2.758152058816938e-4,6.125878900380813e-4
GWK60_G01859,2037.1663466201164,-0.850718750821173,0.1693173231278333,3.3228602842763566e-7,1.0307887008617853e-6
GWK60_G01881,1326.4571490785513,-0.06252065887425612,0.18319385483481104,0.7270223681606189,0.7825372099566343
GWK60_G01903,3477.2699909151784,-0.04091821705427872,0.15621460131543097,0.8044511046368575,0.8447216009357228
GWK60_G01925,1497.0216568878427,2.1662142380297267,0.18614785758245142,5.116750321821541e-32,5.191390057802047e-31
GWK60_G01947,38729.3097084092,-4.201789031567935,0.13884269125870047,4.200519580358173e-202,2.5818542443922443e-200
GWK60_G01969,35805.71054133139,3.041790421911736,0.14402785011483396,4.088491436650219e-100,1.3098039838868522e-98
GWK60_G01991,4568.0228853021445,0.28803853346289815,0.16604925723540678,0.07828493274600566,0.11431330234679168
GWK60_G02013,812.9195735608996,0.4442863567730121,0.20878132006184272,0.029738547030328317,0.046896765991144236
GWK60_G02035,1170.439125110865,-0.4740071861986718,0.19496394563825944,0.012930520914935087,0.021977727831622787
GWK60_G02057,1004.2488102458708,2.948636931436428,0.20923725854925368,5.266588463046105e-46,7.819996240354413e-45
GWK60_G02079,6479.581441555782,1.6078382816456054,0.1518100459665983,9.910453320261182e-27,8.658951446429853e-26
GWK60_G02101,270.9748380676361,-0.02056888745041483,0.30303527088698556,0.94135743479049,0.9527121195294908
GWK60_G02123,2519.6376523652407,0.11886787109209696,0.16609586842503188,0.46871401423936043,0.5451686555524041
GWK60_G02145,642.1341391877171,-0.7554011028330179,0.23293209696069375,8.094450547066362e-4,0.0016726843468253632
GWK60_G02167,1692.7486207576214,0.5292703184695621,0.1753222890256203,0.002148032731224195,0.004183677603998193
GWK60_G02189,782.9597648743099,0.5417487413828186,0.2110824246346112,0.008690822116299806,0.015201749075698469
GWK60_G02211,615.3630691678713,-0.6989883285166838,0.23769550595652017,0.002367456420659728,0.004575639721977083
GWK60_G02233,2016.9578352944018,0.617944452508884,0.17229859113184762,2.662873376950429e-4,5.936713905761268e-4
GWK60_G02255,789.9263255404989,-0.8619298835567308,0.22566777666755025,8.18394917133817e-5,1.9548285277764827e-4
GWK60_G02277,1153.83860331351,-1.2512673404543067,0.20186326737661767,2.2719902239569815e-10,9.295464646932356e-10
GWK60_G02299,1286.6380425972034,0.10980165119657358,0.1846951306924471,0.5465273320526663,0.6235578409735364
GWK60_G02321,12762.852129061315,-4.615683653612528,0.14523554203840014,7.432988190552622e-223,5.169838891481732e-221
GWK60_G02343,4019.9820750564522,-0.0035641730743941583,0.15206775817641172,0.9829163283019988,0.9860876278998606
GWK60_G02365,518.011381387654,0.5122757688507021,0.2413447446128256,0.02875846754313912,0.045527780602885114
GWK60_G02387,30.35124115313264,0.015615405854533415,0.6513278395064376,0.9793537772308888,0.9834468211326897
GWK60_G02409,2448.8928404618,0.4400086010377503,0.16310409729199488,0.00629950109235476,0.011326245841560292
GWK60_G02431,573.0038181104705,3.317140302947884,0.2735350528298469,4.1929146998684776e-35,4.690464892682666e-34
GWK60_G02453,855.032530729211,-0.7120735360192589,0.21122355020925207,5.4560674381355e-4,0.0011587293080748996
GWK60_G02475,2075.9733854448586,0.43079457338204624,0.16759684636122885,0.009111745122510043,0.015901183465694316
GWK60_G02497,245.53270658014173,-2.161304164699629,0.337364338678,2.6084645745779108e-11,1.145211274187611e-10
GWK60_G02519,1502.3318538689666,1.696338822632345,0.18355889337756262,6.868805382420478e-21,4.973767842667759e-20
GWK60_G02541,7684.062540771578,1.1052018954888017,0.15648023147431542,8.932460928905818e-13,4.2769011295467524e-12
GWK60_G02563,1371.3296387410037,1.9411224968803746,0.19580616888368624,7.163085055713151e-24,5.745685524203295e-23
GWK60_G02585,1756.2388553424137,2.72536792974736,0.19156905341031844,4.448374454266201e-47,6.756927403807799e-46
GWK60_G02607,2872.083735770341,5.971955928300096,0.2059810850582771,6.0315870548654415e-186,3.3918052310658214e-184
GWK60_G02629,815.30505768324565,-0.3682438561368879,0.21886167386841393,0.08378867492149507,0.12167772957006125
GWK60_G02651,398.9761905355465,-0.6791873310331061,0.2649526203594248,0.007609655566852108,0.013457858708296404
GWK60_G02673,1517.696772056185,-0.02893465755310681,0.18968540506870263,0.8749755143381646,0.9021162343129544
GWK60_G02695,2079.603505532947,0.6423139003544001,0.19895077635873842,8.991510443545492e-4,0.0018465083218563117
GWK60_G02717,5408.672975264792,2.344383207870732,0.17424873960999834,2.5980852017496133e-42,3.530457166182122e-41
GWK60_G02739,12.640024512648672,0.652784986681202,0.9641382156659044,0.23501051776673262,0.3007178883841561
GWK60_G02761,1809.8436256891782,0.6451212878857097,0.2006990701015864,0.0010048597419464698,0.0020476825736041016
GWK60_G02783,23447.953241771676,0.45461217425914385,0.1376465563186192,8.589318438062975e-4,0.0017687236955045143
GWK60_G02805,469.6437214894312,0.02192478128221536,0.25164287029787274,0.9306797744499845,0.9449814229240527
GWK60_G02827,2259.628979857628,-0.5017175281100136,0.17475119292561786,0.0035978592070294337,0.006722617097333895
GWK60_G02849,0,NA,NA,NA,NA
GWK60_G02871,2836.1926169487574,-2.5674468449942522,0.16874008761630233,3.0652448922259603e-53,5.1274950950336795e-52
GWK60_G02893,991.1527531490257,0.49974309256213356,0.2028991153452572,0.01175767623200382,0.0201071098551835
GWK60_G02915,810.1696862600901,1.7225903399692117,0.21690100829689396,5.391123905905021e-16,3.1152390688132983e-15
GWK60_G02937,639.8446004957323,0.44793523050551665,0.2238193042179655,0.04014010800018548,0.06173424814925238
GWK60_G02959,9386.01153707795,-0.9218707053411764,0.16382610789326468,1.0797135449247974e-8,3.856328242211134e-8
GWK60_G02981,523.2037989802776,-0.5763773327736373,0.2616081267139007,0.021361005417210362,0.03477495369121465
GWK60_G03003,468.05103362353606,0.8905065375473273,0.2520568532971689,2.589544279167113e-4,5.782987350941005e-4
GWK60_G03025,1705.6482425912957,-0.22398242203312063,0.17558866475510765,0.1941627408113428,0.2549923597338529
GWK60_G03047,2127.5063019411205,-0.3051498052551135,0.17129114487284028,0.07029525046343776,0.10353321090825635
GWK60_G03069,366.31872057227565,-0.6848119575330617,0.27654735845756695,0.009582229873741506,0.016667215239420073
GWK60_G03091,1537.8565427116907,1.156607428304999,0.18009538189021096,6.625432032659114e-11,2.8266371044904013e-10
GWK60_G03113,9053.349988233675,1.6229554595120073,0.15473498108683753,2.6656137612414433e-26,2.306126733538833e-25
GWK60_G03135,1687.5860708290638,-0.12024450011301874,0.17373253989526313,0.47026554837188794,0.5464413942095884
GWK60_G03157,23470.14028033415,3.12037092837395,0.14831825811318847,1.943307061551897e-99,6.114476861525791e-98
GWK60_G03179,8539.466086077602,-1.5842182250132129,0.15218570658285713,1.0154860191503019e-25,8.493447938652685e-25
GWK60_G03201,411.1689937471443,1.2831009998641378,0.2680852266452702,7.092146353595232e-7,2.150836811537831e-6
GWK60_G03223,4267.42584538979,-0.3546909001294088,0.15412622853411154,0.020004459238084995,0.03276838287341719
GWK60_G03245,1.7428226064170906,-0.00873085119247443,0.9965892774742463,0.9559268289586497,0.9646867540808366
GWK60_G03267,1710.1655998213193,-0.057195310498358735,0.1789528774635588,0.7462464782978023,0.798931740738084
GWK60_G03289,1385.3799390036681,0.495688957349047,0.19071997515482728,0.008195734193724024,0.014436071625466574
GWK60_G03311,5144.935587684548,-0.7465464852477653,0.15758526425078084,1.4510268264193271e-6,4.268295940151677e-6
GWK60_G03333,744.8615841407717,-1.1663525606088672,0.2209825528473373,6.04766956172415e-8,2.0042621506754766e-7
GWK60_G03355,751.157969152916,-0.5127189767035419,0.21358622321386825,0.013896897526960357,0.023454342377877538
GWK60_G03377,2518.2908220191666,0.4813688212120515,0.16531387481285872,0.0031280334521855643,0.0059073900779753104
GWK60_G03399,117.99389865531742,1.8709991109098958,0.46802199623220736,1.3607263947197229e-5,3.5467454252901656e-5
GWK60_G03421,754.9339486477409,0.0725580426525043,0.21229183890403563,0.7302026565718881,0.7846820985238872
GWK60_G03443,16395.836950398458,-5.08274826083155,0.1659669100455171,1.4164520313038955e-208,9.020922213822159e-207
GWK60_G03465,1015.8925008901858,-0.6016344491997438,0.1973375695945329,0.0019621306515318,0.003842839060391662
GWK60_G03487,1227.745493503067,0.9152264843904879,0.18987975268799775,8.960084201430483e-7,2.692609726478768e-6
GWK60_G03509,4125.935723341282,-0.9885954524605494,0.15298775420718747,6.28964413822953e-11,2.687716969658957e-10
GWK60_G03531,3468.199948579794,-0.7266014077072248,0.1613627859609104,5.3384935874855535e-6,1.4712866060192199e-5
GWK60_G03553,50.06909252850721,0.07255792998042014,0.5603545850867795,0.8797406694860617,0.9057867508576786
GWK60_G03575,4191.8440043684805,-0.6729011338064174,0.15327171902442482,9.255302929611233e-6,2.479651864466547e-5
GWK60_G03597,638.572461591402,-0.03529220288175121,0.23240911137801623,0.8766518829665566,0.9033103027994578
GWK60_G03619,1519.448590989333,-0.312031274345516,0.17856420872568352,0.0753899737805989,0.11054407805943019
GWK60_G03641,19703.283320163464,2.5121002565678867,0.14132077825902345,1.63920106883258e-71,3.610340354103757e-70
GWK60_G03663,25308.98926983062,-2.0312771564554444,0.15024434389428043,3.270815286531471e-42,4.4332127191295784e-41
GWK60_G03685,0,NA,NA,NA,NA
GWK60_G03707,321.2762457727596,0.22767475222327,0.28393894895117283,0.4046391552419624,0.48152241661616685
GWK60_G03729,11262.656394319118,1.4439504566374075,0.15287996991142297,1.1396281240145388e-21,8.463675299688583e-21
GWK60_G03751,504.0407576972043,-1.407180975636167,0.25404770307551905,1.0897206446134514e-8,3.889441814602771e-8
GWK60_G03773,1011.9182051728067,-0.6592831914860942,0.19960928931433375,7.811434055990672e-4,0.0016198995849339623
GWK60_G03795,4798.672290334379,0.5220083458947034,0.15384928017788888,5.942992677388886e-4,0.0012545790452347307
GWK60_G03817,0.4724176952067095,0.11242615479378064,1.0210873646331882,0.6564169835908753,0.7233312852327218
GWK60_G03839,3242.4878594444217,-0.13177902607823322,0.15852868605577744,0.4059192612179966,0.4827197333629539
GWK60_G03861,2536.7445520415586,-0.021073119263830584,0.16963617688628788,0.8941123618607538,0.9175457085606571
GWK60_G03883,2011.0819134957599,0.33875313834622506,0.16880615256544643,0.04202796526168309,0.06430096219197014
GWK60_G03905,477.7287698556774,0.6890756281549159,0.2536748577936088,0.0049799656620382856,0.009092952846125863
GWK60_G03927,1309.8472602132767,0.2329111479379172,0.1840263956298571,0.1987628974374619,0.2603222685466857
GWK60_G03949,2358.2967614807867,1.1136939292978878,0.17408254667707412,7.812067831901567e-11,3.3109301271075587e-10
GWK60_G03971,230.08470946126647,0.7688813495259015,0.32770795692565796,0.01304036092708546,0.022135949858886877
GWK60_G03993,811.9041315709758,0.7845887941848158,0.21111510184567941,1.439693001481466e-4,3.346621462546627e-4
GWK60_G04015,472.9453933223267,0.31498613741442993,0.24975458102171655,0.193363619521351,0.2540691257245492
GWK60_G04037,6395.833289608474,-0.7796075262138604,0.15293675356851041,2.57520219554017e-7,8.06906864589528e-7
GWK60_G04059,0,NA,NA,NA,NA
GWK60_G04081,172.97336811720504,0.2935847243610436,0.35873669358530763,0.38265267002867537,0.4578320538188271
GWK60_G04103,0,NA,NA,NA,NA
GWK60_G04125,0,NA,NA,NA,NA
GWK60_G04147,1492.6744437722864,1.4330687900472188,0.18403420577297946,2.483995252059263e-15,1.3850631753570954e-14
GWK60_G04169,5194.061167129062,-0.967334071057021,0.15820944795488262,5.385233009839026e-10,2.1435498260549014e-9
GWK60_G04191,669.4164831464307,-1.3137468146763733,0.22984716967046123,4.309993841629439e-9,1.590965603830532e-8
GWK60_G04213,2022.0330717514591,-0.500649900636989,0.1752840118477011,0.003722024156181228,0.006930123173502631
GWK60_G04235,5529.417637165602,2.2418814381308896,0.15027935730388145,4.6697564226488967e-51,7.571881119669347e-50
GWK60_G04257,88.80179777030789,1.7305123192345053,0.5281789285536733,2.495262666928442e-4,5.593705876753073e-4
GWK60_G04279,2554.4996943318856,-2.4140453881592245,0.16616675183347765,1.2663222232110267e-48,1.9745661569007337e-47
GWK60_G04301,602.7803463208531,-1.3462599414585086,0.2336105129699214,3.4445734857838305e-9,1.284969332805457e-8
GWK60_G04323,1094.9237377255238,1.18013420001791,0.21058335893204416,9.023084825646066e-9,3.244627645467014e-8
GWK60_G04345,471.2137239153126,0.1366330951780054,0.24835190284964945,0.5688103064799991,0.6439775712258032
GWK60_G04367,396.8504165625567,-0.7180844570026573,0.26931612550077544,0.005563457585542245,0.010099051097931425
GWK60_G04389,1172.9715126477506,1.0503779498967127,0.1963729957552602,4.7749543118394e-8,1.5944667398852222e-7
GWK60_G04411,3127.400369124982,-2.2980028811543862,0.16464442990333494,4.4539990414971435e-45,6.539955259264972e-44
GWK60_G04433,251.05955473644786,-1.0203689738275512,0.3435917563631771,0.001454974596271821,0.002902262534299187
GWK60_G04455,785.1521700761318,0.10714415371742785,0.21282778152007822,0.6084265161537972,0.6812211897379175
GWK60_G04477,1207.1159110593157,0.26872009428517124,0.18710005771840402,0.14636287523402844,0.19924649973913838
GWK60_G04499,1801.40621563055,-0.4990441092592158,0.17256374340988226,0.003284295590134341,0.00618041526858317
GWK60_G04521,1923.6154195043214,-1.4574937465019366,0.17389603128196554,1.797487072334499e-17,1.1165119464583035e-16
GWK60_G04543,798.2351919602721,-0.7800356372407227,0.21852982191744613,2.4257482445582936e-4,5.451745416979227e-4
GWK60_G04565,4.693376196333453,0.31206703280574255,0.9839945972311838,0.4331686565727657,0.5109862795455568
GWK60_G04587,1211.620194559199,0.5663206082634412,0.19635719386865366,0.003092053083068621,0.005846980765382234
GWK60_G04609,2660.9237977221806,1.3064840463913745,0.17461792943489374,2.766958481053995e-14,1.4495681398267015e-13
GWK60_G04631,8226.381198266832,-3.2508355622443803,0.15988752196117792,4.5114285120754905e-93,1.332257604180505e-91
GWK60_G04653,2536.5128372166373,0.2539032536405805,0.1667775312912303,0.12334948809220612,0.1716307960135303
GWK60_G04675,1943.6780425830432,0.1669440568885717,0.16999829103198577,0.3201670729523154,0.39266894376471906
GWK60_G04697,2206.9503310842047,0.46178069559027946,0.17285609490520298,0.006643575368345711,0.011900352218595537
GWK60_G04719,166.58353145324435,0.7437290184240913,0.37313150866495126,0.03151516841894344,0.04952115941216855
GWK60_G04741,816.4869281759202,0.22343708893246308,0.22403536323452783,0.3096398306115087,0.3820915456324086
GWK60_G04763,161.68215843570795,0.24227362210549713,0.3685604538790311,0.48213841219563597,0.558688867520754
GWK60_G04785,703.6265774989116,0.9880143520443605,0.22197691651683732,5.038824131350404e-6,1.3923274625362382e-5
GWK60_G04807,14767.009579355918,-5.582831540835176,0.14652690895285833,0,0
GWK60_G04829,1690.8670119611616,1.4538391579341254,0.19503617607870294,2.980735731662481e-14,1.5538628281625122e-13
GWK60_G04851,4171.240095055929,-1.482081055610764,0.173486257609564,3.381110876912709e-18,2.1983458911882635e-17
GWK60_G04873,2265.6843695985876,0.548392193239567,0.16556255567809128,7.861317605787221e-4,0.0016276899672617018
GWK60_G04895,249.46198878745852,-1.4084678086167988,0.3572923179915242,2.3899904835905725e-5,6.056322960814845e-5
GWK60_G04917,0,NA,NA,NA,NA
GWK60_G04939,377.40230934095655,-0.20045850037353316,0.26575017150247665,0.4341046595613086,0.5117478212402046
GWK60_G04961,888.6796390522359,1.4602081084446321,0.2233523763687306,1.925424949747254e-11,8.545588819785041e-11
GWK60_G04983,317.6802102774479,-0.030461360561611084,0.2973362741210749,0.9119374096532914,0.930598677109517
GWK60_G05005,2971.373174697487,0.0200807774847019,0.15831878167093405,0.8991408216303693,0.9212751275708726
GWK60_G05027,1386.587717348864,1.0701541959783962,0.1853026367197156,4.090917055804361e-9,1.5132671488440766e-8
GWK60_G05049,5041.724390243514,13.023831318111556,0.9862619593639629,2.6489308175658645e-37,3.167929480012027e-36
GWK60_G05071,1627.727918439991,-0.19363142923572582,0.17513988510628192,0.26132973637269324,0.3290588343177838
GWK60_G05093,1703.9361467521912,0.42231822350567355,0.17401966370105412,0.013444001352205642,0.02275536059806565
GWK60_G05115,67.55625089540408,-1.1175522881293067,0.6163270806094562,0.02499413602707167,0.04018217853987252
GWK60_G05137,19873.610751244058,2.280703043613033,0.14031693521540645,3.7354093180520754e-60,6.785351771554388e-59
GWK60_G05159,2255.2266811521167,2.49071174890097,0.18501070403500458,2.4027651302347552e-42,3.281916402692743e-41
GWK60_G05181,777.0718245295369,-0.3915295078041641,0.21548532202472925,0.06264105665160946,0.0931422293840809
GWK60_G05203,1983.9436258063258,-0.8871595301520973,0.19198356578251283,2.2509989490332414e-6,6.452062313845131e-6
GWK60_G05225,289.2670604641265,1.7453184370422403,0.31219707161519555,5.7759350973949145e-9,2.114376241331684e-8
GWK60_G05247,1561.1412767229647,-1.1596529222914276,0.1793144215499535,4.6331690484808524e-11,1.9992597216546766e-10
GWK60_G05269,461.24307191776325,1.4304068337622833,0.27217660313927683,4.8046792921529415e-8,1.603379718328311e-7
GWK60_G05291,2192.040871029346,-0.694006271776375,0.17969898531612832,7.839805359740747e-5,1.8760168008868081e-4
GWK60_G05313,1999.2557456924033,0.11783309880467976,0.16839389358330953,0.4774043545935595,0.5540104858569918
GWK60_G05335,2.724706197987998,0.08767891734595348,0.9598178757181763,0.7915664434480097,0.8345074232281969
GWK60_G05357,48693.300247115745,7.753146690468502,0.1600868390377116,0,0
GWK60_G05379,7374.296930320182,4.204531256330275,0.16171707095237267,2.0040795301119098e-150,9.374835748824384e-149
GWK60_G05401,323.01951808608817,1.0542717598368085,0.29092708165388526,1.5320876615149855e-4,3.547356714309336e-4
GWK60_G05423,893.7009326711518,0.6529427710368854,0.20778610554623908,0.0012939557999263125,0.002600703558330984
GWK60_G05445,903.6386127029049,4.865296686360763,0.27815941219613644,2.4771767890942187e-70,5.322909149248797e-69
GWK60_G05467,332.7326319833789,-0.9176584100572588,0.3318083224513759,0.002893036938994569,0.0054950029678495485
GWK60_G05489,963.2610991949152,0.6806826127765989,0.20418212884261938,6.685573470194623e-4,0.0014018223468246242
GWK60_G05511,4642.325486815429,3.5898622063581604,0.15729842687550055,3.16782030126651e-116,1.2046833174456672e-114
GWK60_G05533,431.5473667295636,1.1309279415506301,0.26179062096686745,7.429901925614755e-6,2.008923865923253e-5
GWK60_G05555,914.6341457552079,-0.10221253047401566,0.20046340041779423,0.6016378371998016,0.6746409858799642
GWK60_G05577,1035.527620007517,-1.0490634256987525,0.1977012374615876,6.562875531357853e-8,2.1668557188480706e-7
GWK60_G05599,2094.1632684783817,-0.5905792869816296,0.17016755618609605,4.2075329712061587e-4,9.103978422347833e-4
GWK60_G05621,482.51420583122103,-1.2424058354618772,0.2543940260484549,4.4002063478507065e-7,1.3522959741127229e-6
GWK60_G05643,14547.751860965376,2.4774147814958796,0.14141383116858752,1.7180550164547135e-69,3.632655526791846e-68
GWK60_G05665,787.6932868099332,-0.9595757094168001,0.2203017495090036,7.456521875546793e-6,2.015090727716787e-5
GWK60_G05687,164.00831965486307,-0.6075061381175891,0.3928484594465626,0.08916753224060521,0.12853547189087514
GWK60_G05709,1809.0702236607813,-1.225445783222074,0.20437471446790811,7.670442711187261e-10,3.0078605468350045e-9
GWK60_G05731,700.0494538119215,0.19095733002252976,0.2292351277751871,0.38725271040438947,0.46291674065979255
GWK60_G05753,10292.476547136434,-5.476934614140136,0.19953610637426022,8.222665467724784e-171,4.303466303207248e-169
GWK60_G05775,1360.1934368030645,-0.37651276677874423,0.22624727869877867,0.08417939041393104,0.12211093790560906
GWK60_G05797,227.08831745698367,0.5089404528517044,0.32738113163239896,0.10005350698481279,0.14282550308445055
GWK60_G05819,6852.52203378758,0.2205437513065386,0.15743070217168517,0.15599691385876632,0.21078724096560297
GWK60_G05841,5692.0415538798125,-0.08160207494385267,0.14877390669289914,0.6039941020498534,0.6768524111586867
GWK60_G05863,3382.4528669066153,9.324227718627709,0.3701404687935285,2.6815366976239555e-139,1.1812169153033524e-137
GWK60_G05885,5979.056176558266,2.0618571475311613,0.149634651215892,8.057430445742132e-44,1.138812228240452e-42
GWK60_G05907,2314.4971672445886,1.1929845589860841,0.18837464388939645,9.254795407974134e-11,3.8918733911337526e-10
GWK60_G05929,413.5033726436781,-0.10062336534047286,0.25825154866064776,0.6761243201420821,0.7402637026244918
GWK60_G05951,3437.837790621515,-0.32511951080175583,0.16623069112756692,0.04621913068816691,0.07024563680783505
GWK60_G05973,211.20332919590396,0.1543978491612353,0.3295780138066503,0.6225015798004032,0.6935874988108006
GWK60_G05995,0,NA,NA,NA,NA
GWK60_G06017,1272.7824393842677,-0.5481460131723248,0.19225135346493324,0.0035134218107605456,0.006578798332157366
GWK60_G06039,1284.0714271361594,-0.4487684777763998,0.19814394685149933,0.020500586461782815,0.033498021649763204
GWK60_G06061,3107.1548114785223,-0.4518335041236276,0.15986362872174298,0.004397678737466341,0.00810251997429316
GWK60_G06083,443.079769666311,0.45091007366633357,0.274934117757021,0.08534751232854158,0.12353421417543012
GWK60_G06105,2033.0476325059087,1.23161401450578,0.17114502121420058,2.8280151351952225e-13,1.389301859167467e-12
GWK60_G06127,2069.1196767997417,-0.6325499232244284,0.1695757482277292,1.426320039016705e-4,3.3184541048601686e-4
GWK60_G06149,969.443791709758,0.7987447198407164,0.2101563598681955,9.6955026573188e-5,2.295137798772377e-4
GWK60_G06171,2548.0662268232722,-0.33057004500405457,0.18910258470530752,0.07284735208411369,0.10696419531017361
GWK60_G06193,3787.595186872813,1.1964466132602816,0.15632407100041032,9.781247208458799e-15,5.265139790622527e-14
GWK60_G06215,1139.2282231260167,0.5513975188027266,0.1983501540979939,0.004504299683134709,0.008276963047069888
GWK60_G06237,867.4929210081448,0.9415293417760862,0.221204844313201,1.2243419837934367e-5,3.216636046884745e-5
GWK60_G06259,14805.396172969162,-5.426735759210354,0.20081976509599242,1.636065289572295e-166,8.478667765371718e-165
GWK60_G06281,0,NA,NA,NA,NA
GWK60_G06303,870.3106778430458,0.0806735126164234,0.20427353656212047,0.6898713260249971,0.752043685165629
GWK60_G06325,679.1938732041477,0.7756252571854544,0.22538092148001454,3.863449663437031e-4,8.411118171716699e-4
GWK60_G06347,1277.9763466190036,2.134091369642752,0.19356988861434496,6.531741031855546e-29,6.1109350609537015e-28
GWK60_G06369,2145.315259479074,0.7438967125411011,0.16746711346197543,6.562690603435906e-6,1.7863224783605664e-5
GWK60_G06391,2944.0206520631896,-0.5187263220036835,0.1642470170700729,0.0015234055501496383,0.0030296169067309964
GWK60_G06413,1176.762338908045,-0.6089529330822255,0.20702502282775723,0.0027048163001417245,0.005163473803737507
GWK60_G06435,0.17048494933189154,0.05673870770012697,1.0164341323484167,0.8415973715063674,0.8743482126145161
GWK60_G06457,14767.648537941113,1.0532885535178473,0.14167433715740146,5.783539732211868e-14,2.9623828512085203e-13
GWK60_G06479,3018.400592249243,-0.5040285364831486,0.1597988167129964,0.0013747958568573171,0.002751673949014683
GWK60_G06501,1075.113364583765,-1.0519129451820115,0.1958264632095953,3.705488393020391e-8,1.2580097395957473e-7
GWK60_G06523,86.15185371921062,0.7074984940387133,0.4906030198328114,0.10108360410684726,0.14410138384811075
GWK60_G06545,505.42636716047855,0.9561505947950578,0.24976340147716247,7.5572898151687e-5,1.8133379011793803e-4
GWK60_G06567,5736.662650104826,0.7517560693787328,0.14871996657032305,3.1731021525936865e-7,9.860680763439286e-7
GWK60_G06589,448.15330470198876,-0.363272437217266,0.25137624900888705,0.1346204502119933,0.18545835283309786
GWK60_G06611,3828.981733115589,0.04526922607000673,0.162982347551772,0.7860423367265361,0.8295108388773149
GWK60_G06633,4392.974261032523,-1.2523945484823418,0.15875040103191604,1.2059426831074041e-15,6.8397135438902764e-15
GWK60_G06655,669.82680547742,1.2229181912792535,0.23629035165818793,9.629230160739329e-8,3.1400438389678035e-7
GWK60_G06677,11080.836819784716,2.789306630883881,0.14496550459317797,2.1113319986122975e-83,5.525000467655744e-82
GWK60_G06699,294.9356637604667,-0.5261317799855774,0.31682908850668184,0.07722803775771762,0.1128947476734777
GWK60_G06721,11.298144748935982,-0.024091159833835158,0.8814130700068283,0.9358340346305634,0.948938942462528
GWK60_G06743,592.1579097683774,-2.274758933525702,0.24164004685543272,8.078448962097362e-22,6.031452148820149e-21
GWK60_G06765,1720.4092774289236,0.13514187611346296,0.1750805592089911,0.4355130529674414,0.5131792238042566
GWK60_G06787,931.9441324888204,1.3832537589188503,0.20508363070804303,5.920098738407023e-12,2.7141059784232022e-11
GWK60_G06809,892.0813334614537,-0.011763691554662066,0.20490924481506667,0.9525732840767589,0.9622209783355145
GWK60_G06831,1204.2122455305737,-2.799433989353681,0.25838589436663234,4.575219134020925e-29,4.303311092959895e-28
GWK60_G06853,936.6722370823921,-0.4835422683751092,0.2004067184749415,0.013591191212121814,0.02298241738556491
GWK60_G06875,0,NA,NA,NA,NA
GWK60_G06897,1064.8537822117949,-0.7119618572887875,0.20630856915381343,3.986726441826652e-4,8.665228606700528e-4
GWK60_G06919,14705.140519667111,-6.152240731764672,0.16151239042436408,0,0
GWK60_G06941,1585.6726350828178,-1.5952409494145732,0.23691585358635595,2.533510157030792e-12,1.1799237612391863e-11
GWK60_G06963,10836.8945036791,0.11615793067255126,0.14110778904618418,0.39773895911878127,0.47427208163814066
GWK60_G06985,3831.820147072779,0.4677578038042872,0.16074160873514778,0.0031614528707815553,0.005968371383911179
GWK60_G07007,1893.0080014062878,0.5262639670599075,0.1708218738187332,0.001809341187888301,0.0035620772883342864
GWK60_G07029,3773.9586600187263,0.4594524961015458,0.16405579412643276,0.0044866889106865366,0.00825500786003795
GWK60_G07051,2093.1354962508567,-0.9931083566782586,0.1718151848943983,3.866749947388592e-9,1.435367993110681e-8
GWK60_G07073,867.5386641347266,-0.01438798271111497,0.20430648766462323,0.9409316919027396,0.9527121195294908
GWK60_G07095,7071.952672510348,-1.0864606441391347,0.1482732198431601,1.1956856090758555e-13,6.007979210622597e-13
GWK60_G07117,11247.452273561303,1.4953173523868024,0.14379498886145717,8.44201663357403e-26,7.094515091426443e-25
GWK60_G07139,444.96770616371595,-0.14306513125778764,0.25062332673083015,0.5560631227024866,0.6323902036586369
GWK60_G07161,6315.400423473169,-1.5971312796798638,0.14806482604824625,1.2006540287275491e-27,1.0830473030467277e-26
GWK60_G07183,6261.930960016729,0.3117697253667634,0.15372625279672925,0.04043157106175609,0.06209218031157545
GWK60_G07205,697.907543747278,-0.514394175353251,0.22266740228519571,0.017526467398935673,0.02903318917918332
GWK60_G07227,369.6352032287413,-0.9193618422364275,0.3223594552902155,0.002202799229489415,0.004285607923106753
GWK60_G07249,1100.3681671462134,-1.1225534441251905,0.19468117583554728,3.8466324365539326e-9,1.4289036584416084e-8
GWK60_G07271,45.813936649225816,-0.48266226597487055,0.6094076434768786,0.32356639284788774,0.3963782045408887
GWK60_G07293,1670.30910273835,-0.01906187515641311,0.1741329684351855,0.9099672345164744,0.9291262896762766
GWK60_G07315,6435.430488439021,2.283279206574043,0.15188872393585215,7.269838957868472e-52,1.2008865228528984e-50
GWK60_G07337,35856.85014736393,1.7985033545728843,0.1401880379894231,2.8210936717709793e-38,3.451921562264212e-37
GWK60_G07359,37.05712041725801,2.192913309958682,0.8495605282502015,0.0013371441259133626,0.0026834259110015317
GWK60_G07381,1462.3175588440795,-0.5106422936847507,0.188668258266962,0.005691383977100992,0.010313560405538514
GWK60_G07403,2933.0244026910214,0.20107717835091177,0.1602615611826485,0.20460329583052747,0.26681235372976675
GWK60_G07425,3477.7734768065993,1.3930569906521073,0.15711975970032993,2.967802248593668e-19,2.0190222247189356e-18
GWK60_G07447,947.4468723011669,0.5965869061990273,0.20651819625959136,0.003092727623913872,0.005846980765382234
GWK60_G07469,214.8318769090889,0.4089359179078151,0.32954360270050015,0.189599090993375,0.24949484565371674
GWK60_G07491,3738.1952629344746,0.7327311967939705,0.1627727478313965,4.841156339338181e-6,1.3412134386657037e-5
GWK60_G07513,2448.054691748359,-1.290502681721363,0.1648517924314012,2.7094767854900556e-15,1.5044426773214742e-14
GWK60_G07535,404.1991620528854,0.7173510755036775,0.28605948849317797,0.008328865558612708,0.0146315664150305
GWK60_G07557,2645.4862150320682,-1.105028292229986,0.16488902769004812,9.672632393947264e-12,4.351449773140871e-11
GWK60_G07579,651.5551460434003,0.32305041269677653,0.22240895000133867,0.14470214193888914,0.19723969115238987
GWK60_G07601,284.85581959306325,0.4757284147622916,0.36101595625378113,0.14865779431589293,0.2019545363027011
GWK60_G07623,2017.729436268352,0.5517798187161086,0.1819356416089448,0.001989612774657004,0.003889457517321347
GWK60_G07645,4236.754259486518,0.07698384413450518,0.18134133447943698,0.6809817362000574,0.744656486874949
GWK60_G07667,528.5386294287142,-0.6311748301845054,0.2537327017918627,0.009641607677425218,0.016764979665417665
GWK60_G07689,215.19164553932347,0.6024211704718286,0.36243475589484514,0.07197241135034906,0.10576763035806092
GWK60_G07711,790.4953743017904,-0.8035293674944133,0.2145687987662283,1.2165809463018762e-4,2.851816799180363e-4
GWK60_G07733,1023.434735875046,-0.4421025787583204,0.20590976825409776,0.02777967735431011,0.04420330358063915
GWK60_G07755,1587.3563449859892,2.819633245060963,0.18895272356512263,2.6373157925704232e-51,4.302731876397301e-50
GWK60_G07777,5067.7504485046575,-1.7038310580642206,0.15572367736365128,1.7011255796659867e-28,1.5775701428270887e-27
GWK60_G07799,1639.2664213458806,1.067921176104069,0.18529811560350343,4.071131972576559e-9,1.507396687142129e-8
GWK60_G07821,907.8550893214407,0.3535834698219343,0.21938169343673794,0.10431324003141161,0.14790766813466785
GWK60_G07843,12.928684960038249,0.7721348520893309,1.0351759512963359,0.17200080704241164,0.22907439305270544
GWK60_G07865,3545.150626431051,0.0471385008991743,0.1549528039898479,0.76138943641997,0.8088232638496708
GWK60_G07887,4587.070014277685,0.15454614639686398,0.15089692710304572,0.2965464834722914,0.36805463997054055
GWK60_G07909,27057.948803216634,-3.7352274001683217,0.17009415831053049,3.0730735788270007e-109,1.075779267395995e-107
GWK60_G07931,1216.659639467174,2.2242630689718306,0.19410438216267284,3.8165563567231144e-31,3.7779619665989486e-30
GWK60_G07953,510.7694807296973,-0.24633354254325945,0.2423722366727269,0.2952643815839712,0.3668078780382778
GWK60_G07975,515.9131146936552,0.25054024056571467,0.23995263740364506,0.2821116022245126,0.35204011552378983
GWK60_G07997,5476.571342989137,-1.2710413002942673,0.14921348663567413,5.897030532784664e-18,3.787570279015763e-17
GWK60_G08019,4297.145480445723,-1.045586846489754,0.16123502321499292,4.466241247049044e-11,1.9310699506892875e-10
GWK60_G08041,519.6867289309121,-0.15642006369826003,0.23757829620720305,0.49683304718405563,0.5732939287087793
GWK60_G08063,271.0028051596637,-0.02156135730204153,0.30384047955291776,0.9380441815048238,0.9506329646155098
GWK60_G08085,2171.266923962243,0.4894878548891964,0.17828028129676252,0.005176754103515237,0.009435973169372945
GWK60_G08107,1647.4230402561645,0.6852147632273444,0.17591887329863382,7.551068707310723e-5,1.8126679921364434e-4
GWK60_G08129,848.7190595443715,-0.9733572218179825,0.2103509081521807,2.187723672648183e-6,6.295213573009414e-6
GWK60_G08151,436.91518344842433,-0.34690820054434646,0.2528224584071022,0.1564056064525002,0.2112854678527769
GWK60_G08173,895.657529949558,0.8072922116447798,0.21353813385463213,1.0441332287571491e-4,2.4650684444887407e-4
GWK60_G08195,1075.5134435342425,0.5109267130820142,0.19336394640750884,0.007169119877736868,0.012738140394526752
GWK60_G08217,614.4411642612113,-0.22789442021953782,0.23229083577746756,0.3108376228602352,0.38318275989720224
GWK60_G08239,397.4807275521898,0.3678612657203077,0.272431395998318,0.1601248028116874,0.21537397141541467
GWK60_G08261,0,NA,NA,NA,NA
GWK60_G08283,1309.3290463224143,-1.1796472400742988,0.1866664122917922,1.1791130933358957e-10,4.923216280705801e-10
GWK60_G08305,1451.7619939594829,-0.9979094579633856,0.21438742964661245,1.6324066662646312e-6,4.767348971201569e-6
GWK60_G08327,4812.38309478444,1.2933548630270213,0.15129375432448636,5.752864327886463e-18,3.699469688224798e-17
GWK60_G08349,1130.7001678146733,0.8907253283908128,0.19904547877199177,4.813194712568952e-6,1.3341660855081007e-5
GWK60_G08371,2974.6236537975924,-0.8848857845771919,0.18374646320516141,8.936060192121337e-7,2.686917757426245e-6
GWK60_G08393,2844.6612076686915,0.4349435067798055,0.18225651771726753,0.014879947855928978,0.024954125750774294
GWK60_G08415,12654.387245760947,2.8628860111344947,0.15195953249457758,3.238121805264663e-80,7.961261331455352e-79
GWK60_G08437,1681.2852240808268,-4.849856539947838,0.24866254671396493,9.550409177391262e-88,2.6431132414497495e-86
GWK60_G08459,3881.9730664463477,-0.542133869927352,0.1574167437262908,4.7610379813626456e-4,0.0010217964583630916
GWK60_G08481,455.92958724812144,-0.5338822469069945,0.251015170565877,0.027687906551048653,0.04408381747856722
GWK60_G08503,2173.901711731132,0.3998697337618347,0.1717231321946398,0.018040062536327055,0.029781314980332547
GWK60_G08525,2098.413385926087,-0.2884334825635693,0.16849990248500202,0.08212682235034188,0.11949418743294994
GWK60_G08547,878.1096518406432,0.1811489797921954,0.20291089510028065,0.3626765389432581,0.437795886013716
GWK60_G08569,1114.5248161409963,-1.407246271816221,0.19988911068454637,8.537449999105016e-13,4.091474224412431e-12
GWK60_G08591,593.9962192681456,0.37125893898749257,0.2411351014285973,0.11106643374167595,0.15668459267640755
GWK60_G08613,397.60251012308373,0.033119311283606324,0.2603646439292626,0.8986108777855647,0.9212117975221501
GWK60_G08635,1715.9581811039034,1.1070629027113263,0.18145364698821465,5.289954942235542e-10,2.107211893342658e-9
GWK60_G08657,1848.206710816696,-1.5153713652231333,0.20415134155817657,3.00377344500122e-14,1.564329697564182e-13
GWK60_G08679,0,NA,NA,NA,NA
GWK60_G08701,5444.6371583925065,2.0458391200718515,0.17292479530162688,3.277962700694891e-33,3.472406981136913e-32
GWK60_G08723,361.13641429251567,-0.5521063238627522,0.28156763026051657,0.039566625697932574,0.061012013838760676
GWK60_G08745,606.8815867349654,2.5190571237864288,0.24336287355826935,6.105878683288234e-26,5.155858581447541e-25
GWK60_G08767,5.011773359765882,0.728670147853311,1.4035168378519378,0.029036812688199503,0.045885976642697335
GWK60_G08789,12.268597489349986,1.4846171128019778,1.5393362588137165,0.037518638885017525,0.058159391538475845
GWK60_G08811,24253.637739207064,-6.721399157132745,0.15391970178825076,0,0
GWK60_G08833,39.1509608725478,0.1425100786243888,0.6066944785043016,0.7761861734860177,0.8209123875644437
GWK60_G08855,575.634349408222,-0.3937462690975927,0.23442721349020412,0.08354554333549927,0.1213579945236189
GWK60_G08877,2756.322408650869,0.381817272209856,0.16275144979739456,0.017465015143503657,0.02894953591989976
GWK60_G08899,365.62171950066283,0.44379332309365394,0.2703970122252377,0.08863847134013814,0.12791235585693972
GWK60_G08921,684.8094977604054,-0.03414089442996755,0.2176385494249425,0.8712114948620461,0.8998092930521249
GWK60_G08943,142.94736904950366,0.43737689258894824,0.4045440000005947,0.23576394906932246,0.30124443673687173
GWK60_G08965,637.532545621928,0.7926816892077384,0.23351104948852924,4.696580378887162e-4,0.0010100131766801277
GWK60_G08987,108.22252033320059,2.397265865765261,0.545514672691902,1.0517181192041883e-6,3.1426692923195813e-6
GWK60_G09009,815.0314885167846,0.38751771490745895,0.2146731869906069,0.06405820164092217,0.09503554697555841
GWK60_G09031,1933.0865260135345,0.03413762982441001,0.17078969773793223,0.8510502426573532,0.8824345984085463
GWK60_G09053,673.8839402700639,-0.7022268814555176,0.2216641329445711,0.0011336434376898168,0.002288937819567751
GWK60_G09075,2143.629376307552,1.3911145378123981,0.17317779572500402,3.2694865237277267e-16,1.9096691452403055e-15
GWK60_G09097,5743.282522389688,0.9886166392675022,0.15191021500923585,4.4678368325633726e-11,1.9310699506892875e-10
GWK60_G09119,731796.3455652349,0.3187663373111054,0.1501336911012167,0.031618557827464644,0.04963935155211705
GWK60_G09141,0,NA,NA,NA,NA
GWK60_G09163,7479.817181081295,-0.5364111184797956,0.17492348877354177,0.001973187105035946,0.0038616316316993746
GWK60_G09185,0,NA,NA,NA,NA
GWK60_G09207,2041.5287760763813,0.7442413047580735,0.1713654390535714,1.0236343038635947e-5,2.719060768956262e-5
GWK60_G09229,3636.3177777833375,0.5523181746738209,0.15725213645587907,3.752034094166107e-4,8.175289456620791e-4
GWK60_G09251,123.08907911145185,-0.01301021593542147,0.41134343006001967,0.969961548466741,0.9760549676746988
GWK60_G09273,1552.9672848824184,-1.0032987747689999,0.17895909746890426,1.0363091277600215e-8,3.7113347217747115e-8
GWK60_G09295,5774.69650056902,-0.07256613278588016,0.15158141680088763,0.6259489658342947,0.6968757863100425
GWK60_G09317,900.6629541557825,2.659154239261441,0.21833901957308618,5.121272610402634e-35,5.699167793387015e-34
GWK60_G09339,7.342782824565583,0.3768852077435741,0.9494140085225765,0.42087112809995764,0.4981470629503753
GWK60_G09361,3.4237570693136568,0.21745645883080852,1.0003633796654643,0.39682560411172957,0.4736103281405741
GWK60_G09383,1989.9159069784268,-1.5098153282485003,0.17671450491679466,4.285688303649506e-18,2.7796501071277656e-17
GWK60_G09405,6086.668585041949,-0.576092958697649,0.14728835866466763,7.539434318945598e-5,1.8106974016331867e-4
GWK60_G09427,2819.833751283636,-2.424852388967769,0.7170292203435173,5.1243543004578914e-5,1.2523040606666856e-4
GWK60_G09449,2282.772131398599,-0.24742559428628738,0.22377256719659,0.2456123032912868,0.3120929411533034
GWK60_G09471,1664.4141482631778,-0.43577991539011385,0.1748372647025454,0.01127019407425146,0.019348569625363177
GWK60_G09493,262.6681207905913,-0.3628384978088217,0.3051131696029319,0.21136500309565992,0.2742962075961125
GWK60_G09515,831.5851087859127,-0.8749672602125759,0.2105422734827666,2.058607798672611e-5,5.251834374412848e-5
GWK60_G09537,1042.427871213764,0.17453344035690999,0.19567474129647777,0.35965737830374495,0.43484650084940435
GWK60_G09559,532.9108474833988,-0.06415410389012954,0.2357632968114227,0.7789225314240565,0.8233122377739578
GWK60_G09581,1196.5064773892939,-0.26830099431204957,0.18762596877036522,0.14951217172817835,0.20295874159094782
GWK60_G09603,789.0199437350873,-0.5647849270138092,0.21254698918075002,0.006542963547785116,0.01173205743337589
GWK60_G09625,2964.4758682848455,-1.3529693563675076,0.16620966098887846,1.4750976504231948e-16,8.770940585080998e-16
GWK60_G09647,65.15037934388194,-0.4691596462119129,0.527911535193592,0.297768084304379,0.3692240426068373
GWK60_G09669,4166.4848174746885,-1.857846636077019,0.15596861289700864,2.2898357560379884e-33,2.4354269228202832e-32
GWK60_G09691,21793.433381378614,3.119006906183807,0.14082289731362707,1.3033444197084925e-109,4.6238111426705306e-108
GWK60_G09713,699.1929255815085,0.30722126567398517,0.23930329384006108,0.18646394792326654,0.2459816393118011
GWK60_G09735,349.78745648205546,0.4011385961894847,0.275415623395119,0.13028818430116537,0.18024164936298356
GWK60_G09757,1318.1781856333648,-1.1638814202959944,0.18636502740322883,1.937870991790871e-10,7.984088903044851e-10
GWK60_G09779,615.4941633257972,0.87984975914294,0.24060177816477882,1.596308198050518e-4,3.683144973764748e-4
GWK60_G09801,3189.5571129789837,0.30104537205571147,0.15950692955461074,0.056003554410797206,0.08402917644492591
GWK60_G09823,1246.3905589134802,-0.6447024166964561,0.18877421343375014,4.892289506770697e-4,0.0010474136222272136
GWK60_G09845,5018.072862287601,2.1124150682938034,0.16353041069125,5.22523608821886e-39,6.607798555580118e-38
GWK60_G09867,1904.8939609480547,2.073604252111218,0.17553472997202135,6.803019907209417e-33,7.106870203460272e-32
GWK60_G09889,1419.752909888053,1.0430830938946116,0.19852564552021226,7.86963082703689e-8,2.575781334471641e-7
GWK60_G09911,7.717680222436844,0.5503847263815007,1.102193156488582,0.2331859759281639,0.29874480580617413
GWK60_H00011,6.942683124914834,0.18883776672740532,1.013451175606644,0.2123479900442939,0.2751830045045692
GWK60_H00033,1744.8161507021944,-0.7793204164966784,0.17750880295563712,7.896306355105911e-6,2.1263308911405932e-5
GWK60_H00055,8315.3942493688,-0.7902966914962681,0.14561412798861867,2.2210184152896184e-8,7.698559569325196e-8
GWK60_H00077,837.9234773750777,0.6193565946264477,0.2080306280808284,0.0023280447815737008,0.004512667662412388
GWK60_H00099,530.4834452557985,0.319948100079329,0.23959440464634044,0.17007945446792933,0.22685843964609498
GWK60_H00121,828.6869791013471,-0.4398585098695075,0.22114115085935138,0.0408702507515291,0.06271121784400081
GWK60_H00143,4834.730011951865,1.3397266646061967,0.15366083677186868,1.12449850003907e-18,7.495711312996878e-18
GWK60_H00165,220.48599938925244,0.805570032183062,0.36747748321620144,0.017152817096309593,0.02848563970188266
GWK60_H00187,632.2452779343467,0.7701352472913464,0.22710029425261893,4.8818435249559116e-4,0.0010456006836676236
GWK60_H00209,1243.4351441171239,-0.2044821454526122,0.18646843255336393,0.2637062822028639,0.33141973555024695
GWK60_H00231,717.1631888998577,0.7984394224687472,0.22293995694808577,2.2253100933250166e-4,5.02906761578283e-4
GWK60_H00253,1589.9109020067322,-1.290157269806331,0.1945180081105851,1.223037257873188e-11,5.47415321347813e-11
GWK60_H00275,39113.50160393669,-5.945514869168572,0.1543564289327734,0,0
GWK60_H00297,1170.0593895845554,0.44407001408237645,0.19105284441392045,0.017866672276196573,0.029541204145128272
GWK60_H00319,24760.467663940504,1.6780737517180004,0.1424883999377674,1.43636242476552e-32,1.4858340073014753e-31
GWK60_H00341,1689.7481961051233,2.9859767663666656,0.18359585821550573,2.1376003594191971e-60,3.9370576654668554e-59
GWK60_H00363,609.7841236261004,-1.3496220727270911,0.24246668790816725,9.334965301686407e-9,3.354495349062838e-8
GWK60_H00385,28055.667631857596,-5.147697604020864,0.14062460576744354,1.8283652355479426e-294,2.416184658776606e-292
GWK60_H00407,4264.582591630834,-4.051984746129447,0.16576846727671032,3.126896547481057e-133,1.3223020119987892e-131
GWK60_H00429,1415.457039946995,0.0586726876256422,0.20281908916365196,0.7686151088878314,0.8148220946294862
GWK60_H00451,629.1723457998869,-0.5467053758789184,0.23025161151127244,0.0144122722459568,0.024254463894341816
GWK60_H00473,349.7708595356446,0.18919584626965422,0.2759255215313754,0.4773324388309434,0.5540104858569918
GWK60_H00495,6875.970196093817,2.8652548222169747,0.15153284195664954,8.195407047967583e-81,2.0434397007338038e-79
GWK60_H00517,4310.790361595007,4.751267552753009,0.1974612840851371,1.5014506713206326e-130,6.152456006667336e-129
GWK60_H00539,3616.9449446495864,0.5539075305616681,0.15726221691033873,3.657134432850837e-4,7.978379121770337e-4
GWK60_H00561,76.65243981870637,1.6969190537445558,0.5660092064148123,6.484433305059963e-4,0.0013623495409597365
GWK60_H00583,3210.337586869164,0.7767863052907514,0.16114031506938475,1.1841160777002665e-6,3.518402240991348e-6
GWK60_H00605,4012.531456493339,-1.4410786181361064,0.18169584107413309,5.392439931827787e-16,3.1152390688132983e-15
GWK60_H00627,1179.5138826239295,-1.5976849314228438,0.20317467983839388,1.0086110587283405e-15,5.7328151144494706e-15
GWK60_H00649,972.2825244171479,-2.086729259691953,0.21221842436784527,1.295390832430902e-23,1.0327957677571264e-22
GWK60_H00671,3791.9311813710947,-0.8846006964553007,0.15596445337127476,1.0081132272000186e-8,3.617709788852205e-8
GWK60_H00693,4621.783033157172,0.31563470437352575,0.15079254571886808,0.034390236819239604,0.05359280419413341
GWK60_H00715,210.76843150348182,-0.06970876082943929,0.34305359196100915,0.827585274095276,0.8651637335356338
GWK60_H00737,1802.6507039888015,-0.49403799398243264,0.18951795150429165,0.007661100295125437,0.013534951925144739
GWK60_H00759,4978.417818112716,-1.5747251746023203,0.15962261838080202,1.5870630437760536e-23,1.2539933108221554e-22
GWK60_H00781,2097.7209710538727,1.6724222961144177,0.17094462633277677,3.9162549303204375e-23,3.035384686462439e-22
GWK60_H00803,3004.862627241285,-1.2314446390486042,0.16362219045869733,2.075577626649709e-14,1.0938687272652405e-13
GWK60_H00825,583.8758304387195,0.21710873042461348,0.22911412779251436,0.3305167562088203,0.40423682862559557
GWK60_H00847,446.24155012884455,0.4637191377785841,0.2550506076785029,0.06011998441422928,0.0897977501027454
GWK60_H00869,255.36856402122487,0.289177782111934,0.31024462715835044,0.32809714341228235,0.4013704003881797
GWK60_H00891,1751.6042395935547,2.8161747390306244,0.18979310108209663,8.027282870182596e-51,1.2976213226845626e-49
GWK60_H00913,58.667986866893344,0.3643267290811141,0.5416327525549164,0.4301998989725259,0.507824177304326
GWK60_H00935,212.0827468286068,0.9804446010305933,0.3468674010127164,0.00256245551982139,0.004915418896325876
GWK60_H00957,2737.1451652994265,3.5352594625222715,0.1880962136008285,2.8301736488204857e-80,6.99079341479677e-79
GWK60_H00979,2975.628088437968,0.45720017165819904,0.15834497087594634,0.0035076830467483462,0.00657038007977029
GWK60_H01001,1301.58415612933,-0.058519367591822524,0.18348037125887437,0.7571976588228031,0.8056656249068714
GWK60_H01023,1307.2900250297566,1.0032652708180623,0.18652335243424997,4.3127056828157286e-8,1.4511115365604037e-7
GWK60_H01045,3067.9220881097754,-0.5015830524528474,0.15829222442363589,0.0014556953043638244,0.0029026048203950115
GWK60_H01067,9076.499429047559,0.2334107737242523,0.1469355885673059,0.1085359796828897,0.15331939834413547
GWK60_H01089,4458.550674117464,0.3314062936651744,0.15185667259103247,0.027361526191264765,0.043629872533039384
GWK60_H01111,989.6188454682188,-0.6768379714082846,0.19818178630877686,4.805860086650664e-4,0.0010309974195631254
GWK60_H01133,1471.478409118129,-0.10437479716706685,0.1792979883662082,0.5588012478426805,0.6346848723885709
GWK60_H01155,4118.541406580993,-0.16981646698546057,0.16412047366677165,0.28389483239620067,0.35409817934080146
GWK60_H01177,3035.3811364297335,1.1086931598177079,0.20977722136304183,5.388449711392407e-8,1.7925327359609982e-7
GWK60_H01199,1235.8001672324713,-0.21868840987358362,0.18969823675798783,0.24016328585091923,0.3064952025610717
GWK60_H01221,1681.7467130815444,-0.30529945489960375,0.1750851959714938,0.07786263058545675,0.11372806445833777
GWK60_H01243,1295.990274512514,-0.921442304105148,0.18618224173553535,4.936164258222678e-7,1.5126124213892798e-6
GWK60_H01265,744.6269447974213,-0.45562154595902365,0.21456863117737113,0.029590718195974176,0.0467193955746474
GWK60_H01287,1296.5132435976584,-0.7867917989415961,0.18565410918729877,1.699804323955508e-5,4.378735700014042e-5
GWK60_H01309,7841.580967238965,0.2645946648135149,0.14377530291477697,0.06062782045829152,0.09053069461653362
GWK60_H01331,1292.3438112214635,-1.3327868543245311,0.19003199152837186,9.056949058475792e-13,4.332582146887153e-12
GWK60_H01353,406.8511535489441,-0.25903321407517144,0.25986098661522367,0.3037783321225797,0.3753558353436083
GWK60_H01375,1412.4643976660996,0.0758816863568461,0.18158934023510626,0.6724718296848489,0.7371808568465598
GWK60_H01397,2353.5158634204454,3.295879345698959,0.19549536550325025,3.2265497538289484e-65,6.316867406940675e-64
GWK60_H01419,614.2779863708643,-0.2115337450196667,0.22805671670556646,0.3400180448138104,0.4144190419381605
GWK60_H01441,501.6497058789661,1.0113925748513932,0.26682254933816374,7.714302336987285e-5,1.8481875687356638e-4
GWK60_H01463,109.9827853177382,3.144023967898164,0.5471888329207223,6.283530130626804e-10,2.4787119604845736e-9
GWK60_H01485,956.4999000227889,0.6240526121586083,0.20447880915914618,0.0017905741636960973,0.0035290734635710554
GWK60_H01507,2705.229677450211,-1.706705448188909,0.1662389570455078,2.630022221403715e-25,2.182464279802204e-24
GWK60_H01529,12505.026084909401,-0.8335341226266161,0.14142110802740207,2.5209474035641265e-9,9.491259241623912e-9
GWK60_H01551,257.900829031555,0.80192381909246635,0.3240080342235064,0.008686109181824006,0.015198534635922443
GWK60_H01573,920.2370400225279,0.6032318712133647,0.20265425452296318,0.002361994243671,0.00456830159309157
GWK60_H01595,1233.106323005046,-0.3586054785267327,0.18687946945008155,0.04849556230283047,0.07345201786039021
GWK60_H01617,2007.6619584168748,0.26095581235511084,0.17320161933809045,0.1263217950709637,0.17535110523768752
GWK60_H01639,5799.142254885839,1.8521023271475223,0.15480454781656222,1.2114963200730245e-33,1.2963501109121472e-32
GWK60_H01661,574.32962051978825,0.5855145753610074,0.2335091530679638,0.010093999519892382,0.017488325618535278
GWK60_H01683,1535.2435574137853,0.0773410947703883,0.17705493145625173,0.6591664197074325,0.7254536111958126
GWK60_H01705,0,NA,NA,NA,NA
GWK60_H01727,1007.2878832144886,0.9943601925015129,0.22220801202215054,3.92926701613079e-6,1.0989473781622939e-5
GWK60_H01749,1652.5081413255466,0.7669706921063041,0.1790030088292752,1.3156017033560535e-5,3.437602868976816e-5
GWK60_H01771,0,NA,NA,NA,NA
GWK60_H01793,0,NA,NA,NA,NA
GWK60_H01815,802.341196912933,0.39615805763445033,0.20987438190058857,0.05391265040581657,0.08112219471823125
GWK60_H01837,3130.055523392959,-2.4820963013038324,0.17982376808199513,1.9016559833360323e-44,2.746490034949253e-43
GWK60_H01859,542.8791671352163,-0.11628023400568448,0.23923288320729263,0.6137340831930629,0.6853087849021288
GWK60_H01881,7942.71512160775,5.351180790122717,0.18438448674183713,1.234862251914589e-187,7.095088982196214e-186
GWK60_H01903,753.1780263287167,-0.2367506666579476,0.21201970043670576,0.25321474365157187,0.3202245072961151
GWK60_H01925,925.1833603279229,-0.8522107451260779,0.22846177312925461,1.1281855132236016e-4,2.6552041954140514e-4
GWK60_H01947,325.8955252069605,0.3507625361240198,0.2815195367913889,0.19602663004992799,0.2571207857180941
GWK60_H01969,376.4351755754029,-1.3469476820359305,0.279207175659266,5.22826874873221e-7,1.6002680142326844e-6
GWK60_H01991,541.0267999219601,-0.40500579993171604,0.23968319895441018,0.08082399354745229,0.11772819782084123
GWK60_H02013,702.7354879878296,-0.7494995319930174,0.22124466930088066,5.008827101715342e-4,0.0010697640428148404
GWK60_H02035,3308.42521655219,-0.33649299150412815,0.16251801130697557,0.034723510019852355,0.054048431674010466
GWK60_H02057,18.520623996062298,0.10993567159004096,0.7437795237431151,0.8321276701373287,0.8694656778703141
GWK60_H02079,663.3206093832817,0.2295730148029057,0.22579159085582012,0.30058604833738917,0.3723688426321629
GWK60_H02101,1565.1649325559924,-0.2529727657327582,0.1841348250638977,0.16100813373072873,0.21617703705883465
GWK60_H02123,645.3523268434268,0.9578584219821129,0.23514630067444672,2.7822187324655593e-5,7.013260953654243e-5
GWK60_H02145,761.8035919042959,-0.03359760863114942,0.21376816939105442,0.8715854382408095,0.9000196574606211
GWK60_H02167,16914.846030806406,2.7196059115641336,0.14118348103363673,1.1740710826166884e-83,3.0876317127919476e-82
GWK60_H02189,5554.204949469941,-1.4918833465666015,0.15350795731802347,8.809001099375509e-23,6.748460842217237e-22
GWK60_H02211,697.9063758706357,-1.507697074532623,0.22492493691197224,6.588245229848213e-12,3.007380335490298e-11
GWK60_H02233,3483.8675301797703,-1.680927090535944,0.1575077359633375,6.121248647177373e-27,5.36599010762514e-26
GWK60_H02255,1250.5341777475126,0.35339245819591836,0.18578946447525654,0.05345445687690726,0.08046094761784925
GWK60_H02277,1009.7311018532617,2.2389619631276703,0.2290712863271776,1.6124004583960678e-23,1.2721117646390468e-22
GWK60_H02299,1083.8145741511485,-0.71755829579792485,0.2218573757006645,8.275238035582215e-4,0.0017080401505696053
GWK60_H02321,1886.8820964388588,1.0187126920662646,0.1723395959056705,1.928222674230257e-9,7.317002911687823e-9
GWK60_H02343,369.071116714607,0.41203774628296064,0.2715648492405697,0.11527127032390135,0.16188202309568078
GWK60_H02365,1089.5963368626276,5.14747342079181,0.2401523746486376,6.501838271706627e-103,2.134702925729269e-101
GWK60_H02387,23469.336752299514,4.61967107952735,0.14128883622003113,1.3997380445473112e-235,1.104330642310013e-233
GWK60_H02409,1663.1030409206746,-1.307440819161879,0.19410967878778576,4.856443091575008e-12,2.2342174222859435e-11
GWK60_H02431,0,NA,NA,NA,NA
GWK60_H02453,1728.107292990746,-0.8714728282756555,0.17998869050215985,7.972617958818532e-7,2.4095630949293746e-6
GWK60_H02475,453.2169511447416,-0.7590109512555827,0.26157273369120515,0.002540011819000396,0.004878816306408465
GWK60_H02497,2958.381355143553,0.902944143124447,0.16231731729272864,1.6654641827863805e-8,5.842099628363464e-8
GWK60_H02519,256.2016609349872,1.3806120059476794,0.33202689810821945,1.12491605739244e-5,2.9716673060352015e-5
GWK60_H02541,1405.9928934913587,-0.12288385079130222,0.18041666709044432,0.4833650850048442,0.5597081794820605
GWK60_H02563,0,NA,NA,NA,NA
GWK60_H02585,2333.780246150904,-0.5927667919013848,0.1677875076870021,3.327747634576343e-4,7.317168883681592e-4
GWK60_H02607,2475.8363660366103,-0.21961324043149652,0.16309901482367706,0.17173303430907821,0.22877540810428112
GWK60_H02629,1488.3076130118561,0.2398194977752624,0.18216814472965423,0.179801489179586,0.238382410785877
GWK60_H02651,302.45957965599484,-0.7789758529132407,0.2974828360278429,0.006017738706040383,0.01085657569970289
GWK60_H02673,980.5433916379222,1.3831204732367235,0.20257595212583188,3.327151185075099e-12,1.537353248628232e-11
GWK60_H02695,3575.064538253198,1.988281480594468,0.15877233005368352,1.2044418188533137e-36,1.4116805885717553e-35
GWK60_H02717,0,NA,NA,NA,NA
GWK60_H02739,1541.3543434699138,-1.0899588075625912,0.184740860786118,1.599460264025867e-9,6.108921210723073e-9
GWK60_H02761,76.70835831802846,-0.21390642954391578,0.485896466560037,0.6116336742335869,0.6835142086021442
GWK60_H02783,0.3409698986637831,0.06672701140273021,1.0183305846086295,0.7532955260769654,0.8028915818589876
GWK60_H02805,3071.383997817448,1.0769387922120979,0.15948461181713683,7.912855089077452e-12,3.574987350501146e-11
GWK60_H02827,1303.639708439578,-0.5613324281745974,0.18938761523736083,0.0024885577638757584,0.004783460487217185
GWK60_H02849,570.2477822969112,-0.3053486392895209,0.23577988149336276,0.18259355327806687,0.24146834910227935
GWK60_H02871,3179.9179611744175,-0.5931830439918965,0.16229477409494686,2.0591322432051608e-4,4.68355122099074e-4
GWK60_H02893,1959.3657172453663,1.0068438153242434,0.1799741085063383,1.2094225595173601e-8,4.305055656302199e-8
GWK60_H02915,1759.9970469291652,2.3611521826044064,0.1801055288288076,4.413825585187965e-40,5.732550870590561e-39
GWK60_H02937,208.39793642762797,1.9273902795027835,0.3636377400886181,2.47269786056926e-8,8.537348720423977e-8
GWK60_H02959,1077.7758756271753,0.23610313950275708,0.19560263102020817,0.21925150068840757,0.2826740079607128
GWK60_H02981,896.5396696842924,0.4844550046088638,0.20284170796089665,0.01482916434031554,0.02487685265087526
GWK60_H03003,624.9534735829036,0.831330661682214,0.23101401858892434,2.1691653811922138e-4,4.910581672369184e-4
GWK60_H03025,2290.1796755468968,0.6588989071515181,0.17124698245957645,9.30585668081927e-5,2.2088351331302496e-4
GWK60_H03047,1581.8529733280325,-0.25418547417112913,0.18062699337363577,0.15116721504797637,0.2050474464315122
GWK60_H03069,4059.5303279997333,0.2935733966764281,0.1559097656928372,0.0567788880738611,0.08514417088182405
GWK60_H03091,1614.3992720680367,0.509864784055426,0.17608703178955137,0.003250031691043776,0.006122475951125232
GWK60_H03113,337.83916672500243,3.291579475343465,0.3138320706098195,1.1335695407878806e-26,9.87157922999133e-26
GWK60_H03135,892.8328388913831,1.1481586542481954,0.21047699944603476,2.494651364941163e-8,8.607524226552863e-8
GWK60_H03157,220.91538787569073,-0.10728343643025465,0.3303460363053909,0.728847086179377,0.7840223234725654
GWK60_H03179,1527.0795495625198,-1.275842144025058,0.18430054146520455,1.9497578945057294e-12,9.169413016332104e-12
GWK60_H03201,5087.652196508558,-0.9656202418001764,0.15022442518270157,7.612476932717288e-11,3.2346907609600954e-10
GWK60_H03223,730.379225448791,0.7441894781941916,0.2213659680215472,5.708732958135143e-4,0.00121044373913768
GWK60_H03245,2235.633176884153,-0.21749481222367967,0.16664149908050074,0.18159202557501375,0.2404547713400608
GWK60_H03267,2007.5146641496435,-0.7572287829643793,0.1702645533271986,6.1841674802270385e-6,1.6858952707828843e-5
GWK60_H03289,497.2769424396952,-0.5601680442378074,0.24365877636395655,0.01753344050952298,0.029035641144529598
GWK60_H03311,1125.555749083304,-0.07618264099281888,0.2300357035997134,0.7283585812341753,0.7836563119079687
GWK60_H03333,3426.3457722598614,-0.6059657819244711,0.18468871784913823,8.320630811161212e-4,0.0017167390502653458
GWK60_H03355,126.50817883448507,0.17355630555493282,0.40225802190004506,0.6398230865178914,0.7081459035455558
GWK60_H03377,2321.6740050949347,-0.42045791754640055,0.16456638479795505,0.009890192764296715,0.017158807137359497
GWK60_H03399,970.3080196339964,0.5545730286005257,0.19894995316775915,0.004469875610246617,0.008229802325239852
GWK60_H03421,2672.20817288798,-1.2857894195943145,0.16449429364540782,2.2231148062283017e-15,1.244850091707924e-14
GWK60_H03443,1869.8164444926053,3.87000748380512,0.18556033753556755,1.2515510905926787e-97,3.824103505706879e-96
GWK60_H03465,7596.15983530409,-1.72872567785304,0.1886432863461916,4.5007750731726345e-21,3.2951657945693273e-20
GWK60_H03487,6198.044703651826,-0.21649236354138576,0.14678514098007184,0.13527960598155198,0.18617235022610876
GWK60_H03509,1947.0011935574014,0.3496155423737045,0.17308361901278727,0.04034409444481825,0.062011888117275156
GWK60_H03531,3301.9047612411177,-1.0758135165400695,0.15777899494378195,6.7946694808581956e-12,3.096260592742795e-11
GWK60_H03553,1209.891241734043,-1.345371179968895,0.19075523584357734,7.932941547112826e-13,3.805220419059746e-12
GWK60_H03575,3496.151727406328,0.41824244013260764,0.1629108861810769,0.009365458524200511,0.016317011786065885
GWK60_H03597,2348.7431574923908,-0.24287817420649352,0.16384264963632447,0.1321647283345053,0.18245566831449334
GWK60_H03619,1634.9050364813538,-0.8825667787548538,0.18626716377483069,1.2422269037375798e-6,3.6827882294766387e-6
GWK60_H03641,3368.4788347881586,-0.18652317857520204,0.15709920486326925,0.23291886608292794,0.29847493966408656
GWK60_H03663,2132.080032346291,-0.39433554992531733,0.16663716282850854,0.017837287436534007,0.02950184649234004
GWK60_H03685,7926.9882813298755,0.010215621169013926,0.14360066177967898,0.9299833472369017,0.944787414940893
GWK60_H03707,1165.6437917863034,-0.2834442729839776,0.19766207666352742,0.1425532134730678,0.19466191847549374
GWK60_H03729,399.14571219218146,1.1689000805313046,0.29947921943023864,3.8321882248871847e-5,9.474717940483469e-5
GWK60_H03751,1198.6371849338384,0.06705897674210995,0.18799076623895822,0.718389137396706,0.7759307274783384
GWK60_H03773,5562.323557678789,3.162657317172364,0.16202837675499407,4.84206754802077e-86,1.3193386112802986e-84
GWK60_H03795,7628.127324237394,1.614740800531803,0.15670138492022317,1.7527191010589464e-25,1.4590351445980459e-24
GWK60_H03817,10.558638342449582,2.25360073090659,2.18120881140785,0.01694066279423977,0.028151003939123367
GWK60_H03839,2321.2160662355604,-0.9685093118306116,0.17951956857380405,4.9498050133426285e-8,1.6497269420257966e-7
GWK60_H03861,2.33945036520366,-0.025364371510197554,0.9852457055984927,0.9146503055623398,0.9328268406719137
GWK60_H03883,12616.04496194419,-1.9663013636831508,0.14239888530800854,5.279388408266519e-44,7.501840625294844e-43
GWK60_H03905,2527.222575912919,0.23407474508352216,0.16288794763184547,0.1432512898777238,0.19551415396169583
GWK60_H03927,12536.61429774022,1.9990066029874305,0.14205618673511058,1.294133794098956e-45,1.905512878999187e-44
GWK60_H03949,106.16453085869401,0.8140024418592194,0.4545657079765575,0.045642213755662416,0.0694486879425537
GWK60_H03971,3162.275720489419,-0.1484016676172664,0.15796562064046418,0.3401052767438785,0.414429804718336
GWK60_H03993,268.69954836633224,2.163430387432909,0.328085044871312,7.835518630124776e-12,3.5430754045200654e-11
GWK60_H04015,3290.3370987039643,-1.9517053561623057,0.16727314615037092,3.4172415263591103e-32,3.487169634813563e-31
GWK60_H04037,656.7069570308959,-0.19428929353527613,0.22065777200432948,0.3658164021313718,0.4407808301040418
GWK60_H04059,40.74975019185941,-0.21964538749808732,1.0557425206948445,0.025434863407526476,0.04082863284912996
GWK60_H04081,44.06554873524915,-0.2845258270214734,1.0534113857847063,0.057329559954843255,0.08592119476078862
GWK60_H04103,49.851105673331475,-0.23306135714470935,1.025079192517338,0.12033399743325779,0.16783258850453844
GWK60_H04125,36.49564764068656,-0.21953930954407533,1.0556531166510876,0.028261356865186497,0.04481893667221572
GWK60_H04147,44.900788655758944,-0.23186771528337197,1.0327009797617255,0.08338758505443963,0.12116184018630234
GWK60_H04169,49.45533217810083,-0.28066147240711065,1.043618466232108,0.08523439344453147,0.12340427382848353
GWK60_H04191,1955.3109235482978,-1.0340050484413519,0.17287258062867658,1.1504592964213476e-9,4.458451496248712e-9
GWK60_H04213,2647.2460291251814,0.5738200290275725,0.17854321490622382,9.95949209320321e-4,0.002030307566705444
GWK60_H04235,408.85877902564874,0.19739561814873055,0.2588684752890607,0.43167913353251836,0.5094565527691208
GWK60_H04257,1564.6794820291427,0.14013619316854992,0.17804452733181741,0.423398976637641,0.5004666794513798
GWK60_H04279,388.9713853776369,0.3170744580104157,0.2633140160414565,0.2129757607558948,0.27552887680439253
GWK60_H04301,1936.6329532602283,-0.7097006487566635,0.17949858304439734,5.5402158358228415e-5,1.347702756933251e-4
GWK60_H04323,0,NA,NA,NA,NA
GWK60_H04345,872.187067134742,-0.040672802308020235,0.2036251215877727,0.8369810712623651,0.8728115886156761
GWK60_H04367,1526.265293406364,-0.07721466790704484,0.17966884422483742,0.6550717335497916,0.7221707837282503
GWK60_H04389,1099.867150552477,0.5243551282916372,0.24035455075257722,0.022940729685864174,0.03706133775045172
GWK60_H04411,12350.910075404969,-3.750951134490346,0.15786506464792566,2.3610346084857396e-126,9.454870409436076e-125
GWK60_H04433,1410.9998134610853,2.6988691258568283,0.19102169328836663,3.2774279135595087e-46,4.880136324246638e-45
GWK60_H04455,791.5372689500173,0.07674217412401714,0.21279986973862988,0.7137435917993955,0.7720230798926431
GWK60_H04477,886.5458061512542,-0.1475250647065371,0.20563076018676082,0.46275681383159706,0.5396277339320146
GWK60_H04499,1445.6836686270367,-0.09263859776219202,0.19119901490612062,0.6204389229783482,0.6917612627849712
GWK60_H04521,2507.667362308469,0.16082876956731132,0.162775192881411,0.3173130171050163,0.38965273110071497
GWK60_H04543,10426.738917808083,-1.3930473403208377,0.1463135235513855,6.339763456036959e-22,4.75347370618601e-21
GWK60_H04565,4419.506611889342,-2.1401043434184084,0.15666145412285679,3.523032794272653e-43,4.88786124685702e-42
GWK60_H04587,138.91450572384423,0.5107681113111776,0.39631760595353205,0.16144377283370995,0.21662914016939924
GWK60_H04609,5689.2658295364345,-0.21710184769092544,0.14802388665264027,0.13869702558037944,0.19033034195687584
GWK60_H04631,743.7447178207301,1.8656741514099338,0.22189991945765497,1.014278977419705e-17,6.405589814385377e-17
GWK60_H04653,5984.716986220365,-0.31136171403489,0.18050082458142958,0.07708105846385005,0.11271105810232679
GWK60_H04675,8507.455226716109,-1.3007681809129945,0.1447533397351866,9.492995301905911e-20,6.568059314905058e-19
GWK60_H04697,2934.542133767892,0.5703695246645657,0.16051511458659423,3.380835018434908e-4,7.421550626016164e-4
GWK60_H04719,396.2006250435852,-1.0376359832142539,0.2686654106066442,6.104741505481456e-5,1.4775486995409788e-4
GWK60_H04741,127.52245383830606,-0.2514900175021725,0.40440207832078345,0.49456432717979243,0.5709253185132961
GWK60_H04763,1279.9852518759194,3.0273339218820965,0.20473070342559072,1.5149017658810068e-50,2.4339728676130704e-49
GWK60_H04785,592.1501203591745,1.0988119917162469,0.23492711700381216,1.4916936830337764e-6,4.375745176757238e-6
GWK60_H04807,228.91662716539042,0.9372062188199165,0.3429899405685893,0.0035381216289237863,0.006622702170853801
GWK60_H04829,438.22196994710987,0.40009640322341977,0.25339240429821297,0.10312404929672811,0.14661477261498246
GWK60_H04851,599.4916883875263,1.3929616151544935,0.2352879179644946,1.2137690815341445e-9,4.6797836360244255e-9
GWK60_H04873,5822.212151820623,0.15969310055268898,0.15084039219167,0.2817405710884872,0.35166013194185203
GWK60_H04895,5882.3247869014995,-2.322045842539735,0.1544156029793147,5.653890200090081e-52,9.368797366042686e-51
GWK60_H04917,8409.72565157678,-2.596595644652721,0.15847326259028238,1.6578157263976305e-61,3.107522670119814e-60
GWK60_H04939,598.3761751337622,0.030823300036076504,0.227265653595202,0.8935022314928215,0.9170976302273893
GWK60_H04961,1026.206996924402,-0.099827443746416,0.19465705834899014,0.6004074317952217,0.6738330540275036
GWK60_H04983,1496.7891117616048,-0.46323719381638007,0.17889239593608386,0.008415599862820852,0.014769210117819065
GWK60_H05005,3116.2678967674015,0.350432783968771,0.16259378228368704,0.0289482194362302,0.045773343685286516
GWK60_H05027,119.2119585393726,0.6712603113161368,0.4307612149988515,0.08482650421724423,0.12288103625441299
GWK60_H05049,7369.8507995219725,-3.5115927607988247,0.16180696532025166,7.134428191727743e-106,2.4488693130826526e-104
GWK60_H05071,2496.733985017863,-1.0786382965464631,0.16606076563442404,4.3903046761009245e-11,1.9022254522843844e-10
GWK60_H05093,367.97901971695677,0.38706958878168946,0.28312955127021855,0.15379101612230883,0.20817908097887952
GWK60_H05115,519.2652182349805,0.35526984797230415,0.24025188964057712,0.1274849333079768,0.17677999933524802
GWK60_H05137,559.0765984310709,1.0589744999665953,0.24133427943271546,6.025204847682842e-6,1.6459551847468478e-5
GWK60_H05159,403.4421751598128,0.579259042331141,0.274980069744212,0.028268319119403557,0.04481893667221572
GWK60_H05181,1103.3163599431532,0.19183224343542946,0.19591572775969518,0.31973565740049453,0.39223083894616245
GWK60_H05203,991.9732798507679,0.7924142498704219,0.20041193516503988,5.36432911328023e-5,1.3079263695940635e-4
GWK60_H05225,532.1549582237561,1.1435446069110937,0.2653782622921653,7.099044468283063e-6,1.9253745027883157e-5
GWK60_H05247,875.9182285961807,0.6286878826219564,0.20533228266419834,0.0017816099459013533,0.0035127154696137836
GWK60_H05269,1241.901210780088,0.8247074528148716,0.18811456538948806,8.003392254015921e-6,2.152973610927642e-5
GWK60_H05291,3074.728741985731,0.1728013026359166,0.1696154385122031,0.300997759212447,0.37255452304520537
GWK60_H05313,1163.2568179045475,2.770909680126847,0.20986197022228548,7.950713486262458e-41,1.04545948976078e-39
GWK60_H05335,546.2664756990878,-0.1118543273556974,0.24358441881471934,0.6341055391511867,0.7040715942999455
GWK60_H05357,61813.76195341486,-0.09455775661012787,0.13672372348656364,0.48367003879076964,0.5599386388629015
GWK60_H05379,0,NA,NA,NA,NA
GWK60_H05401,3884.549445112464,1.371026421873995,0.18146371348564375,1.263392541305858e-14,6.732150174740692e-14
GWK60_H05423,1974.9604867389435,-4.563396193263285,0.22620501256482772,7.499176047130575e-93,2.1900908610570287e-91
GWK60_H05445,3707.4896032835177,-0.2573986234207605,0.15921461959879324,0.10180607069147928,0.14489684697769506
GWK60_H05467,549.6513290066421,0.5779984380641101,0.23645662772484272,0.011882959460973463,0.02030165601509558
GWK60_H05489,4593.450368884862,-0.8591965314090316,0.16649817555939697,1.3703167789485823e-7,4.397993013674685e-7
GWK60_H05511,1445.077301972116,-0.2122900575185098,0.17945299507423804,0.22660656267068716,0.2914458127195261
GWK60_H05533,1338.7377041905759,0.07770414844702772,0.22901946703889065,0.726416664814364,0.7821296838053224
GWK60_H05555,19345.996942325,-3.7429884045979693,0.14070587447916896,5.866103649855094e-157,2.8711318419568543e-155
GWK60_H05577,10061.409571724957,1.1850505954280366,0.16473441356529564,2.5059578184641863e-13,1.2368340829506712e-12
GWK60_H05599,543.0231520901312,-0.009828878550781416,0.2481982940455781,0.9720368529589052,0.9779304380299494
GWK60_H05621,1346.1493350363658,-1.6693670462066321,0.1942462330926498,2.107494089603251e-18,1.3838774854214638e-17
GWK60_H05643,1968.0446154411322,-1.0928664475689482,0.1826635762270487,9.723824143291886e-10,3.787777039162926e-9
GWK60_H05665,1031.598531851126,0.8793492952469696,0.19816123969908783,5.875759034649143e-6,1.607622270039098e-5
GWK60_H05687,74.03195656318097,0.23143442856642257,0.49144158859961046,0.5960466000359599,0.6697921615200009
GWK60_H05709,910.9770174690406,0.760274960033797,0.20387323865027854,1.353632906590299e-4,3.157680293131651e-4
GWK60_H05731,665.6934270388389,-0.45637443565162217,0.23567182557090416,0.0450700928689281,0.06867699939612394
GWK60_H05753,257.9434240773147,0.3424487012409806,0.3223624783968416,0.2607006074774239,0.32850140908835823
GWK60_H05775,762.8425841931935,1.328993992362783,0.21967564908059864,5.797310759521812e-10,2.293756337936549e-9
GWK60_H05797,1147.8902066448206,0.060641430816261735,0.1890180577423296,0.7453733835951117,0.7983877823067397
GWK60_H05819,902.5276199967504,-0.6679169024554438,0.20819616472543062,0.001006826218802231,0.0020508991878954116
GWK60_H05841,887.2918296081102,0.569474661225494,0.20414779563466862,0.0043737736655610196,0.008064097522202843
GWK60_H05863,1765.456397119063,-0.9458934375073756,0.18138262332688918,1.0585174362659742e-7,3.4327136000625395e-7
GWK60_H05885,931.9390474005947,2.3557446149763064,0.21531702009836662,1.1050987090985514e-28,1.0284422141364335e-27
GWK60_H05907,139.92753288815516,-0.2477868259480581,0.42397801831908105,0.5107865121061238,0.5867052375039049
GWK60_H05929,42.94326937231577,1.3060995067114212,0.7251105928144154,0.022288197287919382,0.036106469771358216
GWK60_H05951,380.91918541901157,1.3710578720353086,0.27695431559693257,2.7954978359546627e-7,8.733452459134957e-7
GWK60_H05973,232.41297184384686,2.552258975962124,0.3523233575750615,6.70151854737291e-14,3.409453998211088e-13
GWK60_H05995,0,NA,NA,NA,NA
GWK60_H06017,6685.555914889057,-0.5561959927360698,0.14793032359755692,1.3804905487957005e-4,3.2146577272837326e-4
GWK60_H06039,350.6085338681118,-1.4781907003137151,0.3361600525740484,2.570798606257599e-6,7.317846759654103e-6
GWK60_H06061,2926.9612255462303,-0.6407832735167572,0.17609161163971926,2.529538786242773e-4,5.660940738390897e-4
GWK60_H06083,1055.7103988452013,0.2738981962174759,0.19442880819405794,0.15162147309144847,0.205558119200153
GWK60_H06105,1951.790469820023,-1.6330718266010726,0.1781484642213852,1.8332040717206076e-20,1.3077350503529193e-19
GWK60_H06127,3470.1372245707325,0.46977346628524597,0.15888432956894685,0.002624074314062714,0.005022033607579836
GWK60_H06149,123.45396170550879,0.21378437902379638,0.40515978341404146,0.5671154240627936,0.6427060876012929
GWK60_H06171,3234.5625254191536,1.4492004333032127,0.1595896084151532,3.904388853698929e-20,2.740849864628491e-19
GWK60_H06193,3803.895793018365,0.6813003494047247,0.1561094378638463,9.656662060253643e-6,2.581948186671763e-5
GWK60_H06215,1584.0977937905113,0.702245291008019,0.17956705991855407,6.986078699364828e-5,1.6808562587547783e-4
GWK60_H06237,306.1978439384301,0.396652416028008,0.288766395883173,0.1521213388745524,0.20602444204224543
GWK60_H06259,788.5987121481912,0.7239236492712672,0.21409666260900181,5.299764411421704e-4,0.0011272971202906839
GWK60_H06281,5648.985432146618,-2.3479060214677285,0.1514487828288604,5.41327018566987e-55,9.320699088420498e-54
GWK60_H06303,2400.3424274975855,0.2778275603444504,0.16626618205574617,0.08996979234393007,0.12955061899482823
GWK60_H06325,5638.670488723984,-0.22215627065278223,0.6886852707749278,0.6289405258818033,0.6996169233609454
GWK60_H06347,216.89996519686883,-0.10124154101234817,0.3438018643502073,0.7507386040255581,0.8018598223639322
GWK60_H06369,4872.100965530242,0.37797427556289365,0.15041106540723118,0.011071350873480866,0.019038113440865277
GWK60_H06391,1139.1377931279267,-0.6605577241030783,0.1925847390637667,4.59915880864721e-4,9.906745502244968e-4
GWK60_H06413,2079.576451551384,0.20426255235713123,0.16766858422974665,0.21791005115202702,0.2812188794896521
GWK60_H06435,1988.5746348143557,-0.35747725499911503,0.1768956157981953,0.03989732780649907,0.06143235502043522
GWK60_H06457,989.3008106452112,1.373786556019778,0.21670170071623787,8.348332428325147e-11,3.5275208006496186e-10
GWK60_H06479,1719.7472764488846,-0.27555889326036404,0.17381571402519336,0.10678956005660088,0.15105421847984807
GWK60_H06501,465.77348967589586,0.44302099262117156,0.2506013401824535,0.06797079456427757,0.1003333203202377
GWK60_H06523,2188.5211139597714,0.7287735289260197,0.16683835932636984,9.298093329371107e-6,2.4898541711780987e-5
GWK60_H06545,16.50282828896197,1.2060271171418735,1.130448175621846,0.06581446360511725,0.09742236197609908
GWK60_H06567,424.8901511102325,2.0283789338256106,0.2707952143892093,1.3264188111715503e-14,7.053772470676876e-14
GWK60_H06589,1768.0804731037435,1.1474516488775148,0.17583328441657603,3.5921478348244334e-11,1.5640933653115284e-10
GWK60_H06611,4775.860459731332,1.29354685126611,0.1719190261458115,1.8370755428145078e-14,9.710781319317488e-14
GWK60_H06633,5201.576384118128,3.922177380134958,0.15526169745491078,7.957929582533803e-142,3.564882692650312e-140
GWK60_H06655,1706.8676864592612,-0.0862831498941111,0.1833523757661209,0.6285700031374863,0.6993519336107668
GWK60_H06677,336.59310805043634,1.1960115331978516,0.30657294964142634,4.08779193960524e-5,1.0068997293920457e-4
GWK60_H06699,1639.4027169690855,0.19469555385749535,0.18676934093685899,0.28873619809616907,0.35954288413106006
GWK60_H06721,1674.3419703344669,1.5564308589665845,0.1837072140429342,7.313826176991489e-18,4.652332752295669e-17
GWK60_H06743,2277.1962320219272,4.420402558949925,0.1848846133432572,2.0501865234961938e-127,8.336373817846832e-126
GWK60_H06765,457.24501122828127,0.625481050887984,0.2517254195597126,0.01022817718269968,0.01770338722585151
GWK60_H06787,537.198071261626,1.449396268189897,0.2669293323839498,1.665539943235668e-8,5.842099628363464e-8
GWK60_H06809,381.8286854110705,-1.3986169512878208,0.27534162749601665,1.358325123211377e-7,4.364806444556437e-7
GWK60_H06831,892.4970612998657,-0.324588521155045,0.20333649305637097,0.10219551294415884,0.14541197346509382
GWK60_H06853,530.3535526824323,0.6308634811048759,0.24672761974164387,0.008187811775035778,0.014426924347613041
GWK60_H06875,4370.608606724133,-0.7567237850611775,0.15238228512940685,5.854664367318527e-7,1.7868219310419015e-6
GWK60_H06897,558.21808441543,-0.12337339149022128,0.23256544224793282,0.5819033673622329,0.6555714407239478
GWK60_H06919,560.9878189366682,-0.4366889815156622,0.23319064851153964,0.05411621641990351,0.08134828470523361
GWK60_H06941,2153.2700186412976,-0.2762022637349765,0.17885083281445274,0.11374513985460986,0.15999382897058748
GWK60_H06963,5774.5401595915955,0.11870473178847098,0.1475115621981738,0.4095967586729288,0.4864364112210967
GWK60_H06985,907.2666492960645,0.8841293274389851,0.21034144756534495,1.672501112446919e-5,4.310502623302981e-5
GWK60_H07007,1527.0793658391476,-0.802106446196885,0.17895431005079904,5.4267106732333035e-6,1.492807328677515e-5
GWK60_H07029,1389.1039914568757,-1.889745990223277,0.1862837619291749,8.0568789393176645e-25,6.5824825460947714e-24
GWK60_H07051,94.66120518750719,-0.2117859120709303,0.46827866546568603,0.6043453773671073,0.6771025147864622
GWK60_H07073,3440.4093618079064,0.31779698535079215,0.1599012892306126,0.042505472887230875,0.06491878927532575
GWK60_H07095,669.8448935889298,0.15342057670993464,0.2294748822583899,0.49889250269880936,0.5754191074112822
GWK60_H07117,518.698101021795,0.5479466094041877,0.248505331595127,0.02252892734219653,0.036451763064233506
GWK60_H07139,152.535741947507,-0.1815373468299986,0.3735554616201636,0.5988047640002443,0.6726056061422209
GWK60_H07161,776.8117107057226,-1.6370079254022654,0.21673873383861697,1.2440470752141531e-14,6.635754631263384e-14
GWK60_H07183,968.798876565011,-0.6037646131913855,0.21377619256252325,0.0036465903844740835,0.00680885792028612
GWK60_H07205,1234.4727114087102,-0.2569706983023416,0.1870813090040585,0.1615691276128711,0.21671007575783727
GWK60_H07227,2264.966454984654,-1.5111538013199735,0.181994425052074,2.6955139647710732e-17,1.6510413462085625e-16
GWK60_H07249,184.8196311210654,0.3836598281932769,0.35392822127937895,0.2473619740544211,0.31393887031252576
GWK60_H07271,1223.3756465672009,0.5356771737211227,0.18740345139300849,0.003616064292518861,0.0067542458834822265
GWK60_H07293,411.22879548370236,0.4852494032181695,0.27557409671744554,0.06604278419549882,0.0976782756735889
GWK60_H07315,133.68098890846755,-0.19922165278582502,0.3934169392381346,0.5805333126909344,0.6545859835504009
GWK60_H07337,2196.997469297157,0.4744930302123923,0.16656804068835748,0.003923556725483,0.007282275579671046
GWK60_H07359,234.22983898650767,0.4956941362119094,0.32384332809254374,0.10584214732745917,0.14988483115410284
GWK60_H07381,7904.530847159404,-0.7880314865111709,0.1444515059727238,3.171658646458204e-8,1.0837354625195905e-7
GWK60_H07403,1034.1828849507374,-0.48487542235286635,0.19631390428555215,0.011646503144443206,0.01992988527728287
GWK60_H07425,1085.2827790900972,0.48836453626704246,0.1975259957542182,0.011212613007408197,0.01926848906279575
GWK60_H07447,1108.8083788857114,1.219116733792279,0.24688387318512323,2.443287501849676e-7,7.664817646752158e-7
GWK60_H07469,1231.969522227109,-0.17216829197390116,0.18870755578623294,0.36460035788047873,0.43951596163197504
GWK60_H07491,2956.721346988861,-0.8225306911056122,0.15992206522447164,2.3158863671189485e-7,7.282436250202713e-7
GWK60_H07513,1829.6543980117103,-0.23258260415072982,0.1717831196287989,0.17321366127539886,0.23057351133260096
GWK60_H07535,1815.539404634792,0.275019282883302,0.176828492872328,0.10906537129474114,0.1540016598016448
GWK60_H07557,11013.67439530451,-3.418184727936816,0.15798815164534644,3.0320884398232554e-105,1.0340399672842405e-103
GWK60_H07579,425.712612705047,3.9325207514963894,0.3001855241791379,3.4944893107040543e-40,4.560955678118921e-39
GWK60_H07601,619.2529239962533,0.7375463231698287,0.23253556638513173,0.0010823985856825904,0.0021921681700835913
GWK60_H07623,14.805085777409055,0.08805524758635828,0.7917960990468834,0.8625179143463066,0.8923996271745109
GWK60_H07645,585.4279483548202,-0.022991430755546882,0.22897407064416395,0.914199184498928,0.9325466787459153
GWK60_H07667,304.6287342416586,0.07470829903515064,0.3027825166429126,0.7969707383975841,0.838532508592681
GWK60_H07689,3752.723380835662,-0.18220331109886997,0.1554559351464136,0.23456252911616401,0.3002173193481944
GWK60_H07711,587.4689272525334,0.11363667730052616,0.23428019368209138,0.6175989318413109,0.6891762621307091
GWK60_H07733,1499.255680144626,-0.045169441528324784,0.18247062071831563,0.8001613253657839,0.8412197227294219
GWK60_H07755,2844.8021736674177,0.2126143699048076,0.15893540027558448,0.17745223199342483,0.23568153224051347
GWK60_H07777,896.1849159865981,0.7068943091242598,0.20803325410735762,4.984647795644984e-4,0.001065460907714492
GWK60_H07799,1535.7270174372645,-0.9163753115678697,0.17965075040084608,2.2851943838544969e-7,7.1987708659445e-7
GWK60_H07821,686.5524345538279,0.5920425871984746,0.22602680423096272,0.0071273502812650704,0.012676707128791103
GWK60_H07843,972.687890531424,-0.708675712479222,0.20829206273476358,4.942580902305718e-4,0.0010568965473134314
GWK60_H07865,6207.1565968889,0.8506121468059916,0.15188455044855492,1.4067854518732126e-8,4.9707673118995995e-8
GWK60_H07887,2649.89514467957,0.46452194137851166,0.16923558529076269,0.00533265400531839,0.009703411040314289
GWK60_H07909,836.5851704867158,-0.3214582184412172,0.20596637844238336,0.11027805258218323,0.1556554835645983
GWK60_H07931,1103.227872538646,0.15045980299143388,0.19447331315367958,0.432317732906112,0.5100963250316313
GWK60_H07953,1698.6186070008428,-2.1389051998588617,0.20005153311726845,1.1956680837062664e-27,1.0803934171745854e-26
GWK60_H07975,771.9836866714957,-1.3700472569579158,0.21614141561503664,9.504407639814165e-11,3.990492357748822e-10
GWK60_H07997,1044.8147184559386,-1.2303513014316008,0.20449469358855085,6.678713990408438e-10,2.6267620649776042e-9
GWK60_H08019,1013.7150802914443,0.31969991193648606,0.1965248448064172,0.09757356842384268,0.13958697772352704
GWK60_H08041,1728.398418873264,1.7666833470697905,0.1844141361897177,2.3575665189680885e-22,1.7752274386417827e-21
GWK60_H08063,842.9879790705828,-0.660218383936915,0.20761239498278178,0.0011394312063199934,0.002299745458803927
GWK60_H08085,272.88934452695827,0.17259197592999595,0.3040374907731893,0.5549488107372005,0.631349448599215
GWK60_H08107,852.8383974837757,1.29652039019779,0.21475110477855675,6.363767985284433e-10,2.5066227697625565e-9
GWK60_H08129,5336.57681416553,2.2831652537977307,0.16543371250723723,2.858637046207351e-44,4.0839879530410965e-43
GWK60_H08151,11147.461634840563,-0.34575342551357197,0.14195157726423657,0.01260247615403472,0.021447742739931594
GWK60_H08173,213.1930181722267,0.47835523290843607,0.33448180990061566,0.12998306746154686,0.1799608419595958
GWK60_H08195,1733.024098635075,-0.22060458383577766,0.17309548248713663,0.19477915752218458,0.2556748514184921
GWK60_H08217,910.766674885325,1.900130758122176,0.212286100158891,9.330831014239378e-20,6.464321460192576e-19
GWK60_H08239,929.4509514145116,-1.0975109743723737,0.2055644100244419,3.988762805401373e-8,1.3463984795243714e-7
GWK60_H08261,3328.3552169722725,0.6393759863054534,0.1602552297359842,5.466360837204391e-5,1.331575271219466e-4
GWK60_H08283,98007.57940621342,-0.3686986532745978,0.1455796364746829,0.010267195752958938,0.017765105319195073
GWK60_H08305,1221.3886906784933,-0.4586810798714929,0.18735536959716306,0.012152874152260846,0.020729251776723783
GWK60_H08327,5223.123075795283,-0.33359894716234034,0.15408396791486664,0.031542726841434,0.04954973375447849
GWK60_H08349,1069.6352877281665,-0.5747128738815647,0.19374485825681484,0.0024347365863400102,0.004693660683950873
GWK60_H08371,118.86024840706747,-2.179383066581909,0.4677294188265298,5.392964364529877e-7,1.6497227795662574e-6
GWK60_H08393,1907.7145753913296,0.5758951268564665,0.17407192333931712,7.849742323272814e-4,0.0016272054086596114
GWK60_H08415,1034.9676336201073,-0.44485225730720657,0.1994828386571896,0.022527068555288396,0.036451763064233506
GWK60_H08437,1330.8345077829474,-0.07791086467170459,0.1898046325847551,0.675144725084775,0.7394975169494655
GWK60_H08459,4833.088169628929,0.8981236136814138,0.15063139407636938,1.7596820329856321e-9,6.687044734983502e-9
GWK60_H08481,303.93788773402895,-0.7951737477690168,0.33513556232936303,0.01058380325565146,0.018253175859501994
GWK60_H08503,5499.214715378211,-0.023549022365912557,0.1662730299490728,0.8824495408597487,0.9080452156870998
GWK60_H08525,2716.4030698513375,0.49431497209375186,0.18476691284403948,0.006259539407562761,0.01126205762708535
GWK60_H08547,2293.764603497179,2.095623201970186,0.1687584082084769,4.2228032003039023e-36,4.852551677566615e-35
GWK60_H08569,975.7544132122637,-0.4446140086359919,0.20874596906222523,0.030758296064305437,0.04840379666445923
GWK60_H08591,783.6745902739538,0.354032474918208,0.21894457359068611,0.09797482311699705,0.14004729989087247
GWK60_H08613,203.5297621791682,-0.45002797419559654,0.3411313195327877,0.15972609748609573,0.21505658464378555
GWK60_H08635,0,NA,NA,NA,NA
GWK60_H08657,795.5892959937058,0.2617180039570015,0.20975488229946931,0.20303560824383396,0.26512999633816853
GWK60_H08679,619.7916966486446,-0.4958168665830058,0.22644582027754745,0.024396098437895454,0.03932838558789734
GWK60_H08701,8435.936547426072,-4.059781178090001,0.17830475313905111,3.2110576583398906e-117,1.2389526118236978e-115
GWK60_H08723,2.0436913126011187,-0.027685017020762263,0.9658596225399256,0.9270463791292487,0.9420159861740117
GWK60_H08745,3419.0980893738515,3.7853878378787797,0.17597460210232813,5.983105779483516e-104,2.001689693060118e-102
GWK60_H08767,1677.2993645990673,-0.07006909598741845,0.2002368235562957,0.7177940081376346,0.7754463778899522
GWK60_H08789,1893.2812342124384,-1.7839108969735047,0.17419286472011744,3.2669809598123835e-25,2.702544812764986e-24
GWK60_H08811,26264.533148059807,2.481679443066831,0.1583849742062406,9.435527544204935e-57,1.6460791616721877e-55
GWK60_H08833,1867.0140075062993,0.2637266082545944,0.1704636284207903,0.11615423511410425,0.16294885531134687
GWK60_H08855,2604.7334052854208,3.790204578219321,0.1764754863311,2.926739973205914e-103,9.66921718647904e-102
GWK60_H08877,3.57898076852883,0.1303166339190453,0.9570111404903137,0.7162982424380369,0.7744635936853064
GWK60_H08899,8992.173416018506,0.010559900495360338,0.14696471609410827,0.9438083188227321,0.9542790308525176
GWK60_H08921,430.1293739583016,0.3684507185874946,0.2592787371532573,0.14147303011980458,0.19377434905015223
GWK60_H08943,34969.61840246902,-4.500357717552763,0.15368483039748745,1.0887674776213023e-190,6.466544816523825e-189
GWK60_H08965,1466.8390996753283,-0.59150011930068,0.18294182541208748,9.84603001652352e-4,0.002008726926566705
GWK60_H08987,2445.202993719957,-1.2365762257442172,0.1706993957653419,1.387811774637136e-13,6.94037184553633e-13
GWK60_H09009,740.4562705485051,-0.32942241116438314,0.2134189337638662,0.11392452360717645,0.1601609127094507
GWK60_H09031,5381.737897548346,-3.178107261132698,0.15220986490281288,9.19665762502543e-98,2.8263681515049087e-96
GWK60_H09053,1128.7464971571303,-0.6172649928559701,0.19319433712600026,0.001072961251306675,0.0021738877632836657
GWK60_H09075,5722.6006987920955,0.43248077295343956,0.148093938542257,0.0031055181242080157,0.005869062854688441
GWK60_H09097,2932.9218290797485,-0.15101985191359224,0.1619507761081778,0.34792263445003296,0.42239757595380667
GWK60_H09119,1194.7466819949025,0.5595213164706455,0.19002273313894902,0.0026979068234690325,0.005154006313284173
GWK60_H09141,1774.6489174827482,0.6736675018919208,0.17382103844905486,8.252061934056698e-5,1.9702077408953797e-4
GWK60_H09163,4306.719892411577,-1.0914398492995778,0.15869857779242103,2.79434202399123e-12,1.2991109884624135e-11
GWK60_H09185,3773.7863007361143,2.87650985002199,0.15849750281813793,1.6833351036772622e-74,3.8519953930900467e-73
GWK60_H09207,574.4993653292036,-0.21084276724021858,0.23307291762487906,0.35035159957518613,0.4250536046257594
GWK60_H09229,167.41447369204337,1.1450799611066491,0.3844087010665473,0.0013429748365981365,0.00269206104901697
GWK60_H09251,0,NA,NA,NA,NA
GWK60_H09273,385.9318794354915,0.3051776135909626,0.26527092778843997,0.2292309369406091,0.29431982819238756
GWK60_H09295,712.7289637636514,2.965784025988832,0.24476780640754756,7.643104232506291e-35,8.469905445079299e-34
GWK60_H09317,3832.778786041972,-0.20344190742031718,0.15469549796705523,0.18027887065160092,0.23892163230931374
GWK60_H09339,7194.543477805172,-0.9492148182281598,0.15017214754965308,1.4956303735469434e-10,6.181315210765553e-10
GWK60_H09361,570.5989168781647,0.6198597703399916,0.23344200994937253,0.006419609957920469,0.011519172871155897
GWK60_H09383,3434.1612181243277,0.9271819134354989,0.15712321075588434,2.2297352918008236e-9,8.418843394613682e-9
GWK60_H09405,633.8387378268268,-0.3328576496155388,0.23125488090319157,0.13784692773217047,0.1893604106008974
GWK60_H09427,2044.6867706546425,3.8713337243216155,0.18140122713000903,4.4185037790721445e-102,1.4328963789064636e-100
GWK60_H09449,2.0447553522919084,0.10808988489315849,0.9830341474281936,0.7004680494513239,0.7609654809679399
GWK60_H09471,1091.4615895478148,-1.2758854013424425,0.19897483132909458,5.933891378315585e-11,2.5398016053260063e-10
GWK60_H09493,1557.478532628431,0.5956790317807216,0.17812282786973505,6.771436392085661e-4,0.0014181383822727735
GWK60_H09515,2376.365127709035,-1.0003067861589507,0.17377328224010477,5.0639961216474484e-9,1.8614939846334084e-8
GWK60_H09537,0,NA,NA,NA,NA
GWK60_H09559,1365.3534038950004,-3.9094689181324305,0.2209046300492303,1.1214601224769567e-71,2.4803507143988254e-70
GWK60_H09581,1028.2042782109258,-3.9463380097893914,0.21658870901865168,2.4036201650808284e-75,5.5971525077609064e-74
GWK60_H09603,1434.081194870617,2.4766398055765,0.19410858227666167,3.598236509428481e-38,4.382552578073491e-37
GWK60_H09625,2218.2391860841053,-0.26972451202971975,0.16738417082759516,0.10159624668275011,0.14475411319811782
GWK60_H09647,4369.008870355689,0.23435455066241528,0.1507301460775078,0.12473940662953438,0.17338219917005487
GWK60_H09669,639.2111393909016,0.4458669749525387,0.22513433884536266,0.042072562633735315,0.06433195431933031
GWK60_H09691,1627.1985287834523,-1.5402280697384587,0.19969697635057918,2.418667143878513e-15,1.3514877930805307e-14
GWK60_H09713,936.174452931095,-0.6758890098997329,0.20594755827301733,7.734185267978144e-4,0.0016051395102682556
GWK60_H09735,1553.0284673377896,-0.23576251635220605,0.17851850697708485,0.1793085940609496,0.23784823794383428
GWK60_H09757,4364.339086695441,1.9145684321447207,0.15403196585221204,3.6821076723998666e-36,4.2404403390644214e-35
GWK60_H09779,6940.610084858481,-0.4255255971975074,0.17574125800685314,0.014273424606826263,0.024036101456414025
GWK60_H09801,11215.586614866916,-0.4214808447949604,0.14333559620531547,0.002802736634243826,0.005333928223085856
GWK60_H09823,23046.53790177424,-1.8024498210968303,0.13919564850843918,5.507312157598524e-39,6.931345729777571e-38
GWK60_H09845,0,NA,NA,NA,NA
GWK60_H09867,19.747297149123327,1.485158732002402,1.3152792608721509,0.029232940004081026,0.04618210426227505
GWK60_H09889,3364.0037972010145,0.7796095965215032,0.15835863520590288,6.057550923293824e-7,1.8476753710635406e-6
GWK60_H09911,316.85825584457604,0.8113580516782455,0.2999604401722444,0.00444471859995169,0.008186335372593948
GWK60_H09933,1169.9935305601416,-0.3519468764290266,0.18866215620282054,0.05686440950324005,0.08524823273798268
GWK60_H09955,244.55575381719478,-0.6873134396310073,0.32982122821593635,0.02636035110230058,0.042173370437881615
GWK60_H09977,5008.944781342594,0.7559406525184613,0.15538368279903753,8.212856668657375e-7,2.476506580178145e-6
GWK60_H09999,4329.132958551431,-1.3733665103898502,0.16067304471414917,4.442055463414932e-18,2.874015321861852e-17
GWK60_H10021,14995.529579428116,-0.0808987424472903,0.14748395289748664,0.5729991371941032,0.6478873666755143
GWK60_H10043,747.2417586361449,-0.15230893939333212,0.21261937932990493,0.4624381434671655,0.5393751161446242
GWK60_H10065,5361.741041413153,3.1939791238568485,0.15281387735506627,5.035255904929024e-98,1.556512439383323e-96
GWK60_H10087,4631.293354413359,-1.179409844980753,0.16337316062117963,2.5592215187149877e-13,1.2619444914111405e-12
GWK60_H10109,83.63987488348452,3.3925366282224516,0.6065061073346585,2.09541943308514e-9,7.923023693339092e-9
GWK60_H10131,3914.5621772247014,0.40452356856331134,0.15329171047011195,0.007623985971991758,0.013478391253494459
GWK60_H10153,393.7356564226389,0.05854156970440739,0.2686189533753892,0.8230296380297726,0.8613214544892848
GWK60_H10175,1978.8822865270718,0.10450695588292654,0.17281312614847757,0.541197158774519,0.6181618697563972
GWK60_H10197,690.1971502951285,-1.1503510656606826,0.22409604290443752,1.3533654299781582e-7,4.351514393469917e-7
GWK60_H10219,423.8198231950417,-1.9475187777766825,0.26969089005337044,1.0880507318136709e-13,5.477558255587681e-13
GWK60_H10241,1121.3046338413405,-0.4771033425922091,0.19879561487019742,0.014087152000633275,0.023745116541883767
GWK60_H10263,645.215082859381,0.14888062206083352,0.22233176375880312,0.49195497354836937,0.5684502077175607
GWK60_H10285,637.747407087084,-0.2070945310004229,0.22909906240735395,0.3512300553292926,0.42602158615664076
GWK60_H10307,255.20292864091894,0.4121544594244039,0.3109925597469708,0.1637178948841334,0.21903639391483906
GWK60_H10329,3743.976854511586,2.7215534109115844,0.16339529427806268,3.0321019063758496e-63,5.8709489659717e-62
GWK60_H10351,588.3162091614846,-0.5320777094524427,0.23038997995835234,0.017435799244957785,0.02891017403037856
GWK60_H10373,2554.407238847259,0.07824344461990118,0.1625721526586294,0.6263117670850332,0.6971328702487861
GWK60_H10395,2409.877711538964,0.9146372130367799,0.16529747420645302,1.9419635721187264e-8,6.784679076153065e-8
GWK60_H10417,8.627663201702097,0.5048647214757026,0.9784017614185595,0.3120792512084755,0.3844444003467727
GWK60_H10439,3629.4458298747377,1.5245131162561911,0.1566670135564123,7.268578012065662e-23,5.592678802296811e-22
GWK60_H10461,2406.180590970348,0.004391391818628784,0.1711201009129914,0.9820174212080555,0.9853728338089942
GWK60_H10483,1453.3903893501601,-1.001374099206305,0.18225577875775542,2.206099687268109e-8,7.651865450721275e-8
GWK60_H10505,634.5883258305647,-0.27755506091284193,0.24020941771919527,0.23114584831401727,0.2963465811758174
GWK60_H10527,495.2448438919899,0.1744646096387697,0.24719636323551286,0.4690959109499974,0.5453356026570676
GWK60_H10549,3191.324450032657,-0.6225655701866799,0.1589215265919794,7.361530816036713e-5,1.7687750860713667e-4
GWK60_H10571,4794.022216977852,-1.5110616278839155,0.15512395518843772,6.515294826318672e-23,5.027715102470146e-22
GWK60_H10593,4.347296644088183,0.2522290087152124,1.0465351059843608,0.3810454346665618,0.45652904978409925
GWK60_I00011,16.82436524247969,-1.3890245808745454,1.5843954517541232,0.018235108204078563,0.0300845137224592
GWK60_I00033,1802.6729816660218,4.913564705406435,0.20183070860811542,8.567215213216952e-132,3.537992157583188e-130
GWK60_I00055,14471.89538356051,-2.0433508314923237,0.15322871585676898,2.4681428974515044e-41,3.286298074541222e-40
GWK60_I00077,1178.5749099591071,1.7664315802203727,0.20800053881429112,4.329475607911571e-18,2.804608831301539e-17
GWK60_I00099,333.7414034559921,-0.0600979487034526,0.29024678720286284,0.8272091021519734,0.8650103489565443
GWK60_I00121,1406.242020152546,0.6336051408874589,0.18519156232495881,5.000342335522867e-4,0.0010683835725777636
GWK60_I00143,203.80775704497654,1.8391830509183753,0.3636215686239865,9.902527878376675e-8,3.2251856047504066e-7
GWK60_I00165,1809.1595303726328,0.06026562672171123,0.17247540800936426,0.7243698569147539,0.7803177223662907
GWK60_I00187,3774.820417754452,3.3848494892051035,0.1602523107214164,7.571975356980562e-100,2.3967342357484583e-98
GWK60_I00209,1689.980147905795,0.09349449472563286,0.17851669926491834,0.5946405167145475,0.6683541933559639
GWK60_I00231,369.4847697181042,-0.8216865560074551,0.2743347990329789,0.001807187723331221,0.003559163303103142
GWK60_I00253,3663.870814266288,0.15055839952604724,0.15389285880338127,0.3274274149204557,0.4006438229790576
GWK60_I00275,5382.734177468083,2.1503165225041343,0.15285614042931026,1.1378676309954943e-45,1.680102876380498e-44
GWK60_I00297,13840.978725739666,0.6379337034210404,0.15223651655107728,2.1576515015969343e-5,5.4939045459736965e-5
GWK60_I00319,1410.4913383179555,0.1322406017556767,0.1805787716186494,0.45729770611380016,0.5345731265261655
GWK60_I00341,2943.0503793746966,1.2244394524891926,0.1732416602259775,6.653702304350058e-13,3.206150444922006e-12
GWK60_I00363,1089.8044317802512,-0.9445702187358493,0.2034826399163882,2.248213635520902e-6,6.448213389779428e-6
GWK60_I00385,4034.21528130494,-0.7739590641511546,0.1717573078120386,4.6923557053795e-6,1.3034047429656352e-5
GWK60_I00407,734.1642313887294,1.3617049763984859,0.2247691392902588,5.579205612669963e-10,2.2157536340025113e-9
GWK60_I00429,6360.261459586394,0.13898674219596108,0.14604786827029986,0.3268994682885756,0.40009043514086834
GWK60_I00451,0,NA,NA,NA,NA
GWK60_I00473,399.301359919917,1.0894865076325218,0.28280791852114195,5.595593952192155e-5,1.3599222818982864e-4
GWK60_I00495,2860.3795763493945,1.7090172788849713,0.16440376815983904,7.180262566766175e-26,6.053407962986603e-25
GWK60_I00517,2340.091846560256,-0.2178092282740263,0.1649039789979529,0.18029859842638146,0.23892163230931374
GWK60_I00539,2730.974415775364,-1.0650337276112682,0.1658933696408508,8.905572677496757e-11,3.7509846353185545e-10
GWK60_I00561,0.5114548479956746,0.07143351819944074,1.0193694673933988,0.7020568859034364,0.7618708065870591
GWK60_I00583,0.5114548479956746,0.07143351819944074,1.0193694673933988,0.7020568859034364,0.7618708065870591
GWK60_I00605,4168.8143822903,-0.577210036138382,0.17323511327888078,6.748363363936863e-4,0.001413866378984156
GWK60_I00627,2011.1201693558542,-0.016124073359618327,0.17369993564124936,0.9041306343803363,0.9247971003625491
GWK60_I00649,2830.7756062431795,0.4380563054565233,0.16174930093869017,0.0064198795456725825,0.011519172871155897
GWK60_I00671,8347.319287473118,1.1642026763465156,0.1446075676008039,4.1015399397706423e-16,2.387746709430354e-15
GWK60_I00693,2219.665481679112,0.17440184429279632,0.1664848493064844,0.28841790500882925,0.35940052943815926
GWK60_I00715,1581.1702293693731,0.021290951029811465,0.17618628157023328,0.9079951261533864,0.9277722079705563
GWK60_I00737,2261.086548040068,-0.35034137235759905,0.16493643834003335,0.032199289844822815,0.05043124329473582
GWK60_I00759,489.0998703313247,0.02431144080396104,0.2454325918101394,0.9224060083247412,0.9393840774931523
GWK60_I00781,0,NA,NA,NA,NA
GWK60_I00803,0,NA,NA,NA,NA
GWK60_I00825,5220.9406104086775,1.4530088517586524,0.15031107264641508,1.5272784416597427e-22,1.16496303645215e-21
GWK60_I00847,3115.041604724576,-0.18846749332272764,0.15686626586050026,0.24460906925327677,0.3112671016063604
GWK60_I00869,444.9033316477096,-0.12819603094741344,0.2634029156746215,0.6110139554336845,0.6829815539062077
GWK60_I00891,842.0386639780063,-0.41144833677622056,0.20591147636783666,0.04091433418685579,0.06276064147177009
GWK60_I00913,1788.1314200913355,-0.20338087164826785,0.17326666585453232,0.23224726482622468,0.2976864796002482
GWK60_I00935,1637.0238370130787,-0.7482563837610019,0.18140785170950743,2.3849542869404328e-5,6.04645964545186e-5
GWK60_I00957,2263.330079760136,0.58138288907011,0.16979402116513728,5.084512990115344e-4,0.001084176509308177
GWK60_I00979,1217.6096506762588,-0.7082732522485005,0.18857178957432363,1.4776723742028217e-4,3.428874525915767e-4
GWK60_I01001,796.67805856461,-1.230089896397607,0.22581597877138782,1.9688658518052092e-8,6.874124763964555e-8
GWK60_I01023,1138.4115257327003,-0.7981161432560653,0.19304490156577567,2.4192730845197795e-5,6.12758865585604e-5
GWK60_I01045,1697.0540188437456,3.690179393420935,0.1879671868593229,8.010666201984419e-87,2.2054365387338352e-85
GWK60_I01067,3524.43405059773,0.6199149229561638,0.1570446735976096,6.0147284897038326e-5,1.4570969200996544e-4
GWK60_I01089,872.1590652809257,-0.018881788109418103,0.20551642175805943,0.9226791771366717,0.9393840774931523
GWK60_I01111,338.8897171529587,0.15771167217872115,0.27578333628452706,0.5492468584016315,0.6261200978026793
GWK60_I01133,4375.691693051162,1.1405688729377161,0.15287828334078038,4.5993852071232375e-14,2.372157917382931e-13
GWK60_I01155,4816.289732455916,-1.8499712753770412,0.16046833840449878,1.8694793265813261e-31,1.871603734906987e-30
GWK60_I01177,483.5839043610075,0.3516475941191463,0.2689336836944941,0.17279374770760542,0.23007248120463533
GWK60_I01199,799.0186836192076,-1.458155594239124,0.23202197303087982,1.0195840270127337e-10,4.2706189911167276e-10
GWK60_I01221,2827.9168385238763,0.7636470259796568,0.1623990654850299,1.8721295027946187e-6,5.431436087690644e-6
GWK60_I01243,986.9908801338538,1.9108309882696664,0.2110936031717215,2.948765674915951e-20,2.0838469729419405e-19
GWK60_I01265,2269.834810113626,0.126672273835055,0.16548703303841486,0.43922041969934683,0.5166264215689246
GWK60_I01287,2856.5933228931,0.2728894624400011,0.15967512834272082,0.083893235263638,0.12176266930356686
GWK60_I01309,16488.935124495358,1.21504301069084,0.16358795209036758,3.878525084253458e-14,2.0119610986618036e-13
GWK60_I01331,4981.957197214126,1.5550873850027043,0.15245230887217603,7.034094679026741e-25,5.7557623023738934e-24
GWK60_I01353,1233.3737128764842,-1.121474848598654,0.19488152058252314,4.246040739087594e-9,1.568453623117891e-8
GWK60_I01375,255.75506006325372,2.0202699384940224,0.33207594723512057,2.4580711585931247e-10,1.0049005525385349e-9
GWK60_I01397,1972.0798654586051,-0.060642145697219464,0.1738574948149773,0.7342256650997285,0.7885243530510291
GWK60_I01419,5866.418853105235,2.558372401054895,0.14997890142858666,6.062238527963704e-66,1.2092450135402318e-64
GWK60_I01441,1182.5098734455753,1.9170031238876188,0.19529201550051054,2.604377371495971e-23,2.0455778284885144e-22
GWK60_I01463,732.2677798034856,-1.3398171719892893,0.22622266610475292,1.1663949188250395e-9,4.5069908924774556e-9
GWK60_I01485,1377.7854615069339,0.9769081830304285,0.1847487031665821,7.499967354660724e-8,2.460883143186629e-7
GWK60_I01507,51855.16698578977,-1.8586361051845919,0.1408358339586613,3.009734257775695e-40,3.937983981832258e-39
GWK60_I01529,2719.254704584978,0.6285666572242129,0.16511293659802587,1.1159586382148082e-4,2.628768877719909e-4
GWK60_I01551,3171.008793967209,1.4401682059614185,0.15906814531843685,5.2859090912500545e-20,3.6959411979296015e-19
GWK60_I01573,123.80693814892237,1.1706427961825288,0.43760057971787425,0.00325608402216673,0.006131692248369553
GWK60_I01595,1284.325404206136,2.438925727621558,0.19319974248660682,2.2343666931089027e-37,2.6782000770461812e-36
GWK60_I01617,23129.864391839896,-0.6184726292188362,0.13798831545164914,6.626057020693563e-6,1.8017148874169842e-5
GWK60_I01639,13133.490393618864,0.2616284985463409,0.1407514722768472,0.06591186811896371,0.09753923148847765
GWK60_I01661,6791.083651772403,-0.9580696074953803,0.1567713194149285,5.208850968730414e-10,2.076469549073075e-9
GWK60_I01683,254.3434713164753,0.8863462060873858,0.3231134731847582,0.0036865034855297963,0.006868825317063978
GWK60_I01705,1282.629531330725,0.014111677078318112,0.18422098856539484,0.934632100127624,0.9480839150402265
GWK60_I01727,3516.871679189303,3.2631813917096544,0.18725068195748942,1.4134125423148412e-69,3.0126204430146174e-68
GWK60_I01749,762.4831779154451,2.313771238988629,0.22270533448074745,4.812500979002161e-26,4.0898521181680745e-25
GWK60_I01771,1409.0929986619112,0.40762808086324465,0.1816337826049125,0.021965057319959683,0.03563759760383882
GWK60_I01793,1111.464040524519,-1.3766479770230249,0.19775431586854408,1.7252769883165181e-12,8.135427440000993e-12
GWK60_I01815,2831.6932229635763,0.07960615726544812,0.1590369494231191,0.6137441898839723,0.6853087849021288
GWK60_I01837,1050.050809806118,0.8990590913355758,0.19723783670922182,3.3078960669872267e-6,9.315683862596954e-6
GWK60_I01859,4730.900259825731,0.6555470429061299,0.15335672769309272,1.5377336037006274e-5,3.988449376428615e-5
GWK60_I01881,1975.1875454320564,1.3367201642466777,0.17263837687274805,3.9631242661640964e-15,2.1890360366712033e-14
GWK60_I01903,720.81066061859,0.07515423868165759,0.21445233874088768,0.7218125188629341,0.7782898962693653
GWK60_I01925,261.06377463473035,0.45117610768243804,0.3098728623269592,0.12591300828302476,0.17482956705649302
GWK60_I01947,0,NA,NA,NA,NA
GWK60_I01969,1789.225161518979,-0.6666448120446208,0.18143400213440092,1.7711979658933776e-4,4.060083455209191e-4
GWK60_I01991,3039.869473424206,-0.20379307692018572,0.157765026591387,0.16670382539359663,0.2228056690342735
GWK60_I02013,2356.7848622389533,-0.8530029009906832,0.170103414755663,2.685900328647144e-7,8.400987655164972e-7
GWK60_I02035,719.2575916886846,1.1103826413229065,0.22037761120530694,2.414609624998186e-7,7.579350639988368e-7
GWK60_I02057,1227.3013646725403,0.2562869534149903,0.1871080333267862,0.1653097032511812,0.22105415921723848
GWK60_I02079,2651.9013521237075,-1.017961215687138,0.16226134361235187,1.974275620451659e-10,8.127742157093045e-10
GWK60_I02101,0,NA,NA,NA,NA
GWK60_I02123,67.1348278209689,-4.025602692382038,0.692639771120728,5.465640043656937e-10,2.1739182295538424e-9
GWK60_I02145,910.0474327469109,-0.47145624582463835,0.20711693696572067,0.019654676097039043,0.03225539206735436
GWK60_I02167,2804.6606390997554,0.541220872982468,0.17805323745838686,0.001960179658387034,0.0038404409467138107
GWK60_I02189,451.66583600541844,-0.3921600150757331,0.25808116366852557,0.11455209563108043,0.16091479604195885
GWK60_I02211,736.2822690768551,0.5469075915622211,0.26416597654874796,0.02964625117746988,0.04677912946988232
GWK60_I02233,8543.994942540181,-4.933330157761923,0.15046578620846754,6.639195556859031e-237,5.3173920778116424e-235
GWK60_I02255,1129.339272325092,0.6213026364459051,0.22023968632664975,0.003589549549901784,0.006709462136061114
GWK60_I02277,2169.063123894027,-0.4873685695090009,0.1721748466588277,0.0038666393204314807,0.0071867283571732795
GWK60_I02299,845.3337672086346,0.43792050135306876,0.20652855384578195,0.030283389068300443,0.04768483604856603
GWK60_I02321,3856.3063403628994,-1.4388428005904241,0.16128587021610294,1.500640901819385e-19,1.0301802346775675e-18
GWK60_I02343,1450.3413400940954,0.013536424143864656,0.1916620131004115,0.9245953917031557,0.9406103234301157
GWK60_I02365,751.5344305961507,0.46809578322445716,0.2167834753593979,0.028025097689939958,0.044527641945675045
GWK60_I02387,0,NA,NA,NA,NA
GWK60_I02409,978.4771393752643,0.3248484990728419,0.20408899440469241,0.10405497100476764,0.14762065934814864
GWK60_I02431,1201.5967186849136,-0.8353881680143462,0.2308342791821485,1.7256676457432838e-4,3.967759536928664e-4
GWK60_I02453,2087.1937042934765,0.15206688101916432,0.1718649111978776,0.3690829685423547,0.4439072973185181
GWK60_I02475,306.32554437326735,1.362669442856223,0.3144325851851601,5.122665188057022e-6,1.414016093162894e-5
GWK60_I02497,2262.0511200618294,1.8179781955515093,0.1685576025777492,1.0332463819555799e-27,9.40058584340309e-27
GWK60_I02519,834.4158282847097,0.21449451286140478,0.20598957826423436,0.2886139364586382,0.35954288413106006
GWK60_I02541,5062.144343535494,-0.3289989111255143,0.20290561360887502,0.09371065149387649,0.13460720211864977
GWK60_I02563,1541.5608033392023,-0.425173205815075,0.18331596129323208,0.01803631741240765,0.029781314980332547
GWK60_I02585,853.913632578696,0.5093317370174141,0.20576360551278472,0.011222398675858648,0.019279037829245633
GWK60_I02607,449.9312244224689,-0.22524896328852978,0.2544627081754277,0.35646049666519714,0.43147473903646255
GWK60_I02629,8768.967131644225,2.3992902520313777,0.1501157848655547,2.5709695316230357e-58,4.591265183837624e-57
GWK60_I02651,3060.8270897893444,0.3542002619121593,0.16020810182345466,0.02519136694407785,0.04046234143615786
GWK60_I02673,2759.973132116558,-0.134929419941943,0.17465082439755217,0.42965342275164825,0.5074057177536221
GWK60_I02695,3006.048797630963,0.7198273769826599,0.1634353930934515,8.073344909693202e-6,2.170686734111814e-5
GWK60_I02717,9963.064558775895,1.212933105638118,0.15170335499052737,5.874000931191311e-16,3.3786690883870807e-15
GWK60_I02739,619.4875273101773,2.888921849016992,0.24476536509957594,4.611973540750756e-33,4.8563530152208164e-32
GWK60_I02761,2811.340702145225,0.48277087851230854,0.161768187206353,0.0023754073725089104,0.004587651944129375
GWK60_I02783,257.26248634577064,-1.0152696601190823,0.3256865143861974,9.49967397434107e-4,0.0019463285514870888
GWK60_I02805,724.4541303091177,0.3277247157887808,0.21686264879893263,0.12006997402819872,0.16755276734769228
GWK60_I02827,0,NA,NA,NA,NA
GWK60_I02849,183.54283674427882,0.9873642966959566,0.38932975183349544,0.005634499267542016,0.010220989405705936
GWK60_I02871,1151.0368967315549,0.6370987802285175,0.1907752462932496,6.704055898170982e-4,0.0014051403440813565
GWK60_I02893,0,NA,NA,NA,NA
GWK60_I02915,42.99791978287322,1.2266361081587627,0.7187359181970618,0.029642173082481686,0.04677912946988232
GWK60_I02937,14203.570747367776,-0.8558477591582224,0.14075384103883626,8.280628723650896e-10,3.2447296837078305e-9
GWK60_I02959,500.0631422783994,0.5777967668460209,0.2440110611124738,0.014609814397156187,0.024532280974062442
GWK60_I02981,8536.014481550365,-3.1624657636345215,0.1465252080474488,2.6419925566927323e-104,8.895269206801136e-103
GWK60_I03003,3816.8739924775423,0.2551027824774259,0.16157035710087417,0.10616397342860606,0.15028997416808026
GWK60_I03025,1970.3679256663813,-0.9174566993974764,0.17309587151670594,6.966613774353065e-8,2.2958553872338093e-7
GWK60_I03047,2918.582923978534,-0.46526628764769634,0.18211329339914845,0.008553039065551701,0.01498716015677409
GWK60_I03069,4692.830557134274,-1.5372304080041088,0.15169871791000783,7.0234774131345e-25,5.7557623023738934e-24
GWK60_I03091,584.3609952815084,0.7674515917130353,0.2334929671131092,7.18616876559754e-4,0.0014984650136074397
GWK60_I03113,880.315658450874,0.09610899647668628,0.20549582399636696,0.6349998761172624,0.7044300829288245
GWK60_I03135,1173.648733530352,-0.683689078839055,0.1932932774504658,2.908630211610502e-4,6.451959420299251e-4
GWK60_I03157,1179.624226079582,-0.7128299823728589,0.19277707199849795,1.593135997517578e-4,3.6774309532217975e-4
GWK60_I03179,1026.4922923834692,-0.4250944254747193,0.19723239613937038,0.027813588800378555,0.044243945350226015
GWK60_I03201,253.27832372814092,1.0287761841739662,0.3356967240490282,0.001091158378472682,0.0022082171472460176
GWK60_I03223,2043.9302249970822,0.2037215912800754,0.1676241798933629,0.2075506473135315,0.26992275086343864
GWK60_I03245,2240.360557737686,-0.07371421023254279,0.16529142613959366,0.6518544377217185,0.719353352358456
GWK60_I03267,411.19296853511423,-0.8700671807216751,0.2814504728515153,0.0011827378511652677,0.0023826037657239353
GWK60_I03289,1654.3950465580276,-1.34165066683286,0.186553783664518,2.278205184305733e-13,1.1307598689427327e-12
GWK60_I03311,7179.89590015515,0.8348134631826376,0.14546589284742278,7.199944904304521e-9,2.6139360414940727e-8
GWK60_I03333,132867.83887830144,-0.3184561687995391,0.1549810740021281,0.03665151444080447,0.05686524958441222
GWK60_I03355,10455.505812006742,5.277430832711865,0.16050799341109162,5.425115496566021e-238,4.411870848438151e-236
GWK60_I03377,1721.3720138570357,1.9163876476061938,0.18326801154013694,2.891656874923441e-26,2.497597751772109e-25
GWK60_I03399,2943.743799541342,0.30496344510335044,0.16394957731528906,0.059417895717482475,0.0888243769125035
GWK60_I03421,399.63732529281947,-0.5905862682274875,0.26320680002898017,0.020175930512771778,0.03301856615805313
GWK60_I03443,1839.6123547215475,0.7011825539434187,0.17512274477541095,4.7340352201434776e-5,1.160134917648513e-4
GWK60_I03465,93.81283117907164,0.6423774115910005,0.4987791579485684,0.13706990036974756,0.18840647680739633
GWK60_I03487,1310.0171130712763,-1.401800665958769,0.1875852788516088,2.8034588126486487e-14,1.4672359686792828e-13
GWK60_I03509,976.6088880042741,-1.2538822550260071,0.20358960945470847,3.323705267154116e-10,1.3473240829890077e-9
GWK60_I03531,2562.2639987598595,1.485696006500141,0.1665908473138491,1.6299767976762859e-19,1.1175171663445975e-18
GWK60_I03553,144.16095405092565,-0.649115662562376,0.40482503785210494,0.0778160071984743,0.11369138033475266
GWK60_I03575,794.300989912355,0.1141479694450154,0.20863220623505066,0.5772996604946843,0.6514957312926775
GWK60_I03597,611.8703667233004,-0.455308795708736,0.23260388505422894,0.043547982775940235,0.0664726066860006
GWK60_I03619,1287.7250932302616,-0.7586733995760309,0.21532178515893935,2.753842356098919e-4,0.00061188779715590105
GWK60_I03641,216.83681069586666,0.6767060149052667,0.33853778195970413,0.03340637960842185,0.05213644009746616
GWK60_I03663,0,NA,NA,NA,NA
GWK60_I03685,1476.9973675392714,-1.1410804165934212,0.18543735698991326,3.916671385935788e-10,1.5792162430249102e-9
GWK60_I03707,4401.119639348215,-0.031881473881161214,0.15057930353262905,0.83425789918311,0.87083081656436
GWK60_I03729,5916.589737660852,-0.5299066570291416,0.1474852377870114,2.750482262059604e-4,6.113982017345276e-4
GWK60_I03751,1297.2391752882136,-0.2988079857995289,0.1917701134330518,0.11132627500660182,0.15696737521603021
GWK60_I03773,6094.414102323442,0.3483196193639908,0.15104456017238885,0.019577972131598228,0.0321494752058491
GWK60_I03795,4687.028162883216,2.255621177491696,0.1531997468678776,8.730092326051188e-50,1.3858038449101077e-48
GWK60_I03817,7481.420483736367,-1.5237058846024742,0.15915060311585857,1.591516781540837e-22,1.2104687348524984e-21
GWK60_I03839,1496.9883673038248,-0.5529926496381903,0.18000873734425782,0.0017806921585993055,0.0035122159516253466
GWK60_I03861,938.5293998061151,-0.23815285673533895,0.19945959670072821,0.2237121678591718,0.2879334110795184
GWK60_I03883,3642.8717674441295,-1.496882748686659,0.1585463781663435,1.7686759938151037e-21,1.3057571652662901e-20
GWK60_I03905,1466.4946514092283,0.4829517694984519,0.18175430087985336,0.006917592124238721,0.012336839395656505
GWK60_I03927,1973.8735512329731,0.31220378443864955,0.16918653967854938,0.061428054363502106,0.09146723813111891
GWK60_I03949,6220.371055359315,-0.029250413815826007,0.1764006182284555,0.8694597927168108,0.8987187627839731
GWK60_I03971,327.9679670213076,-1.6032790974256579,0.3452549809124331,6.573265289062753e-7,1.996912661953202e-6
GWK60_I03993,589.5057932533507,-0.010166822751184188,0.23183125773910568,0.9624691340069726,0.9696586046805952
GWK60_I04015,1780.6555897130308,0.4800865530552415,0.17803508208468996,0.006184350793949554,0.011145242656486835
GWK60_I04037,1511.9094453328057,-2.2932637299939005,0.19462589218778,5.681859192660833e-33,5.947387661862409e-32
GWK60_I04059,1579.2601336940938,-0.0646523234737137,0.1809294995240816,0.7141487809191325,0.772297556452237
GWK60_I04081,1640.959783602454,-0.11542884152559764,0.1890188241611221,0.5320348558861141,0.6089944236063228
GWK60_I04103,1171.0296891759629,-0.5728488266943864,0.19951608646433516,0.0033855644787148097,0.0063528909600591
GWK60_I04125,1364.0458649343034,0.4978174398362159,0.18329699938637595,0.005734145337358388,0.01037682035374065
GWK60_I04147,0,NA,NA,NA,NA
GWK60_I04169,0,NA,NA,NA,NA
GWK60_I04191,1833.1880350396464,-0.7283965492481442,0.20071151255023967,1.8347904678085866e-4,4.1931268537986113e-4
GWK60_I04213,1674.8961237582707,-1.5334661807725558,0.17820026021523505,2.4755838530870115e-18,1.6195465652744977e-17
GWK60_I04235,2320.34919291887,0.3498029498733308,0.16444385425271904,0.031118355806798746,0.048955841903195886
GWK60_I04257,560.4010903862222,0.7528838056103898,0.23703006735294235,0.001067187982323695,0.002164679844421739
GWK60_I04279,621.3108180567345,-0.019842396608548824,0.22554104027078128,0.9259567776712887,0.9412706782250831
GWK60_I04301,353.5592030292897,0.7160530691176678,0.2846871006311499,0.00839795609707553,0.014743140461355447
GWK60_I04323,4693.125333462918,0.17485291090099211,0.15214275501480098,0.23559386436273488,0.3011727127016727
GWK60_I04345,862.4817031383611,-0.5653245648217233,0.2058666586018981,0.004965997174753889,0.009070580879664497
GWK60_I04367,1938.256656943896,-0.29508103570838,0.16941751225925883,0.07644997176247263,0.11188110485504717
GWK60_I04389,1198.9265442241144,-0.16169517823466456,0.18814380174105275,0.38136334506428543,0.45680639973029974
GWK60_I04411,0,NA,NA,NA,NA
GWK60_I04433,70.72938179024123,2.4079517954697347,0.6174799714426628,1.2961381482019454e-5,3.3917753719779624e-5
GWK60_I04455,5344.680507074104,-0.10426092083046246,0.14793357327189458,0.49199010599845633,0.5684502077175607
GWK60_I04477,977.2708178616424,0.2052565029394294,0.20439738822559475,0.30563435941827466,0.3774727158609813
GWK60_I04499,2559.49211778659,1.247937254300498,0.16385853089152633,1.1647506609496104e-14,6.231651815566438e-14
GWK60_I04521,0,NA,NA,NA,NA
GWK60_I04543,601.7628756734495,0.34650756201922356,0.22770821182222273,0.11867563772022084,0.16595751878018183
GWK60_I04565,1091.1689204802542,-1.0561250097789008,0.19508829585461365,3.271584753089538e-8,1.1157159357955674e-7
GWK60_I04587,949.1756491999686,0.7784652118557726,0.2022435897301766,8.590920173655785e-5,2.0446467374130785e-4
GWK60_I04609,940.2090559229396,0.13003239912790104,0.1995218262854988,0.507802573155234,0.5837852113307018
GWK60_I04631,1241.1117916105782,0.48234397209892876,0.1921888142174479,0.010496235117962048,0.018113972848040283
GWK60_I04653,307.6974293210617,-0.6739784584235802,0.2957606762546111,0.016905584362802917,0.028110386581244488
GWK60_I04675,229.19108248871686,-0.11353918042870506,0.3309099267140559,0.7131626431695416,0.771959580739744
GWK60_I04697,663.2946584069201,0.5478299543247668,0.22656217557305255,0.012738016976069078,0.02166446516586266
GWK60_I04719,1940.998018474377,-0.7462215861162761,0.17574237309709312,1.5585864533719323e-5,4.0365938228927164e-5
GWK60_I04741,1545.4490880474561,-1.4519380737687098,0.18694013515954402,2.6345629514187054e-15,1.4659262906525553e-14
GWK60_I04763,967.2656799731308,0.9933481486465106,0.20339578000777284,6.129214329788425e-7,1.8684559946517654e-6
GWK60_I04785,5197.898744632501,1.1282101960350714,0.15136398018625,4.599814349825017e-14,2.372157917382931e-13
GWK60_I04807,876.7564825217994,1.5131622719891082,0.21714485200558517,9.95339826782282e-13,4.7528151078330106e-12
GWK60_I04829,1925.7291014046043,-0.9596791946910578,0.1742983356599423,2.1066650443456867e-8,7.326204884481118e-8
GWK60_I04851,1345.7629209673692,0.011337288067865521,0.19475508128667096,0.9546898453528264,0.9638064405147136
GWK60_I04873,212.27971735256799,0.02081517222318574,0.32945624808831986,0.9488727220761994,0.9588493995210841
GWK60_I04895,900.1844107466067,1.7097791439339536,0.20956172834709785,1.0181755518302583e-16,6.102126946683384e-16
GWK60_I04917,669.4052029203365,0.07668817868126397,0.2229186795097702,0.7264957902921174,0.7821296838053224
GWK60_I04939,395.7511541662564,-0.9963908566992894,0.27386865992179843,1.4945242696404255e-4,3.4634174876454576e-4
GWK60_I04961,715.4846215994958,-0.5160497675533203,0.2171741879929954,0.01458217232615891,0.02450138681375588
GWK60_I04983,3957.732646236388,1.1216133750690742,0.15737488922205917,5.761505536444134e-13,2.7889485591248803e-12
GWK60_I05005,1402.8601745826595,1.552137495261561,0.18720046792536785,3.575841910471313e-17,2.1701378115673205e-16
GWK60_I05027,535.1773572004392,-0.053431438537817594,0.2364429047976333,0.8127414880353379,0.8519039273755297
GWK60_I05049,1319.7462953931854,-0.4240993996487965,0.18626871704333273,0.020241453175511886,0.03309842437779039
GWK60_I05071,2029.0370542686103,-0.5749651588733982,0.1710998698330451,6.885552927741291e-4,0.0014406914489748077
GWK60_I05093,902.2286003664494,-1.223344754979601,0.20630943351144343,1.5234908889792415e-9,5.835632492133529e-9
GWK60_I05115,3751.8390849070784,-0.9167303614916619,0.15684504999921905,3.1021192672082347e-9,1.16049557299807e-8
GWK60_I05137,1114.8704265999813,0.38643731454430497,0.19153045049778344,0.04003279707289919,0.061587126113895545
GWK60_I05159,99.32262040145231,-0.18012331939644718,0.46394761352748104,0.6565687805003831,0.723347764427892
GWK60_I05181,162.09502432299217,0.6840807651629632,0.376048950116345,0.04991453394861407,0.07553628011805726
GWK60_I05203,1412.254534154459,0.4164699369176413,0.18168990804451707,0.019812749318081923,0.03249463012577755
GWK60_I05225,302.0387604947694,-1.4104078637135444,0.30239899610098103,1.0938460047456793e-6,3.26301917668491e-6
GWK60_I05247,1890.8764552659277,-0.0900120613917701,0.1699579663070537,0.6099201681784789,0.6821917073617095
GWK60_I05269,998.5021088688173,0.746798376705854,0.20724778969558438,2.2265831744899123e-4,5.029794299296443e-4
GWK60_I05291,5716.254409231079,-1.7476732174636114,0.1758389449738949,4.442718103698268e-24,3.5744608669937663e-23
GWK60_I05313,2190.5091943982056,0.003960232963163873,0.16754924630089893,0.9636540813383109,0.9705024517125038
GWK60_I05335,26.76204341247005,-0.4295721112244669,0.7171010459821092,0.40822880600209294,0.48513881936309877
GWK60_I05357,1236.3185476430867,-1.833237789527712,0.2060978287332904,1.0671036982905014e-19,7.373477319168093e-19
GWK60_I05379,5332.7747426213655,1.6410794418342696,0.15018633748653892,2.9169179442816046e-28,2.6768799051167643e-27
GWK60_I05401,387.65345700351793,-1.9274975274803985,0.2816886556960576,1.7180636314287848e-12,8.108646746189784e-12
GWK60_I05423,1471.6576649994695,-1.8036690795026151,0.18372095594585205,1.783314849417789e-23,1.4048587621493938e-22
GWK60_I05445,0.5114548479956746,0.07143351819944074,1.0193694673933988,0.7020568859034364,0.7618708065870591
GWK60_I05467,939.1425868751329,0.8179756326937644,0.2019824279647874,3.541972312184186e-5,8.781831914730585e-5
GWK60_I05489,876.6617412310839,0.6960512474718685,0.20604968736881873,5.51550659150676e-4,0.0011704121976196201
GWK60_I05511,208.07409761521836,-2.295399303879657,0.4296552563595168,6.4869463381644275e-9,2.3631976804643116e-8
GWK60_I05533,0,NA,NA,NA,NA
GWK60_I05555,1879.752281736706,1.8930336271208812,0.17542467420697092,9.051315609421227e-28,8.249181777827691e-27
GWK60_I05577,0,NA,NA,NA,NA
GWK60_I05599,649.1834022288558,0.23147457189929552,0.22334057846761501,0.28764939242483556,0.35861195480133984
GWK60_I05621,2.617746336156334,0.27887843140890145,1.039824420160956,0.28348315923518547,0.353668156647909
GWK60_I05643,345.43150961297397,0.6816279571161309,0.28100197571617497,0.011402012858452772,0.019536803879993955
GWK60_I05665,449.88876327702786,0.3093762703461144,0.2512516741493878,0.20627859052978725,0.26870099298680516
GWK60_I05687,22.719593377828847,-0.6904708792921714,0.8112891643864393,0.21417240291191905,0.27686850618547426
GWK60_I05709,131.24724016471836,-0.8533333724395546,0.42355313514585946,0.025895304191134692,0.0414921424535732
GWK60_I05731,3887.8549425380106,1.0875153227582182,0.15606705075721392,1.4944296541028168e-12,7.10391650322616e-12
GWK60_I05753,1751.7602336434254,-0.7423997677839396,0.17499824884723203,1.6093386937385138e-5,4.1639570901134525e-5
GWK60_I05775,1009.7820487060565,-0.24915900540123656,0.20061719655380542,0.20375511409562586,0.2659840206199889
GWK60_I05797,1073.7922792540617,-0.759521786744843,0.1990172939517224,9.042596545366827e-5,2.1511775580022074e-4
GWK60_I05819,7523.185427591664,0.7886544543386794,0.14539166190063926,4.1394813962253785e-8,1.3954909859979177e-7
GWK60_I05841,4415.792475653961,0.047119240268143736,0.1505652302467899,0.7542181071181102,0.8033038311961175
GWK60_I05863,2184.869928370315,0.12024142364691746,0.16562293843262818,0.46496350889855864,0.5417229684897026
GWK60_I05885,76.18839998333429,1.175422133077528,0.5454639516886037,0.012615292221848864,0.021462643928127807
GWK60_I05907,5749.799868345281,0.781428878791836,0.15016838254942771,1.3966952578887096e-7,4.477217182049557e-7
GWK60_I05929,6578.64434103957,1.7868147577776934,0.1510495966911395,6.91451614887517e-33,7.209099085395296e-32
GWK60_I05951,25636.428435926664,2.4577983298641026,0.14054801810276255,2.8148703986747155e-69,5.881187718337765e-68
GWK60_I05973,420.48628162266186,-0.405349290015951,0.2585314998712533,0.10390066063463081,0.14748090550876972
GWK60_I05995,1339.8100061593746,-1.2954313879590067,0.18675260323325676,1.8603882443873793e-12,8.756912074649767e-12
GWK60_I06017,1278.1507652185105,2.394422473499994,0.20059295439587424,1.0150437118816392e-33,1.0927741468444696e-32
GWK60_I06039,166.1396440630608,-0.9931694138864706,0.39104884076233226,0.005656846104090106,0.010258006348617598
GWK60_I06061,2392.312737441528,-0.2478157109244843,0.16316025911735982,0.12317352476898705,0.1714762317431829
GWK60_I06083,21264.029494084054,-1.587048385937018,0.1428113965982277,2.9705854697588966e-29,2.7990222447674734e-28
GWK60_I06105,532.4409745595507,-1.4792607508746434,0.24574727684593956,5.65009832617213e-10,2.238862050385748e-9
GWK60_I06127,0,NA,NA,NA,NA
GWK60_I06149,939.2542401134008,1.1249125764498018,0.20543983275655167,2.1985083117423295e-8,7.630541651917238e-8
GWK60_I06171,1812.114250770973,1.3353169330372001,0.1754706957316385,9.680174346503042e-15,5.216045014843535e-14
GWK60_I06193,1113.0910737451582,-0.7800392905687846,0.20284379141904058,8.056175217872096e-5,1.9260489462538172e-4
GWK60_I06215,378.8770488272283,0.8889060396017111,0.27262148158000915,6.976376639728816e-4,0.0014570180528489342
GWK60_I06237,410.98558750397217,-0.020294673942706083,0.2570157331372363,0.9318910147009127,0.9458479077782306
GWK60_I06259,658.5152081152469,-1.2324395692024426,0.22811914113044454,2.7965769338819862e-8,9.59915952759752e-8
GWK60_I06281,0,NA,NA,NA,NA
GWK60_I06303,886.127325660656,-0.2735176931689678,0.20287694830943212,0.16830627068273205,0.22477689409523033
GWK60_I06325,1628.413172463964,-0.122643369569099,0.1821445242291606,0.4919330045875481,0.5684502077175607
GWK60_I06347,3206.750760018486,-1.1593135788730498,0.17680119324889837,2.3777748632534064e-11,1.0500349145494992e-10
GWK60_I06369,4479.607755691861,-0.1690209271551156,0.1518934234395164,0.26205678318922854,0.32966019893818704
GWK60_I06391,11869.274077482476,-0.9567333049424573,0.1593923377469152,1.2076231174994463e-9,4.659485984746039e-9
GWK60_I06413,837.114241696828,-0.07624918545465989,0.20583203387717225,0.7033654335929813,0.7628210262561549
GWK60_I06435,0,NA,NA,NA,NA
GWK60_I06457,10.65523976936817,0.7159610017021247,1.3815611948258015,0.06658267116465562,0.09836802213403094
GWK60_J00011,16.196070186529695,0.09365625403906042,1.0234458221709075,0.33659404856592734,0.41081416317697805
GWK60_J00033,0,NA,NA,NA,NA
GWK60_J00055,19657.436118937498,-5.437315224460583,0.14522823141169805,0,0
GWK60_J00077,3085.937582333204,0.9215748885351404,0.16503067523629106,1.4267530868187155e-8,5.037953785520194e-8
GWK60_J00099,448.3234952481715,-0.09502704509783158,0.24954105600002047,0.687852318168565,0.7503069240278651
GWK60_J00121,0,NA,NA,NA,NA
GWK60_J00143,874.6856152551217,1.0394780258238054,0.24488930890805077,9.995782403995484e-6,2.6645338269046962e-5
GWK60_J00165,1128.1063790040917,0.3510154740248341,0.2020776981263443,0.07599921298855795,0.11134474497159572
GWK60_J00187,1143.9958277840128,-1.3896254267684875,0.19457094185364757,3.495083494560468e-13,1.7106491992820958e-12
GWK60_J00209,646.4962014740172,-0.7255561686115848,0.22487889458263227,9.621830294971302e-4,0.0019685898618623725
GWK60_J00231,3573.3368788453417,-0.6165720390271607,0.16766660383666293,1.8151363916492092e-4,4.157197125761577e-4
GWK60_J00253,102.7740383419571,-1.1752676158090816,0.4879306814783746,0.006329438841047416,0.011376203234878151
GWK60_J00275,1212.3371640581743,-2.7990618166444667,0.21495952768750845,6.36597048914083e-40,8.207443903804495e-39
GWK60_J00297,1778.2144317745556,0.44803722318127287,0.17980588067292913,0.01135876363865192,0.019475324227672414
GWK60_J00319,3212.784791136046,2.390937733701675,0.19659356697725508,2.7280362450619415e-35,3.068170125829239e-34
GWK60_J00341,6652.801651643909,6.466465113729768,0.1866638431020775,6.781143502790959e-265,7.31533154199041e-263
GWK60_J00363,2204.5787764629354,-0.8567846197381127,0.1829226277756483,1.7516164474379083e-6,5.095786759029601e-6
GWK60_J00385,1792.3290646378603,-1.1857992713836836,0.18313890659507598,4.3941759329261485e-11,1.9023434874240476e-10
GWK60_J00407,302.9991191864257,-0.03269086616746022,0.2997624120893394,0.9069923582830375,0.927163052237656
GWK60_J00429,2275.5044079108507,-0.45816332980537805,0.16812491728161297,0.005575192183095052,0.010116878091260023
GWK60_J00451,4993.723506926641,-0.1379693711918605,0.14891926718259582,0.36953719762004966,0.4443525083302053
GWK60_J00473,9526.829266060753,0.8131928847052128,0.15083515347103735,4.7131000501675413e-8,1.5768004345054192e-7
GWK60_J00495,11171.399231219679,0.05277631102727177,0.14428847705228984,0.7132520984360404,0.771959580739744
GWK60_J00517,1782.994552730994,0.4790044484374961,0.17335673861096507,0.005056636635608565,0.009229758720934693
GWK60_J00539,3476.7928974507695,-1.9594504352380682,0.165455685975777,3.626497711879527e-33,3.833933380999036e-32
GWK60_J00561,1987.5336657745625,-0.7218664599238924,0.17639510438628722,3.187974476348504e-5,7.967675216065338e-5
GWK60_J00583,3859.0652442896258,0.39527409012758924,0.15319776139911664,0.009217076877629392,0.01607438745468458
GWK60_J00605,64.1502958687806,-0.16194556797299942,0.5163493244978328,0.7078234938917255,0.7673410559293808
GWK60_J00627,6425.699399571285,-3.5218157180385923,0.17315174264075464,1.2773186704724902e-93,3.79320589444808e-92
GWK60_J00649,3789.5906272292095,-0.14343455705651748,0.16329003816116594,0.372040902898159,0.44695641198174285
GWK60_J00671,4412.898582833184,-0.3863427804935955,0.15277369281190759,0.010434801971233167,0.018031501542967808
GWK60_J00693,5107.9230377999575,1.7447017096439648,0.15108891037695554,2.337381161348818e-31,2.3356137653856055e-30
GWK60_J00715,5544.621551471762,1.3762389934961041,0.16334538540886895,1.201058064102375e-17,7.540134117393295e-17
GWK60_J00737,20931.089958332122,0.5577217485650589,0.13861857121803015,5.0256963065951004e-5,1.2287618259325487e-4
GWK60_J00759,524.3143457420097,-1.3961734613470123,0.24830899756225536,6.697086719227035e-9,2.434718046618577e-8
GWK60_J00781,1165.1403254583852,-0.6076116572397467,0.19363409278423455,0.0013394217215784605,0.002685957215578051
GWK60_J00803,324.5721108474005,-0.10766865200507467,0.27965543762077205,0.6872105722087352,0.7499772453991058
GWK60_J00825,1166.696228798284,-0.9762303069214817,0.19127725051251004,1.9243767715744388e-7,6.091171026672145e-7
GWK60_J00847,1590.6823550934191,-1.285008598778495,0.17891775718964523,2.4564568327348956e-13,1.2135355904520242e-12
GWK60_J00869,383.39994958524983,-0.4232846850893925,0.27971848944531646,0.11261452842181703,0.1585722954815463
GWK60_J00891,0,NA,NA,NA,NA
GWK60_J00913,2345.308561651531,1.472171433271255,0.17476407311380945,1.2027191162011159e-17,7.54160527667746e-17
GWK60_J00935,174.61966250012313,-1.9915383765185712,0.4035926008954672,1.4103072224970869e-7,4.5153749110354944e-7
GWK60_J00957,944.5923479863686,-1.5812559833196673,0.21800841698203915,1.0164255631399026e-13,5.13654448064773e-13
GWK60_J00979,854.3653717315294,0.2931285657540065,0.205746169911131,0.1455098478013048,0.19823841636023123
GWK60_J01001,527.3660564184391,0.42039195850971184,0.2434570662724625,0.07560055431655506,0.1108221104041348
GWK60_J01023,2470.111554555941,0.1779821399366724,0.16238693935536203,0.25630235976981336,0.3234218843980027
GWK60_J01045,0.3409698986637831,0.06672701140273021,1.0183305846086295,0.7532955260769654,0.8028915818589876
GWK60_J01067,3447.760304599811,0.08990007557159513,0.1581501497925471,0.5669187945477421,0.6426619661118089
GWK60_J01089,1263.3983799765472,0.05673719259843399,0.1848643864025937,0.756170459389816,0.8050588214168312
GWK60_J01111,866.2592743030611,0.13386041378388452,0.20631113614152236,0.5085969805263033,0.5845713500895933
GWK60_J01133,372.26132660370973,0.27512873813942346,0.27299214466988614,0.29171063150638316,0.3629047771576233
GWK60_J01155,515.7779476124822,-0.28867003884846504,0.2402107040418855,0.20964809252343336,0.27221808329129665
GWK60_J01177,1470.8629918229074,-1.921065124565837,0.18435187551568752,3.456458609805336e-26,2.9660454888686697e-25
GWK60_J01199,6621.644591424438,0.4277971727611291,0.15085520627161067,0.004337380667506618,0.008010035718899577
GWK60_J01221,2479.2361792867023,-0.8178633319699745,0.16362409292140861,3.3148076686824003e-7,1.0288945000971913e-6
GWK60_J01243,13500.929474035986,4.306169672638554,0.15369498757095598,3.3284343520420434e-174,1.8138251530818805e-172
GWK60_J01265,4873.251020478332,1.2163704487162852,0.1516404407283286,4.735970857042886e-16,2.7480068002556194e-15
GWK60_J01287,1434.4539825973904,0.27052484865907495,0.18834678170407634,0.14173201577899028,0.19389115823181743
GWK60_J01309,525.9101159384688,1.8791562057194846,0.2562574803421116,4.855052234310987e-14,2.494053071969667e-13
GWK60_J01331,3989.676499525952,-0.5806528948862747,0.16169911703652673,2.3421730725358414e-4,5.275128615860442e-4
GWK60_J01353,6175.942498329065,-1.3121357795677446,0.14775593608231316,2.045665157889131e-19,1.4006976715805632e-18
GWK60_J01375,193.3712644074867,-1.8000140279301973,0.40121612767056575,1.2641833363047726e-6,3.7457808944546125e-6
GWK60_J01397,1472.1672925750142,-0.4774292663016328,0.1801369828591071,0.007043154301595376,0.012543761607364758
GWK60_J01419,3150.9780308806808,0.29314919048444765,0.15895435629548493,0.06101799630973943,0.09103616384230387
GWK60_J01441,3236.7396534374066,0.4915870816119012,0.17720973398381118,0.004692367467955535,0.00860050431193237
GWK60_J01463,0,NA,NA,NA,NA
GWK60_J01485,6059.263145483973,-0.46899217669235044,0.6189670979427222,0.33125673667840405,0.404954465791407
GWK60_J01507,0.905798237624454,0.06564110152064166,1.0192662167350142,0.6900873946377374,0.7520879183569438
GWK60_J01529,335.51337656219135,0.8000728629065718,0.28351738876968535,0.0031968953584843693,0.00603097389898229
GWK60_J01551,606.2265216098065,4.187621116798388,0.2716541536243649,1.0258196584116594e-54,1.7491879723754939e-53
GWK60_J01573,0,NA,NA,NA,NA
GWK60_J01595,1999.0487100018706,2.363850068056196,0.18903987150603954,8.048560933558757e-37,9.475432760532649e-36
GWK60_J01617,0,NA,NA,NA,NA
GWK60_J01639,1339.5565200356343,-0.54809883037273055,0.2098382528856066,0.007153842511492191,0.012719546423056751
GWK60_J01661,1144.5531635816997,0.19355874267710785,0.20164671112113594,0.3264232656410037,0.3996001348259253
GWK60_J01683,0,NA,NA,NA,NA
GWK60_J01705,4132.232746942605,-1.8734203974734613,0.15865058281886427,1.0548163626525391e-32,1.0975904120041972e-31
GWK60_J01727,2885.9044970631758,1.6432730811596583,0.1654699966175643,8.664292675787383e-24,6.939310770335169e-23
GWK60_J01749,10186.604648900859,0.18134271922347997,0.14583872688183355,0.20947565761193743,0.27207225136375723
GWK60_J01771,985.255440329356,0.6705673999017091,0.2019274082624868,6.902914922570039e-4,0.0014428156694624448
GWK60_J01793,1515.930006039176,-0.6502981619975444,0.17882450738058286,2.168042146085268e-4,4.910141724167406e-4
GWK60_J01815,4163.761942247785,0.9878980057020431,0.15397700339953754,8.688158407976959e-11,3.6623289748457894e-10
GWK60_J01837,1013.1934834396,-0.2294557079142456,0.20489510543770048,0.2505245810187036,0.3175392889565176
GWK60_J01859,1492.1082087921952,2.3012885282578077,0.1876151195975495,2.19545668377755e-35,2.4797401774461816e-34
GWK60_J01881,20.383259044516777,0.39360775146939786,0.7657056890665982,0.46006082167684853,0.5370763037508439
GWK60_J01903,0.17048494933189154,0.05673870770012697,1.0164341323484167,0.8415973715063674,0.8743482126145161
GWK60_J01925,3012.795913062813,0.06140090302812718,0.15753389718614436,0.6949372358903315,0.7563183506107253
GWK60_J01947,472.8021738020302,-1.7042378998953587,0.25687748319597187,8.84129102899992e-12,3.9808402367371025e-11
GWK60_J01969,720.7969538522926,-0.9188711512924631,0.2205746549952714,1.870744895001706e-5,4.7957116949461774e-5
GWK60_J01991,2492.908927988109,0.3467756485337296,0.1622892642523376,0.03323159099364137,0.05190963061240789
GWK60_J02013,1218.7366313617786,0.5483155945199714,0.18820237244134752,0.0030027020281889047,0.005693071348998045
GWK60_J02035,358.9436724096684,1.2889945453533853,0.2908754135088044,3.6748501984751276e-6,1.0316122224715626e-5
GWK60_J02057,899.904924889383,0.056891292786795236,0.20171094864537298,0.7750862572546702,0.8199131390530691
GWK60_J02079,7273.192028185937,-0.8343395025059194,0.15503742343720112,4.973739133272584e-8,1.6566594239747243e-7
GWK60_J02101,965.8295370531368,-1.3895576467003192,0.20936128079139552,1.0915250134252518e-11,4.8896620516660004e-11
GWK60_J02123,448.3645505468524,-0.5222785111597289,0.25231119191859286,0.03216127337285737,0.05038663042351039
GWK60_J02145,503.6224477425376,-0.5390127460053896,0.2423447468949374,0.021353462968068223,0.03477338424190038
GWK60_J02167,47586.64178682161,-5.816414163832164,0.14096961894829588,0,0
GWK60_J02189,2044.3570364906175,0.9643357559546473,0.17416015298294907,1.5061361915681402e-8,5.293507917971535e-8
GWK60_J02211,413.70178774633223,-1.7505006758089645,0.2719011915791086,3.037562753444533e-11,1.3280857497690487e-10
GWK60_J02233,635.5701154490913,-1.2156136302311302,0.23948753811091333,1.5865901764993468e-7,5.058332734002139e-7
GWK60_J02255,1705.6840119588642,-2.0932736267842116,0.19525514939742672,1.0350337724630095e-27,9.400667562267127e-27
GWK60_J02277,2011.2358528197824,-1.112802147659064,0.17047725979024902,3.144184177223515e-11,1.373566740562273e-10
GWK60_J02299,1294.6717533256774,0.14944998638550944,0.18780019502561315,0.417248088968555,0.4943301492820016
GWK60_J02321,3766.769003083081,-1.1050582983305206,0.15851121489457287,1.6179605171449887e-12,7.663565675294275e-12
GWK60_J02343,13607.402185299305,3.6671733456740925,0.1816866741754938,7.009105342698276e-93,2.058340602305727e-91
GWK60_J02365,3297.8299025065976,3.1374944348465723,0.19767371031986536,1.978043142143598e-58,3.544385101481715e-57
GWK60_J02387,2801.3185263788628,1.595072057027838,0.17153177069512468,3.816063653848023e-21,2.801626732533424e-20
GWK60_J02409,0,NA,NA,NA,NA
GWK60_J02431,337.99615213288473,1.1994834322841785,0.30302647436204155,3.163371042912741e-5,7.909923998503665e-5
GWK60_J02453,1820.7981869592695,-0.9799359922127334,0.18026793055749593,3.80993924470547e-8,1.2918113436506168e-7
GWK60_J02475,1230.138963295312,-0.39868372422832005,0.18798744471168222,0.029036047441771,0.045885976642697335
GWK60_J02497,2513.1866936787724,-0.8239212178751573,0.16408515674906277,3.442362754739523e-7,1.065982983102116e-6
GWK60_J02519,22.023863041743414,0.8009591124165117,0.8605524607126782,0.16355064778246572,0.21886803143749714
GWK60_J02541,1170.8364860678464,0.7858902324366629,0.19049830917498461,2.6117740313670875e-5,6.596195666414919e-5
GWK60_J02563,2579.39468633047,-1.7352772220378236,0.17333177163314262,3.5117850555303285e-24,2.829770701758128e-23
GWK60_J02585,0,NA,NA,NA,NA
GWK60_J02607,356.6394056988607,0.17749320733734877,0.28597768382168587,0.5170299721220784,0.5932321321114187
GWK60_J02629,2843.3986857223654,-1.4998863448696456,0.17396918133960695,1.8457574490813634e-18,1.2180616574087499e-17
GWK60_J02651,749.5382645500374,-0.13218866158217363,0.21684840459303878,0.5323447185329442,0.6091732607222962
GWK60_J02673,691.2382981778909,0.6303418578377493,0.22901890393248164,0.004598458185711156,0.008443018398634655
GWK60_J02695,9432.399083058375,-0.34893057330696875,0.14342667864754677,0.01338902629560166,0.022669568545339643
GWK60_J02717,5316.990267677627,1.7243219341761058,0.1502097180511201,5.182832069914337e-31,5.10175983641847e-30
GWK60_J02739,643.7628037650868,0.37482975737572155,0.22513267794637548,0.08952596625037565,0.12898180910315774
GWK60_J02761,2595.6118722612237,0.7458265515122461,0.16761643738471704,6.1806838731918405e-6,1.685815013090406e-5
GWK60_J02783,1173.7843847221184,-0.0759146707589975,0.1965351378369131,0.693700073934451,0.7551273869064061
GWK60_J02805,2415.829097253619,-1.0343419054998768,0.16912627861185411,5.073669729588459e-10,2.0241070332531766e-9
GWK60_J02827,2583.461123204345,-1.9673911707917504,0.1886329551159082,2.4049066635372227e-26,2.0839896104029117e-25
GWK60_J02849,1149.348807644264,1.1272500712592142,0.2034013002777887,1.486223361525988e-8,5.233961818138822e-8
GWK60_J02871,3737.370501234692,6.577599131635155,0.19919493978907993,5.00155662279297e-240,4.196544175886291e-238
GWK60_J02893,3116.588669367893,-0.32401461290497335,0.16287212341825338,0.039820373777802745,0.06134960530150548
GWK60_J02915,3345.308021802411,-0.5230163322195059,0.15642378292874676,7.336812772032193e-4,0.001526865839092999
GWK60_J02937,7968.546827224537,0.20300848798279117,0.14354393700472642,0.16313986544240391,0.21842890798595418
GWK60_J02959,2800.722504331003,0.2307118734326038,0.1627769533820427,0.14261645698485637,0.1946979833734377
GWK60_J02981,272.4445706844763,0.6580066037574162,0.31285106675516866,0.026496818132553997,0.04235324482875126
GWK60_J03003,6471.495276803135,-0.8095028749981105,0.15344505252262586,9.656256770560074e-8,3.14691573916033e-7
GWK60_J03025,16088.66984445527,-5.665364799524095,0.16508492207810843,3.112137586461038e-261,3.22563907490844e-259
GWK60_J03047,206.64827347481327,0.4663900507461055,0.33631771058652205,0.1416605227514767,0.19389115823181743
GWK60_J03069,2019.8289111451663,0.40732762975015513,0.16833018514246165,0.01407182492458869,0.023726847384808875
GWK60_J03091,353.06242875431496,0.6122661630971988,0.2778033009521141,0.02079501458935905,0.03391621324262633
GWK60_J03113,934.9496469715582,-0.5577874153273025,0.20413254283463836,0.005262749698364942,0.009586111270005887
GWK60_J03135,3242.2853241006696,-0.13234785653586645,0.15913385900710317,0.3912118907958061,0.4672268537611005
GWK60_J03157,1040.507159565461,-1.129938192742497,0.19928510235872116,7.382062259525176e-9,2.6727110345102796e-8
GWK60_J03179,2618.9966986857535,-1.2364718554176595,0.16343855071573163,1.902545226565324e-14,1.0046807260363939e-13
GWK60_J03201,864.7627752342688,-0.8293385562705335,0.20662949138001208,3.9754500085221625e-5,9.819733058433716e-5
GWK60_J03223,0,NA,NA,NA,NA
GWK60_J03245,1811.7513705041747,0.6175619132835432,0.17472358118915607,3.3031635375579163e-4,7.266135022692945e-4
GWK60_J03267,2283.6716089471197,-1.0613281258270293,0.16676300689434134,1.0462998653452656e-10,4.3755863039676223e-10
GWK60_J03289,1213.186152325382,-1.671463393893114,0.194338234591991,2.094805604619761e-18,1.377256520649261e-17
GWK60_J03311,590.5672318624465,-0.6208709199437248,0.23418502149499953,0.006253677785497877,0.011255342449486476
GWK60_J03333,4435.228380973785,-0.9864327286091572,0.1562006311444586,1.4952781027128612e-10,6.181315210765553e-10
GWK60_J03355,1384.874906703988,1.0364727553257962,0.18567992355970941,1.3136127870991569e-8,4.660239726581304e-8
GWK60_J03377,4219.891752848282,-0.32666536322436873,0.15182329518768028,0.03004309741491225,0.047346056764736355
GWK60_J03399,807.6064905974345,0.5093010800999375,0.2172618582637032,0.016282798593766388,0.027143132565956834
GWK60_J03421,2069.3294323538335,-0.16467935893848995,0.17344037104847226,0.33373912334147693,0.40761206238055614
GWK60_J03443,224.6122027517505,-1.1099148586547836,0.3365916187364217,4.756169748310011e-4,0.0010211662587151387
GWK60_J03465,10384.222636171793,-1.3063528464796477,0.1543812199608895,9.435708837666903e-18,5.973312205497874e-17
GWK60_J03487,2372.4094327890907,1.3317575885071176,0.1673515659079278,7.33282768043025e-16,4.2086131507876545e-15
GWK60_J03509,778.4574185056322,-0.8109941520526296,0.21521765440417193,1.1005920011008663e-4,2.594883727840847e-4
GWK60_J03531,1797.4762370271153,-0.8135812687860798,0.1756033350779944,2.3990430668242816e-6,6.854779270936839e-6
GWK60_J03553,126.97793584004475,2.3682656770036394,0.46249284166695703,4.6135470012448274e-8,1.5464305293963323e-7
GWK60_J03575,1104.4165070777508,-0.9425844324771672,0.2011645168838754,1.5913403279939531e-6,4.652558060716834e-6
GWK60_J03597,3998.693959729912,-0.822520876227878,0.1553856595877676,7.301927202256373e-8,2.400372337756666e-7
GWK60_J03619,8274.184866672851,0.8769613432732252,0.144933700803112,9.238937513657668e-10,3.6095361195265653e-9
GWK60_J03641,2543.9665434885383,0.6717457996559992,0.16279546930972677,2.8831979792780853e-5,7.243623820562719e-5
GWK60_J03663,1162.9339370165728,0.7681980184359155,0.2066235245387366,1.3552502314753863e-4,3.1586652220365487e-4
GWK60_J03685,1298.310276227136,0.32334273659575546,0.21666450421734865,0.12183314693304739,0.16978908902928777
GWK60_J03707,824.9848076524313,-1.9900574673045899,0.23596920317969214,5.220229605238203e-18,3.369247093197697e-17
GWK60_J03729,2072.088909028651,-2.18227639946047,0.17639004364461594,6.41180020571002e-36,7.336098676922763e-35
GWK60_J03751,620.2849415052739,-0.4869831902633776,0.24299991345307081,0.03790937223030592,0.05866186815263381
GWK60_J03773,3417.2802317296578,-0.27062627203796985,0.15509885021001418,0.07875352146192038,0.1149023225083387
GWK60_J03795,2.130992302773593,0.11222806118460707,1.0140511136436114,0.6550905993145971,0.7221707837282503
GWK60_J03817,7799.378478520197,5.400519929100456,0.18632754378933858,3.871006281709719e-188,2.2485867258370962e-186
GWK60_J03839,2489.6991858700094,1.2141000727966753,0.16489338623788632,8.432593913729118e-14,4.2737000410328014e-13
GWK60_J03861,391.7713938094256,-3.6081359663772323,0.30366273830185614,1.1318645136670965e-33,1.2135975292584731e-32
GWK60_J03883,1128.7758335239605,-2.0272310324890377,0.20249256639333194,2.480232997654663e-24,2.0046653861777596e-23
GWK60_J03905,1493.9323434495254,1.1067728152377638,0.18267172837210027,7.038820339055031e-10,2.7663348931037094e-9
GWK60_J03927,2075.174725948308,-0.7049648736847026,0.1686103809912115,2.11866410277764e-5,5.399835316915431e-5
GWK60_J03949,881.3573273857144,-0.2275776053843079,0.21589347800524344,0.27881423996720783,0.3481719991652872
GWK60_J03971,2211.347036975723,1.0016472570174153,0.167368576297654,1.258002939991859e-9,4.846795583671258e-9
GWK60_J03993,2380.20115856562,0.1981833176557446,0.16537460413491245,0.22945834316748534,0.29454026274485856
GWK60_J04015,59050.18046981004,8.389482457689638,0.15915581764115558,0,0
GWK60_J04037,1829.4407431526893,-0.7339719310767139,0.17642783039370466,2.2671186294286635e-5,5.758764572397845e-5
GWK60_J04059,1916.0320471827722,0.9081036199998728,0.17328338565983878,1.0271571332339993e-7,3.3351060235103935e-7
GWK60_J04081,4573.692966664358,2.8784253541057843,0.15517170249708917,1.0046489423119363e-77,2.38142345697798e-76
GWK60_J04103,130.37478458150605,1.8726597852435984,0.4464380884001565,5.899543238649547e-6,1.6132946487067514e-5
GWK60_J04125,8167.533878432407,0.39894050657975405,0.14782929915521809,0.006360776484558019,0.011424758578788205
GWK60_J04147,87.02006633281246,-0.004895197314066811,0.46804733803294596,0.9900939282500336,0.9914068014263455
GWK60_J04169,1119.2852748746072,-0.30819396267801535,0.19083021093958688,0.09954321294280268,0.14213544668170042
GWK60_J04191,1489.360088192536,-1.0636798291953518,0.19382707562417842,2.0094452250799404e-8,7.01117324077397e-8
GWK60_J04213,234.43321151336752,-0.05762115320670793,0.32017956927729596,0.8457843390658897,0.8776631362980551
GWK60_J04235,3285.260124475636,-0.6486475589290668,0.15921978125536626,4.223839419270999e-5,1.0389583606452537e-4
GWK60_J04257,1534.8734012111008,-0.8445496230190057,0.18719249050651998,4.036120486852385e-6,1.1282354782391172e-5
GWK60_J04279,864.2030003750176,0.8872389137433768,0.2086039324806268,1.3619060253410906e-5,3.5480706012582577e-5
GWK60_J04301,972.3129507259274,0.678907257863835,0.19973963618485072,5.232363592770008e-4,0.00111345708338898
GWK60_J04323,1892.9982299556953,-1.240827183459251,0.1788524943269059,1.6767982717524161e-12,7.928046211523499e-12
GWK60_J04345,1327.9318769249692,-0.6683054647136926,0.18551376250541002,2.430566308418942e-4,5.460252233872728e-4
GWK60_J04367,1064.7264802997008,-1.6845773810507223,0.20080648625849654,1.4488767686111685e-17,9.052910873379003e-17
GWK60_J04389,801.3880703448299,-1.9866228214734418,0.21740358021714973,1.3367788740870232e-20,9.5618580898836325e-20
GWK60_J04411,1791.753517568038,0.2384484838703164,0.17256830736939524,0.16146780406118671,0.21662914016939924
GWK60_J04433,2047.2983352845517,0.5107207511085591,0.17685762373117003,0.003313520762033713,0.0062265448802382535
GWK60_J04455,2240.2969488846556,0.004497237027929158,0.16536969002388247,0.9791168703980023,0.9833957394877142
GWK60_J04477,472.01710961114975,-0.38900756127880887,0.25549630133130696,0.11384547922588101,0.16009236583878877
GWK60_J04499,447.4750440378091,0.5274195491104188,0.2570581182855538,0.03361124542732604,0.052440685752315655
GWK60_J04521,796.2149239783882,0.05342056810608639,0.21167627699420463,0.7985686589470397,0.8397123396049437
GWK60_J04543,0,NA,NA,NA,NA
GWK60_J04565,1580.1195633521438,-0.47761801553591376,0.176645971132179,0.005876509006328359,0.010623538511440392
GWK60_J04587,859.3559801410315,0.16014348347765073,0.21615498460416982,0.44846385651572546,0.5256274823818459
GWK60_J04609,2376.4080443905136,0.18485410714972295,0.16395125331602403,0.2609388002027799,0.32872318824401675
GWK60_J04631,6060.5349709116435,0.17153238963817727,0.1483914801111662,0.22741953474809876,0.2924202531448431
GWK60_J04653,326.86669267426026,0.2706608015039103,0.28006447706005083,0.3159082218555092,0.3885028132585759
GWK60_J04675,815.3952430206444,0.46922600730960784,0.2082327351307075,0.021481010911190132,0.034927291195494016
GWK60_J04697,2103.109626099673,5.245518231875805,0.19912455045207322,5.846208652677837e-154,2.8093689943686405e-152
GWK60_J04719,1661.5230692893579,2.7385036745614153,0.1945422460937496,5.666311228777707e-46,8.38994990345069e-45
GWK60_J04741,2389.7525892714543,-0.8551190908685777,0.16638949886901694,1.79807748645333e-7,5.712688336942795e-7
GWK60_J04763,2628.3658279164297,-1.4115643770139585,0.17011249135507506,3.6167056755135005e-17,2.192420435867473e-16
GWK60_J04785,477.22675808111705,0.8782409679717186,0.2554700265974163,3.678338521020863e-4,8.021327319354902e-4
GWK60_J04807,1200.140502838337,0.4050891441677371,0.18804215928921508,0.028355607885132344,0.04494385105871351
GWK60_J04829,1780.6129358006024,-0.9598073393516897,0.1757554014848605,2.7333032012786e-8,9.394174721689649e-8
GWK60_J04851,2672.24299060489,-0.5641771117352361,0.1609863248738042,3.990997251015107e-4,8.670945938703599e-4
GWK60_J04873,1653.5133878765298,0.018295485273177113,0.1865954682600581,0.9222676721373999,0.9393840774931523
GWK60_J04895,1609.213147768527,1.0816059828167435,0.18150462322101638,1.3277215314352552e-9,5.104244374666734e-9
GWK60_J04917,966.1898320922911,0.3476654945707128,0.19928426228118257,0.07575709907661367,0.11102080003298581
GWK60_J04939,4197.86771069333,-0.9866377721440219,0.15452668590269955,7.331466252383305e-11,3.120300371183426e-10
GWK60_J04961,225.4356720570505,-1.576198192986568,0.343741587535002,1.3190237192717165e-6,3.899529854625444e-6
GWK60_J04983,1842.4982748585014,-0.36943378202497656,0.1710584126210037,0.028225056783236887,0.04477720592922874
GWK60_J05005,3127.6319069296424,-0.3970339360487319,0.1580087505150844,0.010860921808087357,0.018694507547232096
GWK60_J05027,389.4890853360272,0.3579493011429312,0.26392429466880074,0.1598892926339925,0.21522149245309002
GWK60_J05049,2526.322824377808,0.10828368560471584,0.18388180406141508,0.547445297952692,0.624335673134397
GWK60_J05071,1928.8302772445468,-0.04746978172857772,0.17905809949351384,0.8034781905218762,0.8443709175146397
GWK60_J05093,1948.3243914616846,1.6197513403302897,0.1746050298455489,5.2154258336263355e-21,3.8025849595239735e-20
GWK60_J05115,3621.3522762532066,0.3735380399578216,0.17416272148737533,0.028395574076181873,0.04499370640488531
GWK60_J05137,3438.884392529295,-0.5178388255672576,0.15966977521110703,0.0010861522960204971,0.002198928011016602
GWK60_J05159,448.40438433795543,0.14911565769929747,0.251063228095608,0.5420733686828352,0.6190105480357456
GWK60_J05181,6.321076296015126,0.5607231642705374,1.0843570245437983,0.22234440520348028,0.2864519926652685
GWK60_J05203,3044.5078028301855,-0.8874553946229206,0.15908518322746132,1.5031215502575485e-8,5.286427488131338e-8
GWK60_J05225,12340.159943108905,-0.02993243330471947,0.1756522419307821,0.8505068415841756,0.8820441759101337
GWK60_J05247,657.6241954047798,0.23238867088559376,0.22365646668278485,0.29665234588009304,0.36809960101459427
GWK60_J05269,380.44341441062863,0.06750782014447192,0.2644150013930632,0.7934167015526494,0.8359578800891578
GWK60_J05291,964.6844871079747,0.22752561565174753,0.19914538033534468,0.24481490286970942,0.3113791088954004
GWK60_J05313,1039.195719007668,1.4440982658147623,0.19983194242020183,1.8135209940085745e-13,9.018129797111312e-13
GWK60_J05335,2766.876351721626,0.22961696650233468,0.1596386924753615,0.1469143940197507,0.19978732740311686
GWK60_J05357,3084.0438984953357,-0.4608264295316089,0.15784498260936447,0.00338345676664476,0.006351190507274219
GWK60_J05379,167.4884480795319,0.6645383916558898,0.3876898447935608,0.06165175541147109,0.09174864276605749
GWK60_J05401,3215.3199469894394,-0.48801081933177487,0.16474026391905713,0.0025731840833587774,0.004933569483001268
GWK60_J05423,744.2467828611889,1.0729680671674209,0.2220786961939283,7.031204273726116e-7,2.1335789776645377e-6
GWK60_J05445,2267.275983022503,-0.48885890779907254,0.16618021029796382,0.00277405370838483,0.005282293913012323
GWK60_J05467,1223.945974570322,-0.712184112126884,0.18950609326513315,1.3148785223377415e-4,3.068630405773643e-4
GWK60_J05489,537.2290642307348,-0.8035319852418256,0.24551180781496793,6.972468160215779e-4,0.0014567773397193915
GWK60_J05511,1387.6517136257294,-0.8848488914961098,0.2270705466207217,5.2166435028007156e-5,1.2736802566191494e-4
GWK60_J05533,557.5092754781685,-0.2566279547973052,0.23709963022791186,0.26268501075524586,0.33029328421794235
GWK60_J05555,896.4427734763957,-0.233030135386804,0.2088608415318745,0.2534374506773385,0.32034202876145657
GWK60_J05577,1129.174045660452,-0.7323381993362924,0.19193982131580864,9.120440398520765e-5,2.167744961626833e-4
GWK60_J05599,103.43938854913799,1.1101635453409706,0.4730622233433551,0.008586344841968874,0.015035669315362822
GWK60_J05621,1155.4319592441693,2.100966579790441,0.19677898438545882,2.6246363134562458e-27,2.3317357231814648e-26
GWK60_J05643,1070.1015953453254,-1.5477112866640492,0.19854839786284492,2.0463131150912043e-15,1.149501713748364e-14
GWK60_J05665,1238.1521724287836,1.2388453822642724,0.18969490278080264,2.95103043880498e-11,1.2913201075764174e-10
GWK60_J05687,277.88919645753845,0.03436402487566694,0.2960222684348699,0.9081145297085996,0.9277722079705563
GWK60_J05709,2793.089727943763,-0.8702642099077936,0.16442516033239696,7.676409985140444e-8,2.5172148375590815e-7
GWK60_J05731,6265.000993553029,1.1879778134305898,0.15340581523351265,4.4134021079220985e-15,2.4326635602164977e-14
GWK60_J05753,1207.9667132586408,0.3978857320333081,0.19539977594614905,0.03775230758385536,0.0584807717471471
GWK60_J05775,1930.8862267638674,-1.7720605801336027,0.17304805214613805,3.329575516162189e-25,2.7457310730785224e-24
GWK60_J05797,715.1757988111385,0.26202976173925496,0.2319936840057306,0.24501313739933564,0.3115562771933818
GWK60_J05819,353.52259845407684,-0.220460213869051,0.2754243004835351,0.4068037582322596,0.4835540062999156
GWK60_J05841,40583.21596269964,2.9117696730134655,0.1448717837008101,2.6353555207858857e-90,7.489510367136662e-89
GWK60_J05863,2679.072980888524,-0.048425609030807566,0.16739310705121965,0.7671447906257617,0.8137865493631953
GWK60_J05885,106.80041702672426,0.5992606233549623,0.44437794468921593,0.13374096375830172,0.18437679768599136
GWK60_J05907,3708.101723162655,0.6998325371577615,0.16350664500802514,1.3823560667557889e-5,3.597801166357016e-5
GWK60_J05929,430.6564198818232,-0.6739830284530753,0.28051672593590865,0.011807650482590165,0.02018604154300505
GWK60_J05951,499.4895620914148,0.9953119209066909,0.24818892086305344,3.4389688153838355e-5,8.538463672202422e-5
GWK60_J05973,2388.384967661924,-0.6145836029243619,0.1723381919827003,2.733688134779685e-4,6.08432651808228e-4
GWK60_J05995,2289.798073958108,0.7365049879823691,0.16555304500616566,6.668990394602139e-6,1.8115253456252265e-5
GWK60_J06017,1940.80089352415,1.0974832070374425,0.20721826673968635,4.7682610234191e-8,1.5942459057427805e-7
GWK60_J06039,2488.033977788986,-0.16021181279769758,0.1659654255864358,0.3174129133786755,0.38965273110071497
GWK60_J06061,3206.0518827991073,0.6772336156617703,0.15937085203628873,1.6351488380112206e-5,4.226599881529248e-5
GWK60_J06083,1212.8968458869033,1.2645747689590265,0.1933954108761483,2.670261223188702e-11,1.1703980784225106e-10
GWK60_J06105,404.6457430438229,-0.19403304513909075,0.2726504017976495,0.45629346214106636,0.5337391548744582
GWK60_J06127,3481.5143916365337,0.9406528610115561,0.15867866546600798,1.7443871162076466e-9,6.643249492992521e-9
GWK60_J06149,1054.143074325718,1.3706084910141463,0.19853831534260974,1.6804234649552888e-12,7.938086180298174e-12
GWK60_J06171,629.5848040827412,1.3298503892276303,0.23460192393658352,5.663803097094946e-9,2.074765292532494e-8
GWK60_J06193,4541.564332819048,-3.6280143164761784,0.22212421402203927,2.6908163180454265e-63,5.229284947495634e-62
GWK60_J06215,964.6512842159503,2.5312765690970433,1.0550484336893662,7.517610887112823e-4,0.0015608048369708714
GWK60_J06237,22.395355440640635,0.855181706895854,0.8698794640682396,0.14232265650038248,0.1944978185783407
GWK60_J06259,2080.898210085024,-0.5368630478309124,0.1704204309346712,0.0014958028456211053,0.0029769630429040523
GWK60_J06281,0,NA,NA,NA,NA
GWK60_J06303,7208.400471074054,1.124413297608892,0.150118773838909,3.6510677389863325e-14,1.895829476255575e-13
GWK60_J06325,1008.6753443207948,-0.1149014122721258,0.20036914126733893,0.5542123931188649,0.6308283182657882
GWK60_J06347,1221.6176628850571,-0.4381384561426053,0.1872795214694294,0.015742179876063137,0.02630830313780264
GWK60_J06369,3123.3053379244157,-0.3900486562920359,0.15766986850086803,0.01335520361904289,0.022626796900724586
GWK60_J06391,1920.5601035486718,0.18804279167472382,0.17046329510586586,0.26491822460229525,0.3327846329010772
GWK60_J06413,2608.440390488636,-0.4379399244684048,0.16339967900879326,0.006629704247997812,0.011879531069463198
GWK60_J06435,2485.201039815578,-0.8531417682952777,0.16367067952548425,1.0227328007629005e-7,3.3227815518332465e-7
GWK60_J06457,794.6372345437646,-0.09229376217066508,0.21498303001270808,0.6572925890513961,0.7238874290184565
GWK60_J06479,0,NA,NA,NA,NA
GWK60_J06501,185.7395904839458,0.9525357165525208,0.4172739174985361,0.010721562728867878,0.01847562937131755
GWK60_J06523,783.707075639526,-0.17987174575402104,0.20935127250409022,0.37695818124546304,0.4521445305340408
GWK60_J06545,2661.9168590590407,-0.10919268404505242,0.1608832727295561,0.48951132774798944,0.5659589508219772
GWK60_J06567,1208.4499028388695,-0.2981506226407171,0.19128664121536382,0.11713487554246915,0.16410679886495944
GWK60_J06589,581.0292824499409,0.21522119282488372,0.2340561984555777,0.3602176636807846,0.4353247759983145
GWK60_J06611,2094.9131234247297,-0.26636536099728275,0.1673902842362687,0.1045636851101678,0.1482230194401574
GWK60_J06633,295.44991993986616,0.13791822047603905,0.29057520660302305,0.6222317942605171,0.693467692275162
GWK60_J06655,2107.6742397953194,1.1013120875769205,0.17420762734308692,1.346035939756779e-10,5.589274137905996e-10
GWK60_J06677,588.152418017811,-0.2198607981846838,0.23024381673467545,0.32551230723797797,0.39866961447172183
GWK60_J06699,30.441152981535538,0.6758740330322348,0.7466292592252913,0.21140422810188464,0.2742962075961125
GWK60_J06721,1405.4437495016948,0.8493600229237481,0.1883530772945973,4.245261149991138e-6,1.1841926352956812e-5
GWK60_J06743,2124.7915421024827,1.9514100520500823,0.17454599185003658,1.1141511784461733e-29,1.06115371698495e-28
GWK60_J06765,1279.882926724831,-0.4190963409231841,0.18578952848550837,0.02140389142124333,0.03483404250390771
GWK60_J06787,2846.2658505892937,-0.03191060932580346,0.15970090961088715,0.8400688558881716,0.8743482126145161
GWK60_J06809,2064.3043620021867,-0.44003401363747063,0.1683163345593858,0.007743000253786874,0.013675074955401743
GWK60_J06831,1885.129794284926,-0.11890032640780464,0.1726406548269507,0.4833369074070615,0.5597081794820605
GWK60_J06853,1860.8401443313687,1.8520008504636463,0.1775376541103043,3.130730914952231e-26,2.695283976618484e-25
GWK60_J06875,7980.151168576713,3.3664710175049657,0.14818024531141355,2.9395228406294695e-115,1.1098798382548126e-113
GWK60_J06897,1722.272378068289,0.4271982368615035,0.17495825400096784,0.01320241549430119,0.022388820821430126
GWK60_J06919,1957.7522230316065,0.756997580835814,0.17135108632715867,7.210244141625224e-6,1.9515284450911896e-5
GWK60_J06941,1086.8156655467392,-0.7209055462571415,0.1986280288435953,2.0843506254809648e-4,4.7388720027064e-4
GWK60_J06963,3528.739985105033,-0.24205822491032666,0.16387808094852788,0.13339991754264785,0.1839686835717288
GWK60_J06985,956.371238753103,0.4883387840556292,0.20078666267010795,0.01302531141299819,0.022117505984294388
GWK60_J07007,1149.0809753131318,1.3821409705136884,0.2082046794508001,1.0779314272838255e-11,4.8328630403921134e-11
GWK60_J07029,143.69473527310754,0.1820931163224679,0.38910750258192706,0.6139220760739366,0.6853626386751486
GWK60_J07051,418.29291222652364,0.020126428529557663,0.261153774962791,0.9354900482453422,0.9487721402580351
GWK60_J07073,21630.494194801333,-5.360528243540422,0.14286163031149993,0,0
GWK60_J07095,3369.9486468294863,-0.48253131506776736,0.15698415263430499,0.00185390889936398,0.003643034365069888
GWK60_J07117,338.7605215880976,0.43730945159823587,0.27781085315625853,0.1017471970178865,0.14486450196483439
GWK60_J07139,950.0608665771972,2.0501422336330606,0.208276874825073,1.4974356387419915e-23,1.1849468243099053e-22
GWK60_J07161,1665.300467402093,-0.04544200261854225,0.1757770498046032,0.7933519334366124,0.8359578800891578
GWK60_J07183,273.44394010424287,-0.057731133059793195,0.30206669970777494,0.8420783125790128,0.8746759599710477
GWK60_J07205,1796.5847824161262,-0.5230490832040685,0.1729609199670004,0.0021343418587589954,0.004160077826474945
GWK60_J07227,1369.6809953626853,-0.9950730072937957,0.18645170102149242,5.98865874547722e-8,1.9859504472140895e-7
GWK60_J07249,371.4963312633906,0.40874865492629175,0.27546167455081966,0.12240572432742093,0.17049714329242346
GWK60_J07271,1460.638647329576,-1.673335962924097,0.18437480784023638,2.852271276639042e-20,2.0183542126256995e-19
GWK60_J07293,629.2935125257058,-0.8039086393805728,0.22871219719913016,2.955685324851264e-4,6.545350912092075e-4
GWK60_J07315,1632.9652728268968,-0.5982967568886511,0.17856100067886724,6.532539060708506e-4,0.0013708218132157668
GWK60_J07337,279.34153823258447,-0.24385675535951482,0.30136566627852596,0.39425048682467306,0.47074950832510093
GWK60_J07359,1767.9439738269152,-0.5556994884207447,0.1783137776464509,0.001598532553432437,0.0031694835249226785
GWK60_J07381,3375.5490686528306,0.05899943912061452,0.15523437761900374,0.6695790203484429,0.7343142534360725
GWK60_J07403,8891.636498642118,0.033948998103755804,0.14302626989596942,0.8090664586344363,0.8482200119677966
GWK60_J07425,1304.1227172186564,0.14486128000513201,0.18369735446615942,0.4223746128940899,0.49959100553997743
GWK60_J07447,12721.15813011488,0.6488046218327949,0.1440029719230261,5.4568913048415976e-6,1.5000066270095e-5
GWK60_J07469,1619.5438423097867,1.0843212328156344,0.18231123578515607,1.4099740546298913e-9,5.412580139995356e-9
GWK60_J07491,4012.5532574891677,0.15311841929528153,0.15209357722021788,0.31076223949903103,0.38317919244037274
GWK60_J07513,1209.2404550031933,-1.107043183504057,0.1899847099620676,2.7797273248428202e-9,1.042841635139755e-8
GWK60_J07535,419.6154526711076,2.250104395714561,0.2743552767727083,4.190336920821697e-17,2.537241805665921e-16
GWK60_J07557,963.1922682893057,0.1805925805928633,0.19873628103019325,0.3546496665309122,0.4296764009356868
GWK60_J07579,3751.6007478800957,-1.176795056207094,0.15977277996268804,4.567029341511153e-14,2.359855043912801e-13
GWK60_J07601,1169.4679338632104,-1.8153032319137525,0.1971022093087198,7.860273026244402e-21,5.668404258762334e-20
GWK60_J07623,2023.763495729458,0.5859514937226786,0.16937120537641756,4.826341521338368e-4,0.0010349712487543454
GWK60_J07645,2675.124550837809,-0.032803253112629216,0.1619434715869488,0.835352785295911,0.8714856658866241
GWK60_J07667,917.5798799339226,-0.4406572527804092,0.201568067405341,0.027202488579919682,0.04341556601251674
GWK60_J07689,686.2704350019714,-0.6516505375176451,0.22023255728571445,0.002349602088640836,0.004549449318884784
GWK60_J07711,291.2489508948859,0.370009182015767,0.29504082214334154,0.19006486421288865,0.2500455132477176
GWK60_J07733,2593.9281076998086,-1.2849235442509879,0.1961246082132254,1.6704433678178515e-11,7.426378168448414e-11
GWK60_J07755,1582.8555114968572,-0.8218614733346395,0.17803152532309469,2.71969861123979e-6,7.712621705479361e-6
GWK60_J07777,1442.1972262710908,-0.9220122997643164,0.18167629855874434,2.3910061085337485e-7,7.509719720564108e-7
GWK60_J07799,1911.9585164073237,0.26820247109098844,0.17139810659022386,0.11174228303022239,0.1575119221594015
GWK60_J07821,137.09265364591622,0.1415602006195809,0.3986407309764481,0.7004915240348069,0.7609654809679399
GWK60_J07843,121.46883333112953,0.17930883517748908,0.4075432895031096,0.6357236435850546,0.7049371050955734
GWK60_J07865,1087.856577309336,-0.09848773521195886,0.1915925885139345,0.6016242274450663,0.6746409858799642
GWK60_J07887,2018.5493156535229,-0.6491939967532833,0.17574394801092516,1.7534084980979844e-4,4.026289018655928e-4
GWK60_J07909,2248.4989915398937,-1.2195490013740073,0.17719512694089148,2.4344062317307555e-12,1.1377781910635521e-11
GWK60_J07931,1822.730135599158,-0.1612554341116654,0.17481917379681738,0.3478691124595613,0.42239757595380667
GWK60_J07953,2058.545806266467,0.16172096083126095,0.17220801009232894,0.3414543446206553,0.4158819506140055
GWK60_J07975,1859.8048871467163,0.9645189043185254,0.18479352319737977,1.0287724818768906e-7,3.3383003923887314e-7
GWK60_J07997,2744.0408757485434,-0.433517595848742,0.16366267681243996,0.00822358482764994,0.014473171018460022
GWK60_J08019,2837.1625598428705,0.43454976446501675,0.16622973360918808,0.007949241477138174,0.014025263834496792
GWK60_J08041,1834.5255095684915,-0.01524160299451983,0.17085387211649863,0.9245865661972676,0.9406103234301157
GWK60_J08063,2410.2746575553115,-0.12563476045609367,0.16297424087254891,0.4332847777015608,0.5110092224298194
GWK60_J08085,1974.0746939062383,0.32263954894184216,0.1688178640525474,0.05267790259210445,0.07939988397543886
GWK60_J08107,1432.0620437009452,-0.4483105688750768,0.18082169167948003,0.01156014961128661,0.019794930626906713
GWK60_J08129,2733.5583250822783,-0.5403948440090816,0.16107262693510585,7.19559964081994e-4,0.001499839893587311
GWK60_J08151,4682.099822920397,1.5267565590217549,0.1746295702885937,5.924407738338918e-19,3.9995426953843574e-18
GWK60_J08173,2469.392706317314,-0.14469410415197378,0.16224026169241243,0.3613169596695521,0.4362543281894135
GWK60_J08195,1788.0075260001179,-1.4560729231223866,0.1895981224567363,4.8487252127230495e-15,2.664278739548237e-14
GWK60_J08217,206.4200571015403,1.2581681586582174,0.35352508871514565,1.540287936029831e-4,3.564781974541894e-4
GWK60_J08239,1180.868446442081,0.6649006003535602,0.19272945947521988,4.2664611906001275e-4,9.227706159374908e-4
GWK60_J08261,5239.825654722592,-2.741188907899744,0.1583924957764153,3.8414697592092245e-68,7.932034823117173e-67
GWK60_J08283,1802.7550022618068,0.13630417325076313,0.17218204755118152,0.42288408459018867,0.500021413446573
GWK60_J08305,2187.5834612020412,1.0139747845452616,0.17067305179635608,1.5927795351872345e-9,6.092208844428163e-9
GWK60_J08327,2271.4967805036,1.2858032779572353,0.16802108844002273,8.433586352435587e-15,4.567616542927717e-14
GWK60_J08349,0,NA,NA,NA,NA
GWK60_J08371,1492.4239943091654,3.340541538771993,0.19086840717013975,1.5388622379484355e-69,3.26683766658451e-68
GWK60_J08393,5231.288367784694,-1.031896738691377,0.14943135267566138,2.7768874920955183e-12,1.2921326833817702e-11
GWK60_J08415,13438.066097014942,1.4032514880132887,0.14770411490335206,7.412420341248921e-22,5.5498659948784415e-21
GWK60_J08437,4253.072871520036,1.9815703523296297,0.1635295927492739,1.5501165050064765e-34,1.707065801138382e-33
GWK60_J08459,1846.160096554347,0.8974199390876101,0.17356875331205474,1.4974186198041312e-7,4.782691736727878e-7
GWK60_J08481,3869.001913404316,0.24824728306746227,0.1528915937868768,0.1010073295175615,0.14403149280545727
GWK60_J08503,2439.2149017225647,-1.7132766038990555,0.16627395562272354,1.8085710355426795e-25,1.5031613984085855e-24
GWK60_J08525,1112.6518757637054,-0.03974697265350801,0.1935777413768577,0.8353798465848513,0.8714856658866241
GWK60_J08547,9955.1499301751,-0.7442504504420956,0.14576360637350846,2.484677073899723e-7,7.790037374041481e-7
GWK60_J08569,3844.1724733066203,0.32601939797529234,0.15602190290464574,0.03405042828060425,0.053094561619844854
GWK60_J08591,2240.1971064328004,-0.27176763688015537,0.16504493301355572,0.09422197527104781,0.13526815895783778
GWK60_J08613,2144.7633459768685,0.40006765295550384,0.16801691729145055,0.01572728969473473,0.026291730969755782
GWK60_J08635,572.1470562367333,-0.737248442027243,0.23892642252872281,0.0014356171840083291,0.0028658128529713096
GWK60_J08657,2369.3638790005043,-0.07274783121927393,0.17808802382208477,0.6678549914096246,0.7327275808616179
GWK60_J08679,160.04473259375163,1.3795461856503228,0.39568679301854093,1.7560277664137194e-4,4.0305526588202005e-4
GWK60_J08701,725.3492696474339,-0.7847371672541088,0.21717610530367337,2.0995254600531725e-4,4.7692701254151566e-4
GWK60_J08723,855.8255509480445,0.4702090691745361,0.21226189319551994,0.023426928981706133,0.03781213636558736
GWK60_J08745,249.34947782994763,0.2562582274081597,0.3211704052254424,0.39981778060348955,0.47642849149460004
GWK60_J08767,5719.793739333014,-0.630127665626692,0.15197087757993397,2.7368345062648864e-5,6.905444964255937e-5
GWK60_J08789,555.3637061722543,1.0309239104510985,0.23881875597549776,8.72878089822051e-6,2.3409607218667487e-5
GWK60_J08811,8589.175519382034,-0.4804785947324659,0.14726279669327355,9.337480566195982e-4,0.001915324884474659
GWK60_J08833,2852.577750250806,4.07902978302697,0.1724379174912771,6.586933039744085e-125,2.6179344397058068e-123
GWK60_J08855,3.9119271500389616,0.026899772803616474,0.9890585885466598,0.9071674813040403,0.927163052237656
GWK60_J08877,4786.65617181244,-1.9541148552775154,0.16275801517227714,5.601871149212428e-34,6.067928462036249e-33
GWK60_J08899,15966.915223992746,-5.584989968336855,0.1563326625121636,2.3504724651751582e-281,2.823772147935429e-279
GWK60_J08921,3993.266856607862,-0.6667164150712863,0.1531814176305907,1.0004942475672513e-5,2.6656313470970217e-5
GWK60_J08943,2607.5211809009706,1.056317549640644,0.1832120617471127,3.926764322894528e-9,1.456622891987402e-8
GWK60_J08965,1773.403765108036,-0.5134804234577797,0.17455535118057175,0.0027392216471140577,0.005218578563904486
GWK60_J08987,22.370319371481997,-0.18002639369861115,0.7224675051112524,0.7191843935230031,0.7764546351734958
GWK60_J09009,1698.8367470822016,0.3331706824336859,0.18162730284606252,0.06120227917173226,0.09123385439982423
GWK60_J09031,2676.22162500412,-0.7337133457226962,0.1620285131574223,4.57963478015367e-6,1.2727628521499632e-5
GWK60_J09053,5459.752448468447,-0.17194719900435024,0.15026770597194727,0.2513251088542977,0.3182046767434294
GWK60_J09075,1420.187355091919,1.7145945305131485,0.18551931162359017,5.013112987642556e-21,3.660126416115822e-20
GWK60_J09097,749.1764560663933,1.5275359766604641,0.24281923238492203,8.254318173046827e-11,3.493380773636952e-10
GWK60_J09119,5901.953644056658,1.6539415290920834,0.15220076699570415,4.707961984719806e-28,4.313048015810901e-27
GWK60_J09141,1345.099990168334,0.05875381046063293,0.18211061286679683,0.7469587459037379,0.7992760993617729
GWK60_J09163,22816.258286445664,0.19088486593750087,0.15140371128809443,0.18411246639509882,0.24330462434112307
GWK60_J09185,2658.6383489334467,-0.10772996201502787,0.16667648053453143,0.5142928097146138,0.5903478376007488
GWK60_J09207,4661.8995401097045,1.4058200530228722,0.15622681169000488,7.471873771243564e-20,5.190055815347369e-19
GWK60_J09229,947.8019000901717,1.2819620553720468,0.21804713158625216,1.626972427571038e-9,6.209513539451629e-9
GWK60_J09251,0,NA,NA,NA,NA
GWK60_J09273,542.6107648576515,-0.9261681877600954,0.24904817088547454,1.1610429057716271e-4,2.730103558678301e-4
GWK60_J09295,183.91826329156044,0.2397536358399502,0.34776603723852134,0.4644209142360611,0.5412100865634522
GWK60_J09317,1967.6200837066422,-0.8258478179437134,0.17105874468129909,9.278128702365427e-7,2.781859802649101e-6
GWK60_J09339,2664.3494156960564,1.2048085518983995,0.1691531891755532,4.611364225022138e-13,2.238353654129203e-12
GWK60_J09361,2802.794183641207,-0.6455853420174789,0.16033529830226365,4.4579723518649155e-5,1.0955296072504854e-4
GWK60_J09383,1472.2470026600322,0.25950663898966503,0.18896647862271204,0.16079789805536962,0.21594961613838512
GWK60_J09405,728.0799350046847,0.6103468139185146,0.220668385503109,0.00475919726878546,0.008710913006509674
GWK60_J09427,1507.3141646164008,-2.038497776081666,0.18392319663357967,2.4816752883725015e-29,2.3467147717955353e-28
GWK60_J09449,1098.0358524871901,-0.51571463626993,0.20011666455750798,0.008225010544732105,0.014473171018460022
GWK60_J09471,696.8583927630297,0.2636692930095794,0.21811180654007786,0.2134512629307745,0.27600376121626075
GWK60_J09493,737.4094930990435,1.9973012106478325,0.2370118420737038,6.121585365292406e-18,3.917518188975261e-17
GWK60_J09515,1629.2681766825542,0.2727027261491207,0.17515785522527966,0.11281078542073553,0.15880634134061464
GWK60_J09537,1197.9864238377872,-0.5570007336731939,0.2047907143416315,0.005505179111655105,0.009996694189010266
GWK60_J09559,807.3715187400289,-1.0191890705765012,0.21646772796643926,1.3169317049859005e-6,3.895523778710391e-6
GWK60_J09581,322.76836754399903,-0.05655028427049086,0.2803458627245206,0.83288702150329,0.8700871137680614
GWK60_J09603,1419.7100264612864,-1.8230060613892856,0.18846734495869713,8.630023529125871e-23,6.630567496360371e-22
GWK60_J09625,18941.82640549727,1.9336785019177374,0.14491108649169077,2.661008858463911e-41,3.5253365478296325e-40
GWK60_J09647,1091.340045004493,-0.40821134361808264,0.20185761835803842,0.038358737908962895,0.0592878036803444
GWK60_J09669,842.3115720879614,-0.21215360502910255,0.20622064368310994,0.29338427751013296,0.36472937227623775
GWK60_J09691,2809.8907754853644,-0.12914299937650484,0.15932414471825618,0.4109543574539348,0.487719967108554
GWK60_J09713,35064.894899010054,1.1493918446071258,0.13983878570727004,1.0129202458313929e-16,6.077521474988357e-16
GWK60_J09735,19392.845577621178,-1.3321153067272156,0.14083067984586858,1.2197191647243903e-21,9.042686542402703e-21
GWK60_J09757,758.9246293332485,1.5721536433412935,0.2317928112351826,3.2753796974470992e-12,1.5147556501054564e-11
GWK60_J09779,7100.435401508361,-1.9749487230616465,0.14755751336494874,1.1682511403906877e-41,1.5633862096468797e-40
GWK60_J09801,450.0123087304989,-0.605998627029155,0.25395106098508285,0.013380742151857335,0.022662801350438282
GWK60_J09823,1189.9318602231265,-0.9007422973904411,0.19682560597707746,2.879524854870457e-6,8.14837707861094e-6
GWK60_J09845,2115.149369854714,-1.630558890580711,0.17731712400587507,9.646049586441324e-21,6.93728137604474e-20
GWK60_J09867,1888.4938840092793,0.22336652424477305,0.17408157735188892,0.19422638186234362,0.25501258184906817
GWK60_J09889,1805.2174642551522,-0.4423315445452032,0.17690301480481332,0.011321531018848564,0.019418298618857247
GWK60_J09911,1457.3668208654426,0.5081635705132203,0.18083066004609064,0.004264828267578795,0.007879721154289239
GWK60_J09933,969.3365199256614,-0.30821046422532766,0.20152770148790322,0.11892427268456075,0.16617332947676133
GWK60_J09955,21864.118969161722,-5.821751513369149,0.1443792163471844,0,0
GWK60_J09977,238.58518423796565,-2.9176591922787307,0.39086768192992044,4.4275379699161154e-15,2.4379130946850608e-14
GWK60_J09999,9887.42550811048,0.8944401312879644,0.14618555985338477,6.01211901657891e-10,2.376967922336284e-9
GWK60_J10021,760.8840451515091,0.1914061044311835,0.21234856084815387,0.36048407662293963,0.4354914202061998
GWK60_J10043,937.7281643805431,0.05820227810632427,0.20055270801505307,0.7667158843924198,0.8135006352666261
GWK60_J10065,530.45974976783,-1.4992151199702841,0.24784266758112106,4.702150050450819e-10,1.8815719278336887e-9
GWK60_J10087,1186.3956627014543,0.003420761885466824,0.2013064155785636,0.9895706083185636,0.9910705258756967
GWK60_J10109,1211.9921034258655,-0.27154225046282915,0.1954855640920776,0.1543899584139244,0.20882940639099395
GWK60_J10131,1379.5219410608377,-0.2614966413237417,0.19699616554728805,0.1832654946490578,0.2422459126568941
GWK60_J10153,1005.9255485026671,-0.4931623296810761,0.19724675807437644,0.010723274860235006,0.01847562937131755
GWK60_J10175,745.3147837476565,-1.0421603099068446,0.2233287640509733,1.7441368075828323e-6,5.076821126036812e-6
GWK60_J10197,17079.199481008305,-4.883218552538134,0.14349280180367374,2.1816408397221207e-255,2.0593131212091302e-253
GWK60_J10219,9208.097416635344,-0.4397559094641299,0.14983786860756332,0.002739605659257463,0.005218578563904486
GWK60_J10241,1031.9978401485353,0.01392986234316178,0.19422055794938947,0.9438002992161485,0.9542790308525176
GWK60_J10263,2928.624956496114,1.285043114449503,0.17354702977428182,4.615806708376878e-14,2.378085210573117e-13
GWK60_J10285,1458.145700291651,0.18047277725383773,0.1802043998976219,0.30983857034430606,0.3822185957619607
GWK60_J10307,1818.7053221762767,3.599502504774643,0.18569279118345963,8.614443433824981e-85,2.3232626526121862e-83
GWK60_J10329,1238.3439804781692,0.4463503089338348,0.18663809707764828,0.014997750062887652,0.025135734569570113
GWK60_J10351,620.5181249176001,1.6049058376049938,0.2476009640440497,2.3939424697127387e-11,1.0562921448164888e-10
GWK60_J10373,486.2561293075722,0.12616236968603778,0.24285829098494482,0.5990330579642869,0.6727190874015765
GWK60_J10395,4338.430398471958,-0.39450232392843143,0.15123690038169207,0.00825719095432882,0.014519541742521144
GWK60_J10417,315.6281945487453,-0.1629361348283206,0.28340958944123706,0.5472876930906014,0.6242906227183684
GWK60_J10439,783.3997691459269,-0.4663953895446336,0.21345088261483405,0.02489719841096422,0.04007508855065678
GWK60_J10461,3040.441830678844,0.04847795982314605,0.15948453222653045,0.7605438323932987,0.8083579342693682
GWK60_J10483,2744.918247795267,0.9534821476748468,0.16246990600179828,2.6620095245001334e-9,1.0008095552281441e-8
GWK60_J10505,651.150178595138,0.8957843789928366,0.22855022208976286,5.5528562363273056e-5,1.3501563047482124e-4
GWK60_J10527,1187.90428820514,1.1061534439439333,0.19420341635785623,6.275475916208344e-9,2.2893144025588202e-8
GWK60_J10549,6346.352917868283,1.075760100868408,0.15442502211110648,1.6705038139265703e-12,7.905356455161909e-12
GWK60_J10571,4519.90446293161,-1.0070983700853668,0.15205956990842592,1.9857873756475873e-11,8.806100727913712e-11
GWK60_J10593,214.38381827815078,-0.4818809148775024,0.33295558695003885,0.12387940698025247,0.17227743891018535
GWK60_J10615,3051.703544030382,-0.7405479826739769,0.15866489996510855,2.207943490798018e-6,6.346486836518936e-6
GWK60_J10637,2564.7119262915016,0.9926485845254671,0.17508589731698207,7.966863708296965e-9,2.8745966936558196e-8
GWK60_J10659,173.18628963105093,1.2553538437394107,0.38023430937785424,3.89239624420252e-4,8.467163188005975e-4
GWK60_J10681,1249.4053372170733,-1.7735192911249247,0.19511701297870881,2.361934636605087e-20,1.6758639582677166e-19
GWK60_J10703,627.4288013756802,-1.438404163551531,0.23263532211631685,2.195642323464528e-10,9.004007231833588e-10
GWK60_J10725,1362.4603077792767,0.05137748598605147,0.18305610981911885,0.7765251152086553,0.821106573113213
GWK60_J10747,1623.4195889390562,0.003911079976013205,0.17802723955562746,0.9837049026482476,0.9866914829978437
GWK60_J10769,722.9693361792829,-0.301980824027006,0.21476875272972065,0.14943273514121738,0.20290301514422684
GWK60_J10791,464.347824289027,-0.7875619116893906,0.2574515631211027,0.0014790134203245256,0.0029457667444745448
GWK60_J10813,535.8348079483094,0.2103366470837127,0.23685549772220535,0.36052032819188995,0.4354914202061998
GWK60_J10835,2464.434573103603,-0.3998826706240086,0.16294886282087975,0.012782592294589631,0.021733284937021806
GWK60_J10857,1008.3670012110395,-1.2217548824056348,0.20433904231007796,1.1520586339403877e-9,4.461378709896622e-9
GWK60_J10879,275.46846433241694,0.3464134876108953,0.31649360092908485,0.24678776898984717,0.31336059257274373
GWK60_J10901,1659.0520709406817,0.034408008530046386,0.17413727555963057,0.8434471307178059,0.875925644985132
GWK60_J10923,6269.3855119834725,0.8776393147007303,0.16536282321843582,6.661772957281554e-8,2.198135571297771e-7
GWK60_J10945,1100.7397637048757,-0.6330714001664611,0.20673614678493873,0.0016711093367304194,0.003304707801704825
GWK60_J10967,1903.2371528697545,0.6224048014623053,0.22013618449861952,0.003287400073415614,0.006184055796467949
GWK60_J10989,1222.92298721984,-0.5650160121823408,0.19250573960701714,0.002712408870621224,0.005174230707363331
GWK60_J11011,27148.0088078191,-4.554760120023362,0.15205511582194253,4.966632945150056e-197,2.9833661077344543e-195
GWK60_J11033,387.6434260811457,0.9716186551638709,0.2741226736059607,2.2751179892874086e-4,5.135044274711035e-4
GWK60_J11055,1613.26939985237,-0.19426363642640915,0.17588258457575048,0.26279794019426245,0.33035669723350086
GWK60_J11077,730.9770547091002,-2.4357405397529104,0.22630202223912568,7.26959750517546e-28,6.636803525450343e-27
GWK60_J11099,3750.0874384003755,0.9126336528202509,0.15500587493597828,2.06980349080855e-9,7.837379120640397e-9
GWK60_J11121,324.90023105826083,-0.4513959665308909,0.28374311177160005,0.0970823722636898,0.1389594962864512
GWK60_J11143,1608.7952072465096,-0.7832220048104003,0.18051212838836234,9.819465034725e-6,2.6228242634439796e-5
GWK60_J11165,6.791087656340051,0.051160525146915714,0.8967298779057036,0.9017981400387122,0.9232820004347535
GWK60_J11187,71.52829112888159,0.08377665098150479,0.49379227689041466,0.8491879279749297,0.8808491733272131
GWK60_J11209,516.5397295136627,-0.6963047192097925,0.2427957894500035,0.0030409528721539025,0.00575527278274455
GWK60_J11231,4792.006617258705,-0.4077310301207271,0.14972754935187543,0.0058912336350770075,0.010646516579493013
GWK60_J11253,5343.319604226547,-0.23774039984634052,0.15297929616191233,0.11559180765824342,0.16224596263448612
GWK60_J11275,1070.8508174762176,0.794169671824919,0.1974661273056283,4.00480364727436e-5,9.878391077691212e-5
GWK60_J11297,3696.6934763575964,-0.4358853471313738,0.15426478730003215,0.004235996479882808,0.007834666687424954
GWK60_J11319,1221.6571004943066,0.9644493550135339,0.20319260065349468,1.1522830922892101e-6,3.4257415218451994e-6
GWK60_J11341,36862.83846148524,9.7957293882413925,0.1863127873600008,0,0
GWK60_J11363,686.3334870219161,-0.23406075701440726,0.21836576408888936,0.26973030395659525,0.3381865243630367
GWK60_J11385,1400.4878669070515,-0.43737982342105614,0.18205351826718713,0.014572781397935573,0.024493393472015082
GWK60_J11407,8.356883219212696,0.5658958756626778,1.0795648802379967,0.17170431529276128,0.22877540810428112
GWK60_J11429,1439.8962947530374,-0.38209127063990866,0.18009060275716957,0.030120726805741318,0.04744283727507408
GWK60_J11451,1801.3399685904894,-0.3666804529606972,0.17245022866480025,0.031131769759673127,0.04896237279072661
GWK60_J11473,1648.273199874002,0.5296420537831698,0.17786697600833448,0.002476534334907506,0.0047638138625622556
GWK60_J11495,1624.6908996370692,0.7882418315981409,0.18425089672067238,1.2970820895524336e-5,3.392566019482516e-5
GWK60_J11517,1085.931338736934,-0.3072903098731221,0.1959087564898134,0.10907722555757814,0.1540016598016448
GWK60_J11539,20436.52817641304,-4.396974782149617,0.14223607983744452,1.5323494968755584e-210,9.999999309239755e-209
GWK60_J11561,22134.122131267763,0.2117646220836679,0.13830596526156338,0.11698309758711731,0.16393760706402496
GWK60_J11583,326.3780551218696,-0.6335579174788526,0.2863854131377007,0.020544990428834096,0.03356020377219315
GWK60_J11605,538.0912944282574,0.7813443482349529,0.24018431103554452,7.856911363818853e-4,0.0016274151045903786
GWK60_J11627,2381.455878314812,0.9359173144484021,0.1650260191988116,8.787282606811786e-9,3.1619861034450034e-8
GWK60_J11649,1202.8260419225594,-0.8425518775199393,0.19028454504490724,6.2380122364715985e-6,1.698821879546052e-5
GWK60_J11671,3019.9414025731694,0.47193663893782983,0.15820665774621098,0.0023141214163861514,0.004492268015797721
GWK60_J11693,2338.8806794996467,2.0568878712417913,0.19806609758496077,3.104053553192826e-26,2.676676522378022e-25
GWK60_J11715,1554.3203543067352,0.03745522188162259,0.18369492237335897,0.8394376759951643,0.8743482126145161
GWK60_J11737,175.95998905531374,0.652897509709313,0.3918118447354976,0.06791407396503912,0.10027759636290413
GWK60_J11759,5.79634914953421,0.31080915105026924,1.0557724562171753,0.3632899115836908,0.4383361042299451
GWK60_K00011,3.7034690876088945,0.0847051635335343,1.0057082200770457,0.44972988231477495,0.5268776945735595
GWK60_K00033,0.17048494933189154,0.05673870770012697,1.0164341323484167,0.8415973715063674,0.8743482126145161
GWK60_K00055,14.843124266105765,0.3902184154080407,0.8275690517018927,0.45820103292239656,0.5351415510445842
GWK60_K00077,5081.312951892325,2.899596218289882,0.15390164908007134,4.1966707233173274e-80,1.027018585345157e-78
GWK60_K00099,782.783252215072,0.7306209540531782,0.217243324399844,5.649007441983266e-4,0.0011982605673484569
GWK60_K00121,3167.8009091561757,-0.3472181718959058,0.15835126195934857,0.02573630288013383,0.04127490807778745
GWK60_K00143,3818.5401708928753,-1.0302116743126244,0.15574083463290542,1.3117121024424491e-11,5.866083057115725e-11
GWK60_K00165,14086.421025473473,0.6860441708624088,0.14625560865859608,2.0390440039680777e-6,5.8898287458881195e-6
GWK60_K00187,708.4102539607161,2.952931235455843,0.2415778696263709,2.2922362223521582e-35,2.583531059990087e-34
GWK60_K00209,926.7717790216855,2.241202591478351,0.21001322982263476,2.6521600297764395e-27,2.3522345498990367e-26
GWK60_K00231,529.55043956903,0.26616654881299034,0.23676219461706527,0.24843131926521403,0.31514469729683736
GWK60_K00253,3552.2649718863704,-0.6143278141059676,0.15740862753312906,6.582966131248163e-5,1.587479880008111e-4
GWK60_K00275,1472.395979435174,-0.8547312921817032,0.18411631324948277,2.157846864314412e-6,6.2227924303142295e-6
GWK60_K00297,705.5485535606269,-0.267893796732479,0.23039428328623254,0.22993326793986735,0.29500661512867443
GWK60_K00319,1369.1015202772915,-0.5067869046687081,0.183093536497628,0.004904955907752481,0.008965282478692813
GWK60_K00341,2998.6961178518463,-0.9582992351752647,0.1718509941587721,1.435872319088493e-8,5.066769745461799e-8
GWK60_K00363,2864.847232019297,0.3106945703888715,0.15968976460250356,0.04951570600136326,0.07495418726323201
GWK60_K00385,1724.695305277645,-0.269131490422809,0.17789159310703082,0.12329917537491628,0.1716059613037934
GWK60_K00407,0,NA,NA,NA,NA
GWK60_K00429,991.2554102401054,-0.9638593658862622,0.21926021126224415,6.211408112426031e-6,1.6924486227981444e-5
GWK60_K00451,809.2098876195158,-1.4109444981887356,0.21354030897783385,1.569852834919193e-11,6.996831437928207e-11
GWK60_K00473,918.3767564913164,-1.4318076226503722,0.20890629433719882,2.4605803612043797e-12,1.1489953877496777e-11
GWK60_K00495,1563.3468625430346,-0.4881842755497827,0.19269365379145206,0.009475832356043176,0.016498435386707585
GWK60_K00517,725.9278676482799,-5.4160725868294275,0.2893861965313622,9.733459326630697e-80,2.3493637443182584e-78
GWK60_K00539,1640.3978092837006,-0.7501610968796422,0.17603840786070513,1.652937241642475e-5,4.2663214156846304e-5
GWK60_K00561,1595.141883255256,-1.5236628609574012,0.23995305180564053,3.578841680633314e-11,1.5595842641242947e-10
GWK60_K00583,912.063824443343,-0.49640906082840136,0.20244006498520112,0.012208194674814299,0.020810228007439015
GWK60_K00605,2108.771212497693,-1.5273205600079645,0.17593507178019996,1.1594292593608253e-18,7.709110773561412e-18
GWK60_K00627,1624.4792517632131,-1.346352977647582,0.20141341808814642,7.018584539834176e-12,3.192791555728352e-11
GWK60_K00649,8772.17172374959,0.7126111412146415,0.16485676674784042,1.0734888757704502e-5,2.8400711698311313e-5
GWK60_K00671,2095.9745401909495,-2.320117066215854,0.1789866086491091,2.5630987603619367e-39,3.256860588286827e-38
GWK60_K00693,2861.8072073379417,0.3124605900461514,0.16166720428508258,0.050607492092527934,0.07654111679573752
GWK60_K00715,240.78249233387717,1.5284212690484478,0.33376218374337974,1.4822818041244995e-6,4.350550592227709e-6
GWK60_K00737,2498.892754672029,2.024615575132004,0.16625444749907595,8.631198573250187e-35,9.544877752761609e-34
GWK60_K00759,5696.4686305486475,-1.2865107585844808,0.14873032038048686,2.245552355959298e-18,1.470878532044715e-17
GWK60_K00781,246.98927719180392,-0.30855030239668196,0.3153183329745032,0.3000744159403835,0.37182216658716993
GWK60_K00803,2508.7147059743406,-0.3974614254658511,0.1626890897307294,0.01301484625824027,0.022106837185429967
GWK60_K00825,2551.8033097004563,-0.02890268152100602,0.16189369759594624,0.8550209511711676,0.8855095509190424
GWK60_K00847,2012.5865157459712,-0.833803206212254,0.17028165193335734,6.50952898524741e-7,1.978687188960196e-6
GWK60_K00869,915.259990427674,-0.6974999288028959,0.21145764471104314,7.074096794560587e-4,0.0014756778080523782
GWK60_K00891,2317.7163524938287,-1.0344117940342317,0.17364089796350965,1.1476783664265439e-9,4.450937523793625e-9
GWK60_K00913,1338.4402852439425,-1.4581790270607873,0.2152550199545764,3.0534946119259362e-12,1.4158572384772367e-11
GWK60_K00935,1033.9550771710406,0.23043595039888606,0.2025935300637353,0.2454904746320067,0.31208817914978054
GWK60_K00957,0,NA,NA,NA,NA
GWK60_K00979,5613.890846334392,0.28835385256313073,0.15722834512874145,0.06066356530677593,0.09055848805750284
GWK60_K01001,846.4943091918396,1.1790810736962882,0.21087797203598826,1.0741602362538607e-8,3.8390879032034535e-8
GWK60_K01023,1080.861332106243,-0.149031447372223,0.19937616883831072,0.4439047875276294,0.520745829310042
GWK60_K01045,1841.926806320607,0.38782824207880745,0.1720338550867025,0.0221605371456994,0.03594372487025684
GWK60_K01067,1810.3482742190681,0.4656249363555639,0.1842662086234808,0.00989082204834173,0.017158807137359497
GWK60_K01089,625.2170095075344,-0.10531980283815728,0.2249806826269823,0.6295239768453278,0.7001186075330113
GWK60_K01111,359.01654615714665,-0.18787670729730666,0.2737777350288289,0.478156469336245,0.5546489130812796
GWK60_K01133,415.1633488805107,-0.06096723981177882,0.2562701078131578,0.8038487188007919,0.8445923926815715
GWK60_K01155,3644.9850046729875,0.5506133825132403,0.1545155773252646,3.045244719359655e-4,6.72396139788435e-4
GWK60_K01177,2709.9174969743567,0.29670830902019985,0.16983040319076564,0.07607119161835664,0.11138845398743302
GWK60_K01199,4812.453125949429,1.6927798876834537,0.15765605875023686,1.7630793514502005e-27,1.5769268107894689e-26
GWK60_K01221,267.25551706086765,-0.21641411610105035,0.3036039081556934,0.45313304131300053,0.5305119061750877
GWK60_K01243,531.5503544600537,-0.5253253280677485,0.24308526243352674,0.025583773764538145,0.041042739945174093
GWK60_K01265,578.2133329911235,-0.060251120265351704,0.23092524324234365,0.7925141625196508,0.8353399527575024
GWK60_K01287,271.71825425885606,-0.5092518213044285,0.3068499343562473,0.0804382191717572,0.11723088683261884
GWK60_K01309,1253.4181844540017,-0.8501233256314513,0.19103569527999417,5.4278768174767e-6,1.492807328677515e-5
GWK60_K01331,321.4032879773977,0.2979791009781863,0.2817693516205866,0.27112893415133343,0.3396179018777129
GWK60_K01353,1564.6415315311303,0.6629687994860807,0.18024406329938347,1.8246038127284214e-4,4.17707048682652e-4
GWK60_K01375,512.6093117928077,-0.4769067521218361,0.24071529285613494,0.04126613271095294,0.0632452239808922
GWK60_K01397,1274.3863471966297,-0.8976181928212359,0.1965779197454223,2.8934082876936363e-6,8.183283150748294e-6
GWK60_K01419,566.917229474722,-0.21439853558448532,0.2315799663856698,0.34029198342341566,0.41456174795486866
GWK60_K01441,8158.9501824283525,0.25585857169736276,0.148629772988536,0.078645893085274865,0.11477697152091743
GWK60_K01463,904.5027121355098,-0.05696220616514008,0.20289943411713784,0.7699621243085291,0.8157987149919592
GWK60_K01485,1217.0679490963382,1.8655743607429962,0.21858560069903787,2.1998804439400262e-18,1.4427503755169948e-17
GWK60_K01507,1666.2553214858694,-0.32661899941347833,0.19674722442393128,0.087762234165062,0.1267170635882321
GWK60_K01529,10206.593473296365,0.16059269425961875,0.14432794521298106,0.2572097917442373,0.3243346753721466
GWK60_K01551,2932.888880138561,0.5502513368260178,0.16799362545629673,8.847625883217637e-4,0.0018190801407502307
GWK60_K01573,6466.713741963571,-0.33028405147875467,0.15049521660768905,0.026262165246327022,0.042054470006690284
GWK60_K01595,11257.158575031419,1.1567818040148172,0.14253395735200083,2.3667417785003715e-16,1.3931622540259425e-15
GWK60_K01617,2595.5133244745857,-3.0194106745629368,0.17324471806108163,5.377705382343239e-69,1.1191555374435574e-67
GWK60_K01639,2693.5544609389976,-1.496208379254527,0.1691842809905865,2.469465662687388e-19,1.684334902318133e-18
GWK60_K01661,787.8160457509374,-0.8612791504575591,0.21274664012403324,3.2432357877003365e-5,8.090488142418112e-5
GWK60_K01683,6323.932029021136,0.034729849730619176,0.17198111912118208,0.8281039107328199,0.8654324381442637
GWK60_K01705,5259.368958920416,-2.0469745743108163,0.15864963524921508,7.00907770925718e-39,8.753524949969818e-38
GWK60_K01727,1043.9133822456906,1.077179293539564,0.19984584233698113,3.6921027403266836e-8,1.2542708923757615e-7
GWK60_K01749,105.56421279226153,-0.26386102697711616,0.47946871730988605,0.5183021598591914,0.5945627641093068
GWK60_K01771,7231.615599298892,0.4126721020060738,0.14643300891468308,0.004244398626021344,0.007847461048320679
GWK60_K01793,419.8989955031945,0.9114574558523747,0.26221810202990936,3.137017578768675e-4,6.915043753699423e-4
GWK60_K01815,803.3631764162488,1.3004728812155921,0.23900061153716623,1.827021138268705e-8,6.387323900058448e-8
GWK60_K01837,3046.114284155602,-1.4071559749182818,0.16094468615504348,1.0635223291091505e-18,7.098205848069405e-18
GWK60_K01859,701.9825061423337,-0.0439140216941202,0.22286990407028098,0.8379342227620847,0.8734609153067205
GWK60_K01881,1228.5407178310086,0.566463202748043,0.19728633313520066,0.0033376251727261384,0.006267384249744358
GWK60_K01903,0,NA,NA,NA,NA
GWK60_K01925,10839.920865127435,0.1338240269151204,0.14684508289946455,0.36878636349625854,0.4436561578871907
GWK60_K01947,1589.3749005639404,-1.0671371130205967,0.17828563182504686,1.0708376993557544e-9,4.155982436706694e-9
GWK60_K01969,21030.186332730802,-4.3153411685043706,0.16745917483121153,8.02004940929308e-149,3.718770278730107e-147
GWK60_K01991,2122.5123077166954,1.4521106493771598,0.1849093081681813,1.2378647077388396e-15,7.013239919729374e-15
GWK60_K02013,1514.6246572960802,-0.4508312615039322,0.1785793989079967,0.01019736322586163,0.017655834265281552
GWK60_K02035,270.21514241808615,-0.3898913494949272,0.31673052428415605,0.1915745009920365,0.2518435245570517
GWK60_K02057,794.4148153225398,-1.3064159996104079,0.21399298278546178,4.1658048253062373e-10,1.677109238885664e-9
GWK60_K02079,1090.6332965674455,-1.506035831089146,0.19665256637397655,8.782156415679937e-15,4.7476573717401096e-14
GWK60_K02101,8333.36411857159,0.3329803101606149,0.14500702624098266,0.018973540297989883,0.031205393284123997
GWK60_K02123,1482.370906525019,-0.5627077648311202,0.19566699092127335,0.003504810675309501,0.0065673269158759385
GWK60_K02145,1914.7653725255632,0.35908978207358205,0.1937764403661899,0.05804910429603976,0.08685184412931395
GWK60_K02167,1829.609345787725,-0.26483266520546783,0.17190076008498723,0.11739876768276034,0.1644209559881741
GWK60_K02189,2087.490640040757,-0.2044362335001299,0.17097436264765414,0.21292237308451262,0.27552887680439253
GWK60_K02211,1312.8922722130121,0.6521930365762891,0.18513646661068855,3.355488702696774e-4,7.375099077943927e-4
GWK60_K02233,950.0079180775872,-0.11598356522510771,0.20711046519310738,0.5665227514076342,0.6423507644660563
GWK60_K02255,999.0420672304098,0.451808324070546,0.20018032586127502,0.021242154832617585,0.03461344958237255
GWK60_K02277,1531.2480806424264,-1.1641721791524116,0.1801918581879075,5.180562800458204e-11,2.226378452294477e-10
GWK60_K02299,1655.8610961487511,-0.5444374389369793,0.17516944099100043,0.0015262837752061836,0.00303419933649488
GWK60_K02321,1772.4357225954727,-1.4033764800938875,0.1752386361538723,3.981576461636977e-16,2.3204645177743175e-15
GWK60_K02343,2317.010750925091,-1.4506712113559417,0.16738028752446046,1.5607823337481043e-18,1.033871606039158e-17
GWK60_K02365,304.30397153832644,2.28768150536292,0.36094422200728427,2.0014489834571553e-11,8.868113433826087e-11
GWK60_K02387,2082.1022233093217,-1.3760034163517936,0.18504363501001,2.870107739996124e-14,1.4991491614248528e-13
GWK60_K02409,975.8672862987823,1.1357013896495227,0.20246620962861792,1.051985470715705e-8,3.76492565890536e-8
GWK60_K02431,750.7948406894943,0.458489092632214,0.21338850149896077,0.027722563306120492,0.04412570600305719
GWK60_K02453,0,NA,NA,NA,NA
GWK60_K02475,3591.3452290881537,0.7992797984681725,0.15916188923145572,3.966554151924054e-7,1.2232908545548744e-6
GWK60_K02497,2033.0351731916712,2.580917243315698,0.17576250041295174,1.3619565945219823e-49,2.1554798079770057e-48
GWK60_K02519,1153.332716977211,-0.2816302353466807,0.19022319808048627,0.13101447332565452,0.1810568643135712
GWK60_K02541,3326.5156133095966,-0.2481076766498928,0.15567016033158465,0.10329859578492111,0.14670509868863327
GWK60_K02563,36.40585295949624,0.6408586074390854,0.6777635837642111,0.22247691122697658,0.28655286372948297
GWK60_K02585,1358.016949353696,-0.6518057712439813,0.18904297258302477,4.356659017510541e-4,9.415085677252951e-4
GWK60_K02607,2721.9727317084385,-1.9029296527027597,0.1685996535876459,3.319066149003658e-30,3.201566361976886e-29
GWK60_K02629,2360.247039310611,-0.46442923002856434,0.17712665694287116,0.007241185413929157,0.012844599361754874
GWK60_K02651,2234.4262279019035,0.020458593169442783,0.17385414805865154,0.9006070952894982,0.9224199003488254
GWK60_K02673,988.2454601501785,0.20850441305806414,0.19679897975185526,0.28104445486569335,0.3508741115777173
GWK60_K02695,2150.3081927285734,1.0119566843747319,0.16883368692701278,1.029548199667816e-9,4.001611605473584e-9
GWK60_K02717,4706.728757330158,1.2917101155131645,0.154626447152676,2.7725118877445065e-17,1.694277206776585e-16
GWK60_K02739,975.9312045079106,3.19664969514638,0.23111082855196496,9.743147042551272e-45,1.4148976721682973e-43
GWK60_K02761,649.6867081801843,0.8153843409965792,0.22521037236912617,2.148958876894468e-4,4.8690084111719495e-4
GWK60_K02783,1463.7101281809091,-0.8145532456243342,0.18071971201232404,4.418765491939799e-6,1.22934707317862e-5
GWK60_K02805,1610.8398675093017,-0.3237296603570584,0.18087326089178044,0.0681652897298557,0.10059232873032305
GWK60_K02827,328.2220094481422,0.6146032405942019,0.28952222998505384,0.02630914967270004,0.042116948870349
GWK60_K02849,790.4118046139295,0.4413975440861832,0.21005477209566273,0.03144254171461304,0.049421729260613896
GWK60_K02871,1648.0446172915476,-0.6021869092625086,0.17558121212796532,4.7229081934319804e-4,0.0010148492971740427
GWK60_K02893,3658.9461582445474,-0.0014536990004860731,0.16012257046358497,0.9914163970403257,0.992543006582417
GWK60_K02915,1443.8854238426377,3.5153884336815358,0.1942463504984456,4.116240208999246e-74,9.33838873166095e-73
GWK60_K02937,527.9114224823822,-1.1117263375062183,0.2515800684781689,4.7146321250206304e-6,1.3082176069742285e-5
GWK60_K02959,448.9372750929039,-0.032085530151912386,0.2503179202509493,0.898550749076202,0.9212117975221501
GWK60_K02981,12886.35504617737,-6.1245258192417165,0.1673225188437791,4.119669962950501e-295,5.583737288245218e-293
GWK60_K03003,268.07882327158853,-0.2507944316172311,0.30072091557118474,0.3816908186345426,0.4570474378572079
GWK60_K03025,778.040398232087,-1.4150180769698129,0.21666486063468143,2.532290209847009e-11,1.1126921071696832e-10
GWK60_K03047,275.63718386658707,1.932484948065928,0.3244918941274912,5.507923674236909e-10,2.189089063309496e-9
GWK60_K03069,979.1401068649267,0.24100137225982313,0.197129342654103,0.2126171411311661,0.2753293013276198
GWK60_K03091,1458.5728282968246,0.9474544851438325,0.1822610483197779,1.2251856805617079e-7,3.9586378407391126e-7
GWK60_K03113,4714.599768298958,1.6386847107020952,0.15415932032593854,4.635869043152128e-27,4.077404952096863e-26
GWK60_K03135,6390.066092495279,0.5134341821287867,0.1475365906166087,4.3395387426867465e-4,9.381923024066315e-4
GWK60_K03157,0,NA,NA,NA,NA
GWK60_K03179,1391.2905841592326,-0.10359499420839384,0.18327614783487367,0.5634796383872822,0.6394489842239532
GWK60_K03201,10.960293217192998,0.7569096709491797,1.1400532524014815,0.12576818111643376,0.17467435769350206
GWK60_K03223,4967.127985836821,0.7674345558251578,0.15527610220369759,5.47245030127247e-7,1.6730695368725434e-6
GWK60_K03245,3840.835637046924,-0.4014600138965206,0.1534453225346974,0.00808629495492535,0.01426231402460307
GWK60_K03267,10994.262863318463,5.2553955201376334,0.14980588516620505,1.2034678251130928e-270,1.3829415051190888e-268
GWK60_K03289,3498.237467641563,0.494018950054419,0.1577833267684361,0.0014409276143504725,0.002875327810289391
GWK60_K03311,2738.6951543795076,7.160010972045399,0.2572050389950469,6.303680532893412e-172,3.365783363320664e-170
GWK60_K03333,11114.542407679062,-0.874482859388209,0.14923788302158042,3.034321579354005e-9,1.1367415923788285e-8
GWK60_K03355,5329.251111442565,0.30183661829699304,0.14908050680082205,0.04104936184104834,0.06294950005563722
GWK60_K03377,2975.5718403014234,0.6743020883771934,0.15896854774419042,1.9288439086239745e-5,4.9422534663045705e-5
GWK60_K03399,196.79467661677748,-0.11439842908405531,0.3370482847325451,0.7172301665762748,0.77531260951374
GWK60_K03421,1477.6783240652271,-1.1332455487345203,0.181542048496087,2.0175560815770796e-10,8.299456379156764e-10
GWK60_K03443,1588.1467631434757,3.0613316611584414,0.1910113359094124,8.414526436386042e-59,1.518060980980772e-57
GWK60_K03465,1717.8841130170294,0.5199302062798085,0.17463596871009324,0.0024132506813836934,0.004655636168538031
GWK60_K03487,523.7509208494139,-0.04530403170761761,0.2468976996536898,0.8442997719991406,0.8766290310039493
GWK60_K03509,3330.7318610978864,0.47510189229033484,0.1562864196181887,0.0020916830596760133,0.004081445793077669
GWK60_K03531,1853.8932444635766,-1.1442322782528072,0.17415974119433159,2.4224645876569865e-11,1.0662071449088118e-10
GWK60_K03553,95.08896250612923,-0.19664842881188782,0.48510816261172135,0.6349719464310417,0.7044300829288245
GWK60_K03575,2670.0869053612246,-0.7647955009620695,0.17428511965474558,8.555836639643194e-6,2.296909724588823e-5
GWK60_K03597,4228.785347526941,-0.9507254579772005,0.1531564698486085,2.919829596867283e-10,1.1872476345415737e-9
GWK60_K03619,806.3479079391476,-0.15329609617961157,0.23116265175198614,0.49308047114363296,0.5695181377562109
GWK60_K03641,617.2176534912032,-0.19538822196183542,0.22535615202593262,0.3700649719529361,0.44488593171326357
GWK60_K03663,1433.0538386759217,-1.1404643696771573,0.18392160577491568,2.6005158843068457e-10,1.0598555870814176e-9
GWK60_K03685,2866.567378590454,-0.3797007855071543,0.15908987066196947,0.01572657598671276,0.026291730969755782
GWK60_K03707,812.230749363353,0.4711906690894325,0.21748851778795913,0.02618299718225454,0.04194040094102955
GWK60_K03729,2919.015009971575,-0.6736590378120222,0.15924390346604103,1.7339450722624823e-5,4.4579930213907985e-5
GWK60_K03751,114.48481503492869,0.10363390452685495,0.4234115446989518,0.7894097610887681,0.8325658414036768
GWK60_K03773,23.103911252061042,1.6063410917889298,1.0752894701137328,0.02217269688259424,0.03595241586545802
GWK60_K03795,1451.161984394885,-0.8144634318786766,0.18490362312760525,7.209266173688074e-6,1.9515284450911896e-5
GWK60_K03817,1748.7263533036987,0.7017533654660723,0.17620671476451535,5.136953994594649e-5,1.2548030875890624e-4
GWK60_K03839,1062.9855819433078,-0.04653623444114907,0.19344669717246527,0.8041643814173942,0.8447216009357228
GWK60_K03861,220.271165730591,-0.2755206841020314,0.3248200154864788,0.3681858312066114,0.44325882453925586
GWK60_K03883,635.2640849973372,-0.4068065495892559,0.22946432340428233,0.06768805537836492,0.099971796795204515
GWK60_K03905,4557.041740259525,1.5010081569106641,0.15662433527785832,2.3385991074577302e-22,1.7634571871642742e-21
GWK60_K03927,1037.2508056024321,-0.0993452972911232,0.19391339601921992,0.6014247564025794,0.6746409858799642
GWK60_K03949,0.3409698986637831,0.06672701140273021,1.0183305846086295,0.7532955260769654,0.8028915818589876
GWK60_K03971,1431.0475332571511,-1.3428917666077131,0.18353007834252055,1.030957494606569e-13,5.205006032942048e-13
GWK60_K03993,5619.999864939095,-0.2890379924791078,0.15771285367773027,0.06273605668668779,0.09325725411862532
GWK60_K04015,2064.3471373938405,-0.7208920313474089,0.16914856655993527,1.3705133978807781e-5,3.568735872511228e-5
GWK60_K04037,1147.4162430990668,0.8586322151827286,0.19357382666692888,5.985531765560038e-6,1.6359628186530694e-5
GWK60_K04059,436.0167667415715,-0.4602982721161886,0.2546998950045286,0.06132007535299366,0.09135792511722787
GWK60_K04081,278.9190612726677,-0.4656046689577108,0.2997932548515126,0.10316096613201294,0.1466278211814521
GWK60_K04103,16044.923440596305,4.113852786025538,0.14616527175842256,2.1149820616350402e-175,1.176820545031876e-173
GWK60_K04125,381.3009900598158,1.7666461876341348,0.2819254019563671,9.315804212242727e-11,3.9144150290870474e-10
GWK60_K04147,3012.920419653836,-1.866579827943527,0.19991740965743257,1.1400183150545347e-21,8.463675299688583e-21
GWK60_K04169,667.7173532071417,1.9909968663514448,0.23537386906917784,5.409307025522256e-18,3.482776728003733e-17
GWK60_K04191,409.6034366481072,1.5610293761809575,0.2723568067269849,3.0890276224519434e-9,1.1564164314646582e-8
GWK60_K04213,3391.1757674376304,-1.4504225605678542,0.157368976915843,1.1132224786812282e-20,7.973569135920017e-20
GWK60_K04235,2278.988914548551,-0.6284909692655049,0.16528759034886034,1.1911918046774956e-4,2.794780239469703e-4
GWK60_K04257,1887.5522944678225,-0.8657408373760431,0.17905065460656913,9.06262244449107e-7,2.7218762637261246e-6
GWK60_K04279,371.16531897194017,0.38835266794811196,0.27146501763598385,0.13745187519888416,0.18886680850046836
GWK60_K04301,1003.534474465182,0.138445628162563,0.195724296201796,0.4723210859069705,0.5486023423652485
GWK60_K04323,20.69668568211782,0.8827553708172314,0.912871239340179,0.13593339239994023,0.18692609579242564
GWK60_K04345,20336.443813949405,-2.1958708976794337,0.16980744293838818,6.351792959075557e-39,7.956298005135875e-38
GWK60_K04367,15007.91565413101,2.4472579781373516,0.1532008724325254,1.6593013993263186e-58,2.9833561894009935e-57
GWK60_K04389,589.7078629649507,-0.08935450188787734,0.22907043735541993,0.6869927874864563,0.7499772453991058
GWK60_K04411,518.3354755837588,0.012502997485951588,0.2377737717041425,0.9588586269590698,0.9669070396996648
GWK60_K04433,368.60110306562603,0.5746480745803265,0.2709823649215405,0.0276225163626849,0.043992956159431267
GWK60_K04455,970.275876652928,-4.517818246997407,0.2282943836972963,3.1219030631398587e-88,8.731417773416557e-87
GWK60_K04477,73061.38001679967,-6.474509584823366,0.13832520548201924,0,0
GWK60_K04499,1575.8188673405027,2.575750784869969,0.19109265960203786,2.4702067238964156e-42,3.3653383357001164e-41
GWK60_K04521,610.470268975846,-0.6177206617053874,0.23172841289537746,0.006021312604390464,0.010859317102288636
GWK60_K04543,687.7077306231621,0.9971256775937526,0.2327508654639848,9.979602207140986e-6,2.662841637448392e-5
GWK60_K04565,11.262872619508299,0.5949935181367549,0.9754972759400415,0.2613092389507894,0.3290588343177838
GWK60_K04587,892.6592073676644,1.3338006571604475,0.23589214531894478,5.0701965781562535e-9,1.8624780480982596e-8
GWK60_K04609,28653.454335230897,-1.657765670527127,0.14111432137365582,1.9584259436156893e-32,2.0219217847563543e-31
GWK60_K04631,164.98048855412745,0.8264085322656236,0.4901601916485441,0.04511325223668057,0.06872295427178488
GWK60_K04653,2682.0020108741865,0.9573411858382309,0.16280256811682833,2.0727054769635847e-9,7.842749571388338e-9
GWK60_K04675,195.44632815118624,-0.015009972083710176,0.33934039170241037,0.960327295183556,0.9680187037262159
GWK60_K04697,843.8015487921548,1.251890036478824,0.2135083710211286,2.2965569146188267e-9,8.658773074661283e-9
GWK60_K04719,653.0161116281315,1.0032986564933557,0.23603214937162487,1.2353978726677487e-5,3.2424593619273684e-5
GWK60_K04741,1515.2568274718724,0.7440261160361105,0.17927100559872103,2.4379234828078618e-5,6.17186950676358e-5
GWK60_K04763,1404.8458540828358,-0.18076860177105145,0.18052503935977873,0.31095838524935365,0.38324225330568507
GWK60_K04785,1512.34460361082,1.457546557156243,0.18555603036375118,1.3783628551693348e-15,7.78421586797554e-15
GWK60_K04807,429.3992569728821,0.628737265502077,0.29447682259055014,0.0239598880625762,0.03864875443966365
GWK60_K04829,405.2674331539055,0.4904428716760168,0.261104914451927,0.051826908465606294,0.07822873733557821
GWK60_K04851,2626.216381613729,0.2113839723481907,0.16682229052054043,0.1994604691374805,0.2611064982319767
GWK60_K04873,4941.131129783181,-0.0025949420726555936,0.15018281408792697,0.988147654849512,0.9902082471155489
GWK60_K04895,1115.0108843694634,-0.7297441116845093,0.19414117734490996,1.283253061411312e-4,3.0001219295091534e-4
GWK60_K04917,590.7137938127046,-0.34926769966255355,0.22963485408982862,0.11650037570244423,0.16339108144418155
GWK60_K04939,6487.62973561019,0.5018698976534132,0.14847843183949422,6.455506224837757e-4,0.0013568113679718642
GWK60_K04961,755.4279474278153,-0.5923983733627328,0.22076093670055602,0.005866990973393151,0.01060996041236955
GWK60_K04983,2964.2931963256083,2.1135210253518695,0.16186066547498917,7.452430369043624e-40,9.561540517175874e-39
GWK60_K05005,0,NA,NA,NA,NA
GWK60_K05027,3550.3277910899656,0.22411171421195966,0.16104458953683765,0.1576249834252189,0.21266096538685736
GWK60_K05049,4631.779636825136,-0.23927511558207362,0.15044020297685132,0.10640455696363456,0.150549916517605
GWK60_K05071,904.7872232950498,4.104151986836005,0.2350966193866846,2.2559060675851258e-69,4.750884252292819e-68
GWK60_K05093,874.8458788663354,-0.34073611556972194,0.20466736011816092,0.08866624069489516,0.1279156388089743
GWK60_K05115,3542.403315185252,0.36121634773105343,0.1556467611983812,0.017986021777612105,0.0297194651778001
GWK60_K05137,6161.08006515619,-1.4084316297427617,0.1518669812087453,4.736660203298026e-21,3.4630685801705897e-20
GWK60_K05159,3270.9343644857527,-0.5915567491760717,0.15656423225555086,1.2898728555985132e-4,3.0131194703793886e-4
GWK60_K05181,28433.43859150214,1.2565089955381268,0.13794143967668113,3.7571973978259374e-20,2.641029979376051e-19
GWK60_K05203,5022.868728844226,0.3308915109890426,0.14888968798688254,0.024961287054434116,0.040141576930252124
GWK60_K05225,1493.5687730309078,-0.5084423602010903,0.19640766622180436,0.008485418448975495,0.01487692269362669
GWK60_K05247,2279.7128115196533,-0.05681083033793673,0.1647842811110753,0.725424556802881,0.7812946632559146
GWK60_K05269,1291.0855957342114,-0.3126478194512661,0.21487558798487835,0.13285508382412833,0.1832651286780643
GWK60_K05291,1167.2850588419,-0.6648576095740271,0.20713627813017232,0.0010391461529423284,0.002111851812554075
GWK60_K05313,1197.0545857089962,-0.48718126496202907,0.19625723475003284,0.011321830560597435,0.019418298618857247
GWK60_K05335,1005.6130761446104,0.6677339488337608,0.19821895299696415,5.834333433164707e-4,0.0012331182138228165
GWK60_K05357,1426.3883746726556,-0.6821881677875788,0.18132799720118223,1.3962169975879467e-4,3.2498472255613765e-4
GWK60_K05379,196.22781212153146,0.005302896196131199,0.3371007182568898,0.9890907350964407,0.9909654332296789
GWK60_K05401,677.8453454268114,-0.8206825858344852,0.27990287766747746,0.0018457463292713028,0.0036283432861763136
GWK60_K05423,778.2361285973277,0.45505701010463895,0.2110090427410481,0.027457179904798665,0.043756000294472644
GWK60_K05445,398.406091537815,-0.877491673212515,0.2663587088763606,6.154892176792035e-4,0.0012967222019339456
GWK60_K05467,2206.1778853026535,1.1025736104141266,0.17279525388346373,8.972856978728205e-11,3.776315445028447e-10
GWK60_K05489,2155.931692641702,0.3613795631688128,0.170915552378007,0.031967417993502494,0.05014236543431875
GWK60_K05511,1829.876780657469,0.07367712966441575,0.17743347539551224,0.680194364192962,0.7439493915009305
GWK60_K05533,988.5476760696915,2.709274347726272,0.2116227019967653,1.967774732229206e-38,2.424628726005497e-37
GWK60_K05555,3554.0957288142963,-0.10199936559572173,0.15422053664056995,0.5072719290031529,0.5833020266936407
GWK60_K05577,1912.6773119467057,0.7193216888931434,0.20789424722576963,3.641331686495028e-4,7.947183854175358e-4
GWK60_K05599,3989.483130576813,-0.9575027591315453,0.15496639060510944,3.9088533310658123e-10,1.5772670769476246e-9
GWK60_K05621,354.81414858837604,0.5447429612787626,0.31427911258722036,0.063997342756085,0.09497191291652592
GWK60_K05643,107.35427539593758,0.3293892768222339,0.439836194871289,0.4055967629761377,0.4824447545211215
GWK60_K05665,14614.810213657562,1.207631189429703,0.14097545716451693,5.094538046456348e-18,3.2921428011697137e-17
GWK60_K05687,1472.1089853502324,-0.7865193654310287,0.1936348429561499,3.292521801885813e-5,8.203090884634273e-5
GWK60_K05709,3308.9690221762658,0.7582069708293595,0.15728170293949162,1.131544402968052e-6,3.3697711065290834e-6
GWK60_K05731,1328.0511096181826,0.2511365244144876,0.18384519846656772,0.15864285889800275,0.21370697047269177
GWK60_K05753,0,NA,NA,NA,NA
GWK60_K05775,0,NA,NA,NA,NA
GWK60_K05797,12212.3455207414,-0.8464498474484377,0.14822884565771074,4.653848985558754e-9,1.7166954457546108e-8
GWK60_K05819,4176.412053437055,-0.082179817779359135,0.16398618974178095,0.6105764623477234,0.6826368823963761
GWK60_K05841,937.7774860271792,-0.3440537622035918,0.20702446101991073,0.08859823528213993,0.12788920581687374
GWK60_K05863,1442.9325614368224,-0.86391678016278,0.1819050136179315,1.3486898505747488e-6,3.9805553043763945e-6
GWK60_K05885,76.57360673935138,-1.5440251634458952,0.606881956497809,0.002327500901489241,0.004512667662412388
GWK60_K05907,1907.4509880039896,-5.240841350472603,0.23032318781624717,6.260729887803941e-118,2.433398396097914e-116
GWK60_K05929,442.9424288829141,0.42824723159523836,0.25943142326606056,0.08715477820251818,0.125908761295029
GWK60_K05951,815.1048747933976,3.2595722675160537,0.22704376928505754,1.031598789343492e-47,1.5851834885086334e-46
GWK60_K05973,15831.45057708804,-5.541319574605665,0.1838765242307713,5.915426738610032e-204,3.7224935405110274e-202
GWK60_K05995,1.9984804665398765,-0.04119987268820698,0.9886494120457563,0.8719505802175245,0.9001810155189887
GWK60_K06017,943.0021432338094,-0.2764813514722937,0.19927656611940062,0.15801332563710727,0.21306106912056502
GWK60_K06039,499.2537562120854,-1.2640977891231913,0.25079230173548744,2.025899867365774e-7,6.404848504124093e-7
GWK60_K06061,6989.155525047285,2.8371945568774564,0.14831209356876598,1.8829505104340413e-82,4.8083460860649e-81
GWK60_K06083,1308.4364757084254,-0.23012008144177423,0.21032905147856681,0.26182336117354293,0.32952340170555905
GWK60_K06105,2008.1957932590374,-2.0668210104148517,0.18005601089221923,2.809266770927466e-31,2.7965695199854207e-30
GWK60_K06127,5278.509708372028,0.6292862151601851,0.15376274938676746,3.401159232505595e-5,8.456504093614571e-5
GWK60_K06149,4758.051301778202,0.11620363098216689,0.15521810633041694,0.4684811691046887,0.5451004754319578
GWK60_K06171,177.19427094266769,-0.408736101747291,0.35656271112218135,0.2186835538891521,0.28201055522275137
GWK60_K06193,747.2656331639084,-0.5176216245917965,0.21378090336658068,0.013130617441451274,0.02228061271696792
GWK60_K06215,136.27498800720224,4.763760625224083,0.5590170119132598,1.673247817397274e-18,1.106982223124154e-17
GWK60_K06237,362.988327080718,-1.1771638632287136,0.281245851247739,1.2721917075555226e-5,3.332410984211344e-5
GWK60_K06259,1475.5755571416598,-0.9516042221464892,0.18795671005255563,2.375122663120794e-7,7.464267774825515e-7
GWK60_K06281,2491.9805126351966,0.3790032289602612,0.16530127333473646,0.0203307258843447,0.03323074119500497
GWK60_K06303,956.6480909923083,-0.9061059500947685,0.20155113889874784,4.279377338845204e-6,1.1930795682033623e-5
GWK60_K06325,1814.437583615069,-0.3660104177397721,0.1779683977021276,0.038000988068803435,0.05878642754805237
GWK60_K06347,492.7995435378338,0.019591022067049102,0.24216672343674908,0.9301312348377615,0.944787414940893
GWK60_K06369,147.3671514427055,-0.7200466661266948,0.39690415429710757,0.04757764061331097,0.07212371903698359
GWK60_K06391,3184.5930799287516,0.7634875069356681,0.15826135424849663,1.0242693037805866e-6,3.0646698852913492e-06
GWK60_K06413,14418.68204610709,-3.9438898259851514,0.14961205091371854,1.7944733070210968e-154,8.702372386159191e-153
GWK60_K06435,355.5131183014911,-1.1966777688374408,0.30059072610743087,2.8366628987133088e-5,7.133491951759539e-5
GWK60_K06457,0,NA,NA,NA,NA
GWK60_K06479,757.8128263513024,-0.6266674576794499,0.21434668516777172,0.002706842725185121,0.005165476767266624
GWK60_K06501,3318.60906122549,0.14965886014941013,0.17812694365455864,0.39024866542891407,0.4662871712154701
GWK60_K06523,417.83407686023156,-0.20864737084632187,0.25679908451220135,0.3996782684039372,0.47636963399846943
GWK60_K06545,4685.374803732453,1.154555022234977,0.16853068809452468,3.1374045115047427e-12,1.4534523469181148e-11
GWK60_K06567,739.6405727980757,0.20257389593096597,0.2130631373259836,0.3322123237023248,0.40602874984751186
GWK60_K06589,2529.368090470712,-0.2501904533684673,0.16264925682409198,0.11875041814418308,0.16601817252318216
GWK60_K06611,391.50802822145994,0.05910733105163257,0.2700745761588456,0.8227054339635569,0.86115265820423
GWK60_K06633,6845.4862512631935,-1.418372117289598,0.14751378306532248,2.4201144979925975e-22,1.8197333195432247e-21
GWK60_K06655,206.46027342657797,-0.8053071238190534,0.3422844639010179,0.01211950458746251,0.020679051403914406
GWK60_K06677,8662.969747486788,0.8356244634693966,0.15089766781132044,2.051679527393107e-8,7.153811333641137e-8
GWK60_K06699,6188.325587129289,0.8462720309189327,0.14718146806779833,6.144332092819272e-9,2.2445707976947248e-8
GWK60_K06721,665.4274643325161,0.7607785145732213,0.22351203726148014,4.745179031686372e-4,0.0010192204941687998
GWK60_K06743,2443.0573842332183,0.6106571842885172,0.1717860120753083,3.016748339031627e-4,6.663824371132963e-4
GWK60_K06765,1269.6292526105976,-0.878438380568016,0.18743976571309562,1.8274539487062894e-6,5.304734526557631e-6
GWK60_K06787,168.52267995047782,0.5685882714659486,0.36818079730571585,0.09716334286267213,0.13903774509260552
GWK60_K06809,3493.1345972053095,0.2012626590441711,0.15486171956495917,0.18886170459846313,0.24858639703871419
GWK60_K06831,682.2956275864914,-0.37318590195591284,0.2224417190144559,0.08488788250856494,0.12293625943569159
GWK60_K06853,1879.7524489445632,-1.921742152924288,0.18152846021056415,7.69249458713234e-27,6.732206355559859e-26
GWK60_K06875,1228.5279283730388,0.5498317081831785,0.1889373118901164,0.0030388030852895116,0.005753264007464311
GWK60_K06897,1197.2510655784827,-0.21583125381093918,0.18785737162236243,0.2470547473319026,0.3136242541778187
GWK60_K06919,1557.1674266991479,0.6182209434677168,0.17775431501544897,4.0888051604912165e-4,8.865227267578577e-4
GWK60_K06941,8992.82784526392,0.389234117223477,0.14269799875992617,0.005894228566782732,0.010648288518118087
GWK60_K06963,93.09158704485472,-0.03964943370570386,0.44754393618457544,0.9182338191454991,0.9363009197536859
GWK60_K06985,1159.169637275391,-0.23268030930737016,0.20149874367111906,0.24992063582246493,0.3169578889053622
GWK60_K07007,759.1292739079373,0.4987159757466166,0.2142662267593673,0.01722387668840367,0.028576714430289328
GWK60_K07029,994.0039165480148,-0.145220662482022,0.20350633685177602,0.46434686497806243,0.5412100865634522
GWK60_K07051,8.125574166051068,1.0551711471573115,1.4792090355590908,0.07037957151017103,0.10362852785592314
GWK60_K07073,157.8842267121443,-0.019394677554152837,0.36753487807503615,0.9523959672942354,0.9622209783355145
GWK60_K07095,0,NA,NA,NA,NA
GWK60_K07117,1932.0103136939867,0.6228999323859506,0.17938255737624448,4.0638168394751243e-4,8.818282353639371e-4
GWK60_K07139,10546.54452663609,-1.0190790701273513,0.14298250047223732,5.405068160267294e-13,2.618807543095593e-12
GWK60_K07161,195.43576627094555,0.3876791058169855,0.37494624819398953,0.25551366559960587,0.3225247255260967
GWK60_K07183,4954.852164228463,7.602471475336753,0.22184453769873147,1.9439777383638482e-258,1.9388427028285475e-256
GWK60_K07205,11.42803737038624,0.04661351561747321,0.8176695274396567,0.9269273095767635,0.9420159861740117
GWK60_K07227,4252.069279912636,-1.1875007464928606,0.15300165894793932,3.6007197928714836e-15,1.9909419273136674e-14
GWK60_K07249,22605.525276237287,-5.768060665216037,0.14705317576184382,0,0
GWK60_K07271,3105.544623301242,-0.6475461926600063,0.16689762364157612,7.624029710603555e-5,1.8276925646372062e-4
GWK60_K07293,4863.040529942976,2.4537459460286217,0.16186111540451195,8.357053355263175e-53,1.393545237726219e-51
GWK60_K07315,5945.038415751729,0.5147915253227792,0.14705415022046428,4.0233408915909164e-4,8.737625288804266e-4
GWK60_K07337,9201.223354010865,3.980168607447401,0.1472637231089905,1.1955887447474929e-161,5.962152928995516e-160
GWK60_K07359,40994.182412046,8.668321135594482,0.17571699926121143,0,0
GWK60_K07381,164.12472105640262,-0.5817158108339338,0.37030502350197403,0.09020365277270538,0.12985199034763634
GWK60_K07403,6252.622290967054,1.3017190147417805,0.15423247837431592,1.3416663770524621e-17,8.392956768164869e-17
GWK60_K07425,668.4928180959746,-1.2836114683143012,0.22625753058193668,5.828236480917689e-9,2.1320455389709967e-8
GWK60_K07447,120.84886802181073,-1.9983436522247064,0.46351398488480827,3.024944139540499e-6,8.532473170550202e-6
GWK60_K07469,5024.965059770046,-2.1758070697075262,0.15234905020824155,5.037218600578367e-47,7.629437685575143e-46
GWK60_K07491,321.17571647597885,3.5330703653458797,0.3256166302787527,2.149826815345563e-28,1.9867105849504625e-27
GWK60_K07513,1702.6982605888766,1.3717879350827904,0.1849194162946125,4.297359188423636e-14,2.2226849970652977e-13
GWK60_K07535,0.17048494933189154,0.05673870770012697,1.0164341323484167,0.8415973715063674,0.8743482126145161
GWK60_K07557,5256.783317704352,1.1584089011271697,0.15079058807672943,7.699374635440381e-15,4.1785312446548103e-14
GWK60_K07579,38.19588607518829,-0.11796109498020674,0.6110684842759609,0.8061259399953564,0.8454884590203513
GWK60_K07601,4419.892600915187,0.7707448775039731,0.15436568510420404,4.3222313464873166e-7,1.329878631986726e-6
GWK60_K07623,3845.299894102214,0.4288130102359372,0.1617295718861663,0.007235055277086147,0.012838033633661422
GWK60_K07645,224073.68786602785,-1.8654236215442481,0.14281956171632776,1.0812152759148291e-39,1.383850834984452e-38
GWK60_K07667,248.01990773942475,-0.32863847432512927,0.31315823294291567,0.2682792566370145,0.3366866454376208
GWK60_K07689,912.4233641017705,1.0977750246098976,0.21187823404938827,1.0748462598791071e-7,3.4835299385168366e-7
GWK60_K07711,957.7710272997916,-0.20319872215325802,0.1987727814578,0.2964702948569195,0.36804649568193437
GWK60_K07733,930.6681185366035,0.853591200505199,0.21048748548123306,3.2930304307971865e-5,8.203090884634273e-5
GWK60_K07755,730.9512700400959,-1.0652442828622597,0.2216761573470338,8.540573085691112e-7,2.572391414869699e-6
GWK60_K07777,4171.3694539731205,0.7497713598389658,0.17684595217271795,1.5319501048684226e-5,3.9753992412049495e-5
GWK60_K07799,5794.793569058887,-0.4390223193408868,0.14782185903188136,0.002646249428864429,0.005058978112469212
GWK60_K07821,3270.745774535213,0.1892027708095669,0.16113697333784274,0.23331320033638478,0.2987629789191206
GWK60_K07843,6019.571042749592,1.7353759096886407,0.1486672982814436,4.841493875197409e-32,4.921564735441059e-31
GWK60_K07865,851.4054957707026,0.516724270526084,0.2060246187658431,0.010482262338118503,0.018100467289050914
GWK60_K07887,67.89186044413171,0.35897548420427217,0.5148711996095485,0.4209951235432194,0.4981822751397935
GWK60_K07909,2000.5156265595465,-0.0457762666053317,0.16940652481399748,0.7824573882020962,0.8260574703487679
GWK60_K07931,3041.071080890376,0.5577413924348332,0.15858396372747322,3.8208879702556587e-4,8.321884553263869e-4
GWK60_K07953,884.9289780497695,0.4563837284378503,0.21814966116665863,0.031831014385025704,0.04994323005023624
GWK60_K07975,2661.6937064740364,1.4028157877425043,0.16479644843301813,6.4748751227282795e-18,4.128611568002616e-17
GWK60_K07997,5711.198822747096,-0.016889490296931608,0.15698508524953647,0.9113623242738754,0.9303710401915228
GWK60_K08019,1462.6148930718812,-0.1067732140504996,0.1855109989325063,0.5561991079243765,0.632408794254303
GWK60_K08041,1087.3876119807487,1.5369944083341667,0.1971745753899809,2.1357975628825776e-15,1.1972243814843379e-14
GWK60_K08063,1060.0493578996065,-1.031386042456964,0.23270541809849216,4.130437366723281e-6,1.1527714847148503e-5
GWK60_K08085,1336.940448255425,-0.12077408413134713,0.1839615420819982,0.5031074206976851,0.5796481747619798
GWK60_K08107,1788.6252217800677,-0.3282602070015236,0.17195933496478266,0.05416978272814111,0.08139325511681464
GWK60_K08129,712.6681231662155,0.8348804726580108,0.22245894195559332,1.1779738603098135e-4,2.7662238230109613e-4
GWK60_K08151,715.9520259422629,-0.7374741709904119,0.22366226350807772,6.980086369913538e-4,0.0014572170833871629
GWK60_K08173,1399.4555751610994,-2.910608314950903,0.19064319800175406,1.5690000494186615e-53,2.6413166437028802e-52
GWK60_K08195,4449.412597651671,-3.87378698624816,0.15882477286347013,1.7621564868443932e-132,7.392666023380525e-131
GWK60_K08217,2440.4911933888684,0.17258997817121358,0.16279857872420644,0.2714879893026559,0.33998709108122227
GWK60_K08239,4065.09374589532,-1.2933619082845709,0.15385110651249076,1.7597726799818556e-17,1.095660587324392e-16
GWK60_K08261,0,NA,NA,NA,NA
GWK60_K08283,0.8524247466594577,0.07628808195626423,1.0204693148659714,0.6387831689993797,0.7072911251216425
GWK60_K08305,2535.392999563742,-0.991337314123342,0.16343775220683532,6.0444060751787e-10,2.387946974095262e-9
GWK60_K08327,4811.767827508434,-0.3537959546319161,0.15161819340029764,0.01799135235886499,0.0297194651778001
GWK60_K08349,4080.7522909082204,2.3150531481473253,0.15563228622734407,9.290551577722285e-51,1.4972516963365854e-49
GWK60_K08371,5450.94886329871,0.1256327098639345,0.1527307061041142,0.4021388328368844,0.4787625834179664
GWK60_K08393,1618.6689249197848,-0.24306378783767693,0.17546197690858145,0.15809271930286967,0.21307448093701406
GWK60_K08415,239.79783812781062,-0.22075545091873391,0.31327041749859935,0.4574109442447685,0.5345731265261655
GWK60_K08437,938.2412041612149,2.672193334478655,0.2572032350082046,1.0983792077149344e-26,9.580911702939181e-26
GWK60_K08459,1137.2119093272745,-1.0731059517955381,0.19745624790395036,2.8771367345223403e-8,9.856477497527604e-8
GWK60_K08481,47.3791485962273,0.40704605061144766,0.5948911313400286,0.40203015058745817,0.47874101734744395
GWK60_K08503,418.1684697870053,-0.1627420497127113,0.26436357693744733,0.5229612074987529,0.5989973873972714
GWK60_K08525,43.6146261315985,0.6213383454649142,0.6405807059629959,0.2206244534869992,0.28437475277548835
GWK60_K08547,2071.957572312264,2.0448657788090414,0.17263439772220854,4.846420287689615e-33,5.08297175411256e-32
GWK60_K08569,1746.8654918054706,1.6967744644391494,0.17742457423017094,3.189872771612927e-22,2.3951232202764107e-21
GWK60_K08591,0,NA,NA,NA,NA
GWK60_K08613,463.1329740628808,1.424468027325708,0.25739703763418964,1.1385630177044934e-8,4.058290028041775e-8
GWK60_K08635,1105.454366737853,-0.8937635934998456,0.19886211458748668,4.05339254658346e-6,1.1324647463657594e-5
GWK60_K08657,3703.6594455275203,0.31258573930748323,0.15458449227946228,0.03629496132831025,0.05632858648897474
GWK60_K08679,2831.5834772885737,-0.23310940250596215,0.16982576757364576,0.16952089152651495,0.22628470520433286
GWK60_K08701,1782.3086137895623,-1.5001217113812177,0.18767342687243138,5.716723333767815e-16,3.2953761769134865e-15
GWK60_K08723,7284.8225522453695,-0.3498358193721279,0.1576319933410922,0.02470691144905674,0.03979303288230162
GWK60_K08745,385.779465225246,1.4657697004333778,0.2920607390849596,1.599131101468749e-7,5.095242316072216e-7
GWK60_K08767,439.68865203218695,-0.20690398412759164,0.26376310199559844,0.41313021420894025,0.4899722486669191
GWK60_K08789,761.8547966620383,-0.30183129861181285,0.21173015041756432,0.14413279950159125,0.19661573630075133
GWK60_K08811,512.4780751465944,-0.2560657729739276,0.24061860429825568,0.2757620323929176,0.34493092835517325
GWK60_K08833,408.4423956622364,-0.5029842467279406,0.26211953346303074,0.047363062552868825,0.07183964093384924
GWK60_K08855,540.0765011476715,-1.327634787056753,0.24921983243161502,3.7664222600521985e-8,1.2778759991422284e-7
GWK60_K08877,3269.8386929025596,0.5079929477992462,0.16118531447316373,0.0014118989129618495,0.002820596241087051
GWK60_K08899,1157.1372398253814,-0.08733324978965236,0.18865748138624464,0.6362486774516888,0.705227340403738
GWK60_K08921,635.6578524674558,0.6455386113994471,0.22609229494359107,0.003290796995534825,0.00618657276787154
GWK60_K08943,2992.66041114,-1.788708622770719,0.20432693548364278,2.525165852673984e-19,1.720106533148799e-18
GWK60_K08965,1460.07766132217,-0.31101932586981273,0.18266249017212258,0.08389284948940362,0.12176266930356686
GWK60_K08987,0.17048494933189154,0.05673870770012697,1.0164341323484167,0.8415973715063674,0.8743482126145161
GWK60_K09009,4351.426954750083,1.3287037036014009,0.1534001938729032,1.9036659383665807e-18,1.2547104925443573e-17
GWK60_K09031,110.37267830256263,0.17021203884438152,0.4251764099330905,0.6615624186391371,0.7273333912076703
GWK60_K09053,659.2431269686977,-0.4497279923051302,0.22534539386714483,0.03998744814766703,0.06155318896580312
GWK60_K09075,1190.9844168651093,-2.0029976654344552,0.1936354493246549,9.719079133890901e-26,8.141846640530476e-25
GWK60_K09097,849.4302273987342,0.4155301478445549,0.21341337169650307,0.04633843984393555,0.07040672406296157
GWK60_K09119,6766.564116054295,-0.84351589931803606,0.15191829921670308,1.8112613878064288e-8,6.336418064821166e-8
GWK60_K09141,666.9054483391437,-0.3645627988471325,0.2326075636420085,0.1053452150330149,0.14929083288592945
GWK60_K09163,1627.8620492606758,-1.0005301766648644,0.20486317300829116,5.05956558662269e-7,1.5495286031800428e-6
GWK60_K09185,687.7649205492849,1.349634820720696,0.23026681462674445,1.7460013546207312e-9,6.644609906785591e-9
GWK60_K09207,832.7614479100828,0.002619140562950623,0.20674677633975377,0.9926179906259845,0.9931816578551872
GWK60_K09229,692.2163132098026,-0.6451996077479238,0.21951791703473122,0.002700511111555945,0.005157117679076852
GWK60_K09251,1024.1922097247398,-1.459698662049275,0.20013245310643846,1.0418528481137799e-13,5.249984895261621e-13
GWK60_K09273,1571.528635007735,1.4350764785087426,0.1814440483693502,9.401621110752875e-16,5.361053850209245e-15
GWK60_K09295,305.12834263290324,0.2910701112095763,0.30649814035681877,0.31736419920248177,0.38965273110071497
GWK60_K09317,5032.578744574308,-0.528728128042556,0.1492776692340963,3.386896102822338e-4,7.431769530725976e-4
GWK60_K09339,1049.445489155553,0.3459884850373578,0.19419827931294215,0.06973603871206396,0.10282418427670018
GWK60_K09361,1037.8973057890648,-0.6526224134208697,0.1969435797656132,7.352076489486785e-4,0.001529440233114016
GWK60_K09383,1686.209673366219,-0.9053092084768861,0.18074962783228735,3.343738063915806e-7,1.0366568566486188e-6
GWK60_K09405,3409.946888403493,-0.5591927352095514,0.157484714775297,3.153485488994098e-4,6.948446975749397e-4
GWK60_K09427,0,NA,NA,NA,NA
GWK60_K09449,258.52287040300183,0.693712040188431,0.31171837669099284,0.019227935387384057,0.03160412514232342
GWK60_K09471,7062.7419178151285,-2.2482102352080147,0.14697826624531185,1.8663564260437497e-53,3.1319238311324638e-52
GWK60_K09493,3655.6837145441013,-0.9023469214426175,0.1616382886927131,1.43793430533379e-8,5.0706609326180215e-8
GWK60_K09515,2037.4691106329233,-0.27119952902997396,0.17643863214004765,0.11748918998577366,0.1644288743089223
GWK60_K09537,2037.8891460678178,-0.9785129896292497,0.18232731938020416,4.449076952679741e-8,1.49414363226589e-7
GWK60_K09559,6451.112413764828,0.10892881834402843,0.1469652582201165,0.46044479705675995,0.5372872400092789
GWK60_K09581,1352.4714464439007,-0.2743350026468525,0.18214997836470234,0.12660385975422608,0.1756965089684534
GWK60_K09603,54.3892880646245,0.1432274097979789,0.5457051301901953,0.7610180704858602,0.8085912604197502
GWK60_K09625,4293.781061396357,0.024448805250709277,0.153357004182138,0.8771360860225742,0.9036241726944203
GWK60_K09647,749.2423848900952,0.26159366752284713,0.21334044097493707,0.21176291715971726,0.2746267860908404
GWK60_K09669,2506.3858814735377,0.9490622658140694,0.1764564409853404,4.2981147790135365e-8,1.4480455527001627e-7
GWK60_K09691,2921.195158013278,1.3724576566388154,0.16401309749691725,2.2361624251932357e-17,1.3776637039127558e-16
GWK60_K09713,2963.9164785177845,-0.4496468060073764,0.19344487288947015,0.017200565188319375,0.02854699767204277
GWK60_K09735,1962.2448452709634,0.47146966465871853,0.16949018101912178,0.004810219144292705,0.00880125247377336
GWK60_K09757,7740.863600650522,-1.555863032759765,0.15272439759272727,6.782351277859757e-25,5.567004480553831e-24
GWK60_K09779,1608.2382526255426,0.6454022963204396,0.18345668326554715,3.3803135208193325e-4,7.421550626016164e-4
GWK60_K09801,2227.9459810551944,-0.1730266428821335,0.16647858301432747,0.27301683646973335,0.3418207005161086
GWK60_K09823,627.034464512652,0.5476606389633365,0.2283017780284386,0.013312253960719988,0.022561261441604953
GWK60_K09845,2226.4713391917367,0.01584356280002775,0.16634503080411273,0.9229234147831016,0.9394517948283218
GWK60_K09867,2613.4578879666115,0.9018462468528889,0.16356335992903892,2.2409863505061983e-8,7.762682731832086e-8
GWK60_K09889,116.9679144503821,0.7059420036763312,0.432143436487483,0.07108774805313958,0.1045838675783178
GWK60_K09911,412.74541317280597,0.7819109170068035,0.2849290425005197,0.003953449131724239,0.007330035815606568
GWK60_K09933,333.5395524485413,1.2882409786690994,0.30105939062688925,7.266117303699385e-6,1.965644629854399e-5
GWK60_K09955,26499.305013182675,2.594052812929166,0.924942688350559,2.948580793791913e-4,6.53235460016096e-4
GWK60_K09977,458.38786859001,0.6897647397512192,0.25642357153308176,0.005291878096016786,0.009635848300222091
GWK60_K09999,510.81293236023305,-0.8190773393297333,0.24853632453659447,6.420688314628138e-4,0.0013500301683024797
GWK60_K10021,2510.1028241590952,-0.7167756915397032,0.16673625923600094,1.255817459385705e-5,3.291150763665264e-5
GWK60_K10043,3646.0250634545455,0.015297772620789038,0.15378481868593163,0.9188171392370326,0.936715023723617
GWK60_K10065,2186.9692057661505,-0.4776436685746149,0.18918214311177675,0.00971631778555609,0.016883779031705945
GWK60_K10087,582.3139008240353,-0.18305357260249788,0.2490790508789378,0.44153662222651385,0.5187736352721387
GWK60_K10109,2386.2456445364865,-0.8701002389881668,0.16551242607633612,9.40219042527373e-8,3.069794847930632e-7
GWK60_K10131,3754.99494309867,1.3338241804896085,0.1569517653838592,7.853864966808247e-18,4.989847381556298e-17
GWK60_K10153,535.6128118847876,-1.4278851428673098,0.24943064715266788,3.5455461202456976e-9,1.3217035819195174e-8
GWK60_K10175,1571.4344031728374,0.8359475607885576,0.17995517796872104,2.2948168852461285e-6,6.570537620509525e-6
GWK60_K10197,946.0199364777136,-0.08501393595367727,0.19856384785426334,0.6619028681907493,0.7275563654099191
GWK60_K10219,61.99156427260589,3.5806196176713536,0.7078081335171943,3.972291506274475e-8,1.3425532546142503e-7
GWK60_K10241,0,NA,NA,NA,NA
GWK60_K10263,4022.079460877013,-0.5829751705257116,0.1562832514781798,1.7673037950739437e-4,4.0546735506774594e-4
GWK60_K10285,4664.471196557663,0.01999779714303987,0.15380482845857554,0.8971089890215975,0.9202635583093662
GWK60_K10307,1036.7631245435068,1.5525709081057035,0.20007958277901935,2.7700805437626264e-15,1.534868527707468e-14
GWK60_K10329,0,NA,NA,NA,NA
GWK60_K10351,2244.389356442257,-0.8168176041343329,0.16649035967117143,6.163642871197355e-7,1.8778683698645083e-6
GWK60_K10373,1514.2957727840883,1.9123556418433476,0.18424191871267404,7.397342379131948e-26,6.226489142689726e-25
GWK60_K10395,3694.8389767453473,-0.822159553494579,0.16073876182005867,1.8592847170208942e-7,5.899267115349608e-7
GWK60_K10417,4073.7209471057467,-0.2722587681739821,0.151914891182211,0.07087607703437089,0.10430148752886541
GWK60_K10439,0,NA,NA,NA,NA
GWK60_K10461,1267.7004177094545,-0.029857824217062262,0.18459107241605904,0.8694755491633066,0.8987187627839731
GWK60_K10483,389.19801905440386,0.7894028337821147,0.2696765593081774,0.002345120007645734,0.0045440998388619315
GWK60_K10505,1363.0308745773489,2.0938363145831227,0.19002796066218414,6.066608485106421e-29,5.685831995083784e-28
GWK60_K10527,1125.4181523401876,0.0028050446199799615,0.18998060518698137,0.9894562318495458,0.9910705258756967
GWK60_K10549,9185.808799827277,-2.346529400526335,0.15031563212229304,8.0715258714816845e-56,1.3988880575951537e-54
GWK60_K10571,1616.099464203743,3.5909021904389427,0.18947853426268893,3.8936958573421576e-81,9.754538531711206e-80
GWK60_K10593,2429.6083123066423,1.2730083929250118,0.175449940991775,1.5367739351050836e-13,7.656349689882631e-13
GWK60_K10615,27801.31657518331,2.893670558624698,0.14627176878926637,3.5840590355419704e-88,9.971229506249923e-87
GWK60_K10637,28.75334918661618,0.31079203815129325,0.6894591153827452,0.5458165253140301,0.6230817708442575
GWK60_K10659,662.8294157511341,0.08912293803917662,0.23171898456697657,0.6819558377565211,0.7455674371005111
GWK60_K10681,9925.149702518871,-5.469141803431347,0.17746832406494711,1.63622293213489e-212,1.0948195467424088e-210
GWK60_K10703,1467.9225205609587,-0.7528110630288266,0.18071788345812875,2.2096513014754013e-5,5.620893541674192e-5
GWK60_K10725,3593.121643335488,1.2083197309500442,0.15640592414777865,5.168241241998079e-15,2.836897529096765e-14
GWK60_K10747,646.2952906964925,1.1308301398247698,0.22890993596278436,3.683730785954864e-7,1.1393915116768527e-6
GWK60_K10769,2442.2795037312435,1.0550434011180783,0.16475867345126463,7.60460422915438e-11,3.233945129148033e-10
GWK60_K10791,710.3548390601092,0.2353676849347737,0.2188603215784853,0.2744925833939037,0.34358697509357683
GWK60_K10813,2282.227076253826,0.39853089526167684,0.16499820839383814,0.014466388156615067,0.024337787331593648
GWK60_K10835,2111.4063378226642,-0.7481188797647651,0.17088627436696252,9.544045012918742e-6,2.554421363963973e-5
GWK60_K10857,772.2420209668746,0.7776510167599054,0.21797221196396574,2.5862040434772353e-4,5.777968966111862e-4
GWK60_K10879,9056.169344721253,-0.0770604010173272,0.15245973231690763,0.6067021154335698,0.6794549538520868
GWK60_K10901,1291.0268973702425,0.594707463535381,0.18533215390917235,0.0010936677915832855,0.0022124485060502283
GWK60_K10923,557.8459526108195,-0.03664422743059373,0.23347940326836897,0.8584854663658993,0.8887493488464833
GWK60_K10945,0,NA,NA,NA,NA
GWK60_K10967,1252.6769217396227,0.4942493668698639,0.18685189795295418,0.007189305642122032,0.012769714255462722
GWK60_K10989,2961.21708487647,1.7349575705067235,0.1611651315196839,1.4259953301518206e-27,1.2841245852099699e-26
GWK60_K11011,2622.590619831655,-0.5828576335023709,0.1617920112671977,2.5252369814248105e-4,5.653707193482232e-4
GWK60_K11033,987.6619630271036,-0.24037440265325133,0.1986810395655829,0.21617323502533337,0.27925017603712415
GWK60_K11055,1604.3415127233393,2.611546234672966,0.1835327931057663,8.670517632696178e-47,1.3057651340863816e-45
GWK60_K11077,1563.0655024145622,1.4840092770669857,0.19957400956546298,3.1340960985907624e-14,1.6289903615684142e-13
GWK60_K11099,246.495660274113,-0.37967264548439505,0.31748991447243613,0.203952578350233,0.2661301725893191
GWK60_K11121,659.6139434051546,0.8851993007630277,0.22512221178086422,5.677881302717588e-5,1.3786532184733658e-4
GWK60_K11143,1167.4995928457686,1.054289366992311,0.19529262399634442,3.60129864659265e-8,1.2242099450732314e-7
GWK60_K11165,1320.2096158582658,-0.05817620244496031,0.18738067044223183,0.7488639365423277,0.8007511897500272
GWK60_K11187,2374.1723666837675,0.2038411407734639,0.16568784508895415,0.21297975607694813,0.27552887680439253
GWK60_K11209,8106.460737254281,-2.069629589353589,0.1551935438441782,2.1129001013411522e-41,2.8204014989114468e-40
GWK60_K11231,4801.490900376831,-0.30651695956050984,0.1624165298125224,0.05861477905933786,0.08767337920420484
GWK60_K11253,6657.38839188677,-0.828648185135535,0.14858330531996025,1.2799239721037947e-8,4.548831411005403e-8
GWK60_K11275,1372.6886529438484,-0.4230394040581721,0.18947191722971424,0.02250676035980225,0.03643820375556346
GWK60_K11297,1106.402389718111,-0.6269572032846467,0.19231508877715398,8.989310341760475e-4,0.0018465083218563117
GWK60_K11319,791.2916001672336,-0.524691261986233,0.21015801271180473,0.010537170863077436,0.018178683153468447
GWK60_K11341,9538.552387766089,-0.37754574928202866,0.14270434106479726,0.007394961166476486,0.013091012969187778
GWK60_K11363,2073.429892740837,1.2718894162063241,0.1783370453921827,4.1193048117908e-13,2.0050317896064613e-12
GWK60_K11385,2879.5290016814015,-2.2320083313260928,0.16227024310924254,9.64226142658467e-44,1.3519627029423492e-42
GWK60_K11407,46.27544218782304,2.747983387049845,0.7772008748767967,4.521561018235825e-5,1.1101240846444296e-4
GWK60_K11429,1359.2587673670284,-0.44509407990198663,0.19005239269080235,0.01635582322358401,0.027256267830978904
GWK60_K11451,756.1957794622925,1.1929762080961719,0.22771305428412195,7.053803689730673e-8,2.3202493032928647e-7
GWK60_K11473,0,NA,NA,NA,NA
GWK60_K11495,9986.519616278767,-1.15116131490229,0.1597434644587383,2.363798465712177e-13,1.1699474428609145e-12
GWK60_K11517,19082.74432414023,-6.117195025449969,0.15266944413102745,0,0
GWK60_K11539,1680.6309623849613,-0.8189254120060236,0.17599661030298072,2.1600005348790695e-6,6.225606776101833e-6
GWK60_K11561,1933.7622035128074,-0.21636027268974292,0.16938114384775257,0.2028547965610029,0.26495934139398597
GWK60_K11583,3131.7023917676697,0.5270657561655336,0.1676770901284867,0.0014056501806796464,0.0028091746143941816
GWK60_K11605,2315.6939701798183,0.08810849648250003,0.16679089157310395,0.599801218114454,0.6734386658778683
GWK60_K11627,73560.03930354555,2.0720074240337647,0.14344873826778046,4.625201449822364e-48,7.127934362612541e-47
GWK60_K11649,7632.941391606955,-1.427977058857026,0.16321853756726554,6.400512447254691e-19,4.3044667679628876e-18
GWK60_K11671,1148.5205219903387,-1.0234074403238567,0.19640355919933294,1.221643216097852e-7,3.949606140852138e-7
GWK60_K11693,0,NA,NA,NA,NA
GWK60_K11715,262.0574494152898,0.16595172233147037,0.31784948972742616,0.5825256291507671,0.6559928580509065
GWK60_K11737,2619.005620524145,-0.35100985514468236,0.16108595586755736,0.027021828131802077,0.043153288067886944
GWK60_K11759,2464.552511100408,0.6364993902823384,0.17646849344027823,2.4624540485523075e-4,5.529537850742352e-4
GWK60_K11781,9595.033651478572,-2.5922854319294393,0.1450851678690063,2.8375720209769666e-72,6.302271303732876e-71
GWK60_K11803,10160.525014932511,2.816860528655181,0.14912705798590808,1.4885817169841273e-80,3.694198570881736e-79
GWK60_K11825,807.5283671756462,-0.5048128927426355,0.23848574528750222,0.027849026378434085,0.044286989601805826
GWK60_K11847,38.37487263046425,1.3833816439112319,0.80557249356511,0.02123061063694965,0.03460530614459323
GWK60_K11869,16602.307684758805,-3.715939906433116,0.14407735633771873,9.03279896206232e-148,4.151945679431428e-146
GWK60_K11891,464.7774378595242,-0.0606685017750543,0.25571826783112334,0.8087128942156826,0.8480175280349332
GWK60_K11913,1060.6761266757815,-0.8469793825083933,0.1963184909546414,1.0463307574323544e-5,2.770994180254221e-5
GWK60_K11935,1463.8650099543854,0.08280628144947096,0.18150799065510542,0.639557074165758,0.7079997265005648
GWK60_K11957,1471.6891736375537,-0.8081096789755526,0.18445025939964535,7.994954453570876e-6,2.1517988412207564e-5
GWK60_K11979,931.8937751424894,-1.1147385304884803,0.20506092628940967,2.656504950853696e-8,9.142112741023852e-8
GWK60_K12001,1609.0447099766352,-0.03425105935732759,0.177877755434277,0.8444561153749734,0.8766290310039493
GWK60_K12023,2313.4219094855184,2.8795888279277038,0.21025178564176042,2.8116709288984927e-44,4.0277757534301986e-43
GWK60_K12045,4689.059983146143,-3.117628730419879,0.1560008035293239,6.962660981341366e-90,1.968161815367404e-88
GWK60_K12067,307.0836355125272,-0.20943134866256669,0.2874925081516477,0.44601123123270653,0.5229847755758844
GWK60_K12089,1259.5929073857199,-0.49152431806801605,0.2328763561174492,0.027868252433814196,0.044304235297787015
GWK60_K12111,1557.3172179195813,-0.6261075212879483,0.17775288927741364,3.3785612523942407e-4,7.421550626016164e-4
GWK60_K12133,2114.187404153425,-0.5602370024621486,0.16781913240962149,7.00328602550826e-4,0.001461483218746019
GWK60_K12155,1186.041662986369,-0.03392557324628222,0.18999753928183793,0.848778390085816,0.8805971678103284
GWK60_K12177,972.8060671397363,0.26376384689201415,0.20225079950313343,0.1826315663471269,0.24146834910227935
GWK60_K12199,912.0538461153183,0.47489451793159043,0.2043821602756639,0.017484451694506246,0.028972668231084645
GWK60_K12221,1395.2818406656436,-0.4606897258708441,0.18407336205582767,0.010756714642999508,0.018521170554689055
GWK60_K12243,558.4784024111373,0.07761161160408608,0.23209773212968443,0.7297436800554118,0.784438736246049
GWK60_K12265,1685.6545273489376,3.718222641187722,0.1943796648621821,1.1023906169043043e-82,2.8425545370517817e-81
GWK60_K12287,168.62317481692557,0.9389609958812788,0.3776789462954944,0.0073836599513563,0.013079767594795377
GWK60_K12309,3626.2782995371044,1.0182041089642102,0.1557387846706254,3.242080260721427e-11,1.4151640180159755e-10
GWK60_K12331,2198.371700747549,0.3500769989110683,0.16639575429282566,0.03306291199607661,0.05169197066289884
GWK60_K12353,627.3113021542365,-0.2080492783865327,0.24180322076216182,0.38182396624620324,0.4570474378572079
GWK60_K12375,1183.3890305740106,-0.8353323091920877,0.19880704633300217,1.6693488714728697e-5,4.304477138831995e-5
GWK60_K12397,3049.4882470466655,-1.0963599887280715,0.16557731877719833,1.7243147013709204e-11,7.659434883568644e-11
GWK60_K12419,4674.259056629337,0.25344402334034233,0.1523252902915107,0.0967490571191576,0.13855744132535006
GWK60_K12441,44496.665673420306,-0.1683058785460538,0.13895996819748443,0.237116254468005,0.30275278287871366
GWK60_K12463,30.30757710561103,0.5282839906599786,0.7115851111951849,0.31722734668821484,0.38965273110071497
GWK60_K12485,1511.8976614647893,-0.7550994438572638,0.17935695798282966,1.9347475605537507e-5,4.954978490836786e-5
GWK60_K12507,1595.4890947463937,0.7992224388008574,0.17916787381293603,5.776916728301867e-6,1.581397298073727e-5
GWK60_K12529,1451.2900233759306,-0.25763005271751543,0.17941088315591425,0.1442744078402279,0.1967581320545523
GWK60_K12551,1125.854106757918,0.7668637252771576,0.1981229832325288,7.574187366678294e-5,1.8165678049120445e-4
GWK60_K12573,34328.91022650401,-2.0551147245464993,0.1495742165269429,8.396076059627202e-44,1.180363246042271e-42
GWK60_K12595,6977.822533385531,-1.4513136962803352,0.17255155308645337,1.0088893107040028e-17,6.379173321030334e-17
GWK60_K12617,388.14719124869487,0.8587118997416122,0.2726814449577418,0.0010412224452772212,0.002115258203587775
GWK60_K12639,1100.6287203362544,0.019528005777076154,0.19126966405102208,0.9199833428336045,0.937723091056389
GWK60_K12661,1928.224108087887,-0.08588736314137882,0.16970858090681273,0.6066961973217682,0.6794549538520868
GWK60_K12683,1657.1581132180881,-0.41808214179096814,0.17667752476206247,0.014502028246536562,0.024389984508810775
GWK60_K12705,2825.2848631892334,2.095752254239137,0.16531885503926214,1.6419296528342692e-37,1.9860961429935808e-36
GWK60_K12727,2353.327273457795,0.20122774905659288,0.1642377898708994,0.21432163529209458,0.2769936831672401
GWK60_K12749,1142.1679325903258,0.10966895405629339,0.19909250997447667,0.5751345314965507,0.6500237617042478
GWK60_K12771,6.011120032986656,0.42966206846744276,1.0431144937921208,0.24340237160470293,0.30988076500540934
GWK60_L00011,7.130559738774233,-0.06217617029042985,0.9051373104374707,0.860145581867342,0.8902936255631035
GWK60_L00033,1923.498993888262,0.13532706510393236,0.17371923446323873,0.44110021780433706,0.5183761118972267
GWK60_L00055,70.93852991281382,-1.673628655325728,0.583737365627317,9.779042530770282e-4,0.0019973732155197724
GWK60_L00077,431.03434316614596,-0.5045175769663772,0.265756616114249,0.04895299724338237,0.0741236159921281
GWK60_L00099,421.70922600843477,-1.8165566928545298,0.2682209174142219,3.0052413914114195e-12,1.394706408691902e-11
GWK60_L00121,482.2123686993658,1.0241189868460026,0.26949845303444164,7.330908984537726e-5,1.7622185035137073e-4
GWK60_L00143,1570.4619979662043,0.12822322135360487,0.17870072528316872,0.46630091478465496,0.5429221664210763
GWK60_L00165,1231.4768383996286,-0.44778542577254493,0.18687187594545854,0.014374380646869581,0.024198400031640956
GWK60_L00187,308.306385066524,0.1387573832021125,0.2998291868434528,0.628498190797093,0.6993519336107668
GWK60_L00209,12.109191383523223,0.20562459997707291,0.8207055723626019,0.6847278779006026,0.7482885182101686
GWK60_L00231,89846.01538235202,-1.7337506470401969,0.13628042409226643,2.2145652374327837e-37,2.660498146606749e-36
GWK60_L00253,1339.4679487804215,0.25606607335406967,0.19360355263555623,0.17870035988887262,0.2371604575376803
GWK60_L00275,1988.726526561615,-0.172651004417647,0.1963105823262902,0.36576204325843964,0.4407808301040418
GWK60_L00297,8221.478137727723,-1.881966681467012,0.14537252879836104,5.431338687780722e-39,6.852042077233627e-38
GWK60_L00319,2086.5764848329613,0.5696802968263093,0.16840199928321792,5.969279895984738e-4,0.0012591226468545622
GWK60_L00341,569.2119561196793,-0.6668647623113111,0.23697905451163234,0.003682782226512625,0.00686431130089765
GWK60_L00363,123.81117695083324,2.4164170378078995,0.5082102184598654,1.9628304227601511e-7,6.20916912909046e-7
GWK60_L00385,1506.7972376914126,1.9347600030678926,0.18593212966202197,5.322624509580883e-26,4.5016629052231265e-25
GWK60_L00407,10423.96199925669,-0.8863141946165888,0.15383521857428956,4.872690885536461e-9,1.794915959647786e-8
GWK60_L00429,914.8480409726792,-0.48468210431948366,0.20190872734102772,0.014980437982065385,0.025114682896669085
GWK60_L00451,1188.387220426462,1.251279602612575,0.19298194495295137,3.920417633739644e-11,1.7042210207193882e-10
GWK60_L00473,859.7317559461039,0.5301383579723766,0.21235053250851665,0.010734132727689567,0.018488310719637358
GWK60_L00495,324.4932596365438,0.8205197541363437,0.29728245741202286,0.0037329442401667877,0.006948008187859732
GWK60_L00517,4675.0686305966865,-0.5688995829740875,0.1590070249986515,2.9274208696737663e-4,6.488195688509656e-4
GWK60_L00539,123.17696193119829,6.282140030001049,0.7728623649735423,1.7412928359048363e-16,1.0318916962548168e-15
GWK60_L00561,21897.053340163908,3.9192910843734112,0.1410032129824668,4.424289570569722e-171,2.338679467003155e-169
GWK60_L00583,936.63949573387,-0.054267490444944486,0.19945608140609355,0.7797528129977868,0.8238603576866481
GWK60_L00605,14099.055580348928,-5.752977481222759,0.16648987835224327,4.024409505401257e-265,4.431880967823134e-263
GWK60_L00627,6199.726346675284,-3.8769724510215107,0.19148084595236195,8.588340449900288e-94,2.564856927580391e-92
GWK60_L00649,1558.7211245068793,0.8772867053315065,0.18451936590809564,1.2784400254528885e-6,3.7859013862991426e-6
GWK60_L00671,466.50101105525414,0.3623567632314199,0.25227742329783487,0.13986742100226449,0.1917373411353657
GWK60_L00693,933.4452190412887,0.34635835104605023,0.21128567065951367,0.09303981950449537,0.1337162821916157
GWK60_L00715,462.9563710084137,-0.04078034345063854,0.2621742927008174,0.8708488858628278,0.8997863977073706
GWK60_L00737,4246.820730872304,0.8350136962604405,0.15263516125825716,3.191365236306835e-8,1.089764640769892e-7
GWK60_L00759,1020.0364858271323,-0.5316959975154681,0.1959143249577318,0.005912947487174547,0.010678455899284133
GWK60_L00781,1905.861053630685,-0.4291202557438923,0.17686288378106135,0.013517866699157124,0.02286574187895826
GWK60_L00803,328.97300243646384,-0.2866589506793548,0.28394465340607034,0.2907782436329663,0.36191518621235225
GWK60_L00825,688.7770945090793,1.1586116116255636,0.23363898690403156,3.4312127894940863e-7,1.0631530366509814e-6
GWK60_L00847,2629.227254524156,0.9765119658004291,0.16645290919139027,2.5109869859574644e-9,9.460496940677945e-9
GWK60_L00869,1857.4559580277275,-0.7548999407148993,0.17387471762827164,9.984396756380464e-6,2.662841637448392e-5
GWK60_L00891,3748.637110633295,-0.11547041670225985,0.18393322082872965,0.5343600062837743,0.6109943744789165
GWK60_L00913,9328.195261736939,1.7652224893966275,0.1549503027315848,1.0062751552597166e-30,9.850315686486781e-30
GWK60_L00935,14287.104119527403,1.324223426204848,0.1465279454664609,6.278970112666527e-20,4.378711875403069e-19
GWK60_L00957,550.5129556002497,0.9644132080863664,0.2579351289844675,1.01937591583964e-4,2.409848430737181e-4
GWK60_L00979,977.2259336060525,-1.0323407868040608,0.20318581601473207,2.1613163036588525e-7,6.816657506647192e-7
GWK60_L01001,2892.504490120689,-0.3011567909884352,0.17741770354056421,0.08438951418469723,0.12238215966537985
GWK60_L01023,815.4169378510335,0.4804197425949894,0.2114246868986457,0.02012710187625671,0.03294885739172901
GWK60_L01045,1670.7096623053226,-1.2549551663698066,0.17736315989684265,6.339459370190789e-13,3.0575166269004113e-12
GWK60_L01067,1131.445308344723,-0.29794298926474977,0.19120975739576662,0.11194276977923823,0.15775246095789208
GWK60_L01089,986.6516753894815,-0.8758758670602097,0.20004848954702534,6.661363254140545e-6,1.810383864338659e-5
GWK60_L01111,3309.0546025910803,0.08475235351067684,0.1563853416520877,0.5835682598673924,0.6570270120679523
GWK60_L01133,2570.8576020085766,-0.13977030952538047,0.16251929385105537,0.38677724871133323,0.46253919822503575
GWK60_L01155,8515.286429080288,0.8429870445940486,0.15079837124035425,1.4915191590545974e-8,5.249114696912518e-8
GWK60_L01177,2175.108005005415,0.1276305407751351,0.1680785295862609,0.4429183994571707,0.5199207520366262
GWK60_L01199,5132.346687919811,1.077729585570464,0.14984680896784625,3.871258343550891e-13,1.8895172302871662e-12
GWK60_L01221,2716.3837014344153,2.879401690019634,0.2324071412051822,3.30087776903085e-37,3.929828803400242e-36
GWK60_L01243,5417.6380450769575,-0.09221264426511021,0.1524575616175056,0.5543589691721302,0.6308593134647751
GWK60_L01265,0,NA,NA,NA,NA
GWK60_L01287,1225.8419739222707,-1.2113510247578723,0.19057920806007111,1.0313236574525474e-10,4.316371221927289e-10
GWK60_L01309,3546.824522115798,-0.19932125693827865,0.15459275662191513,0.19350534112430104,0.2541921553635823
GWK60_L01331,684.5320727964553,0.6460615693329197,0.23929239839663669,0.0051846668618925,0.00944713858392408
GWK60_L01353,0,NA,NA,NA,NA
GWK60_L01375,5039.417971755569,0.41297709412867134,0.14922951866047507,0.005156149690862766,0.009401658249706995
GWK60_L01397,2189.396747024263,-0.07491985203035437,0.16539607627234168,0.6590374319593579,0.7254536111958126
GWK60_L01419,1185.7389793907062,-0.2572745329864885,0.1885153245385724,0.1639394351559861,0.21927729105125066
GWK60_L01441,2059.8949673540483,0.16630222420452032,0.16732768234393872,0.31579817231274554,0.3884824619141664
GWK60_L01463,2312.933996100699,0.5134057434863354,0.1647853071930675,0.0015672514753202664,0.0031121304652678167
GWK60_L01485,1311.86400587529,0.876932968220675,0.18934276249763377,2.083530754294221e-6,6.011759589082562e-6
GWK60_L01507,2472.7841586586223,1.2003339781617506,0.16759114708317205,3.832670016636212e-13,1.872411618108966e-12
GWK60_L01529,0,NA,NA,NA,NA
GWK60_L01551,0,NA,NA,NA,NA
GWK60_L01573,1397.9807040404112,0.7686253052811799,0.18495948339886914,2.099924891930238e-5,5.35465652616654e-5
GWK60_L01595,1135.9281521460703,-0.15706482646887052,0.19286524174466255,0.4054413396684261,0.4823684270734415
GWK60_L01617,411.426463886986,-0.4691116949393732,0.2652806427023705,0.0651423352252723,0.0965085156952885
GWK60_L01639,2945.8455263896994,0.9222004767865013,0.18340864002668722,2.8346951538615e-7,8.840235152396395e-7
GWK60_L01661,1195.1125036664087,2.5688201076676562,0.1970589809335768,1.4108801846055453e-39,1.8014281777354861e-38
GWK60_L01683,634.6894882870492,-0.4603581580500207,0.2306733261210852,0.03965087261290559,0.06112409233940477
GWK60_L01705,605.419001272805,1.1506929401993096,0.26344291912983236,5.1404000712765155e-6,1.418170917367832e-5
GWK60_L01727,4.0630338182410775,-0.0864745585203207,0.9572440265564678,0.7579055615784633,0.8062565503126902
GWK60_L01749,641.31237423466,-0.4112589141562739,0.22320628250128444,0.05803746145551993,0.08685184412931395
GWK60_L01771,4730.572621680144,2.658908788755414,0.1541806281686588,1.6988408705970053e-67,3.4806483883627013e-66
GWK60_L01793,1186.3179112220582,0.38395888815584617,0.18846774633718646,0.037759151338065275,0.0584807717471471
GWK60_L01815,329.6661227397702,1.2063269722122494,0.2980038427803582,2.2370442849522814e-5,5.685103889547e-5
GWK60_L01837,2410.3827907426444,0.7234039617442094,0.16623282236134493,1.0035194789335916e-5,2.6723445670745417e-5
GWK60_L01859,2.2696778322795863,0.286645868453068,1.0685519584665948,0.19693050870738504,0.258114224901373
GWK60_L01881,4152.935602384992,0.36721740304672584,0.1519657249399716,0.014560304703667152,0.024480206954066337
GWK60_L01903,842.4364971137146,0.1949442101851065,0.20792414902892445,0.3386738275633115,0.41306641728187926
GWK60_L01925,155.3748812439182,2.8310097810200148,0.4579645404447733,5.0533312199586977e-11,2.1734669510741803e-10
GWK60_L01947,2694.442505806309,-0.8016788001569944,0.21120579859019406,8.558911990289127e-5,2.037946341471546e-4
GWK60_L01969,1371.7866024914026,-1.3453108320403988,0.1878809258882034,3.356640893502869e-13,1.6444118408763823e-12
GWK60_L01991,7210.552283793645,0.9396515915368223,0.1458507584413834,7.81695194595201e-11,3.3109301271075587e-10
GWK60_L02013,1325.6843895593468,-0.28035676512365265,0.18952085751023137,0.1308600879901631,0.18089080154707168
GWK60_L02035,384.1456468245845,0.2565758315108805,0.2677906548997908,0.3159617090803287,0.3885028132585759
GWK60_L02057,2649.927215383391,0.41633370592695196,0.161292113222216,0.008890677230697058,0.015540965922946685
GWK60_L02079,890.6215849401607,-0.48898823096345784,0.20516798713737844,0.01469731710557394,0.024671330015898333
GWK60_L02101,382.2322428929572,-0.6849352964117021,0.2690808723030737,0.008259603106273378,0.014519541742521144
GWK60_L02123,688.9302368062664,0.27377768361751725,0.22255761801263946,0.20757396561859215,0.26992275086343864
GWK60_L02145,1010.9880670482869,0.36437822548379467,0.205703148875556,0.07008380607403243,0.10325055710906784
GWK60_L02167,118.76853796902418,-0.16208926766495577,0.4134382418117598,0.6645819089486447,0.7300457129473267
GWK60_L02189,1696.3028117790614,-2.142343706945702,0.18520323180843226,9.555803625350592e-32,9.658121981568497e-31
GWK60_L02211,1008.56177528003,1.4089387674013807,0.20380859871713136,1.7272579668713713e-12,8.137509458896674e-12
GWK60_L02233,4975.327335559512,-0.16549763660024008,0.16470180356402253,0.2961334908717267,0.3677147363748995
GWK60_L02255,1180.4728939268637,-0.3363172494283602,0.19348708639382534,0.07602120796274597,0.11134610842091307
GWK60_L02277,410438.0474366225,0.09968089107263135,0.1573647497645216,0.5221249458764301,0.5982066287672044
GWK60_L02299,227.34077894280745,-1.2204763147100663,0.33751402398118585,1.2675419658836405e-4,2.966014533714442e-4
GWK60_L02321,7085.092347057278,0.5096104394434068,0.151103838668264,6.520910143232003e-4,0.0013689249808230487
GWK60_L02343,1461.7779609818526,-0.5642504563432951,0.1804850844689004,0.0016421498583485987,0.003249947190709321
GWK60_L02365,4288.651736940297,-2.334279747515021,0.15551063599797119,9.95645621052491e-52,1.6395584899948496e-50
GWK60_L02387,5.205616828519712,0.2722142859204896,0.9567703100215555,0.5149282556000312,0.5909489272908739
GWK60_L02409,0,NA,NA,NA,NA
GWK60_L02431,885.7579114724416,1.0113303419944104,0.2073749262713076,6.205331225629096e-7,1.8883926804073347e-6
GWK60_L02453,1085.9504401641018,-0.8568613099699561,0.2165738289286349,4.6911668762837783e-5,1.1501627137308001e-4
GWK60_L02475,170.5374390595444,0.33706808366484076,0.359611392501876,0.3171984240886799,0.38965273110071497
GWK60_L02497,185.21094710330584,0.8826514051660299,0.3948395565448041,0.01400764563567749,0.023626169377852974
GWK60_L02519,1686.1652993431949,0.14304701253534444,0.17369547524826537,0.40869568071113554,0.4854753636492275
GWK60_L02541,828.0855452149688,-0.22677924194833163,0.21084358526064095,0.26968488304544697,0.3381865243630367
GWK60_L02563,717.8039786190271,1.8038531926584978,0.22416272680906765,2.1590922947716504e-16,1.2751912704092674e-15
GWK60_L02585,3984.472860507809,0.52870633199914,0.1608064411480678,8.448213297365829e-4,0.0017417026322104436
GWK60_L02607,2077.282640153725,-0.24804943373021837,0.167764644896389,0.13247597054475618,0.18278986695368865
GWK60_L02629,559.509088539965,-0.015981553955080857,0.23477263852698363,0.9389679872924693,0.9513867703331403
GWK60_L02651,1751.7227059775219,0.548461550262183,0.17468236447582938,0.0014026858674042598,0.0028043107016259144
GWK60_L02673,3426.4377440420967,-0.8610710769762281,0.168101238826779,1.9071185646545678e-7,6.040161014238494e-7
GWK60_L02695,1544.5332286366352,0.7041113154865788,0.17886678820084717,6.254043488002063e-5,1.5122998114171503e-4
GWK60_L02717,6253.800145046548,-0.19671350897490827,0.14700977289054648,0.17561123534587314,0.23347107395329111
GWK60_L02739,534.5103047964992,-1.8595475842376001,0.26509827243010253,4.20244287104778e-13,2.0436166528388744e-12
GWK60_L02761,242.39582194598145,-0.4506563470264316,0.3150915712686063,0.13112678103835942,0.1811173672769187
GWK60_L02783,1090.144113992726,-0.48839749472798555,0.19335207233736332,0.010068447451282223,0.017461224812164642
GWK60_L02805,0,NA,NA,NA,NA
GWK60_L02827,1.7048494933189153,0.1037275261818382,1.0239511846038076,0.5040420526176023,0.5805984506726184
GWK60_L02849,3860.021526096871,-0.46701475278504945,0.15345162764094286,0.002060503991986073,0.004025064339112484
GWK60_L02871,0,NA,NA,NA,NA
GWK60_L02893,83.70591320441268,2.213080106434833,0.5574112730839282,1.1642814331017399e-5,3.06952202263132e-5
GWK60_L02915,3702.240950895163,2.0582326572146608,0.16374579842512565,5.435968170281449e-37,6.442719226033125e-36
GWK60_L02937,771.1264633835768,0.8214111778390583,0.21945611622301003,1.3012870359408634e-4,3.038252328614578e-4
GWK60_L02959,1921.8651453556981,-1.4462699300662973,0.24207051124637355,3.8294802274567614e-10,1.5464195937613782e-9
GWK60_L02981,584.6175567532265,-0.06764012108627533,0.2312435080650221,0.7672932580450558,0.8137865493631953
GWK60_L03003,0,NA,NA,NA,NA
GWK60_L03025,1563.3266154411892,0.3857862867695172,0.17689057246475692,0.027150724991988846,0.043346038147886755
GWK60_L03047,9233.496073093489,-1.9625891289572006,0.14622075949849894,9.303817464870067e-42,1.2513989597787068e-40
GWK60_L03069,697.4685887530285,-0.778282810771228,0.23494542965914783,6.785047873666675e-4,0.0014204262598099821
GWK60_L03091,1338.719653036763,-0.38423394976974584,0.18815085706224,0.03721237114427711,0.05771848411638756
GWK60_L03113,825.4282392305242,-0.6389196997404237,0.21171092083884502,0.001963392592724848,0.0038438863870902023
GWK60_L03135,2864.781217306362,-0.21612913520324356,0.1671067567544399,0.18840410480847397,0.24810764773731772
GWK60_L03157,45.17862374530206,-0.5135472215580048,0.6085901339477987,0.29586373109000913,0.3674660908227886
GWK60_L03179,4688.997680018834,-0.45128000873056134,0.15133330434480324,0.0024749405350345246,0.0047624811314861655
GWK60_L03201,732.0495580027837,0.2500783168937618,0.21532873101187214,0.2352203652171574,0.30084075744928473
GWK60_L03223,2499.047788956882,1.0632481695839369,0.1652038470448295,7.22503226315459e-11,3.077479495812664e-10
GWK60_L03245,270.20291771963,-0.38789600360423576,0.3138599539808187,0.19078548599404524,0.25086867635933413
GWK60_L03267,973.2868209434727,-0.6953353102432792,0.20533066016463458,5.091731180804515e-4,0.0010852778637795428
GWK60_L03289,1076.1427838330314,-0.9169006115129003,0.19495118434801662,1.5319931342365214e-6,4.488977664952468e-6
GWK60_L03311,20.99997376979509,-0.9743125901364069,1.1376926366154565,0.061036276533881474,0.09103774203106588
GWK60_L03333,1341.6167202129266,-1.0207191468445587,0.1897173478972313,3.8861866484443565e-8,1.3142919145026787e-7
GWK60_L03355,983.2555356931997,-0.9431620310229692,0.20023633468799884,1.470145209791068e-6,4.317326432753102e-6
GWK60_L03377,1495.1649647360932,0.7405591570172246,0.18076472452730835,3.070110785933627e-5,7.687638850992493e-5
GWK60_L03399,6842.937709769976,-0.3662761843178878,0.14566264178224578,0.012071305561973961,0.020603461801935535
GWK60_L03421,978.5791184470269,1.200487582854716,0.2019165845703672,1.32996865353415e-9,5.1091673710621484e-9
GWK60_L03443,11440.777818134262,0.08926132301079924,0.14630552272763706,0.5343146802215446,0.6109943744789165
GWK60_L03465,4608.770576770628,0.12138732877247095,0.14988164017885444,0.40105296058810597,0.4776849818992177
GWK60_L03487,6875.428687157828,-0.8969721231871752,0.14600030685756682,4.893627320971316e-10,1.955231596270172e-9
GWK60_L03509,1474.5572741317644,-2.186593480122522,0.18762765321587463,3.086841106501534e-32,3.1683576871780792e-31
GWK60_L03531,38943.27031853615,-4.912933610863594,0.13989125410648212,1.7310635253283304e-271,2.0334226210856787e-269
GWK60_L03553,9181.036893819331,-0.2717226111153013,0.14280179646173946,0.055838949831627176,0.08380598773707587
GWK60_L03575,508.11206387485163,-0.4685103032114015,0.2617547843344022,0.06302834476841686,0.09361276494685347
GWK60_L03597,1476.2214197043863,0.07726853516263317,0.17975016749320036,0.6634383885053362,0.7290544361757781
GWK60_L03619,1057.1565219518122,-1.3500290804962558,0.1974846373157132,3.140072985585484e-12,1.4534523469181148e-11
GWK60_L03641,8219.782878427648,0.24833134243370453,0.1715034463767127,0.1415943853014806,0.19385338531562457
GWK60_L03663,5537.527732519808,0.14763676130605918,0.1777894167937842,0.37936173332613815,0.4546148543101261
GWK60_L03685,21665.154396584137,0.8736365280063833,0.13896402714918069,2.1432495420481883e-10,8.802810473400717e-10
GWK60_L03707,732.5954072023347,2.768312738041421,0.24240233213514292,3.04212815022842e-31,3.0226859778397417e-30
GWK60_L03729,439.7873672217977,-1.1206180589342545,0.30256249745997343,8.354973984089777e-5,1.9920790473567236e-4
GWK60_L03751,317.8090566419726,4.281450593501252,0.3853094172703238,3.0130395986141587e-30,2.9116868954797883e-29
GWK60_L03773,4234.09350301915,-2.659822006377232,0.16804738794126328,1.4569070819355024e-57,2.567070278370355e-56
GWK60_L03795,8530.740757254096,-0.43452910249342896,0.1438339524784521,0.0023129770251375742,0.004491696015752101
GWK60_L03817,4281.777553557409,1.0951119004281937,0.15855425835574738,2.4973034396559992e-12,1.1640869472682198e-11
GWK60_L03839,191.28000042374964,-1.7014594486199988,0.36909945186268245,1.0309741156216643e-6,3.08242600405889e-6
GWK60_L03861,298.2538778293836,-0.019047930486194877,0.28822362971811144,0.9436374684950914,0.9542790308525176
GWK60_L03883,0,NA,NA,NA,NA
GWK60_L03905,1084.9941679540332,-0.4582549607907286,0.2000640029464944,0.019078817624011372,0.03136878070311792
GWK60_L03927,644.495128520465,0.5397012254102692,0.22874546015578287,0.01527179771560003,0.02557070722985802
GWK60_L03949,1348.7238586750811,-0.5763066446257992,0.18342017766981855,0.0014149082456738058,0.0028255402291770828
GWK60_L03971,283.5541376021943,-0.24781414551127612,0.3097021641642447,0.39712844590645435,0.47386477766625684
GWK60_L03993,2023.0528648547654,-0.008595198839192422,0.17196009301037823,0.9763598992209142,0.980999510983036
GWK60_L04015,500.95474987613164,-0.5311226775883091,0.26229378898086314,0.034449540893611436,0.053669399694556454
GWK60_L04037,4937.495129156663,-0.8984305698158943,0.16102225869699818,1.3493540737501923e-8,4.777418374978913e-8
GWK60_L04059,79.28192460696255,-2.258860283988459,0.6349325285445946,3.424314620708232e-5,8.510073852874338e-5
GWK60_L04081,1077.2473353337778,0.22353082225804954,0.19228778956014322,0.23693633085398833,0.30259614517858957
GWK60_L04103,14547.435342284312,-1.7786004910290183,0.1410508248554686,5.618682417905647e-37,6.644374778758222e-36
GWK60_L04125,878.6577669928192,0.10213168652939511,0.20764991317647571,0.6165682853305187,0.6881714434664531
GWK60_L04147,1992.6958037129848,-0.06827293513131366,0.17340501873818048,0.6876423470946029,0.7502327031459384
GWK60_L04169,819.1386647453392,-0.32260750109499525,0.20882715354139705,0.11302544059484956,0.1590661552141573
GWK60_L04191,3807.334772049948,1.8978306415559485,0.1565910248060147,1.958608893417927e-34,2.147968176474515e-33
GWK60_L04213,3008.6116530566383,0.11880777018607312,0.1622259664379877,0.452092353065794,0.5294252322383836
GWK60_L04235,2797.8654314438945,-0.28095146557394185,0.16195494444161407,0.07995406636916684,0.11655741721660672
GWK60_L04257,1863.479191224967,0.32122828487330896,0.7100765717436148,0.5192688521289599,0.5954132651526425
GWK60_L04279,3458.346288459763,-0.8626702873426053,0.15602112027588871,2.117884322796265e-8,7.360379046877749e-8
GWK60_L04301,6740.998284996455,2.596875550569803,0.1484001474394309,2.561503027040714e-69,5.37305754005445e-68
GWK60_L04323,205.05958621235382,1.4732838801701063,0.35752668775824403,1.2391478407512457e-5,3.250687586208975e-5
GWK60_L04345,799.0414108568995,-0.7387619950066103,0.21209007694656326,3.558310072376566e-4,7.782055044510769e-4
GWK60_L04367,2747.8914915260575,1.1680530271964373,0.1678835453159219,1.5782323956520887e-12,7.482095464947928e-12
GWK60_L04389,2476.2860235376265,-0.858841324735783,0.16376234798569322,7.756585233098593e-8,2.540353751063145e-7
GWK60_L04411,224.80854827943415,0.04581708448867702,0.3207760061815967,0.8850020658505617,0.9103173613710973
GWK60_L04433,6982.202572893792,1.7807999770096714,0.1472446728949514,2.95712483151869e-34,3.2229612081253185e-33
GWK60_L04455,1999.5484769244963,0.4539384851708601,0.17422156011075504,0.008112131248610951,0.01430311066716394
GWK60_L04477,2101.68490614175,-1.276352276742967,0.16926886325136845,2.0781689157136e-14,1.0941435147870607e-13
GWK60_L04499,2767.9440856810534,-1.5072626518817165,0.1777084928962558,6.051516828865505e-18,3.877371873622189e-17
GWK60_L04521,2794.519994441824,0.36645318897495127,0.15971766390296113,0.020240546014925226,0.03309842437779039
GWK60_L04543,904.88359976522,0.047554644036912966,0.22075021745268408,0.8265026113967722,0.8644425808950015
GWK60_L04565,4637.331172357753,-0.3745750793937451,0.1554148204665946,0.015787292808033145,0.02637535707435626
GWK60_L04587,122.75981131435755,0.43374560820776314,0.4116404185473326,0.2511394401281751,0.3180457787536017
GWK60_L04609,5462.967788056621,0.44834864819417725,0.15048776666870323,0.002599532001469227,0.004981021609973895
GWK60_L04631,6820.516256946134,-0.41197533934155683,0.14560470518736499,0.003677535034445273,0.006859368451685855
GWK60_L04653,3033.6594070518177,-0.4562925650896582,0.16613137925399316,0.004894293476425196,0.00894888803749
GWK60_L04675,109.93088360479412,-0.13018805988207766,0.4564046012767015,0.7428891005931555,0.7962108243583577
GWK60_L04697,1834.6979860148301,0.07271445507411455,0.17655200034101437,0.6772079725191287,0.7409897211211165
GWK60_L04719,213.6168218481383,1.6690724469519878,0.3533772569460133,6.482691807128042e-7,1.971663342490151e-6
GWK60_L04741,18437.713108640884,-0.47677240396441073,0.13853343083695596,4.870403989059219e-4,0.0010435733881705323
GWK60_L04763,3660.0914879827865,-1.5954305629149923,0.15760312566997234,1.3128471828038375e-24,1.0692927901850672e-23
GWK60_L04785,5282.758604725483,-1.1528987662208021,0.1536757878659688,2.9262692843680555e-14,1.5269752652684642e-13
GWK60_L04807,1541.572245855155,0.47884697548190774,0.18283467602872067,0.007843522191587071,0.01384335836551895
GWK60_L04829,1441.6772578961145,2.7294157007719266,0.2020437024221872,9.67093503785038e-43,1.3312646513040916e-41
GWK60_L04851,2109.833196004548,1.7998203355087496,0.21804840077770657,1.8715310456674048e-17,1.1597787933643496e-16
GWK60_L04873,658.3904748209613,-0.0683472374477587,0.22150972943115133,0.7565061554034387,0.805131937494283
GWK60_L04895,4591.911259896414,-1.2644200685087401,0.1526058992251006,4.612541844032951e-17,2.7833214825979654e-16
GWK60_L04917,6922.845898955717,3.5891974093276957,0.15011588419630417,2.7846749653072203e-127,1.1236482340926693e-125
GWK60_L04939,761.49290539957,1.363431210491956,0.22435164917467604,4.2300257324876495e-10,1.7003738419718416e-9
GWK60_L04961,14632.508128121002,1.4442642493158493,0.14410732540954713,4.64866346547039e-24,3.734473416181836e-23
GWK60_L04983,8889.156714274883,0.1391591699866807,0.15506673563158216,0.3642437900050174,0.4392333971463925
GWK60_L05005,0,NA,NA,NA,NA
GWK60_L05027,139.82783400819125,0.6969786936775906,0.39982697587130733,0.05779408208028546,0.0865682963662196
GWK60_L05049,5398.170891954723,-0.44595733153150774,0.14817880072297726,0.0027225436535428383,0.005189818158177945
GWK60_L05071,339.90903075305647,-0.14983682060567077,0.2763093996863715,0.5710164954962786,0.6457837388090135
GWK60_L05093,1665.6900542280255,-0.8705052285182097,0.1834993289292534,1.2908080129805512e-6,3.820386985786783e-6
GWK60_L05115,3671.282174465411,-0.4916590977661256,0.16251278124347823,0.0021095663044614415,0.004114821950325896
GWK60_L05137,910.7437985863717,1.0381312126039057,0.21129943846406454,4.762397529392251e-7,1.4610582321745468e-6
GWK60_L05159,6236.8131833484895,1.309248648977412,0.14922052552062598,6.753810010769866e-19,4.5362947543747785e-18
GWK60_L05181,4110.608457690193,-0.6680389382414897,0.15464596721563836,1.3561598294219947e-5,3.538332111710101e-5
GWK60_L05203,3850.1752458655637,-1.0737187956270742,0.15762785098440368,4.944312081302339e-12,2.272663796675145e-11
GWK60_L05225,10611.530395645892,-1.2352444217114484,0.14442229541533494,5.952825766116716e-18,3.818766626176331e-17
GWK60_L05247,0,NA,NA,NA,NA
GWK60_L05269,3717.9649404206484,0.28723759447179914,0.16167143203685697,0.07184599831282522,0.10561121998931983
GWK60_L05291,6268.002520527524,-1.1854126130122076,0.1663080962198901,3.987411119371004e-13,1.9442375539281967e-12
GWK60_L05313,678.1183341822663,0.3296517726090116,0.2301363626416035,0.1385680919664421,0.19020278736292207
GWK60_L05335,35.67808042950848,0.17904758415060554,0.6268928504258633,0.7198669926577662,0.7768919810512357
GWK60_L05357,6419.214648886912,-1.024315022233493,0.1620658041084072,1.246833139393e-10,5.197760232516876e-10
GWK60_L05379,2105.5143578796014,-0.4692994170431989,0.16860040231832799,0.005142381417075321,0.009379788878764716
GWK60_L05401,374.3390719509318,0.9301973649877153,0.2774848049866097,4.577274666180331e-4,9.871674371860152e-4
GWK60_L05423,3459.893382573782,-0.7083792116276594,0.16078725703397861,7.746396371733118e-6,2.0870260561152527e-5
GWK60_L05445,647.9737147702795,0.7472933595204313,0.22577407069083164,6.887300967762654e-4,0.0014406914489748077
GWK60_L05467,0,NA,NA,NA,NA
GWK60_L05489,1755.0374869087852,-0.21872706878375914,0.1746317073459269,0.20200408967436884,0.26404392136961263
GWK60_L05511,0,NA,NA,NA,NA
GWK60_L05533,175.59091309913433,0.822337952440014,0.37764851462242044,0.018614300006617793,0.030633620745635633
GWK60_L05555,1327.1763006078804,0.36380227603296456,0.18553887845647954,0.0460431278098495,0.07001840437366641
GWK60_L05577,8003.666152518084,0.2891716166992589,0.14380003746567172,0.042368971240176065,0.06474772534708606
GWK60_L05599,2031.5618607687388,-0.3114689395839877,0.18097666571173787,0.07901379888862016,0.11525025963720921
GWK60_L05621,384.36548826815726,0.8191686344123681,0.28820054511743,0.0028377166090899995,0.005393804385346903
GWK60_L05643,697.0318094635068,-0.4761618077811574,0.22375793349074632,0.028499089775250352,0.045130673622520476
GWK60_L05665,0,NA,NA,NA,NA
GWK60_L05687,22.259815382926188,-0.2199869654468275,0.7620480636605405,0.6480449864156745,0.7158967185356856
GWK60_L05709,23.457514157674783,-2.854681628139797,1.6161135065104868,0.0013596334678596133,0.0027233885983728367
GWK60_L05731,1377.7739710296896,0.8710231172784414,0.1918805946685966,3.5609634362676796e-6,1.0012368470271784e-5
GWK60_L05753,951.4474234089968,-0.43031964974640874,0.1992647533990483,0.02730635231089144,0.04355503268417989
GWK60_L05775,4286.720748246478,-0.33266360946794615,0.15451081341423908,0.029838785519446385,0.047040805325318694
GWK60_L05797,1849.9708406827613,-0.5867651026064564,0.17156505481562928,5.097833487565763e-4,0.0010861405810267078
GWK60_L05819,11993.307442095793,1.5007617328612186,0.14224290099708659,1.7797920155620304e-26,1.5473652293192258e-25
GWK60_L05841,2529.770324577808,0.8543328990061896,0.16330999430939977,1.1342052118270075e-7,3.671407685068929e-7
GWK60_L05863,1158.7619597617715,0.4820750159103828,0.1919134260129792,0.010484985024418065,0.018100467289050914
GWK60_L05885,2099.0960785189827,0.8875398473929798,0.17629832100297013,2.98880820932142e-7,9.298905352838745e-7
GWK60_L05907,5669.557580395634,-1.0105804562515495,0.16795775533910604,9.136873743667943e-10,3.572301376407452e-9
GWK60_L05929,5423.817681627957,0.8450609025204298,0.15265879435910285,2.0630796187994836e-8,7.188819291347442e-8
GWK60_L05951,1807.6840395041415,-0.15913655807520144,0.1721819448385993,0.3464915077979154,0.42104692188960474
GWK60_L05973,825.0513450421206,-0.30449835530509983,0.21500928310587347,0.1458707916886712,0.19867894997843752
GWK60_L05995,1403.8402418721325,0.6502138612194509,0.1829190954560425,2.997968749911186e-4,6.625109871250221e-4
GWK60_L06017,2429.197859119258,-1.5036018188019198,0.17510686117586305,2.6252244943517606e-18,1.7110896026070786e-17
GWK60_L06039,2069.3719302594172,-0.30643906332724674,0.16765897711585606,0.06489534072798515,0.09622349820143886
GWK60_L06061,2322.0809504889316,4.081372978961843,0.18786449976370467,5.013889229313732e-106,1.7322495729511363e-104
GWK60_L06083,1246.0761801912627,-0.469870561499694,0.1899491578711358,0.011400530028288263,0.019536803879993955
GWK60_L06105,569.6480325591665,-0.08678580600093776,0.24725826962573266,0.7177690766496287,0.7754463778899522
GWK60_L06127,779.5043688502687,-0.35249496012185166,0.21175993527850281,0.08896217817322086,0.12827443366711552
GWK60_L06149,809.4458614499584,-0.2849148706055502,0.22096919012520128,0.18433609329918835,0.24335679050437303
GWK60_L06171,2180.1730541191537,-0.19367728013026167,0.1732382225092128,0.2548376118207092,0.3218040172203222
GWK60_L06193,8250.130654340173,0.1779679916013341,0.14336723050713285,0.2046268032577515,0.26681235372976675
GWK60_L06215,339.51778857105165,0.012521710074694619,0.27542259431932287,0.9638606036182691,0.9705024517125038
GWK60_L06237,5362.043981114059,-0.3355899285706486,0.1479759916047177,0.023164178033349463,0.037410890645977773
GWK60_L06259,4993.106390451591,-1.1314141126722417,0.15775469093440353,3.0018779284404805e-13,1.4719783608289776e-12
GWK60_L06281,218.71221975977562,-0.5106639724828653,0.33947878140526166,0.10777186011623499,0.15232140443166262
GWK60_L06303,316.4120064781355,0.12503195819174895,0.28265005693897305,0.645482722262918,0.7135135236055593
GWK60_L06325,2213.807440363381,0.27912621092261514,0.16889926679249978,0.09426083634158791,0.13528720632680796
GWK60_L06347,1709.3640837443418,-0.9151147326153379,0.19801583452889288,2.16985328007209e-6,6.250596424229464e-6
GWK60_L06369,36157.793271783274,0.348716778802647,0.1587727138229298,0.02585163745142617,0.04143473485998749
GWK60_L06391,283841.36041532346,-0.03956829066538806,0.13441843524612415,0.7644935888435354,0.8113055833420855
GWK60_L06413,741.2991378309673,2.54689568973607,0.22695167438865158,4.7322423786678176e-30,4.548115129752379e-29
GWK60_L06435,415.54979387749086,-1.1105104412497513,0.2785097411954761,3.087807731470055e-5,7.72463401256541e-5
GWK60_L06457,1121.7753407795412,-0.8666029229417498,0.21011503996916794,2.2770536153255233e-5,5.778447148636926e-5
GWK60_L06479,1176.41055284218,-0.44897059054167576,0.19277347955586657,0.018427433841187953,0.03037337551746789
GWK60_L06501,820.6217205562418,1.189488662771711,0.2120189185448266,1.0545030102047526e-8,3.771382213763412e-8
GWK60_L06523,2321.052815610231,1.4546331682248315,0.16708289963388545,9.004884826279857e-19,6.017676509698524e-18
GWK60_L06545,2652.5673170957843,-0.5123916528182897,0.16684894970466727,0.0018118086047392932,0.0035651076047089132
GWK60_L06567,0,NA,NA,NA,NA
GWK60_L06589,10.19660423636629,-0.35129696010403855,0.8853834165867898,0.4749419289897256,0.5514041371929913
GWK60_L06611,0.8524247466594577,0.07628808195626423,1.0204693148659714,0.6387831689993797,0.7072911251216425
GWK60_L06633,801.4472698160849,-0.48377123398670163,0.21021649923674793,0.018331099016089054,0.030226605849470446
GWK60_L06655,3419.514658833902,0.6604324067246511,0.15612159035136938,1.82304835022869e-5,4.680249431427322e-5
GWK60_L06677,25.495368043197164,3.6332836493729332,1.214379076280664,1.8922090981188973e-4,4.3224793831704805e-4
GWK60_L06699,7934.492071552449,2.458239412818648,0.1479061311265242,8.62980082157965e-63,1.6527944616981893e-61
GWK60_L06721,1300.073364845448,3.76775820457968,0.2048102174791434,1.2099371150772169e-76,2.842545595688075e-75
GWK60_L06743,373.1640261310015,0.12329279415845303,0.2820975655975471,0.6503710381183468,0.7181661390210115
GWK60_L06765,37.41343602977233,0.4539113428474282,0.6521863216536155,0.3716982991126922,0.4466463307819256
GWK60_L06787,2275.680541308093,-0.9966147930956988,0.1664228389430431,1.1927455518425124e-9,4.605444110328357e-9
GWK60_L06809,2311.7461538657953,0.47442994743471983,0.16623646630406674,0.0037678597538192394,0.0070105268070005285
GWK60_L06831,462.29598138320114,-0.214706376979524,0.24741059659969364,0.37072286847129426,0.44557550767150106
GWK60_L06853,1484.6385052705791,-0.7182342576144864,0.18360518217602995,6.702190819054764e-5,1.615493874579274e-4
GWK60_L06875,4956.849280447879,-1.3955424521945001,0.1507676974421467,7.061562298136953e-21,5.106349973728034e-20
GWK60_L06897,3333.902076221744,0.4870688989331489,0.15746602171549526,0.0015937583852333437,0.0031612033111982946
GWK60_L06919,1184.4688986540007,0.18576988351110027,0.18792958033835547,0.3117256781082508,0.38409835302569084
GWK60_L06941,856.943040802592,-0.46926308392130656,0.20876764437883474,0.021259622706101,0.03463123748057007
GWK60_L06963,7697.263620282025,-3.1873260535046986,0.15798499019451648,9.739267221217192e-92,2.7979220940953304e-90
GWK60_L06985,2353.483475232821,-0.4531808750349572,0.1719484548350539,0.00748383110270466,0.01324390063906824
GWK60_L07007,2916.8743017874026,1.4655591689269545,0.16114835173382622,3.4010845096654194e-20,2.3938925057378706e-19
GWK60_L07029,15105.788701619227,-3.9964396027926283,0.14223264731877613,2.576930563388368e-174,1.4189223914657203e-172
GWK60_L07051,8283.241994160284,-6.302731120956868,0.1862766090773322,7.063789811655746e-254,6.550735604282855e-252
GWK60_L07073,1499.9037337978236,-5.7243490204842225,0.24865038488695315,4.503975001832434e-119,1.763556434050833e-117
GWK60_L07095,401.20985404682426,-0.3126557626297238,0.26807562117842576,0.22282957739003528,0.2868673029916528
GWK60_L07117,3813.9921793917156,0.4124700001896992,0.15450099793501512,0.0067818816026184395,0.012131650135851463
GWK60_L07139,1196.3898961950833,-0.5197440368240362,0.197546638899387,0.007363416725902912,0.013048280527362652
GWK60_L07161,2044.6547582386358,-0.4235174586768814,0.16796593081976388,0.010415124891967444,0.01800338462359055
GWK60_L07183,810.0062868454879,-0.34126073779508104,0.2111554212306318,0.09770781949368834,0.13974121586678478
GWK60_L07205,106.49042446817964,0.01187352461356238,0.4613578294211428,0.9847666994533663,0.9875691089566484
GWK60_L07227,1837.3145326693434,0.8497901447137034,0.17953505381857846,1.4654581093632892e-6,4.305954177929043e-6
GWK60_L07249,0,NA,NA,NA,NA
GWK60_L07271,78.45799092239363,-0.15644381512683717,0.50060117096716,0.7106784606335051,0.7698045784648992
GWK60_L07293,72.52443964150618,-0.17619217193863018,0.5166167380054981,0.6862888726312929,0.7495295414729369
GWK60_L07315,837.4984612043991,0.737407625110224,0.22653117835707395,7.856167935481557e-4,0.0016274151045903786
GWK60_L07337,610.7018344645228,1.6938053136844706,0.24875893437348598,2.359582264726264e-12,1.1047610142907912e-11
GWK60_L07359,0,NA,NA,NA,NA
GWK60_L07381,4451.948301912286,-0.20059022210881117,0.1530399044043571,0.18428050689715605,0.24335679050437303
GWK60_L07403,565.8825172761245,0.30280214867425714,0.23639281836040654,0.1876786264637446,0.2474048305745416
GWK60_L07425,2145.4669620523914,0.4938762994184988,0.16765551139076193,0.002896455251632722,0.0054995195618285095
GWK60_L07447,4052.3632936854374,0.644917154112164,0.15778087432432827,3.3174717001161695e-5,8.260082622145112e-5
GWK60_L07469,343.6959455392174,1.744986181300345,0.29642513203067883,9.965240550077488e-10,3.876104602480471e-9
GWK60_L07491,5556.826907352142,1.9891311119649762,0.15484273449265143,1.8228589451100494e-38,2.251315977535449e-37
GWK60_L07513,172967.5808686144,-0.03062075693054421,0.15007565467329115,0.9737362378602081,0.9790349449086712
GWK60_L07535,1193.6604911060952,3.0926793554517893,0.2097679808045246,3.0245406334601473e-50,4.830127428540888e-49
GWK60_L07557,534.5800032174541,-1.7555026069202073,0.24578832462376093,2.337604669322359e-13,1.1580673179042165e-12
GWK60_L07579,7933.759828501395,1.923826417513017,0.15017931203730525,3.060495397228843e-38,3.7362075449772894e-37
GWK60_L07601,2356.439181595581,0.3375497313759048,0.16558379779210403,0.03884928596525016,0.05997585444284823
GWK60_L07623,0,NA,NA,NA,NA
GWK60_L07645,0.9757098982986301,0.010350460344027286,1.0135848175009035,0.8685929914299166,0.8981577763494796
GWK60_L07667,6.742897571108111,-0.5473174504724708,1.0634677323337822,0.22823385919712455,0.29325332516188635
GWK60_L07689,2687.6573946158605,0.5726070736913731,0.16118921128172675,3.0480168291989473e-4,6.72727221676227e-4
GWK60_L07711,21221.22163014421,-0.5928891518527982,0.13950071709973358,1.7312031046845118e-5,4.454956930086466e-5
GWK60_L07733,921.0874113816493,-1.3927347733392828,0.27065398288309805,5.87369591471753e-8,1.9490493788573046e-7
GWK60_L07755,440.39636890769634,0.3136794846832646,0.25377015289478233,0.2019101380379684,0.2639863936850608
GWK60_L07777,3608.960897418111,-0.1590687074157633,0.1599015238487211,0.3150511634223625,0.3876537359987449
GWK60_L07799,1377.097063091692,-0.1828412993211436,0.1819018693092939,0.3049904649321151,0.3767655054057398
GWK60_L07821,573.1048717174095,-0.2850868758965856,0.23140666631829562,0.2045935225586353,0.26681235372976675
GWK60_L07843,2270.3590301344393,-0.8479452992738461,0.1677782496861689,2.8246688566843414e-7,8.819373642311535e-7
GWK60_L07865,2931.871177116287,-0.03809026176600012,0.158648505250044,0.805957345894158,0.8454884590203513
GWK60_L07887,899.9925973420902,-0.6805290896888282,0.20338485867572093,6.397942816363644e-4,0.0013463186993351202
GWK60_L07909,4134.176096391716,-1.3299983779048445,0.17424667715719191,7.028837592781837e-15,3.8343070707373366e-14
GWK60_L07931,3323.064925410795,-0.6736314047320323,0.1571216138854522,1.5108721684769538e-5,3.924555421409915e-5
GWK60_L07953,232.77533553141063,0.3319796358222194,0.32239958701019095,0.2770208537477223,0.3461778328393522
GWK60_L07975,5427.452883217978,0.08501935821089462,0.1508904748214766,0.5673729408947902,0.6427060876012929
GWK60_L07997,8632.106218025887,-1.2030631547241284,0.1494632827088355,3.622957536392913e-16,2.1137917811669908e-15
GWK60_L08019,4.8175862599133135,0.236587179693796,0.9532056678491687,0.5575937187065934,0.6337218656381537
GWK60_L08041,4415.315475648563,-0.40073255763850185,0.15322703807229823,0.008152075051445688,0.014368745822588165
GWK60_L08063,996.1483900787521,-0.1829382662064263,0.22366359083271678,0.3972431063269812,0.47389461973469255
GWK60_L08085,2020.0290079016027,1.0238399907400004,0.1750897943502361,2.891538436678373e-9,1.0840193032824029e-8
GWK60_L08107,917.1349626534496,-0.26096499534087475,0.20232279176012202,0.1870494817652063,0.24669250514243524
GWK60_L08129,536.1110592241616,0.2499944606933449,0.24986814872500387,0.30246954271684934,0.37403818702084285
GWK60_L08151,1136.8865907329007,-0.12509971211300336,0.189780144676424,0.5004764626436742,0.5769942380664039
GWK60_L08173,503.14238851781994,0.8409984847890399,0.24573854845961718,4.1098376328429717e-4,8.907175779913058e-4
GWK60_L08195,368.291560384896,0.015617564439822682,0.2669070264636204,0.9539436429429039,0.9632370767136943
GWK60_L08217,210.17093410222793,0.5247202612117658,0.34335495528497617,0.10323768446828242,0.14665799518928807
GWK60_L08239,7412.866890513904,1.0957535133256946,0.15837709348164677,2.1876931054874093e-12,1.0260998895835356e-11
GWK60_L08261,4182.68620260837,-1.90154234713298,0.15673399122018322,1.511719650658462e-34,1.668256800288232e-33
GWK60_L08283,72.4822083944332,-0.2713201582007664,0.5104764458290204,0.5337268848346778,0.6105345841238059
GWK60_L08305,7999.7786242059165,-1.205154617888565,0.15002546298689032,4.1317130151312473e-16,2.402666116389854e-15
GWK60_L08327,19257.183921685017,-5.467147323691983,0.1785815646309044,4.3780324327301704e-210,2.822229199928254e-208
GWK60_L08349,1884.154719969618,2.7648549662707076,0.1779768585361343,2.7563018732373496e-55,4.761376373180598e-54
GWK60_L08371,1254.3663277409455,-0.6180397009806062,0.18683959056018018,7.447205498686058e-4,0.0015474028406467963
GWK60_L08393,1911.5960227723047,1.4647135361370003,0.17340053526689259,1.0713541344547022e-17,6.75796891972262e-17
GWK60_L08415,7695.136920129692,1.3387087442792063,0.1454036934596053,1.3860917974169057e-20,9.901190866413194e-20
GWK60_L08437,413.33837508898483,-0.3763492113945221,0.2588723678500579,0.1344072064976763,0.18521285024679793
GWK60_L08459,4318.2575571060215,-2.1005366346280296,0.15807528135632196,2.964752773679072e-41,3.917920790416894e-40
GWK60_L08481,1736.771450199624,-0.5920568274842339,0.17865153427046432,7.356320978466372e-4,0.0015297211916669255
GWK60_L08503,538.2355732323701,1.4836082910394477,0.24633738227589555,5.667380634481949e-10,2.2440280175184706e-9
GWK60_L08525,2092.469394617183,1.315143131302799,0.1706099808404468,5.391103299101665e-15,2.953095548088228e-14
GWK60_L08547,552.9417186821651,-0.7748849301082361,0.23679474402998635,7.465719109509681e-4,0.0015506401262423645
GWK60_L08569,3471.9509123642415,1.8827992672240115,0.18103644304556946,3.771159755852702e-26,3.2204120306037773e-25
GWK60_L08591,3118.5797157044835,1.6326580622058697,0.1612234501534304,1.2440170736633931e-24,1.0147954091643048e-23
GWK60_L08613,1935.813325671316,2.122631890060269,0.17769008196988614,1.267018130700751e-33,1.3530217856331657e-32
GWK60_L08635,338.80136819600943,2.3991595726298085,0.30812085119411475,9.997865968995704e-16,5.688774974393035e-15
GWK60_L08657,1486.4293609752667,-0.883849136557678,0.18457117732061698,1.0539615474444527e-6,3.147593638300213e-6
GWK60_L08679,4210.352135713284,-0.6536767943802752,0.1520907712619343,1.1569925346151289e-5,3.051827613760265e-5
GWK60_L08701,103.97210743784339,2.665319293603937,0.5184396439451585,3.389702633279759e-8,1.1530224015133079e-7
GWK60_L08723,3269.442643333325,0.3763063610388094,0.16862922832177454,0.023757359857619825,0.03833376196806422
GWK60_L08745,904.1970184111542,0.13426293297157732,0.20478024044787493,0.5044550038413071,0.5809475272995969
GWK60_L08767,1310.8480915865998,0.28901910046039353,0.19518808283221872,0.13107318395177248,0.18109065613410072
GWK60_L08789,53164.10847254591,-1.6733958012558616,0.20489136224002952,3.366413365517913e-17,2.047740051798353e-16
GWK60_L08811,4921.812700716096,-0.37744620179894817,0.15766989533020212,0.014609841185461327,0.024532280974062442
GWK60_L08833,0,NA,NA,NA,NA
GWK60_L08855,56.700537800742694,1.2168751295147147,0.6294222235639728,0.01960090779203985,0.03217714241885797
GWK60_L08877,1078.2913187129166,1.0725593232603,0.1981468286915237,3.2414585007500774e-8,1.1061555606820471e-7
GWK60_L08899,1002.1877883780329,0.48420557542015763,0.20383091991790583,0.015042576561326806,0.025194885837507446
GWK60_L08921,1969.0951239555216,-2.2815178645195324,0.17408796171268903,4.8699806588830304e-40,6.30948964775875e-39
GWK60_L08943,931.7358168277918,0.9466853252884013,0.22347101865494085,1.2549695226830474e-5,3.2905599687016805e-5
GWK60_L08965,21974.170377337552,0.7093089228948171,0.13817394812935702,2.131009098738585e-7,6.725083042347558e-7
GWK60_L08987,896.2615996492232,2.0502636280136666,0.213856791135356,1.7877764241438404e-22,1.3538948679117966e-21
GWK60_L09009,1060.4186482641958,-0.24370359009185197,0.19513209350475513,0.19885181685957082,0.26037421449583636
GWK60_L09031,5071.030551905997,2.9322147840165713,0.154501286260762,2.8777798572728825e-81,7.243783012164028e-80
GWK60_L09053,4697.428287781396,0.9903410497119238,0.15186755658916226,4.3271837945445485e-11,1.8779551344796786e-10
GWK60_L09075,4476.163801896509,2.1987887714641037,0.19314174308028542,3.2822051455186207e-31,3.255110018613777e-30
GWK60_L09097,10289.445716324657,-2.1611947822300914,0.15166009367020894,6.624253285123719e-47,1.0004515104332565e-45
GWK60_L09119,2662.944372494977,1.0883315570375636,0.16491328939851027,2.1231248398011785e-11,9.391496153296259e-11
GWK60_L09141,366.0455879947999,1.360842986269493,0.2887304190786563,8.874429496984281e-7,2.6699051975559994e-6
GWK60_L09163,7.270031052470811,-0.05370695985530522,0.8750157165933542,0.8987304653465245,0.9212117975221501
GWK60_L09185,12.785311830259497,-0.5766605318494474,0.962218747617301,0.24472704074981247,0.31134227133658454
GWK60_L09207,2627.130952326549,0.3633352903059089,0.18720069697459213,0.046684416758065214,0.07089164808478389
GWK60_L09229,3407.373279502926,2.205432195081116,0.1603222808115888,8.379489152326777e-44,1.180363246042271e-42
GWK60_L09251,16.73848598135604,-0.10021066624577038,0.7606274243743312,0.8396740665467296,0.8743482126145161
GWK60_L09273,4171.51485139979,0.17611341329968264,0.15496029465653413,0.2504914211038267,0.3175392889565176
GWK60_L09295,1477.0000421384354,0.025416898621987948,0.18392854431475014,0.8892482794642438,0.913973635086135
GWK60_L09317,332.458070840959,-0.22600396736113265,0.27933475498816585,0.39896528480412286,0.4756270851318434
GWK60_L09339,528.4681488733382,-0.14069389874588387,0.2378666506785411,0.5412132298964446,0.6181618697563972
GWK60_L09361,9129.821618436616,-0.9125631131170989,0.14403493342756069,1.2003503490893718e-10,5.00793365847389e-10
GWK60_L09383,1691.7890967124258,-0.8796133517530074,0.18720184271211332,1.5362831489678049e-6,4.49905414152012e-6
GWK60_L09405,89.13106034861175,-3.3931240152027953,0.5689007509939179,2.460564423944714e-10,1.0051424686995175e-9
GWK60_L09427,171.08048232821872,-0.6594322311539144,0.3816444382341697,0.059728663935087994,0.08923847302455487
GWK60_L09449,0,NA,NA,NA,NA
GWK60_L09471,1084.3949082093118,2.5477034103293925,0.2115770384566809,2.321226830897386e-34,2.5403737118268284e-33
GWK60_L09493,2580.256560333058,4.4553455380514,0.1779003978040329,1.9326943768489666e-139,8.585060904221544e-138
GWK60_L09515,549.9997080983212,0.2586198128860905,0.2356137872249385,0.259588749714592,0.32717838125687493
GWK60_L09537,3610.811052476091,0.532903379798705,0.156708134914781,5.842805617783511e-4,0.0012344152875940705
GWK60_L09559,1676.9910060208736,-0.08367613426617232,0.1737868114128688,0.6217023756437403,0.6930237785012254
GWK60_L09581,2770.733173286345,-0.12004426720212515,0.16055935802176172,0.44774411678510256,0.5249002886063544
GWK60_L09603,43.30426654357902,0.7779756931082024,0.6626055752850013,0.13576298369957654,0.18674034135726297
GWK60_L09625,713.9849456635225,-0.2189020492922739,0.2177379832939053,0.30249966884489277,0.37403818702084285
GWK60_L09647,562.5774657611177,0.36190586018140347,0.23517378555020182,0.11325749613097492,0.1593503126293142
GWK60_L09669,621.4386335753178,-1.188391247265594,0.23129484225575786,1.3532049241673588e-7,4.351514393469917e-7
GWK60_L09691,1304.3892283943023,-0.6655204489918146,0.21206094829627417,0.0012778166872938904,0.002571198709187478
GWK60_L09713,9026.187017017985,0.052897446921593955,0.14270055468987491,0.7129522550641563,0.7719511717060898
GWK60_L09735,790.3714092047749,-1.2578074600279945,0.2233516515191348,7.351894165721495e-9,2.6636129239207556e-8
GWK60_L09757,4882.124657299262,-0.39592790273160544,0.15130489114083698,0.00765514776553281,0.01352895723457253
GWK60_L09779,4670.382598880817,1.1716306971434465,0.15839749823286886,6.558620058108151e-14,3.3399677868169255e-13
GWK60_L09801,14455.024977425046,2.750100794925259,0.15998913198840747,1.1533824702216084e-67,2.3722878356386857e-66
GWK60_L09823,2329.6854272776104,-0.36545063408318257,0.18247461193963702,0.040684713352977145,0.062462792559929474
GWK60_L09845,2566.5592238995605,1.1173073120189256,0.17785578843630878,1.5529560827301026e-10,6.413223322899471e-10
GWK60_L09867,1161.0762124935432,0.3289177716185246,0.18913009833569763,0.07689788799267158,0.11247433202248533
GWK60_L09889,445.62856605160874,1.5066290719028268,0.2678711754447243,6.048207474392339e-9,2.2109837281907264e-8
GWK60_L09911,1748.9054119805014,-0.44702775068561884,0.1756048395742566,0.009576833511422375,0.016663312028103578
GWK60_L09933,888.2085994789601,0.8459128235283154,0.2055415035867725,2.5845008938999478e-5,6.533558931207615e-5
GWK60_L09955,568.0774150317168,4.032620024499958,0.28460611968239563,1.0423185034293604e-46,1.5652544344112497e-45
GWK60_L09977,6478.2672192581485,1.8780352183686717,0.1491882685813568,5.956618947432707e-37,7.028278516993145e-36
GWK60_L09999,298.582520449927,-1.4717053938826214,0.3194925224410039,1.2243538657948743e-6,3.6338767740548597e-6
GWK60_L10021,1319.2260191780802,-1.1372202181919355,0.18682683354106036,5.594731609114416e-10,2.220251598031442e-9
GWK60_L10043,23837.551551476412,-0.3297893100167932,0.1376351361767797,0.015511461491761623,0.025955550948227903
GWK60_L10065,3910.39029299217,0.2140973923954631,0.1553037872448635,0.1601063934240785,0.21537397141541467
GWK60_L10087,2391.3662958281943,0.46833281819899525,0.16457845975670646,0.003899527718899918,0.00724276300846977
GWK60_L10109,5009.139593853167,-0.36920058311146925,0.1528723796832849,0.013894515196375098,0.023454342377877538
GWK60_L10131,882.9684076626888,-0.20713219569759053,0.20603010225119808,0.3022360053563078,0.37388708736565485
GWK60_L10153,1324.8224389853692,-0.1416686445034501,0.18863663181385845,0.4430047421817943,0.5199207520366262
GWK60_L10175,2441.563961139934,1.0956006224938506,0.16667409760757274,2.034213235400754e-11,9.005737991899822e-11
GWK60_L10197,349.9333685786675,0.07979883531016954,0.278849710014902,0.76745514224516,0.8137949612653792
GWK60_L10219,0,NA,NA,NA,NA
GWK60_L10241,1480.9105632607116,-1.7866838009626653,0.18333269332618235,3.5839936738343737e-23,2.7860280235130147e-22
GWK60_L10263,2232.1875736964757,-1.3759355168219018,0.1702361498890921,2.356284810802127e-16,1.3885531226198488e-15
GWK60_L10285,0,NA,NA,NA,NA
GWK60_L10307,675.8790433912325,-0.2565714532071951,0.2222201549170954,0.2353408399026492,0.3009220318639099
GWK60_L10329,2590.469553010421,-0.6176565829281446,0.17272102479042156,3.5190345939025e-4,7.702532862678516e-4
GWK60_L10351,26650.461383520164,-5.3617296720351515,0.1558989616340676,1.0070973993693272e-261,1.0647033706132527e-259
GWK60_L10373,0.6819397973275662,0.0742913528797621,1.0200196829437826,0.6662078138381284,0.7312239418497398
GWK60_L10395,1007.6529212797906,2.400955670831003,0.2099719260068801,4.8776683480521355e-31,4.819318670617493e-30
GWK60_L10417,2494.115727666238,-0.47968349676031435,0.1628705342186542,0.002807301768552034,0.005339833446767201
GWK60_L10439,5385.800814411504,-0.6529245355291479,0.15363716318099913,1.6375477692620684e-5,4.230731919999655e-5
GWK60_L10461,645.1724019517699,-0.22226205608880642,0.22195788758321017,0.3036560714267235,0.37529249323396313
GWK60_L10483,1461.443227652717,1.5705572442076334,0.1858073701958362,8.942663211232051e-18,5.667975747550674e-17
GWK60_L10505,1721.0237899258484,0.845970524732471,0.1759498751904861,1.0244554837892194e-6,3.0646698852913492e-06
GWK60_L10527,512.0630428635568,4.590294047646672,0.29695459307290917,6.936573506673471e-55,1.1904781674115574e-53
GWK60_L10549,7341.11127603066,3.1824987770095934,0.1480937249680367,2.249669433000493e-103,7.479089699899753e-102
GWK60_L10571,9799.151860536043,-1.8923824831438099,0.14669467887930204,1.0105113197162416e-38,1.2538879896760688e-37
GWK60_L10593,848.3419639578065,0.06454900097692921,0.20569388021125312,0.7493713101132677,0.8007511897500272
GWK60_L10615,20232.77586757249,4.298859577183643,0.14700280594894413,2.4717262314301973e-189,1.451727206593336e-187
GWK60_L10637,3179.820487055246,0.20912807848089687,0.15886366184140793,0.1824302792124804,0.24132293691620907
GWK60_L10659,2347.3309110132823,0.7113863577540872,0.16562050479774162,1.1756547677344642e-5,3.0964180878148367e-5
GWK60_L10681,7687.294775375864,-2.46978440365766,0.14870999653786837,8.148244477010296e-63,1.566240738380961e-61
GWK60_L10703,913.827496691639,-3.1102755510584736,0.22454298966196434,6.082266992143177e-45,8.856987140625023e-44
GWK60_L10725,860.6583129982641,-0.7190484455080576,0.20630724635898992,3.593915104758173e-4,7.85017985278996e-4
GWK60_L10747,5656.778004075572,0.5282792317740265,0.16537628971019092,0.0011768706279701173,0.002371688196511643
GWK60_L10769,2459.7318173210183,-0.8218656135329493,0.17326151999561676,1.636753702378962e-6,4.774768250979688e-6
GWK60_L10791,2075.681673921125,1.0046542794681426,0.17227439069820322,3.1281802105081947e-9,1.1694172979311398e-8
GWK60_L10813,2655.148807259661,1.0000584890960798,0.16598383265990097,9.447052392594258e-10,3.6826783884405052e-9
GWK60_L10835,9492.210141419813,5.535537799414199,0.17206330320670085,1.1691330243731285e-229,8.82862452405194e-228
GWK60_L10857,1927.2311948215956,-0.8146886160434527,0.17188046654162886,1.4310659642391197e-6,4.211923545082398e-6
GWK60_L10879,250.1064432053985,0.05002384171819827,0.3195190449610479,0.8711284657164033,0.8998092930521249
GWK60_L10901,1235.659599542632,-0.6212586811585298,0.19127565384330608,9.155055611920765e-4,0.0018793640374607054
GWK60_L10923,6092.760589479821,0.10323392033936023,0.14788009476647537,0.4817424594210394,0.5584409299341259
GWK60_L10945,893.6752503793773,-0.6486559468272792,0.2059228349300127,0.0013162447097501645,0.002642487480341576
GWK60_L10967,2951.118407184905,1.4073124051196104,0.16202873016888758,1.4534604082625168e-18,9.639889232215388e-18
GWK60_L10989,5343.328663305255,-0.5233102774398621,0.15234063596887137,4.89440883107261e-4,0.0010474431206902758
GWK60_L11011,563.0793837068859,0.08758466054610846,0.25041912968703145,0.7189963730719696,0.7764279526166356
GWK60_L11033,222.60569231170135,0.777992823797666,0.3325548582560903,0.01313401233940069,0.02228061271696792
GWK60_L11055,659.2662660006799,0.2900794354761074,0.22255970198005406,0.18201023854870715,0.24088786203516924
GWK60_L11077,1549.4551466750368,0.30568497854669835,0.1785142245046595,0.08228852173970905,0.11969651235996204
GWK60_L11099,928.2204381058312,-0.7228235891735366,0.21394203797477826,5.14368841048805e-4,0.001095468853257044
GWK60_L11121,481.34888201870893,-0.6751205441688016,0.2595040675534882,0.0067932324158008475,0.012139630341420987
GWK60_L11143,1684.427640306377,-0.0945461358418424,0.17360193648628783,0.5811829951902248,0.6551787828056148
GWK60_L11165,186.91965780694994,0.8759470969754429,0.38933790730764345,0.013816996958198685,0.023341849127848594
GWK60_L11187,1820.1243277673789,-0.4177703413394789,0.17226082078665103,0.013846761259792614,0.02338465815311941
GWK60_L11209,628.6580474387795,-0.01598607894402885,0.22620765742144294,0.941326956471078,0.9527121195294908
GWK60_L11231,4426.716818848096,-0.1333571485138575,0.16298641979949072,0.39011150161564856,0.46622866776855487
GWK60_L11253,2172.6830176761136,3.265205290680181,0.18088734143642296,6.216879734469206e-74,1.4043771912993258e-72
GWK60_L11275,2618.899202940731,0.1600688616780652,0.1784086000214433,0.3609070898635499,0.4358590077721555
GWK60_L11297,4009.869316528144,2.263163957594517,0.15728359320378604,1.1184292629284236e-47,1.713628140243376e-46
GWK60_L11319,1901.2713523521443,1.4951867813127193,0.1977727869892934,1.0454576905608885e-14,5.610446042949093e-14
GWK60_L11341,6.643731953239923,0.2358214370408658,0.9237612631738736,0.5796225063618661,0.6536984358073019
GWK60_L11363,527.5302536369647,-0.8162553471845895,0.2574640742852993,9.47121434089228e-4,0.0019412500583930435
GWK60_L11385,1919.617360173513,-3.1536694303202064,0.17881108678297433,1.079161888473135e-70,2.328346833660813e-69
GWK60_L11407,1302.4714715571363,-1.3969528315978907,0.22211269420835356,8.264877761200777e-11,3.495051507656584e-10
GWK60_L11429,1145.1229812418849,-1.5459510470643396,0.20207315658057212,6.234729676738697e-15,3.404626143723218e-14
GWK60_L11451,2210.685363500906,-0.7737354286711872,0.17230182371487535,5.085261093050596e-6,1.4044247720932839e-5
GWK60_L11473,374.2940257684705,0.760078979444546,0.2721797985443795,0.003682693702820231,0.00686431130089765
GWK60_L11495,1329.8083232893775,0.7043049560144967,0.19929781724162338,3.067509030295542e-4,6.767467752146174e-4
GWK60_L11517,1737.7656068775855,0.16154170463237424,0.17310047104133286,0.3435744498033737,0.41807885397344235
GWK60_L11539,578.4776912307487,-0.25809547135263566,0.2311627374950698,0.25096082771201017,0.31789574293929684
GWK60_L11561,1551.22633666768,1.51765533019322,0.18139471773526675,2.0341320875967423e-17,1.256124090541633e-16
GWK60_L11583,504.51210711721575,-0.22226227927650805,0.24162263587086058,0.34209943394055803,0.41647572727079446
GWK60_L11605,12479.306721102905,0.5243357975105787,0.1405302691919437,1.8283976738873615e-4,4.182133320713368e-4
GWK60_L11627,1008.418543249062,-0.6558872330300141,0.19836245935221034,7.768457353789955e-4,0.0016116195279487324
GWK60_L11649,2438.132518730826,-1.0377437711384299,0.16950417345782529,4.909506753489629e-10,1.960094614724032e-9
GWK60_L11671,1478.08792188358,-0.29262105775966174,0.18932075809110663,0.11420576567160266,0.16047094028178938
GWK60_L11693,445.44534361518606,-0.9657278096907222,0.26010190526729915,1.177408835232692e-4,2.766125823573338e-4
GWK60_L11715,2972.810388677829,-0.03789221886932347,0.15788349649196579,0.806141096001243,0.8454884590203513
GWK60_L11737,2225.267597552088,0.5191259606011451,0.167880779795063,0.0017061400911841608,0.00336768354070182
GWK60_L11759,1317.7785621424794,0.33260163807876103,0.18754322994499426,0.07128831587835044,0.10484976008151374
GWK60_L11781,1193.841236984485,0.3535643105758157,0.19271414767190906,0.0625529890262253,0.0930374507576328
GWK60_L11803,1218.5908677005207,-0.40242607508492506,0.1918231320725771,0.03325723156632264,0.051934335615829094
GWK60_L11825,1331.2906131249297,0.4844547375571242,0.1835601314574149,0.007274453948878869,0.012894957603545842
GWK60_L11847,894.5512688972467,2.7242150989914755,0.2185648392052545,1.4331365672329539e-36,1.668625527399426e-35
GWK60_L11869,905.2685062001124,1.1641830084522764,0.22819679491469255,1.3678672619817096e-7,4.392798509620484e-7
GWK60_L11891,701.5587379478459,-0.4456300193488241,0.2202036474197944,0.03772184835052794,0.05845725311664929
GWK60_L11913,5131.9862716677235,-0.789874928639742,0.15369801754197385,1.895913781677856e-7,6.011877774414605e-7
GWK60_L11935,3920.1662174684157,-1.9525580999493022,0.1573968919401668,1.2358582852542324e-35,1.4079195896236794e-34
GWK60_L11957,663.7492578550626,1.0881183170103332,0.22610073576549122,8.28675993081439e-7,2.497366761361737e-6
GWK60_L11979,897.2098355542973,-1.7865069052469564,0.21380923688862072,1.28884018906729e-17,8.072048861859829e-17
GWK60_L12001,613.3436526575102,0.05572187494915868,0.22940665951108194,0.8043602542280532,0.8447216009357228
GWK60_L12023,1050.1628660413428,0.6932763628704474,0.19897333213801394,3.717140973189203e-4,8.102600900733248e-4
GWK60_L12045,1824.1229484937421,1.0388883010866112,0.18124419759515978,5.237995489023321e-9,1.9227808440956442e-8
GWK60_L12067,242.79660245147406,1.455953628033278,0.3339427684539062,4.333061299070367e-6,1.207409700942855e-5
GWK60_L12089,5008.2861618621555,2.2811584770056648,0.15722861053081727,1.5876540395291883e-48,2.46109655511768e-47
GWK60_L12111,639.1573165597729,-0.926847268194502,0.2410366236129835,6.915786534966671e-5,1.664701622214655e-4
GWK60_L12133,3985.110448944164,-0.3780661697476165,0.1593952159221249,0.015946300981043743,0.026624177822424898
GWK60_L12155,1268.3801342057113,0.024455546262401113,0.18499474494117268,0.8947349934997378,0.9180064393710431
GWK60_L12177,895.0139472146631,-0.5110920685255044,0.20300789148785559,0.010073095852937346,0.017463556798500104
GWK60_L12199,521.2817633897126,-1.2375751522139862,0.24697677482779795,2.2907304900695382e-7,7.207619863397368e-7
GWK60_L12221,1180.6228897080998,-0.801350635687494,0.1909826443673158,1.8495993627534694e-5,4.743805061385172e-5
GWK60_L12243,282.05775834881035,0.41574929065645266,0.3099373198469777,0.1570106368161808,0.2119944383679008
GWK60_L12265,1797.187061489304,0.20459007244933688,0.1717739584016981,0.2275754101650124,0.2925495180282723
GWK60_L12287,4.904748122335684,0.3565499703714443,1.0286927834288069,0.3766959108797565,0.45203509305570777
GWK60_L12309,3782.5696615445513,-0.9685939703798359,0.16179048852357453,1.4444442025535476e-9,5.540879575252579e-9
GWK60_L12331,551.321436871687,-1.3061437609049367,0.2466698655245881,4.5314932236768265e-8,1.5198904302256157e-7
GWK60_L12353,1816.9231514133169,-1.5777131043600447,0.18329339941236197,1.9835331069073396e-18,1.3057230389928016e-17
GWK60_L12375,2295.6721023010614,-0.7341461382271111,0.1687580672057599,9.845126425627591e-6,2.628350418478154e-5
GWK60_L12397,3037.3821566767706,2.674766155267696,0.1652687962113407,7.812642905700348e-60,1.4143024109428781e-58
GWK60_L12419,2477.6159029327428,0.09532156070761523,0.16366926807418225,0.5550285447674144,0.631349448599215
GWK60_L12441,370.3508144606598,-0.7721129130144381,0.2863115812207506,0.004608171122199274,0.008457914080536583
GWK60_L12463,3195.336319232236,0.819574426692377,0.15855573689637872,1.3828497059232002e-7,4.4355239960619156e-7
GWK60_L12485,882.0281867815971,1.4420496755357732,0.21692704101806362,9.806092362465889e-12,4.4077384547614536e-11
GWK60_L12507,190.52885530743964,0.47752148565463237,0.34793056490204766,0.14380496362384895,0.19621916306547899
GWK60_L12529,2368.3843795138787,2.9341890812616445,0.17046694400968043,2.9926766188822245e-67,6.084341772081323e-66
GWK60_L12551,2111.2535975398773,-0.29234781135079196,0.16895911649854578,0.07853171502909874,0.11464198995962882
GWK60_L12573,2909.399890378527,-0.08720554428594547,0.16047514007812072,0.5874172443353394,0.6607975215059808
GWK60_L12595,1469.5064051961247,-0.40542228574451394,0.17917599987618038,0.021187436079029568,0.03454558516772063
GWK60_L12617,2404.4799343786763,0.8674124703092998,0.16518731005352089,9.964493266761114e-8,3.2413730097291844e-7
GWK60_L12639,2051.040290121341,-0.4927861933064682,0.16797801166440932,0.0030088436143313746,0.005702670256491806
GWK60_L12661,1671.2697977640048,0.1872981521027748,0.17463101962828662,0.2760834475924377,0.34516960831921134
GWK60_L12683,972.2896798193608,0.7475747860732105,0.20085700469846737,1.4728359813492815e-4,3.419152831538122e-4
GWK60_L12705,0,NA,NA,NA,NA
GWK60_L12727,1092.3143013832425,0.577574739436397,0.19327132062843388,0.0023161482461604133,0.004494551993099833
GWK60_L12749,477.41373106536986,0.1545818137403216,0.27510971946591956,0.5572279211699362,0.6334423207105985
GWK60_L12771,2171.1513034498985,-0.36949507340476845,0.16712342150637272,0.024916923770774754,0.04009462984849782
GWK60_L12793,1802.1975650463041,-0.19571102898276574,0.17477018790120244,0.25412022177756416,0.3211282553947416
GWK60_L12815,3940.19717906477,0.4597439974362492,0.155328492010133,0.002643440353790127,0.005055436219296169
GWK60_L12837,2704.6113437858735,-0.49483045760379357,0.16054799089506092,0.0021143744474665656,0.0041226792066795526
GWK60_L12859,1433.3798759448255,-0.07799939526218362,0.18085067484124615,0.659304650733295,0.7254547010358446
GWK60_L12881,863.1488226097397,-0.2348337402363,0.20562727254438637,0.24281699513163651,0.3092099822370105
GWK60_L12903,3761.240863310662,2.055326592318609,0.16332651558227002,4.450589450980535e-37,5.286700188288338e-36
GWK60_L12925,798.8689833292156,0.12263790555346678,0.2084496459899197,0.5491956898286539,0.6261200978026793
GWK60_L12947,40474.494088551925,2.5771620493863105,0.14874834003836754,1.6291671491541734e-68,3.3771676668348865e-67
GWK60_L12969,351.4873901135593,0.5903859604823891,0.27716027463550985,0.026370831116665494,0.04217737164378028
GWK60_L12991,901.9864059892586,-0.18681717736928735,0.20582619471941127,0.35181246182009807,0.42653226449106385
GWK60_L13013,864.6234459974496,-1.3182065153850224,0.21300152770846933,2.596299236374129e-10,1.0589535311322258e-9
GWK60_L13035,407.55405755884533,0.6827549847728281,0.27366767569473527,0.009240451550905604,0.01610983736744295
GWK60_L13057,1800.1719320247037,-0.26282063570325387,0.1737491619752689,0.12362906773926105,0.17197454001835102
GWK60_L13079,1040.2735103522666,1.80898123025026,0.20154625301643528,7.142153808061679e-20,4.967555924922899e-19
GWK60_L13101,1033.1723393487528,1.0815311209172898,0.19814230185824933,2.587774641528339e-8,8.917194755618513e-8
GWK60_L13123,1751.0822654819194,-0.26409498599635434,0.17258345956783816,0.11907199741999142,0.166335776522747
GWK60_L13145,4042.4956446117476,0.24029761825927745,0.17890737075060592,0.1708886787468701,0.22776539481995847
GWK60_L13167,708.4490494894668,-0.01669326901436932,0.2240706048589395,0.9363945224347787,0.9493251717664443
GWK60_L13189,1515.4913813501933,0.2055906940570448,0.17761980863279375,0.2417439746038046,0.30806993750880374
GWK60_L13211,1511.8158748648268,0.7795877011619757,0.17949785172812502,1.006229675569625e-5,2.678212520171721e-5
GWK60_L13233,3395.652129983527,1.6829102834464107,0.1613772531840517,4.899465704330495e-26,4.157074753305136e-25
GWK60_L13255,481.27731340179895,0.8851664469739153,0.2513628588451408,2.7068371489139524e-4,6.027102430142861e-4
GWK60_L13277,1216.6311599764022,0.470800956206874,0.19005724508938554,0.011686050737579265,0.019991088737489966
GWK60_L13299,177.0105619025112,3.1482034025498353,0.4125592408034248,2.6039062541531582e-15,1.450394990458756e-14
GWK60_L13321,0,NA,NA,NA,NA
GWK60_L13343,2412.7865157373258,0.4566276105833246,0.16384188610253328,0.0046960937421843965,0.00860435061392954
GWK60_L13365,4.097812477237674,0.4137399358145559,1.0879632349246793,0.14805762390711982,0.2011908997359988
GWK60_L13387,718.5539332633313,0.36358599804294917,0.2282624378045041,0.09899092324837733,0.1413850365552344
GWK60_L13409,0,NA,NA,NA,NA
GWK60_L13431,0,NA,NA,NA,NA
GWK60_L13453,253.8358762128822,-0.07356852651273127,0.3170108656423148,0.8054664496486553,0.8452840287557658
GWK60_L13475,983.0899403501979,-0.8844681727225522,0.20541959333289636,1.0203401153346734e-5,2.7116731270281968e-5
GWK60_L13497,407.1225320196563,-0.010120121092990642,0.25840096173731764,0.9692347837169266,0.9755093424843247
GWK60_L13519,0,NA,NA,NA,NA
GWK60_L13541,93.71492141744899,1.6841526562147218,0.5146674251840769,2.6580876098912087e-4,5.928544770415581e-4
GWK60_L13563,0,NA,NA,NA,NA
GWK60_L13585,818.2770696107775,-1.4055229821951223,0.25769935503927033,1.366940293666832e-8,4.8364433683553376e-8
GWK60_L13607,880.7604997472645,-0.3109743367391229,0.20805227621683467,0.12566381258277684,0.17457527288109287
GWK60_L13629,1107.7943048634197,-0.22701403435649978,0.19095004159540804,0.22499214045909144,0.28943987696927653
GWK60_L13651,4488.336393851644,-0.9972237736181147,0.15458121408016406,6.170129750451215e-11,2.6387787913337475e-10
GWK60_L13673,1106.6596289693684,-1.35643889778767,0.19805522024490016,2.8313429603460984e-12,1.3151563170816761e-11
GWK60_L13695,2403.9185696805107,1.976329800723605,0.17503300929464055,2.8655906896100827e-30,2.7742696676334973e-29
GWK60_L13717,6361.4624875414265,2.1983275576510084,0.15555684338112208,2.555233918926694e-46,3.8263361176902276e-45
GWK60_L13739,1422.0496687243706,0.5383039758802483,0.1811319652264915,0.002523965059579337,0.004849756199540667
GWK60_L13761,1028.737483497171,-0.9876916521612161,0.21465446768858057,2.1960224402100514e-6,6.315655396599746e-6
GWK60_L13783,151.01857440717453,1.0201559162557532,0.3983384517732033,0.0054363869387680265,0.009878563547036022
GWK60_L13805,3848.0971732549997,1.18126447611473,0.1548652729067955,1.1594874152497894e-14,6.209777585623493e-14
GWK60_L13827,1355.150923750142,0.5933168633920834,0.18373069733292838,0.0010224970810455067,0.0020820183245017524
GWK60_L13849,1232.9942661850678,-0.7501349128692172,0.1879979512384236,4.8311286624296094e-5,1.1822845421112461e-4
GWK60_L13871,3240.779714174536,-0.21949525592079688,0.16671580159510915,0.17036068071792174,0.22711893020805404
GWK60_L13893,1622.1066314042132,-0.5113890986015779,0.17590411559296476,0.003260248793918268,0.0061373486911153715
GWK60_L13915,558.175361273877,-1.2056477851812877,0.2672231953450244,2.5650834017495865e-6,7.305512317698445e-6
GWK60_L13937,11198.326845867288,1.0511631742275687,0.14772419853751578,5.935092805233787e-13,2.867724000773839e-12
GWK60_L13959,2454.780479914555,0.48449873986140934,0.16453723224452702,0.0028031881581030097,0.005333928223085856
GWK60_L13981,324.9938341028592,0.9266816359430314,0.2946145863169116,9.758794924566011e-4,0.001994008116399534
GWK60_L14003,86.73564016674676,-0.6207921927951894,0.48154169062678326,0.14243079468256836,0.19459529095168165
GWK60_L14025,2854.4975574193377,-0.8902195245271529,0.16116556921209546,2.086813398586764e-8,7.261945770197257e-8
GWK60_L14047,1567.0731186678543,0.8737837434346598,0.20502327736673162,1.1698686278841371e-5,3.0827146395790376e-5
GWK60_L14069,0,NA,NA,NA,NA
GWK60_L14091,1148.0360380682987,0.43059903672326727,0.1933437884859495,0.023221501539846298,0.03749201500904934
GWK60_L14113,2732.3943947106645,-0.9212712140677091,0.16178809311152811,7.893839287264027e-9,2.850193611508036e-8
GWK60_L14135,1078.9017885810993,2.661979658676765,0.20488290482654065,2.0659957459825823e-39,2.631530967051549e-38
GWK60_L14157,5048.197545663204,-2.896947869129604,0.17112362513612936,1.1755395142070963e-65,2.327304071947083e-64
GWK60_L14179,2243.442296341964,1.1426813922658166,0.1686504064715317,6.1683188339470386e-12,2.8205651692252635e-11
GWK60_L14201,4697.478910009221,1.5117547400925702,0.17181096551946645,3.6636633687999935e-19,2.489219096076705e-18
GWK60_L14223,1301.4507998093793,0.6856470731802423,0.18533548031908406,1.4831058744745415e-4,3.438463882663345e-4
GWK60_L14245,714.0362422979879,-0.49826114156243795,0.21703619109517475,0.018527365457613524,0.030509549473191615
GWK60_L14267,0,NA,NA,NA,NA
GWK60_L14289,2340.5599922863667,0.48175866204379497,0.17314021287851547,0.004675406609443794,0.008572389641873013
GWK60_L14311,244.59207561632044,-0.03639239726341286,0.32288042754437535,0.9023348380646569,0.9236525859817537
GWK60_L14333,524.2767024781924,0.8818807026271537,0.245958614662478,2.1127353295081433e-4,4.797216044579057e-4
GWK60_L14355,894.5890697662729,1.6129476824393132,0.2097480674792312,5.3159470412904105e-15,2.914947724093476e-14
GWK60_L14377,6015.060694483589,2.1622128963652334,0.16018875857899337,2.2783272594819782e-42,3.12000981700045e-41
GWK60_L14399,1900.0286236819552,-0.32309561946426485,0.19466705236677734,0.08868914419880644,0.1279156388089743
GWK60_L14421,2169.460677027381,0.19853373934991989,0.16897433036147386,0.23405689975216215,0.29964271544924415
GWK60_L14443,2945.867429761298,0.7350288163874688,0.16075189639588441,3.562945600137109e-6,1.0012615865138096e-5
GWK60_L14465,2370.377910319008,0.8648296708541712,0.16704032848735917,1.473523315473472e-7,4.7092165934660056e-7
GWK60_L14487,1664.89351594797,-0.17495799479343346,0.19078931472740812,0.3482596151599702,0.4226860400057762
GWK60_L14509,2375.252094881672,-2.199878179617774,0.16776045615219085,4.973626552071228e-40,6.428017103728243e-39
GWK60_L14531,5072.527878211582,-2.096154967793223,0.15637470341420762,9.530218925576242e-42,1.2785973918933e-40
GWK60_L14553,15853.123491986355,1.9974869849747343,0.14887832916376711,8.609330480961196e-42,1.1609418602643082e-40
GWK60_L14575,2528.778975057938,1.3546677495903212,0.16445568149310685,7.04359650326368e-17,4.2357737333619813e-16
GWK60_L14597,142.0596606477419,-0.0412896397837851,0.3946867001568628,0.9068198144294176,0.927163052237656
GWK60_L14619,2183.211583249065,-0.36892732458807537,0.171237306950221,0.028144186001448194,0.04467572588698353
GWK60_L14641,2225.3502685592807,0.6748786151407654,0.16672854763538186,3.9830504721986885e-5,9.833911628230858e-5
GWK60_L14663,651.2053842860608,1.1883373578307947,0.2275315659917039,8.285414044655091e-8,2.7085156858408665e-7
GWK60_L14685,4161.151284074332,-2.348832225658206,0.15854409725810265,4.11537440234525e-50,6.552370208071383e-49
GWK60_L14707,300.181702108646,0.4654921850794633,0.29753118447339494,0.10074278573055438,0.14369302897239894
GWK60_L14729,12227.154306189597,-0.035832488415158535,0.144022694989977,0.7947104152166307,0.8369872992299482
GWK60_L14751,41377.920770851626,-1.5562497077240847,0.14496468456763736,3.429815916875011e-27,3.03177373521761e-26
GWK60_L14773,135.15352098459817,0.7769352935337126,0.4194300684943653,0.04080128054048342,0.06262356821631689
GWK60_L14795,844.4343839277739,0.34003413379733416,0.22115747203698732,0.11395899979118321,0.16016678354059943
GWK60_L14817,613.5313667058003,-0.8122331627598371,0.23412340798438636,3.417625857829232e-4,7.496087254973163e-4
GWK60_L14839,2326.2361629637603,-0.5054538593438953,0.168043564742164,0.002245732076363394,0.004365921204728541
GWK60_L14861,891.7556660697646,-1.938967860653793,0.2186467453248672,1.3689117048519245e-19,9.434246769031645e-19
GWK60_L14883,1267.0823863673763,0.22864113738057612,0.18486094138989193,0.2094843100738729,0.27207225136375723
GWK60_L14905,844.7522832856811,0.2968423909150798,0.219019890234536,0.1621783343372189,0.2173066350586918
GWK60_L14927,853.3403524301937,0.6110603196560491,0.20996578989437703,0.002904163716423306,0.005512175728909729
GWK60_L14949,1390.8135038356402,-2.307283746377429,0.2014991674939578,2.8015991340675073e-31,2.7941986835246876e-30
GWK60_L14971,1307.5900670498306,0.31915156471220396,0.1902138781173685,0.0874020315945313,0.1262314587455444
GWK60_L14993,566.5751238555956,0.37898226955683234,0.2333224005226789,0.09459898599384615,0.1356988439520952
GWK60_L15015,2068.5783405497964,0.4762612559609706,0.17712945438792,0.006412695886780119,0.011514100019537945
GWK60_L15037,1736.1019323225723,-1.262781021492613,0.1758720047118663,2.74729399488383e-13,1.3521597818394718e-12
GWK60_L15059,1570.241222937974,-1.4462960637243318,0.20674419879641237,6.80438696314094e-13,3.2757731773372506e-12
GWK60_L15081,6040.242030011279,1.0910050669518292,0.14780219452513407,8.350855776125739e-14,4.2363362411325007e-13
GWK60_L15103,2610.255413061798,0.7616899077172538,0.18690585912242058,3.0634289807565964e-5,7.678181883489507e-5
GWK60_L15125,3982.950170364004,1.3519389677461218,0.16786618272627185,2.7789660408698196e-16,1.6339949379352464e-15
GWK60_L15147,479.127138858875,-0.3584171927058528,0.2459565011924163,0.1323719259715884,0.18269399495713218
GWK60_L15169,986.2584062812798,-0.05493730345568941,0.20179598759638845,0.778660447467586,0.8231998250627318
GWK60_L15191,1773.7407032403803,0.37208723862053295,0.17975858600800057,0.03519372406345324,0.054731987466729574
GWK60_L15213,524.44687003912,0.15686824443991795,0.23964692720211178,0.4966003052942182,0.5731504833592221
GWK60_L15235,1388.8413693855764,-1.0500316125235445,0.18971633989314501,1.749332862759344e-8,6.123823518242313e-8
GWK60_L15257,42.251833011446486,0.5353908374097891,0.6304644510840517,0.2895177114020305,0.3604311404783639
GWK60_L15279,1715.8520971598919,-0.702868264556596,0.17507906132996737,3.986460329459352e-5,9.837735434884283e-5
GWK60_L15301,1153.184107587852,0.7068386343029823,0.19735571422341755,2.5215641721741455e-4,5.647876361912091e-4
GWK60_L15323,4128.1735764393125,-0.5612461428665946,0.1526603445080186,1.933412506448418e-4,4.408981237742164e-4
GWK60_L15345,2869.2635881543333,0.331936185738528,0.16226837797448196,0.039508817755278064,0.060940650905865146
GWK60_L15367,0,NA,NA,NA,NA
GWK60_L15389,2075.3594471558836,-0.025509848786857428,0.16696215019976887,0.874981069489693,0.9021162343129544
GWK60_L15411,12005.330154519392,0.7975769526436541,0.14395438493907545,2.1423916843934772e-8,7.440658635810723e-8
GWK60_L15433,23729.508398547892,-5.521144543015633,0.16551313394224193,2.7759718775777327e-247,2.4055389089960486e-245
GWK60_L15455,7592.02964078454,-1.27942111477316,0.16124685213044118,7.645828816250624e-16,4.378748767356533e-15
GWK60_L15477,6901.277009144256,-1.3983870831695302,0.1507921455310541,6.303113852103706e-21,4.5766840415137625e-20
GWK60_L15499,552.9533396753188,-1.304665781380004,0.24029282296068238,2.2829874198322127e-8,7.897821663110652e-8
GWK60_L15521,2655.0039056295964,-0.16710142338930264,0.17115641834217374,0.3219216243125756,0.3945461873675573
GWK60_L15543,3818.64229278721,0.8359463771363063,0.15445916576234378,4.4285937491259184e-8,1.4882102071124986e-7
GWK60_L15565,760.7820919771248,-0.7687237120077548,0.22199166626803665,3.586896011990831e-4,7.838086944763758e-4
GWK60_L15587,1304.5784987836846,1.8223201530794513,0.1896415334377514,1.9148316344253148e-22,1.4480400600246372e-21
GWK60_L15609,1631.261799737998,-1.9357753544864797,0.18218035035402555,4.774250686269745e-27,4.192141051099979e-26
GWK60_L15631,1434.3290450910386,-1.217635115465775,0.18422633116576212,1.6647595111501613e-11,7.407339036986324e-11
GWK60_L15653,0,NA,NA,NA,NA
GWK60_L15675,733.9667878342156,0.30459250425959267,0.2141335117111553,0.14601916805127876,0.19882980997399785
GWK60_L15697,1767.289872836567,0.5708437398977744,0.18412378999311962,0.0015810709349095816,0.003138393151307566
GWK60_L15719,969.508767704267,-0.02344527460806886,0.2029535389592638,0.9001854731689954,0.922166746351029
GWK60_L15741,3561.3843223159092,-0.6151961425649276,0.15504715168535746,6.517562540229579e-5,1.573143177518427e-4
GWK60_L15763,10566.697962130303,-1.2143178005599662,0.1427617236217692,6.2149287790186985e-18,3.9724441990196905e-17
GWK60_L15785,6993.245456567813,0.14824871278318424,0.1487705905746695,0.31351483313045697,0.3860329391864886
GWK60_L15807,3529.55209642952,0.12282009485506686,0.17495261160667244,0.4665907358793694,0.5430851912737535
GWK60_L15829,1366.9387277122364,-1.0213802106558612,0.18633601016224466,2.5304137818831846e-8,8.725223255730276e-8
GWK60_L15851,5697.795940916142,1.6066604205272093,0.1554066318278564,1.2244573466745224e-25,1.0225089312040324e-24
GWK60_L15873,806.6258702380953,2.8603450418255107,0.22657196866283452,1.7886956859189395e-37,2.1586861634172407e-36
GWK60_L15895,1321.7147632540134,0.3202439783400859,0.18980900710088944,0.08634221901271869,0.1249397672327487
GWK60_L15917,1532.2697881369807,0.006791032136380538,0.17745231655763383,0.9756689960596211,0.9806781352293511
GWK60_L15939,700.13477484355235,0.43493515972156394,0.21866311870719954,0.041934451664831056,0.0641950511150585
GWK60_L15961,310.766279820116,-0.23684847538174422,0.28456355966640884,0.38684937483028436,0.46253919822503575
GWK60_L15983,1075.3592277953032,2.6194735158355975,0.20314716768517285,7.021366967058652e-39,8.753524949969818e-38
GWK60_L16005,1975.6001871922545,-0.961456286119786,0.17056146609013906,1.0288761494714955e-8,3.687213102444966e-8
GWK60_L16027,17952.62693129812,0.604869161457945,0.1395640729231374,1.6599699181761768e-5,4.2823821315174575e-5
GWK60_L16049,21745.664838519107,1.6096464245814022,0.14154708076529596,1.628717730776678e-30,1.588450539646775e-29
GWK60_L16071,4.090296488774402,0.08150560514980323,0.9376232914745796,0.8350775276104814,0.8714856658866241
GWK60_L16093,1.6576496956261961,0.02634390211644517,1.011034877738032,0.7327840415781175,0.7871360381593028
GWK60_L16115,4905.531157136849,1.0851806897549987,0.1525380693787121,6.024991351537661e-13,2.9085026743587285e-12
GWK60_L16137,179.90561982106357,0.27871301634479795,0.3610062408378011,0.40850533582086557,0.48535832887145325
GWK60_L16159,2572.486641306561,0.14787550305153965,0.16293843493374,0.35655430923831916,0.43148948686670213
GWK60_L16181,2043.6541985665797,0.12424371728657425,0.16863365556062793,0.4521047102391342,0.5294252322383836
GWK60_L16203,1811.741624791137,-0.8669663385716905,0.17420610137107304,4.094298046455322e-7,1.260481040976286e-6
GWK60_L16225,3502.04648391113,0.3463377514148634,0.18245074431205277,0.05228683626534648,0.07887791566741481
GWK60_L16247,1979.690533782236,-0.015113415663386007,0.16957104401088569,0.9259304220126312,0.9412706782250831
GWK60_L16269,1652.2474214863423,0.21768199340905087,0.18628732969936926,0.23518716980941146,0.30084075744928473
GWK60_L16291,402.2211151355021,1.0972765036140906,0.2759912955391131,3.426504488879836e-5,8.511514439952448e-5
GWK60_L16313,2543.8627013425266,1.3753510218139038,0.16464406096988193,2.7431186556711337e-17,1.6782552330876867e-16
GWK60_L16335,10383.39628074307,-0.8645330012446426,0.144857761654491,1.5942431260947097e-9,6.093397805160257e-9
GWK60_L16357,617.9622325094675,-0.8455649584013727,0.22872668110795494,1.4993921246639157e-4,3.473175622687756e-4
GWK60_L16379,1304.347570093742,-1.2000913856636226,0.1872178239092277,6.583839578567781e-11,2.811161228781041e-10
GWK60_L16401,0,NA,NA,NA,NA
GWK60_L16423,6049.57328959447,-1.8736181702042578,0.17246778105919078,2.8980195228071815e-28,2.664161947401524e-27
GWK60_L16445,2641.6826954575613,-0.024044955215077345,0.16230280048975074,0.8833969472763425,0.9088431808685766
GWK60_L16467,9685.395679624537,-1.1551604062547698,0.16489899833057392,9.793965389759762e-13,4.680913295684457e-12
GWK60_L16489,421.10468388962397,-0.430949875571268,0.2901532050633916,0.11604216170423534,0.16283484650081978
GWK60_L16511,1500.570951713426,-0.005288080247003206,0.18049599808941244,0.9737667127979933,0.9790349449086712
GWK60_L16533,1353.6858895859873,0.6022698599435519,0.18383054213051112,8.623385092996116e-4,0.0017750472586284063
GWK60_L16555,336.64602598881066,-0.12669974148756008,0.27612515831491113,0.6342771343277224,0.7040715942999455
GWK60_L16577,1026.7021400101287,0.317524129364252,0.20920526897063466,0.12028063593483762,0.16780243904765152
GWK60_L16599,3445.673839199215,-0.04809952534717818,0.16086630105421415,0.7490677184112302,0.8007511897500272
GWK60_L16621,625.7024101106712,1.4267528410743777,0.23304803173549143,3.350524749035314e-10,1.357155082252925e-9
GWK60_L16643,477.603050001779,2.2008077422121475,0.2824719274232811,8.760250836713653e-16,5.0007220219080314e-15
GWK60_L16665,43.98793008364931,-0.44241405766901687,0.611986111044959,0.3663733588164343,0.44125075750824144
GWK60_L16687,9940.634882072574,-1.1782337529670424,0.14413998500315203,1.3730546626494826e-16,8.173386201312123e-16
GWK60_L16709,602.5785456104528,0.01949563222576166,0.22833272471009536,0.9325441633127168,0.9463291317471724
GWK60_L16731,4870.823685453732,-0.584485387822372,0.1497645098210752,7.934492576066654e-5,1.8978157356148566e-4
GWK60_L16753,389.6806759676422,-0.12491727858204127,0.2622342630555323,0.6190158202099737,0.6906000968897542
GWK60_L16775,2419.2520000258323,0.20534379180825513,0.16502663600024317,0.2072113859330794,0.2697166673337251
GWK60_L16797,22414.516311728014,-1.1351282666552023,0.13911061731657834,1.650065377134392e-16,9.789276749194608e-16
GWK60_L16819,1325.2546724964845,-4.213963092457881,0.208074143853021,3.49528659582546e-92,1.0151695025018341e-90
GWK60_L16841,19012.653639666598,2.5965675035765754,0.16868876673578273,7.042873837157899e-55,1.2048100680652638e-53
GWK60_L16863,6840.721409724701,0.05711128119916701,0.14859680491822708,0.6995119753939041,0.7605142537910689
GWK60_L16885,987.975424900489,-0.42021353963574287,0.1974004751536003,0.029481306125297098,0.04656055696991947
GWK60_L16907,1451.0113702927138,-0.5733611974181403,0.18566896947851735,0.0016175883407962386,0.003206063730577022
GWK60_L16929,1475.9356886644716,0.0255084583628039,0.17896468992701337,0.8876049001770757,0.9126394674841515
GWK60_L16951,569.9757511368757,-1.3610410443842278,0.281180899741114,3.63983394123001e-7,1.1264731975024491e-6
GWK60_L16973,1056.0327718394472,1.3301759255748258,0.2388120394589654,7.2969552801725044e-9,2.6455216468444346e-8
GWK60_L16995,294.6519087286703,-1.3987061586005247,0.30454816187315026,1.6359952249950135e-6,4.774768250979688e-6
GWK60_L17017,356.8903838259747,0.7263164966412187,0.2764051126155366,0.006208933634008867,0.011182426981046293
GWK60_L17039,3623.3751672953986,-0.1385833374033566,0.1548430455355556,0.3642083770088941,0.4392333971463925
GWK60_L17061,810.2519495781067,0.7822242682940448,0.21052589029240307,1.4482495407842815e-4,3.365031680257456e-4
GWK60_L17083,455.481072908191,-0.2708752602194295,0.25624403414399305,0.2688253878675166,0.33729195354087177
GWK60_L17105,1278.3455255741692,-0.10392054848647121,0.18558062527699232,0.5674440618303507,0.6427060876012929
GWK60_L17127,1349.3706527908676,-0.9951288746194592,0.19058814118090994,9.943551783709512e-8,3.236552631076877e-7
GWK60_L17149,3196.5437718909716,-0.18051370296196523,0.16070272765673813,0.26159479380618944,0.3293141414764271
GWK60_L17171,2354.3143214015267,-1.092226428200385,0.17380412581890578,1.3116239782406878e-10,5.454952280865677e-10
GWK60_L17193,1066.973138141485,-0.21471972138909484,0.192711882780408,0.25553037277777013,0.3225247255260967
GWK60_L17215,864.547784784492,-0.17346389105306192,0.24016494071026243,0.4568523462194515,0.534274668609739
GWK60_L17237,304.19019007984656,0.37133817958906784,0.2916169609819418,0.18212724011938505,0.2409823757875017
GWK60_L17259,2573.5423172350957,0.4197523075245186,0.16186328226427674,0.008553965605937842,0.01498716015677409
GWK60_L17281,354.5358278261502,1.307284924172844,0.29140937645061604,2.7632792508478073e-6,7.82781035368784e-6
GWK60_L17303,12.963408595200988,0.0015421574846420367,1.0187097377529004,0.9858260035562889,0.9882564488523692
GWK60_L17325,96.45626466695684,0.6147925872644625,0.5283052491354215,0.1616627775863644,0.21678068044686002
GWK60_L17347,37.11891740369063,0.4256381662768008,0.7656160483833037,0.3687902303738774,0.4436561578871907
GWK60_L17369,10.554581005328803,-2.836971055772575e-4,1.0050027305792066,0.9219996899433357,0.9393840774931523
GWK60_L17391,20.279493636786693,0.0980400195178857,0.7249914899148167,0.8519350013676584,0.883005572005773
GWK60_L17413,96.61858697138499,0.5933026252628375,0.5303807197349899,0.17658025029569357,0.23458235814602568
GWK60_L17435,3739.5576590283504,0.7682818483198524,0.20278839317187544,9.448940145497583e-5,2.239780161843059e-4
GWK60_L17457,1.022631440491144,-0.07702371373872646,1.0221477473058438,0.5756945377737595,0.6502395997162591
GWK60_L17479,11514.981354092757,0.3511204438346505,0.20725650213102667,0.07677439416854646,0.11232478482561212
GWK60_L17501,97.91695252690842,0.5394319592949647,0.5318668168152503,0.21771971342202942,0.28104185717920577
GWK60_L17523,3740.019925127022,0.7675707773081806,0.2027284633210614,9.596649166018966e-5,2.2737735316708319e-4
GWK60_L17545,0,NA,NA,NA,NA
GWK60_L17567,20593.942220643494,0.15789314359954523,0.19709407136586443,0.40996626435982525,0.4867658745296578
GWK60_L17589,97.50713500726124,0.5897412683546788,0.5306017181774121,0.17868235124882414,0.2371604575376803
GWK60_L17611,2965.842889079557,0.8212470873195215,0.21327414677624768,6.551788490996876e-5,1.5806825177274984e-4
GWK60_L17633,0,NA,NA,NA,NA
GWK60_L17655,6.190831666913092,0.8591686581882976,1.5523838352856962,0.022346143985537355,0.03618925156481325
GWK60_M00011,4.555893834268352,0.11119083809611743,1.0058098220821174,0.36878564478023834,0.4436561578871907
GWK60_M00033,4.191148032932323,0.5401534709535011,1.176312246254039,0.12453429183737412,0.17314262668394517
GWK60_M00055,2.0365927073881545,-0.026932315390732278,0.9966723441231812,0.8201718080887888,0.859010932743677
GWK60_M00077,969.4121020690701,-3.779492861926628,0.23808421601988877,2.6137354717629896e-58,4.651921112370089e-57
GWK60_M00099,1489.1613993885512,-0.6824521759848883,0.21886461201631296,0.0012695785108717095,0.002555594824245185
GWK60_M00121,7370.45429412564,-0.789312106430202,0.14562079710855788,3.3719066636917915e-8,1.1479007174547894e-7
GWK60_M00143,1265.6617296473175,0.7270481972796906,0.18961189684223906,9.203022376824398e-5,2.18638994534354e-4
GWK60_M00165,996.047155582406,0.7398164828326528,0.19917956987470614,1.481545630422707e-4,3.436353752704883e-4
GWK60_M00187,1563.5065520733572,-0.4598501981441819,0.17760908489955293,0.008420981911511582,0.014773750542399676
GWK60_M00209,10.323146882676367,0.3331737983725356,0.876842825517008,0.50636172417865,0.5826356277771755
GWK60_M00231,7610.534725561139,-1.187791622196759,0.14607859373676665,4.235451645927632e-16,2.4602854286124682e-15
GWK60_M00253,1903.7725133450404,1.4362212003961685,0.18038784950603517,5.727370806802103e-16,3.2979174384265702e-15
GWK60_M00275,3124.756749440691,-0.4990780897318362,0.16317137409619537,0.0019218897448177565,0.003771013062771589
GWK60_M00297,831.3814308239467,0.2545484109901756,0.2075589408636504,0.21112975965155614,0.27407463396810555
GWK60_M00319,262.5423788008234,0.09150682193019513,0.3077794172166567,0.756543763438158,0.805131937494283
GWK60_M00341,225.25797920283625,0.2895243045113915,0.3236611338773815,0.3462029115867728,0.42079296174929437
GWK60_M00363,2375.4973465418216,0.05004440092291184,0.16448953196006025,0.7495491651311266,0.8007511897500272
GWK60_M00385,1112.0550049405406,-0.11085432726124693,0.1969430636592233,0.5648561073076286,0.6406017041226462
GWK60_M00407,2601.996671241859,-0.1013525296445705,0.16838581495107025,0.5404423972432038,0.6176818403951513
GWK60_M00429,3195.849169149653,-0.8713672177649319,0.1589161261197029,3.0371656758119414e-8,1.0391234797632312e-7
GWK60_M00451,1727.3725418055828,1.2048434937916483,0.17701289838467826,4.713590307846693e-12,2.1703866173586775e-11
GWK60_M00473,584.0734952866908,-0.6413995464857756,0.23263447551982946,0.004504885109046551,0.008276963047069888
GWK60_M00495,2186.6882031056084,0.1681548946208035,0.17025437166985236,0.31796459325144655,0.39023934059139687
GWK60_M00517,1552.8587783884614,1.1550338072137825,0.1805332133501398,7.675114424861988e-11,3.256071817802606e-10
GWK60_M00539,3962.6468418975946,-1.1302168819736629,0.167284040903528,7.191927217369243e-12,3.268832955375221e-11
GWK60_M00561,7048.200149165254,0.07485404603181864,0.14600225457165886,0.6085369765309205,0.6812211897379175
GWK60_M00583,210.20891143110973,-0.412950127212775,0.3335101459924928,0.18838362653614038,0.24810764773731772
GWK60_M00605,2.726695149619475,0.16231058156710687,0.9868274513400382,0.5762759963086648,0.6507572989719296
GWK60_M00627,3.4856452128341813,-0.021840318414464432,0.9805674242535805,0.8792722155863156,0.9054807971146043
GWK60_M00649,456.4249580113651,-0.3855960750946649,0.2543016197324651,0.11742132214441113,0.1644209559881741
GWK60_M00671,3009.1194359744695,-1.1251740993254986,0.16633240643868177,6.919834395768558e-12,3.1505809316134885e-11
GWK60_M00693,3.277048022654012,-0.02099256424329676,0.9724348536918274,0.9314887006168926,0.9456211391321094
GWK60_M00715,39109.949925922236,-6.0016998932713435,0.15183186089151282,0,0
GWK60_M00737,1818.203079378843,-0.5584995588437792,0.17308538825844066,0.0010325556508570543,0.00209926506555015
GWK60_M00759,1629.6316845428516,-0.7984523993378196,0.1805111993729925,6.570007322703269e-6,1.7873936545450065e-5
GWK60_M00781,353.5801687233571,-0.282480556461518,0.287485461355306,0.3014889978271714,0.3730502908507557
GWK60_M00803,5097.342839770727,0.046553552088144635,0.14936082025792108,0.7463346454341011,0.798931740738084
GWK60_M00825,1119.646285628422,-1.6164871451756653,0.22518807497950027,1.490872476917109e-13,7.44169208024914e-13
GWK60_M00847,2609.4300530352757,-0.3844978513240652,0.169069428217982,0.02074895114547006,0.0338724384666321
GWK60_M00869,598.8216306598338,-0.599994028634622,0.23448552678077522,0.008285291549792316,0.014559857424269343
GWK60_M00891,523.0069414254775,1.5523206490292851,0.25295248373099743,2.555474749956434e-10,1.0431072994802865e-9
GWK60_M00913,2059.7235631083868,-0.2792930136872121,0.17057141440751358,0.09588720004344488,0.13739759811050412
GWK60_M00935,0,NA,NA,NA,NA
GWK60_M00957,353.0590603712316,-0.971771020513632,0.28025511781629553,2.974813128211029e-4,6.579440249256694e-4
GWK60_M00979,1673.4832473824174,1.5076495223680175,0.17964327235109895,1.662039699189624e-17,1.0360308785278717e-16
GWK60_M01001,997.7003293529492,-0.44203572921238643,0.20637867641052118,0.028111495406375187,0.04465065045615963
GWK60_M01023,1094.911808459876,2.1567695354183045,0.20674100335148207,3.198097303038709e-26,2.748803633148393e-25
GWK60_M01045,2139.1532451152557,-0.47457054015892997,0.16687604314569784,0.004059343140122342,0.007518461050696109
GWK60_M01067,39.160885530922066,0.038782664709764006,0.6048028611438473,0.9407746265219643,0.9527121195294908
GWK60_M01089,1210.9894290853467,-1.5056151382917213,0.19114695557738662,1.4088383716790876e-15,7.947833119205611e-15
GWK60_M01111,519.7299923088465,-1.5815048397478526,0.25080686639777316,8.476894592166065e-11,3.57898281263497e-10
GWK60_M01133,1067.622281992368,-0.18206953428608774,0.19481325383520862,0.3393320957383434,0.4136783805518642
GWK60_M01155,1049.8904944439926,0.15152671069246545,0.19400412860889552,0.42740310001167325,0.5048609579132302
GWK60_M01177,383.85047651218633,0.4193657657568245,0.26970520192959097,0.10323702921296997,0.14665799518928807
GWK60_M01199,1815.5986607839873,-0.4197138190267998,0.17834537081197888,0.016514552509704062,0.02750344189234268
GWK60_M01221,2447.6252261832014,0.6376127104038468,0.16834963406171508,1.1713432714841122e-4,2.753099392203209e-4
GWK60_M01243,2324.306862032662,0.5423367283205727,0.1646400122614482,8.587644125375785e-4,0.0017687236955045143
GWK60_M01265,3382.9817706339536,-0.5448828659146355,0.1688864766328302,9.534956837067696e-4,0.0019528005362549339
GWK60_M01287,3727.315607431587,0.24244192030214864,0.15586132286549093,0.11534964003027164,0.16194905636122597
GWK60_M01309,2264.8051468519475,-0.14955717768749013,0.16452680749645046,0.35924185476642945,0.43444347844780284
GWK60_M01331,1613.9199662903272,-1.2349745136355816,0.18410315004275707,7.923816645856326e-12,3.576882561058629e-11
GWK60_M01353,359.8777768034591,0.7429715076575861,0.28090006364207243,0.005719893170785266,0.010358121034864994
GWK60_M01375,981.0554310895652,-0.29458842867437574,0.2046465293489687,0.14072881307052001,0.1928181715631853
GWK60_M01397,2786.1117949066147,-0.08281545488910125,0.16546572709844126,0.6103693385786735,0.6825496771159018
GWK60_M01419,825.0626905981693,0.5843337605768638,0.22174957999905573,0.006812694139965943,0.012162074037102321
GWK60_M01441,1317.397190202911,0.8426276552741745,0.18546593119187144,3.7142504275545313e-6,1.0421193078584529e-5
GWK60_M01463,6931.905750285383,2.2615170892956646,0.14899515392089993,8.598424464201327e-53,1.4292852741436544e-51
GWK60_M01485,0.255657860122786,-0.06837963105416767,1.0196716028427992,0.7494899162467421,0.8007511897500272
GWK60_M01507,1969.440509789943,-0.8766473531352146,0.17627297493858995,3.9465791419205373e-7,1.2178410592056018e-6
GWK60_M01529,2839.5205812226836,-0.07511151617029722,0.16892032589742242,0.6505410029563639,0.718203788978141
GWK60_M01551,5516.732532667726,0.4068410713051878,0.1477162435248308,0.005342385885571607,0.009717774188276502
GWK60_M01573,910.367384077939,1.7849044899173048,0.20817533170540906,2.599308686353082e-18,1.696289594575604e-17
GWK60_M01595,2514.306830913824,1.6262260719925128,0.16616171374723984,3.8645619369142216e-23,2.9997172391378232e-22
GWK60_M01617,47.015270347968894,0.3384444468745317,0.6137420602859628,0.48478142407842895,0.5611023883684202
GWK60_M01639,2510.2012694936307,-0.2229812493280487,0.1650775012642447,0.17421464715661958,0.23178923354389405
GWK60_M01661,22506.571939357185,-2.3537699681424837,0.14388087500537305,5.147165815682457e-61,9.614105477631615e-60
GWK60_M01683,4968.694217122264,0.30058545188353425,0.1511378046456393,0.04229750705831203,0.06465720714581763
GWK60_M01705,8617.051981032197,-1.5256148675924108,0.17133996294784837,1.3854944611775926e-19,9.536098596073898e-19
GWK60_M01727,11859.180721082299,-1.561263224319607,0.1735091454739647,4.5048128719616695e-20,3.1539656743297196e-19
GWK60_M01749,2197.7419302724497,0.17742493388070427,0.16777315682416746,0.2848497132102042,0.3552053748594337
GWK60_M01771,51.19343271446922,0.36444616210497155,0.5693112477517668,0.4433710360733482,0.5202351379986058
GWK60_M01793,25.967682092077556,-0.20424509080183223,0.6904930847433128,0.6855486281151353,0.7488758107494534
GWK60_M01815,2192.7068500147648,0.20088456787758144,0.1891222120856893,0.27542514673417434,0.3445910829909694
GWK60_M01837,3552.690757929995,0.9553753862950156,0.15729280900177034,7.550382368786817e-10,2.9629785598668978e-9
GWK60_M01859,2297.2263130286356,0.8507215497009881,0.16672554718745042,2.2360340738327364e-7,7.048107402671344e-7
GWK60_M01881,673.8526321572722,1.1875820074102,0.22525946856223736,7.029969441079695e-8,2.3138492195234911e-7
GWK60_M01903,1254.8361727199072,0.9231784240164276,0.18790590997759274,5.605740322699203e-7,1.7118395924776422e-6
GWK60_M01925,264.5078022049947,1.3781362193459405,0.319726322618448,6.0851728964272e-6,1.660620750155611e-5
GWK60_M01947,1763.6301967811016,1.4156003335040948,0.1782128316292065,7.417908542829559e-16,4.252826958502934e-15
GWK60_M01969,797.4459945512867,-0.6898146240155736,0.21656626967256482,0.001171367108181404,0.0023623985249320496
GWK60_M01991,995.3883062668647,-0.08757548582443528,0.1963017273457655,0.647679841477953,0.7156429017668184
GWK60_M02013,1587.843687806931,1.3411473223788803,0.1839622087985918,1.1987792361518064e-13,6.017803458972886e-13
GWK60_M02035,2678.942951412749,-0.8588132432298514,0.18747843312792045,2.724275782283397e-6,7.721459402225221e-6
GWK60_M02057,507.18696573193415,-0.6215607147102028,0.246072704453586,0.008974795873878588,0.015672537492342986
GWK60_M02079,1319.653501032946,0.37423189694488673,0.1839719345348846,0.038614515594943305,0.05966569115313368
GWK60_M02101,476.25945914960465,-0.5274286877548398,0.24677055838271744,0.027261165922728443,0.04349608302672579
GWK60_M02123,17072.419556327597,1.4425121803923449,0.14232818391667723,1.3875009171355589e-24,1.1283584381505484e-23
GWK60_M02145,1296.3823155820457,-1.2721708614045781,0.1879953151638045,5.620901979081331e-12,2.5791742935263818e-11
GWK60_M02167,1284.7419501105167,0.07246174837391242,0.18500759297752714,0.6901964608304076,0.7520879183569438
GWK60_M02189,604.4981404513743,0.1237278941860551,0.22661069736762618,0.5816740447475623,0.6554527820370101
GWK60_M02211,1649.5993030380168,0.40308656822050887,0.18500338511768605,0.026467279579976986,0.0423188263338652
GWK60_M02233,460.1952159596674,0.8827493626078354,0.25555081386766976,3.4741749833601106e-4,7.610646067982406e-4
GWK60_M02255,83.60903017531685,1.0504773378479162,0.5244096991989083,0.02077664101222355,0.033902926656738185
GWK60_M02277,610.0247827792396,0.3334629197224012,0.24095169922994533,0.15183828234631053,0.20579927191861475
GWK60_M02299,2936.2850250308798,3.1979487145919263,0.1698984559813708,4.358612318491118e-80,1.0617338578591729e-78
GWK60_M02321,1443.4135717936738,-0.4924574443065651,0.19194845959785523,0.00845677153754903,0.014831617235396208
GWK60_M02343,8291.130555086262,-0.18465312828228103,0.1442924753976505,0.186166688197836,0.24565080225006516
GWK60_M02365,573.3932715176512,1.1306842796719885,0.2765373412232805,1.7459150935129273e-5,4.48440582327956e-5
GWK60_M02387,6866.139875074317,-5.544375042323686,0.15828235152574988,4.823415184082511e-270,5.424802694268118e-268
GWK60_M02409,1122.9846530707991,-0.42007090525016866,0.19600691009056237,0.028488256218120896,0.04512703697002909
GWK60_M02431,0.9375976574503522,0.03507801854757595,1.0083760712185466,0.8742864593705563,0.9021038891728989
GWK60_M02453,1556.97139766689,-0.16413982477678685,0.17884836724134112,0.34292820196907553,0.41738855068121883
GWK60_M02475,691.2596386047243,0.12269806680114208,0.22080377164677775,0.5698950901362589,0.6449294468979372
GWK60_M02497,1340.3536750983176,-0.5239994320363252,0.18359760497172195,0.0035439396036844053,0.006631244157548944
GWK60_M02519,3675.99965774928,3.050717923832405,0.15935220468669825,1.3323417352063425e-82,3.41881476325278e-81
GWK60_M02541,741.814158367242,-0.2080980869574506,0.21277298385184376,0.31606752494955004,0.38854254346123757
GWK60_M02563,1428.7603888367225,-0.06555227710940979,0.18736732424380598,0.7204779412398874,0.777392610204949
GWK60_M02585,47231.07420255638,-5.268406158668325,0.13993312895889343,0,0
GWK60_M02607,11.75721639350588,0.473773914089547,0.9534736138822527,0.30729393123602694,0.37943371186957214
GWK60_M02629,2077.3896527077827,-0.0988225012368254,0.18183792290224954,0.5779582021017722,0.652042833277003
GWK60_M02651,630.8690073691716,-0.10453529187428201,0.2237443212775154,0.6304741135696352,0.7008803710471276
GWK60_M02673,1811.884018496141,-0.9176668747558189,0.17341876758036545,7.436333900045087e-8,2.441519316499275e-7
GWK60_M02695,1432.2985029912845,-1.594724184858296,0.18473673505244226,1.837193833751954e-18,1.2139258256516036e-17
GWK60_M02717,26896.423827214006,-6.221997578953316,0.1558939380862199,0,0
GWK60_M02739,3389.258663373555,0.33694093835058836,0.15615271967334127,0.028925839870631326,0.045751642596097306
GWK60_M02761,1941.4207032756785,-0.44264247407694035,0.17755161742297884,0.011078411141999448,0.019044058958246856
GWK60_M02783,954.5021192301692,5.933761944660471,0.2999152488736069,1.9666899227998427e-88,5.529746240382961e-87
GWK60_M02805,5147.1036939737805,-0.4075291005832383,0.15088249268557272,0.006229788658497519,0.011216165820442058
GWK60_M02827,1271.4954362496383,-0.5067526858942716,0.18638105256011775,0.005702041663609262,0.010329332499601973
GWK60_M02849,2782.181607580287,1.3336193140904231,0.16506838411325808,2.8709712742754297e-16,1.6824782877849137e-15
GWK60_M02871,480.69854071289313,1.589422595361155,0.2582700782614239,2.2673545084261232e-10,9.28368391288961e-10
GWK60_M02893,824.8595257760132,2.353039208118335,0.22712528317710212,5.1031667380290633e-26,4.322971054041928e-25
GWK60_M02915,832.4123600935986,-0.43395433932542726,0.2082783680832877,0.03339908967992828,0.05213644009746616
GWK60_M02937,957.2217116055058,-0.17562040275119936,0.20353049139895463,0.3769083962461168,0.4521445305340408
GWK60_M02959,928.8010141138789,-0.6754948198764539,0.20183240413236914,6.1357346390641e-4,0.0012932014873242757
GWK60_M02981,2023.122933137364,0.49417335732376616,0.16860293653872013,0.0029581117745303013,0.005612555219011907
GWK60_M03003,2657.0002916593085,1.3600735583424461,0.17345042710470135,1.6476015919971054e-15,9.274996821402236e-15
GWK60_M03025,4594.25917526704,1.5061489180717271,0.15214925580954117,1.4592301327662273e-23,1.156445349595544e-22
GWK60_M03047,3427.3375945974576,1.0700158485159237,0.1593476688739926,1.0012824117456824e-11,4.496838426922411e-11
GWK60_M03069,1408.5821398968644,-0.6489300493513203,0.18167794470317541,2.736688777987878e-4,6.088441447998285e-4
GWK60_M03091,11584.293797495631,-0.5739276245543178,0.15077160807525558,1.1115770644162737e-4,2.6196149632208755e-4
GWK60_M03113,3960.369300413161,1.2409833577250247,0.15858231196947845,2.2565692293415666e-15,1.2622460260634413e-14
GWK60_M03135,155.58387608602413,-0.7872291818836897,0.384314974234872,0.02634023275089195,0.042153941968275765
GWK60_M03157,221.9890418559165,-0.17542238632296525,0.3291557584021095,0.5701073763226683,0.6450315905911012
GWK60_M03179,4.770386462220594,0.1570990686220563,0.9338543742630233,0.6936465986276434,0.7551273869064061
GWK60_M03201,2082.590113187356,-0.19018846331225273,0.17838394313205044,0.27676129327702376,0.34593525567802025
GWK60_M03223,3678.7450814405115,-0.31730665928874957,0.15491911371470957,0.03614372812501959,0.05612683515536239
GWK60_M03245,4918.521892474433,1.0096010986863928,0.1527032238500111,2.169958258343836e-11,9.590634911041402e-11
GWK60_M03267,35.63372074323636,0.35845154527502393,0.6505915605705895,0.47856656163091105,0.555002818073935
GWK60_M03289,12042.135184905906,-0.12797167233847093,0.14149035477681512,0.35989361055196506,0.435032614996041
GWK60_M03311,1252.6392147283916,1.833742463077094,0.19570575351461533,1.7002702449341653e-21,1.2570109810799997e-20
GWK60_M03333,19.922744247733565,5.286341977200295,1.7378755177404668,2.559112985975631e-4,5.7222805600115e-4
GWK60_M03355,0,NA,NA,NA,NA
GWK60_M03377,444.7241403545266,3.9249952552115963,0.3126565540080864,2.000396604645382e-37,2.408678007324713e-36
GWK60_M03399,387.1238774900661,-1.0325277128312265,0.2769673030277444,9.693239010564692e-5,2.295137798772377e-4
GWK60_M03421,0,NA,NA,NA,NA
GWK60_M03443,11080.236913573299,-0.16056682423141627,0.14190706907667636,0.25322331450960295,0.3202245072961151
GWK60_M03465,2323.144998833184,-0.16879779051374627,0.16574701862509605,0.30101785242642304,0.37255452304520537
GWK60_M03487,2006.4740874481863,-0.7178459240179885,0.17266542607833288,2.518841904194966e-5,6.370621198839517e-5
GWK60_M03509,1365.795945053092,1.008875499418291,0.18540990106202018,2.8201311865624942e-8,9.667453600628628e-8
GWK60_M03531,550.7926684696401,-0.9801094686076273,0.24484270831144173,3.516178202853695e-5,8.721969957899874e-5
GWK60_M03553,968.6322605206544,-0.08145497522446116,0.19737537622764195,0.6731123577503709,0.7375530600116572
GWK60_M03575,787.1379823985443,1.772532094234236,0.2196794209291084,1.823069704302218e-16,1.0791429403070015e-15
GWK60_M03597,745.1448649722565,0.4343947456587579,0.21461131343470707,0.037842829313559125,0.058593203207812986
GWK60_M03619,2467.8724522306343,-0.7904869263119384,0.16391385988082832,9.145878011778151e-7,2.7437634035334455e-6
GWK60_M03641,2552.9375208401907,-0.3402935021162742,0.16612645262433992,0.03747762804601337,0.058112860619309675
GWK60_M03663,910.3405035043477,-0.3489913860477117,0.2012906711966814,0.07642914158356068,0.11188110485504717
GWK60_M03685,3084.6658107895023,-0.9632945534173649,0.2012187125011748,8.059899222926054e-7,2.43455013099355e-6
GWK60_M03707,3359.190675582339,-0.3582337483023833,0.1558199824643978,0.020585999525070973,0.03361680367300747
GWK60_M03729,1210.7687569903987,-0.0741063254423943,0.18748166808367644,0.6879996736501393,0.750312827504567
GWK60_M03751,1318.7408032643207,0.009672880900691414,0.19092113390100424,0.9555646169679629,0.9645053590400328
GWK60_M03773,17617.6817630828,-5.1100073985032015,0.16543623302632612,2.2030582860942087e-212,1.4556707625367484e-210
GWK60_M03795,1370.5413012963234,-0.6353271113487442,0.18730304813665594,5.375102328024195e-4,0.001141993203614787
GWK60_M03817,1733.107166664865,-1.382406219885976,0.18006822537842543,5.828882931133246e-15,3.186295261010376e-14
GWK60_M03839,954.1420413358542,-0.42837858922930555,0.20635413708715938,0.036037804848409696,0.055978794131264664
GWK60_M03861,301.07472889176256,-1.409534222014414,0.3095642761431008,1.7823860285136677e-6,5.1796000806614885e-6
GWK60_M03883,528.8717512248496,0.2842574402903622,0.23711613798599696,0.212481590574456,0.275252672819301
GWK60_M03905,2838.383218531174,-0.055863904319793524,0.15944043911629718,0.7137489200596571,0.7720230798926431
GWK60_M03927,568.742364006077,0.5228153607159646,0.23351641099507814,0.021416786359709394,0.034844300614781124
GWK60_M03949,1644.5214578040082,-0.5353655963452811,0.17902915386856805,0.002347894885947501,0.004547809588537372
GWK60_M03971,673.64676913416,-0.695713117739681,0.22560916628972288,0.0015193662318688972,0.003022721077026342
GWK60_M03993,511.46767709455673,-0.37171304945662775,0.24727455451193853,0.11927592442720225,0.16653262982625228
GWK60_M04015,418.09013915145044,0.4050844206211904,0.25734376955230276,0.1037965710580357,0.1473727302209983
GWK60_M04037,1295.3786885950476,-0.17526879750078536,0.19042491890646462,0.34616583295030284,0.42079296174929437
GWK60_M04059,2455.1031406566703,0.2855203277480796,0.165564562411249,0.0871526024907351,0.125908761295029
GWK60_M04081,6165.473790531843,0.3452398380384432,0.19277464957586748,0.06510498464463108,0.0964802211470479
GWK60_M04103,8064.990620205797,0.7894043053053856,0.15929474722064527,4.860207319713375e-7,1.490200457772906e-6
GWK60_M04125,849.5854506025207,-0.6458245771515364,0.21007483860290888,0.0016421886012835032,0.003249947190709321
GWK60_M04147,738.2962411780263,0.028923350916987507,0.2159197673391486,0.8929669107141109,0.9167261779053777
GWK60_M04169,550.8640015389886,0.22771371431084053,0.23476805550808053,0.3204015265421833,0.39286533734678286
GWK60_M04191,1640.7925521682776,-1.5470026554905307,0.18230971185753142,6.446909129353611e-18,4.115744161565603e-17
GWK60_M04213,314.3290999710783,-2.0908582632529686,0.30866084670509975,2.089063996128204e-12,9.807097942747501e-12
GWK60_M04235,2124.295734096324,-0.7352605263312959,0.18533104163424674,4.9779585657625165e-5,1.2176533539389478e-4
GWK60_M04257,107.75000905141954,-0.09373766348407028,0.4237465625986766,0.8051853277593675,0.8452840287557658
GWK60_M04279,1595.0324041329743,-1.126390683689758,0.17871195582108926,1.267851973964355e-10,5.281217915189583e-10
GWK60_M04301,1042.5867853528146,0.9182638490935284,0.19690683074384496,1.9501155138627035e-6,5.651486078003428e-6
GWK60_M04323,70.33452808261808,0.17179428604532082,0.4977814238313181,0.6968991038596366,0.7579853216053578
GWK60_M04345,2699.5827130408434,0.9418750906116822,0.18180421275229902,1.2289455374837384e-7,3.968360483285914e-7
GWK60_M04367,1051.2819362075722,-0.68409284809141,0.1953358634443455,3.4769748410195096e-4,7.613624279051006e-4
GWK60_M04389,124.76232800658725,-0.09324131151248201,0.4007218422826126,0.7978093546357454,0.8390808294079886
GWK60_M04411,337.4686772146221,0.3910725612287546,0.2784856326278494,0.14440605571893372,0.196886874008327
GWK60_M04433,1247.3167132682672,-0.2672055223019323,0.18608919150767658,0.14939765967775098,0.20290301514422684
GWK60_M04455,464.0224174282565,0.7216616795344308,0.2539414780022318,0.0031653323047648647,0.00597356178614319
GWK60_M04477,1602.4499275169526,0.738987883176628,0.17741253572672355,2.2880898898162683e-5,5.803667542019575e-5
GWK60_M04499,172.06327525253417,0.10808942940525641,0.37145023242016606,0.7544409275962505,0.8033792794669179
GWK60_M04521,1163.0115089842293,-0.9344460000945417,0.20928702652313128,4.4411539840814285e-6,1.2349258263994966e-5
GWK60_M04543,71.84862257992921,-0.43161557587766525,0.5117045795188858,0.32639234917747123,0.3996001348259253
GWK60_M04565,182.1941689631556,0.006917276571996801,0.34858708945413447,0.985602583210245,0.9882198890078443
GWK60_M04587,1715.9252879906307,0.77559416167986,0.17718116681872112,8.700716315849502e-6,2.334618601298501e-5
GWK60_M04609,6685.2181506162215,2.6374894055770732,0.16163773677380572,6.326060065223045e-61,1.1774490670693315e-59
GWK60_M04631,858.7461072367145,0.28760761232952675,0.21874693991542057,0.18431569823129895,0.24335679050437303
GWK60_M04653,442.192105747704,-0.4354104797475304,0.2601823587971279,0.08201983107678285,0.11937137309247635
GWK60_M04675,712.4607328586119,0.27479830597643434,0.21862742349406475,0.1956999731362313,0.25681977606706025
GWK60_M04697,3362.8925654574887,3.4701587440011195,0.165183194671952,2.672657809771086e-99,8.359567563579859e-98
GWK60_M04719,0,NA,NA,NA,NA
GWK60_M04741,6234.612408902521,0.5175201829670418,0.14678566882364721,3.6206889583425476e-4,7.90539522255213e-4
GWK60_M04763,3567.5088308150684,-0.3070010468012585,0.169974985130783,0.06458564740393344,0.09579117064455447
GWK60_M04785,0.8524247466594577,0.07628808195626423,1.0204693148659714,0.6387831689993797,0.7072911251216425
GWK60_M04807,7566.725809601485,-3.4261581583949203,0.15333147128605187,1.011132360842007e-111,3.686100454766102e-110
GWK60_M04829,1932.1511464038003,0.7390060245229779,0.17065652992045846,1.1043880679519286e-5,2.9203578425182065e-5
GWK60_M04851,27.695382576128033,-0.11458456778202035,0.6726313174707323,0.8164930893593527,0.8553497754302269
GWK60_M04873,363.6138601838079,-0.5235090779855125,0.2717760670998596,0.044563514069553486,0.06794425594798377
GWK60_M04895,2635.009874469753,-1.405996330967892,0.173487340557442,2.1073276940454883e-16,1.2460105358752181e-15
GWK60_M04917,4554.394563278895,-0.9821177350057823,0.15787292512426693,2.737672801489549e-10,1.1140368305368559e-9
GWK60_M04939,1679.5617628619916,0.022132157242222308,0.18511129822527125,0.9040779582237575,0.9247971003625491
GWK60_M04961,3167.067035851982,-0.17309679449127768,0.1565265594891682,0.26216057348841976,0.32971229870563573
GWK60_M04983,3123.173737190925,-0.25466971574632,0.1582492127209186,0.10066174506991687,0.14361619013214053
GWK60_M05005,0.17048494933189154,0.05673870770012697,1.0164341323484167,0.8415973715063674,0.8743482126145161
GWK60_M05027,0,NA,NA,NA,NA
GWK60_M05049,100.51100949379517,3.0099129355095253,0.5313542505939267,1.7518389156316225e-9,6.662029142466732e-9
GWK60_M05071,4923.098719619051,1.1821565128514762,0.15584069189585723,1.594686195187423e-14,8.446404035832381e-14
GWK60_M05093,2147.4252933505686,0.250111758708871,0.17630775464191334,0.14755090580793162,0.20055389254325703
GWK60_M05115,832.261481140647,1.2526882029376574,0.21436330086664615,2.5833698418180806e-9,9.719354436904181e-9
GWK60_M05137,790.8730672926342,-0.25642479093715315,0.20902823562579903,0.2093381191391109,0.2720160515657179
GWK60_M05159,630.7661192230945,-1.044971861759984,0.22848177054315752,2.786005466927325e-6,7.887961916538748e-6
GWK60_M05181,946.9234600419137,0.40933998501550506,0.20371371726121137,0.039780116250495566,0.06130545029158004
GWK60_M05203,74.98443067651925,0.507055422119236,0.5167077077315251,0.2544946117161534,0.32144767444004463
GWK60_M05225,1433.840055671828,-0.33292133805438073,0.19511502079882415,0.08071600597374645,0.11760330969603743
GWK60_M05247,232.87951868220858,0.3019485966313188,0.32197383168104016,0.3228961861319237,0.3956488734106048
GWK60_M05269,3037.921220348493,-0.8596970490906483,0.15944005597613642,4.468522621312798e-8,1.4997213064291715e-7
GWK60_M05291,1730.9933022072069,-0.8737245085323234,0.17609849731636623,4.0191659253483096e-7,1.2380717413398116e-06
GWK60_M05313,605.9527537368627,0.932967199003313,0.2316458178390301,3.5735376294755795e-5,8.855939948151857e-5
GWK60_M05335,10.630467537632876,0.41673500680242587,0.8991112331350265,0.4133514515504512,0.49012466866210974
GWK60_M05357,3191.611831133748,-1.1065140548560228,0.16361103995628967,6.015205488611651e-12,2.7553185626344182e-11
GWK60_M05379,1233.8572531355119,1.6086348973153002,0.19230595429164896,1.8369005055864486e-17,1.1396544686068036e-16
GWK60_M05401,1693.2078136448085,2.323410236300532,0.18094129140402987,1.3726558113565685e-38,1.699264313543518e-37
GWK60_M05423,1829.8785328509653,-0.9388608077789413,0.17397345422690585,4.0990845318220656e-8,1.382754360894157e-7
GWK60_M05445,1946.4397226657338,0.5097169353488523,0.1702589269482737,0.0023715920886197652,0.0045819575220921345
GWK60_M05467,2052.805780862173,1.146045828027172,0.17042134688188026,8.644350465147488e-12,3.8954847876188936e-11
GWK60_M05489,0,NA,NA,NA,NA
GWK60_M05511,1001.7388571907936,0.7280110320190267,0.20129903041264918,2.1905553521425603e-4,4.956881674411632e-4
GWK60_M05533,655.7776170853477,1.0893206278944434,0.25406192294543223,8.170084322808333e-6,2.195580362499484e-5
GWK60_M05555,3395.4888326279174,-0.9300299170047404,0.1721172025900757,3.8639869765952216e-8,1.3092971255309193e-7
GWK60_M05577,1239.0343327521389,-1.4364820320767164,0.19470931504637923,5.8783223688725e-14,3.0080166545847077e-13
GWK60_M05599,671.3695789521068,-0.4117124780563186,0.22626275210738664,0.060896091443848735,0.09087993771094986
GWK60_M05621,1152.7100079991746,2.6249406810323794,0.2209249600116752,1.1051604892264968e-33,1.1873736475713947e-32
GWK60_M05643,1111.9610091399923,-0.8861057885383588,0.19431485943414586,2.9909821463549005e-6,8.441180793183131e-6
GWK60_M05665,1290.0541371262345,-0.026981605589467505,0.19245436518930048,0.8990516573383255,0.9212751275708726
GWK60_M05687,1273.1443397806577,-0.21386439943517727,0.1913472561824143,0.25335911963111485,0.3203196140564633
GWK60_M05709,657.307654775865,-0.9175902520600165,0.22570429171904208,3.191799044331594e-5,7.973463964242347e-5
GWK60_M05731,673.5182107800855,-0.8358138181518406,0.22273638104752144,1.2050608937726872e-4,2.826065609796994e-4
GWK60_M05753,216.18165969606562,-0.5265861378383948,0.33174527457500796,0.0916990716461661,0.1318969504004446
GWK60_M05775,1.8741312752099146,-0.02698894092885952,0.9708469194511402,0.9251832396942797,0.9408462110473187
GWK60_M05797,1460.9403489436672,-0.367412158987366,0.18356846467472857,0.04204522119763876,0.06430874978319401
GWK60_M05819,1414.0300377165745,-0.21170546340340274,0.18329414538214847,0.24174689761379456,0.30806993750880374
GWK60_M05841,484.64103759618126,-0.16748027664076676,0.24350205920303528,0.47367945976003967,0.5500592320499933
GWK60_M05863,757.2976888456485,0.038764391716791545,0.21252780459329726,0.8536915957595255,0.8846527691011276
GWK60_M05885,1137.4552719520066,-0.08640329216869584,0.19095890416832095,0.6425519189199504,0.7105710132658699
GWK60_M05907,631.9452523677959,3.186421005882446,0.30397865611054153,1.811949491825321e-27,1.6178994955724065e-26
GWK60_M05929,6311.509648839218,-0.2724747962059837,0.1502450004574167,0.07054596290705625,0.10384460036945123
GWK60_M05951,7069.922685197389,3.7579749822614357,0.1517977398489556,1.061238237664702e-136,4.5981191182750947e-135
GWK60_M05973,1346.5528852194427,-0.5306809571257228,0.18420457476975546,0.0032910788163554236,0.00618657276787154
GWK60_M05995,103.61725594643208,-0.25102822993969687,0.4379952453372471,0.5218795090887121,0.5981472430708872
GWK60_M06017,570.0524541460662,0.9350006014650202,0.23616336253309098,4.569025733619781e-5,1.1212567329579462e-4
GWK60_M06039,11770.588262769676,-1.182668595364023,0.1477809161265657,2.7848592877383717e-16,1.6356406883316702e-15
GWK60_M06061,4971.7071826036945,-0.2888984323088272,0.15360391516795413,0.05659277665412346,0.08488916498118519
GWK60_M06083,1399.3503210357678,-0.9990899775100718,0.18537029037133176,3.982221270613958e-8,1.3450493058444332e-7
GWK60_M06105,465.94538373113795,-1.235390999228906,0.28421800454288454,5.1496346492150824e-6,1.4199775042123591e-5
GWK60_M06127,2432.3675280382377,-0.16984905311590057,0.16609620732429634,0.3009808644937569,0.37255452304520537
GWK60_M06149,310.7517658859066,-0.3009199455444887,0.3029090938972555,0.2933079003417395,0.3647201978843648
GWK60_M06171,899.5692707914052,-0.7575407410015768,0.20446933628974337,1.5561218484024339e-4,3.596703144143098e-4
GWK60_M06193,5376.837633439192,-0.5934540700468609,0.14865326494603825,5.2833338145190004e-5,1.289367615122227e-4
GWK60_M06215,3185.4241190205057,2.2639815486479495,0.16539694984321243,2.236509480528324e-43,3.119311111892539e-42
GWK60_M06237,12.444126716664831,0.37356814679264133,0.8663327428555266,0.46020882339108454,0.5371304571528533
GWK60_M06259,18286.70964320856,-3.5320363026783825,0.14406308578859098,6.596611523474338e-134,2.812071654281077e-132
GWK60_M06281,656.2115822785152,1.356192976813284,0.2345260741894127,2.756479258160781e-9,1.0348543578578046e-8
GWK60_M06303,2029.1801092651556,0.7460462144661183,0.1718009993304408,1.0349090245772647e-5,2.744478371062973e-5
GWK60_M06325,1440.1430595652782,-0.7569224448404058,0.182708548081034,2.4638991784491624e-5,6.234643876152356e-5
GWK60_M06347,831.398618211043,-0.7662634973371784,0.20848556994700768,1.6804153430345907e-4,3.872134046765844e-4
GWK60_M06369,3749.8047115628788,0.6807592873588905,0.15847241271108609,1.294819154567954e-5,3.390002006461716e-5
GWK60_M06391,61.084873815160535,-0.7834578463980152,0.5706712943477882,0.10058006487375287,0.14353839711734817
GWK60_M06413,2131.2396810204664,-1.0682719638365812,0.16902685574479506,1.494225514110992e-10,6.181315210765553e-10
GWK60_M06435,112.8488229106116,0.36088790903319923,0.4287709638496952,0.35502971040701686,0.4299397592695283
GWK60_M06457,17731.05837095767,-6.490924342065803,0.14926584771475426,0,0
GWK60_M06479,17966.411233015133,-5.3000504628610665,0.15509130580224023,1.3815255817550134e-257,1.3523600416957409e-255
GWK60_M06501,1880.0425534223039,1.1577772496450303,0.17475584025240834,1.3255789774415487e-11,5.923085777477622e-11
GWK60_M06523,353.7572714942647,-0.296776354836475,0.2726313257380134,0.2571563218563432,0.3243346753721466
GWK60_M06545,260.1145760461772,-0.1953300752840587,0.31480240626615563,0.5103477492900026,0.5863286682779729
GWK60_M06567,1502.7409786955689,1.1228459910408632,0.1814852732258903,3.210947863031419e-10,1.303615238401235e-9
GWK60_M06589,3124.2941269667235,3.385885807966031,0.16742099563671115,6.874067955628055e-92,1.985591432428956e-90
GWK60_M06611,4437.269300142654,-1.409644068851864,0.1540866770748708,1.965041896170616e-20,1.3980096181908311e-19
GWK60_M06633,4445.324311883784,-1.1238298092949277,0.15215153781641572,8.651735688350821e-14,4.380562724963835e-13
GWK60_M06655,1164.7880234589152,0.21497682518533104,0.1902134698150197,0.2507780108036723,0.31774030803169023
GWK60_M06677,3015.6576530677044,-0.04691887122454653,0.15916613628762902,0.7642051374738619,0.8112040031986845
GWK60_M06699,0,NA,NA,NA,NA
GWK60_M06721,684.3241179396841,0.3406975080477981,0.21894007418360759,0.11213731730935947,0.15798450407709866
GWK60_M06743,871.5259485904842,-1.0561039449825969,0.20905781166928825,2.289823514355767e-7,7.207619863397368e-7
GWK60_M06765,340.8704343104521,-0.5936318127197041,0.28047113620665315,0.02680079608594787,0.04282618141182601
GWK60_M06787,1469.502790607201,-0.19200690333478398,0.1797660787081506,0.27588268967159724,0.345000212350145
GWK60_M06809,2106.94465299932,0.7398135418675825,0.16918715768768663,9.721266168441336e-6,2.5979076322740598e-5
GWK60_M06831,723.4505644227693,0.32544501955870747,0.2295553877212433,0.14170378612441623,0.19389115823181743
GWK60_M06853,138.82688252573752,-0.20179403126448636,0.3955815268292958,0.5755712945186835,0.6502393380691945
GWK60_M06875,725.7838261098805,-1.2539763398328616,0.21960317657254255,4.8519276733491004e-9,1.7885139247784757e-8
GWK60_M06897,874.1127948829054,-0.9610004879263635,0.20727762166908204,2.062452128321258e-6,5.954190032936193e-6
GWK60_M06919,1126.926079497484,-0.2069925455234391,0.19169437186930874,0.2708318333248347,0.3393261604539171
GWK60_M06941,415.24205642745903,1.2379562579310752,0.2689370469528967,1.8051373714732547e-6,5.242833047037156e-6
GWK60_M06963,82.92639473923876,0.8234626346821201,0.5035900013729265,0.061226663219372875,0.09124447188542571
GWK60_M06985,1558.533434359324,1.4739305103415425,0.18504928612833804,5.556839136848169e-16,3.2067086984038668e-15
GWK60_M07007,4051.7077652908747,-0.5048360093990633,0.15293915424093138,8.251995676810047e-4,0.0017039081698288247
GWK60_M07029,1169.7236485822775,-0.346230616995251,0.19021698236539925,0.06372505362400223,0.09459439299535967
GWK60_M07051,348.74994107822994,-0.38254803865775694,0.29443603403993585,0.17490437660176272,0.23258982005457052
GWK60_M07073,5673.382787539023,-0.6641759300889065,0.15154939817032684,1.0352799606317762e-5,2.744478371062973e-5
GWK60_M07095,340.21897553849436,0.06641825796021797,0.2761814336287487,0.7953879611782094,0.8373672102744503
GWK60_M07117,1196.442154748,-0.32051477205921663,0.18898419678999967,0.0840285243399435,0.12192555027750242
GWK60_M07139,8515.3158229684,-1.6952367611483161,0.15808301423922497,1.7456632159345135e-27,1.5639958914287862e-26
GWK60_M07161,833.8101378600298,0.8283776790295767,0.2297510991408658,1.948475209850688e-4,4.4356761237169417e-4
GWK60_M07183,2079.73830552685,1.8715146491916599,0.17155831896420573,2.2569044003922184e-28,2.0820238499953344e-27
GWK60_M07205,1123.0725661154468,-0.8640371316952054,0.19267062153086106,4.709000827681637e-6,1.3073413012145553e-5
GWK60_M07227,452.2426588455243,1.1942394433467685,0.25969064721119245,1.9571009997553876e-6,5.668079607548478e-6
GWK60_M07249,491.44768669230257,-0.5378292843437906,0.2545986766863553,0.027454195776572463,0.043756000294472644
GWK60_M07271,592.602024684897,0.23387306143982886,0.22977384418655317,0.29683370260478764,0.36823819572140515
GWK60_M07293,736.6823026581296,0.7585880263364733,0.22160629628895184,4.520050983159249e-4,9.75224061101216e-4
GWK60_M07315,892.2793056913808,-0.6471331515423546,0.23583983285601934,0.004369848013109171,0.008059670829481882
GWK60_M07337,19.80416207800782,-0.03336140716182493,0.7270037301911303,0.9440863402598477,0.9543775855065126
GWK60_M07359,3777.050172285418,0.9448872578905166,0.16605658988065713,7.852434975766703e-9,2.837181905803335e-8
GWK60_M07381,601.5267577892082,1.5625919092002865,0.2376056588095434,1.5443992037547474e-11,6.889193410166746e-11
GWK60_M07403,677.2907839131119,-0.8992428928440771,0.2351035345515876,7.71651525576922e-5,1.8481875687356638e-4
GWK60_M07425,5994.25990018336,-0.3966593322604535,0.1532557273492856,0.008944782238374171,0.015625287148726328
GWK60_M07447,1522.4235339926968,0.8091225028555483,0.18018033096858055,4.916414554522873e-6,1.3599250306231244e-5
GWK60_M07469,190.03479968643214,-0.4154349660559495,0.37102425430854885,0.22282011751885883,0.2868673029916528
GWK60_M07491,1569.4073791719495,-0.6010814879219457,0.17741436295438073,5.72399447157126e-4,0.0012131930543995864
GWK60_M07513,0,NA,NA,NA,NA
GWK60_M07535,1139.0826902433146,0.27265201016137064,0.19073209318877954,0.14668784545814606,0.19958608779710682
GWK60_M07557,1054.1169375493841,1.2789954468493983,0.23091490483804866,1.0119727655158109e-8,3.6290963626299703e-8
GWK60_M07579,956.9092376493371,0.116582116862555,0.19981303536685943,0.5520599600245513,0.6289200320452107
GWK60_M07601,2270.891257249773,-1.4625240486642737,0.17356642655425183,1.160952486071026e-17,7.297021214472585e-17
GWK60_M07623,167.09239363395426,0.8577154297630302,0.3763492129888214,0.014227141288556289,0.02397343603803269
GWK60_M07645,12047.666129272135,-1.0110699255881124,0.14983406588785256,7.244992985233337e-12,3.2901231030879225e-11
GWK60_M07667,896.1679611902766,-0.7001561436275787,0.21049000388380315,6.407997505266368e-4,0.0013478979233122969
GWK60_M07689,725.5722340816126,-0.5410072092399497,0.21613105858257733,0.010454298296649893,0.018059287841859915
GWK60_M07711,5390.325814998831,-1.0187805951994093,0.15043041993932657,6.618891162373505e-12,3.018762612968623e-11
GWK60_M07733,88.21872660703059,1.908885411413463,0.5383027223616607,7.811309353604153e-5,1.8700444403601247e-4
GWK60_M07755,106.99224733137811,0.1096327252274515,0.4279058858056577,0.7800544213354659,0.8240143227776325
GWK60_M07777,0,NA,NA,NA,NA
GWK60_M07799,67.35642844233497,-1.7363759617936727,0.6154371365263848,9.82984993210378e-4,0.0020062002602741534
GWK60_M07821,92.75654339532838,-0.3305329919738534,0.460359673002908,0.4170602906586971,0.4943006045788952
GWK60_M07843,610.6720773345232,-1.1761178831671117,0.24029978953810593,4.430931587521938e-7,1.3609473777827406e-6
GWK60_M07865,1969.4779696857142,-0.5762793805451969,0.16949747295545603,5.76404943750735e-4,0.001220214870911648
GWK60_M07887,226136.72747361255,-0.7713521905274057,0.13682460255513734,1.2089449927376945e-8,4.305055656302199e-8
GWK60_M07909,1761.9740957914205,0.7095919564396665,0.17874305613864325,5.336535426958217e-5,1.3017501738302325e-4
GWK60_M07931,0,NA,NA,NA,NA
GWK60_M07953,426.8362290499237,0.9885592899334195,0.2632047817900128,9.792532320816872e-5,2.316032476413333e-4
GWK60_M07975,1924.722087301715,0.7221868203647668,0.17240203808155954,2.1231004254652485e-5,5.408534385064724e-5
GWK60_M07997,452.20771401927294,-0.26298723693505827,0.25080508608150126,0.27788126629122606,0.3471709698925599
GWK60_M08019,265.5407798084368,-0.19359697767185458,0.3020597973057476,0.4996548286232397,0.5761726492370081
GWK60_M08041,1553.9423061816196,-1.425794565801465,0.19767252640592917,1.5715866221857042e-13,7.822417029071217e-13
GWK60_M08063,0.17048494933189154,0.05673870770012697,1.0164341323484167,0.8415973715063674,0.8743482126145161
GWK60_M08085,22550.348592494676,-5.353854191410665,0.14213282146632517,0,0
GWK60_M08107,2996.789332196712,-0.04696961777217783,0.1603647177275126,0.7722071726442773,0.8173582528229174
GWK60_M08129,763.4887987310589,1.8574166072601315,0.22035056380503223,8.4490818181772e-18,5.361566205388317e-17
GWK60_M08151,6336.793004295213,-0.04355363051681632,0.14821514578653702,0.7695726952345756,0.815549572375695
GWK60_M08173,2078.458959954221,2.6017559299206194,0.17855148640411916,3.0363448215151188e-49,4.776821049562178e-48
GWK60_M08195,3464.7782781171877,1.2175777228144473,0.16032645575214924,1.3684765203591738e-14,7.270117473988535e-14
GWK60_M08217,1204.4938388941282,-0.5702653957979722,0.1923146239537995,0.00228299099173689,0.004435093856053363
GWK60_M08239,1512.6369138434748,0.6091136373373022,0.1885469689505166,9.798072192118178e-4,0.0020004870454822976
GWK60_M08261,1282.704035291826,0.43257070928091895,0.19052829002925564,0.019852529134978363,0.032539680312401745
GWK60_M08283,441.4903010063477,-0.47103464051996724,0.25411891781043655,0.0549426179869352,0.08250757917015325
GWK60_M08305,2034.8492513488961,0.8022579574849397,0.17007227678462136,1.7075291141759829e-6,4.973002147401788e-6
GWK60_M08327,342.65166847656457,-0.7646055723580887,0.29211286734242115,0.005932879527420443,0.010710792753396332
GWK60_M08349,2155.2268150154355,-0.4723009181989721,0.16754929650757236,0.004338390515173949,0.008010035718899577
GWK60_M08371,3089.891097615417,2.064907314736845,0.16505497046472667,1.2336996965888072e-36,1.442773583223105e-35
GWK60_M08393,2264.089438067799,-2.0200299964522084,0.17267729829005274,2.544362486814261e-32,2.621734913313876e-31
GWK60_M08415,0,NA,NA,NA,NA
GWK60_M08437,55850.76946282586,1.7889780441164755,0.13994941364143246,1.1175803283457196e-37,1.3549379852374941e-36
GWK60_M08459,8261.401275537592,-1.3833853514440182,0.20707950280577245,4.29388788858061e-12,1.9788571385385444e-11
GWK60_M08481,1187.2529075222255,0.45089730787199733,0.19092158727083014,0.016188645448314148,0.02699469395576927
GWK60_M08503,1086.6129513887693,3.4373637734903904,0.2566284906784077,1.0537772133916379e-42,1.4468224285683632e-41
GWK60_M08525,14.922770140064864,0.22385508992566613,0.7913792387962068,0.6648136431150371,0.7301485388543706
GWK60_M08547,3403.2091023425087,-0.18405910136233036,0.15924699562786215,0.22892291601242398,0.29399575656989146
GWK60_M08569,249.1330136072162,-0.07391235863318646,0.30837077735614365,0.7967555800744156,0.8384730233472747
GWK60_M08591,1277.6740677492287,-0.07143234351462875,0.1890652857056044,0.7226728756184642,0.7788070989845468
GWK60_M08613,1946.3455511955517,-0.2124143044305952,0.17136649218613823,0.20773451961815398,0.2700650936304874
GWK60_M08635,1038.4857144550742,1.5099075480474555,0.20072446409298286,1.8100754599969464e-14,9.577636518061922e-14
GWK60_M08657,3400.4957165124742,0.08305342954839846,0.1552058766687959,0.5895353758007351,0.6630391481878055
GWK60_M08679,1401.2416612299462,2.353199484149748,0.1926913097200021,2.794720086370408e-35,3.1364947720921397e-34
GWK60_M08701,1674.8266836425046,-1.7668446035852896,0.18807901019061377,1.4940203849725257e-21,1.1060772766057102e-20
GWK60_M08723,64.07037407435051,-0.5142928082508501,0.5362597905639273,0.25907088025652447,0.32660354711089634
GWK60_M08745,1722.1479917134047,-1.0645138509053935,0.20022635807322406,4.8297940635946064e-8,1.6107439381805103e-7
GWK60_M08767,6142.202402753224,1.518852751835899,0.16534277994774005,1.0909797859471276e-20,7.824856375192018e-20
GWK60_M08789,3830.8022301851825,1.6860993161057616,0.1567982898996811,1.5977029641640745e-27,1.4338638146980133e-26
GWK60_M08811,1399.429617419818,0.8926017841956813,0.18362426058552925,7.282093410218003e-7,2.205910932172628e-6
GWK60_M08833,101.15395554203582,-0.18717257501775367,0.4377703673843449,0.6334847316013528,0.7037831633553491
GWK60_M08855,5163.138051200328,0.6312417584910004,0.14962332117124347,1.956442311032181e-5,5.008113344366154e-5
GWK60_M08877,2219.3666571245158,-0.3138027884935436,0.16555344931853472,0.0541244641143221,0.08134828470523361
GWK60_M08899,2702.5346604488454,0.18328940082976306,0.16009894103225916,0.24675979798745876,0.31336059257274373
GWK60_M08921,854.5697070245151,0.5476762143877515,0.20759069996990914,0.0069674800202168905,0.012421618680224783
GWK60_M08943,0.511315720245572,-0.07368739287401353,1.0211795455257497,0.6607078138669988,0.7265449353236855
GWK60_M08965,486.09970336918786,5.292428405042682,0.3329175687740067,8.863512488204813e-58,1.5722324500889477e-56
GWK60_M08987,29.811029165051092,1.5460834960514553,0.928204174990314,0.018846850172244953,0.031006676006998697
GWK60_M09009,1007.8255058383688,-0.2487992332746266,0.19853536799289395,0.20033131033087478,0.2621166600022288
GWK60_M09031,4547.57671447072,-0.36032635657020046,0.15150492838639718,0.016089323474856598,0.02684601132831186
GWK60_M09053,1454.5828518688384,0.0567389984685393,0.19992987195692646,0.7735433298225669,0.8184447640996975
GWK60_M09075,3928.089250395635,0.6865213155916432,0.15354750519168964,5.592542957376764e-6,1.5349004191429686e-5
GWK60_M09097,737.5174635132403,0.11312883310576995,0.21472472953789506,0.5906402556876282,0.6639992325743945
GWK60_M09119,3928.740075321317,0.4384805227407933,0.20427550045494644,0.026964007008804376,0.04307396223890599
GWK60_M09141,280.2743129079496,2.178115029589299,0.3213725280849711,2.2573138271688655e-12,1.057815681774346e-11
GWK60_M09163,2248.700945174325,2.735250747003281,0.20090525622671304,1.6496677215321563e-43,2.3069162899521108e-42
GWK60_M09185,817.2274671461112,-0.16225529213045453,0.20688808519273072,0.421386898495834,0.4985342760628869
GWK60_M09207,751.178843312796,0.08693838961594574,0.2122077071671961,0.6760298309347654,0.7402637026244918
GWK60_M09229,724.5971800148287,0.9898779963258695,0.23057979189216965,9.625582322826334e-6,2.5749406962783402e-5
GWK60_M09251,1985.5077929689141,0.9984345563105971,0.17386261851625423,5.356706669952885e-9,1.963708885443234e-8
GWK60_M09273,423.83411595861253,-0.17508322579693944,0.2759534092375931,0.5062790005352004,0.5826356277771755
GWK60_M09295,5017.851201019899,0.30634891016065086,0.14953580697424312,0.038629271212302654,0.059671048401002874
GWK60_M09317,1619.5580469023998,0.4389136950951174,0.1773360758145947,0.011944224777371908,0.020399732527685913
GWK60_M09339,2183.8205025063344,0.8161984918307209,0.16776577136073437,7.785697432640067e-7,2.354416283119874e-6
GWK60_M09361,1781.570473332382,0.23185256641741758,0.20720108609030005,0.2455518743977398,0.312091177702922
GWK60_M09383,4383.160876681519,1.3037269621998313,0.16827471506280048,3.5505242605189498e-15,1.9652430618956196e-14
GWK60_M09405,32.19148086483366,4.324639005851595,1.1536431997464867,1.2985578943582524e-5,3.39474630542914e-5
GWK60_M09427,627.187048480758,1.002019492535214,0.22945837106717065,7.519952243977846e-6,2.030156668113733e-5
GWK60_M09449,968.747424352782,-0.10424412522927262,0.20199771252096074,0.5965547109318339,0.6702206592955736
GWK60_M09471,873.5746518975793,1.3291265253419433,0.2088996887976559,8.508094307417097e-11,3.58928862801331e-10
GWK60_M09493,1285.1066582663027,-0.16901155587294409,0.18618060172772175,0.3682083803541189,0.44325882453925586
GWK60_M09515,22296.061326170067,2.021079280519323,0.14483731985341453,5.242415395499032e-45,7.655085022267371e-44
GWK60_M09537,650.3088934148058,-0.3703050205507454,0.22534452175087064,0.09096248049360842,0.13090870457098125
GWK60_M09559,522.3882904065704,-0.3457902490752218,0.24071575564513248,0.1387818895991999,0.19039737047011956
GWK60_M09581,829.5092723440782,0.9682791556250242,0.21562082010531433,4.341289699890089e-6,1.2090651924983672e-5
GWK60_M09603,1873.7023802954245,0.2882855185108019,0.17068309797326675,0.08644777984236544,0.12505828249774048
GWK60_M09625,1173.7747648030868,0.6690837689845891,0.1909423285841444,3.5716516007834733e-4,7.808002630993151e-4
GWK60_M09647,1143.3773570695057,-0.4934775482610442,0.19021291981838678,0.008893572061466841,0.015540965922946685
GWK60_M09669,4846.5230999928845,-0.8189413751357201,0.15016604092478006,3.875835630206923e-8,1.3116304187755312e-7
GWK60_M09691,408.8764530670029,-0.8114458124288061,0.2680773629586945,0.001626711304509465,0.003221816508400966
GWK60_M09713,707.7032639176416,-0.387018266704666,0.21829649084578037,0.06874951051574894,0.10142615478265389
GWK60_M09735,3478.701182544848,-0.9324661559623812,0.18671428561055262,2.921517765511584e-7,9.100260994987763e-7
GWK60_M09757,569.611338208683,-1.2327326755558767,0.2439058437660507,1.844245310650849e-7,5.855063490750984e-7
GWK60_M09779,3843.1428784476147,1.0226858356329318,0.15452523547805433,2.4038426038767023e-11,1.0588926670076874e-10
GWK60_M09801,2018.5839439905506,-0.30968073044724714,0.1685831962444379,0.06136572642396948,0.09140017748016419
GWK60_M09823,256.8260928534844,1.795873234006008,0.3589323688421676,1.0884400608479419e-7,3.525425344143518e-7
GWK60_M09845,1198.7414829293325,1.2529669802669643,0.20296451134163826,2.6929582337472814e-10,1.096685456362722e-9
GWK60_M09867,1266.3252172521466,-0.17643498694365428,0.18911529486890902,0.3449239479703604,0.4196243933190622
GWK60_M09889,429.2886056294946,0.2145807631291685,0.2543708602073633,0.38478710929666043,0.46028166095092715
GWK60_M09911,2424.008130833109,0.6395407664416041,0.16446442682139895,8.064733763579483e-5,1.9272234482043917e-4
GWK60_M09933,1604.629984912518,-1.5924100199123514,0.18563913503410595,2.5943445054276053e-18,1.6951427757342795e-17
GWK60_M09955,3940.993058163598,0.35082376464259757,0.15488348289255469,0.021914836224789295,0.0355670323255254
GWK60_M09977,581.5425332127302,-0.09814057354599277,0.2306756812308463,0.660122647754673,0.7260525002145655
GWK60_M09999,1260.4238327080811,0.7536203341831796,0.18746327320534822,4.2210428867956465e-5,1.0387538500745711e-4
GWK60_M10021,446.2128018746007,0.007089213213324696,0.24980546220385713,0.9738489860631466,0.9790349449086712
GWK60_M10043,2368.7674731206594,0.9618649450800644,0.16546764351181964,3.6938624764238693e-9,1.374085647457887e-8
GWK60_M10065,220.42913980197747,-0.1811093210174584,0.3229839460610476,0.5524012502275464,0.6291732404013812
GWK60_M10087,1342.282796343652,0.008135947634164807,0.19383376027349847,0.965889248213487,0.9723272835757936
GWK60_M10109,79.12764078649694,3.2437582356420878,0.6566397634652943,4.656818190949417e-8,1.5599455613028274e-7
GWK60_M10131,3923.8153459710757,0.5320877006024431,0.15451560992901914,4.908388419077384e-4,0.0010500097605521267
GWK60_M10153,1270.4686235629256,-2.3719018965480676,0.21893538613002425,1.7069728365957088e-28,1.5802203877836982e-27
GWK60_M10175,830.992140124146,-1.535108850579573,0.2191133106887806,7.284101675771067e-13,3.5003419507387146e-12
GWK60_M10197,211.21645252416343,-0.9217107884610715,0.34407816237440697,0.004385076521861723,0.008082118024602881
GWK60_M10219,8099.054781300281,-4.964312419388112,0.15613462632871122,3.3294521234969167e-223,2.378308638487122e-221
GWK60_M10241,136.12758546790684,-0.38103762120638074,0.39368923164544817,0.2908717794678685,0.3619463809480115
GWK60_M10263,649.4077315064881,-0.26657877396548935,0.222610175800519,0.21856723743238796,0.2819293355460231
GWK60_M10285,1235.7696554593913,-1.1233883222839325,0.19012479781619296,1.8245845574252911e-9,6.928702565050352e-9
GWK60_M10307,416.25877421979044,-0.3265267267342145,0.26709488800855324,0.20496803980939204,0.26719138309061563
GWK60_M10329,2967.8768763335347,1.9054163612831667,0.16312497941132031,3.770596436867e-32,3.840341573271476e-31
GWK60_M10351,626.823554345807,-0.639151984738946,0.22657817856246126,0.0037048038467102336,0.006900490885733014
GWK60_M10373,302.65223405501007,1.2008896500511033,0.3109811921001292,4.802821734310564e-5,1.1764465100818184e-4
GWK60_M10395,665.032680718634,0.762541755777406,0.22397251176530314,4.715405375943543e-4,0.001013649158895387
GWK60_M10417,12041.875446575585,2.1971029646623794,0.1426082777425743,2.9256502420345633e-54,4.972664687908265e-53
GWK60_M10439,768.3921917942346,0.3105416172023543,0.21116378930363933,0.13477407956288384,0.18562162182631683
GWK60_M10461,613.8246822038841,0.16986337960979445,0.2300570420717338,0.4493711238529226,0.5265740990216247
GWK60_M10483,1576.6759542075783,-0.7245451236327799,0.19119955569991628,1.0396685858113594e-4,2.455624729490101e-4
GWK60_M10505,14509.052109355727,0.9002096728452756,0.14081811352816362,1.0699453773806731e-10,4.470933806193073e-10
GWK60_M10527,6109.575812427093,1.0194256760357971,0.14830991059835663,3.588797923037305e-12,1.656802255124471e-11
GWK60_M10549,505.84039273432654,-0.45427120835726276,0.24376068077811272,0.054083544065547676,0.08133303383513088
GWK60_M10571,6980.718559791444,-1.7771999194025612,0.14782381855492888,6.412717588639354e-34,6.93202968784205e-33
GWK60_M10593,383.6425945118078,-0.35673823148445455,0.26507526087418226,0.16331083138062477,0.2186024448412212
GWK60_M10615,1872.3805931079542,-0.6777473305353605,0.17899842470550828,1.0925007592159064e-4,2.5769562754195813e-4
GWK60_M10637,204.17448484787064,0.037638484076666534,0.34609733314343594,0.9088502684285827,0.9281650925257898
GWK60_M10659,2759.5854134787696,0.07684589025526492,0.16173612174153815,0.6323935515292096,0.702866340072204
GWK60_M10681,2189.908926968191,-0.494522313542939,0.166466230636422,0.00265440128067809,0.005072727827065937
GWK60_M10703,2107.301254160925,0.5391378980267233,0.1744818365003408,0.0016799023659620162,0.0033183721623599467
GWK60_M10725,3851.613023515618,-0.30781992998376007,0.15294370297129656,0.04140528957028933,0.06343329191503792
GWK60_M10747,3907.5987441956927,1.1783532226983224,0.16084706034544038,1.1001312265918884e-13,5.533105293781848e-13
GWK60_M10769,1629.862839613923,-0.39709095197622013,0.1795461163218423,0.025006308574165324,0.040189524816977164
GWK60_M10791,101.39686547992703,1.1894921917160242,0.49927592761567824,0.006721325166003692,0.012031467940228755
GWK60_M10813,1447.1892039405534,-0.006877009326025347,0.17949534745691062,0.963892900395506,0.9705024517125038
GWK60_M10835,4802.128452042741,0.9207900562043985,0.16131621791023779,6.847630530925334e-9,2.4877371124722555e-8
GWK60_M10857,1183.4744951820242,-0.9866937096974592,0.19079535834569034,1.339603147035463e-7,4.315138473631601e-7
GWK60_M10879,373.43935532537085,4.230638687303857,0.34161189042563644,1.6004942366074448e-36,1.8512500075945192e-35
GWK60_M10901,0,NA,NA,NA,NA
GWK60_M10923,6.110211898703274,0.12170578925033015,0.9137299670920449,0.7593125611602468,0.8075907843648018
GWK60_M10945,442.36592382461276,-0.8502993930270938,0.27138772421472057,0.0010692231686315972,0.002167144811881374
GWK60_M10967,138.71846275858647,0.4132096089589261,0.3912631473746948,0.2531497253641559,0.3202245072961151
GWK60_M10989,1584.8628144313925,0.353413873245678,0.19018494991169807,0.05798395445222258,0.08682809723355484
GWK60_M11011,1013.0312717772155,-1.5709165423430806,0.20255195725896832,2.644719888272832e-15,1.4700304237024387e-14
GWK60_M11033,0,NA,NA,NA,NA
GWK60_M11055,2120.5127376174114,-1.4702621076164206,0.17316747946795097,6.749851348644957e-18,4.2987607504743663e-17
GWK60_M11077,328.430246443032,2.208648702855697,0.30385119396057425,6.274297925384835e-14,3.2013454472571655e-13
GWK60_M11099,403.5128498864936,-0.7937403039679526,0.26422791506166876,0.001802092140639834,0.0035504506356400156
GWK60_M11121,1219.748964269884,0.5642091253129133,0.1948791143851479,0.0031228234861236646,0.005899658666064936
GWK60_M11143,245.58144636020089,0.0972993065758678,0.3110968417917028,0.7445940088475975,0.7978763289617679
GWK60_M11165,4247.409140843042,0.7509204318922053,0.15365410739512947,7.479695118628113e-7,2.2644712713097483e-6
GWK60_M11187,1071.01889248034,-0.13306997434299445,0.20449254093126876,0.5069179924782088,0.5830218686335534
GWK60_M11209,257.6826066727508,-0.9285359221504763,0.322460915843702,0.0022687172166470718,0.004408985002645743
GWK60_M11231,3676.6330568677513,0.9337874088524952,0.1560816765269456,1.5357557367691708e-9,5.878352515975262e-9
GWK60_M11253,489.99609916180555,0.6413158836001067,0.24580268158638705,0.007093855869648003,0.012621380722638622
GWK60_M11275,2735.244458967738,0.32786112891578034,0.172833075156063,0.05396787853921053,0.08118218723911975
GWK60_M11297,4050.7163788544603,-0.02359236254957975,0.15268427215517855,0.8746710979154925,0.9021162343129544
GWK60_M11319,4090.5004697278005,0.40202706909361297,0.1665932547512349,0.014258726072572512,0.024019001280949106
GWK60_M11341,960.2218006305095,-0.22623559609736035,0.19806741095812944,0.24394696082654097,0.3104993101201771
GWK60_M11363,597.0958424742199,0.2872623011771314,0.2368415159945296,0.2120772300423982,0.27489951888281433
GWK60_M11385,5421.709796849509,-1.750029311368805,0.15104620703576152,1.2618240965414336e-31,1.2704766046320035e-30
GWK60_M11407,90.5740979254029,0.8135265667134252,0.48599025321469463,0.057716077397442944,0.08647595950195107
GWK60_M11429,13965.986138877268,-0.16354904946424412,0.1434333871371786,0.252660970804425,0.31974285172903777
GWK60_M11451,2264.1442129458133,-1.138370582666635,0.16927215472530885,8.451321915458283e-12,3.811748092586389e-11
GWK60_M11473,425.3025000428933,0.7211092867114477,0.2614889964715296,0.0041634110982097135,0.007703112028399211
GWK60_M11495,866.2555308146036,-0.7566497859932251,0.210663167569988,2.2948127114532117e-4,5.177285528272163e-4
GWK60_M11517,514.6058416832531,-0.5428935333934495,0.2525675353556008,0.02580376497692346,0.041370549489844526
GWK60_M11539,545.1459583032517,0.13793382545828536,0.2340233800925881,0.5464065958391681,0.6235546773760454
GWK60_M11561,4757.07208920456,0.7245174938731817,0.15540878546107922,2.30509005296948e-6,6.593455638526338e-6
GWK60_M11583,268.13596985073434,0.4160826879047753,0.303584593075685,0.15107838057316347,0.20497954818011863
GWK60_M11605,19618.45296851739,6.3515463572703545,0.1610209096518217,0,0
GWK60_M11627,1036.9192679040887,1.7805790209926515,0.2038200468035512,6.075203163979521e-19,4.096112745509662e-18
GWK60_M11649,25637.180066142842,0.7496898686089722,0.1393054377890296,5.159055639406652e-8,1.7173027777017356e-7
GWK60_M11671,54258.440046044496,-1.0893798743373353,0.6840205307360299,0.03437520971906018,0.053585183891168425
GWK60_M11693,3399.534308879487,0.5167977784749189,0.18602107200151585,0.004499792957784378,0.008276237152000076
GWK60_M11715,1517.1072679471836,0.6034745681495003,0.1969290128133268,0.0017269140196946725,0.0034074160164636203
GWK60_M11737,2539.0311966722684,0.6592059953377618,0.16261257376848812,3.92527756494921e-5,9.700335300758076e-5
GWK60_M11759,804.2479740298946,0.6713695780472079,0.21743300579327757,0.001583360170954188,0.00314175745633027
GWK60_M11781,292.5084068052386,-0.5525720406334005,0.3083783459204617,0.05804664949168082,0.08685184412931395
GWK60_M11803,177.36731170639612,-0.4210157333150321,0.3586585084124413,0.20756308692411451,0.26992275086343864
GWK60_M11825,2136.220510544614,-1.1435855700327444,0.16878830726698388,6.1881433729898496e-12,2.8271846041161925e-11
GWK60_M11847,1416.9276215070136,3.828757113344482,0.2177694526916782,1.0104055552559128e-70,2.1889359692962114e-69
GWK60_M11869,541.5002643944625,0.099580497874027,0.24216974524104393,0.672770489468097,0.7373553405200831
GWK60_M11891,3887.3749102464817,-1.5701019431136416,0.1553392650321523,1.4974219455725342e-24,1.2158790175570532e-23
GWK60_M11913,2432.2800964591306,-0.16842423595481343,0.1628177791680875,0.29480597613737136,0.36632449221018926
GWK60_M11935,4300.772788571898,0.20439338159151463,0.15890435159474073,0.1929909715280426,0.2536425349321813
GWK60_M11957,2.716543553084244,0.022387460853238172,0.9594872040514308,0.9431079156942103,0.9541183621740852
GWK60_M11979,789.8300224619334,-0.06404845300814258,0.2096570291449632,0.7531955319981795,0.8028915818589876
GWK60_M12001,221858.64731850167,-0.11022963508157485,0.15018203369706953,0.45507406138922946,0.5325484809615822
GWK60_M12023,20.449890775707722,-0.05880442254510899,0.7253350554816512,0.9041527458709145,0.9247971003625491
GWK60_M12045,17.80471609377026,-2.4407195425820674,1.3324439292029882,0.005673041543317586,0.010283846912886406
GWK60_M12067,1603.5902569742182,-2.2224777461183396,0.18193463056782277,4.307040246374763e-35,4.803167667159704e-34
GWK60_M12089,11090.222902468235,-1.197569664961014,0.14643442756012534,1.2727901308348772e-16,7.619443523888065e-16
GWK60_M12111,2956.627970603931,-0.3541895470955634,0.1611106418610711,0.02445184532360454,0.039394225656986775
GWK60_M12133,3740.2573974738175,-0.542228772592092,0.15717261553015893,4.584227418362653e-4,9.882542043042118e-4
GWK60_M12155,389.17381025294037,-1.0503449392171882,0.29676860678136036,1.9021287523878728e-4,4.343262455776369e-4
GWK60_M12177,237.09320483805507,-0.46803320914744473,0.31937086109712376,0.12131957870801523,0.16916256740980443
GWK60_M12199,1061.9389972016666,-0.1056756577868819,0.19428703738472422,0.5754984955568173,0.6502393380691945
GWK60_M12221,813.3752254853262,0.1819298987646929,0.2105301079034777,0.37885480927425186,0.45411032240900123
GWK60_M12243,2028.382898825663,0.41549489903965964,0.16837527787399184,0.01235055530561292,0.021046110685193388
GWK60_M12265,4263.8296163009945,-0.31484579167839916,0.1542672397612735,0.03786935506975811,0.058617104216322505
GWK60_M12287,1499.3324860189039,-0.5008073984220062,0.18958393075277816,0.007020161359428749,0.012507102442177408
GWK60_M12309,4.320606877843772,0.37339650863537804,1.0220262766039658,0.33929610873018845,0.4136783805518642
GWK60_M12331,8637.838466979627,-4.1183293284270235,0.1656997209070359,3.486974611936902e-138,1.523317999892435e-136
GWK60_M12353,11891.932611690423,-6.178084089675,0.16539518839583164,0,0
GWK60_M12375,17605.170482577974,-0.011090979860101217,0.13850132482456612,0.9426211018797628,0.9538084120475548
GWK60_M12397,874.8901254087812,3.19191374938882,0.2210675734476997,3.411693539785081e-48,5.273161418509924e-47
GWK60_M12419,974.5128872497692,0.05323491623042047,0.2038251595305488,0.7912536107504622,0.8343440228260409
GWK60_M12441,0.42614280945467753,-0.014131739190465415,1.0071317932115753,0.9533949356420688,0.962866952580049
GWK60_M12463,1702.8967374095373,6.676743189583824,0.29993178420459105,4.58882458876937e-112,1.6962606137227196e-110
GWK60_M12485,1142.6058873919749,-0.43766316367645464,0.1938798828559958,0.021800371233501415,0.03539212602588712
GWK60_M12507,3638.9665611147034,0.8005444930007296,0.15588978788315636,1.6663070241920696e-7,5.302889181143456e-7
GWK60_M12529,1740.657932662716,-0.1259874361614228,0.17651426187579525,0.46664641293329334,0.5430851912737535
GWK60_M12551,689.7655513961184,0.12004645751422761,0.22608437121626304,0.5867489051813999,0.660186188333095
GWK60_M12573,197.99813829180388,1.441273252465908,0.36983169724318615,3.207059523279584e-5,8.004021076513637e-5
GWK60_M12595,2578.0077482511156,0.4765646538243999,0.16201948311456174,0.0032053455173641117,0.006044757903955296
GWK60_M12617,5531.267626765523,2.9662197149183287,0.16404667165689868,3.2852070677380386e-74,7.485174379337618e-73
GWK60_M12639,1543.1719153845174,-1.3485935778758602,0.1803328518733316,2.8375031331382625e-14,1.4835847242105693e-13
GWK60_M12661,444.16203397676713,1.0000045885945568,0.2579458215449762,5.961676243220604e-5,1.444906951933247e-4
GWK60_M12683,278.26774908782255,0.6332841755350404,0.30296604224469187,0.028025627081585486,0.044527641945675045
GWK60_M12705,3118.897037376946,4.37306561508882,0.17070142451231127,8.76031793022005e-146,3.991986256822689e-144
GWK60_M12727,70.24545949172605,3.6040072085030546,0.6662373745350909,6.199456569029124e-9,2.263144159108284e-8
GWK60_M12749,10301.416830569618,-0.7961042115319654,0.14908505481491308,6.342766015154754e-8,2.0954913222567517e-7
GWK60_M12771,10193.174850435897,0.20054241221758315,0.1430610306030001,0.15730775618572454,0.2123413685387487
GWK60_M12793,8111.188147666387,-1.7712352235034416,0.14651459337985462,3.0273233327266732e-34,3.2926813038669126e-33
GWK60_M12815,3278.949910405587,-0.045083385311065996,0.16461179505407292,0.7714087573991072,0.816736016468559
GWK60_M12837,1605.3750931553177,1.6255491485948448,0.18087587670913552,7.561417054944603e-20,5.245360964886768e-19
GWK60_M12859,4541.066380497401,-1.143116848042124,0.17469121287907616,2.44672018388229e-11,1.0759869294510635e-10
GWK60_M12881,1958.2991420118078,3.222856484936009,0.1903394391499566,1.3164818691823762e-65,2.596613119588821e-64
GWK60_M12903,12914.900703668302,-2.379993277298522,0.16091579504080653,3.4477228683104654e-51,5.607588640581268e-50
GWK60_M12925,199.44819574679465,1.217407922235051,0.37791295834155875,5.043212263548592e-4,0.0010762381923745603
GWK60_M12947,14581.089284640097,-1.502681467162428,0.1618348869911184,5.61815492740831e-21,4.090573959542745e-20
GWK60_M12969,674.204006299096,0.6378932752276157,0.24436114358796623,0.0067423960529659115,0.012065100046031757
GWK60_M12991,1054.6635960090175,0.5548942556358999,0.21036105737112085,0.006792368598781819,0.012139630341420987
GWK60_M13013,2323.240214894853,3.460803331493429,0.1802599063024388,2.9458585170305076e-83,7.670841438927716e-82
GWK60_M13035,1162.6682111092387,-0.24559766308543132,0.19349866994895215,0.19575491565226863,0.2568281171848826
GWK60_M13057,285.21583001930895,0.07173956595239075,0.29642964117912735,0.7977198897847717,0.8390808294079886
GWK60_M13079,1103.690686499474,0.9242164917884157,0.1962821896325217,1.5584972007727537e-6,4.561071471415085e-6
GWK60_M13101,5793.3590885963595,1.0669065410955147,0.15027488866899621,6.926217575441006e-13,3.3313909102621615e-12
GWK60_M13123,2869.1416556250488,-0.8208442020265213,0.16259695174752586,2.8658252863917125e-7,8.932047443317566e-7
GWK60_M13145,2953.0553197157933,1.4084035277613907,0.16064252641090576,7.26819301786724e-19,4.8755924228992676e-18
GWK60_M13167,4492.13981535438,2.0710229494838317,0.16029879578450698,4.526631187670623e-39,5.738074929982472e-38
GWK60_M13189,2.610647730943369,0.3296774814695895,1.0858602978718412,0.15680617016857945,0.21177246180662007
GWK60_M13211,3065.0961157228203,0.30426377536110355,0.15885079272733235,0.05259582551370733,0.07929878313333057
GWK60_M13233,0,NA,NA,NA,NA
GWK60_M13255,1143.1158658358256,-0.6021556102665456,0.20764354279646796,0.0029715874272443063,0.005636100158024185
GWK60_M13277,50022.42082882843,0.655018603527688,0.1366434527252403,1.3470592208280235e-6,3.9779637102217496e-6
GWK60_M13299,165.78344838706306,1.0895021061275785,0.3836119026193763,0.00220145227432944,0.0042845643306720985
GWK60_M13321,1.277642644173448,0.09393843063740391,1.0061939186356337,0.6018415715249761,0.67472630903097
GWK60_M13343,2145.99136416463,0.3411839417346734,0.16665889979326953,0.03822353904081327,0.059096117978864854
GWK60_M13365,551.5857283358863,-0.21556394410808077,0.2439946908996353,0.3628894479750825,0.43795288173431185
GWK60_M13387,2372.4664675646836,-0.6309222755685705,0.17151242205918016,1.7391703660935327e-4,3.99706719790018e-4
GWK60_M13409,1471.8699363898188,0.08464032606031299,0.18018574920026068,0.6344368800420084,0.7041010598156742
GWK60_M13431,1556.2646798478033,0.40836421641106685,0.18201294211011634,0.022541845174945827,0.036461503547969294
GWK60_M13453,1608.7647078432694,-1.933149695820692,0.2008943027056414,9.177740525046473e-23,7.02077227429749e-22
GWK60_M13475,3759.3876094271914,2.2357915355407973,0.16454475594964715,7.096062997406625e-43,9.793678591198803e-42
GWK60_M13497,484.1001637298419,-0.9136134792945284,0.2531591636347714,1.83063600444367e-4,4.185442006699498e-4
GWK60_M13519,787.4395493397187,0.43323913535351616,0.21670190851640952,0.04026925705196805,0.06191486119159485
GWK60_M13541,444.86841871993573,0.5773769710386897,0.25346902746933453,0.01851478412306289,0.03049833246323167
GWK60_M13563,5467.254151616217,0.2867075057327637,0.1552740855885128,0.06556095456295025,0.0970742873444692
GWK60_M13585,24420.941666838997,2.041782808555459,0.1499464767437014,4.6078125340659765e-43,6.37615106153737e-42
GWK60_M13607,871.9943897324616,-0.7599364472928215,0.2298333118556935,6.248338923704574e-4,0.0013158852410638398
GWK60_M13629,752.9881090877799,0.014006077711416164,0.2132148778665434,0.946363378435255,0.9564965235963209
GWK60_M13651,3291.3621977845223,0.4654176674910277,0.15628289798977343,0.0025627874533246525,0.004915418896325876
GWK60_M13673,1973.0714862984046,0.06811204257597138,0.1714517627941812,0.6886253926531929,0.7508403105537907
GWK60_M13695,8424.201313666514,2.3717751339002526,0.14566184120456102,2.2737389109328659e-60,4.173258292774698e-59
GWK60_M13717,6617.8419650394335,1.3669500034823874,0.14910762265935143,1.8725760134024338e-20,1.334021132998014e-19
GWK60_M13739,5820.877894085503,-0.841761030651117,0.1606995413749935,1.4137361261193017e-7,4.52361329459239e-7
GWK60_M13761,1411.3277603322085,1.3779484815735528,0.18992684111979588,1.4864387585388995e-13,7.426573986424029e-13
GWK60_M13783,8011.5796368508445,-0.7785275574252668,0.1495658348782689,1.3209712162334251e-7,4.2603135137339143e-7
GWK60_M13805,3276.0490950584567,-1.5419352713943457,0.15831680504535117,6.64295815628219e-23,5.1187575530769185e-22
GWK60_M13827,4860.395301094614,-1.6671273713707415,0.1563122769939053,3.8377119466818975e-27,3.386668672814776e-26
GWK60_M13849,851.6100401049059,-0.024987269079175048,0.20671267089838166,0.9013128994429798,0.9229639648306066
GWK60_M13871,4754.911595690015,1.5066174983950031,0.15612564344396937,1.6850153666734034e-22,1.2797401189993694e-21
GWK60_M13893,593.4507283125452,0.10951430411852141,0.2275419085175463,0.6302995281592463,0.7008336781341555
GWK60_M13915,2245.9318038945858,1.2452881300851941,0.16822520829322704,6.322699067217498e-14,3.222930305623114e-13
GWK60_M13937,3858.984742293077,-0.059237951848109066,0.15807243336684407,0.7025580045144473,0.7621017056973872
GWK60_M13959,10006.208655452892,1.5032294854444639,0.1541653070568102,5.44645878468865e-23,4.2152241780181844e-22
GWK60_M13981,354.96656775898185,-0.6497853378199705,0.27567013336668367,0.013713297394300458,0.023174069701493678
GWK60_M14003,674.9398395925267,0.320473938191791,0.22008122491835863,0.137081216383134,0.18840647680739633
GWK60_M14025,307.8050046612207,1.3843572516157432,0.30083471100318393,1.559185801900692e-6,4.561071471415085e-6
GWK60_M14047,68.20469508930856,1.5653665884357513,0.5938622509200923,0.00222413987227294,0.004325534718482252
GWK60_M14069,10964.029098346564,0.26646249233255215,0.193894558014785,0.15803542835692796,0.21306106912056502
GWK60_M14091,82.05254089315866,0.13066869707331785,1.0094157674383715,0.15198717573557513,0.20593735719179437
GWK60_M14113,0,NA,NA,NA,NA
GWK60_M14135,0,NA,NA,NA,NA
GWK60_M14157,10965.30845168687,0.2661874978287132,0.19386444341610576,0.15828787306616807,0.2132831244016733
GWK60_M14179,82.47775879067265,0.1307063130114135,1.0094010357051761,0.1520180794102122,0.20593735719179437
GWK60_M14201,3510.5675260857533,0.9450076577898976,0.22975872024251226,1.6507679002709008e-5,4.262803674075224e-5
GWK60_M14223,1.50966372937409,0.07942040120338748,1.020777353759462,0.6007941656470822,0.6741239566144082
GWK60_M14245,10964.548650463867,0.2658516140864596,0.19396926725693428,0.15942679662789275,0.2147082922229404
GWK60_M14267,91.8373121107486,0.775211895526628,0.6073056470234123,0.0948901570015061,0.13607959031740674
GWK60_M14289,3511.4716873793977,0.9444767429449863,0.2303656454030077,1.7458649199490963e-5,4.48440582327956e-5
GWK60_M14311,0,NA,NA,NA,NA
GWK60_M14333,10966.046525652724,0.26524533321206667,0.19412403625174618,0.16024274021205123,0.21547777277051713
GWK60_M14355,96.91235707235604,0.5825421663973377,0.530720867752493,0.1842629002647828,0.24335679050437303
GWK60_M14377,3510.1178202535275,0.9437823136273746,0.23001508937028572,1.7251830554750007e-5,4.4419472144378244e-5
GWK60_M14399,1.2782893006139302,-0.07782707177941914,1.022363717441569,0.5497868836313086,0.6266005750054112
GWK60_M14421,10976.231824107424,0.26350401853622996,0.19429568128209493,0.16059054044558135,0.21581733014892315
GWK60_M14443,94.36643759635379,0.6275998190207804,0.5408292404076004,0.15755679452512467,0.2126232361143245
GWK60_M14465,3514.324229536577,0.9456937948621439,0.2297482376170834,1.6265389020078023e-5,4.2064014853293755e-5
GWK60_M14487,0,NA,NA,NA,NA
GWK60_M14509,11046.130198084002,0.2650250251260564,0.1943279612155621,0.16298660651160105,0.21827899721822222
GWK60_M14531,98.45696335831838,0.5004387986889681,0.5020432948686236,0.24207692799440828,0.3084161584426228
GWK60_M14553,2830.2987749265835,0.7766926210131074,0.5667987370158862,0.0979588583861322,0.14004729989087247
GWK60_M14575,8.830152074208524,4.853442626217376,3.423312216712045,0.0028187068675687653,0.005359598741715286
GWK60_M14597,0,NA,NA,NA,NA
