gene_id,baseMean,log2FoldChange,lfcSE,pvalue,padj
GWK60_A00011,0.48794048187665967,-9.596534939198697e-5,0.5380249816509123,0.9969587472147435,0.9983217348675305
GWK60_A00033,3.958150532521352,-0.2679952842024072,0.6346929552438403,0.016330591089286715,0.03730071587639859
GWK60_A00055,213.63188757184847,0.3562189450784724,0.24290230409984373,0.10273806247107453,0.17869557805918287
GWK60_A00077,1656.0663556811414,-0.306103909701426,0.12536340749426048,0.011872389969549093,0.02840083096446275
GWK60_A00099,8651.971961973759,-0.37920517717084756,0.10454777656720658,1.9319625353862916e-4,6.845188012844421e-4
GWK60_A00121,1511.6943610571248,0.27430522187074147,0.1314832232739802,0.031136375714915916,0.0662009961621625
GWK60_A00143,2096.5984195300166,0.10401432430319436,0.11902412132231033,0.37654051791941506,0.5026275814217529
GWK60_A00165,1895.897475561181,0.23243254213110626,0.1209990825234047,0.051743315732760656,0.10235754481672518
GWK60_A00187,782.3952450581407,-0.5787092378984654,0.15775290495668154,1.2037551926721287e-4,4.482538812372558e-4
GWK60_A00209,819.40504940121,-0.492446359384747,0.1524550486704855,7.286027690167497e-4,0.0023176003384694915
GWK60_A00231,152.3750233666815,-1.5979976116441346,0.3264037742279851,8.96113044873364e-8,5.071864790036758e-7
GWK60_A00253,10529.986952052164,0.16126686314598446,0.09871452829618128,0.09431353887262077,0.16680140847367642
GWK60_A00275,406.73337808375254,0.01905947161639374,0.1853081581218084,0.91329263137413,0.944364337416947
GWK60_A00297,4051.176673257435,-0.28773119275440845,0.11156683430400001,0.008019948854020771,0.02023459264608504
GWK60_A00319,5390.915847447322,-1.203211065358696,0.10599532127716405,1.18664830832944e-30,3.119698402598098e-29
GWK60_A00341,3370.145125607704,-1.735586643052177,0.11291877963003698,2.9829077959142466e-54,1.4658064664408513e-52
GWK60_A00363,2227.491095073813,0.2701750251843213,0.11975109174400017,0.020439907360340445,0.0454431428755476
GWK60_A00385,64721.50364871269,-0.16456278493568774,0.113711956253065,0.13688582776496905,0.22612179779711192
GWK60_A00407,2805.2263812823985,-0.536603507306795,0.1232497028785587,6.904393926753207e-6,3.087015583917378e-5
GWK60_A00429,1325.0972502796171,-0.605089610673323,0.13542659833232953,3.7766176660698128e-6,1.7572969635570865e-5
GWK60_A00451,330.7762295954473,-1.0105771974698563,0.2220644481485667,1.1021925590040374e-6,5.406089995562713e-6
GWK60_A00473,684.3513088300828,-0.32372487688524304,0.16047308282743164,0.037721201401721326,0.07842549504557167
GWK60_A00495,1151.3540780459282,-0.19276644853582112,0.13535159237915698,0.1347022990723533,0.22293506091357684
GWK60_A00517,846.4054680962502,0.9765144633217879,0.16175820738126667,3.536105779230247e-10,2.5057741492173364e-9
GWK60_A00539,9.40558883208749,0.06308011744379859,0.4913478344089439,0.7646015458308983,0.8412376915628508
GWK60_A00561,0,NA,NA,NA,NA
GWK60_A00583,14.530338883747765,0.15375744452731394,0.48966016933457923,0.5177251747559084,0.6376666593737564
GWK60_A00605,237.54542987501978,0.2623732040250526,0.22878994973783864,0.20504049355106288,0.31340201020101416
GWK60_A00627,19.428861172639653,-0.05247873469038047,0.44711102425932886,0.8322090450593829,0.8870373320336986
GWK60_A00649,120.52392053105959,-0.6306308638490502,0.3269297086783404,0.020182227129503336,0.044965687195691495
GWK60_A00671,1402.8389206515571,-0.13654275600751892,0.13004469859452794,0.2788877680765965,0.39921509310055187
GWK60_A00693,1730.766347125858,-0.14157771858376567,0.1232106773788457,0.22901594534011543,0.34277422163345483
GWK60_A00715,1214.5857297391976,-0.07813547010498931,0.13618240461808295,0.5494262878017453,0.6670245719837397
GWK60_A00737,369.10125400697746,0.5929761359992302,0.2078953214321556,0.0020177666518763323,0.005897396918046556
GWK60_A00759,505.18939467153444,-0.1728183321235804,0.1731449780813245,0.29035930896640794,0.41138362303965803
GWK60_A00781,1754.3281990473631,-0.3273081294565639,0.12392411704415664,0.006482563705385334,0.016757777759545765
GWK60_A00803,1401.054832784066,0.06873229730172963,0.12838565189816756,0.5931110358520998,0.7039679066614765
GWK60_A00825,391.8655433170823,1.276584121827858,0.20682748042721316,1.0128180900974569e-10,7.684556302644197e-10
GWK60_A00847,1252.6320688356004,0.47618454738201293,0.14092159491803705,4.651354719556857e-4,0.001544966716072644
GWK60_A00869,9710.672834487626,0.18940637359463555,0.10221496702305803,0.05752627849508003,0.11194417924764279
GWK60_A00891,1159.4906645926012,0.7284191567002398,0.14584554847644163,2.1691530405223027e-7,1.1746041902230967e-6
GWK60_A00913,1328.4651912661875,0.16484938118067677,0.13276266644292947,0.20010618961732446,0.3074688325563682
GWK60_A00935,7103.0430473268925,-0.364993472627409,0.11078528466385244,7.4633905794644e-4,0.002372582083846664
GWK60_A00957,5551.021630508126,0.610705531886409,0.10533814090560556,2.586937721433824e-9,1.6897041663725524e-8
GWK60_A00979,323.17410947713853,-2.7191624626523354,0.2594111966599978,3.677111351352069e-27,8.442904578781301e-26
GWK60_A01001,951.0393949727064,1.0419145243640842,0.1510775251041229,1.1269961978728426e-12,1.039604562879896e-11
GWK60_A01023,1597.8682783359693,-0.029888629812207537,0.12499474585691357,0.8114691839718381,0.8736087160777898
GWK60_A01045,693.4656044741301,-0.20320128499079995,0.15665742487186202,0.16791254228175817,0.26737860306404737
GWK60_A01067,563.174839850204,-0.9900319195542477,0.19064354847852896,4.3317102058252814e-8,2.5278726151197926e-7
GWK60_A01089,820.7234849656754,0.14872643440794414,0.14950680492794144,0.30077326440584945,0.42366174217382524
GWK60_A01111,1506.5385165308842,-2.4543383068217777,0.13837395500434546,1.5301732131075757e-71,1.058638257173636e-69
GWK60_A01133,3799.1576419267467,1.8115695970448429,0.1147470828995366,3.642187579553567e-57,1.8775119895384956e-55
GWK60_A01155,23013.018466076894,5.842259208312754,0.12819843030464165,0,0
GWK60_A01177,537.94208179157215,-0.17612080478333975,0.1712600560625502,0.27567020874506176,0.3962476647297799
GWK60_A01199,348.00922845881246,-0.013169199415300457,0.21119290337939378,0.9437271325253974,0.9635179151103961
GWK60_A01221,489.2677550049094,0.5626034889451594,0.18646771387565675,0.001281159007071789,0.003887238196882454
GWK60_A01243,408.35686708183187,-0.22943685633581537,0.19108851361870388,0.19931907711775204,0.30674705467336816
GWK60_A01265,10765.228275349684,-0.18400434977130029,0.10035513000848154,0.061511627055288766,0.11803946534916362
GWK60_A01287,1592.4474040017208,-0.16137863981657805,0.12512848126041906,0.1864079330880693,0.2905819484663707
GWK60_A01309,3081.667412351969,-0.33400968933275377,0.12217565491442278,0.004798251686268333,0.012865480554002495
GWK60_A01331,0,NA,NA,NA,NA
GWK60_A01353,15311.22548956046,0.06260281298596221,0.1032510869075381,0.5019556232184186,0.6237964232763992
GWK60_A01375,37775.61243801592,0.35535847298122986,0.10287901255570195,4.2120648571583054e-4,0.001410639300569323
GWK60_A01397,32.78493496276958,1.1460234965748437,0.6918193988711222,0.009978046535448029,0.02445900637920081
GWK60_A01419,270.01739178303706,1.69129777130535,0.24238248826182462,3.1623170153689676e-13,3.0565189093400793e-12
GWK60_A01441,2376.2024508820987,0.875384842812956,0.13385011416747827,1.5651876075446277e-11,1.3063105461062943e-10
GWK60_A01463,737.0280995374175,0.5839569328817735,0.1582824551888786,1.1175504416705759e-4,4.179288920557531e-4
GWK60_A01485,3384.8734071079157,-0.3523558548931707,0.11089729807502056,0.0011325090989534536,0.0034782318004072774
GWK60_A01507,656.6499527575919,-0.5393785802443177,0.1637811979202734,5.315653704865946e-4,0.001739247490988497
GWK60_A01529,4642.8479471710625,1.3843067631355774,0.11210351534742254,6.596462501607185e-36,2.0165232461308477e-34
GWK60_A01551,6592.864963179521,-0.03071867326692539,0.10218708540720844,0.7546770433144473,0.8334904701976978
GWK60_A01573,695.7579595984886,0.14343899621143957,0.15586048348483972,0.33901185559189834,0.4652895684422348
GWK60_A01595,17638.312306585336,-1.4903736432773529,0.10143263626908607,7.894560689314751e-50,3.3747642361314605e-48
GWK60_A01617,2877.7931518700434,-0.5759160342032927,0.11545642257986642,2.822742242131042e-7,1.4991897685984867e-6
GWK60_A01639,99.37806454433955,-0.4692516774867841,0.3391045716510548,0.08544680642444251,0.15402101754532696
GWK60_A01661,2935.433591727383,-0.37733493753464564,0.1129890150263193,5.780586153737155e-4,0.0018750352866347911
GWK60_A01683,509.156611218554,-0.593465115572254,0.1795970495504141,4.676910373327151e-4,0.0015524744155905406
GWK60_A01705,0,NA,NA,NA,NA
GWK60_A01727,3284.4026357007124,0.07021376409486024,0.11525120499775322,0.4741365536565496,0.6002913554361035
GWK60_A01749,0,NA,NA,NA,NA
GWK60_A01771,1476.5598305540686,0.670473153331883,0.13213878857424327,1.6396335202033414e-7,8.999157671429195e-7
GWK60_A01793,810.6082686604186,0.03555315860522223,0.15269741042296606,0.8105726070917572,0.8728221929323078
GWK60_A01815,250.04580840393032,-2.510196222616264,0.263957315651559,1.290407536101071e-22,2.292217170547105e-21
GWK60_A01837,934.7511729962885,-1.4061043357932652,0.1547844592037513,1.2856043078948592e-20,2.0671888229086148e-19
GWK60_A01859,2438.1209724839655,0.663807481649332,0.11826069863751919,8.694420030919159e-9,5.442292919353921e-8
GWK60_A01881,0,NA,NA,NA,NA
GWK60_A01903,9100.866768358828,0.4700250453081917,0.10031435106804214,1.8163434275154885e-6,8.674235914510844e-6
GWK60_A01925,14804.666726454714,0.10223207491604788,0.09960951118417871,0.3098278037983174,0.4334951017486836
GWK60_A01947,628.3055566128977,0.44134183458947757,0.16592964499251545,0.005077397821992653,0.013531149390794408
GWK60_A01969,99.77178376419991,-0.27213149644085677,0.3151966893997311,0.29318169534045896,0.41472944689269126
GWK60_A01991,0.4841555108126585,0.01994339968127982,0.539008599856621,0.7084041919950348,0.7988002964818193
GWK60_A02013,9924.977828288202,0.48676544834207147,0.10039535279694148,8.103136267600575e-7,4.046181433527428e-6
GWK60_A02035,9122.454294914689,-2.765913154230147,0.10278429860928422,1.4689852681125255e-160,3.3582280607546344e-158
GWK60_A02057,352.09018531432207,-0.5575549316225081,0.20535302364761646,0.0031733131614610894,0.008908318528009829
GWK60_A02079,147.13930768517181,0.34026963497056056,0.2784587181360491,0.15572152731406103,0.25123773875953753
GWK60_A02101,2514.41063642899,-3.6149500400226393,0.13307900525864794,4.933178877510924e-164,1.2351740256167829e-161
GWK60_A02123,4524.319484005361,-0.9941859921710423,0.11095879006449647,7.733562801723959e-20,1.1618020917561307e-18
GWK60_A02145,2.264984492192448,0.009181375071321418,0.5276066280348062,0.9286839450907387,0.9546501865916005
GWK60_A02167,7841.082588578913,0.1246310814741805,0.10021358970896828,0.21138348678095142,0.321229587715099
GWK60_A02189,2120.1936561538205,0.04008658826728869,0.12268481042517916,0.7381089490564877,0.8217185801691748
GWK60_A02211,5041.037479628274,-0.0871299368941699,0.1131308740503098,0.4252511850419312,0.5515468009251293
GWK60_A02233,2416.268171760107,-0.0973194657996311,0.12250808804775701,0.4044987018119769,0.5303302397909722
GWK60_A02255,1.0154881054504747,0.029228051790842022,0.5394781194392984,0.5514454872576802,0.6685497744987048
GWK60_A02277,1074.3369560302665,0.4345505529067071,0.1421713325897211,0.001568584761188254,0.004678172815841089
GWK60_A02299,2591.813334676599,-0.1943235709331706,0.1265028146766715,0.10265270407713648,0.17860619392375368
GWK60_A02321,1015.9896272956263,0.10939835241165864,0.14293150974915472,0.4297014370772751,0.5552642310524238
GWK60_A02343,4896.113609252456,-0.22453762437373478,0.10601083897492729,0.030346184955910113,0.0646967370179933
GWK60_A02365,2934.2386195074655,0.3035047302776609,0.1123472295400038,0.005523955952210551,0.014632221862329008
GWK60_A02387,7804.4779167864535,0.09166949013385758,0.1086499950586546,0.3975866615137794,0.5236750165930492
GWK60_A02409,2149.9638309986985,-0.267185243982628,0.11836566205976616,0.020352891990840734,0.04528798395592069
GWK60_A02431,558.8155294032963,0.27972009210211213,0.18530508373251703,0.10600566502370194,0.18352907036372237
GWK60_A02453,9312.16312356023,-0.2702618000367383,0.10365609770498249,0.007397559175013014,0.018863417139776153
GWK60_A02475,2386.7374395869815,-0.00427772657988276,0.11827505386601354,0.9709799238438623,0.9816213112038124
GWK60_A02497,3833.924362667887,0.3951384724251345,0.10972942889960129,1.936761018328373e-4,6.857568642673795e-4
GWK60_A02519,2341.9527076580575,-0.07335129724105463,0.12064025922132475,0.5319088189938601,0.6504131558766781
GWK60_A02541,1199.7567846294187,0.16827368599918058,0.16437953404246086,0.28937553870212235,0.4104495771501913
GWK60_A02563,2701.7625783547514,0.4598410465846375,0.1170658234962186,6.049809555971257e-5,2.3827639434679303e-4
GWK60_A02585,6464.846477294984,-0.5141266868589792,0.1105152014738638,1.6395767931417143e-6,7.880159760821877e-6
GWK60_A02607,564.6458179874586,0.12241449647829297,0.1662433288351359,0.4473356297528417,0.5735407805999614
GWK60_A02629,1072.7043499549366,-0.36929528699257713,0.13958033250441573,0.006199683606062362,0.016145585141493758
GWK60_A02651,2309.4937360307827,-0.9919236704139619,0.11976793795565643,2.9668005365369167e-17,3.8327855580125574e-16
GWK60_A02673,641.3567429060447,-0.06264805868040346,0.16056886064282772,0.6776456888044831,0.7752094212521697
GWK60_A02695,523.0148053992808,-0.11085790085807815,0.17170657791063143,0.4982626285925216,0.6210719915192278
GWK60_A02717,1141.1662465700172,-0.06011311366784702,0.13509852505775824,0.6426552425961076,0.7441271230060194
GWK60_A02739,330.3558939206537,-0.02989439705619128,0.198051546984032,0.8620928448641414,0.9094871946821138
GWK60_A02761,3040.7910986445636,-0.1951555045119282,0.1120786152871814,0.07458133885890302,0.13793481523746468
GWK60_A02783,705.9031680493919,0.050888811156033505,0.1572112885002965,0.727600925060139,0.8135313429115146
GWK60_A02805,46.88863306377412,-0.076682816535135,0.3771728342479876,0.7743014631660421,0.8487131735099124
GWK60_A02827,98.32071479097061,0.569346397285794,0.3506881440032203,0.04366857848545864,0.08889252252285773
GWK60_A02849,732.7689777460731,-0.0868699344159543,0.152862498313338,0.5586131168288611,0.6750603926192028
GWK60_A02871,878.2062719495898,-0.15276812612655208,0.15323857608396516,0.29597283379680384,0.41800299761042026
GWK60_A02893,1069.6439120242903,0.5413872089543259,0.141088453170643,6.802194858389135e-5,2.653259685861281e-4
GWK60_A02915,1416.0085935826337,0.3055465221247851,0.13110945493589443,0.016185624342137456,0.037017839404505766
GWK60_A02937,1621.757494904414,-0.07646717050860108,0.12786430479862163,0.5331135958020318,0.6515832837580389
GWK60_A02959,242.8354332673701,0.44261856423786256,0.23498358793784732,0.03655591505517042,0.07636511774337944
GWK60_A02981,880.7622610725143,-0.30180449869755277,0.1499614261463485,0.035342603580327404,0.07406592651469171
GWK60_A03003,5397.459014607717,0.08980629010846015,0.10355569706308294,0.38843414389256925,0.5153786464061757
GWK60_A03025,350.3632068777398,0.40673451991400905,0.21556211858914257,0.03859271673709504,0.07992142757134531
GWK60_A03047,28781.68310134396,0.3924934935058507,0.10507453703938888,1.344618382113793e-4,4.940603391442574e-4
GWK60_A03069,551.4646911175557,0.043816650792935806,0.1715017943714253,0.7964913578053716,0.8631392331699596
GWK60_A03091,2308.061913594088,0.7801409084534919,0.1212035567100861,4.06079649691949e-11,3.191579668281417e-10
GWK60_A03113,91968.33995041062,-0.043421316336190355,0.10222144287762688,0.6216385006925247,0.7278056639147841
GWK60_A03135,505.4835642122949,0.41635747896628744,0.17883423169443752,0.013286370357993254,0.03132723557951952
GWK60_A03157,50320.88779788256,0.1343469568388558,0.09450282597402158,0.1600737567069371,0.256919356765896
GWK60_A03179,7.997393127939244,0.18579994407303072,0.5345893864023283,0.36015795446357557,0.48694022231151457
GWK60_A03201,845.3463557137312,0.09951592909777975,0.15481002218398884,0.5023539089584766,0.6240205726240224
GWK60_A03223,1615.5166344017453,-1.2852479920762632,0.12969547710739948,5.7327015726765654e-24,1.1122710283813055e-22
GWK60_A03245,11167.82409662548,-0.3712645880050925,0.10147975656610513,1.795780075525804e-4,6.405842358965181e-4
GWK60_A03267,45752.174843794644,0.40348206118491864,0.09500297952066816,1.672573190223626e-5,7.149910434305548e-5
GWK60_A03289,23.870505831344552,1.2414870870066634,0.8786913511221103,0.011201504002518903,0.02709177003001122
GWK60_A03311,1062.525972841324,0.3624135627277316,0.14038204808880667,0.007356060538188264,0.01876669884026875
GWK60_A03333,1385.898662936826,0.008090075940482704,0.12861896911958925,0.9521815372579621,0.9689367319069921
GWK60_A03355,2320.5030402684483,0.8537716418636223,0.11917758814417333,2.3591052842408693e-13,2.3056088447097567e-12
GWK60_A03377,877.9610240246614,1.0204750402961715,0.15209457815802604,4.583461377327364e-12,4.050393264199543e-11
GWK60_A03399,0,NA,NA,NA,NA
GWK60_A03421,833.0198349229731,0.7140662926999963,0.15384915945063748,1.3302260331203355e-6,6.464259225643923e-6
GWK60_A03443,1027.7976357819134,-0.555207046987269,0.14320238773101626,5.5417673248386065e-5,2.1983778107450595e-4
GWK60_A03465,51.33482106062651,0.38037132409104685,0.41901635180710944,0.19934474815878644,0.30674705467336816
GWK60_A03487,351.6807615389424,0.5456811322583902,0.20534787156105852,0.00398111017923204,0.010845946799172055
GWK60_A03509,1277.955068046789,-0.06057662413785282,0.1321730545779353,0.6333255753435387,0.7370575199549195
GWK60_A03531,2434.178311140113,0.9498721725240432,0.11896956820555478,3.5593873695200007e-16,4.2342214454606705e-15
GWK60_A03553,583.2954894922647,1.2414162243163536,0.17551613395834184,2.6452147164781196e-13,2.5756553665262876e-12
GWK60_A03575,3530.9612275906147,0.03220483906661761,0.10847150733690887,0.768554642437196,0.844526710540183
GWK60_A03597,10541.249245833435,-0.2942332912265043,0.10201346372766304,0.003124142369747489,0.008784353251407645
GWK60_A03619,232.3124762735455,-0.39223422173408595,0.23990040823748365,0.06704992779529628,0.12663380759614506
GWK60_A03641,0,NA,NA,NA,NA
GWK60_A03663,315.6727196545303,0.6696681820838434,0.21673639716268098,7.835616633434614e-4,0.002477430683018593
GWK60_A03685,16.201041840651662,0.25122342595938846,0.5140620087708665,0.33178987165747553,0.457589241215087
GWK60_A03707,901.3330520544106,0.3343294701084476,0.15053799562072778,0.02018239288357397,0.044965687195691495
GWK60_A03729,0,NA,NA,NA,NA
GWK60_A03751,4542.176269222354,-0.5914572905966774,0.12129639868562987,4.6852342940723254e-7,2.4223168061192024e-6
GWK60_A03773,980.6066629469726,0.15184811548896449,0.1445731963923258,0.2766059982047046,0.3969416862883015
GWK60_A03795,1104.1447727386985,1.941957583322039,0.14577532038535135,1.5601619498870706e-41,5.657470022418081e-40
GWK60_A03817,2450.351305469244,-0.03276611666707494,0.2730892033373858,0.8878493479628752,0.9280938114490651
GWK60_A03839,1322.0344887476526,-0.3469873267921759,0.13294687230552835,0.006894230324624306,0.01771235877176808
GWK60_A03861,510.6751588888,0.7918005764480143,0.18809816155468267,8.08485059862784e-6,3.58130955750507e-5
GWK60_A03883,675.4262905487216,-0.18529334413693077,0.1579461368721881,0.2131850714426027,0.32378021537989743
GWK60_A03905,13765.289230430051,0.7611219800368139,0.09882235510142387,4.9169162949588744e-15,5.319577341336165e-14
GWK60_A03927,5427.8115772167675,0.8932028954792073,0.11504401009368673,1.956035053073338e-15,2.1882621934169386e-14
GWK60_A03949,4663.1051572604365,0.4372318217948382,0.11133760760566376,5.685294638102388e-5,2.2493061856390035e-4
GWK60_A03971,3850.4911041926716,-0.14890360153525545,0.11665887097911107,0.1913860179464814,0.2973722465610518
GWK60_A03993,978.7340353969436,0.023063211504508012,0.14055526250580502,0.87436868399886,0.9176845125412096
GWK60_A04015,8306.345400855382,0.49309950410408393,0.1014381847069207,7.265319071425193e-7,3.6556026485697284e-6
GWK60_A04037,512.3545495206492,-0.3027388868608526,0.181409022629526,0.07393857912531697,0.13689051022567486
GWK60_A04059,3175.644240532133,-0.1638683578131831,0.12321929040913271,0.16950700643426792,0.26910260864474056
GWK60_A04081,2075.7640433985152,0.3929184663795686,0.12235055339335575,9.510555151830124e-4,0.0029642263774939414
GWK60_A04103,2626.400204861645,0.04699230792854983,0.28128992834390887,0.8475454183977076,0.899373120067638
GWK60_A04125,1248.3704643572703,-0.16102475886148063,0.13310141657610425,0.19702942129477014,0.3041634460269822
GWK60_A04147,2458.3311408624013,0.6398474740451641,0.12437891276357324,1.1844780262942461e-7,6.61847551780568e-7
GWK60_A04169,2480.2206021624015,0.4823301066515846,0.12055943821540954,4.226599783774983e-5,1.7108130610537996e-4
GWK60_A04191,1942.0949342600125,0.7424147063027697,0.12372576202352051,8.7482046951511025e-10,5.9971395419953704e-9
GWK60_A04213,1454.261357512624,0.8317360986384069,0.13404092616839666,1.6945621729433822e-10,1.2650038685600913e-9
GWK60_A04235,3080.323437332004,-0.22032545112880622,0.11479314967016632,0.048979206109957596,0.09777246231061391
GWK60_A04257,324.29053258921954,0.235604466710729,0.20661556509441997,0.21531892075502804,0.3258914465543861
GWK60_A04279,145.82970303469108,0.4865578802839922,0.2904419351089964,0.04922712130367796,0.09823005837371489
GWK60_A04301,1365.1964943095843,0.759282348428684,0.13901762817379146,1.6584436133708037e-8,1.0081036438270157e-7
GWK60_A04323,2346.8990833562893,0.2561897973861168,0.11715915495083565,0.0244644918088586,0.05333096929145046
GWK60_A04345,1460.15432196555,0.3057228260884067,0.14028536673991623,0.024079337216007766,0.052578552774820944
GWK60_A04367,1514.712364841397,-0.759801762858614,0.1340753433361384,4.9985074737616994e-9,3.185715429944123e-8
GWK60_A04389,101.79324197888184,0.7282422442865406,0.3629145377196403,0.013255836021696632,0.031269262360736155
GWK60_A04411,60903.20275961739,0.2791891472802949,0.09650589010074806,0.0033206826952622377,0.009272517053472568
GWK60_A04433,922.2978111738723,0.2931931813285843,0.14792030744438972,0.03980072438233619,0.08206753286365635
GWK60_A04455,2872.318379581299,-0.1957290023489793,0.11392176131158559,0.07810846748360102,0.14299941574818043
GWK60_A04477,295.37716689200477,-0.21130313036337192,0.20924286175335935,0.27150029495611594,0.3911091920217144
GWK60_A04499,989.265775982512,0.1105405330104325,0.14347575026756088,0.42865349136539516,0.5541824582245507
GWK60_A04521,773.177065442534,0.12422576033375066,0.15178960097957814,0.3904268341990221,0.5170942806595612
GWK60_A04543,118.22499251107118,-0.4896712143355092,0.3201190443997362,0.06344897038596078,0.12100641504874204
GWK60_A04565,197.43104549879013,0.5048429691836787,0.2573166684031861,0.026822130284352177,0.057918177016477924
GWK60_A04587,3780.1677118428174,-0.5869076163832418,0.11298895904093416,1.0545482279434172e-7,5.930282975964157e-7
GWK60_A04609,5788.941709026709,-0.017783163272437758,0.10263747579953138,0.8384361134484135,0.8915059827121856
GWK60_A04631,3422.70483533334,0.48884479563714056,0.11121850524969977,6.77919330199337e-6,3.043979366514188e-5
GWK60_A04653,2445.0819421649207,-0.4221942412512454,0.11635222043924504,1.9008824571217794e-4,6.756263854038041e-4
GWK60_A04675,7328.058974140619,-2.4061224454123047,0.10721853090650692,9.903204362888933e-113,1.0848135112514585e-110
GWK60_A04697,1.245458626650143,-0.026843644135665274,0.5347937379973136,0.6740839009624493,0.7725864458927557
GWK60_B00011,1.0351051075625952,0.015921469261461315,0.5345367632153343,0.8357566182857722,0.8898780465890013
GWK60_B00033,0,NA,NA,NA,NA
GWK60_B00055,0,NA,NA,NA,NA
GWK60_B00077,0,NA,NA,NA,NA
GWK60_B00099,126.11370432572555,0.050514389205887925,0.2855403970646777,0.8359456247645525,0.8898780465890013
GWK60_B00121,5022.877313411051,-1.813590075662513,0.10746635080994214,6.727597399852303e-65,4.019739446411751e-63
GWK60_B00143,1072.511024794573,0.08685044215675954,0.1411660942239311,0.5310967936998476,0.6498736191002558
GWK60_B00165,2296.3216751613986,-0.20082323017709688,0.11654111798061424,0.07642317286126336,0.14045969645145995
GWK60_B00187,2132.961939478738,0.989583271159372,0.12223585351447475,1.3372992336090771e-16,1.6467258478493039e-15
GWK60_B00209,128.0370719488293,1.5602867347832616,0.36630251114122797,1.7626851454050296e-6,8.433301632884118e-6
GWK60_B00231,292.7461220592741,0.30534624074593397,0.21283041363744504,0.11779718678915178,0.19991022642530293
GWK60_B00253,4411.458087909285,-0.4166673127956957,0.10992660882648408,9.871179216497958e-5,3.71795561033999e-4
GWK60_B00275,2183.5854920040765,0.2218272189713416,0.11988392308440145,0.05762904747818057,0.11206121732258632
GWK60_B00297,17.217113659970163,0.12992407073109397,0.47515223476659174,0.5897542504830575,0.7015701352326548
GWK60_B00319,4095.9299747288915,0.7678258841300318,0.11141690637683013,1.814227687705352e-12,1.6503822114108548e-11
GWK60_B00341,1402.531364116532,-0.3240339136171884,0.13034768039670586,0.010201409059574071,0.024936777701181065
GWK60_B00363,963.6959845059694,0.10426938679056456,0.14300191188441214,0.4475606600504254,0.5736894077389412
GWK60_B00385,4585.117663154898,0.17204763905032727,0.11007611002185573,0.10734563041455396,0.18523903010164908
GWK60_B00407,3736.6721896776144,0.9880009670703724,0.11044555585351823,7.566182538965949e-20,1.139913690254526e-18
GWK60_B00429,397.06327193372385,-0.2591048252951277,0.19163504814773563,0.14620830523501727,0.23822846883350504
GWK60_B00451,361.9679591355757,0.20873985026511152,0.19615366371438436,0.24997106690196438,0.36764975378196607
GWK60_B00473,3894.653121890834,-0.14673922920875634,0.11065157177238366,0.16922527134073378,0.2688176666796309
GWK60_B00495,1302.8014275394219,-0.6647454521091082,0.13521836429593523,3.888579434864668e-7,2.034442852588898e-6
GWK60_B00517,21819.62196844921,-0.8386940211679188,0.0972643599123593,2.910031748450795e-18,4.0265649824616523e-17
GWK60_B00539,8.737767214440579,-0.2868589322279731,0.5856810015429136,0.19398535977161804,0.30034600167231085
GWK60_B00561,25.434379653319446,0.025524220139544238,0.43068859514915453,0.9229265372932595,0.9515191633505801
GWK60_B00583,1669.3825653393235,-0.7046837091705356,0.1306428119932126,2.652492120729166e-8,1.5794794530910481e-7
GWK60_B00605,1124.2285665840104,-0.6112901098711228,0.1402808592988324,6.17093101781354e-6,2.7875219322735046e-5
GWK60_B00627,3792.847782833994,0.6258478346163908,0.11953585413818024,6.131903992461226e-8,3.5275220122933403e-7
GWK60_B00649,3112.3373682977167,-0.5197533867876447,0.11225725744542184,2.191794468735773e-6,1.0419941515924677e-5
GWK60_B00671,283.6557397023755,-0.3603288098543306,0.21715151179314987,0.06879090175976327,0.12931804127738122
GWK60_B00693,597.3968143874861,-0.49518536453628564,0.1688379695827762,0.0021381943446618142,0.006214950564358376
GWK60_B00715,946.2082583705477,0.7431591087080969,0.14871022724901498,2.0385597546444252e-7,1.1061658606728986e-6
GWK60_B00737,5979.253708156778,-0.5430249189795927,0.10442972686639207,1.20166761582723e-7,6.700284542968798e-7
GWK60_B00759,405.9891664030364,0.06805847864429365,0.1896885536592235,0.7025369263543313,0.7943955180152847
GWK60_B00781,3254.9774587719103,0.1830509967818205,0.11096439745292679,0.09096651162575958,0.16211369544994836
GWK60_B00803,53.779878661726556,0.26370088861396784,0.39119333256837036,0.3495799284558122,0.476312843695429
GWK60_B00825,408.13515524090985,-1.0006299025550656,0.20350017041724436,1.8579239241913524e-7,1.012327874963537e-6
GWK60_B00847,35.68589513774162,-1.3450825587047315,0.6670800294692597,0.0038042430443509935,0.01041881632482031
GWK60_B00869,0,NA,NA,NA,NA
GWK60_B00891,365.05313019771165,-0.9008881631495526,0.21370266303982793,6.616989051037408e-6,2.9787781190372167e-5
GWK60_B00913,2053.1223027261026,0.13871812984154916,0.12085521732318773,0.2324875586656474,0.3470613354484825
GWK60_B00935,20579.55157089921,0.406777583635004,0.10947354823772643,1.314534512414823e-4,4.843603690453496e-4
GWK60_B00957,1236.289326412532,-0.2761379784135247,0.1351102227267548,0.03697408582559592,0.07705499138762717
GWK60_B00979,3338.603391636543,-0.2943183512887704,0.11373249604768951,0.007866883062928072,0.01989613811682338
GWK60_B01001,3867.93385752335,-0.39339023198322165,0.11166284156820135,3.0204753207214107e-4,0.0010312765737891672
GWK60_B01023,15571.549640884918,0.4714106818042725,0.10482382501969255,4.175793415136988e-6,1.929378012020236e-5
GWK60_B01045,2355.1576234647528,1.0402490964548714,0.12303575539278354,5.864473449447822e-18,7.947268401339343e-17
GWK60_B01067,11.183023941466018,-1.0220257209849679e-4,0.5388829897231937,0.9818143339838703,0.9895319542783335
GWK60_B01089,821.6999285164487,-0.13387477560513666,0.15088052013389583,0.3537169182659624,0.47983579882415645
GWK60_B01111,0,NA,NA,NA,NA
GWK60_B01133,610.2733587011752,0.12180639084015871,0.1768589471504794,0.46527889033322867,0.5917763852825629
GWK60_B01155,1922.522882835875,0.09160468927262169,0.12141124854694545,0.4398503350592198,0.5660448894527679
GWK60_B01177,7065.389864397944,0.1875476313824837,0.10129691173824451,0.04653106917430323,0.09381148838899019
GWK60_B01199,1805.7020883461942,0.8661114835327091,0.12769088212444665,3.107960102738681e-12,2.7744744007130705e-11
GWK60_B01221,2031.442062626336,0.09345176036294535,0.118841525973766,0.41945369373805075,0.5455076729346205
GWK60_B01243,4639.38573973577,-1.8737145229775985e-4,0.10505467537548152,0.9697471955762602,0.9807522127986106
GWK60_B01265,1569.9490198152746,0.37549973010862353,0.1270047645041378,0.0024845556988294724,0.0071464955494777715
GWK60_B01287,879.4434048316821,0.6121532613834861,0.15012621251763925,2.151265174067472e-5,9.078131850117792e-5
GWK60_B01309,587.0521824120342,-0.03736399704613273,0.1640919191097442,0.8061025174505693,0.8692549296052283
GWK60_B01331,323.30368663785015,-0.09848872385612248,0.20040119004427587,0.5902978274069596,0.7016557848669038
GWK60_B01353,2673.649818292075,-0.2685092591840879,0.1145490716224668,0.015722295685752532,0.03611526025150144
GWK60_B01375,454.38067093828613,0.6624169381651238,0.19055318100253718,2.0928280148919926e-4,7.350761324183098e-4
GWK60_B01397,359.8761769331263,0.340550296010797,0.20373901450004028,0.07005008788824708,0.1311692885029926
GWK60_B01419,116.89332216568128,0.0521557594463944,0.28475490259214786,0.8311869720794907,0.8864870383760572
GWK60_B01441,1363.0721399297647,0.047542839675778575,0.13608558570201726,0.7422918821430613,0.8246692927273936
GWK60_B01463,1331.8297321510395,-0.12043778671375091,0.13014117179301654,0.3505101796056636,0.4768389455023491
GWK60_B01485,0,NA,NA,NA,NA
GWK60_B01507,3734.254981228294,-0.10276422369928674,0.11512951280817839,0.36130514067457836,0.4879893217741929
GWK60_B01529,871.3928091013332,0.0334880814606949,0.14522541205699396,0.8117351105544701,0.8736638231949291
GWK60_B01551,545.7205203488234,-0.3550096468748193,0.17259686694723242,0.03055633388010739,0.06509935313679281
GWK60_B01573,295.4358039133036,-1.2883533265669118,0.2307788884963631,3.396256827970462e-9,2.2073570335560802e-8
GWK60_B01595,1182.843848518905,0.16791798364785374,0.13513318888891215,0.21086581812530233,0.32081001769903666
GWK60_B01617,330.1852744028285,0.06593717952484146,0.20250378135514155,0.7270737980275501,0.8132214486340903
GWK60_B01639,1072.2987480473375,0.1767265540756762,0.13854174277186193,0.19090136795907717,0.2967068852287401
GWK60_B01661,1525.1158229592236,0.02979898499128192,0.1291842515112721,0.7999131549820752,0.8650421184927892
GWK60_B01683,424.3450228171523,0.05661440872511701,0.18425779152106592,0.7446193305971079,0.826167638801349
GWK60_B01705,1.011390171136102,-0.017942188188931594,0.5347201790670565,0.8306979131025457,0.8861451870751036
GWK60_B01727,1859.5115860374588,0.6218433567910925,0.12364774918482888,2.336436526291297e-7,1.2587073007417664e-6
GWK60_B01749,1769.4137678153566,0.2274670716804625,0.12369558582593651,0.05980741192545978,0.11525326788622164
GWK60_B01771,679.0446503460297,-0.24620169381999463,0.15793850157906938,0.10454605283037709,0.1814201801261131
GWK60_B01793,6643.12535949317,-0.7168473344731621,0.10363063217827669,1.8772673214610986e-12,1.6989107704375998e-11
GWK60_B01815,127.0040991838882,-0.6445715471089805,0.3193532094870368,0.016073266398648332,0.036824938877600404
GWK60_B01837,705.3130636088226,-1.2101593276931057,0.16424112641687938,2.8497260765054244e-14,2.9437838330580593e-13
GWK60_B01859,893.231140443393,-0.11802869888984899,0.14486279555249,0.37084318228238045,0.49724797410575594
GWK60_B01881,7239.869837602377,-0.5388336259308157,0.10445106047791362,1.2587085257547802e-7,6.98868999833013e-7
GWK60_B01903,200.8113381278669,-0.7230415673812255,0.26385978647403013,0.0020671871932934414,0.006021756378025992
GWK60_B01925,12.098790130360493,-0.08855391140945722,0.4819475467199003,0.6931381626673536,0.7880164192161105
GWK60_B01947,718.069737753887,-0.22946494946163154,0.15556314566087567,0.12265346816903923,0.20615054800751617
GWK60_B01969,698.2990935835519,0.3114442351014108,0.1574912053134374,0.03815000365988224,0.07912927780815023
GWK60_B01991,1878.4242226171405,-0.3821549932244542,0.14100815311168396,0.004712487151540115,0.012661347696881924
GWK60_B02013,1508.8442707623708,0.270791003702712,0.12957879183151186,0.031595328994456946,0.06709541189533709
GWK60_B02035,5376.020639995028,0.007316123508831712,0.10514902052709003,0.9934207482733278,0.9970877579538047
GWK60_B02057,1019.4803726648222,0.05674907120606363,0.14658723106916538,0.6805657883935,0.7774092798985494
GWK60_B02079,675.3190447135835,-0.44309826861186796,0.16094780182333066,0.003787194850181634,0.010382205694606378
GWK60_B02101,303.19399030092353,0.39319418165476905,0.21382299471942853,0.04297546933913757,0.08758334022681602
GWK60_B02123,501.2696162118247,0.42134035124504154,0.19880454318288993,0.021690351920475432,0.04795957544064752
GWK60_B02145,515.1355559437018,0.3044372330219227,0.17508968265355612,0.06537933414351492,0.1240131814309529
GWK60_B02167,4128.6931547115055,0.37839407798288066,0.10743148988053405,3.2193216659789345e-4,0.0010963208108625154
GWK60_B02189,192.59765509884556,0.3732013196992318,0.25353983371048944,0.09624018879080327,0.16926856505660404
GWK60_B02211,2180.0096561540595,-0.18503430185102082,0.12041535891523573,0.11447878776830527,0.19531140877605815
GWK60_B02233,411.8644065568611,-0.06625378831225674,0.18920663551379865,0.7094746773606926,0.7998323013641769
GWK60_B02255,1279.585955608888,-0.028855799912282258,0.13246804365907186,0.8197400006430933,0.8785554266982031
GWK60_B02277,2957.153311802175,0.22864337112564603,0.1249599706131918,0.059178304164138065,0.11427084953912521
GWK60_B02299,2389.994842844992,1.0637867050041176,0.12135444709867661,3.8434051036864726e-19,5.536609324707801e-18
GWK60_B02321,54520.597143833176,9.335008233602771,0.13037795208960834,0,0
GWK60_B02343,4618.537089291539,0.2511550696514912,0.13517726468515248,0.054966365094515295,0.10776030860065675
GWK60_B02365,3661.702136135733,-0.3880910494818392,0.1091122106246213,2.706961323111996e-4,9.290602243422242e-4
GWK60_B02387,2113.506766394289,-0.13091424620891692,0.11794187679462734,0.25387283083194473,0.3715560780557244
GWK60_B02409,2278.0195856814653,0.2690222329306322,0.12470725855876695,0.02677445591119827,0.057838984873081555
GWK60_B02431,9377.32467320677,-0.3149981510504239,0.10857313941610557,0.003302936249950849,0.009239207311855208
GWK60_B02453,3570.1517999957387,0.14006257292149749,0.12087948761783605,0.22313467464713485,0.33559557188061645
GWK60_B02475,2274.0972944930036,-0.30941918893016984,0.1205248543746996,0.008189247557469878,0.02059256989821933
GWK60_B02497,2.237358190188039,0.04887106616953104,0.5287727191480511,0.6699412316679143,0.7687802261261225
GWK60_B02519,865.3391176831632,0.2680435022159776,0.15612117650837393,0.07239821993377649,0.13484585207644234
GWK60_B02541,719.3581556466542,-0.1987215108094947,0.15753809144761519,0.1818742088692023,0.28503564537534
GWK60_B02563,18020.359087033296,0.27934778712114006,0.09855007311233221,0.004260218001085905,0.011522750128451487
GWK60_B02585,994.8742184269333,-0.25084061291457566,0.1413717630658845,0.06263656566206544,0.11989190471464874
GWK60_B02607,347.3638621084174,-0.43862342074622107,0.2123233075088126,0.023864823491141992,0.05217515256400191
GWK60_B02629,1439.809795095559,-0.27325048182525924,0.1286784165669994,0.028285796811193913,0.06060583522137636
GWK60_B02651,498.07359385155405,-0.3689564040935,0.1777075794135866,0.0274457897585107,0.05904662952137858
GWK60_B02673,2211.582862831474,-0.26445526743142056,0.12178114530323657,0.02515267944446054,0.05462733933043103
GWK60_B02695,677.2432941724236,0.1837174160801575,0.1649990797711535,0.23901573183556435,0.35489385871330015
GWK60_B02717,463.5947975734815,0.9263188039724651,0.19242349746264342,3.670033563239965e-7,1.9277758716798937e-6
GWK60_B02739,807.1704817473892,0.14888150960482588,0.15122334386304928,0.31138518736045145,0.4352108759014497
GWK60_B02761,459.1721605137425,0.9024794434584112,0.1906969286948273,5.488008187471861e-7,2.809731942524542e-6
GWK60_B02783,89.47505920340484,0.13535732794412564,0.3197571254336209,0.600677620823991,0.709904007707922
GWK60_B02805,1266.6346119827274,7.262835686454839,0.29619826007095146,6.627528150082991e-133,1.0559861519132233e-130
GWK60_B02827,169.85678366098068,0.4321443098529475,0.27223541808142393,0.0675656733487871,0.1274355522612085
GWK60_B02849,2437.0340312945655,-0.10941737545236012,0.1150178721849903,0.3292972635051097,0.45504468108012264
GWK60_B02871,6089.832956378923,-1.1578253528263758,0.10451674885900106,2.805184329875521e-29,7.0572532088447315e-28
GWK60_B02893,27140.482354637177,-0.28391000616759593,0.09573861665663859,0.0019316718283807022,0.005670982955681592
GWK60_B02915,14602.749150513158,-0.5903474447867929,0.1031217589066044,4.929077413768266e-9,3.149099519027162e-8
GWK60_B02937,849.4173528856611,-0.02737140432032949,0.15637326469160054,0.853511052059354,0.9040614648928451
GWK60_B02959,824.0197067215254,-0.2232381006957467,0.16238497451967424,0.14357907516103396,0.23503697920196656
GWK60_B02981,0,NA,NA,NA,NA
GWK60_B03003,1745.0606218419039,-0.3214980572032119,0.12399119002753305,0.007529879598912122,0.019154381679283954
GWK60_B03025,405.1801689571684,-0.9006055231624464,0.1991939478292215,1.5946907745489237e-6,7.678465286243809e-6
GWK60_B03047,1.4955456819487605,0.03735979604157239,0.5309000187548059,0.7165713138571344,0.8052429938578356
GWK60_B03069,6599.712368684264,0.07810913838658139,0.10200044574109982,0.43935456559660907,0.5656528662847625
GWK60_B03091,540.6782594324998,-0.3076656826110807,0.17874464703045514,0.07155126139641305,0.13345744321473565
GWK60_B03113,1001.3076629018839,-0.903792873079227,0.15128314590640224,6.051029096368707e-10,4.2029472904500206e-9
GWK60_B03135,259.20681377885006,-0.7417947734847173,0.23652305737226323,5.743640414837995e-4,0.0018665056428441395
GWK60_B03157,2470.013597241936,-0.004173375449790874,0.11937636749822296,0.9624690466496403,0.9750794310758784
GWK60_B03179,734.6858328500903,-5.59224443200572e-4,0.15408535999841855,0.9954870202463029,0.9983083719456818
GWK60_B03201,844.7634938282874,-0.17077732219519,0.14759997420930768,0.21480190720270823,0.3254836968506743
GWK60_B03223,2656.1176165977345,-0.1277627891047497,0.11542507768285791,0.25551345057165253,0.37319158975159694
GWK60_B03245,3916.6661115924285,-3.576940203325082,0.13220280532878098,2.832280150460196e-163,6.769149559599868e-161
GWK60_B03267,897.3933719233067,-0.8708743730847379,0.15140221895139913,2.468365630883084e-9,1.6142620008934397e-8
GWK60_B03289,286.42202305521727,-0.593262720451184,0.22682977358740453,0.004036034207852405,0.010972837572330894
GWK60_B03311,109882.47047233186,0.2423822091475166,0.09633414936511635,0.010503092224190855,0.025567249497590518
GWK60_B03333,11286.44976140061,0.8929892625151261,0.09971200669188826,8.888697435163262e-20,1.3277491793775124e-18
GWK60_B03355,174.1920187657763,-0.15888533393283732,0.2536945223572123,0.4760637909421432,0.6021514103376927
GWK60_B03377,6151.229188306154,-0.3638859047635241,0.10526301446837742,3.8123278850010897e-4,0.0012841268430067733
GWK60_B03399,1986.5439264273573,0.10897761011566233,0.11987593633644052,0.3516610156169554,0.4781067802640189
GWK60_B03421,3918.45866117871,-0.18229103415147108,0.12047013958938169,0.11946339390632613,0.20190887983267847
GWK60_B03443,118.44002927182882,0.584459208338991,0.3297224223709004,0.03155804131179792,0.06704330554239736
GWK60_B03465,2898.113475006271,-0.9591340587380739,0.12253270165867577,1.1290441551800748e-15,1.2766697135348028e-14
GWK60_B03487,1327.2008692243987,0.03817628991662688,0.12998778670701844,0.7710483875152429,0.8467360947274742
GWK60_B03509,1482.9621404654968,-2.0792716639746285,0.1384831363111186,5.235658267245457e-52,2.3529137751433e-50
GWK60_B03531,10415.373809629977,-0.004664612637398273,0.09848718203802022,0.9640428791381197,0.9762976615000449
GWK60_B03553,1711.7406338888277,-0.012372555325701657,0.12274467272310784,0.9140075588667839,0.9447320118972968
GWK60_B03575,0,NA,NA,NA,NA
GWK60_B03597,3640.382884845592,0.33712378456366443,0.11619080912151064,0.0026988478041963834,0.007695521558820273
GWK60_B03619,4524.88069053992,0.36170805265445366,0.10703649047618338,5.48086565162751e-4,0.0017888511232934479
GWK60_B03641,717.0605270773548,-0.6947897476863353,0.16437448213846567,9.179371258255973e-6,4.0423060365083675e-5
GWK60_B03663,615.8678472062206,-1.2938032696634587,0.173830320693553,1.4925382514778256e-14,1.5758566518615275e-13
GWK60_B03685,586.9989991623812,0.021893261378917863,0.16658761615615233,0.8959656729980828,0.9334233224933465
GWK60_B03707,334.7826629346001,-0.0031911870464451327,0.19745790123588963,0.9736733667018826,0.9833988786243756
GWK60_B03729,1896.0230565838212,0.010844994464865757,0.12131951105483177,0.9384458898127204,0.9609247300166083
GWK60_B03751,50.20335650467824,-0.6395338977856766,0.5019002096691169,0.055334963448477374,0.10840210052611551
GWK60_B03773,1329.2863096442018,-0.21675366460883072,0.13171905336071793,0.0883838946083943,0.15844613632831137
GWK60_B03795,2252.4351413384966,0.5398527837956721,0.12155195881005944,5.999192755535436e-6,2.71460890779736e-5
GWK60_B03817,505.02501816445067,-0.6552076611564004,0.19069974896509248,2.453760773892536e-4,8.48249450961667e-4
GWK60_B03839,2257.000101064142,-0.9745193729369594,0.11987993795461585,1.0232914759028105e-16,1.268977967051174e-15
GWK60_B03861,7839.683285073726,0.04920205628018606,0.10471883095920526,0.6392912060608966,0.7407212784196109
GWK60_B03883,1936.6978847066189,-0.497049229738116,0.12235637742172804,2.854582655844877e-5,1.1799839311660661e-4
GWK60_B03905,1002.0343745004689,-0.10424666614981781,0.13991407897971836,0.4171726151349433,0.5430783883088715
GWK60_B03927,656.3318492638988,-0.42296150597414,0.1621748173879953,0.006450037363093365,0.016690106523201235
GWK60_B03949,0,NA,NA,NA,NA
GWK60_B03971,541.8780112659449,-0.07422696672590857,0.17521968766584442,0.6494907819273408,0.7505954671051979
GWK60_B03993,4227.882328023181,0.5288018253055672,0.10779407116686326,4.66568896938514e-7,2.4145858859278607e-6
GWK60_B04015,2799.401048569722,-0.37874028904331136,0.11504652710800123,6.92261171883949e-4,0.00221540428591954
GWK60_B04037,1910.107560905768,0.9312792254679475,0.12415504914465314,1.7243348511123886e-14,1.809691147135517e-13
GWK60_B04059,1826.8547829696467,-0.552833733469581,0.12427053637439958,4.564201930384551e-6,2.095938981164636e-5
GWK60_B04081,99.4538319342981,-0.14446272171224017,0.3054104498287191,0.5629927004575843,0.6783015443127753
GWK60_B04103,81.35569101021176,-0.14001979699137157,0.32514066544884973,0.5887550098948886,0.7006957541935999
GWK60_B04125,60895.840335714034,0.1858278092454429,0.09384653244543954,0.043795506493369045,0.08908192384608682
GWK60_B04147,1723.1457983754303,0.3115303946227975,0.12393478999766332,0.009601973183586082,0.023625257369815453
GWK60_B04169,1219.967901118876,-0.262730330117189,0.13394885278387766,0.04220857775100322,0.08622094087598094
GWK60_B04191,1564.006149300642,-0.06814229732673784,0.12769043022784093,0.5800303912976877,0.6922742071671361
GWK60_B04213,12358.37863047056,0.29605633151832345,0.09816682014496245,0.002171592039416471,0.006301451955436977
GWK60_B04235,411.2742421166679,-0.690094896747682,0.19773138344034955,1.8846809491364052e-4,6.70477160389663e-4
GWK60_B04257,1727.5971287998702,0.06542174928822775,0.12316468912979162,0.5975365651079156,0.7077826671181393
GWK60_B04279,428.88285109754065,0.038245045929875265,0.18266877348289215,0.8213082344924585,0.8791609725084175
GWK60_B04301,1166.7713640013765,0.4608601845224458,0.14162688487390265,7.73075808955179e-4,0.002445747655527275
GWK60_B04323,92.87370304859559,-0.07286284549181402,0.3097169333341095,0.7752634724568981,0.8492365287871605
GWK60_B04345,722.8945535196438,0.666082649324908,0.17598071426986375,6.40714288363188e-5,2.51221157957766e-4
GWK60_B04367,1305.5236083766806,0.0710790185285346,0.1312204601544898,0.5914280338020507,0.7024460360811345
GWK60_B04389,4658.171970365946,-0.09247206214267793,0.11452658546363259,0.4045558371627214,0.5303302397909722
GWK60_B04411,1352.6423689734243,-0.9915296845727943,0.13522550998713373,5.2051618754517696e-14,5.314318668179691e-13
GWK60_B04433,10501.818903386464,-0.5694636650684252,0.10054034227780637,8.530781323207603e-9,5.3526071834636724e-8
GWK60_B04455,4851.496980680075,1.1070191472898754,0.10743609971519283,1.4412095581895404e-25,3.1056884659674604e-24
GWK60_B04477,559.9920720549873,0.4982448678487,0.1734448099810074,0.0025453859110800992,0.007305479869246267
GWK60_B04499,3875.1493644532943,-0.5138850155287026,0.1089050336464076,1.4787857698180145e-6,7.146558435388898e-6
GWK60_B04521,118.6423288215687,-0.7281790318367591,0.3372187240861953,0.009350369186329237,0.023049339513229787
GWK60_B04543,2206.862762343459,0.030969909965050845,0.11683883913892511,0.7879292590528227,0.8582830006421673
GWK60_B04565,408.90884696976974,-6.632221882727559e-4,0.1840473131881422,0.9887690624110298,0.9938726305022357
GWK60_B04587,601.6272402948792,0.43034383736361653,0.16703013720821794,0.006586424118661702,0.016984511042630324
GWK60_B04609,514.7787526389794,-0.06270236264010991,0.17099264061995167,0.6979534356326492,0.7909136130509633
GWK60_B04631,245.8111878602289,-0.6328193897893024,0.24325635436148776,0.003888087152518439,0.010598010496600285
GWK60_B04653,5009.038538404684,-0.1275434157292602,0.10420192531756756,0.2036107589768989,0.3115789786672103
GWK60_B04675,528.25015482737,0.5681704078852261,0.18113444832742,8.615376289130132e-4,0.0027044566285520143
GWK60_B04697,4072.537557231317,-0.1726042992908977,0.10683029962173159,0.09717348108852071,0.17065402924630657
GWK60_B04719,731.0587042340369,-0.011987363240238608,0.16201792647123053,0.9417639211455174,0.9631937164817536
GWK60_B04741,701.503018567152,-0.2787372767045609,0.16288182136767893,0.07057234959372771,0.13200619500669525
GWK60_B04763,562.9112105926536,-0.4686932149132208,0.17511591990901926,0.004484097793314004,0.012097170958052865
GWK60_B04785,432.00717293383934,-0.5159733309082383,0.18919822284712148,0.003518027073548402,0.009766518665637538
GWK60_B04807,2381.827930514235,0.2539233674592233,0.11653845648419991,0.025470050889870286,0.05524815494180609
GWK60_B04829,638.5385067195516,-0.41926061162479505,0.16547697244033044,0.0075053699024625565,0.019110525398134685
GWK60_B04851,0,NA,NA,NA,NA
GWK60_B04873,0,NA,NA,NA,NA
GWK60_B04895,1842.9131802552536,-0.2671849655444043,0.1226346872359331,0.024825157571717705,0.05398291088175835
GWK60_B04917,0.24207775540632925,0.017558991268987734,0.5387378817114317,0.7975558976717994,0.8634031109652709
GWK60_C00011,93.20104982207738,0.8113704712038665,0.4012798451816633,0.009984200186002339,0.024462686196645062
GWK60_C00033,672.1637996857335,-0.010176367273432792,0.15803485270070644,0.9442953967139964,0.9636148662107525
GWK60_C00055,699.4310670634178,0.10980613454042894,0.15513537346189588,0.4633730187052228,0.5899065850674438
GWK60_C00077,655.9372170869498,-0.42721790655769976,0.1804375519353588,0.01134182553730711,0.027330576844711633
GWK60_C00099,1603.1303727738702,1.1551610155917873,0.13394522231999517,9.449884039324233e-19,1.3392854522578656e-17
GWK60_C00121,2457.813371654228,0.18111547710443218,0.11500446684487534,0.10656286204438147,0.18425107814184732
GWK60_C00143,8295.093453239393,-1.9733688228655872,0.1053123677487287,2.1335297744678407e-79,1.6025856505931296e-77
GWK60_C00165,693.8838082713536,-0.2021717590166603,0.15804171194167754,0.1725744379555313,0.2729011713594537
GWK60_C00187,3327.9774672479575,-0.28379057739880603,0.13868026739742725,0.032982652521557694,0.06956389368565999
GWK60_C00209,2627.5570880655027,-0.07006982653925331,0.11942639660214524,0.5414908928381552,0.6592172064234822
GWK60_C00231,1024.6834809241732,-0.5860845473112196,0.14682117706000064,4.23280810086841e-5,1.7120080764897e-4
GWK60_C00253,791.0520551521406,-0.44481614745288534,0.1564519372481555,0.003199766123833554,0.00897778563453406
GWK60_C00275,1892.5310112210982,-0.3367817514202727,0.12783621256249125,0.006811957689877493,0.017540432525027704
GWK60_C00297,1361.034507108775,0.05785782959143691,0.12936583319520634,0.6231844248578509,0.7294531847512422
GWK60_C00319,616.9277148316282,0.2504449488323519,0.16365596758033,0.10835501423645515,0.18667452976909607
GWK60_C00341,1842.492917706168,0.13528758148387615,0.12408019697446399,0.26328957782919016,0.38189699316576053
GWK60_C00363,1018.0308436448253,-0.6921441410793447,0.14478791988473624,6.96644816224821e-7,3.508580884779798e-6
GWK60_C00385,686.9058440482195,-0.18180864894920248,0.1581620128871361,0.2241868351152536,0.3368842753419526
GWK60_C00407,969.9920467087811,0.15409949680235738,0.14140699318275554,0.25869754784974874,0.37689989099306703
GWK60_C00429,506.46434074648766,-0.04307750673536974,0.17814369519772116,0.782748601749959,0.8539053828450659
GWK60_C00451,537.7463214727715,-0.12231154491284897,0.16868350392061643,0.4403470236416093,0.5661324836554645
GWK60_C00473,8856.090756121022,-0.17676988274154362,0.09959410624734095,0.06967512147646814,0.13060669829706575
GWK60_C00495,2903.101669657124,0.22952085316510193,0.1213548147847428,0.049583576242904784,0.09886630408994818
GWK60_C00517,2714.7036500869294,0.4557630861576407,0.12112913013120517,1.1424047674602886e-4,4.263140005185378e-4
GWK60_C00539,709.7290823850485,1.077736592999064,0.1662537726091577,1.8584759296297607e-11,1.5461813984166583e-10
GWK60_C00561,2179.476621327541,0.7156407602212935,0.12021910278687523,9.957681610658152e-10,6.7732845936404355e-9
GWK60_C00583,1986.7762762364584,-0.22205280832450774,0.12041500339808808,0.05800608357376331,0.11251501786643091
GWK60_C00605,1.999191800359625,-6.92246395000678e-4,0.5251849160212656,0.9934847401901831,0.9970877579538047
GWK60_C00627,885.817597819648,-1.2462654580193948,0.1595996403546496,8.552480650831104e-16,9.775857230884772e-15
GWK60_C00649,16.273780878242544,-0.38048851067179434,0.5844292393282919,0.17305201548760732,0.2735546135779106
GWK60_C00671,883.2935164657157,-1.003140581316072,0.1728530984958881,1.2505107991283405e-9,8.408165961402576e-9
GWK60_C00693,4628.67721629128,-0.11941848474000456,0.12027596986123201,0.28232346932770713,0.40294701458335613
GWK60_C00715,413.7769080824298,-0.19481893342487996,0.18652259875277777,0.2710277380469255,0.390759583156909
GWK60_C00737,1388.462344342095,0.0031657141212764204,0.12868182246570167,0.9637463321558852,0.9761853620642736
GWK60_C00759,2364.8686789558915,-0.8512660979834193,0.11897246747417489,2.455260250201683e-13,2.395131427747764e-12
GWK60_C00781,4225.207564829116,0.38102055472799523,0.10738584045334436,2.8498367481436155e-4,9.76821487727453e-4
GWK60_C00803,3813.794354323199,-0.2388219419134604,0.10902363902865604,0.024422098839841023,0.053282736804931154
GWK60_C00825,3245.033273490935,-0.11118544929667407,0.10982349471639029,0.2994244616940187,0.4223105739235919
GWK60_C00847,980.8194328699741,-0.04737539358637012,0.14199971861494404,0.72972987189916,0.8154983350575523
GWK60_C00869,2573.8834117745737,-0.2110245688903119,0.12376921568952653,0.0786298309307202,0.14385374079113666
GWK60_C00891,2788.767926950779,0.3876411537069491,0.11434496239257273,4.4708455021969754e-4,0.0014916056884867828
GWK60_C00913,1174.6764779831526,0.869085332633536,0.1407185597910376,2.2826592067309212e-10,1.6646632606090408e-9
GWK60_C00935,3095.8486929542632,-0.4348662939588997,0.11882697557697296,1.5497972313613495e-4,5.608282066412922e-4
GWK60_C00957,2085.3972995437816,-0.9863326758880196,0.12370029013043826,3.37221870843919e-16,4.027976541787817e-15
GWK60_C00979,75.868983248293,0.32015539417175226,0.3541920694378036,0.2453501911166232,0.36260245790112355
GWK60_C01001,355.0241841171877,0.4725525116084844,0.20883084089831158,0.013900305704981304,0.03259937885673135
GWK60_C01023,147.98549968372322,0.07929523824432341,0.2639448342095021,0.7322355876724824,0.8177771282884266
GWK60_C01045,3083.134396658442,0.3534117035676366,0.11346115321354526,0.0012749181305777388,0.0038748667806807807
GWK60_C01067,784.2038422151018,-0.3121865869035947,0.15279815567369684,0.03237108353011411,0.06852139983950885
GWK60_C01089,2444.3487015015885,0.24193989922019293,0.12765839415823338,0.05052529680564124,0.10055337267375535
GWK60_C01111,1594.5861156323108,-0.11535925209673932,0.1513137927104013,0.42815819909162905,0.553817085000288
GWK60_C01133,3129.058104476311,0.09632396071942356,0.1103739836638152,0.3733866867654413,0.4994580012696773
GWK60_C01155,1609.245830621501,0.3178227037613442,0.1412298044750999,0.019225394149296977,0.04314431175288242
GWK60_C01177,13910.884477329957,0.30853835841475213,0.1223633198063638,0.009229865918667028,0.02279503757649189
GWK60_C01199,4472.3694494121455,-0.14966541702573438,0.11315895057765052,0.17187638610194952,0.2722066379891719
GWK60_C01221,7.239874983165761,0.20533374193484583,0.5501529127558299,0.2904252584106524,0.41138362303965803
GWK60_C01243,2237.226023433647,1.1568255031557884,0.12044553160766026,1.4264062220517065e-22,2.5252673116322803e-21
GWK60_C01265,1120.1805890244957,0.4745132566439151,0.13875961486819496,3.898246478771539e-4,0.001311387075200304
GWK60_C01287,6081.0530290816505,0.016960272733502074,0.10391281667666646,0.881539106999774,0.9238853148504708
GWK60_C01309,1320.8325253444136,0.3541634135170227,0.13211166765257493,0.006098374078789438,0.015929086391592084
GWK60_C01331,2655.9791445235705,0.11102353497824057,0.11712601723695905,0.3272359051186719,0.4526720308113593
GWK60_C01353,1444.9766063974862,0.5598624303885308,0.13059780736500648,9.728801587617088e-6,4.262836562307554e-5
GWK60_C01375,950.9217871858588,-0.49000927705113,0.14559524523912898,4.5423091932613255e-4,0.0015141609867725268
GWK60_C01397,374.48282918236634,0.14999126081314756,0.19099194599800381,0.40170635951608535,0.5276509451399687
GWK60_C01419,2214.8890438326325,0.14048856725992576,0.12214971310070465,0.23732978303904315,0.35280746373177524
GWK60_C01441,685.407087934824,0.7670081349585364,0.16657627982114928,1.3984832439512283e-6,6.777165803406045e-6
GWK60_C01463,2376.969237043043,0.12282900912204797,0.11584794841770749,0.2721888125484898,0.39188630240415095
GWK60_C01485,676.1223464332838,-0.13640739417550835,0.15877878638231452,0.3632591940115504,0.4898791173534069
GWK60_C01507,0,NA,NA,NA,NA
GWK60_C01529,1224.4228277886273,0.3237185611042743,0.13599156647785243,0.015009645550333014,0.03475152633361999
GWK60_C01551,14832.819139605905,-0.04917879963577024,0.0978746928828183,0.598181881651756,0.708037960128607
GWK60_C01573,1012.0450798499837,0.09050617578527967,0.14858666925302674,0.5269516094954745,0.6460040948303113
GWK60_C01595,365.5763004528582,0.021675000252072665,0.19186923301868758,0.903082945071418,0.9367548086773555
GWK60_C01617,1324.6458753995848,0.2862542555976618,0.13218837053076726,0.027058815642000265,0.05838131007207116
GWK60_C01639,6090.96402406231,0.029627977790639692,0.10849665071256279,0.773330774394523,0.8482945617107706
GWK60_C01661,22.42933403787604,0.5305276266664726,0.6373858962083048,0.09788397042538573,0.1717297018674268
GWK60_C01683,514.4487279673434,0.5924304647906763,0.17938025358375645,4.5442107971225697e-4,0.0015141609867725268
GWK60_C01705,792.2784603782989,0.08011586368737289,0.14926218290153923,0.57719691632066,0.6903779313043744
GWK60_C01727,2367.7591248059357,-0.0958928320663943,0.1164577155269632,0.3960305079666773,0.5229353116245077
GWK60_C01749,1731.1115957715124,-0.005036913985393547,0.12280734427553973,0.9571172818232025,0.9719851025996705
GWK60_C01771,3260.875806435428,-0.03550032673124006,0.11204714790782151,0.7336126948255923,0.8186700090959189
GWK60_C01793,16561.76296203859,0.6007716375590061,0.26797009646523584,0.010711047002442178,0.026049345577632273
GWK60_C01815,3772.6553459804563,-0.582950208784169,0.11969691980022322,5.385521998241608e-7,2.7599487979292764e-6
GWK60_C01837,1237.8502287869069,-1.8312686516967263,0.1403391033725137,5.839301559808037e-40,2.0067351373510234e-38
GWK60_C01859,112.74857415641236,-0.07285621037619008,0.29764384116853354,0.7660785120159697,0.8425101058732417
GWK60_C01881,1069.3913163256573,0.0011397734848873655,0.15212454398358394,0.9972830193982981,0.9983217348675305
GWK60_C01903,438.0619187586869,0.3182386137786896,0.18436657010341054,0.06560424052945556,0.1243052600734693
GWK60_C01925,554.7103491742112,1.391980282817118,0.17924812628439615,1.0981916212779467e-15,1.2444593846291906e-14
GWK60_C01947,10002.15220136011,0.8035042242085915,0.10968203241249191,6.82303826845883e-14,6.925778999142187e-13
GWK60_C01969,10.71293111512334,-0.3974595765296125,0.6587328446085507,0.11219728604575592,0.1921606938203859
GWK60_C01991,364.89370263371694,-0.7641221117185071,0.2070539329520901,7.342461975648331e-5,2.8440423213369175e-4
GWK60_C02013,1290.6523983259078,-0.20293056040020113,0.1317768942789377,0.11419176572725208,0.19500497050792187
GWK60_C02035,1967.81904559229,0.17341327398265846,0.1261970506022561,0.15675107413494213,0.2523567507046925
GWK60_C02057,3693.051895407925,-0.019177243929940243,0.10846409637248376,0.8542430505177926,0.9041082849481791
GWK60_C02079,1889.5239680055392,-0.0493452184755775,0.12582282317446578,0.6801609417093073,0.7771156522180656
GWK60_C02101,561.4815728809541,0.12056290329549084,0.16633781563250816,0.45057859497608366,0.5769951905465777
GWK60_C02123,660.8219539417374,-3.4972948369673817,0.19397830221849327,5.601031404735615e-74,4.034277140561625e-72
GWK60_C02145,1659.6163127424668,-0.3157451869513595,0.14527643001352092,0.022816632664863886,0.05017241615499402
GWK60_C02167,2118.258341934553,0.007875635654717675,0.12327326938514119,0.9659785454947037,0.9778812460937913
GWK60_C02189,1649.9218892016672,0.4376409445684925,0.12906923905814632,4.5947085030766663e-4,0.0015297575895727418
GWK60_C02211,972.3975827926405,-0.07897244002689742,0.14223165157487613,0.5633824119855451,0.6784848195648181
GWK60_C02233,287.97801290615786,0.5846984009970382,0.228534517259471,0.004863674853782883,0.013014352356839896
GWK60_C02255,2.685691530367543,0.0015367602805809847,0.5240523668838953,0.990473436096948,0.9952052984899203
GWK60_C02277,460.1793293249928,-0.020366562690956987,0.17948183975382512,0.9025623780957539,0.9363995627520666
GWK60_C02299,1001.4372856621534,4.414501694860726e-4,0.13960028470722385,0.9980262317308806,0.9984059981813109
GWK60_C02321,922.3832135512612,-0.950840436704667,0.14999479948794442,5.598808375437533e-11,4.3419667312758925e-10
GWK60_C02343,579.412107584508,-0.7755192645296727,0.17316960475227397,2.896044546633867e-6,1.3656862983139794e-5
GWK60_C02365,896.7576220683129,0.6750120617239059,0.15215943439813723,4.018300709141142e-6,1.8615176324814206e-5
GWK60_C02387,2638.6730384264597,0.027567434892565187,0.11546899873184718,0.8063605199393064,0.8693548521305869
GWK60_C02409,10.820211058286343,-0.16000230122672846,0.5129357576547359,0.44436427608117113,0.5701482097693503
GWK60_C02431,871.4294413728085,0.11854604181350852,0.14572164968809104,0.39844696968608256,0.5245453596918934
GWK60_C02453,1527.7481331990148,0.03220279640506723,0.12593837455600304,0.7944069166113414,0.8617684273865139
GWK60_C02475,729.8312280955274,0.2648559225928139,0.16629578737333722,0.0931529816425831,0.16519338194829744
GWK60_C02497,386.9152830686159,0.1992503208899101,0.19480689846592453,0.2667950900069802,0.3860232755246841
GWK60_C02519,1658.5887250953906,-0.8014175947644904,0.12892923192618644,1.7071101007959535e-10,1.271385964587128e-9
GWK60_C02541,670.6219949262468,-0.24843333222751393,0.1589633868027584,0.10281127017942121,0.17876377599318674
GWK60_C02563,4529.507247386811,-0.40983987702909186,0.10664493452574843,8.464630165283172e-5,3.220479407312512e-4
GWK60_C02585,3038.59950959517,-1.5289633664031939,0.12307559157482569,2.493240268666673e-36,7.711445489793745e-35
GWK60_C02607,1716.448119955144,0.5675680976293622,0.12926011687955818,6.373177494403519e-6,2.876409207345382e-5
GWK60_C02629,2454.485236041901,-0.005860941027806329,0.11514919852447565,0.9565286254005493,0.9718700506968286
GWK60_C02651,5133.879257851392,0.1108770483255751,0.11194832046756009,0.30328627537800784,0.426156931036228
GWK60_C02673,5559.5121326207945,1.7839037999463936,0.10614202717022635,2.2883593189357826e-64,1.336910366551594e-62
GWK60_C02695,0,NA,NA,NA,NA
GWK60_C02717,4371.7968875813,-0.15384418642998393,0.10582502213348642,0.13329231820835974,0.2209492462608939
GWK60_C02739,1374.3022059868958,0.21192448201823494,0.1313123031011556,0.09583669636239399,0.16881385241992214
GWK60_C02761,0,NA,NA,NA,NA
GWK60_C02783,2366.868402566776,-0.2418035083144173,0.11736043161868215,0.03374349731519263,0.07096932355331315
GWK60_C02805,2613.171468429142,-0.1604001009442459,0.11695076908985844,0.15398887936343345,0.2488240712024994
GWK60_C02827,647.7419313306776,2.827483160288431,0.19225571882200193,3.5650301513672974e-50,1.5491676475941528e-48
GWK60_C02849,115.92588516361916,1.0691202546299527,0.3509334089134436,4.002199887122706e-4,0.0013429206768660617
GWK60_C02871,1571.066413138811,0.33379763828322745,0.1284234764994107,0.006895625410005565,0.01771235877176808
GWK60_C02893,1897.4123543314638,-0.7943969455440347,0.1239110956602091,4.356797369167015e-11,3.419110532400025e-10
GWK60_C02915,266.36002264579594,0.3003241738370024,0.22070885216626956,0.13576712602646032,0.22448539265632966
GWK60_C02937,1210.6424429676233,-1.3247848190669662,0.14254407896787322,2.146325589397713e-21,3.640445144855863e-20
GWK60_C02959,501.3993847510743,0.37089362576707063,0.1954600700516191,0.039652248326122574,0.08188983570257365
GWK60_C02981,3948.0680453901064,0.9409773689367084,0.11513774971108383,6.887957074633081e-17,8.664324951775297e-16
GWK60_C03003,2895.8160165501477,-0.16832780323261037,0.12216893631096076,0.1566364963093841,0.2522495245313144
GWK60_C03025,2704.7575399646194,-0.17476454905618338,0.12931998855222393,0.16135553033091699,0.25850316224252334
GWK60_C03047,2079.074416064668,0.7598376766321685,0.12310718619138303,2.5901721295057013e-10,1.8681927375776377e-9
GWK60_C03069,663.4346387506777,0.1388793486149844,0.16222311488736965,0.367761742904449,0.4944237392461245
GWK60_C03091,797.5972633287785,-0.427175171184312,0.15269179984315448,0.0034154156414824537,0.009502481453860087
GWK60_C03113,2002.1700565995952,-0.39390106067199204,0.12243153777643179,9.441035096338748e-4,0.0029443038277905775
GWK60_C03135,979.6024987862431,0.9996466187287566,0.14942745635195015,5.0845824971436266e-12,4.4706914331072224e-11
GWK60_C03157,845.1900260449243,0.06936822190025686,0.1516798509151641,0.6343041589921974,0.7379117899802219
GWK60_C03179,68.42112530302441,-0.1670116393448567,0.3462630049331851,0.5308586243398754,0.6497333907772497
GWK60_C03201,12873.873227472173,-0.061532114936674015,0.10206352391902473,0.5324753403992587,0.6509545082118815
GWK60_C03223,9684.173300450033,-0.38008815952063085,0.1146248712089665,6.075706652843205e-4,0.001964702680236751
GWK60_C03245,4744.828718822263,0.41101309036436445,0.1058781672890647,9.090573293337699e-5,3.4387218975805487e-4
GWK60_C03267,1399.5576674943268,-0.023679754884081708,0.13252543171481548,0.8295222526654156,0.885250254620409
GWK60_C03289,337.00031429300975,-0.014097037697560781,0.19671610685452737,0.9425781038638358,0.9631937164817536
GWK60_C03311,392.0211110102135,0.7529968842216475,0.20501840029240181,8.068434915402252e-5,3.0943713191236355e-4
GWK60_C03333,0,NA,NA,NA,NA
GWK60_C03355,709.0017204283162,0.5532106800606612,0.15981353458235423,2.932279593631749e-4,0.001003118158966541
GWK60_C03377,466.2857580591327,-0.4395158544264199,0.18889701104967205,0.012520353336613502,0.029761310056018894
GWK60_C03399,998.4383556680363,-0.2386946431278834,0.1446196770440872,0.08478406101434664,0.15298435411408512
GWK60_C03421,0,NA,NA,NA,NA
GWK60_C03443,76.71998289125708,0.14900196912706065,0.3318897919499385,0.5725334987783146,0.6862049547700885
GWK60_C03465,1664.1783306929983,-0.4397496738304847,0.1312228342497938,5.211818413072415e-4,0.0017105955815190236
GWK60_C03487,1209.7675909889542,-1.6379076168701086,0.15483719254059822,3.2509931686897684e-27,7.49724652674158e-26
GWK60_C03509,2143.0312280869944,0.04132734757080728,0.1264701335307002,0.7567882675363472,0.8352629535487225
GWK60_C03531,453.8789512192865,-1.418925876416014,0.1980553134363082,9.673938009644631e-14,9.725123359058919e-13
GWK60_C03553,260.48968656530207,0.15981809750618156,0.2177855609108212,0.4221199136826293,0.5484325441421459
GWK60_C03575,643.1461862303537,-0.31830954998626093,0.16201168149030953,0.04013103380300731,0.08258668326270545
GWK60_C03597,4922.563843239344,-0.3693561890057432,0.11097070980703329,6.451248888857869e-4,0.00207719942790047
GWK60_C03619,0,NA,NA,NA,NA
GWK60_C03641,842.0754463823673,-0.3232850606898542,0.14911324895297617,0.023550598705581304,0.05157394751934465
GWK60_C03663,14257.051590022857,-0.2527245932689896,0.09737914722068829,0.007681838796974558,0.019493778182669997
GWK60_C03685,7300.917735931925,0.18675468347449276,0.10721436464305563,0.07561352325028518,0.13925865427890963
GWK60_C03707,1034.9827901739159,0.3844127773362161,0.14256323255384376,0.005282259221457859,0.014041516171094753
GWK60_C03729,1742.720935889673,-0.5976673004957705,0.12532885728317972,8.580419713140523e-7,4.252200457275482e-6
GWK60_C03751,5.014311063934011,0.16059236041814584,0.5475745649613534,0.2871013098495441,0.4081569723512644
GWK60_C03773,894.8014003859535,0.4578467468243152,0.14866689271695663,0.0013165016379270418,0.003985127007611045
GWK60_C03795,1128.7155381810194,0.037683218281010906,0.13544281160657248,0.7754672679143058,0.8492828358036699
GWK60_C03817,908.4134428004734,0.3581550074173298,0.1539701699116429,0.014829596473034928,0.034440820784106735
GWK60_C03839,6499.26619396594,0.2947100098782845,0.10595554341480035,0.00440462300981279,0.0118949706140707
GWK60_C03861,91.32039589561839,0.33260769520829697,0.33653882908396443,0.21569486225397483,0.3262726080930379
GWK60_C03883,1236.729709137398,0.3703220613857015,0.13984976261449203,0.006348269412104575,0.016467291844521885
GWK60_C03905,9408.459747859239,-0.14346169796522587,0.09901419130680261,0.13759189039367636,0.22700287407905564
GWK60_C03927,10648.987305788378,-0.12637943573734192,0.0985366171170478,0.19160060078517513,0.2976177131250963
GWK60_C03949,3401.090608349964,-0.1656374303933095,0.11360861696260496,0.12771609866964406,0.21304925342797856
GWK60_C03971,1197.8873290754386,0.3981656683129297,0.16495115770809146,0.010604764798768315,0.025802801162389543
GWK60_C03993,2764.750531396121,-0.41052427236401917,0.11398015571757665,2.1233368062772458e-4,7.438044588544809e-4
GWK60_C04015,1533.1490749151153,-0.16261204925433842,0.12758146914996224,0.19293465362515258,0.2994245598468277
GWK60_C04037,0,NA,NA,NA,NA
GWK60_C04059,1326.6105356195355,0.034811887234350324,0.13003178482107325,0.792166263540017,0.8610683431822852
GWK60_C04081,326.23169708157843,1.5870162250373676,0.2224277217036587,1.1044175000379796e-13,1.0956655123018296e-12
GWK60_C04103,1047.496955882273,-0.6983011898950757,0.14577859090197437,6.513468207793824e-7,3.2898958536580135e-6
GWK60_C04125,1123.1335430351887,-0.23681560929906267,0.13656156330328445,0.07604494990817014,0.1399525189419526
GWK60_C04147,642.013624717221,-0.07494376522133757,0.16264137800548598,0.6274477475854923,0.7326295381146685
GWK60_C04169,0,NA,NA,NA,NA
GWK60_C04191,1610.7272744250329,0.16790278088449404,0.12840926149383425,0.1750699134655227,0.27593453387341677
GWK60_C04213,360.4301688152406,-0.1356963835807342,0.19571475740090133,0.45514653318256587,0.5814496590747015
GWK60_C04235,6805.2850296912575,0.41529643459407123,0.10290027168142711,4.2464276003906855e-5,1.716196489074114e-4
GWK60_C04257,1221.8909976969221,0.7249701612459164,0.1390334774436279,7.412192185756978e-8,4.2316293716297713e-7
GWK60_C04279,34.351384115439714,0.15999227115954945,0.4168685732356949,0.5610106898927101,0.6764031661215019
GWK60_C04301,1253.5374021051202,0.18461717405721115,0.13271848233204556,0.15849859480795497,0.2546243848152237
GWK60_C04323,107.43112179376286,0.6821888237259962,0.35064181703918423,0.017130251818392672,0.038925611606275876
GWK60_C04345,470.4077340720366,0.2775493482114097,0.1807734400843317,0.10241101296437671,0.17824465612932563
GWK60_C04367,2005.4373585917597,0.6902331017448026,0.12326494946172595,8.715373202245207e-9,5.4489217951730434e-8
GWK60_C04389,885.5146159731744,0.13342644447022076,0.1449845152914864,0.3399687485365549,0.4662377881599389
GWK60_C04411,2700.376887502335,1.882153018698515,0.11748703412667125,9.113728053613495e-59,4.889794092438751e-57
GWK60_C04433,27.803184638050205,0.669127316599738,0.6511617739684993,0.06135662425192022,0.11778500559203961
GWK60_C04455,361.5907428311542,0.7774409185991139,0.21264725691446393,8.150677717444241e-5,3.119087586486304e-4
GWK60_C04477,1223.036944278963,0.24382613036319914,0.13994049044217374,0.07484911912180792,0.1381385287267343
GWK60_C04499,6030.644242536693,-0.22407472998296277,0.10299986385263864,0.025503255549308445,0.055280451807517644
GWK60_C04521,447.37927074778713,-0.0716235266896848,0.19256648231841336,0.6876663819045821,0.7835285035008137
GWK60_C04543,265.12036891237733,-0.015069647063306041,0.2139011798333724,0.9372631019588208,0.9607888892188949
GWK60_C04565,3238.8778391510573,-0.19268599243005097,0.11385859464097163,0.08141959584855622,0.14803051001787987
GWK60_C04587,1099.9160601390581,-0.4133911871135631,0.14047529200182576,0.00257415529751112,0.007379993759167649
GWK60_C04609,4918.609336175107,-0.8502002271593839,0.107248301320113,6.461913525813174e-16,7.500384397069683e-15
GWK60_C04631,868.2224271581697,-0.08580946866271412,0.14658963890406015,0.542034856537607,0.6595740050161392
GWK60_C04653,18913.384956384893,0.14822103369247483,0.0977542748856974,0.12504634667899434,0.2092921292027101
GWK60_C04675,3544.5340263456596,0.72062171594406,0.11486804639406584,1.3665738557199266e-10,1.0294334288503401e-9
GWK60_C04697,2998.4167210865266,0.8964371184707264,0.1140701632758408,6.482845804653852e-16,7.508106440720253e-15
GWK60_C04719,1256.087521641242,0.2291000311999566,0.13265947734655104,0.07790562257336894,0.14268523717309706
GWK60_C04741,1213.2794357777252,-0.4183887094786237,0.13596778857360062,0.001419880335472874,0.004271013045718748
GWK60_C04763,2364.6401086917363,-0.562126256824651,0.12046934531199185,1.5584049515652438e-6,7.510626246865308e-6
GWK60_C04785,895.4261165074315,-0.7866440068359539,0.15021822454948497,5.390607090976872e-8,3.111285629457343e-7
GWK60_C04807,1544.0144595031616,-0.21806677667514535,0.1262616894658551,0.0763012180805401,0.1403259197857572
GWK60_C04829,5734.740684137922,-0.3810531568508558,0.10387788301338205,1.5560881961201872e-4,5.62330703450168e-4
GWK60_C04851,127.5122850512004,0.4408261900894485,0.31065709747133224,0.08768005959382923,0.15731962448792788
GWK60_C04873,1989.6980688352317,-0.19531212166909986,0.11997992041367873,0.09404947155413976,0.1664886258851786
GWK60_C04895,74557.83786082921,-0.08067368495068528,0.0951246106423817,0.40856637146132035,0.5339900524841219
GWK60_C04917,1277.4868223556086,-0.9050092183250209,0.13915332319247567,2.036257778060535e-11,1.686085574337369e-10
GWK60_C04939,988.960081622718,-1.155385111959495,0.14969846551643295,2.0616599247584603e-15,2.291798707057079e-14
GWK60_C04961,4.133933733977232,0.048342653515493245,0.5193678961238914,0.734875912523246,0.8191599635461579
GWK60_C04983,0.9878016292235231,-0.0165844431419875,0.5347910527892168,0.8283245958517907,0.8844729641231749
GWK60_C05005,748.3606338943971,-0.5688185884807528,0.15967886621004684,2.1027115712807633e-4,7.375622042557875e-4
GWK60_C05027,5255.238302529304,-0.023506257585559874,0.1135196442116538,0.7939270731926418,0.8616034160674737
GWK60_C05049,463.05751440510926,0.08825544219005993,0.18022699543156256,0.6050820828512822,0.7132019409713543
GWK60_C05071,665.1045451371124,-0.05689827064550154,0.15734701444051477,0.7013278026390082,0.7936580978588097
GWK60_C05093,19.690929067631018,0.054573986364121786,0.4464791729780158,0.8316314653694791,0.8867812299559361
GWK60_C05115,1362.5173944453181,-0.28165456709944725,0.13046269474455485,0.025368886343517156,0.055051425668267935
GWK60_C05137,3.8237258577509428,0.13733770975845194,0.5474003173665916,0.2629615220309864,0.3815264025493726
GWK60_C05159,0.7575181447734833,-0.025569467814011423,0.5362303785615623,0.7480151708050651,0.8287112869981104
GWK60_D00011,1.4718307455222672,0.03299234823598464,0.5348166612615824,0.5863992512984617,0.6983663110594137
GWK60_D00033,129.52812002774186,-0.1565125080783223,0.2803106770491039,0.5117717719242747,0.6323551896227605
GWK60_D00055,274.1563638050194,-0.021364399747886464,0.21668551893223187,0.9123865877099415,0.9442973150511809
GWK60_D00077,2686.085058834914,-0.06632419859637008,0.11319245164557198,0.531481461484152,0.6501930024391975
GWK60_D00099,6815.592780899096,0.5432260899948878,0.11533035827212605,1.5417715636668844e-6,7.437279708037136e-6
GWK60_D00121,4414.2402629817225,1.0726350032629075,0.11678673491811215,8.658986444211395e-21,1.4095650378843195e-19
GWK60_D00143,674.2566896067476,-0.07138570069768191,0.15698760089366381,0.63114249291182,0.7354048439763389
GWK60_D00165,680.1030478614208,0.18881827416017133,0.15750076923134138,0.2109853634848362,0.32081001769903666
GWK60_D00187,1296.7803689896573,-0.030906435660461945,0.1322176029928759,0.8105181613980312,0.8728221929323078
GWK60_D00209,4607.206972397637,-0.3973150451391723,0.10627433010486448,1.3187913005637323e-4,4.855885615100913e-4
GWK60_D00231,1105.159043712091,0.1436344438236993,0.13673472582465968,0.2838700981405194,0.4045947204786214
GWK60_D00253,393.9334550021858,-0.018908690833362468,0.19373052843917046,0.9369665113056054,0.9607888892188949
GWK60_D00275,27841.36525523444,0.015228980535980714,0.09543667476054457,0.8643679341909789,0.9113388004764723
GWK60_D00297,1126.8707950813732,-0.09531301441183225,0.13618574706123457,0.4637806425956893,0.5901642349390451
GWK60_D00319,1023.8948526796219,0.44659477057074,0.14271382191776205,0.0011413121075422906,0.003499136478983886
GWK60_D00341,5.732095672496424,0.07685470859142095,0.5118225624945986,0.6683298985624029,0.7676012683794482
GWK60_D00363,407.95301084865554,-0.06905030896324134,0.19181572862853458,0.7003171471482527,0.7930793796479674
GWK60_D00385,923.2577199165893,0.22791970594398347,0.1569069123524917,0.1276684714209689,0.21303739217120105
GWK60_D00407,5944.10389662367,-0.4031312390211555,0.10445907030096664,8.219756574127654e-5,3.140950586247326e-4
GWK60_D00429,0,NA,NA,NA,NA
GWK60_D00451,579.7452734212441,0.1744863412889647,0.16966676561937566,0.28705390756582366,0.4081569723512644
GWK60_D00473,224.1150769471413,0.37783568538155465,0.23874649009253593,0.07688223042334105,0.14114761437357795
GWK60_D00495,0.7930273521562659,-0.011955303860472548,0.5365932936667107,0.8913323019147559,0.93080938301247
GWK60_D00517,4632.443248084734,-1.1198839528097029,0.12276564764011756,1.2982309866187213e-20,2.0764952660938775e-19
GWK60_D00539,799.7034363007907,0.33555690884725586,0.15137209160082246,0.02045466679209391,0.04545673626070574
GWK60_D00561,2604.3579771501,-0.5605191483778972,0.12885063246381556,6.842343327395322e-6,3.064483919543833e-5
GWK60_D00583,6976.013171733886,0.6584109753787065,0.10336966680638064,8.60896295018779e-11,6.550785411300636e-10
GWK60_D00605,718.1985039090052,-0.491511443818246,0.15875047942775045,0.001146138914889239,0.0035118871879298475
GWK60_D00627,49647.14922868282,-0.2619449173347968,0.0944042324428356,0.004559440733530953,0.012294122757387563
GWK60_D00649,6216.846161289199,0.844253317592261,0.1064858278300955,7.679537744100749e-16,8.835669465750927e-15
GWK60_D00671,1023.2017813670111,-0.05389116900541108,0.13980963862163195,0.6815872773917502,0.777900131218976
GWK60_D00693,2040.358117896018,0.35375114668783525,0.12152726758428886,0.002744660315498985,0.007817672772965148
GWK60_D00715,35445.63280573518,0.2963928497512226,0.10140645483821886,0.0036908643384377473,0.010163010237422826
GWK60_D00737,2496.4551812744835,-0.22121505688081733,0.11490346912614384,0.04723319655295359,0.0950946941671436
GWK60_D00759,1579.4791986482087,0.0671584896525277,0.12575629569003666,0.5666696608505373,0.6813512638353818
GWK60_D00781,1393.5722676707305,-0.15916120997098757,0.1375600191076265,0.23103448301773916,0.3452924127163173
GWK60_D00803,1825.2583630281722,-0.6731406817132024,0.12966690847502324,8.533111122890465e-8,4.845258993969553e-7
GWK60_D00825,196.34320119530423,0.1668421076881202,0.24154243856173896,0.44067135576291017,0.5663774110489811
GWK60_D00847,101.32199339693986,0.24190553644771065,0.3128979690377834,0.34646860311879757,0.4731771208308149
GWK60_D00869,4207.087800059613,-1.441866684345757,0.11023945189711017,5.5286495806785506e-40,1.9124762825794618e-38
GWK60_D00891,1188.480211248404,-0.30457693657074547,0.13586656045930712,0.02077630656938757,0.04611305189609111
GWK60_D00913,862.6968105809499,0.11336329395266832,0.14673404594276546,0.4225236639172176,0.5488214982402989
GWK60_D00935,2137.9780465600393,0.6245770706939513,0.12132909422579248,1.2314649333312638e-7,6.851896951805063e-7
GWK60_D00957,2.264984492192448,0.009181375071321418,0.5276066280348062,0.9286839450907387,0.9546501865916005
GWK60_D00979,2144.215150567832,0.5044561083622524,0.13856545279179158,1.5547988596483145e-4,5.622511969759861e-4
GWK60_D01001,3539.562859717389,1.0846580646871675,0.11211140873347114,8.529007410605772e-23,1.5358055124988064e-21
GWK60_D01023,355.64862243910386,0.03879164048933539,0.1949713297324955,0.832060880195943,0.8870373320336986
GWK60_D01045,4640.00301321706,0.0746535558617554,0.10937280921906792,0.4849313918983475,0.6091650634270253
GWK60_D01067,380.3928707000389,-1.9536501093298235,0.2109365649091227,1.8045450980252014e-21,3.0806162744858796e-20
GWK60_D01089,332.70044676540437,-0.09308280414577219,0.19935935341107827,0.6136056516693265,0.7211306474021723
GWK60_D01111,2205.3003723641946,0.10159746302164332,0.12061091269618508,0.37192853502784806,0.49813671616490474
GWK60_D01133,18306.529157304063,-0.06017043345176099,0.10456610694555762,0.5491105227578953,0.6668350507094308
GWK60_D01155,828.6701713513436,0.4309830969879832,0.15104250083368037,0.00289808880616906,0.008210210637304375
GWK60_D01177,7375.967236843886,-0.17077824536369307,0.1009403087614938,0.08431544335515884,0.15245206367311734
GWK60_D01199,1774.6253499693075,-1.069166196632979,0.13417411895981013,2.767120680918816e-16,3.3370459954750307e-15
GWK60_D01221,2501.9921094458964,-0.2030996876707802,0.1151228582840468,0.07066376952636119,0.1321301920944549
GWK60_D01243,372.4431470504826,0.36160789051044123,0.21279283675595756,0.06282746631737238,0.12012611559881597
GWK60_D01265,366.2869982614601,0.28844355938583377,0.1969881594923657,0.1125718912241975,0.19267675913308285
GWK60_D01287,103638.6698781094,0.16487285626225393,0.09406816882052893,0.07517942107340592,0.13860217251191034
GWK60_D01309,593.7228289154639,-0.3197396039893789,0.16641638645641194,0.04295307050097743,0.08757163423580432
GWK60_D01331,1765.7440442402385,-0.06388005135790972,0.12314857799865926,0.5980073694991943,0.7080213350206629
GWK60_D01353,42.66110964206648,0.8649300716778017,0.5663596035556341,0.02209747737988877,0.04877664635745197
GWK60_D01375,426.30196390336545,2.0498307146013732,0.2034652437566755,6.604605006817223e-25,1.3672052411749985e-23
GWK60_D01397,2602.415096806413,1.0924451634638217,0.12729926767674743,1.798136901239677e-18,2.5212276871248588e-17
GWK60_D01419,29391.3285782267,-0.18310841522177151,0.103903486423472,0.07217029315530513,0.13451662581020712
GWK60_D01441,431.94301076357374,-0.12250848395968371,0.181790183318426,0.4778746001288748,0.6035706575732942
GWK60_D01463,2993.2046532110344,-0.06742435740344759,0.11803268103426122,0.5559534854828181,0.67261928823485
GWK60_D01485,7546.455235483943,-0.4298836924155313,0.11302666332753063,6.899306798044462e-5,2.6871522328976135e-4
GWK60_D01507,1476.0961506112199,0.13818340217809355,0.1278765786580234,0.2629158410301312,0.3815264025493726
GWK60_D01529,9864.244242506289,0.09908947833771381,0.09902261720437178,0.31182868587049944,0.43548346090493656
GWK60_D01551,474.5746412168444,0.03741037440847411,0.17768222872548964,0.82393136111362,0.8810720147926405
GWK60_D01573,2493.659473320046,0.2495496126073244,0.12019437212016545,0.033592379846734466,0.07079307945255704
GWK60_D01595,511.2543618935471,-1.0637408011784506,0.1892024229414749,3.6155063521079446e-9,2.341173940810785e-8
GWK60_D01617,1406.9114936405163,0.32529867722871425,0.13652353370787493,0.013121680407696576,0.03099451733318446
GWK60_D01639,234.46757607982016,-0.21886991559587335,0.23280487358141103,0.2947425983337334,0.41648927224906485
GWK60_D01661,1804.6870743601621,6.934901351513915e-4,0.12582972395180061,0.9958706318373683,0.9983083719456818
GWK60_D01683,1070.8211134682344,0.9133705590068639,0.14526883014014635,8.481657005780238e-11,6.467164038046687e-10
GWK60_D01705,230.36838284239172,0.10569587372715329,0.22589008618167264,0.6075536421824634,0.7157779633868233
GWK60_D01727,1344.0107463920438,0.9747966700558288,0.13499090254799007,1.2588304514940919e-13,1.2441598710443485e-12
GWK60_D01749,370.7011128921794,0.304241352772561,0.19524050819672503,0.09234878061314374,0.16404388123780736
GWK60_D01771,648.3137437033831,0.05798350100842587,0.1586318070083448,0.7035466450947421,0.7950243412654533
GWK60_D01793,2064.198185307163,-0.38807836263254236,0.11996320230275105,9.061595842830097e-4,0.0028326914947443904
GWK60_D01815,11.794702324054544,0.2779041204752533,0.5757235742121358,0.1830250985249857,0.28627262271384607
GWK60_D01837,3581.8958869418334,0.19477836745275157,0.11109314412024021,0.07125627102348212,0.13309608278560175
GWK60_D01859,1674.6912226671443,0.3873649059173746,0.12575402761185442,0.0015016599819618907,0.004504123322963845
GWK60_D01881,1570.9213562204066,0.06835565863039186,0.12513524482149943,0.5821717379703317,0.694117686677552
GWK60_D01903,1760.0037605252787,-0.8756299953317701,0.1305929332701495,5.040962140529125e-12,4.43976196564525e-11
GWK60_D01925,2132.3590550278927,-0.33234433619998316,0.12565212943317877,0.006325793253386563,0.01642519551916373
GWK60_D01947,6462.422194460762,0.2849542684888077,0.10256898220480291,0.004687199960774305,0.01260629022698276
GWK60_D01969,43.79425150148813,0.306717368555334,0.42906514975812104,0.286677406024087,0.40783273833188566
GWK60_D01991,0,NA,NA,NA,NA
GWK60_D02013,5418.055698184527,0.0639261267963146,0.10822227661102114,0.5380334810911556,0.6565282069104887
GWK60_D02035,1826.0547975550305,-0.10604577244657154,0.12285033971320715,0.3730938704465479,0.4992943677291802
GWK60_D02057,2246.7456342634773,-0.3261025181300136,0.12008008790471085,0.005198668696909871,0.013833299599368472
GWK60_D02079,4768.437064819994,-0.12117684640957542,0.1078713969661409,0.2494235662724617,0.3670498492752879
GWK60_D02101,1822.255315711337,-0.4648518721345333,0.14947741556050242,0.0011339327212213125,0.003480571073077444
GWK60_D02123,1364.7053930644486,0.09026400178228042,0.13125648051488525,0.47900357101120844,0.6047060687579674
GWK60_D02145,91.97506295638344,0.20038255245442102,0.32071533282175196,0.4402138676742607,0.5661324836554645
GWK60_D02167,828.2877587192061,0.30170625506262316,0.15057805688385306,0.03637198036931676,0.07604130130491751
GWK60_D02189,638.1899857415582,0.20587386984404862,0.1615949317820381,0.1815401640471068,0.2846818319593461
GWK60_D02211,2996.85954294634,-0.2598267011588468,0.11174645483145365,0.016315444329013398,0.037282314768340916
GWK60_D02233,71437.31249581688,0.3018024330442902,0.09420652697871529,0.0011664364030613465,0.0035678432852219665
GWK60_D02255,838.7445598049712,0.2705437327186052,0.14856581547903133,0.057624995331715,0.11206121732258632
GWK60_D02277,131.37987044143284,-0.4972580316020792,0.30370408364388873,0.051565465673516976,0.10208253709011757
GWK60_D02299,107.33139923553891,0.43200591852069237,0.3300623544315664,0.10729951171744594,0.18522023394955045
GWK60_D02321,938.0305199291358,-0.3816750051533896,0.1454558863746338,0.0062358809763740156,0.016223781382372376
GWK60_D02343,1338.8829640104782,-0.09578746171652869,0.12986902334265402,0.4672180540335422,0.5933894995430834
GWK60_D02365,649.450781692704,-0.19949952649488958,0.16479698365711343,0.20131211275439537,0.30869031462893287
GWK60_D02387,542.578208249274,0.26115781456205506,0.1713455212007105,0.10819045509421582,0.18651325012635633
GWK60_D02409,92.34522147462027,-0.8149332739255221,0.3866378547644549,0.0084444999156147,0.021153492404145827
GWK60_D02431,697.0525628553519,-0.5433910493877024,0.16270918322683486,4.43078666192271e-4,0.0014791794456120388
GWK60_D02453,1612.3082539920451,0.12108193093608598,0.12714113126380025,0.3230365063191449,0.4485508669930591
GWK60_D02475,1345.5704825338867,-0.10887009719199073,0.12992653878327665,0.38259237319506384,0.5099038528130309
GWK60_D02497,1594.0680651902287,-0.15295659281657914,0.12500258218762977,0.20974499940082475,0.3192933430369243
GWK60_D02519,709.7896658219003,0.22877838661609698,0.15616531279838347,0.12506577975559435,0.2092921292027101
GWK60_D02541,804.7086424834557,0.29500759995756004,0.15380088780425608,0.04483140718900843,0.09087260562829849
GWK60_D02563,909.5167335541817,-0.14979846367419272,0.14518792132530847,0.265281753691989,0.3841507741427921
GWK60_D02585,125.61323567851903,0.11859066768437486,0.2946653379851013,0.6303037425157885,0.7348419242013339
GWK60_D02607,3277.6083064509335,-0.1707244000720251,0.10987922146188822,0.11181464172362582,0.1916301780256925
GWK60_D02629,719.4693620578914,0.2264612858618628,0.1551562695428656,0.12300658056607446,0.20656933906624705
GWK60_D02651,1498.0788601086924,-0.06454837013363668,0.1276418357835176,0.6014398445125032,0.7106451016734251
GWK60_D02673,935.6732868312762,0.1427198328412671,0.14912484224489683,0.3232365797440448,0.44867421760670206
GWK60_D02695,7159.164591699569,-0.5553172919625698,0.11904648082793264,1.7708382951535156e-6,8.464607050833804e-6
GWK60_D02717,143.14942051404216,-0.1705528362682174,0.2742711905134145,0.4681413820735853,0.5938449666931028
GWK60_D02739,1146.673096445464,-0.04538769226339608,0.13494914651073608,0.7188179593907221,0.8067331548508894
GWK60_D02761,708.5172281271981,-0.0718834189288371,0.1543750088249846,0.6250705657725864,0.7308474616037933
GWK60_D02783,2182.924424101136,-0.2922552834845385,0.12119302564775555,0.013044972863887238,0.030854911074367563
GWK60_D02805,44.8723262189182,-0.04390255926460189,0.5375777556126061,0.18438756086231473,0.2879280548223158
GWK60_D02827,54.629946102676264,-0.13210202282567096,0.4151820400292987,0.6015974991030054,0.7106716805849478
GWK60_D02849,1311.6642695274406,-0.13397791777597698,0.13196820168200488,0.3035117997020126,0.426359883204163
GWK60_D02871,1700.3850503191484,0.886294541917819,0.12948092661858576,1.8942532654541445e-12,1.7113374003020433e-11
GWK60_D02893,1395.2617810633442,-1.4997986848068883,0.1368903115424588,6.531345663768837e-29,1.6198969575517237e-27
GWK60_D02915,62.5238250135908,-0.2575926356709711,0.3804500303130114,0.3513854662628359,0.4779060480108617
GWK60_D02937,2961.739303911494,-0.17463135341497138,0.11167596089086491,0.10921629405861587,0.18785059671580054
GWK60_D02959,2081.8493426650048,-1.0238605146859294,0.14279379811397774,1.3803537688347916e-13,1.3591573251935083e-12
GWK60_D02981,891.6888727321262,0.5913162235225686,0.1518755545702787,4.837545133543819e-5,1.935754361657032e-4
GWK60_D03003,1792.2025299836191,0.7314585461099757,0.12541910349439844,1.7730953759147643e-9,1.1801184160202318e-8
GWK60_D03025,267.95790738934494,0.5120349722904228,0.22815446594057323,0.013140742494062168,0.031025605762810455
GWK60_D03047,1043.709639468578,-0.059612013913226417,0.13871478026000741,0.6498503221677912,0.7508048767212142
GWK60_D03069,1143.8718309473634,-0.20082816521750882,0.13580665802637007,0.11990088258865829,0.20238807083504504
GWK60_D03091,2002.5306284037883,-0.5406843635686053,0.126128193170264,9.838385852023502e-6,4.307263348038266e-5
GWK60_D03113,27763.909297514034,-0.4323034356187456,0.09583548186396383,4.575059365627393e-6,2.0972678417148066e-5
GWK60_D03135,297.4360365662816,0.2650104035885855,0.21217841821419436,0.17348867926066305,0.27385273958347833
GWK60_D03157,674.7531023556558,-0.04759171649826273,0.15687043263270833,0.7494615482615774,0.8297891810400873
GWK60_D03179,5680.7255487796465,-0.02132960771061585,0.103255360559862,0.8338459317453435,0.8886019272632785
GWK60_D03201,2201.5912577202944,-0.42842179172708417,0.11985388154858394,2.493607417196875e-4,8.614578054941636e-4
GWK60_D03223,3582.75650108836,-0.535610729026438,0.11064989422920575,7.3778962707928e-7,3.7051555484076924e-6
GWK60_D03245,735.7128420190568,-0.18358073947758177,0.15533963473274698,0.21048984449853134,0.32033447246694
GWK60_D03267,233.4851588109887,-0.7162572474607025,0.25085644836815185,0.0014817211202684322,0.0044468548232713566
GWK60_D03289,3453.8498571303803,0.7220666218934167,0.11140770616483175,3.366241917815162e-11,2.6940182654295466e-10
GWK60_D03311,940.5169445127443,0.41808100173848034,0.14964983834670617,0.003526292927691687,0.009775066007078526
GWK60_D03333,3621.5422614896115,-0.5910804983143059,0.11071031701806443,4.556282370477481e-8,2.6530379517132446e-7
GWK60_D03355,5183.762659452161,0.19285668207804352,0.10690886205398975,0.06272695083946904,0.12002121816372933
GWK60_D03377,1565.6742169075274,-0.12541468928638852,0.12698789089563223,0.3070216890950317,0.4303705788487541
GWK60_D03399,940.8377529913947,-0.3446757660194599,0.1470687552492774,0.015222422830113812,0.035182197468456446
GWK60_D03421,1187.7809780592615,0.9496942783110722,0.13967504644088186,3.3166545009276602e-12,2.9507562378811573e-11
GWK60_D03443,904.2537877796913,1.3321712118916076,0.15248085431957287,3.727556267315817e-19,5.38447550921609e-18
GWK60_D03465,1736.6747273212477,0.1687782228323028,0.12436806338901701,0.17835427288823252,0.28035478829486593
GWK60_D03487,967.320339807229,0.9401435485170815,0.17072979312698916,7.978009000723338e-9,5.011752846571483e-8
GWK60_D03509,1909.8962765551069,-0.4715159543582814,0.1268729130872125,1.2331875031903753e-4,4.583235096373564e-4
GWK60_D03531,0,NA,NA,NA,NA
GWK60_D03553,745.6383792243744,1.2740157195475483,0.16353922342009033,1.0516427774548684e-15,1.194284605584816e-14
GWK60_D03575,436.85771126574974,0.3193825428355291,0.18433793973975277,0.06528084190110664,0.12393749417202278
GWK60_D03597,11444.505439856704,-0.37038918325478754,0.10015938196950623,1.5463754419107293e-4,5.599753494191883e-4
GWK60_D03619,3101.914284795518,0.2972563785853296,0.11700612399233146,0.009313193888174276,0.02296846785366808
GWK60_D03641,0,NA,NA,NA,NA
GWK60_D03663,3519.643465509353,-0.14185414633779553,0.10920982769780312,0.18204645907605305,0.28522058457148003
GWK60_D03685,3136.558757680653,-0.31829389698337496,0.1131412593762093,0.0037667275802031105,0.010333446995195937
GWK60_D03707,820.8348617404206,-0.4364436595208235,0.1518324208738526,0.002642669316578678,0.007547612855280114
GWK60_D03729,1555.632865744004,-0.4812007065746814,0.13195548183376915,1.5773826416829942e-4,5.688530816165421e-4
GWK60_D03751,1627.5359017216917,0.09574318271700585,0.13629910106188592,0.46760730158896674,0.5934792683702602
GWK60_D03773,156.20443939129976,0.4309893312102575,0.2792741419201716,0.07356711677421501,0.13649114325999384
GWK60_D03795,108.70503066812432,0.42288403652349554,0.3215427884008227,0.10932687334932173,0.18791784899337483
GWK60_D03817,2005.786905174968,-0.1674258617164736,0.12124379246507205,0.15362829115768376,0.24831772361115928
GWK60_D03839,5858.3505227002825,0.39853767853131605,0.10523482492884546,1.1050538183289927e-4,4.135496780621953e-4
GWK60_D03861,862.6740334275553,0.06914649930931886,0.14609007447375577,0.6236187919438201,0.729799156029514
GWK60_D03883,7285.448243466187,0.3777770038793683,0.10199262315113826,1.5984786829028225e-4,5.756712955276056e-4
GWK60_D03905,1684.746888593712,1.0668300469472747,0.12860155354599598,2.5403721459579347e-17,3.306256619665055e-16
GWK60_D03927,99.26906508507045,0.1080994260034738,0.3026061225594813,0.668644383005156,0.7676334157325403
GWK60_D03949,219.1033881225006,-0.030565484731669725,0.22901123500183324,0.8811349420371104,0.9236458383634623
GWK60_D03971,432.3554099777174,0.3283529146334579,0.2028524739644726,0.07749519582383702,0.14212408079586153
GWK60_D03993,914.5114421649639,0.0025613189155733354,0.14311183110131442,0.9874824142141283,0.9929589852625526
GWK60_D04015,1737.2814008411247,0.050702319710549226,0.12508335163172954,0.7053698169652718,0.7967421047483134
GWK60_D04037,97.75398547617155,-0.4303514305304921,0.3363755004719822,0.1116089796698781,0.19134007665608704
GWK60_D04059,1118.1165095431854,-0.849970550756506,0.14101357281943827,4.896682567115063e-10,3.4329009250521334e-9
GWK60_D04081,496.11204189387485,-0.19077143898797014,0.17468525225922665,0.24668418406505435,0.36403745153355477
GWK60_D04103,620.8388564264068,-0.5019652499339494,0.16625631760394227,0.0015605604502538122,0.004656882433277268
GWK60_D04125,970.4462791536849,0.27401116942434545,0.15003060321385644,0.056608241815005525,0.11036193380174233
GWK60_D04147,1935.647190407582,-0.22989561840304956,0.12401137036965848,0.056272933312663254,0.10991199233208893
GWK60_D04169,496.26885771323913,0.43148703025592783,0.19079952680020795,0.01500552505257348,0.03475152633361999
GWK60_D04191,299.9351202761511,0.4408167301801704,0.216129907797746,0.02578523749190424,0.05586270240314482
GWK60_D04213,524.8100888058613,-0.10914999836118844,0.1698639638696074,0.4992921498090361,0.6216907644347562
GWK60_D04235,619.6754417746445,-0.35003664681023505,0.16578777717702164,0.026546041488592482,0.05741632502962536
GWK60_D04257,2549.8264462891093,1.1084290499879903,0.1178328450864044,9.983056501814445e-22,1.715389251194129e-20
GWK60_D04279,9424.808340890291,-1.1249802993976439,0.11841254363369991,3.2354874992836745e-22,5.577768285650347e-21
GWK60_D04301,1479.1083602580377,-0.25118725275312276,0.12850837276867852,0.044616638814324226,0.09050705512566234
GWK60_D04323,1473.5457340148985,-0.03911340307559611,0.12987611183874662,0.754673746730744,0.8334904701976978
GWK60_D04345,2078.4190539392243,0.43309942432302373,0.12073326297733758,2.2589933292505547e-4,7.881743148772008e-4
GWK60_D04367,1314.598953707235,-0.5213912092891431,0.1353463006315716,6.5814224421035e-5,2.5767028444214593e-4
GWK60_D04389,0,NA,NA,NA,NA
GWK60_D04411,263.7667827874823,0.0027667799961907866,0.21440671042071274,0.9903468469816497,0.9952052984899203
GWK60_D04433,2117.458381775873,-0.30775896564521005,0.11891455281523391,0.007723159440926513,0.019589181061452774
GWK60_D04455,6770.79678325401,-0.05841847703639598,0.1020205063351367,0.5539070277212996,0.6704519225963612
GWK60_D04477,3070.371555560563,0.05784749689032887,0.11414864316110508,0.5999940085913269,0.7095745607677005
GWK60_D04499,0,NA,NA,NA,NA
GWK60_D04521,4744.517635192468,-0.14225600259171675,0.11540641847569451,0.20554312898254776,0.31398773160669263
GWK60_D04543,2263.842075587339,0.9102443922371347,0.11994945534043171,9.582908061503992e-15,1.0220472735778497e-13
GWK60_D04565,93.72753081128272,-0.21408954617760823,0.3162546723578636,0.4047389421713416,0.5304320236897232
GWK60_D04587,61.86305695121446,0.1725711531239599,0.3582036018656949,0.5257436330647298,0.6449743403299928
GWK60_D04609,860.1417292383854,-1.0052626777500844,0.1530200764619325,1.1246055013990421e-11,9.614919880253924e-11
GWK60_D04631,333.14951468667573,-0.10410120345496182,0.20015123943471208,0.5779218611243644,0.6909306834451814
GWK60_D04653,419.1088232633224,0.0937543654999269,0.18767060155921417,0.5944927246576547,0.7049713004623248
GWK60_D04675,10.175027642331179,0.04173670619616226,0.483962770278724,0.8499902259751411,0.9014216636097805
GWK60_D04697,1102.9883759807308,-0.04809489230246583,0.13917340483256557,0.7196070886315429,0.80727417794424
GWK60_D04719,0.23406845551404099,-0.018035937902739278,0.5388751877887962,0.7932702651911353,0.8610683431822852
GWK60_D04741,1541.2542326961686,0.2600371905868439,0.12841863633239234,0.03684118317695511,0.07680846199224028
GWK60_D04763,0,NA,NA,NA,NA
GWK60_D04785,2822.7598365460653,-0.2357337905572597,0.11442949053241186,0.03426275455262423,0.0720038223172255
GWK60_D04807,839.0563946674304,-0.08142051494073445,0.14922155626981115,0.5688247824509886,0.6833175019710528
GWK60_D04829,0,NA,NA,NA,NA
GWK60_D04851,154.48949636826913,0.7067111018505677,0.2958246954492307,0.005713349741928533,0.015053818908842193
GWK60_D04873,1427.0080614456951,-0.0029247758583903134,0.14068388097056356,0.9761926691942057,0.9853755144217956
GWK60_D04895,1820.6089705880358,-0.7323820463311631,0.12564756727277288,2.0533578079581613e-9,1.354649354359349e-8
GWK60_D04917,3356.640261064372,0.22338302866406026,0.11232452283494743,0.03453166342654265,0.0725109769555756
GWK60_D04939,1729.515883389125,-0.04002227478220818,0.12262917436132927,0.731030079438473,0.8167777640644902
GWK60_D04961,200.11260007317304,-0.17843213678299766,0.23981761985847214,0.40441148812214983,0.5303302397909722
GWK60_D04983,3775.6868640967145,0.18839781548059906,0.10822477632703752,0.08415032296424102,0.15224112530728753
GWK60_D05005,288.4895166389526,0.4848890462919587,0.254025023779269,0.02975345108527639,0.06356913685753078
GWK60_D05027,131.06195971744455,-0.6218364507161377,0.3193138911665196,0.019697707984517074,0.04399768418971571
GWK60_D05049,3451.8327274297976,-0.33027141807834615,0.11089562279042814,0.0022846702238759303,0.006596812760647799
GWK60_D05071,1829.6299515723144,0.8157091121367226,0.1248203913194244,1.9517574264264398e-11,1.6212228354107772e-10
GWK60_D05093,0,NA,NA,NA,NA
GWK60_D05115,772.9254963359937,-0.13819963262888244,0.1511722028858097,0.3395748557463122,0.4659406554055609
GWK60_D05137,2171.0827478951965,-0.3162900277132324,0.1192164219939631,0.005938406721689128,0.015627698970291006
GWK60_D05159,1094.2766332928984,-0.4367221727130133,0.1395712685493047,0.0014093276244507686,0.004244126374205121
GWK60_D05181,1375.0118326007173,-0.04116006186153497,0.12888860281474918,0.7401612328905214,0.8233060635790906
GWK60_D05203,1466.3496052917974,0.8846500615765213,0.13614797728765068,2.2509836574198444e-11,1.8435626278370004e-10
GWK60_D05225,0,NA,NA,NA,NA
GWK60_D05247,2744.3361032836983,0.2321796817337865,0.11326008395770212,0.035259563420491344,0.07392136541664414
GWK60_D05269,3853.7729316169834,-0.3105643995390397,0.11473314949790406,0.005390900270786574,0.014308608593536502
GWK60_D05291,9.170894450072707,-0.09591954619787171,0.49970668796389484,0.6356095565441692,0.7385712813943075
GWK60_D05313,0,NA,NA,NA,NA
GWK60_D05335,808.1747893751831,-0.35257013661885434,0.1528017591641993,0.015696622371843823,0.036072045642987244
GWK60_D05357,2280.5535258972304,0.039335803432325595,0.12306666182523435,0.7445642941821096,0.826167638801349
GWK60_D05379,1370.6728581832092,0.9802532816779942,0.13431420886250317,7.083521188732389e-14,7.176330329548151e-13
GWK60_D05401,3109.932068836112,0.48524358581458144,0.11260899826578989,9.453293624376675e-6,4.15010506909764e-5
GWK60_D05423,81.10711980402795,-1.0810340812115293,0.4182189630290801,0.001516176732569761,0.004542482769146327
GWK60_D05445,2140.238439775527,-0.03451912147522366,0.11939879286114403,0.7652760716355128,0.8418036787990641
GWK60_D05467,748.820667290053,-0.25525040169351315,0.1535773363964713,0.0820496659662623,0.14899566977243556
GWK60_D05489,2204.3061958782464,0.527025414774073,0.11922395033249607,5.599591193896155e-6,2.5425432208554392e-5
GWK60_D05511,367.3783519385146,-0.12784042008402013,0.20129644901379576,0.49116785666315155,0.614895378651155
GWK60_D05533,1175.0037687762497,0.02315634286553106,0.13401070027928302,0.8597763318116968,0.9077718780453617
GWK60_D05555,800.3900346517911,0.5931899691490969,0.1609461268784428,1.1274641586397683e-4,4.2133664151584237e-4
GWK60_D05577,216.08357868214807,1.0246033061828197,0.26937097720665826,2.765409872474017e-5,1.1458254617390373e-4
GWK60_D05599,0,NA,NA,NA,NA
GWK60_D05621,2017.7525831559226,0.541004588573071,0.1212610611587633,4.850342170957057e-6,2.2195908733587647e-5
GWK60_D05643,2431.6010515100425,3.1670643786721198,0.14454744327396918,3.80003137537679e-108,3.917757837594345e-106
GWK60_D05665,6685.457906632353,-0.1855005691932618,0.10217109463755569,0.06280544088061636,0.12012611559881597
GWK60_D05687,1477.0787054973628,0.9613904689184558,0.13177985285666408,7.43824541493867e-14,7.50677435542179e-13
GWK60_D05709,297.47479393945844,-0.0033825179009832934,0.20544410728204068,0.984339574531943,0.9911255233414316
GWK60_D05731,2649.896985320087,0.05404348807678421,0.1139132383205583,0.6264141336239988,0.731901664999216
GWK60_D05753,1234.713253536931,-0.8690496736043395,0.1468305563171497,7.573025697830608e-10,5.198298840625761e-9
GWK60_D05775,1710.2057719184077,0.8024753299528149,0.1299004846458957,2.1204799680684922e-10,1.5593683457488296e-9
GWK60_D05797,1205.854470524495,0.10929668762597936,0.13353317039278034,0.40968002778301305,0.5350489643295278
GWK60_D05819,35.226388757141194,2.3672630889051685,0.6865914058618947,3.610383838353128e-5,1.4784578054564447e-4
GWK60_D05841,19.32402476125708,0.3229356389197328,0.5327997799399179,0.24304924140510786,0.35997132077399635
GWK60_D05863,1190.9389006791012,-0.1967240146364455,0.1342539114128937,0.12371847142326653,0.2076322128131297
GWK60_D05885,369.20910703581046,-0.46136021179859726,0.2029786202152925,0.013334964749661591,0.03139957216915389
GWK60_D05907,1073.3896617506641,-0.33973029335331095,0.14009415470449676,0.011519779264016993,0.027708599894877103
GWK60_D05929,7753.1102612902505,-0.39311190909235844,0.1033429910077308,9.70428735116455e-5,3.6577163363744235e-4
GWK60_D05951,1089.4483689891626,-0.1758480539637243,0.13844401735494638,0.17925531337498354,0.28168692101783127
GWK60_D05973,546.0870236106678,-0.26912241131250886,0.17001201054508555,0.09481868262457534,0.16752575041667242
GWK60_D05995,2620.550809073272,-0.015760646880052805,0.11342882444541914,0.8858341097940178,0.9269086068252629
GWK60_D06017,1402.426076427877,0.0063996907864148,0.13115315621967025,0.9376940883059391,0.9607888892188949
GWK60_D06039,2679.9910569716358,0.6439222407554716,0.11911776705950076,3.092441943901193e-8,1.833152169225758e-7
GWK60_D06061,6877.533735090805,-0.10943243800309588,0.11668572135287233,0.33505734507957324,0.46091094967887314
GWK60_D06083,3230.807466084936,-0.9861197597198543,0.11663188333649607,6.327951487292159e-18,8.553308205702358e-17
GWK60_D06105,13116.220560384096,-1.9691686319519672,0.10991021185404362,3.204550048821109e-73,2.2769627238785664e-71
GWK60_D06127,354.72554044721267,0.3323635414029804,0.20009280090502568,0.07483764456350546,0.1381385287267343
GWK60_D06149,0,NA,NA,NA,NA
GWK60_D06171,930.8357223332773,-0.4560855621393741,0.15195812468759054,0.0018437074039015066,0.005437023852896311
GWK60_D06193,229.568994081757,-0.08013339221577336,0.22570238585453573,0.6941800977749124,0.7888478396586318
GWK60_D06215,1093.458569064714,0.8592761332659224,0.1457971260456143,1.0907587709904212e-9,7.400270474667915e-9
GWK60_D06237,0,NA,NA,NA,NA
GWK60_D06259,271.9267586032172,0.8233291258782407,0.23565813162791213,1.3791606093915314e-4,5.060451140391258e-4
GWK60_D06281,0,NA,NA,NA,NA
GWK60_D06303,3495.11968064557,-0.5579014845947002,0.11478703322526503,6.111443648973895e-7,3.104731469208188e-6
GWK60_D06325,415.8506639885999,0.14663402992465863,0.1850501481644824,0.3920502881488385,0.5187217954420213
GWK60_D06347,2518.433199570585,0.08373188505265786,0.11800151092671735,0.4816180333823867,0.6066956443518422
GWK60_D06369,1443.2984180612418,0.3490928662185365,0.1360510089487131,0.007813308757465685,0.019798736118917866
GWK60_D06391,1609.0974659956978,-0.3730678493569939,0.12886197275498154,0.0027914936995620918,0.00794246421661119
GWK60_D06413,725.6593171967456,-0.6031926798008133,0.15948320884251976,7.350805467281992e-5,2.8440423213369175e-4
GWK60_D06435,0,NA,NA,NA,NA
GWK60_D06457,1404.0201763552614,-0.008893743608558,0.12941314716722374,0.9423344234817135,0.9631937164817536
GWK60_D06479,6521.133070673938,-0.5398854695274109,0.10373663439363334,1.1745474616177769e-7,6.569968673602416e-7
GWK60_D06501,5652.58114840813,-0.5649240129077139,0.10443429649571558,3.622289834079618e-8,2.128044686881635e-7
GWK60_D06523,715.4528005595294,0.9561455482845321,0.16228101108334766,9.415150008877905e-10,6.437562905940186e-9
GWK60_D06545,0,NA,NA,NA,NA
GWK60_D06567,8.363852672148008,0.5973246615710703,1.0082023066372026,0.028551307054298772,0.0611000295040712
GWK60_D06589,4458.4649533558995,-2.8135150834490665,0.11315480770488762,8.067578571067366e-138,1.3683654234410392e-135
GWK60_D06611,9341.671743540532,0.11992111560776644,0.10326810850856513,0.24701499530648824,0.3643504939062401
GWK60_D06633,4432.465716141115,-0.16552562124030162,0.11576332364608281,0.13710592524702533,0.22634315696981452
GWK60_D06655,109.5653623802389,-0.45918262151132244,0.32874841908237956,0.08571123477080086,0.1543918028177016
GWK60_D06677,375.2698318535689,-0.15146133008662632,0.19132120427579458,0.3970166489975646,0.5234487313012023
GWK60_D06699,615.0150852966937,0.4555475770292885,0.16692662291242524,0.004000973735520495,0.010888778416856502
GWK60_D06721,0.7575181447734833,-0.025569467814011423,0.5362303785615623,0.7480151708050651,0.8287112869981104
GWK60_D06743,15079.572796926663,0.10899724797883864,0.09854611319450134,0.26165175850427447,0.3803607813700512
GWK60_D06765,499.3829870366004,0.34618934188243283,0.1812516999720926,0.04197340320340736,0.08584058889284944
GWK60_D06787,1726.119291114344,1.6154801846977265,0.1282998203956617,2.7209147685027805e-37,8.723518202919281e-36
GWK60_D06809,4260.991484486011,-0.005713317815847222,0.10591840628288966,0.9579113489428006,0.972060612484358
GWK60_D06831,1162.0750310591961,0.1851077476060962,0.13672383051767348,0.1722455729151727,0.2726270988524919
GWK60_D06853,4799.520990644511,-0.9594129797191585,0.10694324201554416,8.637068527873096e-20,1.2938377868819585e-18
GWK60_D06875,499.78230602274846,0.15792516702209544,0.19088546882476634,0.36642640372582513,0.493006660898257
GWK60_D06897,2.2252509559813776,-0.05005664575327138,0.5290490774935505,0.6583698062723273,0.7581490235172793
GWK60_E00011,5.415340925774443,0.08357998466969685,0.5158173300197727,0.6313460376015964,0.7354048439763389
GWK60_E00033,181.05069193066015,-0.05716914413928745,0.24740140051025647,0.7929805041330511,0.8610683431822852
GWK60_E00055,109.18537538505959,-0.39470077142577015,0.3242883753722924,0.13380423349594864,0.2216580528423749
GWK60_E00077,306.18560338931184,-0.060250365362187676,0.20411117951790123,0.7482489547432959,0.8287956612682219
GWK60_E00099,0,NA,NA,NA,NA
GWK60_E00121,18.650143247912368,-0.0917089134272268,0.46525093643063065,0.6948690124373558,0.7888928880494532
GWK60_E00143,5.590937558493866,0.30157225600019505,0.6400667296697803,0.07134159165033022,0.13311358725955866
GWK60_E00165,1349.5488760874928,-0.3414071048883605,0.13136669138166357,0.007197772742051585,0.01844341572987682
GWK60_E00187,781.7494115057053,-0.047745722910522655,0.15120664472968529,0.7408773197157892,0.8237540594344723
GWK60_E00209,1756.0903006805092,-0.0198438151325898,0.12211759140181991,0.8641138097950147,0.9112535924392674
GWK60_E00231,6128.071136262303,-0.14018364257883573,0.10405650737954668,0.16535168312303813,0.26386013652835644
GWK60_E00253,1710.1344059733208,0.23731965179095377,0.12469860736428504,0.05066198373375818,0.10071104365674878
GWK60_E00275,862.0158332329343,-0.06785788145728323,0.14560303933180294,0.6239620652833759,0.7300383932487741
GWK60_E00297,1098.2604128271153,1.346446611471337,0.14973545954819256,3.25122981566307e-20,5.013186618990153e-19
GWK60_E00319,648.0685346338535,-0.010077319510683035,0.16380921870836643,0.9503053826072615,0.9674163991769568
GWK60_E00341,3841.750728461876,-0.6315607175128685,0.11354055941965235,1.3097129673830682e-8,8.054351792397863e-8
GWK60_E00363,467.49320565033236,0.8889468045053986,0.19298388704148386,1.0771129960486218e-6,5.292953395536124e-6
GWK60_E00385,405.89033487414576,-0.05951775461823139,0.18550188010626878,0.7336578704564416,0.8186700090959189
GWK60_E00407,330.3431946463042,-0.47456354932165834,0.21824898584721814,0.016842619708855935,0.03833701057539589
GWK60_E00429,808.1151944468797,-1.5233974585842402,0.15799332482841177,6.289930969473066e-23,1.1563796166954329e-21
GWK60_E00451,2701.127171448235,-0.21693007095486547,0.11521748074475364,0.05191386319335525,0.10256222447960096
GWK60_E00473,3425.355176155769,-0.1919040147115253,0.11914542654290698,0.09845938287039176,0.1725089753857114
GWK60_E00495,1582.3977896088795,0.26476327644590525,0.12587650351508428,0.030355049490945134,0.0646967370179933
GWK60_E00517,5999.712661087812,-0.16495057376556962,0.11008910358943615,0.12378838741577744,0.2076832613376381
GWK60_E00539,860.7470498798812,0.3558907152222808,0.14827779925949167,0.01233494048573489,0.029373694326990062
GWK60_E00561,9972.608511807204,0.37009917175180135,0.10045161420818642,1.738279083716511e-4,6.217599606926133e-4
GWK60_E00583,2199.955887328157,-0.6325576415007045,0.12844899574648774,3.8461757367726774e-7,2.0162703912214097e-6
GWK60_E00605,0,NA,NA,NA,NA
GWK60_E00627,4956.496356342524,-0.14147300345690425,0.10587137066768236,0.17067117102013044,0.270623949705623
GWK60_E00649,19197.63537517804,0.15111983271446264,0.1217472913610067,0.20057316087408322,0.3078265265253735
GWK60_E00671,1197.7888771540775,0.009020246685735873,0.16249274898945434,0.943251533267948,0.9635179151103961
GWK60_E00693,4452.806596254158,-0.22723756791173036,0.10599765822982761,0.02742318692320551,0.05902215179787744
GWK60_E00715,2539.1685763099454,0.2639604668221857,0.11492722432106099,0.017225571640421312,0.039060621098445755
GWK60_E00737,2751.0264697242646,-0.6131382587527715,0.11782088719732102,9.046898180103542e-8,5.114902218385422e-7
GWK60_E00759,2417.8157697907527,0.8142020561692461,0.11827122059379636,1.8394204172857816e-12,1.667529750704938e-11
GWK60_E00781,2941.8673522387235,-0.2914212635310263,0.11507076791521874,0.009225894475661765,0.02279503757649189
GWK60_E00803,150.47237337424713,0.45139957336327036,0.2855390580741554,0.0651395546394562,0.12382638405432418
GWK60_E00825,658.5961653695865,0.12614717210677265,0.1616049419672085,0.4131156276792953,0.538864294303581
GWK60_E00847,2180.0778916146796,0.8324587371082915,0.12039252534284729,1.433635627027721e-12,1.3155420814854725e-11
GWK60_E00869,487.5916903234515,0.35279531762550326,0.1793356969655567,0.03654338899583576,0.07636511774337944
GWK60_E00891,1133.3252340247427,0.15675548431687306,0.13632969658821356,0.2390707583800892,0.35489385871330015
GWK60_E00913,13969.292353727655,0.2793831160022466,0.10336429690845693,0.003823513160836937,0.010454514924430896
GWK60_E00935,1015.4876476248185,0.6777415564574912,0.1443686544295013,1.1095195583429032e-6,5.43695604638116e-6
GWK60_E00957,38004.048402259374,0.27798701446213303,0.09515786314347092,0.003325322883045446,0.009280545498435752
GWK60_E00979,5665.838313574534,-0.11107142341844208,0.1028963179287955,0.2537503822997922,0.3715560780557244
GWK60_E01001,3196.1618557383354,0.3823092195048182,0.11545816856094746,6.722624447623914e-4,0.0021553389844882038
GWK60_E01023,758.71006531718194,-0.7332514141880426,0.1691275159927898,5.484887133715606e-6,2.4947695976709912e-05
GWK60_E01045,3203.0562451595047,-0.17148753118967558,0.11715264305501373,0.13260408076609165,0.22008593960483266
GWK60_E01067,2594.71351705694,0.1625489137573332,0.11392395999054014,0.14460095804402465,0.2361950411293823
GWK60_E01089,1223.3466358668088,-0.8464184921883566,0.13761349103097004,2.242664363683198e-10,1.6400457891858491e-9
GWK60_E01111,2806.1643141218537,-0.019889937020704296,0.12499079029739381,0.8602881202558548,0.9079475986160748
GWK60_E01133,3147.350238047493,-1.7760281223384589,0.12608075640619065,3.655610126945275e-46,1.501656097459239e-44
GWK60_E01155,2891.2896651248843,-0.10667617379800878,0.12235230583526462,0.36876737665191606,0.49501630493637344
GWK60_E01177,628.9697869439289,-0.8969996444844853,0.1696057083678993,3.2587053031857465e-8,1.9273647338752142e-7
GWK60_E01199,1526.1363382123614,-0.12836970896702538,0.13167916137279323,0.31152820448271806,0.4352950569147307
GWK60_E01221,11906.901614991786,0.14603355305509774,0.10059345521736862,0.1375321791275888,0.22697557999148207
GWK60_E01243,1665.6915898766185,-0.03070442486883065,0.1314879090848121,0.7954506044358373,0.86254470573801445
GWK60_E01265,1476.8618188701646,0.03903999500825776,0.1272010383535358,0.7422948892461593,0.8246692927273936
GWK60_E01287,225.48451029769979,-0.8919717643411176,0.2536845466823711,1.0935085620161033e-4,4.09520514179535e-4
GWK60_E01309,897.6901318755416,-0.21882488597084016,0.14565573425943806,0.11855281510571046,0.20056328887574826
GWK60_E01331,690.0541691759317,0.09450523526112894,0.15621716449600595,0.5290595447851814,0.6482859674855473
GWK60_E01353,2202.099194883947,0.4758199477198008,0.11944994319065297,4.292213310466349e-5,1.7333684782205885e-4
GWK60_E01375,522.0052948228017,0.18246103039038628,0.17485151634519863,0.2690868204422723,0.3883772994470128
GWK60_E01397,5481.886236266641,0.7176673685761799,0.11876872709434792,6.09944766740415e-10,4.230988896465834e-9
GWK60_E01419,977.8537199054516,-0.20649042275170054,0.15070398844420946,0.14915230982425695,0.24227458914301608
GWK60_E01441,1107.4348444773518,-0.6838386981626018,0.15758823019650217,5.357753921760266e-6,2.4411672548193657e-5
GWK60_E01463,2453.870554158592,-0.19974425424991718,0.1153243035397038,0.07480482441230299,0.1381385287267343
GWK60_E01485,1694.816300206597,1.6466459920062821,0.14992474915985363,3.750644466049266e-29,9.346392702600493e-28
GWK60_E01507,457.01621284223415,0.5349183077016093,0.18577317917559907,0.002138236129882903,0.006214950564358376
GWK60_E01529,58.723345322442526,0.19312932686789977,0.3664242185028155,0.4818514399662502,0.6066989634440957
GWK60_E01551,667.1770620829731,-0.6635711342169235,0.16458675884020865,2.3006015694597443e-5,9.654080648219741e-5
GWK60_E01573,3826.811659724574,-1.3105917352749024,0.11070992553731324,3.431787066432278e-33,9.398091872552561e-32
GWK60_E01595,308.6912348587162,-1.1493732753082053,0.22439105202300247,5.2176206296145684e-8,3.021393091466234e-7
GWK60_E01617,1225.1674251403192,0.14233772983519302,0.13817455423747219,0.29430433551442864,0.4161948698262164
GWK60_E01639,291.2171235901901,-0.21530802834986817,0.21796713636873072,0.2773902790865117,0.397741501891704
GWK60_E01661,1136.9766394364613,-0.4537835075302881,0.14104682039891092,9.883889612438686e-4,0.0030732993247902197
GWK60_E01683,1000.2598768891991,0.8133486727175175,0.15022433391480697,1.910401216010819e-8,1.1545850107798719e-7
GWK60_E01705,1011.1505915945855,0.6201705015595886,0.14399553546984623,7.289657676211942e-6,3.253736847327877e-5
GWK60_E01727,4460.220727704103,0.12636040109460173,0.10551698183117351,0.22322171738849192,0.33563048041998583
GWK60_E01749,6252.955794561999,-0.1452362748585164,0.10294500503643383,0.14978234860189327,0.2429977133442625
GWK60_E01771,27086.816305248984,0.3428782330827899,0.10219473086162423,7.915100399022584e-4,0.0024980550959220137
GWK60_E01793,35878.95537520999,0.5397326035674663,0.10196785067132863,6.764289358459792e-8,3.878585981110315e-7
GWK60_E01815,2558.3924438314807,-0.042182618993029344,0.11437755331715405,0.6944261186721217,0.7888928880494532
GWK60_E01837,130.81295121203541,0.1059499558124473,0.2768381760414108,0.6572917793453326,0.7570734229567927
GWK60_E01859,1039.0549850790208,-0.2835219794824178,0.1558063394107355,0.05479882007427962,0.1074719119547043
GWK60_E01881,1113.8145213604544,0.08388362513484256,0.1437247520325658,0.5590766022025911,0.6751026034316904
GWK60_E01903,382.48628761040425,0.1182825919082513,0.18933527895421137,0.49584334534104546,0.6195685146870763
GWK60_E01925,481.40439806439997,0.6720855977044632,0.1868256282035991,1.3011348529746842e-4,4.800959338204133e-4
GWK60_E01947,1065.7580209804257,-0.15570076093103308,0.13992935937387088,0.25086288969593024,0.3685490567256779
GWK60_E01969,156.0634610915293,0.0741946749187534,0.2596276930364603,0.7458771945890865,0.8272141508435809
GWK60_E01991,11.879404239748347,0.02124358736383373,0.47665127902631477,0.9266980090037054,0.9542584090895828
GWK60_E02013,1104.9645469204468,-0.4022963301737477,0.14597008836918643,0.004005282365722218,0.01089486532797073
GWK60_E02035,4936.067154351206,1.0609654154522246,0.1153773306084957,7.281398162999488e-21,1.192697555795991e-19
GWK60_E02057,0.24207775540632925,0.017558991268987734,0.5387378817114317,0.7975558976717994,0.8634031109652709
GWK60_E02079,3935.759307269277,-1.8125429839818115,0.11125378111928112,1.1096458461549998e-60,6.141597746403146e-59
GWK60_E02101,2798.854370402374,-0.12132752451424751,0.11316799590119445,0.27103465191579446,0.390759583156909
GWK60_E02123,3778.109993580819,0.11092804323081407,0.11231222893499179,0.30845024608044846,0.43202754232578533
GWK60_E02145,1379.0111018163766,1.1099731865284035,0.13556909614282078,4.935681607832006e-17,6.2989839548496815e-16
GWK60_E02167,286.72962736217556,-0.03086299394601422,0.21241179410784683,0.872839916620359,0.9165952230057615
GWK60_E02189,301.3468155850178,-0.17053357042858958,0.2071602744073766,0.37079850549985094,0.49724797410575594
GWK60_E02211,1164.4478286204744,0.4093120106891414,0.15531749309038562,0.005650188207057675,0.014921491508141265
GWK60_E02233,1209.529024427285,0.14126517882466527,0.13417988868798905,0.28966488257744205,0.41074917815323364
GWK60_E02255,587.8126086942655,0.27423136774355794,0.18062094317497418,0.1054024561615289,0.18272539218507056
GWK60_E02277,4105.92431725409,-0.34501649833272363,0.10805565811967463,0.0011218601029672056,0.0034515742664725383
GWK60_E02299,825.6695849629211,0.019605893177404233,0.15284112299823213,0.8933112879104089,0.9316704325118389
GWK60_E02321,5676.775751814679,-3.2574829188287713,0.11296167251218421,3.073882788109926e-184,9.507338646989408e-182
GWK60_E02343,534.564024423791,0.010221226457302052,0.16832856202512636,0.950876488258429,0.9678104094585404
GWK60_E02365,1713.56091648589,0.2893065147493702,0.12414899190669325,0.01634552085331229,0.03731860557825273
GWK60_E02387,1607.7135199490026,-0.1967153527983965,0.12851722521758793,0.11294778155099666,0.19319435113700079
GWK60_E02409,1971.5596290640212,-0.29017275135239956,0.12368328871283633,0.01550562064870713,0.03571114908931322
GWK60_E02431,338.0390232073008,-0.10385830844216892,0.19756439087904049,0.5759564567325727,0.6896786721703182
GWK60_E02453,1371.4355028718653,1.0691275826303555,0.13551631256193716,7.001557992802386e-16,8.091031192561527e-15
GWK60_E02475,1018.581641463595,-0.3945123447013739,0.14322682013891744,0.004837829840140871,0.012951786812352697
GWK60_E02497,1483.250225946657,0.4106553912161358,0.12961220277598806,0.0010675982907090292,0.003298138550263264
GWK60_E02519,8423.713685511575,-0.08675781787418518,0.10274365211517812,0.39126476890210865,0.5179431407067693
GWK60_E02541,1280.0048121503269,0.049872923168276545,0.14096462709670415,0.7149421993358117,0.8044438442344742
GWK60_E02563,5696.333573068569,-0.3471130258549882,0.11050049877623913,0.0012757140635601212,0.00387504595389897
GWK60_E02585,1326.4711056170024,-0.1416567978530409,0.13046244486580316,0.2689003199402726,0.38832130795000086
GWK60_E02607,393.7354013321102,-0.018101729921994568,0.18983622538879583,0.9359272484236316,0.960028379284326
GWK60_E02629,3858.516846184646,-0.1256437495210708,0.10828763857227071,0.2332799639639694,0.34786898766946994
GWK60_E02651,392.42800228349427,0.780265502621235,0.20051845475853056,3.4586595691620804e-5,1.4196434047349115e-4
GWK60_E02673,1012.54620248166,0.37902332903012453,0.14179988296961862,0.0054844225476967014,0.014542155197069721
GWK60_E02695,2437.512817723746,-0.060640274267803135,0.11718659994403122,0.5762978233820328,0.6899303177009857
GWK60_E02717,1245.707558426128,1.9683882420328929,0.1450958004803147,5.325561360671509e-43,2.043927126599328e-41
GWK60_E02739,804.2855322852738,0.5908453148071932,0.15653828238715503,7.829312737895777e-5,3.0092490040830406e-4
GWK60_E02761,1077.9646386012532,-0.1820145556545346,0.13915424461845421,0.17320571571494345,0.2735703374073814
GWK60_E02783,375.3161737846017,0.13010730987990898,0.19049112827011588,0.46606263150187616,0.592208148003109
GWK60_E02805,866.233178808488,-0.9112458239004992,0.15793703289383804,2.0023681671831683e-9,1.3226698270162184e-8
GWK60_E02827,2110.1109582923805,1.256943983675123,0.12236639202001916,1.5347995746998324e-25,3.29386782194764e-24
GWK60_E02849,0,NA,NA,NA,NA
GWK60_E02871,2530.495429544615,-0.5214501000821579,0.13101640165702289,3.697343245478288e-5,1.5128895552315048e-4
GWK60_E02893,10993.73788599572,0.2047231256207985,0.10557431811091614,0.05085732558581903,0.10090861053971187
GWK60_E02915,1436.075438491768,-0.24576616004796362,0.12983227722455926,0.05069100538341639,0.10073065242101413
GWK60_E02937,7649.654747232667,1.112820847429945,0.10309197588775594,2.2154753376755046e-28,5.418125267673397e-27
GWK60_E02959,781.9795810389942,0.6517162150863546,0.1619147226745887,2.419520003863322e-5,1.0120792506215868e-4
GWK60_E02981,7636.043002154164,1.1807186978562574,0.10585595484745844,1.1787312334757599e-29,3.0381219733409535e-28
GWK60_E03003,1861.2595392193784,-1.6660332882962274,0.12598810148637785,6.664500328675624e-41,2.351808236790364e-39
GWK60_E03025,5170.425216795039,0.2760680276070271,0.10988854204023814,0.01035424754019785,0.025263403047034942
GWK60_E03047,1055.9642388522948,-0.20415104030718667,0.14440128380638984,0.14071298288429035,0.23113678975495114
GWK60_E03069,0,NA,NA,NA,NA
GWK60_E03091,754.4046809668846,-0.7096208797043604,0.16053363560623438,3.720028984708564e-6,1.7340347873756765e-5
GWK60_E03113,2.05059321301307,0.07542579398708972,0.5373339555074954,0.49653205981238313,0.6201343397846818
GWK60_E03135,0,NA,NA,NA,NA
GWK60_E03157,1092.978836887434,-0.23510578628936005,0.13944236229639112,0.0795793653240201,0.1453380697720381
GWK60_E03179,1889.622136185752,-0.5821284965040884,0.12336499956526376,1.1821462371934968e-6,5.7820696885240985e-6
GWK60_E03201,2331.913377540798,-0.2256358615133182,0.12078804307623764,0.05221442862561914,0.10301818600882005
GWK60_E03223,157.13906891118822,-0.21308834992928424,0.2639720860378322,0.3517350550116951,0.4781067802640189
GWK60_E03245,1389.4283661078061,0.2063023041029339,0.12989028258575924,0.1029732056069389,0.17898615374587926
GWK60_E03267,933.2386371039588,-0.040991677807007375,0.14273083263756747,0.7595447112329824,0.8376019487548283
GWK60_E03289,5987.329820351857,-0.14180441871722851,0.10467317362714035,0.16345851045993104,0.261156137343761
GWK60_E03311,0,NA,NA,NA,NA
GWK60_E03333,925.1572011390447,0.12004924106599697,0.14678426983607104,0.39614719754810807,0.5229580629445022
GWK60_E03355,625.9862987668492,-1.2258234041218181,0.17188396628086397,1.5887005275485898e-13,1.5584677936288217e-12
GWK60_E03377,741.2347663099853,-0.2573994792161128,0.15855872519197226,0.09070253333893243,0.1617754139403347
GWK60_E03399,1306.945057533797,-0.8300206750651529,0.13719555202083886,4.3832317801902107e-10,3.089414571077765e-9
GWK60_E03421,1785.9913127495702,0.27691176392414885,0.12378354043919479,0.022047131436956385,0.04868702943952821
GWK60_E03443,664.1428482462258,-0.08931785206061571,0.16153716825107942,0.5602305000384169,0.6760826185912316
GWK60_E03465,832.3927736790324,0.45566000579191435,0.1542107373260665,0.0019833091870630646,0.005809604292800888
GWK60_E03487,818.0697080729935,0.02408838121936028,0.15303513731987964,0.8699930279161634,0.9148758287797571
GWK60_E03509,930.4488197767052,0.47447976455793395,0.14939886040425274,8.997950699344514e-4,0.0028161997748357612
GWK60_E03531,2215.4531145462006,-1.2091324789442899,0.12184601602959454,5.842877271688095e-24,1.129479731416765e-22
GWK60_E03553,3494.38045297206,-1.9412945148433327,0.11313355243499239,4.7908381099276855e-67,3.0719788758536307e-65
GWK60_E03575,1533.868923385148,-0.21637523358215968,0.12651088536041719,0.08051004069423061,0.1467005620629866
GWK60_E03597,143.58380478540965,-0.08462485992810277,0.2753654325604658,0.7177699259140082,0.8059009759675113
GWK60_E03619,342.15898654329703,0.38170875673430943,0.20463742799341939,0.04257060222240498,0.08685922642041342
GWK60_E03641,41278.766905949065,-0.1653366869407263,0.09846456388698592,0.08704376440346716,0.15641699016863647
GWK60_E03663,4020.85564997378,0.15226663652229822,0.10690355672823042,0.14657319261970872,0.23867508417294162
GWK60_E03685,2652.491270576425,0.1899699568509179,0.11377731060668049,0.08857541024411054,0.158735346647421
GWK60_E03707,234.84173036718315,-0.897863031430998,0.24993846048498636,8.104616059428299e-5,3.1059818688392124e-4
GWK60_E03729,651.9433237598621,-0.14390541811202245,0.1590664718655917,0.3418206041066419,0.468044983435605
GWK60_E03751,5480.138219415796,0.12297207188488503,0.11388285455569211,0.2674893077465867,0.3868148460207791
GWK60_E03773,2165.535851851804,-0.3784424166390625,0.11873858698521837,0.0010584782311880267,0.0032738109056392023
GWK60_E03795,1776.2305694135507,-1.859653097441817,0.13982008102078847,1.3741429098069658e-41,5.017530152614601e-40
GWK60_E03817,846.875659173024,0.08453309656231035,0.1475359481769643,0.5521474048781964,0.6690921997809534
GWK60_E03839,1940.850555702587,-0.06428743293417294,0.12068025369312427,0.5796745760739883,0.6922391371785217
GWK60_E03861,425.01900459204575,-0.41221332330018134,0.1883588161974092,0.01901757536498956,0.04275092401415781
GWK60_E03883,646.5186817704844,0.15967437936767614,0.15934785405877938,0.2948854585801655,0.4165791889345809
GWK60_E03905,738.287991001356,-0.37519969916391793,0.15564692048992024,0.011672749707368769,0.028038062111167193
GWK60_E03927,356.9269200185262,0.4064563775597494,0.20650297809400317,0.03249824043294723,0.06875266673471483
GWK60_E03949,806.3531312505112,0.05865338491413144,0.15685145627888042,0.6965989090022908,0.7896205415495164
GWK60_E03971,873.8928482867359,0.398133291209984,0.14842212945035962,0.005129296064202294,0.01365561453446869
GWK60_E03993,1757.1669597392656,-0.10796054835168811,0.12952616522501995,0.3893337675379032,0.5161666539874673
GWK60_E04015,20992.959199297606,-2.3767881408687375,0.10571167053664485,2.395334452939035e-113,2.6797167135220096e-111
GWK60_E04037,2320.3245645828015,0.5672588410274831,0.11823981672070748,8.528427785705441e-7,4.23042200917351e-6
GWK60_E04059,2108.05746997616,0.0902216598699045,0.12568449243245547,0.47327126049108736,0.5997735087158682
GWK60_E04081,894.9550007133004,0.29123794354786847,0.14610532676954224,0.038041418703410046,0.07896635591888276
GWK60_E04103,643.4645486926786,-0.24020077436725296,0.1684998689227512,0.1304904390870227,0.2170574908951488
GWK60_E04125,1273.2102292014692,0.11700328447903681,0.14015026567213454,0.3852331527337457,0.5126691766828739
GWK60_E04147,17.43961662589709,0.8741980404205439,0.9615922470739843,0.03229120195214399,0.06840738914761205
GWK60_E04169,1037.947380280654,-0.34003909429170265,0.14947197709454138,0.0173219497598299,0.03924119424264783
GWK60_E04191,531.8703408466855,-0.1680249001816159,0.16976367326421382,0.29446351999199355,0.41620677099943604
GWK60_E04213,1180.5589747432755,0.4901987565316596,0.1378327949329078,2.57809859850512e-4,8.883120859069411e-4
GWK60_E04235,79.92340769721538,0.10445425578170149,0.3375566084139743,0.6914024240654655,0.7868818064364107
GWK60_E04257,36.44929876838168,-0.026775982655115382,0.40404819781767465,0.9172009543027644,0.9471018495137343
GWK60_E04279,2503.821835403774,-0.2798521935474604,0.11518052594579795,0.012355063278791127,0.02940829457667892
GWK60_E04301,1817.71587012271,-0.22901616127566962,0.12216963604696725,0.05398589104627073,0.10607541671199233
GWK60_E04323,8655.411104587085,0.11456672523362288,0.12130361912319604,0.3313805792391224,0.45720259397515234
GWK60_E04345,1447.4608206308292,-0.218608646358982,0.13086628399273734,0.07642738523157606,0.14045969645145995
GWK60_E04367,1278.342001385223,-0.17490736559938938,0.13212620547069234,0.17309292580463959,0.2735546135779106
GWK60_E04389,2367.637334696232,-0.4587981727827307,0.11716518267108511,5.5103693086295215e-5,2.1883324641067996e-4
GWK60_E04411,186.02865839103472,0.25724761977813704,0.25432235482851306,0.25097691015665946,0.3686135736323228
GWK60_E04433,0,NA,NA,NA,NA
GWK60_E04455,6939.298063629734,-0.02145567618722122,0.10438401881910123,0.8270468407158937,0.8835051378472509
GWK60_E04477,1718.5026439849687,0.0812843044140683,0.13118065803832288,0.5396884589109023,0.6576319622140265
GWK60_E04499,2537.575960368799,-0.20224089896043218,0.11588889759224281,0.0732626492770402,0.1361450561235916
GWK60_E04521,615.0481032884948,0.3176800629368663,0.16411849318228172,0.04313139793473678,0.08786706328587601
GWK60_E04543,25.523378629253013,0.19340579332071942,0.4539407114057023,0.4740963387965985,0.6002913554361035
GWK60_E04565,1194.9819580776434,-0.18915023508682433,0.1370000676117274,0.1413969311642256,0.23211522449625296
GWK60_E04587,1721.466415518691,0.47035740438619433,0.1268617564251975,1.4062400988250657e-4,5.145449157705077e-4
GWK60_E04609,3120.020507046813,0.22648237648711525,0.11464664064344929,0.04387491529632612,0.08920893450428566
GWK60_E04631,1226.8530213720553,0.24845022290167085,0.13379248287102688,0.05823097989895171,0.11281447763768904
GWK60_E04653,1073.9706103530739,-0.3529299000597788,0.13926991431456517,0.00916882192503489,0.022707757360350668
GWK60_E04675,1743.3323806771036,0.040547444553131536,0.12302771375644007,0.7500580568065061,0.829925349892384
GWK60_E04697,26448.97348394855,0.024579401085961183,0.10005668099493815,0.7834651797963901,0.8543052499729198
GWK60_E04719,7628.415370108323,0.05919149696586576,0.10062177903679247,0.5433677296862438,0.660745101248231
GWK60_E04741,2145.14728077192,-0.08594904944286536,0.12001191681579577,0.45708912948819275,0.5833517376620493
GWK60_E04763,1677.787834934301,-0.19978940231101366,0.12432427253054826,0.10058632969581521,0.1753590588662455
GWK60_E04785,974.6862868504572,-0.2609621022454739,0.1421289458800766,0.056516640806312086,0.1102242200888683
GWK60_E04807,220.68152492835767,0.3158793583909777,0.24464753641032122,0.14863196005964346,0.24157862318194911
GWK60_E04829,601.3178642255834,0.6225375889342617,0.16959747373349515,1.169020188443908e-4,4.359367482863878e-4
GWK60_E04851,2695.714707800506,-2.367537181549429,0.11900516751051535,3.9350214168152065e-89,3.4351226055715405e-87
GWK60_E04873,2371.060655794992,-1.6200254736988182,0.11981036155106989,1.3184213311750758e-42,4.951613828084677e-41
GWK60_E04895,1357.931743764771,-1.4944017626141584,0.13549209131741596,3.2156225434984606e-29,8.05130634938805e-28
GWK60_E04917,206.3752218911389,-0.24480738087534135,0.242404123755911,0.25612197258295893,0.3739764875982222
GWK60_E04939,462.5802233612275,-1.3736391655855482,0.1933387200363529,1.670701477394502e-13,1.6358563069162554e-12
GWK60_E04961,1130.61419112301,-0.7813213273456198,0.16367743801083293,4.961994996913568e-7,2.5628850386808974e-6
GWK60_E04983,1933.6408483796495,-0.21971707461003862,0.12167242040522615,0.06316500464831176,0.12059607641278985
GWK60_E05005,6519.959266019832,-0.37309902362826625,0.10440753953850421,2.3899231129560967e-4,8.305496185012e-4
GWK60_E05027,273.7495879408341,0.18350717334673075,0.2220764743342983,0.3621933605944582,0.48876552727172873
GWK60_E05049,12611.378151392179,0.5167915206287534,0.09960056358539246,1.0581580209832837e-7,5.94422529308772e-7
GWK60_E05071,3200.2576424296926,-0.0695164302849196,0.11015049032204123,0.5197746289222926,0.63899345309175
GWK60_E05093,1356.84201575093,0.2361049523340236,0.1304969674535022,0.06077836233041144,0.11680286152533016
GWK60_E05115,148.44887257984246,1.2148423614764212,0.3118007335782993,1.4713429058934682e-5,6.315364080969678e-5
GWK60_E05137,2208.757464012511,1.122408941223433,0.12347580127878201,1.8684324761478733e-20,2.9502156034791344e-19
GWK60_E05159,6030.430910916854,0.7599148449717348,0.10614174877176415,2.904339921278468e-13,2.812342413643128e-12
GWK60_E05181,791.7736411586626,0.5507664328804129,0.15444347399480227,1.9283290432704206e-4,6.841534486852815e-4
GWK60_E05203,0.23406845551404099,-0.018035937902739278,0.5388751877887962,0.7932702651911353,0.8610683431822852
GWK60_E05225,1025.376999234105,0.07791345566560547,0.14057828036409178,0.5693787070269261,0.6836705278711069
GWK60_E05247,1462.1454220662017,-0.4959472170417652,0.13176315248540804,7.393446865598014e-5,2.858437030831938e-4
GWK60_E05269,8149.615101020949,0.07691320911920395,0.10008048923408834,0.424690043802668,0.5510908811239952
GWK60_E05291,210.3380884232518,-0.8722519362656621,0.2659095475751808,2.599539582696585e-4,8.951132367923146e-4
GWK60_E05313,716.4576437973892,0.18449203749952936,0.15799421806038752,0.2276265465763076,0.3409858637886682
GWK60_E05335,2722.734528756595,1.1595539855661825,0.1166810785774049,5.5838846574290896e-24,1.0874098343985984e-22
GWK60_E05357,394.0102387977571,0.21298835774860198,0.18962843510271044,0.22468328789296352,0.33732581795687994
GWK60_E05379,358.02255297084724,0.03565330267753217,0.1926905558787075,0.8441114014493611,0.8960908033153122
GWK60_E05401,3900.9428264901244,-0.11558684263284007,0.10742304434282433,0.26793676997767524,0.38724891053947674
GWK60_E05423,2292.5327621604083,0.9502165972046822,0.1195218850014899,4.74556752421608e-16,5.5449320094062555e-15
GWK60_E05445,412.43273293371374,1.0431237249768075,0.19905808070012795,3.404470131466717e-8,2.0090576825198647e-7
GWK60_E05467,1289.436732068984,0.11065997274563476,0.13114799947159794,0.3954593758056615,0.5223123330786658
GWK60_E05489,1114.275440092608,0.24267941743711358,0.13820809860264663,0.07361261348599689,0.1365273797916655
GWK60_E05511,4446.463381488395,1.158451977722601,0.10933193164690597,6.303614088818839e-27,1.4348226354549548e-25
GWK60_E05533,5756.035804520941,-0.25011745505428834,0.11412056484621973,0.02444140167969397,0.05330273331888465
GWK60_E05555,336.0942425687045,0.08146618181185424,0.20029929264340288,0.666797682120989,0.7661761828217133
GWK60_E05577,4164.758386407836,-0.11789678491215055,0.11963382991071371,0.3131824873623725,0.43690992797860295
GWK60_E05599,196.7746191918132,-0.13960788407230737,0.2528536668814736,0.5276806105243143,0.6467470046939031
GWK60_E05621,728.8268630094298,5.544044654687927,0.24538349413988486,1.1119468657719902e-113,1.2710036130932878e-111
GWK60_E05643,897.579664143128,-0.5654822176840489,0.14871199857935966,7.33659383009765e-5,2.8440423213369175e-4
GWK60_E05665,2086.0330936499627,-0.04768055706411246,0.11949563894787653,0.6815399725137914,0.777900131218976
GWK60_E05687,1754.689557403433,0.005448065808904521,0.12266807484489957,0.9839463885131124,0.9911144539062143
GWK60_E05709,473.51936157732246,-1.936847035688731,0.1942741834866172,1.6514141961163212e-24,3.3525621016137516e-23
GWK60_E05731,0.2695776628968236,-0.019871795388773112,0.5388577705767508,0.7916404957177876,0.8610683431822852
GWK60_E05753,450.5091642216499,-0.6836597931520803,0.1922582511693613,1.5112174225121114e-4,5.487556082575056e-4
GWK60_E05775,47158.680802679155,-0.774817169409492,0.09682437374926824,4.3982139797717468e-16,5.173559084035759e-15
GWK60_E05797,3087.997183119585,-0.17695173014854368,0.11315453353563173,0.10849636327125882,0.18685682216845034
GWK60_E05819,327.59564725241853,0.0503146551896426,0.19953635515632728,0.7943519564853211,0.8617684273865139
GWK60_E05841,1209.6443854285678,0.2259971295846818,0.14046816516845617,0.09939419864498499,0.17356848106121922
GWK60_E05863,6635.4486844864505,-0.29103217497760986,0.10198654330657334,0.0034664443582980613,0.009638585106256587
GWK60_E05885,190.52861725080606,0.011352527997737878,0.2403655251297976,0.9598564053993318,0.9731826030832408
GWK60_E05907,2357.840817896696,0.6585329846019647,0.13165752760801566,2.3407114649640054e-7,1.2597196399980286e-6
GWK60_E05929,80.23330531039822,5.801064099097243,0.7396963988097011,2.0226836984062825e-15,2.258019296437417e-14
GWK60_E05951,858.3167305436073,0.4898553537879229,0.15273908122912713,7.983726366845e-4,0.0025151847355824454
GWK60_E05973,1767.9954012158744,0.27587769886915725,0.12957030036283051,0.02819113299454764,0.06045227458618739
GWK60_E05995,127411.36628432272,-0.5257299336493222,0.09493026238367344,2.0107381057423416e-8,1.2124381834854625e-7
GWK60_E06017,390.9917305387505,-1.381916645067213,0.22021886502524146,3.992102966629551e-11,3.142287035709308e-10
GWK60_E06039,11.34669339759513,-0.4813388516555518,0.749537082514366,0.06710021373361687,0.1266832760543474
GWK60_E06061,1632.0205773246325,-0.7332137072243804,0.12768888276860607,3.4035983915009285e-9,2.2093975731496152e-8
GWK60_E06083,881.5901826439025,0.27808274112791165,0.14696596835306666,0.048914074346500754,0.09771664244449124
GWK60_E06105,1443.0914079593929,0.43541498858809374,0.12989150543131392,4.60412223627906e-4,0.0015312128221603603
GWK60_E06127,5826.269842670531,-0.3526992881866565,0.10363592441710398,5.145777122763132e-4,0.001690419090830758
GWK60_E06149,1905.9963509941879,-0.5188867462453162,0.14103624317051608,1.2691549901750466e-4,4.697817233645642e-4
GWK60_E06171,2202.07218669227,0.4133441331542322,0.12512022803021047,6.509434510209223e-4,0.0020936064143035065
GWK60_E06193,975.5606075167419,0.04757998742973415,0.14147892499806156,0.7342194319120139,0.8190930822483721
GWK60_E06215,255.73965052893135,-0.07656949699106143,0.2201826526486496,0.7014260825662986,0.7936580978588097
GWK60_E06237,688.7921945972703,2.7888627368894787,0.1808058157315479,7.496605426303119e-55,3.754014412523981e-53
GWK60_E06259,2.241582519016326,0.11435053355872819,0.5484833780638373,0.22593134928863925,0.33883258258975046
GWK60_E06281,0.9801052925816065,0.05925764443256954,0.5420112874722872,0.3842780908648886,0.5116571794802696
GWK60_F00011,2.2769653318851946,0.12284107010770427,0.5511326554125748,0.24317575720601656,0.35997132077399635
GWK60_F00033,0,NA,NA,NA,NA
GWK60_F00055,676.5155761216668,-3.8397300287667178,0.19796954316563176,4.926807390041999e-85,3.9250232207334596e-83
GWK60_F00077,243.25969873438268,-0.6997015899275864,0.2419213855918476,0.0013690526153144124,0.00413819985140898
GWK60_F00099,4194.103040525151,1.3935833003928448,0.10929169774764978,4.6365264497965963e-38,1.5429655742424367e-36
GWK60_F00121,4579.839674784704,-0.27775971086136114,0.10591762030086953,0.007306369230007188,0.018648975442416407
GWK60_F00143,2890.2215638039797,-0.24715160258784769,0.11583380851986812,0.028085285760963436,0.06027446225761051
GWK60_F00165,3589.959663984351,0.31413769793094926,0.10920002090645776,0.0031060100806984607,0.008742720023721898
GWK60_F00187,520.8111137378813,0.6194690358736296,0.1912285323596033,5.303018357853472e-4,0.0017361936815438082
GWK60_F00209,111.12533945236379,0.9291350259212939,0.3535003360062586,0.0018213526451214927,0.005383177182714339
GWK60_F00231,8211.522724083316,0.9935924459280032,0.10396893970560342,7.591893979113548e-23,1.381251852670555e-21
GWK60_F00253,0,NA,NA,NA,NA
GWK60_F00275,8221.825746926213,1.5026561362129243,0.1021227617788677,6.544082752870945e-50,2.8203923864422485e-48
GWK60_F00297,1201.2059215614076,0.5623220240998296,0.14358550767600978,5.146438588740731e-5,2.0499980378483912e-4
GWK60_F00319,1129.4591429367763,-0.016014502761612676,0.1355329925865509,0.9019760699241477,0.9362087612982928
GWK60_F00341,198.4473937165114,0.5286750416001744,0.2575777947347094,0.020287297143919872,0.04516113818066498
GWK60_F00363,2381.454948821983,-0.03609719649388309,0.11642983649320114,0.7479513474133466,0.8287112869981104
GWK60_F00385,5361.334364454462,-0.34527521051906135,0.10425085592983734,6.686595594996926e-4,0.0021464053503353992
GWK60_F00407,6181.952298781983,-0.1441624011796227,0.10321356533679825,0.1561868441202689,0.2518339240675786
GWK60_F00429,421.7851040979715,1.2686955446552797,0.19832333265307334,2.4797113011297318e-11,2.0151966029892007e-10
GWK60_F00451,1799.909299711182,0.021653886787345995,0.12163188734951334,0.8537114421829032,0.9040915937558318
GWK60_F00473,7554.63908923194,-1.4331895734000126,0.10681825540197473,5.992020479163719e-42,2.2187354703832983e-40
GWK60_F00495,2883.504072880362,0.1954857651456565,0.12166344033349298,0.09987952112237843,0.1742423762645872
GWK60_F00517,34.288290575301,-0.3073048109832418,0.4683341314618279,0.2777887491801268,0.39798725972455223
GWK60_F00539,6451.27251950299,-0.28793151865465816,0.10417598796349122,0.0043459781891334506,0.011742627604554821
GWK60_F00561,5886.271365880624,-0.2285719719549609,0.10330670208656538,0.02432085156870305,0.05308386780748885
GWK60_F00583,249.34253106139937,-0.2232610359558376,0.2228896120619316,0.26949710883046696,0.3887560488972826
GWK60_F00605,1634.8496610899008,-0.06185414221198095,0.12735091902961926,0.6117166119961523,0.7197149129281201
GWK60_F00627,6529.19131435643,-0.16083275800931363,0.10464744512523803,0.11693580071575113,0.19865862363923084
GWK60_F00649,1525.7125971329701,-0.48402546887101006,0.1404688142093182,3.11251093905842e-4,0.0010620105462406989
GWK60_F00671,1549.544490549815,-0.5943469092717041,0.13138791182344164,2.9528011716446933e-6,1.3912032760311646e-5
GWK60_F00693,233.5160748240477,0.42889179420023865,0.2427833780693366,0.047906372973416815,0.09621532050963545
GWK60_F00715,5.235519964226733,-0.1510615044563218,0.5424821959348279,0.31805413566873647,0.4427663874361176
GWK60_F00737,866.8796660509535,0.14081142829144308,0.1479822421214766,0.31449603127216635,0.43862602982202936
GWK60_F00759,269.97631198202896,-0.12906924910074596,0.21412446699861148,0.509696311238016,0.6305714318425939
GWK60_F00781,3888.1688039073247,-0.0022613540398872473,0.11396837447491548,0.9887335859293271,0.9938726305022357
GWK60_F00803,323.9931602605559,0.3481576041685608,0.20809254354197967,0.06920529022229392,0.12985740604972706
GWK60_F00825,700.6078666919692,0.2627200553833016,0.15765277891541643,0.07890211457771691,0.14430167598248192
GWK60_F00847,1805.6216343666856,1.279383918304589,0.12888078366538017,5.390300497750314e-24,1.053613383537961e-22
GWK60_F00869,22434.213432613935,0.06249581173673164,0.09576412761314143,0.5316700974147988,0.6502724755075626
GWK60_F00891,2022.2030188986496,0.011554669780892745,0.1190036619386058,0.928686896998105,0.9546501865916005
GWK60_F00913,329.4576168027677,-1.0720200679488483,0.22039534919819628,2.178039292709881e-7,1.178202736735448e-6
GWK60_F00935,397.1828523675668,-0.1992277576440315,0.19023740749033924,0.2643467027838133,0.38311327542372936
GWK60_F00957,1559.0454716979773,-0.13736950839464918,0.12631057469083323,0.2627285443340839,0.38143906929264065
GWK60_F00979,1334.6107494630517,0.6559652060641152,0.14139611362161947,1.6042890207491702e-6,7.717613605763162e-6
GWK60_F01001,6832.537599523286,-0.42871010304568236,0.10321418224777508,2.3991480690342776e-5,1.0051570156957954e-4
GWK60_F01023,1344.7489423503953,-0.43393620014743467,0.13664976610922921,9.821638189965102e-4,0.003055749917327604
GWK60_F01045,2403.4867207849106,-0.6002692394454235,0.11914228647856234,2.1998751752449854e-7,1.1887917442382459e-6
GWK60_F01067,2509.420981560715,-0.091155299890827865,0.11666327555769399,0.4114255657019464,0.5370594896873967
GWK60_F01089,9134.468538810132,-0.06631146658816763,0.11022385708026797,0.537848675272741,0.6564550451680763
GWK60_F01111,0,NA,NA,NA,NA
GWK60_F01133,815.3523777284428,0.2255847101874021,0.14973908125435045,0.11827849892658807,0.20035707066881445
GWK60_F01155,0,NA,NA,NA,NA
GWK60_F01177,3422.5191328313654,-0.4543421230465729,0.11041260498744891,2.564950841915318e-5,1.0686617691593297e-4
GWK60_F01199,831.1864699833067,-1.9962241588439773,0.16379957400673778,2.859166624421627e-35,8.398602296764758e-34
GWK60_F01221,64850.029753601455,-1.6114646093683018,0.10692583915530786,2.166357984249596e-52,9.819577828607221e-51
GWK60_F01243,514.8887073624599,-2.5111229488640863,0.19957825001071894,1.6548476886579471e-37,5.3711044117058554e-36
GWK60_F01265,2387.5120035593445,0.2709265387638432,0.1346484051369915,0.03701787234511921,0.0771156786016786
GWK60_F01287,2949.534402962685,0.09548396343470947,0.11140202749682783,0.38671732526489405,0.5139034029487959
GWK60_F01309,368.1648562472301,1.0995105352809618,0.21304971390535007,4.5712621014244165e-8,2.6558780253358656e-7
GWK60_F01331,976.3364505897648,0.13488711797128816,0.14100269252463665,0.32503041696006363,0.45056945224782874
GWK60_F01353,2956.654825796771,-0.048746088129623805,0.11719307004068122,0.6709267180985261,0.7697431123198888
GWK60_F01375,1358.4063834571066,0.1979138973674611,0.13072430699314155,0.11832972627857528,0.20037929171425084
GWK60_F01397,673.8464134511255,0.2785024800736675,0.15883013529919265,0.06613850378766774,0.1251371906856988
GWK60_F01419,387.1281045921938,0.29074291372216354,0.19234962534402894,0.10343845425178778,0.17973542381226046
GWK60_F01441,14974.30353161741,0.6464576252473522,0.10898422605391217,9.862481735999032e-10,6.725931124239028e-9
GWK60_F01463,9827.626934796692,0.13605123532738078,0.10422360608239363,0.18376804399615157,0.28723316745890753
GWK60_F01485,1249.0079234413952,0.004155007681148548,0.13296365147258904,0.983951587940365,0.9911144539062143
GWK60_F01507,4100.845346866234,-0.6885031797313861,0.11009671307850509,1.729924692722383e-10,1.2847378579568207e-9
GWK60_F01529,1101.7567655453802,-0.20452302115770926,0.13851149546677824,0.12525847450099115,0.20949115511686148
GWK60_F01551,7906.162834864433,-3.3780479865441446,0.12750094194401418,7.927309204256744e-157,1.7367413248325817e-154
GWK60_F01573,777.3440874389141,0.41595401610014343,0.15726868360611856,0.005534816114342777,0.014653606812293215
GWK60_F01595,2716.041319126157,0.046440791847070596,0.1126951378543182,0.6741397135328953,0.7725864458927557
GWK60_F01617,148.55832078880658,-0.7587913503282514,0.30785715545541825,0.004040643855728168,0.01097969270977711
GWK60_F01639,181.8131143921488,-0.2615726084009257,0.25320421186174985,0.23906588587195152,0.35489385871330015
GWK60_F01661,392.9246648110715,-0.021252396876586553,0.1871812840411925,0.9022004171735354,0.9362087612982928
GWK60_F01683,950.4020708527547,1.0434556882886579,0.15323853792571643,2.0339717815941484e-12,1.834412286041515e-11
GWK60_F01705,5099.692472257823,-0.22067884600253396,0.10870639861764865,0.03680321445986336,0.07675973884568091
GWK60_F01727,2035.563553795754,-0.1138251316442875,0.12058561887605379,0.33192579547524387,0.457594607396128
GWK60_F01749,779.6667803436242,-0.756553715525808,0.1581811037010461,5.970573935287811e-7,3.0419842782697e-6
GWK60_F01771,909.7276386338074,-0.866404178574763,0.15006157779156923,2.1923699720552188e-9,1.4445465304594412e-8
GWK60_F01793,349.92797080103026,-0.18723505353358938,0.19644648117067678,0.3069220086782529,0.430345579101401
GWK60_F01815,5.6541332421036,0.42344115700608925,0.7900900639740793,0.018469887272319355,0.041573059622369506
GWK60_F01837,2138.03149144746,-0.1546378873157017,0.11779984217570053,0.17760991069171284,0.27951897947232146
GWK60_F01859,1311.474335264416,-1.6271254833668207,0.14280769428588352,4.518881164807256e-31,1.2000139982099269e-29
GWK60_F01881,3914.9643333101876,-0.02449138651321232,0.10778828829656507,0.8006436044689719,0.865163318091491
GWK60_F01903,5322.466650091099,1.0994031234479411,0.10587432720350126,7.323614140082078e-26,1.5978241970353347e-24
GWK60_F01925,26.26597962507084,1.7090019236610308,0.8159098900910783,0.0022841696407903977,0.006596812760647799
GWK60_F01947,0,NA,NA,NA,NA
GWK60_F01969,3014.8139416381036,0.7698496313201181,0.11853471697375297,3.639381365539911e-11,2.8949874765520197e-10
GWK60_F01991,339.0561444078335,0.4815574079843635,0.20662390290231028,0.011575899550781105,0.027818135209326807
GWK60_F02013,2210.147518518037,-0.1966538686339856,0.11740218322728105,0.08557751079842611,0.1542037531796177
GWK60_F02035,1016.030348221656,0.7984973483636121,0.14854420864956602,2.4588066038304262e-8,1.4691369457886794e-7
GWK60_F02057,702.2898189431841,-0.18790561015827664,0.15567319729950066,0.20034727863441926,0.3075696324262121
GWK60_F02079,394.3976084578924,-0.01632727115296975,0.18685676557422282,0.9333190472146516,0.9581006540911048
GWK60_F02101,4296.03064270986,0.5951336527618897,0.10827681971546982,1.542374723950702e-8,9.408127956534562e-8
GWK60_F02123,0,NA,NA,NA,NA
GWK60_F02145,2001.054505136368,-0.5766316084481411,0.12191775742196803,1.1923476259000738e-6,5.826546298310956e-6
GWK60_F02167,1835.5363932964929,0.10651021885187223,0.1213243133847872,0.36747736293902045,0.49416776837170573
GWK60_F02189,118.8207066654131,0.049953007321244774,0.2832344589065805,0.8376672632103772,0.890868622564758
GWK60_F02211,1158.2628056916492,0.007813603776835458,0.13479358120626173,0.9580102879220127,0.972060612484358
GWK60_F02233,25.63003264591528,0.18218834212173593,0.44751778524616936,0.5027569967122583,0.6243496194409669
GWK60_F02255,825.7495476936364,-0.3612457655340394,0.15306197936326726,0.01557423460875477,0.035853470040644736
GWK60_F02277,2288.7092197274997,0.7209368932791612,0.11898100867196727,5.617810682668885e-10,3.917566123272281e-9
GWK60_F02299,2168.8318564073297,0.8997316051892577,0.12082858208874729,2.6525313188833607e-14,2.7454743454111634e-13
GWK60_F02321,215.88973337506937,-0.36569551275297624,0.24350516361311228,0.0914265906432157,0.16279072590654528
GWK60_F02343,2.510720824148864,-0.03643208806786428,0.5312932435226144,0.6380336092046861,0.7395901052024337
GWK60_F02365,113.42152329112608,0.14025016530536671,0.2911303032192221,0.5691384680889631,0.6835381601671466
GWK60_F02387,810.0670931240228,0.09248012661695924,0.14909801771324405,0.5195145455102073,0.6389708457916439
GWK60_F02409,1475.41407384521,0.3888489343031188,0.12920019449208772,0.0018919428940989192,0.005563666519671206
GWK60_F02431,1281.657991968234,-1.2084294432128033,0.14962532136845497,9.904117164773698e-17,1.2311075189687967e-15
GWK60_F02453,1759.365680174922,0.02985529075377323,0.12344313608183533,0.8041790318848263,0.8682491477721596
GWK60_F02475,848.5027774434249,0.623301131543477,0.15259073583741836,2.032646738959299e-5,8.59827558604022e-5
GWK60_F02497,819.8902117447481,0.05740777177573226,0.14792893963271841,0.6877109250011897,0.7835285035008137
GWK60_F02519,547.5150986274348,0.3392266269974269,0.17110691981454768,0.0367671813864306,0.07671501576581433
GWK60_F02541,1393.561233413723,-0.4835420220947627,0.13465427512124323,2.0224860946278854e-4,7.135805255264893e-4
GWK60_F02563,1747.480096505279,0.7141642412922042,0.13795367143947657,8.475563876974458e-8,4.817785390825049e-7
GWK60_F02585,1312.7502280546473,0.14694419324237862,0.1403482205620267,0.2777227653158317,0.39798725972455223
GWK60_F02607,1447.0622001259767,-0.13216581804229163,0.12767343131584027,0.28621394699712005,0.407393863917395
GWK60_F02629,1075.1734388193056,-0.08904848230280758,0.14558320322834625,0.5173192632060988,0.6374653587854857
GWK60_F02651,50608.761267372945,0.1528770905070463,0.09410100565867897,0.1055770972845283,0.1829075378985337
GWK60_F02673,816.4882750429435,0.24928223265327695,0.15189857797981865,0.08666130179234352,0.15588953979614856
GWK60_F02695,0,NA,NA,NA,NA
GWK60_F02717,788.1588765573605,-0.26698376241602034,0.15654059311659643,0.07204259850057686,0.1343262350766075
GWK60_F02739,466.19509675267403,-0.866045399992956,0.19008287844126495,1.4237894622401437e-6,6.893448427678338e-6
GWK60_F02761,1253.2353592121697,-0.955617361739808,0.1437249855136269,6.8796865251994504e-12,6.008869061378523e-11
GWK60_F02783,1594.7629757688042,0.01659786337268921,0.13508007060308397,0.9062320826874488,0.9392801677056191
GWK60_F02805,457.8348706743578,0.018800577911308524,0.17920939260952448,0.9127363243977518,0.9443462403942107
GWK60_F02827,1179.243296539194,-0.44306173706045204,0.14251323774298486,0.0012170275142115105,0.003709640967956013
GWK60_F02849,3145.5827667377807,-0.47622073933645026,0.12057209405557022,4.633226365400714e-5,1.8568219686948897e-4
GWK60_F02871,1821.1178770366757,-0.5235683235812968,0.1255486297953958,1.615966874718736e-5,6.91355071380888e-5
GWK60_F02893,2285.9886720213726,-0.30840446232181024,0.11924987195107668,0.007806466851079614,0.019790936693817075
GWK60_F02915,806.5353661551632,0.1794271949107455,0.16512184281575792,0.25504525431823843,0.37271482690530783
GWK60_F02937,2075.2585392402702,0.009729181834734325,0.11827707820695317,0.9377650398386019,0.9607888892188949
GWK60_F02959,1396.994768924864,0.30344935636232045,0.12989855018432955,0.015912383978836004,0.036488144335246275
GWK60_F02981,0,NA,NA,NA,NA
GWK60_F03003,1457.0921382799706,0.6366315464022325,0.13162198981142895,6.039320542666243e-7,3.0710587440366642e-6
GWK60_F03025,880.0207072598313,0.7254558746215087,0.15118930491494587,6.033590248679648e-7,3.0710587440366642e-6
GWK60_F03047,698.7364307089011,0.015363387683579834,0.1606626737002121,0.9059355165827278,0.9391579152586718
GWK60_F03069,819.7704915369306,0.552223226548817,0.15575622103205833,2.074888738152082e-4,7.307277284128364e-4
GWK60_F03091,0,NA,NA,NA,NA
GWK60_F03113,8500.926441603766,0.28243477659927263,0.10016726024583819,0.003595436174152286,0.009934210932050824
GWK60_F03135,1067.239847503015,-0.27184936499877244,0.14214866057909703,0.04495899321191205,0.09106101167497441
GWK60_F03157,858.1551827979144,0.21759840310351214,0.15043415127842164,0.12135241434752625,0.20431347891107685
GWK60_F03179,2126.695947502628,-0.17523266390507247,0.1202917686497633,0.13406337564103626,0.2220173949986043
GWK60_F03201,636.6106127383791,0.3312054722117432,0.1645158354001229,0.034257060510263344,0.0720038223172255
GWK60_F03223,2612.818513736789,0.12755562033051043,0.12184166184073568,0.28754664991252543,0.408516694201583
GWK60_F03245,2073.353310701063,-0.9125785137182281,0.13590721163767316,4.617612656404743e-12,4.0737260649959966e-11
GWK60_F03267,1592.3589344348848,-0.17223141740771492,0.1257598075604853,0.15904588066994077,0.25542554690364955
GWK60_F03289,420.7035441110904,0.046938035756758235,0.19000271293483298,0.7921569634820873,0.8610683431822852
GWK60_F03311,823.8186515955256,-2.099677052247881,0.1596257513876565,7.853821884369052e-41,2.753026364534165e-39
GWK60_F03333,456.1529296362336,-2.0848423455943035,0.21355851047991697,9.702666266025742e-24,1.8484282328537447e-22
GWK60_F03355,1831.1555303525893,0.23855859990659362,0.12289668088337205,0.04573606744694371,0.0924568406905152
GWK60_F03377,1204.6315399395896,-0.12148561349483074,0.13337160840028442,0.34625225398550885,0.473004508042558
GWK60_F03399,712.3644076294563,-0.26724527191443753,0.1580163431717502,0.07603663336317867,0.1399525189419526
GWK60_F03421,2816.416944830813,0.23159535408401857,0.11289852412041919,0.03955386444350487,0.0817187501940859
GWK60_F03443,599.9539876124136,-0.08368886448497831,0.1645202506260807,0.5917397509456817,0.7026226435810082
GWK60_F03465,1991.8461071325405,-0.11011133172016715,0.11918364205036633,0.3431035274180263,0.4696793405790113
GWK60_F03487,758.1519083226369,0.7252008563417612,0.16358154776287842,3.393978386662259e-6,1.586270076184014e-5
GWK60_F03509,1302.5893661623857,0.9013166321364404,0.13850422844369562,2.2263485480367655e-11,1.829084478996455e-10
GWK60_F03531,1808.32388232236,0.8833827178246203,0.1255886526782038,5.545216964723714e-13,5.2534686127058176e-12
GWK60_F03553,2409.653778666689,0.3107476906985407,0.11715676618796166,0.006479247687634918,0.016757444339195474
GWK60_F03575,2924.0527818891896,-0.0379683323993439,0.11486102149976779,0.73545172821041,0.8194543731575198
GWK60_F03597,1130.5962488280081,-0.17297964214217393,0.1424656379566458,0.20688238447545848,0.3155751603051815
GWK60_F03619,11610.421613966852,1.22807626686841,0.10024873561356583,1.3202870181028252e-35,3.966896652105517e-34
GWK60_F03641,1509.1662088833543,0.10098227360444803,0.12657543204605604,0.425715195353833,0.551850176633674
GWK60_F03663,2616.6850569072753,-0.10426863316122002,0.11449037692369254,0.34996975482972514,0.47646946186576383
GWK60_F03685,3122.155233141423,0.3130411887012422,0.11251782722790027,0.0046171192694662005,0.012436891966625658
GWK60_F03707,766.8581617693229,0.008134617352473663,0.15073943027932857,0.9862660751681271,0.9923548879377068
GWK60_F03729,188.27547568655513,-0.12101910008669739,0.24977406773342234,0.581422398890231,0.6933814863608153
GWK60_F03751,58.185399637017646,0.19395633426690745,0.3738367207621795,0.4797220137046242,0.6049095115073867
GWK60_F03773,1097.8877079508957,0.9555555353660338,0.14562678930721212,1.2910742222210085e-11,1.0931510886373693e-10
GWK60_F03795,718.2777118618832,-1.264967257510142,0.16493352312642698,2.6640423885978492e-15,2.936590121435532e-14
GWK60_F03817,128.42643101235342,-0.03612371871472659,0.27563723354981046,0.8769530941460667,0.9198123616636782
GWK60_F03839,8288.866338697582,0.9504079464338366,0.1143623160079817,2.198485654474108e-17,2.889909392806215e-16
GWK60_F03861,414.60966826236165,-0.3893725144089113,0.18936497923940165,0.027477123764328797,0.05908986370259338
GWK60_F03883,7200.5291705915815,-0.0848942996659439,0.10080125035550191,0.3914016761542144,0.5179939625519404
GWK60_F03905,1064.5455161838242,-0.05080134197613635,0.13777464140003595,0.7018423913792123,0.793780876289933
GWK60_F03927,1358.840966569952,-0.13556984342840347,0.12991223509617977,0.2808090748381459,0.40133028418020417
GWK60_F03949,1795.8835887505802,0.2534152686507524,0.12380210036078303,0.03624484282442358,0.07583580723072787
GWK60_F03971,4120.607787522781,-0.668577368130437,0.12145647844304032,1.4911840521352568e-8,9.10644105241252e-8
GWK60_F03993,1962.2066244238067,-0.42813161264050764,0.1318236023293132,7.682975391104237e-4,0.002432094196654189
GWK60_F04015,1303.6452970808036,-0.22555190595135083,0.1358247941488388,0.08478440621689692,0.15298435411408512
GWK60_F04037,1503.8625692495361,0.18750627243900808,0.12896525426618977,0.13453726018027748,0.22273202582742413
GWK60_F04059,5444.453633010959,0.8272458916967365,0.10558252307353028,1.4988373704499217e-15,1.6839501909883946e-14
GWK60_F04081,1122.504777685419,0.3034622578653956,0.14522848620133041,0.031664120552937824,0.06721435037034602
GWK60_F04103,3621.8248691940744,-0.5221393391821926,0.11845092720731441,5.688904107967052e-6,2.5808677998007557e-5
GWK60_F04125,1179.251215151452,1.7435084918289003,0.14194659831124215,1.1749838719137905e-35,3.550612183059029e-34
GWK60_F04147,145.00291786014034,0.6747621905263528,0.3022869616162856,0.009148470615058595,0.02268993325187646
GWK60_F04169,3299.862936963072,0.9330621330132759,0.1135636493554364,6.436026283648862e-17,8.117588434094665e-16
GWK60_F04191,555.6729406426139,0.14412594021551006,0.167093777973683,0.3638877904573831,0.4904696237438914
GWK60_F04213,4751.644040638403,-0.5021488540318328,0.10730256503587092,1.752390929579822e-6,8.391686254763847e-6
GWK60_F04235,9.618728258265383,-0.41362908076659144,0.6878540243565122,0.09410502018462358,0.1664886258851786
GWK60_F04257,1898.6246129282972,-0.10494499301434927,0.12100869549292441,0.3679049248744341,0.4944472999641321
GWK60_F04279,0,NA,NA,NA,NA
GWK60_F04301,1663.5889416984442,-1.0703662423364246,0.12830203483410832,1.355863073672485e-17,1.814027491442729e-16
GWK60_F04323,1174.925002098755,-1.0360922240335866,0.1396883634826475,2.5619495322240982e-14,2.6569488442671216e-13
GWK60_F04345,1705.5191311986782,-0.793591427396478,0.12699764173355163,1.3975427290357958e-10,1.0482567288545242e-9
GWK60_F04367,1348.8734430902882,-0.2504914710848452,0.1337439693591531,0.05245992778477339,0.10342493449281533
GWK60_F04389,2134.2405542158867,-1.1402683500586963,0.12920117636013412,1.8370230937771402e-19,2.6905480298273544e-18
GWK60_F04411,1208.2397097535559,-0.6821667806053581,0.13758571749153312,2.906191717546797e-7,1.5388475378510633e-6
GWK60_F04433,1344.810404027379,0.01159148482686408,0.13866614849754724,0.9188872931768659,0.9486568599104578
GWK60_F04455,1809.0896074210375,1.8569051131287753,0.12948188414211742,1.15246602074568e-47,4.771390816599044e-46
GWK60_F04477,5355.5568059779,0.29667289623092846,0.11192129485077495,0.006108971652846033,0.01594092950405183
GWK60_F04499,4102.062922409308,-1.1994304455372977,0.11179575276396127,1.3136526574919634e-27,3.125423381489929e-26
GWK60_F04521,122.24807708995037,-0.7378508068016786,0.34175096800924476,0.008980340532223022,0.022325593625734587
GWK60_F04543,1593.974647031519,0.008917427377120738,0.12464621768756408,0.9240659640933826,0.9525071239370723
GWK60_F04565,263.6663218823037,0.5369158785783863,0.24169639641575869,0.013072394400129387,0.030891977418373177
GWK60_F04587,2163.4412301473094,1.0351919344403868,0.12376332859776316,1.3043379660496974e-17,1.7495431187472728e-16
GWK60_F04609,1241.9465365501524,0.20179975727248997,0.13379779561551725,0.1265083768359698,0.2113698905000093
GWK60_F04631,178.44487318750538,1.0960358590971502,0.292334167045136,3.0406341185229364e-5,1.2549179117106435e-4
GWK60_F04653,388.3789763456405,1.037334652038272,0.20364226468172614,7.520278308501792e-8,4.2886793217030827e-7
GWK60_F04675,270.9102424457215,-0.5225770216150416,0.22660548150915136,0.011062582829880103,0.026829824962873425
GWK60_F04697,37.17851055649629,-0.29731579863935176,0.4419996195105321,0.3010277513442694,0.4237761490142352
GWK60_F04719,10528.078407537167,-2.320785725013066,0.10973725787591594,2.570162753551469e-101,2.549795426070495e-99
GWK60_F04741,254.973811512182,2.6775401930698295,0.2711814024145949,2.9608296106531506e-24,5.896985641217526e-23
GWK60_F04763,1837.7004256560776,0.23423306715392536,0.1271144225513251,0.06029013490237055,0.1160342347425565
GWK60_F04785,1573.1935041023055,-0.296435823839578,0.12760522656007356,0.01638964803667986,0.03740311170870777
GWK60_F04807,259.569515126628,0.2338477427144375,0.22079414223750013,0.24536697322407713,0.36260245790112355
GWK60_F04829,122.65397093779556,0.2456818073785201,0.3013767051481715,0.3264104396299251,0.4520058181654323
GWK60_F04851,472.8159556421982,0.779488088457842,0.18990377795162103,1.3173070078845324e-5,5.693177655672808e-5
GWK60_F04873,2439.185556126931,-0.014104798113252003,0.11494541036745735,0.8836876734839804,0.9255787309855685
GWK60_F04895,0,NA,NA,NA,NA
GWK60_F04917,621.1205295628888,-0.6412659401954436,0.1700234902928929,6.979050823501567e-5,2.7161990547721124e-4
GWK60_F04939,1517.9905337143232,-0.1479087672690598,0.12726629010833504,0.2470349012506173,0.3643504939062401
GWK60_F04961,3401.93539858445,-0.18829431065496574,0.11285604314880872,0.08457152421396967,0.15280999117424485
GWK60_F04983,2342.75135153456,0.041717533034089704,0.11833018275988254,0.7195069318252798,0.80727417794424
GWK60_F05005,1174.786217253316,0.24887024916608474,0.13659010035937347,0.06316264701646011,0.12059607641278985
GWK60_F05027,1341.5481297734648,-0.3994382887926279,0.13872826027609308,0.0021587835870928735,0.006271206685599077
GWK60_F05049,874.5970454289918,-0.19212605780774605,0.15513555408253768,0.19333113528472282,0.2996725765826966
GWK60_F05071,352.5705221443295,-0.18212293845721603,0.1988797527241228,0.3247455641149242,0.4502932953893121
GWK60_F05093,221.0575435079314,-0.5243331694053723,0.24667745420232753,0.0171572239691816,0.03896876182719518
GWK60_F05115,887.6305334208516,0.44900406591407926,0.15114116395496063,0.0019085965272315887,0.0056063690168623986
GWK60_F05137,468.5377251937719,0.30320308096921345,0.1799994820086721,0.07330290108137844,0.1361450561235916
GWK60_F05159,304.4795735628475,0.3847723657728083,0.2176979290896819,0.051924808209337724,0.10256222447960096
GWK60_F05181,1274.539065449853,-0.3395093346362772,0.13331957929921653,0.008423639914597254,0.02111129583934812
GWK60_F05203,1066.140278465035,0.20706518850576022,0.14527649285855607,0.13790298430530346,0.22730216033770706
GWK60_F05225,369.94033903054014,0.5200385679460916,0.203041462801857,0.0055956393565957515,0.014799734274135041
GWK60_F05247,3325.143674538065,0.2725014097235058,0.11062252869896164,0.012147195788833508,0.028979108646863243
GWK60_F05269,5567.301552561973,-0.8871133857500333,0.10518643188073541,1.0244616854755008e-17,1.377652056836364e-16
GWK60_F05291,2882.4622378809595,-2.371426249468723,0.12183777870983929,1.6399350207273592e-85,1.3265812829206853e-83
GWK60_F05313,453.08121711594197,1.6426879980783624,0.1951785802256709,4.322752157071658e-18,5.903644374515008e-17
GWK60_F05335,396.78783555959365,0.20865481954841064,0.19046426174474385,0.23534242249006615,0.35034837413725023
GWK60_F05357,1693.6864822296245,0.29543471701177554,0.12725037866264508,0.016735956420614324,0.03814376196774604
GWK60_F05379,977.8204324420287,0.08647077009862884,0.14089830150462251,0.5233102982756641,0.6424388392093023
GWK60_F05401,912.1995712458566,0.7860144743692162,0.15166809538351764,7.267846375040157e-8,4.153732199995777e-7
GWK60_F05423,532.6516214781515,-0.31474790867140773,0.17618451851763933,0.05867822384169316,0.11347190178728306
GWK60_F05445,223.34905690559677,-1.4558766546256043,0.2631504353842741,3.739334085615496e-9,2.4154076931408202e-8
GWK60_F05467,2516.8972082542905,-0.19860371245171796,0.11458574226174406,0.07423013110501894,0.13738191810988723
GWK60_F05489,2324.393278998565,0.09117605668202473,0.1179478392512591,0.4242543460004512,0.5506614049050537
GWK60_F05511,1718.5465209748943,-0.20277550106558948,0.12432580269856144,0.09557091717269732,0.16857158084335544
GWK60_F05533,277.0836919178742,-0.5000107307515956,0.23922155709005344,0.01937109767683608,0.04341569973776816
GWK60_F05555,141.95377401108368,-0.35705119690164716,0.2869664323391649,0.14278785633170246,0.23401800808223647
GWK60_F05577,481.92808393518794,-0.012347197764555387,0.17420368349829757,0.9466430082702033,0.9651830400396993
GWK60_F05599,1657.1831756011181,-1.5565316234234485,0.13284282545357806,1.352810951629401e-32,3.666536074055356e-31
GWK60_F05621,3846.812741939673,-1.1703882176266718,0.11159137845325878,1.8185528841418632e-26,4.0689153467310283e-25
GWK60_F05643,2759.1849630327074,-0.03398642432191745,0.11239849066907039,0.7346450933479978,0.8190930822483721
GWK60_F05665,1017.170791735416,-0.10662935173749842,0.14178393193416228,0.4334763026638842,0.5591801764982098
GWK60_F05687,0,NA,NA,NA,NA
GWK60_F05709,1015.4402696078873,-0.37500835310490704,0.15057887440200027,0.009612042257650463,0.023638970154689493
GWK60_F05731,809.6553760681229,0.08651166558441273,0.15068302883248075,0.5525699949478253,0.6692957920837745
GWK60_F05753,3559.588951550124,-0.3986251436249224,0.11212666653601605,2.689817322252615e-4,9.237791953235956e-4
GWK60_F05775,0,NA,NA,NA,NA
GWK60_F05797,1405.1117753777498,0.02147606440875705,0.13254277736453546,0.8701586191950487,0.9148758287797571
GWK60_F05819,1438.3898547209324,0.21296308900912572,0.14067801435578528,0.11847784983793498,0.20050097664881306
GWK60_F05841,388.9169612333394,0.17125561527222674,0.18891151210540683,0.3268898525604843,0.4523123275692175
GWK60_F05863,0,NA,NA,NA,NA
GWK60_F05885,774.2644747997733,-0.5693098251447026,0.15557186637515294,1.280149786598303e-4,4.7301669556808695e-4
GWK60_F05907,3210.0743049413563,-0.33736736317613697,0.11402892928486574,0.0023441665458967223,0.006764888967247511
GWK60_F05929,5235.659878123029,-0.5271569429643349,0.1090017026041011,7.41177150841289e-7,3.7186158961102074e-6
GWK60_F05951,633.2157920933423,0.0270355091230534,0.1597330975805422,0.8606003151948278,0.908094813825889
GWK60_F05973,6356.611581370215,-2.8987141432545607,0.12212396047849448,2.749687827911229e-126,3.907529351123579e-124
GWK60_F05995,127.28817036042351,0.919370716093294,0.33051844752534826,0.0011967764878487754,0.0036563920819923652
GWK60_F06017,825.580630656443,0.2148726331094278,0.1521430388547685,0.13972578683036246,0.22965870182996118
GWK60_F06039,1556.0730234493767,0.19571078944629478,0.12591536870386252,0.11007200729436811,0.18902940057061962
GWK60_F06061,1495.81774289151,-0.5325980783026801,0.13230351072345267,4.3815203528252906e-5,1.7667203999352285e-4
GWK60_F06083,1004.4177314400325,0.9209136676223425,0.15128211637541103,2.908134664600798e-10,2.0804043627851696e-9
GWK60_F06105,108.82131222064892,0.04144009284856589,0.291514704030911,0.8677573193531251,0.9138129351409436
GWK60_F06127,1248.0003496451538,0.06215660066708542,0.1320503646097353,0.6376315665531748,0.7395901052024337
GWK60_F06149,240.03142706345352,0.9620300256656489,0.2525847983965039,3.1325393312895906e-5,1.2918346512878954e-4
GWK60_F06171,1104.3838063648363,0.3320764562199036,0.1384692673407451,0.014015589612743453,0.03285509147739861
GWK60_F06193,1128.9151442907616,-0.3639363272483761,0.13813772832555857,0.006309016361369336,0.016397828980761232
GWK60_F06215,368.0007632953242,-0.6553594862551607,0.20824385588619332,6.438751954596176e-4,0.002075671910408323
GWK60_F06237,537.6409332421074,-0.5687204191659369,0.17580179879062294,6.442557165816628e-4,0.002075671910408323
GWK60_F06259,1054.0314359919769,0.5375845143773273,0.1532306849168812,2.404249049170277e-4,8.349763210394528e-4
GWK60_F06281,38.342342130134696,-0.0044289560649005124,0.3913056546220309,0.9842112749958681,0.9911255233414316
GWK60_F06303,1540.448126315208,-0.10228913627374563,0.12641417665799742,0.42968434371142894,0.5552642310524238
GWK60_F06325,1180.7942131190448,-1.040536658583719,0.13979251871805626,2.0831551261828317e-14,2.177580448005831e-13
GWK60_F06347,286.53755370359823,-0.2006264485658545,0.2124009044076142,0.3021734204012255,0.4249338979592521
GWK60_F06369,869.9262656926853,-0.6757288546086045,0.15100789935535147,3.1325178986415783e-6,1.4719194916047738e-5
GWK60_F06391,1595.0354322352389,1.0793335669348454,0.13265018516302843,8.165037240234862e-17,1.0246244823187328e-15
GWK60_F06413,9198.60756797049,-1.922399455345799,0.10226121421819755,6.894709410885722e-80,5.253968417744512e-78
GWK60_F06435,1584.1638344137054,0.34422224371365273,0.12746645767149678,0.0052888457246361405,0.014051920576117647
GWK60_F06457,1022.0163687045706,-0.32964212918587765,0.1411423722758141,0.015126639326624863,0.03497619594520384
GWK60_F06479,753.7322971387439,-0.29518950569770436,0.1537629797294048,0.048558677226230806,0.09709757815875185
GWK60_F06501,893.6176460704953,0.056825350981708156,0.1484355443789076,0.695797443660725,0.7896205415495164
GWK60_F06523,6569.642695220327,-1.2034668696696718,0.10619874554612185,1.4534210531136266e-30,3.802033779737039e-29
GWK60_F06545,433.7916937107549,-0.04609369945471991,0.18062856631626992,0.8019457672444384,0.8661734557680435
GWK60_F06567,714.1931942542486,-0.49793503754529517,0.15879292487405183,9.901372534671486e-4,0.00307691588577439
GWK60_F06589,1136.5321536726867,0.022945163403168923,0.13745994907870884,0.8664823009592711,0.9128358922949004
GWK60_F06611,1781.3262586972892,-0.9580162067861061,0.12616584966038383,7.379614353607354e-15,7.90265015708095e-14
GWK60_F06633,942.3468471843944,-0.18236124039459783,0.1473271959936159,0.18443166387249138,0.2879280548223158
GWK60_F06655,86734.0929203567,0.1682245519368593,0.0984386307734461,0.08214124415209455,0.14908479867163035
GWK60_F06677,2450.6920265205126,0.3900489979767074,0.11843421980684975,7.125109066986132e-4,0.0022720089197283606
GWK60_F06699,224.36295729385594,-1.1125534084110476,0.26466677361936486,4.4283163096180564e-6,2.038886791240958e-5
GWK60_F06721,4007.9118011051964,0.6296767066831216,0.11021550431220987,4.574446115003632e-9,2.929651360863471e-8
GWK60_F06743,1371.803887135884,-0.07315198576855583,0.13123555733520503,0.5639649674871978,0.6788939853168177
GWK60_F06765,0,NA,NA,NA,NA
GWK60_F06787,1805.1986731444513,0.15883589686517635,0.1244316546448497,0.19337943178871994,0.2996725765826966
GWK60_F06809,776.0680598447759,0.32433533709071655,0.1546895735184308,0.02826406423212275,0.06058395830921379
GWK60_F06831,1294.6774194866912,-0.3415069910729239,0.1335678483513919,0.00806108193978631,0.020318872885616693
GWK60_F06853,948.3109077441621,-0.43321193685249587,0.15174831358182783,0.0027967569273653317,0.007948836715722656
GWK60_F06875,871.5988995757341,0.1655418974385661,0.14722475387977355,0.24272439554343703,0.35980966218420973
GWK60_F06897,1674.3892906832866,-0.1038407715059852,0.12351395059346484,0.35592264334472085,0.4819575737075823
GWK60_F06919,1273.5433588325964,-0.2797177656224818,0.13547679085904338,0.03283350167521005,0.0693049184296485
GWK60_F06941,1642.4375090911399,0.7615430344697829,0.13044723662339755,1.8580900832322915e-9,1.2335653608125492e-8
GWK60_F06963,1028.9053257550445,0.05249894465664133,0.13932938920677898,0.7008322116476517,0.793491767623461
GWK60_F06985,299.2096837827222,-0.3245816393014241,0.21222064920487754,0.0947622424573547,0.1674823095263096
GWK60_F07007,2000.389261058868,-0.29539522566406995,0.12037889045968729,0.011696051391738498,0.02806907108439216
GWK60_F07029,2168.490990501767,0.09857733373569796,0.12034499295056397,0.4011738498648449,0.5273404666087967
GWK60_F07051,252.48038151816837,0.949794478003575,0.25016782390999953,3.2955159121355366e-5,1.3558546687017725e-4
GWK60_F07073,3989.9956462625114,-0.8463660117061647,0.11584710130901922,7.479542506726294e-14,7.533991283595183e-13
GWK60_F07095,245.04042991103645,0.8618102661907998,0.2531808987384602,1.71013224644521e-4,6.12525568924313e-4
GWK60_F07117,2728.7793707132882,0.791282949219818,0.11941289023293915,1.230784406193637e-11,1.045470825164159e-10
GWK60_F07139,61264.446136899365,-0.11881444751514007,0.10506516897986029,0.2418647266351142,0.3587375832573852
GWK60_F07161,527.0771966880915,0.5544651428746598,0.1770159481533373,8.998127846565384e-4,0.0028161997748357612
GWK60_F07183,671.0833807619638,1.2372182311790951,0.16930830969805985,4.349960325454119e-14,4.4759474346844933e-13
GWK60_F07205,1459.5045415780364,-0.2337524687954766,0.13014995122775308,0.07016536952546144,0.1313383812619709
GWK60_F07227,1823.232322714434,-0.6644101015776569,0.12447899935852341,3.999583224130776e-8,2.3392445597863869e-7
GWK60_F07249,604.2282651242972,0.2672505222759571,0.16609023531109576,0.09540553495949859,0.16835818421316154
GWK60_F07271,1276.2028679024572,0.3543951104716497,0.13346461572994175,0.006018712346211427,0.015768006734618676
GWK60_F07293,721.430183039084,1.068806697139983,0.16296589333527742,1.1109069717139204e-11,9.513271754514322e-11
GWK60_F07315,3284.8979192216716,2.703187301991358,0.1156940598476753,7.329537188535458e-122,9.399684521297424e-120
GWK60_F07337,1655.3569663772848,-0.21566364387747847,0.12433751440922394,0.07478836980207888,0.1381385287267343
GWK60_F07359,1474.1218555577116,-0.5894167092835049,0.13039296720498553,3.166612408285799e-6,1.4852852848141598e-5
GWK60_F07381,646.6906314987905,0.08277978104043357,0.16232673768286573,0.5947801135155857,0.7051155017133461
GWK60_F07403,1292.4967979832086,-2.3651879250847228,0.1419704705245971,1.622619069172764e-63,9.273620723598252e-62
GWK60_F07425,4664.981408551396,-0.06939527954128533,0.10711275441084801,0.49913610617907866,0.6216907644347562
GWK60_F07447,1065.6709203790235,-0.018674714572928474,0.1373678133145335,0.8869929170123316,0.9273829305330762
GWK60_F07469,1209.3836445080447,0.33147759314892694,0.13756405971562724,0.013707221572266285,0.032189625291190765
GWK60_F07491,17.058787480036802,0.366731872683666,0.5757124102774174,0.18292718753337564,0.28627262271384607
GWK60_F07513,760.8748146752063,-0.9628742840176386,0.16239923147419022,7.097843074668324e-10,4.897698016614967e-9
GWK60_F07535,2564.5282149810937,-0.7032819200707197,0.11862957851523352,1.2044625137341872e-9,8.119312688736355e-9
GWK60_F07557,464.6436308554148,0.2671397521010808,0.17992310517304783,0.11460537126618962,0.1954573604014353
GWK60_F07579,11392.111771870428,-0.5300233435962283,0.11976896969890177,5.495747519517711e-6,2.4975488727419293e-5
GWK60_F07601,2310.9685453055854,-0.1996540390767698,0.12071350857575565,0.0891849232635577,0.1596639992816936
GWK60_F07623,124.16551409268088,-1.634484983528119,0.34861521426733927,2.636803630267065e-7,1.4089749479618119e-6
GWK60_F07645,2917.622649947455,0.9970410768411606,0.11695652731448207,3.495306955574863e-18,4.811079573930008e-17
GWK60_F07667,3359.192787319113,1.1544049585298661,0.11279790053778824,2.339117345412701e-25,4.959306049266122e-24
GWK60_F07689,1653.6575002094194,-0.20650524190525335,0.12429221677172061,0.08932717624258335,0.15975588186513717
GWK60_F07711,55.78306490282608,-0.6481691085032639,0.4668253301890624,0.048381738480889835,0.09685882115417632
GWK60_F07733,238.56639186037683,-0.6012317312456199,0.24146359769971523,0.005659634959467706,0.014938936052651204
GWK60_F07755,40.68929064624791,-0.7047022271254189,0.5865455134127585,0.04609414239922526,0.09307334897662306
GWK60_F07777,2303.68520355723,-0.43608951340462426,0.1176470211226552,1.3883689626534662e-4,5.090686196396043e-4
GWK60_F07799,135.51589323974295,0.09330094085165497,0.27472985313768306,0.6961515320413196,0.7896205415495164
GWK60_F07821,2256.8230341461694,0.04238974166841319,0.1171387476936651,0.7102605544634375,0.8005161435173687
GWK60_F07843,442.52032844702165,0.2570840805510429,0.1892967093996429,0.14615347957742827,0.2382129558642647
GWK60_F07865,758.219314785003,-0.06226580820758526,0.15223914294525295,0.6686498752481997,0.7676334157325403
GWK60_F07887,0,NA,NA,NA,NA
GWK60_F07909,2902.6756237368936,-0.051235467366688305,0.11389515869872337,0.6379697549987973,0.7395901052024337
GWK60_F07931,1801.0456231648914,-0.3508267024224229,0.12369780502101238,0.0034156884647766382,0.009502481453860087
GWK60_F07953,869.9005794850714,0.6063591775018691,0.15779988706072065,5.6728976574006574e-5,2.2460915574256518e-4
GWK60_F07975,970.5378659076536,0.3916139065804687,0.14361719869046877,0.0045664399753121854,0.012306684464475382
GWK60_F07997,9784.883840178994,-0.019323031355111316,0.09912387582760358,0.841389235215778,0.8939229336764116
GWK60_F08019,2093.149001238625,0.1126609185199293,0.11808298806463645,0.32847714765412395,0.45426955348905407
GWK60_F08041,2872.288624240833,0.8821729192336212,0.11657094701016295,1.1194985221673756e-14,1.1891562079911233e-13
GWK60_F08063,1579.540723643309,0.7878809959425287,0.1312374724470183,6.627385467049697e-10,4.579079209690842e-9
GWK60_F08085,37628.154566366065,0.5585822539257311,0.1041848497784782,4.351861358014057e-8,2.5368167428423405e-7
GWK60_F08107,1933.765066996777,0.7900741687737063,0.12338904632004381,5.1434948997027065e-11,4.012536525613773e-10
GWK60_F08129,97.51193848292822,0.00731117498128641,0.30145610614318247,0.9789479769278197,0.9877774827646278
GWK60_F08151,1280.9755893439105,-0.18515878315764528,0.13170723118913003,0.14011621431476382,0.2302284546459463
GWK60_F08173,854.1026026661244,-0.022988441978772714,0.1484398355655001,0.8694046114145596,0.9145581076655049
GWK60_F08195,1824.5394596077958,-0.9467533034555818,0.12543905342928535,1.0368269451372902e-14,1.1035700561805408e-13
GWK60_F08217,2146.8986273384344,-0.3684487138864147,0.1249853225069975,0.002351156420676145,0.006781338705384075
GWK60_F08239,70.0277473496699,-0.49228151171252554,0.39359304552746127,0.09581189936381934,0.16881385241992214
GWK60_F08261,1358.1551659629074,-0.09157051194623309,0.12950286261194233,0.463465976210272,0.5899065850674438
GWK60_F08283,68.1479786498596,-0.7209627453596958,0.45710472287308435,0.028381379554909308,0.060785863014139775
GWK60_F08305,1665.0941546734452,0.549814739899085,0.12790770114973785,9.303436420163114e-6,4.093512024871771e-5
GWK60_F08327,1215.4162797468605,0.5699612601885303,0.13646558790768187,1.6981346389938806e-5,7.253283453964114e-5
GWK60_F08349,14609.977103308809,0.23022725411618233,0.11250490084358708,0.0353999130931746,0.07415647133223587
GWK60_F08371,437.8566215302576,0.364643898244365,0.18827074756685777,0.038117413024469554,0.07909287990633816
GWK60_F08393,259.4765998457669,0.4221353467920622,0.23787778813133792,0.04735177669540239,0.09524699382724779
GWK60_F08415,0,NA,NA,NA,NA
GWK60_F08437,821.6053630579626,1.1165197653063421,0.15909982789477742,4.304695412330335e-13,4.092963558414629e-12
GWK60_F08459,7690.494953161811,-0.6691193901820685,0.10193232112885349,2.3644008918278003e-11,1.9304378709985363e-10
GWK60_F08481,1615.4931432088613,-0.29301529084759703,0.12818983899414207,0.02087755587324443,0.046279168963540986
GWK60_F08503,403.84421344135546,0.15849201508028762,0.18626112111452375,0.35826890333147093,0.48463542416178906
GWK60_F08525,88271.6366818066,0.20814315934477742,0.09619594321556738,0.02782397188772195,0.059811301792985286
GWK60_F08547,1469.461611338957,0.20802782839480677,0.13123048435577186,0.11144610529740957,0.1911231642706391
GWK60_F08569,2562.8025509675103,0.5299993555417223,0.11591372829843861,2.595625268724477e-6,1.227319933718822e-5
GWK60_F08591,1121.7047527900863,-0.06908425995844579,0.13564553118720443,0.5937276979332742,0.7045407889264627
GWK60_F08613,980.4776919082947,0.3751248319328783,0.14718524412890793,0.007900674310199508,0.019971993039917795
GWK60_F08635,1.3203884069936236,-0.011144825107283953,0.5368069635912047,0.7244852897902803,0.8108436895949965
GWK60_F08657,1032.7056312169652,-0.3891469647181831,0.14367720854988553,0.004776725245408007,0.012820837846021083
GWK60_F08679,965.3586307933188,-0.2809566495520926,0.14267702396585014,0.04072149272116943,0.08359457413956929
GWK60_F08701,10156.119855655843,-0.6912361154160721,0.1001131881096283,2.099416753432169e-12,1.886962955478008e-11
GWK60_F08723,1731.501099365386,0.039330623320324824,0.12541349400706658,0.7837487684172305,0.8544372847476256
GWK60_F08745,0.7655274446657716,0.023743112084493083,0.5359791766791353,0.7528907798798391,0.8323590665702678
GWK60_G00011,2.2015360195548848,-0.03676827875138397,0.5339388727856949,0.5486005797783714,0.6664837912372173
GWK60_G00033,19.116517323482416,0.06837388505927756,0.45126965254419205,0.7877530249973843,0.8582688366009628
GWK60_G00055,14175.86511678244,0.2209308496812846,0.10760831736038196,0.036341744238397734,0.07600830994649772
GWK60_G00077,3837.6271315111294,-0.5214955878646222,0.10970495009253363,1.0989334997965915e-6,5.39513757416478e-6
GWK60_G00099,20604.2384655868,-0.09760096051820367,0.09656174059327574,0.3028781815149327,0.4256972676839123
GWK60_G00121,7394.48847544059,-1.1262995640933358,0.10401882287204627,4.747961209135763e-28,1.1504506929786102e-26
GWK60_G00143,2417.1537478191576,0.9354304927520154,0.12732280063061666,4.868899650820523e-14,4.990384866279593e-13
GWK60_G00165,19437.73603564474,0.3896131958583906,0.10082484050904242,8.563038956853637e-5,3.253212343579221e-4
GWK60_G00187,3.7995113893376207,-0.08767627933149696,0.5257625425190184,0.5605420196496425,0.6761481852071163
GWK60_G00209,10544.497760385082,-0.10637397656605162,0.27218509059560414,0.6455874354963089,0.746858711059586
GWK60_G00231,234.4772889710505,-0.04733235872313196,0.23020727693951298,0.8181925478604041,0.8783291989893844
GWK60_G00253,345.3668273667734,-1.1605936985656338,0.21542290082365115,1.1885843733710637e-8,7.326584566453755e-8
GWK60_G00275,1136.341182860092,0.0989870087132211,0.1360261034203845,0.460855045039322,0.5872941897277641
GWK60_G00297,1034.7610592473077,-0.14662022919645792,0.14263631343554029,0.28495194334979085,0.40581725843261113
GWK60_G00319,1610.8314314941836,-0.07990710826260437,0.12475437614556806,0.5192130723316111,0.6387511310995815
GWK60_G00341,4581.064916881161,-0.12974975141744896,0.10518580012183087,0.19798082498810485,0.305094717991634
GWK60_G00363,14.84091989744697,0.25738945937920465,0.5271111313305613,0.30598313537184785,0.429258091191349
GWK60_G00385,822.1187490188536,1.5773041760945035,0.16056557732526508,9.983561757051444e-24,1.8950746468800177e-22
GWK60_G00407,2142.4473217166046,-0.13177627784859527,0.12133475688317577,0.2567411546145438,0.37456853245373783
GWK60_G00429,2866.149869268026,-0.37266931613059895,0.11379999165608347,7.528198523245942e-4,0.0023888514082816632
GWK60_G00451,797.7639289582412,-0.658301206146776,0.15708531872325773,1.1686395570693392e-5,5.0782700752649466e-5
GWK60_G00473,4455.802770263936,-0.7970330416183453,0.12037028404428755,1.0681696546735605e-11,9.16221214400258e-11
GWK60_G00495,0,NA,NA,NA,NA
GWK60_G00517,2569.471799947075,-0.4373377358741459,0.11563798506621059,1.0123081428854099e-4,3.8101046637734325e-4
GWK60_G00539,2243.2960837104415,-0.12298780335807935,0.11732079044113897,0.28080007761538567,0.40133028418020417
GWK60_G00561,636.4158425823769,0.23507139068309246,0.16234632291911683,0.1285372676985378,0.2141473236878681
GWK60_G00583,3972.1142142032195,-0.3126605896623508,0.10837569610503614,0.003209657710796517,0.009000736129796311
GWK60_G00605,608.5891183695512,0.3530770701305807,0.16546342541815703,0.026535893817107067,0.05741632502962536
GWK60_G00627,0,NA,NA,NA,NA
GWK60_G00649,6.216251183309083,0.11082356797800098,0.5167920370912055,0.5520782359107999,0.6690921997809534
GWK60_G00671,3688.366349232263,-0.0921546790550484,0.10817607680258377,0.3759034459874205,0.5019046010670029
GWK60_G00693,2.142438270259523,0.006617742867105351,0.530155627700653,0.9499750736346013,0.9672674161833333
GWK60_G00715,735.6258085897657,0.1788503333211341,0.15557681914832913,0.22238263789228593,0.33456020315812285
GWK60_G00737,0,NA,NA,NA,NA
GWK60_G00759,3740.118675622208,0.08342280044471563,0.11067296744128184,0.44088157969426794,0.566414097023039
GWK60_G00781,2629.6484515069,1.5898294460630227,0.11979220775117853,3.787716295885758e-41,1.354817162161042e-39
GWK60_G00803,666.25991881606285,0.1667155701892431,0.15899381777617438,0.2733918722740391,0.3934029732941701
GWK60_G00825,1766.0126063789899,-0.026556225258608332,0.3523186711634828,0.9137752938309235,0.9446776435239865
GWK60_G00847,76415.0400945514,0.2111742110279502,0.09456612278931578,0.023704799124826863,0.05186842854695782
GWK60_G00869,27.059783305900417,0.7094341251203286,0.6715752097007834,0.05317037608290873,0.10470780428611763
GWK60_G00891,9828.238845252527,0.3738715490756591,0.10868207542884918,5.093900525584233e-4,0.0016781785064863344
GWK60_G00913,43.785893780217094,1.8798317588660647,0.6430438706238435,1.9571162366401865e-4,6.920320895934163e-4
GWK60_G00935,22697.31467917312,0.20222550318093982,0.09603526212860036,0.03364001419001405,0.07080832450404077
GWK60_G00957,2031.9310308858028,-0.7227382094687983,0.1222748577417851,1.2605491597436509e-9,8.464837141675756e-9
GWK60_G00979,54.81305726603409,-0.557214586868917,0.44777940181200593,0.07790972155267434,0.14268523717309706
GWK60_G01001,2460.509214874098,0.254563075999473,0.12611563125608355,0.04074362563626077,0.08359457413956929
GWK60_G01023,2920.733541458765,0.4139132938795326,0.11440753715159328,2.0987959655476734e-4,7.366801860380285e-4
GWK60_G01045,883.0572853898145,-0.23601894519204006,0.1506453233641143,0.09895705657000654,0.17309254938293228
GWK60_G01067,1924.7712367110435,0.22137844734031475,0.12927326806548928,0.08050241939013945,0.1467005620629866
GWK60_G01089,2272.994361525235,0.33226427647799767,0.11885565473146711,0.004103973853028795,0.01113451729578194
GWK60_G01111,6429.100083102458,-0.939494011124273,0.10391610708948638,4.215033593708909e-20,6.423955546585926e-19
GWK60_G01133,674.1434906642925,1.0428666884422322,0.16766989531621318,1.0470243289127912e-10,7.932642538074145e-10
GWK60_G01155,855.0002759401646,0.2555184082225452,0.14745314555633235,0.07129850200870841,0.13311358725955866
GWK60_G01177,714.3211683696185,0.6747063873021096,0.16262204226654356,1.5144636590963399e-5,6.484568338378303e-5
GWK60_G01199,1987.3606240154136,-1.0125203294257559,0.12366043940682896,6.08170462740082e-17,7.724058678954955e-16
GWK60_G01221,14178.945405187751,0.1920043573997659,0.09805666673944768,0.04839256811944108,0.09685882115417632
GWK60_G01243,932.1236298164699,0.18079754347701674,0.1496950209418427,0.2143625466173282,0.3250052681989365
GWK60_G01265,67.64107134341445,-0.18401175533943073,0.34888410044996904,0.4926483666064288,0.616015484332129
GWK60_G01287,3486.2681530474683,-0.16410051301567477,0.10889470207795957,0.12179159638346802,0.20492166841096796
GWK60_G01309,2096.280797894802,0.030264597920525393,0.12289539359037728,0.8004713204030226,0.865163318091491
GWK60_G01331,526.5796242217584,0.12256841728578916,0.17460211182757296,0.4822079185645832,0.6068571651059307
GWK60_G01353,1325.9294642800783,-0.14533543483159728,0.14038301168355807,0.28315957744154113,0.40403068064793035
GWK60_G01375,0,NA,NA,NA,NA
GWK60_G01397,7369.290781016616,3.648115602515144,0.1100005470100173,8.291589737577018e-243,3.353629141552305e-240
GWK60_G01419,189.90003878194284,0.6877473392712135,0.2968523609065554,0.006812012783588165,0.017540432525027704
GWK60_G01441,1922.176602062514,-0.03952420247565926,0.11987717055293738,0.7276603091884468,0.8135313429115146
GWK60_G01463,1436.1478436138589,-0.028962067686535854,0.12971225605363135,0.8178798996433552,0.8782427650269102
GWK60_G01485,1177.4761819030323,0.34213687664896725,0.13581172707920205,0.009085554247129176,0.022551556980071562
GWK60_G01507,0.2538720263626187,0.016041850941787405,0.5386186369723555,0.7991912608422177,0.8647034494780685
GWK60_G01529,4668.515780405733,-0.4129034671056521,0.10634664334210207,7.259369201874198e-5,2.8169566984099283e-4
GWK60_G01551,461.94805519323097,-0.16488450730189902,0.18157518785099402,0.3412723654149102,0.4675378054589885
GWK60_G01573,1323.9261881361867,0.4051310834299505,0.1327863629081665,0.0017385492994219938,0.0051529268412406105
GWK60_G01595,923.0193154890142,-0.03315530827325447,0.14301745771118526,0.8054905263660919,0.8688048092691789
GWK60_G01617,2186.849081961164,-0.5885763378383636,0.11997214358685279,4.491165615817908e-7,2.331149931685149e-6
GWK60_G01639,1703.425310891831,0.8178186155589069,0.12688327712673192,3.652925947658378e-11,2.8999229977218956e-10
GWK60_G01661,6888.943682841416,-0.4362203695869778,0.10234326543371469,1.4861403604945928e-5,6.368480860212362e-5
GWK60_G01683,35484.38265404077,0.38010123863334466,0.09800602542274546,7.590312810797352e-5,2.928089857606198e-4
GWK60_G01705,692.4348912368866,0.3707442971780156,0.1592416101130558,0.01463851860803722,0.03402711354600341
GWK60_G01727,843.7922144696305,0.36768610731401735,0.1540295882124134,0.01246706055506652,0.029648034553839787
GWK60_G01749,1225.9355957334462,-0.09298834143978965,0.1361024559835994,0.4805052531007218,0.6057292305930461
GWK60_G01771,791.3184147503923,-0.7728488442556213,0.15695686510160556,2.840270829863991e-7,1.5069771971165353e-6
GWK60_G01793,730.3479737165509,-0.40030895900751357,0.16100577241344888,0.008857613853064106,0.02207047311935721
GWK60_G01815,698.7056941311366,0.08005077001941924,0.16143881734359972,0.6021187908465323,0.7109680220685082
GWK60_G01837,1826.3490789116531,0.4437686672020775,0.12399359799321995,2.3381589657274759e-4,8.141748239599382e-4
GWK60_G01859,3244.224604372602,0.7392451276787337,0.11391403860165747,3.3179887903199236e-11,2.6594489419972804e-10
GWK60_G01881,1360.669015132237,0.23570460212919006,0.1302154941443922,0.061011158092169976,0.11720740564436599
GWK60_G01903,3054.2203150601526,-0.1569588223415753,0.11667989400620739,0.16360277750262855,0.26130723089575364
GWK60_G01925,443.6823640760654,-0.30134866185301973,0.18697010437762912,0.08301787070866065,0.1504162523039758
GWK60_G01947,79177.56587000142,0.44625144473200606,0.09536092404789837,5.782420675396758e-6,2.6190060610617435e-5
GWK60_G01969,8741.433050996358,0.5589160664763465,0.11265650181559793,4.461273491258875e-7,2.319521897505804e-6
GWK60_G01991,3656.7840598166936,-0.060495392090797954,0.11810390253899261,0.5979654909931742,0.7080213350206629
GWK60_G02013,535.3816773224888,-0.46656148024139893,0.1744984150065188,0.004786689481710956,0.012841027191242962
GWK60_G02035,1695.3785719749185,0.747967133964766,0.1286337744882288,1.993875308091216e-9,1.3187165245212091e-8
GWK60_G02057,576.464259359442,2.153852349506651,0.1816267353237184,1.434223823828888e-33,4.011249396644837e-32
GWK60_G02079,3020.1326718221135,0.10352447284711559,0.11129880163544738,0.3473916569779408,0.47406834476771675
GWK60_G02101,246.53933728595243,-0.02654172560486049,0.2197423940570662,0.8934350271965302,0.9316704325118389
GWK60_G02123,2146.28269301491,-0.08163685872642448,0.11886499718596241,0.4797399511193995,0.6049095115073867
GWK60_G02145,715.6496054380177,-0.10330932132924042,0.1546401696344517,0.48422542994716833,0.6089589358197108
GWK60_G02167,1222.734932008635,-0.08907754396030963,0.13272075350662657,0.4859573462734768,0.6099698559813658
GWK60_G02189,588.4533555664591,0.040065333723945995,0.16330175838588917,0.8006627435970322,0.865163318091491
GWK60_G02211,655.8886097310449,-0.18411181720104816,0.15892481952388637,0.21749541752081583,0.32861807624265793
GWK60_G02233,1091.6296166394332,-0.9497920121011038,0.14230657009711906,6.1293696413847245e-12,5.3713709290668136e-11
GWK60_G02255,1057.2392989589198,0.3139516554390104,0.14559397998553625,0.02470210278909882,0.05377913314502641
GWK60_G02277,2947.487415673144,1.5362677590420737,0.13263061355369127,5.104629494869361e-32,1.376417532514005e-30
GWK60_G02299,1241.007769271403,0.21576225912893293,0.1632665802476627,0.16607270265309945,0.2646893817975135
GWK60_G02321,25406.80896437649,0.3214123883131169,0.10299885792391554,0.0014461029422290761,0.004347403813745273
GWK60_G02343,3891.689034014674,0.14478308237442533,0.10783575008560654,0.16727084360330094,0.26651821080792615
GWK60_G02365,377.9920619524046,-0.05927384516625039,0.19114184059389502,0.7393978051461789,0.8228050072928274
GWK60_G02387,44.2329211392414,0.7694159944199104,0.5395544964821066,0.032698353255446885,0.06905119545859327
GWK60_G02409,1752.9195959211004,-0.22659944644696242,0.12290251985098968,0.057700210312498064,0.1121251004020091
GWK60_G02431,52.95747831854294,-2.7822034061047853,0.5628791732815456,5.2387655363826166e-8,3.030300240957074e-7
GWK60_G02453,725.4718190142864,-1.0219314918346671,0.1685878013950895,2.772009196467169e-10,1.9911508681727287e-9
GWK60_G02475,1381.6565082703323,-0.47027500158118374,0.13174937742583567,2.35272765309716e-4,8.187056254126319e-4
GWK60_G02497,593.1175277265813,1.0996839333461064,0.1738013138472583,5.1779940132605995e-11,4.03346555877396e-10
GWK60_G02519,578.0295621113675,-0.28910279575139364,0.1764224153151531,0.08289814465200021,0.1503029119242128
GWK60_G02541,5264.582242655144,0.45264531389536994,0.11671554606612167,6.67020728702408e-5,2.6048038283728737e-4
GWK60_G02563,682.9648920533391,0.6997034070646626,0.16500689620613984,8.748235565889864e-6,3.8621513522627126e-5
GWK60_G02585,988.7877950580648,1.8988171051915246,0.14985730221177573,8.241826499825362e-38,2.725504637489418e-36
GWK60_G02607,261.5435297788445,2.3907154433056976,0.2526949247698509,2.4374620800837264e-22,4.243766760622594e-21
GWK60_G02629,1156.640440595646,0.772683011758886,0.1406519578959785,1.3560362969382699e-8,8.310068588929398e-8
GWK60_G02651,730.3829313594084,1.1124963406081256,0.16169243447557438,1.1407344166539537e-12,1.0504345994337108e-11
GWK60_G02673,1564.856454333633,0.28386318125240356,0.12881362309734784,0.021175678505931748,0.04690047075997857
GWK60_G02695,1504.4362938960912,0.08774025481094758,0.12716191794898163,0.4793259717972343,0.6049095115073867
GWK60_G02717,1179.2862282380977,-1.0225702593435875,0.1400869702104504,6.287846167547872e-14,6.394873336357198e-13
GWK60_G02739,11.210692456103146,0.2787646395051753,0.5721094498785362,0.2058826257522962,0.314330950595092
GWK60_G02761,1240.6537425976453,-0.06234418635404374,0.13259381612234294,0.6249255249959715,0.7308403937786517
GWK60_G02783,17513.40920854581,-0.09098068544120211,0.09818963793997543,0.34320837141391786,0.4697005770157158
GWK60_G02805,240.27904312960732,-2.9113802441805547,0.2740239395598893,1.5357228735316746e-27,3.6210003896993476e-26
GWK60_G02827,2283.6628914807275,-0.17936197003739968,0.12222526439178227,0.13087633147333874,0.21756172965122197
GWK60_G02849,0,NA,NA,NA,NA
GWK60_G02871,4491.477137110042,0.022955439192664715,0.10527002218129015,0.8260095047527427,0.8825763007498315
GWK60_G02893,944.737300382617,0.5860681244824646,0.1482345233444325,3.8344704437920326e-5,1.562918263058799e-4
GWK60_G02915,418.80165700508826,0.5013614620028131,0.20034437341402717,0.006833373376019802,0.017578217813655636
GWK60_G02937,641.0858766446951,0.6512460837811377,0.1665299761636984,4.6630727510026796e-5,1.8673599790382397e-4
GWK60_G02959,12803.867157891906,0.33625858615982473,0.09925988983714583,5.704120096025535e-4,0.0018558187067989488
GWK60_G02981,739.6617029795078,0.6244017656331236,0.1644724352634303,6.587983132998623e-5,2.5773523298591337e-4
GWK60_G03003,324.8950738763242,0.23034242363083135,0.20326899402734264,0.2207724486358054,0.3326497720823344
GWK60_G03025,1794.350280952502,0.16248656781358398,0.12568220276705344,0.18430184684752574,0.28789634899711536
GWK60_G03047,1512.7992406273586,-1.2925517228710193,0.13556463883665837,2.412250915332309e-22,4.2138256853213555e-21
GWK60_G03069,611.389579011971,0.9142208419948932,0.17229601460651103,2.89913574502293e-8,1.7205029060192512e-7
GWK60_G03091,968.2426410044754,0.2961213050978643,0.14282970751364782,0.03270016673486064,0.06905119545859327
GWK60_G03113,3198.3500008537976,-0.7406126241635322,0.11258667749082593,1.795054877108906e-11,1.4957842383262482e-10
GWK60_G03135,1598.0922846605895,-0.0303701536147869,0.12457773606405466,0.8123848194827175,0.8740575774176649
GWK60_G03157,2943.2146834613272,-1.5394789043157233,0.11843816888949837,1.3958248135322817e-39,4.704645429200472e-38
GWK60_G03179,12149.859595324659,0.09246996531312875,0.0977666574213871,0.3373912944347416,0.46356715361399425
GWK60_G03201,261.5228905941393,0.4584707291230297,0.23077834781056494,0.02792744613478989,0.05998468618330279
GWK60_G03223,4370.446842092296,-0.01726054250967673,0.1080056613739971,0.8664286219616943,0.9128358922949004
GWK60_G03245,2.694140188024117,0.0790688204509206,0.5353273785177073,0.4620794729952244,0.5884267059842311
GWK60_G03267,1731.8926072434774,0.21368991000783147,0.12582799473074846,0.08104122204100843,0.1474445486130181
GWK60_G03289,908.839702984822,-0.39806634672683927,0.16231889062850124,0.009577531787510564,0.023587195381138428
GWK60_G03311,8933.530683116292,0.9927591935752125,0.10960778746130201,2.8662452163167366e-20,4.445639335514277e-19
GWK60_G03333,938.6774172094249,-0.03190506802024837,0.14440513863350926,0.8194404078723991,0.8785554266982031
GWK60_G03355,883.9368802742745,0.2126134606355562,0.14608383081660006,0.13267922108356303,0.22014116265616107
GWK60_G03377,1815.444483801228,-0.13934495365734853,0.13283279630436823,0.25352228142325606,0.3715560780557244
GWK60_G03399,51.72864156062292,0.29408191972342207,0.39855357564611243,0.30398229460670784,0.42690675882533913
GWK60_G03421,565.4786942438581,-0.5221254603838611,0.17389952799749883,0.001536571888576485,0.004587901754761588
GWK60_G03443,33300.9728217159,0.3436004342977594,0.10461028842841631,7.222554676989256e-4,0.0022988009982814472
GWK60_G03465,1332.063722772566,0.4219991899377853,0.14137188732514325,0.0019062616468424698,0.005602640435493408
GWK60_G03487,739.1808433870763,-0.11431099101626867,0.15597291013782846,0.42764643456079726,0.5534247976669141
GWK60_G03509,5000.4752916330835,-0.025331512514846916,0.10454351055977817,0.8020917756056682,0.8661734557680435
GWK60_G03531,3759.4424521047354,-0.15933813716227663,0.11004806682390167,0.1385533727695441,0.2279454424350009
GWK60_G03553,44.855670883831095,0.02594103019629216,0.3771155378560987,0.9255785440215426,0.9533187041068113
GWK60_G03575,4568.146617465813,-0.099558801944258285,0.10819879745881075,0.3400908141060482,0.4662647161756227
GWK60_G03597,625.1487774231279,0.15516320529302327,0.1727890796538097,0.3403963075912588,0.46645915697545964
GWK60_G03619,1613.0703690065022,0.10748994109314455,0.12639398154414744,0.3687580821442068,0.49501630493637344
GWK60_G03641,4921.210394421255,-0.24392013163734008,0.10903227013480972,0.021947299114076828,0.04848693224446049
GWK60_G03663,36720.742503997375,-0.044060519102112464,0.1013305201165283,0.6564690163722353,0.7564571746844648
GWK60_G03685,0,NA,NA,NA,NA
GWK60_G03707,276.0953811213489,0.05835126285989998,0.21366735261028408,0.7675510701693189,0.8438957048775888
GWK60_G03729,3152.2100975482226,-2.743786597746118,0.11686493410118011,4.551320577131262e-123,5.9827108986390435e-121
GWK60_G03751,489.13964472617556,-1.1250397189374197,0.18662575239600265,3.0276431490597705e-10,2.1629548475212327e-9
GWK60_G03773,952.258363596351,-0.5470037760481625,0.14903919981578112,1.2797153904872167e-4,4.7301669556808695e-4
GWK60_G03795,2972.35727454097,-0.597897789063224,0.1227660090280909,5.307218976921467e-7,2.7277964203961947e-6
GWK60_G03817,0,NA,NA,NA,NA
GWK60_G03839,2679.0869547176953,-0.4436745556090723,0.12554299070883526,2.607096575333067e-4,8.971278660406587e-4
GWK60_G03861,2269.388391784837,-0.08391263046581568,0.11633132860706218,0.46058528334286986,0.5871589496690133
GWK60_G03883,1780.2286054986694,0.24860826488476415,0.1230039303452689,0.04103287072388582,0.0841461912114632
GWK60_G03905,321.652197491858,-0.05720402100917494,0.2001015185750678,0.7566645053385748,0.8352629535487225
GWK60_G03927,1167.1211057837427,0.1527608997585067,0.13915638775906214,0.2649008317097444,0.38370484108259945
GWK60_G03949,1204.4045437350758,-0.326133358821712,0.13502021606299977,0.012329690635623104,0.029373694326990062
GWK60_G03971,128.22507910262746,-0.42114201056836714,0.3009344425618039,0.095344566844903,0.16834175032588986
GWK60_G03993,560.0270129865016,0.0927034039960978,0.16623823265831678,0.567828682367089,0.6824327341454067
GWK60_G04015,397.74361748578656,0.0890145909850769,0.18646256502086692,0.5982907297168887,0.708037960128607
GWK60_G04037,6451.395410915538,-0.425809926340484,0.1027640808859938,2.5715274950238108e-5,1.0697066114584807e-4
GWK60_G04059,0,NA,NA,NA,NA
GWK60_G04081,110.72727396174234,-0.6390425374488553,0.3400675670011435,0.021860842641846758,0.04831622976495597
GWK60_G04103,0,NA,NA,NA,NA
GWK60_G04125,0,NA,NA,NA,NA
GWK60_G04147,850.0081109421078,0.3849062744149932,0.1495804723723139,0.007494934342623328,0.019093199987167374
GWK60_G04169,6116.036190399206,-0.09281792232587531,0.10472127391198481,0.37584329002239236,0.5019046010670029
GWK60_G04191,928.0989903217554,0.14141912495383502,0.14305179658798353,0.3093272895544806,0.43291000491814186
GWK60_G04213,4178.196817257343,1.4926603495584114,0.10926045127350692,2.863804348613611e-43,1.1071972988978211e-41
GWK60_G04235,4844.451285959154,2.1703097043978037,0.10817708569529409,2.2871619241268707e-90,2.0382876944167942e-88
GWK60_G04257,32.84078273111614,-0.05605151731372965,0.40856877336924785,0.8306425805152287,0.8861451870751036
GWK60_G04279,2346.7368372580586,-2.397161792907103,0.12200851861094976,3.6617704580836113e-87,3.0561252489847027e-85
GWK60_G04301,852.171908853192,0.16830849991785984,0.14760062988697634,0.23601608148725908,0.3511523928862502
GWK60_G04323,623.7737476798168,0.08480895017197415,0.1671989857410616,0.5942928778534483,0.704893289364636
GWK60_G04345,337.82386523476305,-0.5588175607981871,0.20866159531674003,0.0036090606778575746,0.00996661819547013
GWK60_G04367,461.44553541835984,0.020303567802566976,0.17726393580308472,0.8867099871548308,0.92727150208037
GWK60_G04389,726.9087480676446,0.13118347578537076,0.1572147745593146,0.3828630018042526,0.51003133100754
GWK60_G04411,3073.062035171148,-1.7836347786069817,0.11671983566031284,9.19152190612141e-54,4.474909461332071e-52
GWK60_G04433,321.29444550717005,0.089694972410503,0.2012631267774085,0.6320587720813503,0.7359089954835561
GWK60_G04455,810.749497045023,0.40648419415341985,0.1516509301117075,0.005102523467724012,0.013591220057392531
GWK60_G04477,903.9626026362839,-0.288244702223725,0.14670935821663722,0.039332250613208324,0.08129283558343135
GWK60_G04499,1413.6441886555947,-1.1139452890534383,0.13751970210292372,1.1844562626145836e-16,1.4645909576723498e-15
GWK60_G04521,2803.489355096267,0.20593173653571867,0.11295161631172004,0.06130642494087684,0.11773162247594245
GWK60_G04543,1083.552632467702,0.3848685946727856,0.14982012576883702,0.007222082337442729,0.01849278534727632
GWK60_G04565,4.213274411885457,0.1499995720182723,0.5445602364758458,0.33437066938841736,0.4603616076575801
GWK60_G04587,781.7446556875232,-0.37087230757308454,0.15787457422975013,0.014387206645088588,0.033576534638204966
GWK60_G04609,1130.132118918896,-0.6320123206249214,0.14063231109276333,3.142061403654251e-6,1.475085612536969e-5
GWK60_G04631,13260.071607869977,-0.08583504083476476,0.09714884492143878,0.3898771260491406,0.5166264941447534
GWK60_G04653,1899.7384278068544,-0.30948134433153324,0.1214994624015286,0.008784758688089648,0.021901498900889223
GWK60_G04675,1720.3282284461486,0.07639587502142976,0.12516500757287943,0.5501139902539101,0.6673971759933224
GWK60_G04697,1677.0088208754896,-0.017405255387479838,0.12379925425774917,0.871431677435957,0.9154820699217306
GWK60_G04719,90.86657961910477,-0.45511205744349775,0.3496516736161145,0.10043950944755994,0.17516117435332343
GWK60_G04741,641.5695079114138,-0.16611735623734297,0.17071542791560607,0.3062012024391859,0.42944943249539597
GWK60_G04763,225.6741999530642,1.1726243778634216,0.2571285029793567,8.276319542794889e-7,4.117018747021336e-6
GWK60_G04785,431.64804626517787,0.03359162741050131,0.1819565517788326,0.8425799733572995,0.8946456986899599
GWK60_G04807,30750.1458545727,0.3812412867405382,0.10206293531934926,1.1377255909436506e-4,0.00042486940036801953
GWK60_G04829,1160.7504198697934,0.868082045339902,0.14279477331311802,3.4249797618869425e-10,2.4335869713515598e-9
GWK60_G04851,4989.259430196106,-0.36638530888185417,0.10549465329526722,3.712112904286841e-4,0.001251172413508988
GWK60_G04873,1731.5400329402155,0.08842864855839241,0.12673772812347825,0.49208377304229023,0.6157488050110334
GWK60_G04895,368.37205335918077,0.22693795601910605,0.19955566560225357,0.21521095059765707,0.3258218192463233
GWK60_G04917,0,NA,NA,NA,NA
GWK60_G04939,391.41775841324613,0.12731920523125276,0.18773658387197717,0.4606372513093724,0.5871589496690133
GWK60_G04961,433.42966309246833,0.0592790433554543,0.1873260280834224,0.7373503856193084,0.8210479304503014
GWK60_G04983,256.4576922242033,-0.3680050106100072,0.22793514650317573,0.07373055884016112,0.136608106505408
GWK60_G05005,2329.526390280232,-0.4506918648695816,0.11811845457527953,8.458397196645007e-5,3.2204382664706335e-4
GWK60_G05027,677.6519835666612,-0.5408223416045298,0.16300340768259716,4.829072954561805e-4,0.0015959312127646745
GWK60_G05049,2.0032897346739977,0.06879704734910777,0.5335771142811946,0.5371597291011154,0.655918684536383
GWK60_G05071,1776.1304829949572,0.28806106751979993,0.12800198407270227,0.022834270037828203,0.05017241615499402
GWK60_G05093,1392.5552184678227,0.12439009989098734,0.13592384492580964,0.3454839513038246,0.4722003160788951
GWK60_G05115,77.66977765316366,-0.21335613192080233,0.33734631725801656,0.4204060669262033,0.5464759208647656
GWK60_G05137,4995.723734772115,-0.6797949467862481,0.10824372298617783,1.3728872522871198e-10,1.0312344532179538e-9
GWK60_G05159,480.16224031881364,-0.7795108335702472,0.18632368619859047,9.500332395464254e-6,4.166200811955884e-5
GWK60_G05181,907.9611081982821,0.28544205584930465,0.1493852115398141,0.045594912540802106,0.09220694236136055
GWK60_G05203,1925.6741312606023,-0.641795493475915,0.12874532749569068,2.672473324353008e-7,1.4265852527358492e-6
GWK60_G05225,141.8443956116571,0.39739801901735783,0.2889337755695241,0.10630744817337433,0.18393042530292933
GWK60_G05247,2210.3768840332764,0.28100177829614786,0.1181394734046736,0.014623004702845286,0.03400608523996484
GWK60_G05269,278.07292955307634,0.53617061072476,0.2255625201740014,0.009004306665840092,0.022374595675324762
GWK60_G05291,2636.1001835643297,0.15491062996000654,0.11407232437157921,0.16446110234843128,0.26259838328212926
GWK60_G05313,1352.0730731409733,-0.8650439181768305,0.13426367099808517,3.4017248194254465e-11,2.7182779788053187e-10
GWK60_G05335,1.042801444204512,-0.06231690405186726,0.5425365248767648,0.3672828813800125,0.49403258897316604
GWK60_G05357,1287.5450138268607,2.3996409772911123,0.1413128465013428,8.446925647625559e-66,5.287373220858951e-64
GWK60_G05379,1704.7224671393712,1.9656055492453919,0.13273270575969498,1.0692454093365854e-50,4.724447363270392e-49
GWK60_G05401,173.32886967597287,-0.18711932578887777,0.25342173067905166,0.40170915431633597,0.5276509451399687
GWK60_G05423,879.6120218357464,0.8221600787311083,0.1519022320463116,1.8746930314882893e-8,1.1356147418854177e-7
GWK60_G05445,53.25171115772083,0.01525271751882897,0.36248825275328034,0.957196436147032,0.9719851025996705
GWK60_G05467,516.701383596748,0.6267469730725057,0.17992842625724417,2.1876890586230608e-4,7.648184222234078e-4
GWK60_G05489,707.5219116358201,0.13800170395473424,0.1552375427967348,0.3520819653095745,0.4783583911105278
GWK60_G05511,489.14556724194097,-0.9355561686919062,0.1891904638777279,1.8245398079439886e-7,9.951691193121879e-7
GWK60_G05533,194.7086735263776,-0.6283774362263388,0.2639007332184566,0.007031999499377502,0.018036221154988735
GWK60_G05555,1443.8343936920476,1.191062706329241,0.1406591561541529,4.046793988571611e-18,5.55562474984583e-17
GWK60_G05577,892.5350011364408,-1.3409331429763904,0.15283134816337454,2.4553643575987708e-19,3.576261992314221e-18
GWK60_G05599,2202.9927229931977,-0.14040521590306687,0.12085997323943115,0.2310924306482922,0.3452924127163173
GWK60_G05621,506.9812580731484,-0.6583022213106615,0.18684551728735102,1.7582125283144363e-4,6.280354262144909e-4
GWK60_G05643,3548.0458420301165,-0.38411366355207044,0.11258472033566796,4.8135804323092647e-4,0.0015937795604351118
GWK60_G05665,1067.141413138955,0.2760737241676528,0.1431747224432981,0.047239889913385145,0.0950946941671436
GWK60_G05687,241.57082711686718,0.6350717955544808,0.24122031406709024,0.0035400151997707265,0.009806849273126703
GWK60_G05709,2559.932874079623,0.2656444937038994,0.11775614290520318,0.021040492501848626,0.046620695143160584
GWK60_G05731,825.2419125759627,0.7981601071035527,0.15726616014277803,1.318596587367456e-7,7.313481916010636e-7
GWK60_G05753,21401.707503479767,0.38262144380625374,0.11065314986904641,3.929272002013399e-4,0.0013209790400630723
GWK60_G05775,948.6398553966159,-1.437156374937259,0.15156123967695595,2.838073833829838e-22,4.924947926824188e-21
GWK60_G05797,114.9855818666827,-1.3169132508450367,0.35935331148987226,3.0399407677501114e-5,1.2549179117106435e-4
GWK60_G05819,3002.1113358135835,-4.523470128360498,0.1459420402545015,5.015108996641588e-213,1.648090194021342e-210
GWK60_G05841,5190.147144195977,-0.08483865090336774,0.1038593800074471,0.3838236916540481,0.5111816035250722
GWK60_G05863,1733.4169981740538,8.487879137821663,0.3554171789851976,1.9719990031757451e-125,2.7286238838679127e-123
GWK60_G05885,2642.709912002985,0.5830828497506653,0.11551756197941211,2.415191246166659e-7,1.2984739849022794e-6
GWK60_G05907,1363.962370872759,0.20275161591831214,0.13241085258199234,0.1180792211799868,0.2001815741989458
GWK60_G05929,476.443641462588,0.4695145743599543,0.18637160513146572,0.0069984425347451576,0.017958912077935596
GWK60_G05951,3727.334755717834,0.15394609554449912,0.12588580732813465,0.20744896903534008,0.3163476447760494
GWK60_G05973,161.62010338069084,-0.28849277412938507,0.26851040932156733,0.21513416064718421,0.3257993711644282
GWK60_G05995,0,NA,NA,NA,NA
GWK60_G06017,1349.4795163689555,-0.08536828065766498,0.13029215453585224,0.49834589810186797,0.6210719915192278
GWK60_G06039,2250.0111604587064,1.1872225356223196,0.124786613608528,3.1341712286574536e-22,5.4208790527239776e-21
GWK60_G06061,2918.170549030016,-0.3631686820504509,0.11276915062765881,9.177833180531817e-4,0.002865620360049661
GWK60_G06083,379.6421385662398,0.3009757106018338,0.1969937682677799,0.09840549236281443,0.17247202628122607
GWK60_G06105,882.5863452107109,-0.7044138803902735,0.15139053043869843,1.2644868643967717e-6,6.16188316311235e-6
GWK60_G06127,2367.946137495267,0.06159849627496969,0.11634584412643988,0.5872246724369903,0.6990326754977801
GWK60_G06149,669.996048129671,0.12602122896849868,0.1601280429397961,0.4096818429803497,0.5350489643295278
GWK60_G06171,3161.7377615733762,0.5133588606226589,0.11486733600060081,4.568174348449359e-6,2.095938981164636e-5
GWK60_G06193,1664.9492015494131,-0.7378102768516829,0.1272216487585278,2.4507604333335432e-9,1.604744502922512e-8
GWK60_G06215,1050.4192949997707,0.550261679205199,0.15183555237545288,1.4143814555660922e-4,5.164456731504523e-4
GWK60_G06237,558.3017069614646,0.1236111709589622,0.1666164002210287,0.4388288738018673,0.5651144301861911
GWK60_G06259,30327.151329908702,0.3537077991071149,0.10123512601635062,3.632469866236954e-4,0.0012266876401203534
GWK60_G06281,0,NA,NA,NA,NA
GWK60_G06303,822.7963043547722,0.15384045083937473,0.15091147964117932,0.29726997226059293,0.4197222111026309
GWK60_G06325,515.3930703116946,0.32140878880746765,0.17763934414337873,0.05458886170085536,0.10714006525684863
GWK60_G06347,501.41141325285105,0.3776489430896905,0.18058246518415244,0.02592963726946965,0.056152402291133205
GWK60_G06369,1237.6674016772204,-0.5022202729682504,0.13535143017194604,1.2094319219943005e-4,4.5004904783057555e-4
GWK60_G06391,3094.374825157011,-0.07849699246710357,0.11223790931154397,0.47339721657113687,0.5997885698147079
GWK60_G06413,1066.6247655052794,-0.6199206335741752,0.15264321104671028,2.0226461144048138e-5,8.562860925555967e-5
GWK60_G06435,0,NA,NA,NA,NA
GWK60_G06457,7125.2711063044735,-0.6514953372166347,0.10535275931425082,2.750264394343988e-10,1.97823395149941e-9
GWK60_G06479,3300.807299946123,0.038881464038620285,0.10952155538773502,0.7168959183833541,0.8053441098399141
GWK60_G06501,1315.2267490632294,-0.0510222761981475,0.13160496633296714,0.7062487241170043,0.7972210801647078
GWK60_G06523,61.107927568399745,0.13720743822864287,0.3538048599045746,0.6121145003120856,0.7199116379191229
GWK60_G06545,283.7204160203559,-0.22242863905681007,0.21265693632943575,0.2532147248737587,0.3713815964815127
GWK60_G06567,3130.2324348097004,-0.6948353460235155,0.12299829497294505,5.90969180692516e-9,3.7441386344987316e-8
GWK60_G06589,410.8201874451873,-0.3460876980896887,0.19009646056349117,0.04994065716912226,0.09950283266208595
GWK60_G06611,2998.8372066773627,-0.4178377227368581,0.12366270081183423,4.694343370545852e-4,0.001557278072071299
GWK60_G06633,5466.589473415523,-0.10901167102945745,0.10321566088227747,0.26850656080975205,0.3879125579699917
GWK60_G06655,413.91151644512604,0.35013569120835525,0.19489262041687047,0.05228144338647313,0.10311171392575982
GWK60_G06677,4910.887333670391,1.5037288553721706,0.10820541226293884,1.3545697080533266e-44,5.355133477401798e-43
GWK60_G06699,449.78074406066776,0.8184202500694042,0.19050416851595017,5.286367068817207e-6,2.4149190310895635e-5
GWK60_G06721,8.797803853487055,0.014835647826732155,0.48944638369489407,0.9443718915146457,0.9636148662107525
GWK60_G06743,974.3063354212372,0.19715566806316392,0.14544869388280146,0.16490401553798373,0.26322565686057026
GWK60_G06765,1532.4974442465273,0.0537948471923108,0.13211586841970535,0.66062383843086,0.7602451614071924
GWK60_G06787,457.8317596451118,-0.052824789475887916,0.17866750896421085,0.7633487268159831,0.8402609141719174
GWK60_G06809,890.3440469922238,0.2151154292271438,0.14533892246131483,0.12403676856809363,0.208033597808943
GWK60_G06831,2656.985922335565,0.7998578322477854,0.12158430326442973,1.5251507281157068e-11,1.274919320895451e-10
GWK60_G06853,892.9759227725369,-0.35149958380709073,0.14849584406365873,0.014574290759205582,0.03392280691097961
GWK60_G06875,0,NA,NA,NA,NA
GWK60_G06897,1206.414415152719,-0.015948596315494543,0.13360052601479083,0.9013216219042139,0.9359026475616062
GWK60_G06919,29002.734276032297,0.23717123954433744,0.09615996098029338,0.013062106018602556,0.03088154381556306
GWK60_G06941,1960.4848353131142,-0.3034399417894818,0.13027847094142742,0.015273176718247473,0.03525301281147727
GWK60_G06963,12011.63426612979,0.5942587914151896,0.10154261088849363,2.4321804944356966e-9,1.5945642194193134e-8
GWK60_G06985,2614.3070888391253,-0.34042547934244916,0.12034529630069238,0.0035931761515286143,0.009933186227517064
GWK60_G07007,1291.4815057987416,-0.2647707399764071,0.132037525149748,0.039908532700799776,0.08220631019356249
GWK60_G07029,2525.7202110268076,-0.38612084187653534,0.12308007641796714,0.0011396159707052031,0.003495974780611411
GWK60_G07051,2577.3094518767625,0.01502173135727826,0.11389715646700052,0.8935743611938387,0.9316704325118389
GWK60_G07073,876.2822187986449,0.2389271716427751,0.14664452160025135,0.08990308861343575,0.1606765601391724
GWK60_G07095,7028.171186180471,-0.7480590850054226,0.10627916827861086,6.948899015492137e-13,6.524519825617438e-12
GWK60_G07117,4882.141165507452,-0.26966677706607756,0.10530553632709619,0.008404479285365462,0.02108337408513912
GWK60_G07139,442.98741105920317,0.07998140459941677,0.18011942428257471,0.6404239517203856,0.7418702661700347
GWK60_G07161,9015.563450160069,0.08540156477730128,0.10275798003195345,0.37740119585880616,0.5036486009709652
GWK60_G07183,5188.275547745477,0.049814282685816495,0.11261467217898825,0.6509715976081548,0.7517699671038168
GWK60_G07205,777.4861027215964,0.07300099374531753,0.15018299909766955,0.6153659218037286,0.7223920555579383
GWK60_G07227,484.64346746590206,0.2470692143773694,0.17693631649350658,0.13944570397130404,0.22927001609791017
GWK60_G07249,2100.6342875507944,0.9966573931378515,0.12370859191736908,1.8180773107627575e-16,2.207725288681427e-15
GWK60_G07271,41.66004455798572,-0.38202379063781206,0.4525720869872664,0.20086875729177042,0.3081003284247751
GWK60_G07293,1486.7630554177044,-0.10185308557992011,0.12711043895703067,0.4147322488728283,0.5405706902759869
GWK60_G07315,1772.1294366342768,-0.34252320953019055,0.12347642128125547,0.0042474128518739515,0.011494028191020708
GWK60_G07337,12459.07056296435,-0.4804201414623721,0.09903395682028056,6.94371606472147e-7,3.5004850496937188e-6
GWK60_G07359,7.766297148252003,-0.11033342195024436,0.5086303069609179,0.5749858678574392,0.6886732786319854
GWK60_G07381,1421.475349169358,-0.29045392372896633,0.15496705535784794,0.04853241049511004,0.09709757815875185
GWK60_G07403,1768.0443288824008,-1.240070190681709,0.12963597723852946,1.6658724426964705e-22,2.939314531442296e-21
GWK60_G07425,1687.9089796247754,-0.0887012792998528,0.12340385785875135,0.45314142121655915,0.5795712947595885
GWK60_G07447,744.4500941086116,0.20932902474912995,0.15423052017412828,0.15654356013353035,0.252177095337654
GWK60_G07469,131.9355493033988,-0.6479239063967117,0.32085611892816657,0.0156872183723888,0.03606619772716236
GWK60_G07491,2576.5935755664814,0.02608265723377066,0.11379321955610218,0.8155174053923144,0.8765311769322954
GWK60_G07513,2575.2160937767735,-0.6903369866315857,0.1251511668046312,1.317325571374519e-8,8.091703100802829e-8
GWK60_G07535,318.32399643045534,0.3664727632242118,0.2134417080401317,0.06076733216143875,0.11680286152533016
GWK60_G07557,5269.577870102124,1.1051351293971945,0.10656406821649737,8.302128840342179e-26,1.8038261753107097e-24
GWK60_G07579,584.4742888719423,0.2516667928307267,0.16639583148604084,0.11483356347289621,0.19578303396254482
GWK60_G07601,231.43575439594395,0.33249144485096144,0.23854629252487952,0.11983884947296526,0.2023483206579484
GWK60_G07623,1461.206273390423,-0.03798038465037649,0.1308325160255463,0.7631580458848857,0.8402609141719174
GWK60_G07645,3665.6967109240013,-0.05453280352285267,0.1079158603416262,0.6043090795953456,0.7129138749186286
GWK60_G07667,686.0485680830565,0.3668036842843795,0.16326329892874866,0.017900101168295508,0.04042900856653685
GWK60_G07689,201.28373329514446,0.685215632060244,0.2623066562625583,0.0033146878431502933,0.009260695366250925
GWK60_G07711,1287.6727772289023,0.804137483537215,0.135636221135347,9.906313285966422e-10,6.747071924561068e-9
GWK60_G07733,1098.9388451515397,0.038845456421514914,0.13707635105250007,0.773596885394284,0.8482945617107706
GWK60_G07755,481.87318451130375,0.7187871524544354,0.18819644917588912,4.926993562750551e-5,1.9670563517799848e-4
GWK60_G07777,8957.17119901822,0.5752159158527272,0.1130764804874375,1.7729960919026522e-7,9.700742405019924e-7
GWK60_G07799,1355.427242207815,0.8566036144949137,0.13452707249065124,5.782009845877228e-11,4.4774385522271673e-10
GWK60_G07821,1119.6084409939083,1.0281256503301548,0.1517665436951133,2.5308660225622723e-12,2.2708692059099705e-11
GWK60_G07843,10.659869253867123,0.38239446657294873,0.6508556558090157,0.11365036553606452,0.1942065719820043
GWK60_G07865,3157.5443650992443,-0.03189099612025007,0.1105656251124667,0.7598773371624565,0.8377930465087432
GWK60_G07887,7939.640399474544,1.5725057781806313,0.10361926529090842,6.1026450014294885e-53,2.890784452028491e-51
GWK60_G07909,48780.560441683854,0.16280840372447872,0.10104932249663877,0.12052514546642407,0.2032352127322233
GWK60_G07931,815.5612117127105,1.6536859875479992,0.1635237064098079,5.019335359549237e-25,1.04728830636944e-23
GWK60_G07953,496.4961227023035,-0.07719795895562545,0.17823962025228512,0.6566754108250012,0.7565292090529923
GWK60_G07975,416.0674197119275,-0.085225756391369,0.18350874163619302,0.6344527071244632,0.7379117899802219
GWK60_G07997,6951.431470923897,-0.06891212522846386,0.10415339187531865,0.4971013896274989,0.6206014372542578
GWK60_G08019,5777.177208309953,0.2166839077531993,0.11086776945185296,0.04503332558286524,0.09117644432603213
GWK60_G08041,1038.300431624972,1.618721829558469,0.14863798612839343,1.3744931885468502e-28,3.377142609990345e-27
GWK60_G08063,558.1121050004676,1.7572948368410706,0.18118623803410286,3.0210774415679406e-23,5.632916733249728e-22
GWK60_G08085,1323.1266170931253,-0.6704517076813299,0.1343416480537949,2.514444102679431e-7,1.349076233866168e-6
GWK60_G08107,1027.622877954013,-0.3252162899321017,0.14067112998977008,0.01627552403538816,0.03720726320785694
GWK60_G08129,1033.9750751066715,-0.008392284463994959,0.1424873378198144,0.9445774455742312,0.963637603575729
GWK60_G08151,517.7818037567849,0.34047501978016176,0.17488561061687685,0.039057513613227235,0.08078851556976742
GWK60_G08173,545.2807807308396,-0.21109390631024755,0.17269426497994342,0.19781227202165144,0.30492434074753544
GWK60_G08195,682.0711588074377,-0.5042116322296174,0.16642941386399704,0.0013846560856393218,0.004181804536640754
GWK60_G08217,600.113859783674,-0.04355271172743442,0.16257292903214746,0.7789669385375407,0.8514982376271772
GWK60_G08239,302.7324343684161,-0.08972028893260316,0.20664320379028167,0.6366383848461168,0.7395150601072851
GWK60_G08261,0,NA,NA,NA,NA
GWK60_G08283,1824.3443464164964,0.23215012867340107,0.12186982874936737,0.05542934845652205,0.10854656021765101
GWK60_G08305,1635.9980910871113,-0.20431464417543646,0.15607243431839893,0.16574417502850008,0.2644062112560235
GWK60_G08327,2380.9149924123276,-0.18573049362228963,0.1198155136128782,0.11085166325447929,0.19016575706102842
GWK60_G08349,595.7045268193015,-0.5579476837802653,0.1695185553604513,5.663170707383802e-4,0.0018449164547350702
GWK60_G08371,3171.513359008886,-0.3134802655381137,0.11101173675713032,0.003526683190457962,0.009775066007078526
GWK60_G08393,2024.5041558035841,-0.2186808900843504,0.11946332021555196,0.059738286045930636,0.11518295123927513
GWK60_G08415,3293.2607565194435,0.4351807781376243,0.1226677054080448,2.5639597033848754e-4,8.84019680026077e-4
GWK60_G08437,3673.8968788366315,0.5323586845308169,0.11547748002923425,2.2697302593535374e-6,1.0770976266860017e-5
GWK60_G08459,4043.007436589015,-0.1264140232018371,0.1095527578262777,0.226426772926909,0.3393819760688961
GWK60_G08481,646.6714287143604,0.634912465462583,0.16947168151645053,7.89762612630752e-5,3.033288398256022e-4
GWK60_G08503,1676.800349433586,-0.05065297685709808,0.12380255728279962,0.6662289658257671,0.7656900332922149
GWK60_G08525,1944.945514934809,-0.2487650672376737,0.12044652044748297,0.03363313771493933,0.07080832450404077
GWK60_G08547,672.3865470926961,-0.32114023345082277,0.1645347255103732,0.041857651681184674,0.08563717219442374
GWK60_G08569,1444.0834603448498,-0.0833259665215974,0.12752478050288807,0.5030453675862866,0.6245602226136233
GWK60_G08591,512.1219469482246,0.2226667860846412,0.17695585162406227,0.18097829160456747,0.2839701155645526
GWK60_G08613,390.7105233754266,0.19768663454262092,0.18915813111368412,0.2588302027719904,0.37698869977150296
GWK60_G08635,1083.1151374598633,0.24984070550631007,0.14032190211345702,0.06818432131115332,0.12843648865676058
GWK60_G08657,2089.216265209311,-0.5592202509663197,0.1516762895491655,1.2696078906448188e-4,4.697817233645642e-4
GWK60_G08679,0,NA,NA,NA,NA
GWK60_G08701,1455.5017913802624,-0.9073994977551068,0.1323007002719458,1.8280660891929124e-12,1.6600987041409903e-11
GWK60_G08723,299.728131397609,-0.8958463535950053,0.22577641774128446,1.844709639691542e-5,7.828477228004946e-5
GWK60_G08745,144.1191508890964,-0.27149348034541027,0.27613112253326777,0.25201884454067636,0.36973077137133825
GWK60_G08767,1.2339773189442251,0.07728456420643309,0.5450661515279286,0.2753312884100969,0.39586872148216834
GWK60_G08789,4.530029158607438,0.12643709162526126,0.5332763570837205,0.4326731697808932,0.558692418150279
GWK60_G08811,51942.892185961195,0.4322866298962444,0.09475007207057264,3.473726271447781e-6,1.622100598159186e-5
GWK60_G08833,91.90144050729862,2.0308925146605916,0.42250214055706437,1.0544176686794039e-7,5.930282975964157e-7
GWK60_G08855,444.55599096100707,-1.0233322441477168,0.19302795833953698,2.5161483372402043e-8,1.4999895643094097e-7
GWK60_G08877,2034.409624033043,-0.20156607811827812,0.12419647872038304,0.09750369058701505,0.17117676297379805
GWK60_G08899,253.86885943082402,-0.25985353675604606,0.2230737404383295,0.19891575618709548,0.3064456624763399
GWK60_G08921,731.5601866727629,0.3572212079896524,0.15661504158328143,0.017823584797517326,0.040273488983818696
GWK60_G08943,142.9974133750551,0.6115554026707145,0.3016377913307456,0.017172881596332144,0.03897065663941062
GWK60_G08965,495.08113050388994,0.40156711779607757,0.18110632194994636,0.018205432602896754,0.04104809803860683
GWK60_G08987,28.856155362736605,0.029813074551587798,0.4175755503800932,0.913292317349561,0.944364337416947
GWK60_G09009,657.6777199581386,0.07758918589401861,0.1589395587843385,0.6121576517946745,0.7199116379191229
GWK60_G09031,1742.1223610496622,-0.014700033599877774,0.12229715448122808,0.8997162425550791,0.9355560862447836
GWK60_G09053,979.5084395143914,0.5931193409998355,0.15267197843607053,4.913821642765821e-5,1.9632883128923011e-4
GWK60_G09075,1057.8597747797328,-0.030672202921842296,0.14447580954494033,0.8208305851750102,0.8789455676959844
GWK60_G09097,3043.1903980972847,-0.4195258287108189,0.11264873645007108,1.3917844215210833e-4,5.099653301991537e-4
GWK60_G09119,537389.0729054088,-0.29078162636045385,0.09332940284850201,0.001527949475794825,0.004569942175045046
GWK60_G09141,0,NA,NA,NA,NA
GWK60_G09163,10654.36460304861,0.7006656170938205,0.11551750911944127,5.048870973587573e-10,3.5348819679258934e-9
GWK60_G09185,0,NA,NA,NA,NA
GWK60_G09207,1391.2191501629634,0.004383979631492338,0.12852413197125664,0.9711696092051267,0.9816243377932635
GWK60_G09229,2132.7033666480374,-0.7516564239894757,0.12855431425501296,1.893222288875106e-9,1.2537232739175452e-8
GWK60_G09251,140.7665844920566,0.4802858143435354,0.2947570647230165,0.05592728172185782,0.10939942235622337
GWK60_G09273,1770.869663639232,-0.21324357860798412,0.13774487179672326,0.112826862778643,0.193050323621902
GWK60_G09295,6199.285861599423,0.3453371118029757,0.10458330396328851,5.395722146480804e-4,0.001763250904051962
GWK60_G09317,161.2536009154138,-1.0448335810968328,0.29811232183094993,8.627981617310392e-5,3.273154931011403e-4
GWK60_G09339,3.431415404184737,-0.0197440065012639,0.5185981198699303,0.8861277488205526,0.9270313774967102
GWK60_G09361,2.7015837356382053,0.0337392107469492,0.5331224614543107,0.5793364060858098,0.6920919780819553
GWK60_G09383,3280.792173011189,0.4852070653498849,0.1137541959937947,1.0447978532475372e-5,4.555180026845398e-5
GWK60_G09405,5234.912700730983,-0.8149701988233269,0.10777844022679162,1.3409771114080708e-14,1.4215438814079912e-13
GWK60_G09427,5664.590605100923,0.6203438614887381,0.11526697011786316,3.426877728404517e-8,2.0200137999945013e-7
GWK60_G09449,2031.5423741930292,-0.23742947106578674,0.14327868348599054,0.0820637998594472,0.14899566977243556
GWK60_G09471,1266.5986515126901,-1.1662079047851812,0.14396755309403642,9.175148968972177e-17,1.1459129044858838e-15
GWK60_G09493,335.4801584143871,0.48364274685976416,0.20867978820205454,0.011794931266850852,0.028254099590479174
GWK60_G09515,1576.798016381053,1.0986681904072848,0.13345826201697622,3.3811640275087355e-17,4.3361366967416903e-16
GWK60_G09537,933.0254579670213,0.11303490605254031,0.1514746536729463,0.444529496496719,0.5702210521053301
GWK60_G09559,526.7364580951843,0.13454086209102234,0.16994844890846456,0.41229401381936776,0.5380595494321756
GWK60_G09581,1214.8401881128677,0.03176126332313422,0.13283769840590304,0.8055198640523482,0.8688048092691789
GWK60_G09603,895.6041051301484,0.08650111179137668,0.14447970254669956,0.5386820343173627,0.6567512057455234
GWK60_G09625,3715.3639218777,-0.14832437697322756,0.10793438793794254,0.1574160694870203,0.25319476701216054
GWK60_G09647,71.1353158048561,-0.028145045003428917,0.3366957394015293,0.9125094442326074,0.9442973150511809
GWK60_G09669,4830.129675820217,-0.6985016539661135,0.11388710737039413,3.3360499511885157e-10,2.373606311684603e-9
GWK60_G09691,5404.575140355975,0.6974093035178514,0.10520927586778644,1.4827303885982752e-11,1.2414325451034604e-10
GWK60_G09713,502.94933468936966,-0.3077086316525797,0.17703837708799589,0.06484242981722171,0.12330614682783066
GWK60_G09735,375.94375294211994,0.7559827272986573,0.20345635409283994,6.640760575481544e-5,2.596068335009811e-4
GWK60_G09757,2156.2809744168167,0.6262803880583022,0.1250900435337482,2.541969515214515e-7,1.3624542009172193e-6
GWK60_G09779,446.25126391342246,0.32806053033867444,0.19500273500107987,0.06974320361930454,0.13064117015685903
GWK60_G09801,2511.2397181487204,-0.10872655562480035,0.11702716745532593,0.3389306147202465,0.4652895684422348
GWK60_G09823,2007.6553207410445,0.8830227102574826,0.12571635708124873,7.499264583254656e-13,7.016215868105512e-12
GWK60_G09845,2276.7662828332327,0.7313865919021897,0.11913351585012492,3.134619910423412e-10,2.233310499865352e-9
GWK60_G09867,1029.9745209970215,1.0487522658871957,0.14518673553211567,1.0418109019127158e-13,1.041414776094498e-12
GWK60_G09889,713.8567493757193,-0.47005115978547857,0.15843530985730983,0.0018366979910657928,0.005422435731063413
GWK60_G09911,2.18583038302068,-0.001897212255973275,0.5363828844938906,0.9435052557341633,0.9635179151103961
GWK60_H00011,0.2695776628968236,-0.019871795388773112,0.5388577705767508,0.7916404957177876,0.8610683431822852
GWK60_H00033,1953.1829689944775,-0.10606190150683951,0.1198135752588603,0.3641761052989401,0.4907324350747891
GWK60_H00055,8969.852925942252,-0.22889062259858162,0.09957507251490157,0.01590529912182887,0.036487810987162396
GWK60_H00077,582.424560622065,-0.08005244965113373,0.16729748389027108,0.6137939230485967,0.7211907145004517
GWK60_H00099,482.6396481455137,0.28878384199826773,0.17742362427173877,0.08416982717160229,0.15224112530728753
GWK60_H00121,765.964775437779,-0.39143261754620434,0.16110549739816757,0.010270704526368047,0.025094500185707802
GWK60_H00143,2347.165489804699,-0.16808234489588567,0.11690386638317672,0.13614957318230686,0.22504698390209665
GWK60_H00165,139.28480624953306,-0.02447850498906074,0.2700159020205176,0.9147063713599706,0.9450827472216006
GWK60_H00187,445.7785110426845,0.13675739698483558,0.18149116791502343,0.42293191579629685,0.5492161060155418
GWK60_H00209,1257.4114393083978,0.07561327622238408,0.13201741320880675,0.5624535038745467,0.6778318870897013
GWK60_H00231,550.3851313131738,0.39150130013874757,0.17304160574562757,0.01738545172873593,0.039351143000298544
GWK60_H00253,2813.7507447396692,0.756568060832683,0.12031439172371078,1.1285478504143425e-10,8.525724996377317e-10
GWK60_H00275,76994.29975186397,0.234873587235054,0.09498808580136893,0.011968148017490658,0.028590877908208034
GWK60_H00297,961.0132044806387,0.16091036924557525,0.14359088861719652,0.2451491375567796,0.3624842984458794
GWK60_H00319,11507.46026101577,0.19155109618106395,0.1052850628036774,0.0684943100448377,0.12880653870377562
GWK60_H00341,345.59041873558476,0.011977045596567613,0.19588547115706934,0.9426768476635801,0.9631937164817536
GWK60_H00363,778.8712916059286,-0.09926475493948689,0.1550011786317773,0.49942089488969676,0.6216907644347562
GWK60_H00385,26571.30667972084,-4.001832221958427,0.10280807225819279,0,0
GWK60_H00407,4069.473894680966,-3.2654475459802748,0.11663735505118542,9.722341019292447e-174,2.840003837746649e-171
GWK60_H00429,1243.7206574757665,-0.038922154415659126,0.1321852479702256,0.75928746976961,0.8374939198759408
GWK60_H00451,642.8674039327719,-0.18682514907094,0.1626313104341497,0.22686647060893003,0.3399441158340707
GWK60_H00473,381.64027898962684,0.590248380203092,0.20305739873302742,0.001721454245144981,0.00510513616524101
GWK60_H00495,1738.0462688221783,0.3691300664329649,0.12530703039357746,0.002357608248342916,0.006796219391330621
GWK60_H00517,848.0726084992644,2.3800913644675012,0.16339586003084888,3.428521829119558e-49,1.442173422200851e-47
GWK60_H00539,2495.47317352974,-0.1956301501087627,0.11858682743459482,0.0853458749860872,0.1538918417959007
GWK60_H00561,38.261533618428984,0.3452883499886779,0.4503237130203825,0.24385489226979812,0.3608750418110325
GWK60_H00583,1499.3374567164346,-1.3286786003141036,0.13263362025843894,1.766381761023517e-24,3.572167422869867e-23
GWK60_H00605,3851.3656307716847,-1.1818780661394503,0.11391921082730735,5.381155488176927e-26,1.1888283847409363e-24
GWK60_H00627,965.1520224370498,-2.4298592706256623,0.15363473762851046,1.8335202868755267e-57,9.545197691476753e-56
GWK60_H00649,1571.9122139110734,0.2135958953506432,0.1321070498793108,0.09643828874689098,0.1694194862115445
GWK60_H00671,4287.452471735935,-0.15208691955881676,0.10608033198446891,0.14216072373541228,0.23315068165963748
GWK60_H00693,4060.814917820315,0.20238360081795134,0.1070546249788837,0.05360330188025309,0.10540245373461883
GWK60_H00715,182.8512748958007,-0.20867428663512638,0.25432805686633364,0.3498763727176034,0.47646946186576383
GWK60_H00737,2962.8846169619464,1.0345926752537153,0.1144274096399582,3.945478838185703e-20,6.048200504717326e-19
GWK60_H00759,8192.607513976704,0.46891983405779164,0.10094828548407109,2.262071919611494e-6,1.0744330761804187e-5
GWK60_H00781,777.025892614186,-0.4670123836211409,0.1542804914425231,0.0015213174557481392,0.004555288828202572
GWK60_H00803,4141.581626298646,0.18173202780244094,0.11132887563796431,0.09224102980489908,0.16390785221837084
GWK60_H00825,592.8769620133637,0.4577075780176084,0.17043368312723756,0.004816307571377441,0.01290731152410937
GWK60_H00847,305.6557314756834,-0.2804692958800618,0.20890303345896982,0.1440637323820339,0.23553703509475568
GWK60_H00869,282.3569877956736,0.7030539233787133,0.22743187772221582,7.155465296473104e-4,0.002280208274476096
GWK60_H00891,2044.9367078074586,3.2283158717049782,0.1330308493620159,2.378140044195685e-131,3.5726458149659747e-129
GWK60_H00913,74.45975302204275,1.014884827862947,0.43493155889227864,0.0033100422278193333,0.009252632660220125
GWK60_H00935,272.6354596339753,1.6713764170736025,0.25207024429006536,3.035087913346909e-12,2.7140292939418453e-11
GWK60_H00957,1003.6950294628234,2.043135541072949,0.14966454143168328,1.9861564085414702e-43,7.735711404526704e-42
GWK60_H00979,2495.4392884434915,0.23038184457983113,0.11572765465532976,0.04213899987529285,0.08611226636000381
GWK60_H01001,1312.825266511299,0.19479654652283976,0.13543222243266506,0.13369251657535852,0.2215427835339537
GWK60_H01023,944.0644522846551,0.4524243120099575,0.14574832301430565,0.001230389041588948,0.003743857396223778
GWK60_H01045,3201.545013488169,-0.08846071573254108,0.11676786652005645,0.43304041676618626,0.5588921235534138
GWK60_H01067,6138.2461336101305,-0.6937289337302763,0.10428738647030426,1.1963002613829955e-11,1.0186393886195606e-10
GWK60_H01089,3096.1540328099354,-0.46397238435348015,0.11771168345408085,5.382379343093392e-5,2.1391194698401402e-4
GWK60_H01111,1138.0377714977635,0.03791183081098081,0.13785465617997772,0.7801806296862097,0.8523145129628279
GWK60_H01133,1449.2651471876918,0.09875691966026107,0.12761857313768937,0.42750187358596764,0.5533739171134953
GWK60_H01155,3034.923153865969,-0.9244013524591137,0.11516374965899663,2.572349434207013e-16,3.1164546831936576e-15
GWK60_H01177,1816.7664773705428,0.1998032008453947,0.13399041471650755,0.12296825620144664,0.20656933906624705
GWK60_H01199,1743.891676689562,0.8714306542373733,0.12626573935747992,1.4690669717058792e-12,1.345706295684584e-11
GWK60_H01221,1814.8899429312032,0.16657534461020376,0.12331010593312171,0.17256332191859922,0.2729011713594537
GWK60_H01243,1484.5315568905694,-0.1422516044135092,0.1276789470092292,0.249358927424891,0.3670498492752879
GWK60_H01265,745.8735177996592,-0.17014899219335783,0.15261773634529646,0.24105642531614174,0.35774052619595637
GWK60_H01287,1558.4278717040215,0.0815386622132472,0.12846570249060674,0.5089710695190288,0.6299649093462252
GWK60_H01309,5755.759023525294,-0.3665632847723954,0.10543552960790552,3.19439963039733e-4,0.0010885387723026027
GWK60_H01331,1450.7070175569459,-0.487941386202897,0.13447275744452433,1.591033089054461e-4,5.733825895989277e-4
GWK60_H01353,435.7515859950345,0.16252778152263841,0.18254403390410143,0.34413502554010483,0.47060129110269727
GWK60_H01375,1385.0694930956772,0.24421468470271585,0.13297134428945728,0.05465212805330526,0.10722421242696979
GWK60_H01397,390.7098480835051,0.03560301296666841,0.18750047078671703,0.8279368207316161,0.8842762143828635
GWK60_H01419,593.8638332146643,-0.0464332748052023,0.16494720067676333,0.7678199034108757,0.8438957048775888
GWK60_H01441,311.2013524767001,0.12201749978274544,0.2035353459590087,0.517720373036115,0.6376666593737564
GWK60_H01463,25.05825640668445,0.3070160940041724,0.49490903394852703,0.2790943886695646,0.39931382193865866
GWK60_H01485,702.0129686200257,0.07223379765825141,0.156146170039349,0.631273519894241,0.7354048439763389
GWK60_H01507,3257.6847389213763,-0.47530176932181695,0.11830462673013671,3.49012692360214e-5,1.431442072098288e-4
GWK60_H01529,13628.244324836185,-0.22956984147248,0.10473138222668274,0.027404410643332155,0.059005893186994465
GWK60_H01551,191.03148814726282,0.3027495598313837,0.25258436111164895,0.1748837798032846,0.27572381235552335
GWK60_H01573,716.8027109468388,0.19550702443606502,0.15862417332859022,0.19635439170945773,0.30356700723561564
GWK60_H01595,1021.2498062984557,-0.714131891378141,0.1465885169311973,5.285301000897508e-7,2.7191891059412034e-6
GWK60_H01617,2112.846194608148,0.5802445835582727,0.14042918031919796,1.7391889849859854e-5,7.416590172795061e-5
GWK60_H01639,2260.518312257566,-0.010359027314060977,0.13341453193310734,0.9301314380824873,0.9557614034468866
GWK60_H01661,474.0549952354419,0.30971808067528916,0.18171087567820945,0.06908030583100995,0.12976929191120054
GWK60_H01683,1497.2226734571705,0.23554546457336636,0.1279534170439808,0.057962003750188985,0.11250789338371382
GWK60_H01705,0,NA,NA,NA,NA
GWK60_H01727,858.6791544079804,0.847434105632232,0.1557285992862108,1.568014036253422e-8,9.542381715995941e-8
GWK60_H01749,957.3173076406292,-0.44074437846156506,0.1450227152314111,0.0015363320354667015,0.004587901754761588
GWK60_H01771,0,NA,NA,NA,NA
GWK60_H01793,0,NA,NA,NA,NA
GWK60_H01815,593.0086858069138,-0.17104752160829015,0.168746396864224,0.28832936617042787,0.4094074553940345
GWK60_H01837,6641.414661472338,0.7728449046410893,0.11043651170985055,8.877490945661229e-13,8.246969503937587e-12
GWK60_H01859,806.4985415707074,1.0516763623179692,0.15771465004557028,5.576613731361492e-12,4.8951310516692356e-11
GWK60_H01881,283.1396000134282,-0.526359869521785,0.22783895691094547,0.010747257871559055,0.02612532680936547
GWK60_H01903,641.5905131495896,-0.45320944182459943,0.17551574387310967,0.006016317666525571,0.015768006734618676
GWK60_H01925,994.3195458915782,-0.2669621196005939,0.15779917598646936,0.07545159103461882,0.13905519301087477
GWK60_H01947,274.9958772009279,0.13306443647390567,0.2130006140058785,0.49733381224905404,0.6206933740340674
GWK60_H01969,782.1415319976046,1.0479892097368806,0.16254374519367112,2.334306943915226e-11,1.9088314014162146e-10
GWK60_H01991,609.0525536790357,0.17906853438808515,0.16433390801378017,0.2602532351118487,0.3787466122939664
GWK60_H02013,781.5487567488886,-0.10635211082028652,0.15262710764562296,0.4529315553768004,0.5794438243725588
GWK60_H02035,5964.8092465453265,1.318083098485,0.11021399911910788,7.141450931119386e-34,2.029716161936526e-32
GWK60_H02057,31.133782787686435,1.0610580949702133,0.7063744394790771,0.014502682971141009,0.03381601200100196
GWK60_H02079,792.6891817314461,0.8539680880247735,0.15651793317949186,1.4325100616244155e-8,8.758299888396717e-8
GWK60_H02101,1330.1451764483797,-0.48772628869245394,0.1415051207953742,3.415671347101955e-4,0.0011579368112870456
GWK60_H02123,446.03274522110166,0.304435107853367,0.18386725386363495,0.07746909042822768,0.14212408079586153
GWK60_H02145,704.482673934467,-0.0021372820475377124,0.15477654801122945,0.9867570594638394,0.9924773887536329
GWK60_H02167,2729.7371365084837,-1.528666790145228,0.11739133373479657,1.1595031878402167e-39,3.933334039783135e-38
GWK60_H02189,8943.501066641391,0.4495622881133358,0.10514489515120434,1.4780259133798967e-5,6.338874594250813e-5
GWK60_H02211,874.5275229534142,-0.23828549464108606,0.1467110212535801,0.09255714265099532,0.16424753832566094
GWK60_H02233,3446.93664563686,-1.2579655953614681,0.11322471047327258,2.0054725851894675e-29,5.0696032946760675e-28
GWK60_H02255,1039.1896738577352,0.09613801597488934,0.1398611343849984,0.4811869534845394,0.6064431930541007
GWK60_H02277,327.75460478497075,0.15806313795515767,0.2138820288578655,0.4198880013353045,0.5459374656332916
GWK60_H02299,1082.4018769248237,-0.38294373397268633,0.14046847505173202,0.004833694430445896,0.012947307852921305
GWK60_H02321,839.9221208209572,-1.0199008090668715,0.15558644229237337,1.197259684608004e-11,1.0186393886195606e-10
GWK60_H02343,262.1624453675532,-0.22999748615959018,0.22524763177336768,0.2584403146454183,0.3767338991975629
GWK60_H02365,102.47447681189061,1.3258974348264043,0.37705721341369836,5.377317345325102e-5,2.1387242512647036e-4
GWK60_H02387,2101.162763638242,0.5787732560691382,0.12044693305544384,8.135033990404962e-7,4.054408409625525e-6
GWK60_H02409,2454.729205857034,0.3106367797461505,0.11568514114001577,0.005385319032011072,0.014301013873896068
GWK60_H02431,0,NA,NA,NA,NA
GWK60_H02453,1963.11336454836,-0.13275739139567547,0.11972908505168249,0.25453011884095733,0.3721689001295199
GWK60_H02475,691.6743959870885,0.6655761190346751,0.1662231757305771,2.582339191392883e-5,1.0733548986833027e-4
GWK60_H02497,1375.014058325175,-1.0805305629419546,0.1341625572699619,1.7939609911799311e-16,2.183483076764833e-15
GWK60_H02519,112.34620261190412,-0.24337675192278752,0.3044558167066099,0.33292683216192664,0.4586139071279566
GWK60_H02541,1348.6707310672662,0.006403667456127736,0.13026445712509518,0.9591112947619949,0.9728023124727179
GWK60_H02563,0,NA,NA,NA,NA
GWK60_H02585,2798.9554236759304,0.21801372320579163,0.11373945617378164,0.05329009589650303,0.10486501655082818
GWK60_H02607,2263.5890441128026,-0.21996488523577115,0.11849442839407004,0.05624966948584415,0.10990738095747624
GWK60_H02629,1351.7976475870169,0.21428663805171244,0.13035995395724642,0.09005706142943054,0.16089705368533666
GWK60_H02651,406.8323494944486,0.32145760797872913,0.1906420956619911,0.06916843434536979,0.12984206632915185
GWK60_H02673,531.6600324621046,0.20181459418627762,0.1710213714862678,0.21211057946405815,0.32224138307483896
GWK60_H02695,995.2174001162609,-0.9071809897588108,0.14599608619856339,1.3697764426844773e-10,1.0303697475872649e-9
GWK60_H02717,0,NA,NA,NA,NA
GWK60_H02739,2852.636996166612,0.9472270141162558,0.11695533588001691,1.4028347810417052e-16,1.7233890838124501e-15
GWK60_H02761,60.25937010711266,-0.5535907514440223,0.4296072260600293,0.07493133821061514,0.1382417460741805
GWK60_H02783,0,NA,NA,NA,NA
GWK60_H02805,1533.5907767869041,-0.4779081737445325,0.1327062406156615,1.9017250863401103e-4,6.756263854038041e-4
GWK60_H02827,1380.5002363361348,-0.0968121539390349,0.12913682959359402,0.43813751246071925,0.5643623323171146
GWK60_H02849,628.6367029771584,0.2077507105742409,0.16174177889477556,0.1782870643700586,0.28033294989765795
GWK60_H02871,3456.776652842098,-0.043650346147679125,0.10876558835903588,0.6761992085269046,0.7742557472330872
GWK60_H02893,1109.5794412211799,-0.16828061790691365,0.14012122398340496,0.21425548353321647,0.3249366404435109
GWK60_H02915,431.4171345523039,-0.5313238241109846,0.19559712194208834,0.003657332592295491,0.010078749879606755
GWK60_H02937,61.57609389148737,-0.42984839482863824,0.40990724767240483,0.14561142353859466,0.23755037696740017
GWK60_H02959,921.1496094519165,0.057091385455920386,0.1482206805560181,0.7002494548127498,0.7930793796479674
GWK60_H02981,713.2113499532638,0.12319493714115211,0.15435838334576688,0.40823066825654725,0.5336839516889422
GWK60_H03003,452.8876695147178,0.2674660330606894,0.18214282359145162,0.11802443071973248,0.2001815741989458
GWK60_H03025,1547.5715070010658,-0.12256168841266202,0.13406476009634916,0.34909443259168355,0.4757746310438237
GWK60_H03047,1693.0433708722192,0.1855976916154379,0.12405654041374842,0.12766361334481366,0.21303739217120105
GWK60_H03069,3589.515381510698,0.19483850435795622,0.1260188180931458,0.11078714515564514,0.1901171048395503
GWK60_H03091,941.2978871176376,-0.8330511132677636,0.15077677810988138,9.795809707282375e-9,6.115905510433401e-8
GWK60_H03113,62.99088583155208,0.20214971266908782,0.35847669065104587,0.45961228030311196,0.586278837902417
GWK60_H03135,511.7357017279896,0.061330387852368405,0.17186361232468772,0.7232643971934867,0.8099945048867632
GWK60_H03157,210.19440551746158,9.866699814181478e-4,0.23289179315569572,0.9979141225447975,0.9984059981813109
GWK60_H03179,3237.171723635052,1.1522962528305496,0.11540989251604279,3.2292161195067185e-24,6.383164795626438e-23
GWK60_H03201,7874.013122150739,0.6147416490880733,0.10899971842489692,9.815841980586322e-9,6.115905510433401e-8
GWK60_H03223,491.5975340165036,-0.013625268034677273,0.17426726935800257,0.9327023073330873,0.9577978193509918
GWK60_H03245,1963.9113479099267,-0.34518189189721454,0.1231228683953851,0.0038448981238517256,0.010496611804367794
GWK60_H03267,1972.902539070023,-0.4953328473610137,0.12863368258603494,6.822879672809796e-5,2.6593551756585554e-4
GWK60_H03289,643.9026648879712,0.4063382676692511,0.16392642177441955,0.009088388976944016,0.022551556980071562
GWK60_H03311,1168.5755492915757,0.311836209927078,0.13990951377789734,0.022481654945379993,0.049521802137749475
GWK60_H03333,3623.816121968238,-0.1199161506289411,0.12215679935376049,0.3116256845819572,0.43531558170348855
GWK60_H03355,109.1007518485624,0.022502172432806125,0.2925710791111927,0.929006283662806,0.9547918372750263
GWK60_H03377,2598.543875340504,0.16710411277977927,0.11888662597165166,0.14855058557840853,0.24152102009006557
GWK60_H03399,650.8690560293833,-0.2630648608687437,0.16369261485857442,0.08915859359937518,0.1596639992816936
GWK60_H03421,3368.9621420466483,-0.09626861067628051,0.11534027216182828,0.38460241066010725,0.5119593608229984
GWK60_H03443,225.79088223996655,0.0875266194021944,0.22878383142912778,0.6740070012233649,0.7725864458927557
GWK60_H03465,13592.906020429778,0.6117823884446509,0.101492062291294,7.30949299561008e-10,5.023962636721281e-9
GWK60_H03487,5187.555240537839,-0.508120795544863,0.12198873426019541,1.7196469969104634e-5,7.339207718957157e-5
GWK60_H03509,1577.8927605057543,0.027498363071117467,0.12820698510313414,0.8405161891438716,0.8933196855563019
GWK60_H03531,3093.8222295727232,-0.9718106723281918,0.11668676438111594,1.8930484356120943e-17,2.5009167523739677e-16
GWK60_H03553,2611.554052126342,1.1659111850729875,0.12025784823960209,5.893116486039467e-23,1.0872282976700184e-21
GWK60_H03575,2797.205273229002,0.0695319336012224,0.11714250908750558,0.5455024763019095,0.6631796578948994
GWK60_H03597,2040.9337195355004,-0.40839814231290766,0.12228701209563711,5.973800409673828e-4,0.0019341282360877457
GWK60_H03619,1706.293660002963,-0.395517446247978,0.12830367018988784,0.0014661959576600509,0.004402774611865532
GWK60_H03641,2988.5988395725403,-0.2768428444151185,0.11297570217622235,0.011831984002378669,0.028329950767079712
GWK60_H03663,2366.1931490676466,0.167368305053023,0.11739952976422768,0.14382226330410208,0.23528856890260386
GWK60_H03685,7687.607375257854,0.16527213205050034,0.1004359950725556,0.09397624338816125,0.16648486783522637
GWK60_H03707,1040.488682784379,-0.3448432456670244,0.14793837866962167,0.014557685267912035,0.033914054603802056
GWK60_H03729,221.05451267303678,0.08128098052174433,0.22887865807703076,0.6963522889559391,0.7896205415495164
GWK60_H03751,1150.6009275871984,0.18688203326499708,0.13991519986416326,0.17399726993569187,0.2745731228456986
GWK60_H03773,707.4016809423069,-1.30710523561057,0.16513901905335795,3.7186850683301045e-16,4.413735008866747e-15
GWK60_H03795,2558.0680532271244,-0.9479930409859989,0.1202452444172024,7.815745525844208e-16,8.972748902814158e-15
GWK60_H03817,3.260855595530802,0.14791870612560726,0.5524093035826475,0.25857881093110535,0.37683131593008645
GWK60_H03839,1485.2246412126688,-4.124908964166275,0.15642004393926012,1.2217045699664668e-154,2.569489051553473e-152
GWK60_H03861,0.9915866002875242,-0.03609535634005882,0.5364595217942023,0.6026085552462577,0.7113865701582449
GWK60_H03883,12980.475298337691,-1.2838060447899609,0.10057477498824091,3.8226063514613805e-38,1.2802079105722254e-36
GWK60_H03905,2043.8749099389229,-0.10609151756107933,0.11860820205469863,0.35862089925950413,0.4849868025479611
GWK60_H03927,4408.959580102526,-0.09882509356512838,0.105664819340648,0.3384451717325403,0.46487583933377663
GWK60_H03949,57.34130133199685,-0.27316219850985574,0.38370199091265533,0.32884868120266214,0.45466378274088814
GWK60_H03971,3154.114987083721,0.09159480852840296,0.11025231064040089,0.4027193743960057,0.5287137254866912
GWK60_H03993,111.40345535919926,0.5137134912202749,0.32752945601716105,0.05611570345735731,0.10970110387384453
GWK60_H04015,3297.2330755134117,-1.4050415108801286,0.11389403567179752,6.857125883358736e-36,2.0840906297514586e-34
GWK60_H04037,1005.0068448391092,1.0570869554067983,0.14612666864317359,9.913952223723137e-14,9.92905919854024e-13
GWK60_H04059,102.0443207687494,0.3935237519570752,0.3947217646284157,0.1610498619749388,0.2582523234768844
GWK60_H04081,57.901993408653325,-0.5020411239142777,0.43096321692293893,0.10186568566837516,0.17735423021334987
GWK60_H04103,72.9348421435226,-0.08737064705578067,0.3642083578968968,0.7362939695797188,0.8202190025530003
GWK60_H04125,62.6068013003421,-0.18881519831872182,0.3726320135627399,0.4850844656844722,0.6091650634270253
GWK60_H04147,49.21544644253062,-0.9625749584141106,0.5431519421211743,0.01170601776974434,0.028077516573890262
GWK60_H04169,45.91427900132162,-0.07207452948923761,0.5421724648817078,0.09240149609992673,0.16408208932570575
GWK60_H04191,2344.195268488395,-0.08558667786322913,0.11786754954366917,0.45437339789261816,0.5808926115113635
GWK60_H04213,1872.5038802460783,-0.06591765611487975,0.12494100745918514,0.5859070284431059,0.6979381865776735
GWK60_H04235,390.4049720997724,0.2795459266960546,0.19391501265983033,0.1205573656355657,0.2032352127322233
GWK60_H04257,1280.424686147626,-0.17650818023367415,0.13770739116159056,0.18276540174782238,0.28617643906791246
GWK60_H04279,300.0799771207975,-0.12260946472046083,0.20735599441945973,0.5201594662547225,0.6391676731870369
GWK60_H04301,2463.6796463438905,0.2843407071303265,0.11626313874086154,0.012295080873030783,0.029318610081812184
GWK60_H04323,0,NA,NA,NA,NA
GWK60_H04345,817.1062957870657,0.019184408016871646,0.14942314037746088,0.8950733438016634,0.9328633581187604
GWK60_H04367,1388.9759711354295,-0.09700673222576783,0.13092020068225485,0.4437471691095751,0.5696344275337271
GWK60_H04389,698.0752624910344,-0.37763075950985375,0.1672509145561407,0.01681746973496804,0.03829634294779643
GWK60_H04411,23036.56027585801,0.2395823266468378,0.10060461171089283,0.015247762617133086,0.03522527936770025
GWK60_H04433,326.48708473937586,-0.10282638790944242,0.19976923587566622,0.5715444587121534,0.6858011784364452
GWK60_H04455,749.4009936630392,0.16037879758855403,0.15382334872745776,0.27635285448968927,0.3966905084614876
GWK60_H04477,866.6105627839484,0.03185306062754008,0.14655154271989992,0.8227206752563567,0.8804936516380876
GWK60_H04499,1354.1800627920682,-0.02967821097420256,0.1295210706976066,0.8286256792070672,0.8844729641231749
GWK60_H04521,1749.032576912535,-0.6833336229087423,0.13425342477078642,1.407786014488277e-7,7.783531928684922e-7
GWK60_H04543,11024.859937811962,-0.7510344911522434,0.10017790818092635,2.399332719499171e-14,2.4932196520013125e-13
GWK60_H04565,7514.466844087553,0.3347675347232952,0.10177685836459377,7.468199565195321e-4,0.0023726763331599395
GWK60_H04587,131.0614445040739,0.5215356146724767,0.3115423891024776,0.045166040621515,0.09140994672360502
GWK60_H04609,5384.948640538493,-0.11829215828097438,0.10723710832626883,0.25842621577470964,0.3767338991975629
GWK60_H04631,456.11006526232256,1.0679177199277952,0.20270022100887863,2.6859265081558103e-08,1.5975793642401868e-7
GWK60_H04653,6309.206708004515,0.12497578355256442,0.10437013101471876,0.19727849415931129,0.30437318133420765
GWK60_H04675,12529.078425210308,0.3010101790873816,0.10731679691374173,0.003303482264413806,0.009239207311855208
GWK60_H04697,1678.778239299149,-0.8264896278739102,0.12932362277521361,4.751916267581841e-11,3.712566973988903e-10
GWK60_H04719,684.6634752079945,0.7881270786618748,0.16606980892700385,6.837469673164383e-7,3.450231817802143e-6
GWK60_H04741,160.9831474805796,0.4679414807960563,0.29251437542521525,0.058749970503134165,0.11356887680348508
GWK60_H04763,307.2403455191153,0.47702590933392747,0.21433049451720448,0.015611258483128419,0.03592297466270863
GWK60_H04785,239.02985031418496,-1.2224191296006943,0.2514774973797164,1.76380549885752e-7,9.660509701034208e-7
GWK60_H04807,134.41411997570572,-0.07522026212943785,0.2805558901410537,0.7506551710700078,0.830411295915443
GWK60_H04829,353.25278702514197,0.06497945440066735,0.2029633673436843,0.7346601323475319,0.8190930822483721
GWK60_H04851,342.735004209611,0.33864645363590506,0.2016966756265384,0.06822425120166077,0.12843648865676058
GWK60_H04873,5869.516379733896,0.3971788244522129,0.10579411183801953,1.0323796697912968e-4,3.8773230741161706e-4
GWK60_H04895,5097.722364085061,-2.90414862282549,0.11015190110445679,2.4152952756599777e-154,4.884470215161601e-152
GWK60_H04917,7203.08022075199,-3.4959229116525488,0.10745203096190561,1.9058018467215367e-233,7.157647221472742e-231
GWK60_H04939,616.8890767001773,0.32673179612492576,0.16404574242314973,0.037686317276103,0.07838396211936295
GWK60_H04961,916.3768076458533,-0.17000113046814427,0.14375186978358476,0.21922802649559642,0.3308556151876711
GWK60_H04983,1408.164899010755,-0.36404296224219046,0.13203300143298524,0.003713859057466878,0.010213112408033914
GWK60_H05005,3312.0975390133526,0.7070648464777183,0.11187979998902867,1.0943369189838446e-10,8.27917053239864e-10
GWK60_H05027,112.98973884488097,0.7005191955617134,0.3401242799579016,0.012832464674521189,0.030420693984956
GWK60_H05049,10915.7857450452,-0.38221310813904474,0.10009736542211169,7.08602374037308e-5,2.753755567397018e-4
GWK60_H05071,3098.3399519742943,-0.018297861756034716,0.11335238745768172,0.8656300689820091,0.9123036485683311
GWK60_H05093,249.7446259641206,-0.38375468445291633,0.2311855807116792,0.06521493487969739,0.12392487444793959
GWK60_H05115,445.14991784824434,0.17969670607562382,0.1812781179935558,0.29193888269386364,0.413416279344017
GWK60_H05137,363.1915509498578,0.25918000474270175,0.19568490098511207,0.15227032439190255,0.24642578197987802
GWK60_H05159,429.03198796695244,0.9226746306428301,0.1958147207155373,6.138085899613908e-7,3.1152563378542407e-6
GWK60_H05181,991.0602149818915,0.14115767467820586,0.1423863258183892,0.31312889515650605,0.43690992797860295
GWK60_H05203,647.8514597676715,-0.042863211267387166,0.1591700181629912,0.7742548797674645,0.8487131735099124
GWK60_H05225,319.9725416493453,0.21360197946701756,0.20327906113972954,0.256253546393923,0.37399568612092227
GWK60_H05247,678.5802548843927,0.20433842733165455,0.16466415731237993,0.18853982794337165,0.29355712624407704
GWK60_H05269,794.64888893663306,-0.06514399486175784,0.15013898643112092,0.6501604721269907,0.7509981903435231
GWK60_H05291,2137.786494708718,-0.6604320049691282,0.1227563353666879,3.4830804383430977e-8,2.048549993826399e-7
GWK60_H05313,218.9011267350831,-0.5452089506292411,0.2496568496578627,0.014136146606727242,0.03307870888214145
GWK60_H05335,472.39610843184636,-0.2565868650101701,0.17813680001933252,0.12587791142448956,0.2103833624507203
GWK60_H05357,52608.82160777455,-0.3170674017482275,0.09555194199193268,6.964748571848543e-4,0.002226179209165936
GWK60_H05379,0,NA,NA,NA,NA
GWK60_H05401,1926.9536455153584,-0.02032055785440877,0.1252317344654786,0.8587902338346736,0.9072772854134445
GWK60_H05423,3530.8891380501577,0.04569907449376971,0.11149212224870537,0.6890381139318815,0.7848633687821374
GWK60_H05445,3543.979422539769,-0.12638683724506686,0.11096838591614126,0.24307113541361713,0.35997132077399635
GWK60_H05467,805.9085316671419,1.5737577664448337,0.16023533207442064,1.0548410037408342e-23,1.9950913660680956e-22
GWK60_H05489,4942.081593599287,-0.26220244851132946,0.12374305426630534,0.028647247322122434,0.06128040130989413
GWK60_H05511,1363.2143431960856,-0.12812551630518368,0.1310359459082104,0.3266112685436197,0.45216483675680685
GWK60_H05533,1774.570425313896,1.0014404201899345,0.12970727359175682,2.6163323151132063e-15,2.890057838837235e-14
GWK60_H05555,37155.309400265876,0.3013648123492586,0.09699894780603865,9.77759660037421e-4,0.003043848604189911
GWK60_H05577,4933.051509137844,-0.341749802578243,0.10569413111243024,9.026354389471615e-4,0.0028233534431791646
GWK60_H05599,552.9883823651899,0.27864903725631424,0.17236120444091216,0.08621044863208666,0.1551847103414966
GWK60_H05621,2999.3367488735453,1.1107306262834382,0.1158851299994279,1.8863002152842388e-22,3.3060555106548426e-21
GWK60_H05643,2819.402508365236,0.3441182519171931,0.1181842026024986,0.0026002467979701575,0.007450734421649639
GWK60_H05665,578.7629731139325,-0.3718354440148087,0.17287793219187186,0.022603387330007656,0.04976909990836694
GWK60_H05687,66.34407345912723,0.15000656215488226,0.3465454641205677,0.5769359563078216,0.6903779313043744
GWK60_H05709,570.372970476469,-0.20187434481615166,0.16898131351484993,0.21383126755369705,0.32438684500788784
GWK60_H05731,831.3347650686117,0.402390707696442,0.15504536047274275,0.006528734917995914,0.01685227697536697
GWK60_H05753,228.22091990697197,0.24410759691951364,0.2313624926989298,0.24264510767634834,0.3597935634975295
GWK60_H05775,368.93449954673673,-0.15908279067933997,0.19226084253291498,0.37407311627473416,0.4998415363081454
GWK60_H05797,1246.9946122751303,0.4877167441769154,0.13661411445829258,2.322969683153048e-4,8.099066518078829e-4
GWK60_H05819,1065.605061991875,0.11460225608891038,0.13767713758023678,0.38844533581355534,0.5153786464061757
GWK60_H05841,688.0416066162272,0.14863015498502669,0.157807587269466,0.323062406485872,0.4485508669930591
GWK60_H05863,2431.5947466667076,0.33890421784070984,0.11659909283073118,0.0028943131015117143,0.008203934386926466
GWK60_H05885,327.4655134369196,0.43167099680511584,0.20890455035302094,0.024710990049141082,0.05377913314502641
GWK60_H05907,196.51326328712608,0.7818605022162053,0.27620470382592893,0.0013694309131707162,0.00413819985140898
GWK60_H05929,26.93320536994449,0.3869678629532145,0.5169045700270493,0.1976289783494522,0.30482052454133757
GWK60_H05951,206.76252134345302,0.19841486356233645,0.2377490752828516,0.353249504143826,0.47944912049257543
GWK60_H05973,60.995466445067514,0.04508766043640366,0.34817079769660536,0.8676833658861306,0.9138129351409436
GWK60_H05995,0,NA,NA,NA,NA
GWK60_H06017,6414.221167807273,-0.3964781970085731,0.1036415622136453,9.698404680756448e-5,3.6577163363744235e-4
GWK60_H06039,589.5709705379228,0.5343615083196973,0.17777248336532006,0.0014060557386445726,0.0042391290560740615
GWK60_H06061,2796.919089029562,-0.46280284454018383,0.11562651729374054,3.85297259515442e-5,1.5680286304428748e-4
GWK60_H06083,1146.3569669538836,0.6766420464899445,0.1394163115209092,5.087041466752356e-7,2.6223200031552833e-6
GWK60_H06105,2630.3469674275366,-0.08596126853795816,0.11655462086819414,0.4491288832880627,0.5754190224972304
GWK60_H06127,2789.9225416470845,0.1412527793919208,0.1278992458739568,0.2540403386478374,0.3715560780557244
GWK60_H06149,111.99120147446185,0.16420838756828524,0.29412065842664153,0.507621068249032,0.6292012203803419
GWK60_H06171,1361.184190314928,-0.43834894361305066,0.13230961525329313,6.065329562587651e-4,0.0019625540209283615
GWK60_H06193,2316.4528684973648,-0.414684537046818,0.11778120254634342,2.879014274561449e-4,9.861796127455438e-4
GWK60_H06215,1060.4196702838353,-0.08960144828985235,0.1386038779657991,0.4999673122036338,0.622060607564294
GWK60_H06237,189.37465320148465,-0.6758209428453588,0.2694260324915729,0.004456327456289837,0.012028423904092384
GWK60_H06259,459.38762857472517,-0.4698573688136947,0.20229224881497337,0.011710535155295044,0.028077516573890262
GWK60_H06281,7923.354109775214,-0.2680854540465448,0.1119489047972099,0.014893689949038611,0.03455914463903134
GWK60_H06303,1975.9649891578358,-0.005282103526775882,0.11931650216507282,0.9578562702232445,0.972060612484358
GWK60_H06325,7092.263994118808,0.7011146240010232,0.12293190997732434,4.939964349790261e-9,3.1522248241744165e-8
GWK60_H06347,223.88174865373668,0.20928157962875685,0.23163926233817164,0.31730862571993823,0.4421968603327419
GWK60_H06369,3882.9287388719713,0.008678083391743205,0.10750840792603124,0.9419419374560403,0.9631937164817536
GWK60_H06391,1301.1723709951523,0.03283954612667213,0.13059196026221764,0.7957823848799603,0.862726552515223
GWK60_H06413,1510.102507782712,-0.46745288404512897,0.1288066135888977,1.2581593575020672e-4,4.6685969666519897e-4
GWK60_H06435,2063.334365792015,0.02089896912355017,0.12121983475502394,0.8597561202754598,0.9077718780453617
GWK60_H06457,337.3465603463695,-1.3696399449980983,0.22026439868078637,6.574296313777403e-11,5.061149343754259e-10
GWK60_H06479,1676.9321314506508,-0.0887685592980058,0.12418004591579394,0.45978500347587337,0.5863569120242887
GWK60_H06501,406.33286252452626,0.3109977864719426,0.1889358951934439,0.07626105081925949,0.14030112148623736
GWK60_H06523,1329.265399482872,-0.35555848962242426,0.13476619820740293,0.006400552642885011,0.01658654795282868
GWK60_H06545,6.271250998290072,0.044049122843992546,0.503593681976943,0.8143448573009183,0.8756288874618053
GWK60_H06567,145.83807220643183,-0.04375526115851272,0.26420449608435115,0.8475132955953728,0.899373120067638
GWK60_H06589,943.5007616249109,-0.15510759239266497,0.14377327946528923,0.2513493973738097,0.3689545313767424
GWK60_H06611,2510.5328365126925,0.031647452962795586,0.11714880743935396,0.779243938345788,0.8514982376271772
GWK60_H06633,810.2201613791414,0.7885838149905399,0.1550621291174597,1.220308091676791e-7,6.797012654699753e-7
GWK60_H06655,1392.4361681812043,-0.43052744742169674,0.13284625716528356,8.456829477588584e-4,0.002656272962554407
GWK60_H06677,210.97428617395954,0.42271434007916797,0.2594242228923855,0.06294798697605788,0.12031280098877221
GWK60_H06699,1537.8812627838324,0.2572601161651314,0.12672671768360597,0.03667224587000502,0.0765777080160788
GWK60_H06721,673.9742122602399,-0.3838437129653127,0.16159536480536235,0.012408191675149635,0.029521389967392207
GWK60_H06743,177.68709368404498,-0.09087925416037303,0.2504764765761848,0.6800727991422668,0.7771156522180656
GWK60_H06765,324.7720272373523,-0.004911775342211663,0.20674262912099078,0.9751750633122906,0.9845373431059955
GWK60_H06787,339.2115466590762,0.6418452246208888,0.23213423889256798,0.002244820026904804,0.0064960174471466485
GWK60_H06809,1517.943665896033,2.2846618749454484,0.13566294102414514,1.1078739565771923e-64,6.545169959194244e-63
GWK60_H06831,881.7795318569349,-0.09540237729424798,0.14533795076683553,0.4940652987357034,0.6174935442720058
GWK60_H06853,445.8703036103154,0.4248911851811281,0.1892219500497848,0.01615767015298929,0.03696998679913738
GWK60_H06875,3828.8524614631738,-0.9393250681916961,0.11996358231268586,1.2206484191991e-15,1.3743403400747041e-14
GWK60_H06897,406.6338867009399,-0.8969322315439392,0.20079499963628827,2.0437230210001457e-6,9.733601127190912e-6
GWK60_H06919,643.8880872592192,0.19753748027893359,0.1627429204564806,0.2034494285612429,0.31151342323093045
GWK60_H06941,3202.4159933937513,0.9501446804847077,0.11865431947185374,2.713824814894932e-16,3.280296753268403e-15
GWK60_H06963,4551.748267439469,-0.31599152800965175,0.10677169922067224,0.0024059060672238525,0.006927850000801213
GWK60_H06985,656.2854680381203,0.33029104613210736,0.16204605257742055,0.032506490966622496,0.06875266673471483
GWK60_H07007,1918.3530390285712,0.18846203945914758,0.12435652383193098,0.11845966955714829,0.20050097664881306
GWK60_H07029,2357.203194190986,0.4097669678371756,0.11716911591577171,3.2752115704429234e-4,0.001112471733681453
GWK60_H07051,81.25764796889963,-0.31201124856778956,0.3594572712698247,0.2539623730009303,0.3715560780557244
GWK60_H07073,2807.479908528595,0.014909571000627366,0.11224976420380169,0.8904805829198693,0.9304743451893228
GWK60_H07095,561.2382605257006,-0.07638394679862587,0.16622788275661093,0.6269835704580826,0.7322700163191023
GWK60_H07117,387.15162556371155,0.04673183703910964,0.18837133807948328,0.7922116481760904,0.8610683431822852
GWK60_H07139,195.0365757751547,0.5879902233353518,0.2624020796490817,0.011222429872372227,0.027129901732842836
GWK60_H07161,1315.4296908565163,0.4941486972172175,0.1333089760887079,1.334912177573361e-4,4.908369391385128e-4
GWK60_H07183,1371.304267232605,0.6171001420929748,0.1365728434309975,3.021802498593961e-6,1.4224384545753848e-5
GWK60_H07205,1194.3696240700287,-0.09429566534281515,0.14045584065185418,0.484053706845437,0.6088886101897866
GWK60_H07227,3247.6572891422747,0.1475461703739773,0.11229261916123824,0.1797085458774037,0.2821461732527288
GWK60_H07249,221.27560979454353,0.969715695812721,0.2581354664263475,3.7882490683562325e-5,1.5476778245079309e-4
GWK60_H07271,826.6444695218444,-0.27195445549480673,0.1491312879470301,0.05833816170657112,0.11298049880410717
GWK60_H07293,336.64610768921483,0.22048586487444286,0.19981154148165772,0.23442457348821083,0.3492786646078245
GWK60_H07315,104.57808134725232,-0.5803856963044006,0.35491314593582207,0.04031642936795308,0.08290331858298682
GWK60_H07337,1413.1321618679049,-0.5262571346512873,0.13204938147925788,3.785178138051998e-5,1.5476257114990208e-4
GWK60_H07359,224.33614864411834,0.5715542109509777,0.24667827134416442,0.009592626691123018,0.023613310459702636
GWK60_H07381,9123.525293027993,-0.02591059370488255,0.10048845509555593,0.789181317908038,0.859290819954538
GWK60_H07403,1442.6932996772512,0.6527792619003624,0.13113919066302476,2.844078194903777e-7,1.507476123871377e-6
GWK60_H07425,843.4758357862424,0.07273702889029374,0.1484690858068917,0.6112172308291881,0.7192883168531493
GWK60_H07447,295.62737735716286,-5.09636273197633,0.3347411880641676,3.21763194785658e-53,1.5521384203513667e-51
GWK60_H07469,1173.3287321274909,-0.048509729899349936,0.13672068346134778,0.7112506582951377,0.800804274371699
GWK60_H07491,3476.5204463503655,0.004120607344012036,0.10968679625918727,0.9681812086408454,0.9795452751652041
GWK60_H07513,1757.2195204536831,-0.08793791279071629,0.12296133208943318,0.45495364180210934,0.5814496590747015
GWK60_H07535,1425.591626288465,-0.14038445457242527,0.13135206921097023,0.2732050110911147,0.3932417049868823
GWK60_H07557,19074.074359345377,0.0920560654930563,0.09587082349673771,0.3434389336212828,0.46989381029942884
GWK60_H07579,46.29546442978421,-0.02102728709215688,0.37708396963180274,0.9340860894344931,0.9587008897611878
GWK60_H07601,362.66713541959746,-0.39096064145767545,0.20893934969104264,0.04115484278390211,0.0843305391105835
GWK60_H07623,21.09355900366741,0.5363909382354013,0.6512952407515094,0.09606492338000512,0.16915919863766474
GWK60_H07645,477.70838072104584,-0.3529866409603651,0.18330186003348709,0.03993953147529508,0.08222476761828565
GWK60_H07667,275.91485592087145,0.07336911822864671,0.2151889614030932,0.7109818505561095,0.8006730713694632
GWK60_H07689,3935.2786762036103,0.19533148949056234,0.1073623756604852,0.06531586085026153,0.12393749417202278
GWK60_H07711,533.7101666073763,0.09123007419281677,0.1702673385097634,0.5609139983039468,0.6764031661215019
GWK60_H07733,1372.4881494362082,-0.03890189491835939,0.1289632852492083,0.7404860163297027,0.8234931205290983
GWK60_H07755,2256.693075872572,-0.18890457257369705,0.11828847560067152,0.09786531628318632,0.1717297018674268
GWK60_H07777,626.8814707660048,0.041737053817960744,0.16244304515823252,0.7889734570992404,0.8592424269734478
GWK60_H07799,1987.1071739654926,0.19331719537138892,0.11965340489608267,0.0980560766493358,0.17197426651841483
GWK60_H07821,550.0699517264543,0.26530028101285147,0.16939022155222141,0.09821539970011743,0.17219625595972574
GWK60_H07843,1162.7665965602778,0.12401838807072434,0.1350577099442353,0.35180584496795153,0.4781067802640189
GWK60_H07865,3606.116934391767,-0.3259935794881516,0.11127480171999783,0.0026421505554010366,0.007547612855280114
GWK60_H07887,1775.95876134993,-0.39832152748060723,0.12365830998607606,8.978858720539836e-4,0.002814897182841482
GWK60_H07909,1046.3517412181934,0.5064099733032558,0.1426504350096512,2.2450065378651086e-4,7.843351744913449e-4
GWK60_H07931,1050.2458269201238,0.2505489512765331,0.13935649016976,0.06542357869434817,0.12405235368729992
GWK60_H07953,3428.8694170065164,0.7486180998401364,0.1120807698148364,8.84693050257006e-12,7.688786873142708e-11
GWK60_H07975,662.7374312593035,-1.7496180579512717,0.17061467172396452,1.1258905372508603e-25,2.4361861913024787e-24
GWK60_H07997,1755.9597785265637,0.6527895552204039,0.1283982492616716,1.5050412325449532e-7,8.286394555729177e-7
GWK60_H08019,904.0537506484519,0.24326005668585451,0.14704877612473127,0.08504845354074338,0.1534081539338692
GWK60_H08041,532.9977738692145,-0.9545298280208345,0.1798695351685965,2.8365553707014593e-8,1.6852664564009347e-7
GWK60_H08063,975.1360687087538,0.06476562813676286,0.14467906936767655,0.6457245531526965,0.746858711059586
GWK60_H08085,220.75120613475377,-0.14031554861417786,0.23314157309310288,0.502373351829115,0.6240205726240224
GWK60_H08107,498.12625116751934,0.2717030244037861,0.18490507946843998,0.1161679942595459,0.19767356434197164
GWK60_H08129,4822.606810933459,2.2821976829727966,0.10839181350738056,1.6810753362952553e-99,1.5784096639715094e-97
GWK60_H08151,11326.544487769108,-0.03456455852350832,0.09819089388753967,0.7060348206052354,0.797150759446495
GWK60_H08173,167.20122747625382,0.09509258004234283,0.2585986706476849,0.6763325688553765,0.7742557472330872
GWK60_H08195,1867.3926350288966,0.22628417287403427,0.1226719662413284,0.05770454957927665,0.1121251004020091
GWK60_H08217,216.77656912166324,-1.9219507448044049,0.2691215233114821,7.33399041277259e-14,7.415792613530439e-13
GWK60_H08239,1226.6233689534054,0.12754784032437005,0.1387451889636293,0.3524082833150222,0.47867805571438565
GWK60_H08261,2258.3017761747487,-0.13564604853027126,0.11724208114653886,0.22936915848227926,0.34310754916068975
GWK60_H08283,84042.48547637441,-0.5842364242261768,0.097847719207129,1.163736210374422e-9,7.864942151862096e-9
GWK60_H08305,1388.9964718785336,0.16436127818028154,0.13110309925667077,0.18410291110699142,0.28767105693924544
GWK60_H08327,5280.961622502243,-0.026393884303402462,0.10354590450748773,0.7981111504119219,0.8638263542334058
GWK60_H08349,1226.5302900912632,0.09438324545381324,0.1510230105372812,0.49165526696420897,0.6153590558671294
GWK60_H08371,248.52381287843653,0.7332513568780752,0.2506118349989208,0.001164588721974315,0.003564265133958643
GWK60_H08393,1125.2529470025636,-0.6769658272837256,0.1408621463290328,6.325074230719471e-7,3.2039730544434468e-6
GWK60_H08415,971.6520485900373,-0.3514492305332431,0.14912922193538714,0.013721408816630616,0.032208556945465976
GWK60_H08437,1174.2473493153307,-0.17143555145089456,0.13490406611421585,0.17603260389577263,0.27720258499070755
GWK60_H08459,2936.6755075144606,-0.130112192828719,0.11447229015071803,0.2431337864603475,0.35997132077399635
GWK60_H08481,343.4402420926673,-0.0803033619641008,0.21595642381821803,0.6811782182298796,0.7777709167106855
GWK60_H08503,4777.300143350346,-0.1524387060038454,0.11026199412308256,0.15688141602251482,0.25247914106459496
GWK60_H08525,1993.9118177939213,-0.058495310063713696,0.11963845619428813,0.6131129239367117,0.7208738269363215
GWK60_H08547,741.912996466769,-0.16945577907902787,0.15331494994943282,0.2466410784078577,0.36403745153355477
GWK60_H08569,1099.0774533593767,0.16702882168101602,0.14004486690355838,0.2252275328632381,0.3379698538227471
GWK60_H08591,616.4404508408641,-0.039442196430135634,0.16090214367524608,0.7959583854757322,0.862739474506576
GWK60_H08613,233.32586073999852,0.15584672288523874,0.22737183139948683,0.4489608148595195,0.5753438860666228
GWK60_H08635,0,NA,NA,NA,NA
GWK60_H08657,691.6188083411615,0.12042643924260882,0.16017346874344332,0.4282442909907939,0.553817085000288
GWK60_H08679,585.0389423252525,-0.3870261104867904,0.17370199135202713,0.018354090749210617,0.04133011098901475
GWK60_H08701,16882.953106873523,0.38302597321594534,0.09891753582082857,7.34920870191346e-5,2.8440423213369175e-4
GWK60_H08723,2.241269555765954,0.01594505272698516,0.524276585317856,0.8994504478190701,0.9355560862447836
GWK60_H08745,538.8065730033904,0.6195002450173788,0.17618769126456094,2.000963616814815e-4,7.070609339524394e-4
GWK60_H08767,2016.8601232647718,0.6431604757199524,0.12800416660522168,2.320892524933541e-7,1.2516156816513394e-6
GWK60_H08789,1926.5360449619654,-1.207429425907017,0.12484442877389561,7.587143425702984e-23,1.381251852670555e-21
GWK60_H08811,9056.189322494552,0.6089125379728219,0.10202345851258365,1.2394375084207314e-9,8.344382098945205e-9
GWK60_H08833,1543.705843637821,-0.013157582466511636,0.12833381911016536,0.9202624175534321,0.9495172275306016
GWK60_H08855,281.66469028415884,-0.3375570817388252,0.2325696840041079,0.10498126414133552,0.18205523972794926
GWK60_H08877,5.506096691097215,0.15855078740480955,0.5495209208331774,0.24839798405012556,0.3659502942380387
GWK60_H08899,7671.697122375911,-0.1934902192882377,0.10051246723990517,0.04937104665885273,0.09847987986807574
GWK60_H08921,441.66260300438194,0.6276840067290567,0.18971563585393625,4.18485223166356e-4,0.0014024189314268323
GWK60_H08943,63734.219727242984,0.10417294792356015,0.09586605415280287,0.27350463608633646,0.393457558561411
GWK60_H08965,1256.419856016896,-0.8407400907833608,0.1368124545008556,2.366987846289279e-10,1.7166375304536593e-9
GWK60_H08987,3013.2807165095683,-0.1359658821656352,0.11206720321378252,0.20903902395964963,0.3183107987199067
GWK60_H09009,758.9442496879061,-4.947355299792143e-4,0.15252133216604377,0.9959789486600292,0.9983083719456818
GWK60_H09031,9540.80499923311,0.18930123480780928,0.09919714521246019,0.051004001457601894,0.1011524988448481
GWK60_H09053,1256.3130776796177,-4.513797648444321e-4,0.13542796785580274,0.98496039234962,0.9915607396083289
GWK60_H09075,4028.6458687063537,-0.28872530641823435,0.10897236726261741,0.006503139883248702,0.016802707374015565
GWK60_H09097,2709.419218303394,-0.12064992082533572,0.11302822589886224,0.27484038535755373,0.39527099185175535
GWK60_H09119,1100.369607405367,0.5645018787273869,0.17446048750911497,5.656902238795627e-4,0.0018440168612267455
GWK60_H09141,1131.3168229996745,-0.2749529451825654,0.13940032020736293,0.04042841651801131,0.08310110009839854
GWK60_H09163,5954.917614465598,0.26637124712377636,0.10431241279749678,0.009292818827437686,0.022928972967934
GWK60_H09185,2189.6933609744706,2.0963976342700743,0.1363860174017522,1.353762304808601e-54,6.715171885550589e-53
GWK60_H09207,464.10318753576007,-0.6130943008131452,0.18594379192050212,5.067084298949287e-4,0.0016703905482053512
GWK60_H09229,99.65221677259814,0.18565491198127596,0.3072637195313391,0.4656666553762651,0.5919911203985497
GWK60_H09251,0,NA,NA,NA,NA
GWK60_H09273,349.760277093818,0.2630459482259892,0.20030745945067366,0.15630435972141235,0.25189754436524525
GWK60_H09295,290.28887062632685,1.5359495855423515,0.2387328725223337,1.3694468551654496e-11,1.1520882503135896e-10
GWK60_H09317,3400.6199657498414,-0.3020059191017149,0.10983348868822439,0.004925544453710022,0.013173200782099338
GWK60_H09339,9465.047772830832,0.221427889201487,0.09932601635459681,0.02247019479696699,0.0495173027001058
GWK60_H09361,360.0309984611608,-0.3418755132683605,0.19961560721053268,0.06240441637400801,0.1195369304753885
GWK60_H09383,1868.2764125539861,-0.4274326582069659,0.12251608017380682,3.257624346370623e-4,0.001107213239380526
GWK60_H09405,650.9591948361481,3.5047380902005203e-4,0.1647134034907962,0.9952087478247652,0.9983083719456818
GWK60_H09427,227.23530871034922,-0.11082427610285964,0.22862548405982341,0.5905544853485547,0.7017255330989154
GWK60_H09449,0.7575181447734833,-0.025569467814011423,0.5362303785615623,0.7480151708050651,0.8287112869981104
GWK60_H09471,837.1081809234878,-2.481612773334546,0.16429934973945423,7.186546197846121e-53,3.314636834059202e-51
GWK60_H09493,1185.8257689578586,0.1313244988758501,0.13455972907460398,0.32384617525995446,0.4494017391176671
GWK60_H09515,2340.459192471315,-0.6967568985844093,0.1187936169255078,1.6389636842453493e-9,1.0963958081122196e-8
GWK60_H09537,0,NA,NA,NA,NA
GWK60_H09559,1278.533387391644,-3.439677729341886,0.1496230002397465,3.980906833030802e-118,4.8678158437385946e-116
GWK60_H09581,961.5494080795074,-3.5357567731336754,0.16975917680687821,1.2613199409736975e-97,1.1635123244981934e-95
GWK60_H09603,371.20199919540187,-0.16552383769142995,0.1919422480717699,0.35435982786540143,0.48033616264920875
GWK60_H09625,2364.5164973307983,0.15725403931068657,0.12105857964780085,0.18537263889436303,0.2890537767813051
GWK60_H09647,2956.9383330074834,-0.704273749135315,0.11375033064313998,2.416653764488945e-10,1.750243180948054e-9
GWK60_H09669,555.6483602562832,0.3056119962320197,0.17040427140464742,0.058510496371598324,0.11318917951503459
GWK60_H09691,3464.9460138299555,1.0646690108013015,0.11402332349618015,2.5600238126260478e-21,4.314296540637102e-20
GWK60_H09713,1024.045621986736,-0.09997152929243244,0.1421085351855321,0.4614482983834866,0.5877652986677259
GWK60_H09735,1375.6874604969203,-0.3350628473569999,0.13191583384560757,0.008588247363039002,0.021472660311392805
GWK60_H09757,1868.7734987029012,0.3150286801025647,0.12220446461994412,0.009082901711981903,0.022551556980071562
GWK60_H09779,6317.900031066476,-0.4067539973922326,0.10347854090272085,6.340065770621803e-5,2.4877661061141373e-4
GWK60_H09801,10784.900596057732,-0.2577571127985651,0.09886151730605623,0.00602508076279817,0.01577683000537489
GWK60_H09823,29261.813890930258,-0.3514378649445522,0.09550336635466845,1.7432388012235135e-4,6.231101031157875e-4
GWK60_H09845,0,NA,NA,NA,NA
GWK60_H09867,5.751899243345003,0.10802957385162743,0.5191207537943376,0.5478263397595147,0.6656969943276007
GWK60_H09889,1568.275310804958,-1.3317107733657294,0.13072122503457545,3.3513063848824043e-25,7.048467588684672e-24
GWK60_H09911,157.7048081556607,-0.7747263361275741,0.2946475864186406,0.0025201439696692254,0.007236983611425881
GWK60_H09933,1015.0938714727536,-0.5269671993944076,0.14447453079962203,1.4596564445995986e-4,5.311331201179716e-4
GWK60_H09955,195.16643481144277,-1.2806173760188835,0.3049554977861735,3.0804767100819267e-6,1.4487608713426448e-5
GWK60_H09977,3634.3161965219597,0.19195369160327225,0.10870634344525444,0.07975661192224542,0.14561120329415503
GWK60_H09999,3729.8850793121146,-1.7143438125123374,0.11702897008693997,1.2688020128714282e-49,5.38012982554675e-48
GWK60_H10021,10507.402037928807,-1.0155209390565196,0.11405374513652483,1.1495955400793336e-19,1.7075065959709423e-18
GWK60_H10043,808.5603366202373,0.27933679613653306,0.15421631195075186,0.058096795455605955,0.11259600092354445
GWK60_H10065,748.5994968835988,-0.8041789728326201,0.16127377498635975,1.9274010146918535e-7,1.049096742779479e-6
GWK60_H10087,7070.164192936076,0.4717349445398385,0.1025036995544293,2.7774455645244684e-6,1.3121121993054498e-5
GWK60_H10109,18.537231316346134,0.3601430637647793,0.5606353193330681,0.19661879923687905,0.30379713381942697
GWK60_H10131,2463.892440486511,-0.7138361272252293,0.11841857613287737,6.525013349036387e-10,4.514278972267542e-9
GWK60_H10153,360.46650418176876,0.06692353902039892,0.19674579336683917,0.7153176527156317,0.8046940988401351
GWK60_H10175,1243.9393595108033,-1.1999926790194366,0.14686203109805757,4.8880575814964405e-17,6.253383640756273e-16
GWK60_H10197,793.6614753079816,-0.28877780343000536,0.15234613814756437,0.04734386678259662,0.09524699382724779
GWK60_H10219,890.8209410458734,0.8714220949843908,0.15131142149907953,2.373259588276705e-9,1.557877517497992e-8
GWK60_H10241,1049.7335294585762,-0.3967844706300178,0.1442696877997723,0.004228719021003333,0.011455231639585537
GWK60_H10263,541.6927325041581,-0.08399494304491861,0.1679336637658012,0.5918439879080041,0.7026226435810082
GWK60_H10285,764.4763754169862,0.4888220739511528,0.15604619366975617,0.001035067730432888,0.0032070631270572337
GWK60_H10307,189.30705966426757,-0.10580870343866293,0.25182778233636266,0.6320450202237913,0.7359089954835561
GWK60_H10329,864.7609730806469,-0.09291170106289706,0.14659807132902467,0.5086996215287156,0.6299440909086167
GWK60_H10351,835.0345979942804,0.6396958597376227,0.16672019953902548,5.544026202069131e-5,2.1983778107450595e-4
GWK60_H10373,2869.9343422762904,0.5887513559347145,0.11400526962279012,1.199789885920085e-7,6.696916369604892e-7
GWK60_H10395,1221.1162170630503,-0.6931879313533408,0.1405005367336689,2.957496477964637e-7,1.564438277780489e-6
GWK60_H10417,6.419034760268629,0.16011920102397495,0.532828662814283,0.39725089296880683,0.523626271052892
GWK60_H10439,1637.737013864904,-0.10778113357428933,0.1303800100526114,0.39300176796811886,0.519645608229047
GWK60_H10461,2235.100215955599,0.04526108423309441,0.11857369452496909,0.6919826503896984,0.787284711660891
GWK60_H10483,1953.1780320707533,0.23594573320550713,0.12198330932747367,0.04634192432690244,0.09350185652757216
GWK60_H10505,583.9165192853883,-0.24297007139014226,0.1658120647024597,0.12417034866078665,0.2081912287176072
GWK60_H10527,510.0777279442632,0.45288926126721313,0.17894516276139683,0.0070659370445876005,0.018114430512160704
GWK60_H10549,3774.2443282340805,0.15665721855016304,0.10994953179211285,0.1440200136861422,0.23553703509475568
GWK60_H10571,6314.310322750194,-0.09302549210385523,0.10728078020986562,0.37767041118115324,0.5038799852805135
GWK60_H10593,0.47614621092037024,1.975001404055197e-4,0.5370624787600194,0.997372398870129,0.9983217348675305
GWK60_I00011,15.439124248783152,-1.4908481685583068,1.4250322289397699,0.008581105681647218,0.021465011262655126
GWK60_I00033,80.2956305636909,-0.7256374283350477,0.39944025235062885,0.01961064070073988,0.04384045442367785
GWK60_I00055,16356.706011878792,-0.9017236460952458,0.09809977846074866,1.2992904955208933e-20,2.0764952660938775e-19
GWK60_I00077,289.5970578133911,-2.2225999276081807,0.244033142586364,6.1725450490449935e-21,1.0142263083712054e-19
GWK60_I00099,584.8426578839319,1.429281672448774,0.17605974243729833,6.386095474733611e-17,8.091106025578152e-16
GWK60_I00121,1102.1942759892004,0.2558373359182294,0.13786077854292572,0.058444786219371395,0.11310367535570659
GWK60_I00143,89.95316132963981,0.27319893998099026,0.32735109071964,0.3008659081926709,0.42366174217382524
GWK60_I00165,1498.2145148679483,-0.22822258453689367,0.12910237869786886,0.06632820464867908,0.12540586121638067
GWK60_I00187,531.4811225089557,-0.3464703925967664,0.1727282311530152,0.03325636020860398,0.07011304810619075
GWK60_I00209,1583.1102025067107,0.14904236001459872,0.12521787072407137,0.22081064033684636,0.3326497720823344
GWK60_I00231,442.189394500015,0.0267276543093548,0.18039790592705518,0.8746550851492726,0.9176845125412096
GWK60_I00253,3070.0111902026497,-0.10070737994323374,0.11276595150948901,0.3570365935662003,0.4830927454892128
GWK60_I00275,3295.080143684655,1.401464392554366,0.1140986859814891,1.5210363764458602e-35,4.544096174632007e-34
GWK60_I00297,11585.335585126199,0.4267303106520929,0.10218617209460025,2.2543407486650184e-5,9.482658925184535e-5
GWK60_I00319,1124.3482634672534,-0.2660167492770422,0.13715861775188662,0.04838733897589142,0.09685882115417632
GWK60_I00341,1176.2413239084974,-1.0359093078978485,0.14738903798455508,4.1981494413212294e-13,4.0061469623352135e-12
GWK60_I00363,1450.893056958048,0.2460688559027596,0.1345397236013921,0.05809334813401537,0.11259600092354445
GWK60_I00385,4123.916496508256,-0.367493298221286,0.1074413448536599,4.801705501564075e-4,0.0015908864226354068
GWK60_I00407,341.7296958832924,-0.21162754183546748,0.19853956510739676,0.24899197203687506,0.36661993530380543
GWK60_I00429,5383.505903551451,-0.07920704810558431,0.10414993493211853,0.43987436635679145,0.5660448894527679
GWK60_I00451,0,NA,NA,NA,NA
GWK60_I00473,255.32999266025354,0.28017644196895813,0.2235641616660627,0.16799819125102272,0.2674339962451945
GWK60_I00495,973.7007844008974,-0.6996521015409155,0.14811022167805074,9.03297092415949e-7,4.468049023445964e-6
GWK60_I00517,2632.402104726178,0.34015827882721095,0.11558666372947,0.0025578014554091897,0.007337108593857894
GWK60_I00539,3563.409560761915,0.13322478420331357,0.10889630081484457,0.21095713572430477,0.32081001769903666
GWK60_I00561,0,NA,NA,NA,NA
GWK60_I00583,0,NA,NA,NA,NA
GWK60_I00605,3373.8100398231118,-1.0504064969626206,0.11579573090788646,2.768382997692155e-20,4.3065555626820567e-19
GWK60_I00627,2017.5755122704045,0.22860014329699208,0.12004554634650492,0.0510842369175835,0.10118976541772964
GWK60_I00649,1942.5107162886047,-0.36387264796001806,0.12131546681461806,0.002013750703155905,0.005888932812677279
GWK60_I00671,3959.0361685117214,-0.5240975616238597,0.10877582379765093,8.199511470988193e-7,4.082673419929538e-6
GWK60_I00693,1699.7574838212831,-0.3389253847451321,0.12649040770551973,0.005714610601378664,0.015053818908842193
GWK60_I00715,1358.323144681263,-0.16417939734788464,0.13906570221388248,0.21826321195858192,0.32968341524798156
GWK60_I00737,2055.3025812108745,-0.37133417248898365,0.1217552642320556,0.0017119238946708675,0.00507973805766333
GWK60_I00759,525.8777037565105,0.41873901562741234,0.17541458916594618,0.011361890936769078,0.027353856476891855
GWK60_I00781,0,NA,NA,NA,NA
GWK60_I00803,0,NA,NA,NA,NA
GWK60_I00825,1960.3755166134558,-0.8575294704638143,0.12517555321948884,2.0491908943331143e-12,1.8449735826033417e-11
GWK60_I00847,3160.145227673749,0.10935418239058818,0.11029231694734139,0.3210973599297935,0.4464119298019181
GWK60_I00869,408.08144167140284,-0.10358591159263564,0.18482334373933226,0.563980397083275,0.6788939853168177
GWK60_I00891,902.4743433195681,0.051029670073076336,0.1439295980904384,0.7157399734636263,0.8048248033515284
GWK60_I00913,1391.6998885318899,-0.748027534041115,0.13821786341638567,2.32093999901899e-8,1.393093894388339e-7
GWK60_I00935,3167.833610737803,1.218836256592875,0.11772832134864314,6.615953588095582e-26,1.4494451652586073e-24
GWK60_I00957,1133.6762617073732,-1.394669834342438,0.14228843579828337,1.506890977425495e-23,2.8398683725101264e-22
GWK60_I00979,1246.0792468503048,-0.3200028973452185,0.13397097502462096,0.014564080505018076,0.033914054603802056
GWK60_I01001,1055.9805025975636,0.07683896797274552,0.1407320325792012,0.5810701152813248,0.6931185721754097
GWK60_I01023,2058.975524501254,1.045862021274311,0.12312184067750119,4.272736239586333e-18,5.85053311139191e-17
GWK60_I01045,263.36695787004527,0.4054428039060898,0.22622220309824112,0.04835543336858466,0.09685882115417632
GWK60_I01067,2300.050898755237,-0.2788281678871912,0.11701179860235457,0.014259463456419966,0.03330797816697298
GWK60_I01089,999.3435655687598,0.5445861637372363,0.14452650109554388,8.90720481621109e-5,3.3717842277637087e-4
GWK60_I01111,241.84711033764378,-0.5340917399216764,0.238207159962673,0.012767988935264011,0.03029516508195766
GWK60_I01133,2997.6386116021067,0.4845957850025444,0.11457058698443265,1.4548940936747148e-5,6.249863680181086e-5
GWK60_I01155,6523.607362780088,-0.16360374863505547,0.10184325352787517,0.08643677539364883,0.15553886550985815
GWK60_I01177,386.2267016487302,0.029422049310476567,0.1877369957821175,0.8688143821916701,0.914506020692446
GWK60_I01199,971.1093740593974,-0.2926507538324135,0.14268899640760574,0.03289233275139415,0.06940123820498814
GWK60_I01221,1789.4548205511207,-0.18190407092370398,0.12209704109691685,0.12504796961367448,0.2092921292027101
GWK60_I01243,408.92081141964314,0.23090466015780128,0.1893014882824348,0.18842660869102965,0.29346774540800763
GWK60_I01265,1659.4877398521487,-0.556512735678724,0.13085785796485044,1.1005985677484622e-5,4.790519262600508e-5
GWK60_I01287,1772.2298126337796,-0.9867633334346362,0.12981713241571727,7.251447017790557e-15,7.781246616233213e-14
GWK60_I01309,6799.147355937006,-0.9098020520034166,0.1045466725703638,8.427730493828632e-19,1.2008944969254999e-17
GWK60_I01331,1873.1558183933585,-0.6427602045458067,0.13090991523069354,3.874778480618071e-7,2.0292415588734877e-6
GWK60_I01353,1466.5279393161804,-0.16489356559378743,0.13334412437716778,0.20033869344016883,0.3075696324262121
GWK60_I01375,82.66727017926483,-0.15772368930848446,0.325442839423209,0.5433742521486024,0.660745101248231
GWK60_I01397,2114.4376496252935,0.35752633356356206,0.12136885532370105,0.0025081154770046424,0.007210317757293827
GWK60_I01419,1652.3178567934815,0.16509743519550718,0.12519233747836636,0.1659457296920933,0.26456720640419246
GWK60_I01441,471.8104100533361,0.12636176310067412,0.17773879943608287,0.45220017731232526,0.5786660209333144
GWK60_I01463,1678.0075143269376,1.2806210791643304,0.1306439478444935,1.6904456854750077e-23,3.1744155050812824e-22
GWK60_I01485,855.9389864059616,0.03585713302700436,0.1524522340603648,0.8074254121809055,0.8703244807804841
GWK60_I01507,77968.75234167808,0.12021886877402814,0.09503599945088544,0.19914704863164198,0.30662230796637585
GWK60_I01529,1716.014483079774,-0.36718070916774964,0.1256823794685325,0.0025163388746674334,0.007230005356831347
GWK60_I01551,1285.6760167940329,-0.5840828409808215,0.1348687018234515,7.79694128828735e-6,3.465453701928562e-5
GWK60_I01573,63.615873935927986,-0.05364360222013413,0.34404868594433424,0.837542850727248,0.890868622564758
GWK60_I01595,473.29163255147586,0.6389991801000671,0.1910116096875748,3.520287863366767e-4,0.0011918656526453612
GWK60_I01617,30194.482258443793,0.41041311166978595,0.10120392137183469,2.5706847683334246e-5,1.0697066114584807e-4
GWK60_I01639,10948.61398183084,-7.437468526246291e-4,0.10748910662542352,0.9911055830010711,0.9954299844942971
GWK60_I01661,8787.935079879042,0.17154804848737115,0.10759133174806408,0.10382824520204803,0.18029356448889317
GWK60_I01683,241.87108908957984,0.9697499602321746,0.24750075328965918,1.9979140596868823e-5,8.464973509938458e-5
GWK60_I01705,1177.6703540652945,0.02012782426719851,0.13684169006255475,0.8840705703925157,0.9256159018566004
GWK60_I01727,1018.6618335816507,1.273480385923605,0.1471808306704747,7.765354056851228e-19,1.1125403714148163e-17
GWK60_I01749,264.69560772429105,0.3231706858740451,0.22641845058096233,0.11350916263564823,0.19402834107224914
GWK60_I01771,1070.4208944260167,-0.08428316390551965,0.1373506929799207,0.5196347159766203,0.6389708457916439
GWK60_I01793,1513.9372517747217,0.06979330351373808,0.12615891960732284,0.5720385037206106,0.6860258850701741
GWK60_I01815,2172.6568851680827,-0.4523971842244722,0.12102662766544307,1.2334114989289832e-4,4.583235096373564e-4
GWK60_I01837,681.0675248997948,0.0629721817278702,0.16956643366630839,0.6965970578390626,0.7896205415495164
GWK60_I01859,3030.6544759254375,-0.2868522303172105,0.11183995547325419,0.008074186898182944,0.020342153670649697
GWK60_I01881,952.1555958502349,-0.18338369514946937,0.14692182997433878,0.19336299351066755,0.2996725765826966
GWK60_I01903,675.8447623923686,0.12993901104254268,0.15694709211278524,0.3877136012737856,0.5146675373636872
GWK60_I01925,191.69929649928528,-0.08255239999271136,0.24069939736961238,0.7002620621297602,0.7930793796479674
GWK60_I01947,0,NA,NA,NA,NA
GWK60_I01969,2659.8927975894203,0.6877775316996709,0.1195267577578702,3.807102000758349e-9,2.4561647018389448e-8
GWK60_I01991,2967.7693298882064,-0.027245545925233417,0.11435709395803588,0.8054989089644932,0.8688048092691789
GWK60_I02013,2319.104196766036,-0.5827015731218412,0.12152101307040107,8.094227681034793e-7,4.0455750139620665e-6
GWK60_I02035,415.73978539972506,0.022780716814934588,0.1907148042800688,0.8989970559915104,0.935469007351071
GWK60_I02057,918.9454697552627,-0.3108732356358972,0.1455766352213693,0.02938690155092963,0.06283705911134119
GWK60_I02079,3039.2130936620624,-0.20396247997651545,0.11792679888591512,0.07508132938867242,0.1384698807175165
GWK60_I02101,0,NA,NA,NA,NA
GWK60_I02123,406.17165579803475,2.543361403864441,0.21164337076552958,2.439653426277777e-34,7.048185557894808e-33
GWK60_I02145,1026.0696921854455,0.14075798084600533,0.14856230283983998,0.3174230372578635,0.44223909112396564
GWK60_I02167,2225.328238314956,0.19507465451066092,0.11816563483171384,0.0903340458714154,0.16122756727491588
GWK60_I02189,454.2688558754196,-0.09643965641271397,0.17847377501711578,0.5564476306931008,0.6729074614039384
GWK60_I02211,589.3650430228834,0.3001220131106812,0.17826626600798176,0.07312976683213356,0.1359675792091083
GWK60_I02233,7883.150869488433,-4.6659720174169435,0.1099262803506365,0,0
GWK60_I02255,936.9506253632964,0.42834214859422026,0.14867230669325404,0.002630276247369516,0.0075244790580353185
GWK60_I02277,1923.589880532147,-0.5969081833260446,0.12323635163675623,6.215047232994161e-7,3.151274672235612e-6
GWK60_I02299,439.9123011390649,-1.4907280536514529,0.19708504570923616,4.695135883383398e-15,5.1006248914937825e-14
GWK60_I02321,4053.2097321904275,-0.802767093707325,0.1152907030104256,1.0054055799251246e-12,9.30708193529279e-12
GWK60_I02343,1316.5162116408924,-0.009362233780697438,0.13067888004079736,0.9404404719488716,0.9625921747142625
GWK60_I02365,537.8843259466116,-0.16996710007630328,0.1699398678699705,0.2886052399688732,0.4096139813016503
GWK60_I02387,0,NA,NA,NA,NA
GWK60_I02409,798.3180270752002,0.026419757235844468,0.14960807545388843,0.8554314687666335,0.9048196867380727
GWK60_I02431,1170.8521289565215,-0.5305715843221129,0.14856952174168686,1.905920009498162e-4,6.766595145132569e-4
GWK60_I02453,1782.0982526939179,-0.0347577258949297,0.12217578010867126,0.7439180327257529,0.8258027805735733
GWK60_I02475,200.0707505841598,0.637579056559294,0.26191878043867417,0.006043299888350367,0.015816660434517783
GWK60_I02497,991.5046282943622,0.2340538520183051,0.14127478699389706,0.08895262069267908,0.15935702882524927
GWK60_I02519,771.3994089479586,0.22611001338557574,0.15187720035430505,0.117290956624423,0.19919762594677523
GWK60_I02541,6491.425815298706,0.6294721290231304,0.11464891030039155,1.329657874147382e-8,8.157924273356984e-8
GWK60_I02563,1680.4833412737157,0.09144676333201766,0.12350029588898685,0.4512624312586627,0.577730183481385
GWK60_I02585,692.2870400811298,0.19841617161354846,0.15698032262872075,0.1868972062331737,0.2911720030737859
GWK60_I02607,511.0684779748873,0.33577293519042717,0.1750647333524546,0.0407479827918821,0.08359457413956929
GWK60_I02629,3048.24826698235,0.46963647360710314,0.11386537065591515,2.2621116294468127e-5,9.507740165972296e-5
GWK60_I02651,2596.5160033142442,0.15449460245876018,0.11455490389318977,0.16787835808424253,0.26737860306404737
GWK60_I02673,2792.152589882011,0.15828051339373608,0.12049228781254015,0.18275785776002287,0.28617643906791246
GWK60_I02695,2066.434921087324,0.0030630324907624774,0.12069106771770075,0.9807305151724557,0.989006722051548
GWK60_I02717,6580.272928833692,0.483405033812565,0.10621098208258307,3.344840646725106e-6,1.5646950285125094e-5
GWK60_I02739,102.2753127230433,-0.7084533849274991,0.36314774242318926,0.015457582655984778,0.035636480201755666
GWK60_I02761,1687.1830591294781,-0.7709266183895561,0.12699501668945232,4.5109793000302423e-10,3.166719513959815e-9
GWK60_I02783,272.4176135590733,-0.4411970612599079,0.2257229236531294,0.030921527216853453,0.06582404457741517
GWK60_I02805,735.6964692362722,0.5587535187381262,0.16781388030893818,4.4079221214230754e-4,0.0014724812270929181
GWK60_I02827,0,NA,NA,NA,NA
GWK60_I02849,344.63128527957144,2.4029621247922965,0.22683889259299617,2.4268081863465893e-27,5.671181086137942e-26
GWK60_I02871,842.597673206697,0.07402153248130613,0.14841803883035815,0.6048728759654068,0.7132019409713543
GWK60_I02893,0,NA,NA,NA,NA
GWK60_I02915,26.134051901799054,0.3084305000306468,0.4882980083048376,0.2810763844087678,0.40149405846816116
GWK60_I02937,21495.704204774116,0.6277425467877852,0.10251138654769401,5.865215906328098e-10,4.084676190128893e-9
GWK60_I02959,293.4109069765613,-0.6476883702095161,0.24459557434847826,0.003063686042943178,0.008637459095868756
GWK60_I02981,7426.809027312083,-4.193819703246344,0.11239413533712118,1.2172398069476402e-306,5.333539087442244e-304
GWK60_I03003,2569.837963053406,-0.66688809778131,0.12298183536334725,2.3188180640569467e-8,1.393093894388339e-7
GWK60_I03025,2166.7438957848153,-0.2629791287155153,0.12087158911088053,0.02458546991301412,0.053550290307633905
GWK60_I03047,2803.2703353338675,-0.28843467210092494,0.1144591266227734,0.009644756992182538,0.023708336729731553
GWK60_I03069,6473.933901820434,0.022000942780007523,0.1046078842480675,0.8563060079469494,0.9053804523999719
GWK60_I03091,383.11640316507936,-0.053029772107425516,0.1885762019508392,0.7633941397868484,0.8402609141719174
GWK60_I03113,775.8979951195148,-0.009492730920740301,0.1501007941171278,0.9608041832319099,0.9739557346121809
GWK60_I03135,1490.0650358819823,0.28950673280168643,0.1280442560474332,0.018786617780733896,0.042249801664285214
GWK60_I03157,1868.2329967253988,0.8070138112952714,0.12513719906999687,4.506324730056217e-11,3.5311856081424125e-10
GWK60_I03179,1333.643639623954,0.5282147081621471,0.13369370401339006,4.4849806793247014e-5,1.8032860121053155e-4
GWK60_I03201,181.94041594549535,0.4856781854041426,0.26501547978842244,0.036716038989294035,0.07663871893835175
GWK60_I03223,1616.5560740545056,-0.20289358305041633,0.12918080364672932,0.10662978893336639,0.18430619007614743
GWK60_I03245,1803.2621809811171,-0.4725472695027836,0.12840252746946537,1.420877982212845e-4,5.184577675555267e-4
GWK60_I03267,513.2533265470886,0.11567077887873821,0.17129840335833005,0.47638541379494304,0.6023578112577879
GWK60_I03289,2774.2981061175883,0.6086199636447236,0.11490238268783451,5.724212985371084e-8,3.300209635644864e-7
GWK60_I03311,3896.7019351113895,-0.5943884827097583,0.11155204363546573,4.978223899384326e-8,2.889128174719954e-7
GWK60_I03333,115611.07265935701,-0.4776934169089082,0.09661973437120713,5.380787737189331e-7,2.7599487979292764e-6
GWK60_I03355,850.0760175895006,1.3223560679199693,0.16110633721910053,3.297450284888933e-17,4.2391182391066043e-16
GWK60_I03377,546.0775204107803,-0.5327544950531751,0.17420799689470176,0.0012312651053952677,0.0037443562314449495
GWK60_I03399,2337.3396708756354,-0.08390173998267128,0.11624894291646258,0.45709569402199374,0.5833517376620493
GWK60_I03421,565.4397813485554,0.5986088578083479,0.17294964194906368,3.171210569621939e-4,0.001081337559991709
GWK60_I03443,1196.708682017874,-0.17989138415165737,0.13572764752708905,0.1712732819036367,0.2714149838002778
GWK60_I03465,59.866211700180884,-0.047018283931340506,0.3522767185335399,0.8574872329071815,0.9062648986182834
GWK60_I03487,2837.3048424462277,1.1444289006718054,0.11895019204484064,1.2048918728734494e-22,2.147566599175795e-21
GWK60_I03509,1433.9360769190444,0.3160463057501984,0.13176444225171283,0.013180818335827758,0.031106257993618647
GWK60_I03531,1120.8154845228346,-0.25261235383318853,0.13675389304924918,0.05801221252109057,0.11251501786643091
GWK60_I03553,181.6946793701547,0.2164579674147022,0.2527784338034821,0.332525945714893,0.45830181456589975
GWK60_I03575,747.5412564521117,0.1736732980828508,0.15294514425024858,0.23490783007696928,0.3498004447875119
GWK60_I03597,666.7015109225542,0.058302284854555256,0.16223880077593716,0.6966621704542044,0.7896205415495164
GWK60_I03619,1411.69416388564,-0.13254413854130595,0.1285167010598442,0.29011069878586615,0.4112285430592926
GWK60_I03641,134.9143300094826,-0.2117867035267728,0.2783369117211434,0.37350111468093783,0.4994580012696773
GWK60_I03663,0,NA,NA,NA,NA
GWK60_I03685,1600.8937688907486,-0.47164789945608815,0.12702801635933092,1.3051261238774932e-4,4.812309368406633e-4
GWK60_I03707,4078.143190702111,-1.9569114551442192e-4,0.10693390597708151,0.9975669890168853,0.9983264614105031
GWK60_I03729,5139.85559463729,-0.7231834457880285,0.10882780600204954,1.1860679139211422e-11,1.0123936836684036e-10
GWK60_I03751,1161.6617213531135,-0.3711938441046563,0.13695724095144346,0.006079690143337535,0.015896076963534938
GWK60_I03773,4630.031612836709,-0.15858996965558647,0.11298002905426423,0.1484177154905515,0.24137963131745122
GWK60_I03795,983.6041793829605,-1.5626011182647153,0.14862751372037475,8.440155286014194e-27,1.91285933163201e-25
GWK60_I03817,11697.240036648358,0.3625918677931766,0.09878214249343731,2.024164571660927e-4,7.135805255264893e-4
GWK60_I03839,1626.648468931209,-0.01886091108027088,0.12580855851624448,0.8689372535906164,0.914506020692446
GWK60_I03861,919.9482819934177,-0.038889344006894234,0.14583483532276695,0.7751545791347443,0.8492365287871605
GWK60_I03883,5579.82886609589,0.32177792673119804,0.1057257283263451,0.0018907774911935881,0.005563350894625566
GWK60_I03905,1199.9884640147911,0.19885533644170447,0.1339832898842339,0.13297312924213375,0.22055921563253605
GWK60_I03927,1657.4024601936278,0.08172140760999393,0.12696198130581424,0.5308175856213707,0.6497333907772497
GWK60_I03949,5697.71405342288,0.007310179287798935,0.10279193348722912,0.9534595876642943,0.9693137107383718
GWK60_I03971,490.5226837673607,0.22070816448839586,0.17546242283865832,0.1830429370337233,0.28627262271384607
GWK60_I03993,549.5255166662664,0.03370266282372234,0.16930226869111906,0.8361277308184593,0.8898780465890013
GWK60_I04015,1372.310821836913,0.04005969819437532,0.12910202640129054,0.7606326211350585,0.8384499626683727
GWK60_I04037,3290.6690768441476,0.8712568520385304,0.1126382469370372,2.4467943935638472e-15,2.708472615022886e-14
GWK60_I04059,1427.8842109951,-0.0989118409124735,0.12797864111772891,0.42650903581405736,0.5523607168252004
GWK60_I04081,1036.6692088603354,-1.5799966574360984,0.1477106975901418,1.0647530368879068e-27,2.56810617796175e-26
GWK60_I04103,1548.1983831045623,0.46013413806358716,0.1468319798386339,0.0012025537771359579,0.0036719092683977156
GWK60_I04125,1341.7117456663482,0.6585084601507999,0.134172590914207,4.0217258237111277e-7,2.0978407124080466e-6
GWK60_I04147,0,NA,NA,NA,NA
GWK60_I04169,0,NA,NA,NA,NA
GWK60_I04191,1861.4137776805796,-0.3440818469149314,0.12208071677441881,0.0037125515244491513,0.010213112408033914
GWK60_I04213,1608.6048875051347,-1.2845461309651436,0.13053424320469076,9.519406404060584e-24,1.8201105044563838e-22
GWK60_I04235,1752.8251762415941,-0.1774153648839728,0.12282816135194967,0.1424959904228129,0.23362766374903346
GWK60_I04257,434.27682609303736,0.34554499474336375,0.18612154645068155,0.04723781169756862,0.0950946941671436
GWK60_I04279,617.7417244111718,0.19069409194852216,0.1704503429105634,0.2304784141974644,0.344570799502493
GWK60_I04301,258.61783106798185,0.18907918973199694,0.21918128904296388,0.34536206036474715,0.4721564517415082
GWK60_I04323,3943.0249324399288,-0.06450794166325866,0.11769363313526233,0.5721231468301091,0.6860258850701741
GWK60_I04345,881.4665784710963,-0.20340679107468765,0.14564381956679065,0.14364554764964643,0.23507260801177746
GWK60_I04367,1969.3079462043675,0.010971744420145571,0.11939792917204686,0.938231571234818,0.9609247300166083
GWK60_I04389,1109.072841871868,-0.12997442583196087,0.1367831872329512,0.32405671207565667,0.44957524857356274
GWK60_I04411,0,NA,NA,NA,NA
GWK60_I04433,29.346454552844563,0.5686944334338901,0.5871159798282247,0.09046296914795547,0.16140288149981333
GWK60_I04455,3971.0256323850426,-0.8061958885844192,0.11074671321878887,1.0494990568698071e-13,1.047109305696669e-12
GWK60_I04477,784.2326419027792,-0.15324992893069478,0.1501927942068669,0.287150664240873,0.4081569723512644
GWK60_I04499,1063.8944068474482,-0.8530068155434298,0.1500002159877171,3.6236040551606043e-9,2.3435313803240416e-8
GWK60_I04521,0,NA,NA,NA,NA
GWK60_I04543,469.8551925528855,-0.07394203037421154,0.18592678622849235,0.6719930740517468,0.7707983384302105
GWK60_I04565,1483.690505427338,0.22602350127988424,0.12812753327448936,0.06228879512823288,0.11940010382218318
GWK60_I04587,483.45961517111937,-0.8888551859999176,0.18685762047390359,5.560253212576111e-7,2.8439505244868863e-6
GWK60_I04609,795.6112317955135,-0.08943775826422447,0.15153929714900266,0.5371497130170486,0.655918684536383
GWK60_I04631,894.5077508212966,-0.12420808644807604,0.14669740230612677,0.3558747207088198,0.4819575737075823
GWK60_I04653,515.9122083877669,0.922000161658414,0.18194553443679462,1.0397064083351186e-7,5.85935294215011e-7
GWK60_I04675,245.16771614021957,0.27546209018922946,0.23002790274060303,0.18474107717686578,0.2882399358444986
GWK60_I04697,566.9169600662387,0.37183292404647855,0.16987472997998743,0.020486162626716483,0.045507496025042365
GWK60_I04719,2013.947406745805,-0.30485348005617185,0.12178133508737789,0.009991215928266416,0.024468473847612863
GWK60_I04741,2540.9965644953345,0.5123294317732712,0.12086034451336392,1.2636750640635596e-5,5.4731494949309695e-5
GWK60_I04763,645.5983012604181,0.2451330587271693,0.16050691599973232,0.10928587665248074,0.18790880949599206
GWK60_I04785,3631.6738973571405,0.518527093936328,0.12092230898275483,1.0157596310840173e-5,4.432252398539222e-5
GWK60_I04807,396.2578192230939,-0.08303097628019762,0.18659781220079621,0.6347644748482433,0.7379154562794744
GWK60_I04829,2182.1279269312718,-0.20218007405192664,0.11892725473352216,0.08032317484025969,0.14649297721473653
GWK60_I04851,1868.4374924850727,1.0151568077231519,0.12704561991608262,2.992177855991973e-16,3.591979718448811e-15
GWK60_I04873,227.54204488891372,0.37175409366586737,0.23685071056164256,0.08021498879254514,0.14634642993449076
GWK60_I04895,392.32119445601694,0.06756988694304819,0.19145007132317812,0.6891810904654105,0.7848633687821374
GWK60_I04917,568.7739733183898,-0.1258325182324936,0.16656716795427545,0.43279834782356413,0.5587168457786154
GWK60_I04939,580.4669413334283,0.43033232128059873,0.17027943800614453,0.007608731128326426,0.019336253394267932
GWK60_I04961,613.4988783513719,-0.7505143647420257,0.17348917284392926,5.325620636142967e-6,2.4286308156842773e-5
GWK60_I04983,3197.8047557382556,0.8468008913914313,0.11333642820935098,2.118737804934848e-14,2.210381622687982e-13
GWK60_I05005,1138.5996672468596,1.3169814317585153,0.14170086723243733,2.2523638877395167e-21,3.8080158590785785e-20
GWK60_I05027,549.1287081639589,0.23467652972872166,0.17074097761914184,0.14639189488077736,0.23845371229340998
GWK60_I05049,1567.150706994892,0.309411286758301,0.12647503415269148,0.011719619531488626,0.028086490198982312
GWK60_I05071,2327.674753670188,0.11369951534699509,0.11747964169943544,0.3229820078499948,0.4485508669930591
GWK60_I05093,2472.2657037393633,1.6793733040976258,0.13403097717472184,4.290121792080525e-37,1.3671188110763276e-35
GWK60_I05115,4263.5901499027495,-0.16212011062679843,0.10643231658179905,0.1198082291152156,0.2023483206579484
GWK60_I05137,825.9157940739484,-0.17931982401196422,0.14825485577839986,0.2032794282085321,0.31134379071379603
GWK60_I05159,100.5607558597258,0.06455012340971761,0.31184548718414495,0.8000570221054457,0.8650421184927892
GWK60_I05181,87.21356961996545,-0.5553031614279539,0.38022866279978,0.05750785457274532,0.11194417924764279
GWK60_I05203,733.878708892401,-1.5735570775203616,0.16880665427796537,1.2152881713301863e-21,2.0814284054899414e-20
GWK60_I05225,303.3120963938359,-0.9668753115546911,0.2245362504843976,3.74249936099001e-6,1.742963829945569e-5
GWK60_I05247,2327.359510932329,0.6653702790247723,0.12908730803240456,1.0769021405081256e-7,6.043064519521584e-7
GWK60_I05269,785.5097357954297,0.39367567741943316,0.15500610786545882,0.007829269908721745,0.0198200776023394
GWK60_I05291,13005.447616044436,1.1302883868278764,0.10643493258513502,2.890344392236567e-27,6.694903442458092e-26
GWK60_I05313,3215.7284344089844,1.1315338767158754,0.11301266983642275,2.5987293649554946e-24,5.2153125957770954e-23
GWK60_I05335,34.47879855429149,0.143352054610696,0.41201998393550815,0.60201755796578,0.7109680220685082
GWK60_I05357,1145.6706619626077,-1.7592272592089693,0.1444010393807395,3.760602382066084e-35,1.098513740272415e-33
GWK60_I05379,5694.224059809403,1.9241738383188567,0.11398776884775062,4.618650055494962e-65,2.8238211618363383e-63
GWK60_I05401,407.33764448144444,-1.1375410146653628,0.20155757961046272,2.768502821635383e-9,1.803815097417453e-8
GWK60_I05423,1797.884671849443,-0.4795573205833546,0.12387075871108094,6.322600763717455e-5,2.4827658562827766e-4
GWK60_I05445,0,NA,NA,NA,NA
GWK60_I05467,519.0349104203121,-0.5098551287968833,0.17693923713521817,0.002255167227891954,0.00652237034337508
GWK60_I05489,674.0827561896054,0.2637138367497552,0.15928282210786207,0.08282924513921613,0.1502297933570191
GWK60_I05511,202.24381206389717,-1.7390020260630976,0.2745955191048399,2.3722875317850078e-11,1.9338740840504762e-10
GWK60_I05533,0,NA,NA,NA,NA
GWK60_I05555,603.974269875037,-0.5323183650783286,0.18446488036555336,0.001995620496007408,0.005839161139681108
GWK60_I05577,0,NA,NA,NA,NA
GWK60_I05599,630.6339094718611,0.38430093808761184,0.1807675426573393,0.023046013034358246,0.05061651484321456
GWK60_I05621,0.23406845551404099,-0.018035937902739278,0.5388751877887962,0.7932702651911353,0.8610683431822852
GWK60_I05643,271.844347071874,0.2974757970639181,0.2450472959045516,0.1699684244826568,0.26967229207296606
GWK60_I05665,427.31997268352563,0.379475509356365,0.18717700660578176,0.030168607837223436,0.06435153752864943
GWK60_I05687,27.382236261316997,-0.07283214197718478,0.42360534075182116,0.7803658136810004,0.8523397275310968
GWK60_I05709,156.8036477459592,-0.03420242213041178,0.2631803414450369,0.8830591816364602,0.9252939770913727
GWK60_I05731,2150.560662619091,-0.1498699905551277,0.12259546122216151,0.22884294838685887,0.3426128196520797
GWK60_I05753,1825.2596246634141,-0.2932345160173218,0.12337242551392276,0.014270303505992342,0.0333184972622148
GWK60_I05775,789.2250912292482,-0.790392331584588,0.1778175619159003,2.578656769684971e-6,1.220393995949917e-5
GWK60_I05797,1034.7665890061262,-0.5688295925877801,0.1529564064577774,1.0237210047697001e-4,3.8503040365372553e-4
GWK60_I05819,3672.3913407918258,-1.1019559087103536,0.11333485840140607,4.6320656291144426e-23,8.575845449959063e-22
GWK60_I05841,3490.8204097789785,-0.39533801810739677,0.10987995274247943,2.4193870285465422e-4,8.38019564960324e-4
GWK60_I05863,1768.2393844378378,-0.23411147482360622,0.12521602162261236,0.053881806086606095,0.10591048089845789
GWK60_I05885,27.608992968131755,-0.6497191189081019,0.6365735426862087,0.0652943057297798,0.12393749417202278
GWK60_I05907,3412.9163691288754,-0.36351328582939063,0.11251891478152601,9.421847154941631e-4,0.002940063640396623
GWK60_I05929,3645.696866557563,0.7532716297434933,0.12204091787968097,2.3198590653782787e-10,1.6894486102159266e-9
GWK60_I05951,7004.448759910173,-0.06689045323205489,0.106494751247367,0.5090131673496481,0.6299649093462252
GWK60_I05973,427.96278237723794,-0.08648635790234568,0.18261149449201225,0.6262012633990252,0.7318440193269781
GWK60_I05995,2357.4770185889074,0.738240667074286,0.12003039414517909,2.855022447835188e-10,2.0479819960051048e-9
GWK60_I06017,310.0584954908924,-0.4939684669911315,0.2142591403958038,0.011842249842538158,0.02834162479383962
GWK60_I06039,142.45377816443084,-1.2983864214516325,0.31950324808136854,6.427235746022277e-6,2.8958359513783316e-5
GWK60_I06061,2220.751410355654,-0.20534913623354795,0.11817719630353622,0.07227028277443118,0.13465526110133208
GWK60_I06083,29396.59474791309,0.006056495169935224,0.09460288761026714,0.9268538788932104,0.9542584090895828
GWK60_I06105,1226.6431813960908,1.2339400297544119,0.13955683211799802,1.564591836612402e-19,2.3108494036258456e-18
GWK60_I06127,0,NA,NA,NA,NA
GWK60_I06149,710.6284898379911,0.7013274063549416,0.16157411543565178,5.7829327441854015e-6,2.6190060610617435e-5
GWK60_I06171,1034.0206193348117,0.2734734547782432,0.13994030988952177,0.04428544113662757,0.08997405312843422
GWK60_I06193,1095.2683234748922,-0.5082444845260566,0.14016473566236654,1.6603525870168803e-4,5.971363818423226e-4
GWK60_I06215,307.9997955715447,0.5994650915856523,0.21921334671550902,0.002853942730606354,0.008102608465188017
GWK60_I06237,453.0037171916241,0.42974833329624323,0.18660074104010277,0.013803445844133124,0.0323866658850745
GWK60_I06259,885.8663500981806,0.09688916018792211,0.14729151464268359,0.4937508298850813,0.6172472333656104
GWK60_I06281,0,NA,NA,NA,NA
GWK60_I06303,945.0691223078877,0.15315599756204584,0.14273575670560662,0.27119959936492255,0.39089021202323543
GWK60_I06325,1520.2779313452795,-0.06340214604559191,0.12618727861460294,0.6039316813186304,0.712628541376427
GWK60_I06347,2754.558082430029,-1.4726212950484967,0.12494573976191556,4.982253733029926e-33,1.3573414574233862e-31
GWK60_I06369,3521.118331420777,-0.6754081624376395,0.11120452423061891,5.104924312442217e-10,3.5693739408006887e-9
GWK60_I06391,13528.517284286567,-0.16918663984151966,0.09769700664069574,0.07754046989096378,0.14215752813343357
GWK60_I06413,919.6413701844667,0.386959641091587,0.14952082429891417,0.006838111609676044,0.01758180481353381
GWK60_I06435,0,NA,NA,NA,NA
GWK60_I06457,0.23406845551404099,-0.018035937902739278,0.5388751877887962,0.7932702651911353,0.8610683431822852
GWK60_J00011,0,NA,NA,NA,NA
GWK60_J00033,0,NA,NA,NA,NA
GWK60_J00055,38786.00710007,0.2569684327587638,0.10229485227362967,0.010400030322291663,0.02535823992234196
GWK60_J00077,1394.4866886257294,-1.1657743821992395,0.14150560351426875,2.8618269714311226e-17,3.706277393050454e-16
GWK60_J00099,532.2669526992364,0.5440395486308219,0.18376168450819338,0.0016610336898540974,0.004939884129667898
GWK60_J00121,0,NA,NA,NA,NA
GWK60_J00143,649.9630408192997,0.62701654801264,0.16594250679191522,7.106922535975029e-5,2.759837422020436e-4
GWK60_J00165,1280.6431404892637,0.8596717136192521,0.13638469000265024,8.665328775582845e-11,6.584147211273786e-10
GWK60_J00187,1341.257341698429,-0.37988374977297157,0.1317675195694724,0.0029271311774942727,0.00827910475054593
GWK60_J00209,767.1792385140459,0.08417551550840219,0.15614419249166406,0.5724661304576715,0.6862049547700885
GWK60_J00231,3552.2843153780072,-0.3272423879769894,0.10949596753572548,0.002207162712000173,0.006394083492945956
GWK60_J00253,100.65001232065256,-0.8375832654458244,0.3717995921593769,0.005714600831629075,0.015053818908842193
GWK60_J00275,1256.0510924972011,-1.7599186676254035,0.13975631946368186,2.1471972638843002e-37,6.926357799695491e-36
GWK60_J00297,1283.2425104614417,-0.18746791422335402,0.1340983584371706,0.14908649600264662,0.24224252038996166
GWK60_J00319,837.2166533320049,-0.21214236500511832,0.14789457596274577,0.13063447274050208,0.21722835473420618
GWK60_J00341,651.3862136189539,3.0986625136354893,0.1828412124509471,1.88627217661238e-65,1.1668257770150464e-63
GWK60_J00363,4247.487207695132,1.1623437492309834,0.11054819955634551,1.4091569264590556e-26,3.1799773044299206e-25
GWK60_J00385,2270.322119201842,-0.023512529592980568,0.11634911583427542,0.8348983451770304,0.8893629454904428
GWK60_J00407,260.1171001966686,-0.1833539078654393,0.21822115717047103,0.3563925596317428,0.4824696391719114
GWK60_J00429,2116.594587602775,-0.4031455908040233,0.11934691326984342,5.254183488442032e-4,0.0017234246277123024
GWK60_J00451,5348.125565499786,0.2920312274657913,0.1040337649381996,0.0041787721399619265,0.011325764903051448
GWK60_J00473,4945.150752792996,-0.7907874047585534,0.10686604738901001,5.0436016490706624e-14,5.159388612998743e-13
GWK60_J00495,8239.121241392448,-0.6291426013107806,0.10132424824431717,2.575653543571153e-10,1.8602728478155387e-9
GWK60_J00517,1344.031160041385,-0.02841080396346334,0.1333196635444004,0.814021430960623,0.8756288874618053
GWK60_J00539,5748.272073653802,0.32506247235572583,0.10517841179352398,0.00160315281706281,0.004773146949103202
GWK60_J00561,2477.3592207219112,0.22637032043719402,0.11648681529521906,0.0463326989092791,0.09350185652757216
GWK60_J00583,3143.162890652671,0.08737476490529013,0.11168168571465796,0.4466415332365702,0.5727905321360698
GWK60_J00605,49.77854548611994,-0.5006885423191526,0.4524461638338914,0.10891869990916435,0.18740004061596405
GWK60_J00627,12871.32861219204,0.4538687143469743,0.1082792945157851,2.4695062880455803e-5,1.0313474235539049e-4
GWK60_J00649,3670.9411268146155,0.02454289348631987,0.10992614994859103,0.8799950232999194,0.9228188736559586
GWK60_J00671,4902.495953118509,0.17851978793662032,0.10628920086292037,0.08726855637682882,0.15676736229223298
GWK60_J00693,1804.0931189696528,-0.5179462500087363,0.1418992301689083,1.42708729409155e-4,5.203623434350465e-4
GWK60_J00715,2490.7929433241748,-0.33407232968638656,0.11853336230924659,0.003691774354027691,0.010163010237422826
GWK60_J00737,13187.852136649122,-0.49652230040348766,0.12500709417383796,4.052921336627662e-5,1.645579952740405e-4
GWK60_J00759,1045.2763192548482,0.9566112164811288,0.14575829969997028,1.2979071812510206e-11,1.095408661158566e-10
GWK60_J00781,1954.478737111816,0.9916642346329668,0.12620323464457858,9.295296873845396e-16,1.0578933108804998e-14
GWK60_J00803,291.79815493624585,-0.1502631922625851,0.21118733550660054,0.43732035478320785,0.5634771352621072
GWK60_J00825,1903.4239962529919,0.7125498049537847,0.1334173071463158,3.8197379798088385e-8,2.2415382028833562e-7
GWK60_J00847,3222.7908640818364,1.0553654788493616,0.11298850671494186,1.983878535288667e-21,3.375803669432949e-20
GWK60_J00869,371.50810849564584,-0.23730360468951,0.19594610359955442,0.1916615276548875,0.29762442776414605
GWK60_J00891,0,NA,NA,NA,NA
GWK60_J00913,947.0262975017313,-0.5191549423539321,0.14581289801474348,2.0824837098045026e-4,7.324213609466271e-4
GWK60_J00935,413.50534641655804,1.0914646874133471,0.1988970969060949,7.956955979492713e-9,5.004506523944101e-8
GWK60_J00957,1890.900479148432,0.9077423997346454,0.12524227975663094,1.1443234799868179e-13,1.1331172990151956e-12
GWK60_J00979,752.8628462140799,0.18740850531108194,0.16464238396902234,0.2316813479991,0.34607401357365564
GWK60_J01001,463.8859623084687,0.31601716635803667,0.18127907884346234,0.06351927925493803,0.1210965809726121
GWK60_J01023,2139.6046819847306,0.026518606525198295,0.12001602268353463,0.8209398408054354,0.8789455676959844
GWK60_J01045,0,NA,NA,NA,NA
GWK60_J01067,3409.091582203392,0.2814512112551729,0.11632193542027647,0.011315130128792268,0.02727875021420896
GWK60_J01089,1348.0992307530598,0.41850455885553295,0.14930825604313017,0.0028709197668240535,0.008146409138672895
GWK60_J01111,758.4424272208437,0.01492509635570807,0.1510959314644309,0.9193863971249256,0.9487995438827985
GWK60_J01133,364.14625771308647,0.4180580377776402,0.20342152189890633,0.026426760446654356,0.05720539581247781
GWK60_J01155,491.8809384297132,-0.16452568535840228,0.1750865605969982,0.3183891086104177,0.44311538726140187
GWK60_J01177,3124.764404806994,0.9145499282929689,0.12094653312461263,9.509269133663244e-15,1.0162548192032792e-13
GWK60_J01199,5184.225921665597,0.005920372592436925,0.12376748337454392,0.9564824290202352,0.9718700506968286
GWK60_J01221,2527.9651656900196,-0.4330545746332613,0.12165410980185998,2.506516459871244e-4,8.653488868025608e-4
GWK60_J01243,1601.2266205357048,0.7578628290320985,0.12928109748771205,1.6424259801582702e-9,1.0973158581540261e-8
GWK60_J01265,2444.0209875822493,-0.2532841919171989,0.11787852546782442,0.027114124400282297,0.05847664729150301
GWK60_J01287,1235.7442761164693,0.11727208671986945,0.13253241626570245,0.3709027300195464,0.49724797410575594
GWK60_J01309,202.94786896314017,0.024411335519905108,0.2363218659487122,0.9190796025988186,0.9486691304406336
GWK60_J01331,3335.0378225853174,-0.9272064567511128,0.11600092628671176,3.252988470243882e-16,3.896176167777296e-15
GWK60_J01353,4938.320772536021,-2.1816542111534134,0.1115755745872454,2.5715314317978268e-86,2.1126737919364023e-84
GWK60_J01375,314.17797860659516,0.2905372691090005,0.20697860693382542,0.1275852744514762,0.21303739217120105
GWK60_J01397,2498.094326562786,1.0987836216703857,0.12002855682853224,1.0645761266234302e-20,1.7223203919341526e-19
GWK60_J01419,2470.2783044507896,-0.1306955318224034,0.11508574668701699,0.24444650426509343,0.3616487674242716
GWK60_J01441,2712.7665656834533,0.2886457366604082,0.11359137794954506,0.009172932033736177,0.022707757360350668
GWK60_J01463,0,NA,NA,NA,NA
GWK60_J01485,5264.138048662231,-0.6653814009884205,0.1276323756680305,6.791548652224253e-8,3.889974162679207e-7
GWK60_J01507,0,NA,NA,NA,NA
GWK60_J01529,239.10260642432644,0.1991468063852838,0.22550314325986445,0.3310467163115416,0.4569817890170873
GWK60_J01551,122.02827407514118,1.61004332790701,0.3504181704376032,4.354631456910141e-7,2.269242041668337e-6
GWK60_J01573,0,NA,NA,NA,NA
GWK60_J01595,554.2205194470034,-0.16943951144570682,0.17241638018613822,0.3087170070075251,0.43217093259999123
GWK60_J01617,0,NA,NA,NA,NA
GWK60_J01639,1477.2937864057492,0.04964991373640909,0.132719489844738,0.6867078299399094,0.7827361960491086
GWK60_J01661,837.8533916795495,-0.43268280278519844,0.1504057893698844,0.0026390060770349827,0.007545347445921663
GWK60_J01683,0,NA,NA,NA,NA
GWK60_J01705,8907.891335565897,0.97646993591346,0.10752112746211229,2.5677408805735292e-20,4.0153221516526545e-19
GWK60_J01727,1158.9993193087005,-0.26554174254212415,0.13574242790473176,0.0466949446629469,0.0941057949550689
GWK60_J01749,7868.715394104646,-0.2969100046142612,0.11599475459139101,0.007614659211504159,0.019341970113086412
GWK60_J01771,715.6556671488703,0.0923292807613575,0.15652449742189023,0.5307962380513627,0.6497333907772497
GWK60_J01793,1750.2327439351811,0.07473176664925037,0.1225576477103748,0.549655919415791,0.6671493130859254
GWK60_J01815,2199.441356657495,-0.4381942600711545,0.11891705476161268,1.6107427553069015e-4,5.796909929776652e-4
GWK60_J01837,1029.9064152450674,0.07189765741396227,0.13900988756599822,0.6035830518251668,0.7123770340059994
GWK60_J01859,497.80992931249193,0.2221565629708002,0.17687909182834252,0.1830446096546121,0.28627262271384607
GWK60_J01881,17.046493677093682,0.17227876824181962,0.48007838201094494,0.49714211748096876,0.6206014372542578
GWK60_J01903,0,NA,NA,NA,NA
GWK60_J01925,2492.1427899009473,-0.23197370431102793,0.11494896048344207,0.037877482536273106,0.07865711025897472
GWK60_J01947,522.2540635203599,-0.7902463994583745,0.18216334949917667,5.3685608828739355e-6,2.443973430489277e-5
GWK60_J01969,735.7483411517776,-0.5070513833880959,0.15854480235836726,7.876459401029317e-4,0.0024888475679454417
GWK60_J01991,1716.202487755385,-0.4801214470729662,0.12512610171569158,7.629974635100469e-5,2.9390774088907155e-4
GWK60_J02013,1007.2627948384576,0.28927051773542944,0.14292593362532344,0.03543419153266602,0.074198717275491
GWK60_J02035,279.32980461724446,0.9557464236427473,0.23253870944801058,9.391880568932814e-6,4.1289722434321686e-5
GWK60_J02057,1511.7729395036095,1.4349994206900827,0.13513727749027404,2.7173966635404603e-27,6.322155600396345e-26
GWK60_J02079,7702.973566374826,-0.3066341739297143,0.10229685585929982,0.002197850919141194,0.006370617493299007
GWK60_J02101,1270.9919941055055,-0.04007377602721868,0.1344330238761359,0.7715879505010017,0.8471516900677107
GWK60_J02123,437.22369666143805,-0.3064265646062571,0.18632356676963177,0.07826302028381761,0.14323249587619666
GWK60_J02145,522.7718965453795,-0.14758694275465406,0.17418096727740948,0.3728227472607732,0.4990585552691307
GWK60_J02167,89231.16422462958,0.1097501263104786,0.09768188133713634,0.25363109749981505,0.3715560780557244
GWK60_J02189,1050.1035619805828,-0.5401119231629492,0.14295123620309824,8.727658036961913e-5,3.3085815398951505e-4
GWK60_J02211,900.6047265506264,1.004538682310911,0.1568233747153149,3.304554683448417e-11,2.652724965736149e-10
GWK60_J02233,894.6105092615957,0.22414143440818265,0.14529621041106003,0.10867661982530663,0.1870447355291202
GWK60_J02255,2504.6911511385615,-0.040453227729758304,0.12486253620491863,0.7371958985328235,0.8210479304503014
GWK60_J02277,2378.457316036688,-0.17667450849708258,0.1163998822362406,0.1177563822775761,0.19991022642530293
GWK60_J02299,1072.7280262639895,-0.1223554071260876,0.1399048472229051,0.36105847644898015,0.48778970785658565
GWK60_J02321,4258.743600230258,-0.30815353012651825,0.1067163506547472,0.003218188114236279,0.009019847070711276
GWK60_J02343,5693.185584844882,2.4513223438967064,0.11516589967957588,7.66700319407304e-102,7.752519768160777e-100
GWK60_J02365,1615.6949989673656,2.107281325612072,0.1392242989143045,6.9701231815191705e-53,3.243266167117504e-51
GWK60_J02387,1401.9127226870833,0.2786202078958252,0.12965881519050607,0.02662827316475964,0.05757050176821801
GWK60_J02409,0,NA,NA,NA,NA
GWK60_J02431,296.483626961254,1.131139806742108,0.2291870619142296,1.432939766860386e-7,7.905978272982066e-7
GWK60_J02453,2290.2562318575347,0.08802857066152858,0.1168525586602306,0.44037311870499235,0.5661324836554645
GWK60_J02475,1259.905436053578,-0.06305730809355387,0.1339483911692367,0.6254124165907204,0.731084590136507
GWK60_J02497,2087.974194577423,-1.259589093372568,0.12933111740151873,2.8593630351232506e-23,5.350366846504644e-22
GWK60_J02519,15.264202266317298,0.2159156266188946,0.504582493521881,0.3893051096867956,0.5161666539874673
GWK60_J02541,800.1322518604552,0.06461665353879635,0.14882043823115207,0.6529814576973274,0.753263822854881
GWK60_J02563,3880.2328780140533,0.16801689445312082,0.10739127995658058,0.10818796917346665,0.18651325012635633
GWK60_J02585,0,NA,NA,NA,NA
GWK60_J02607,323.1604594796436,0.16058064311976927,0.2015856211777828,0.3861551284550376,0.5135062380922073
GWK60_J02629,5369.159155550371,0.8181433920316321,0.10598463091065298,3.608480490962319e-15,3.9445718131974794e-14
GWK60_J02651,789.4518900324883,0.24213815311810363,0.16248673196134467,0.11237771505182029,0.19240704192200295
GWK60_J02673,488.11648654624355,0.005693159048049661,0.17627929611711582,0.9736670561016036,0.9833988786243756
GWK60_J02695,8744.788805336084,-0.3137437357140858,0.1090629179860815,0.003406198910860067,0.009486119636282962
GWK60_J02717,1864.8545738132711,-0.5781545562093228,0.141655811904299,2.0510796610916285e-5,8.66927400162362e-5
GWK60_J02739,488.4426883061602,-0.1171072408589179,0.17525034657326388,0.474780376636351,0.6008171408794064
GWK60_J02761,1702.3026021190472,-0.09098642873910051,0.13797134554055984,0.488018016979557,0.6120555184034496
GWK60_J02783,1132.3318231097217,0.0695795284739199,0.14236039350995022,0.6294282384186749,0.7342412246059501
GWK60_J02805,2791.233756505638,-0.19519419733960972,0.1154664305965145,0.08362888231948211,0.15136683760269773
GWK60_J02827,2767.845623539864,-1.07684870678688,0.13276403097375483,9.431142336661153e-17,1.175093516733752e-15
GWK60_J02849,1173.2823648460808,1.3661888644735654,0.14832910800242263,4.379743263590501e-21,7.264571003141595e-20
GWK60_J02871,45.71747718424751,-1.4406012973191458,0.5765999402946199,0.0011321471453086432,0.0034782318004072774
GWK60_J02893,2995.870120685135,-0.17410709287544576,0.12084108667582528,0.13853692310863422,0.2279454424350009
GWK60_J02915,3396.0080500744953,-0.1889727703416054,0.11262478180325527,0.08461926571134526,0.15284373037109356
GWK60_J02937,6155.384805723223,-0.2926771140011613,0.1165217782143369,0.009818208982207666,0.024089660675897295
GWK60_J02959,2031.8594321444473,-0.44167405361741313,0.12090927009018353,1.6726320739829986e-4,6.011414521532882e-4
GWK60_J02981,232.10017086773655,0.4841190074042985,0.24041386651291027,0.02510072192294841,0.05455956836331656
GWK60_J03003,13120.693002730577,1.283279233852791,0.11217491416555568,3.437928792099277e-31,9.175954106019288e-30
GWK60_J03025,31775.36473916932,0.24880976449010006,0.10116718491566148,0.011241390409202842,0.02716324943547268
GWK60_J03047,175.00687944222645,0.25739288665511234,0.25962960761130527,0.26275623982083385,0.38143906929264065
GWK60_J03069,1721.3501579778122,0.21765157140144403,0.12328584781616961,0.06922600022011886,0.12985740604972706
GWK60_J03091,271.8765288492139,0.1909303062569529,0.21494155853957064,0.332923638218848,0.4586139071279566
GWK60_J03113,1070.2088758291288,0.11253395305486136,0.13815863839003004,0.4073402888119749,0.5330500842641523
GWK60_J03135,2964.1137259998113,-0.13700891137842358,0.1114126199713077,0.20789854736398924,0.3168494382724219
GWK60_J03157,1683.775644965906,0.620205178990047,0.12649771508557003,4.4643517692580324e-7,2.319521897505804e-6
GWK60_J03179,3175.305799432528,-0.1781670206990576,0.1145837437415735,0.10834142301799396,0.18667452976909607
GWK60_J03201,1037.3662346732851,0.03926439409799714,0.14586559429431134,0.779271494762643,0.8514982376271772
GWK60_J03223,0,NA,NA,NA,NA
GWK60_J03245,1294.8541895892286,-0.01309562500809603,0.13137329489341393,0.9130095544554309,0.944364337416947
GWK60_J03267,2810.230658331446,-0.030647857030211213,0.11363787414199976,0.7732767989341063,0.8482945617107706
GWK60_J03289,2486.791320703601,0.9266862994036604,0.12143563413380153,6.0549597910698714e-15,6.523971020787989e-14
GWK60_J03311,728.5343978882843,0.25014888251715034,0.15497371206204275,0.08987435613037673,0.1606765601391724
GWK60_J03333,4267.088374295654,-0.7844579173774984,0.11053759176885389,4.272041411796689e-13,4.0692742288454695e-12
GWK60_J03355,680.0458087154877,-0.5713949551820465,0.18143389806604726,7.57499635829284e-4,0.0024022515592221805
GWK60_J03377,4042.067964855625,-0.18521357056250906,0.10927309827397068,0.08179634210642717,0.1486640742466623
GWK60_J03399,726.6778221787426,0.4748592345720995,0.15770288970465104,0.00164704356914584,0.004901049850916144
GWK60_J03421,1761.576589239993,-0.3821023118585219,0.12801709856004076,0.0020525342870704425,0.005982386519632143
GWK60_J03443,273.5893467081154,-0.11320824519558101,0.21596958716786857,0.5654248480947237,0.6803212474329651
GWK60_J03465,13089.69495152219,-0.10938189906825885,0.09963755381115567,0.28206204023135306,0.40279256043901535
GWK60_J03487,1142.422191494697,-0.19372914845611203,0.13574802857242896,0.13836429991203578,0.22791963939144239
GWK60_J03509,918.6033306966319,0.012232476967040369,0.14673360776867928,0.934415657559551,0.9587033735613854
GWK60_J03531,2484.8649085011834,0.426463276915161,0.11602506086557557,1.7006682184779378e-4,6.09966813967053e-4
GWK60_J03553,51.20177399170356,0.5814018255301985,0.4831877719504169,0.07337378290742731,0.13622858422572487
GWK60_J03575,919.8531610285652,-1.3918987540532117,0.1512052244162302,5.819045919516851e-21,9.591392929410534e-20
GWK60_J03597,4649.707647557897,-0.03066700615219509,0.10487906724413118,0.7638012718811554,0.8405330865531844
GWK60_J03619,4245.259049009581,-0.728237667411931,0.11178099692838112,2.6952597841028386e-11,2.1869870285204824e-10
GWK60_J03641,1725.3145613112893,-0.0983861678667282,0.12630648873416642,0.4093567809834475,0.534890147716443
GWK60_J03663,1039.7805703083616,0.7278918225845625,0.1438058539463047,1.5640947402095986e-7,8.602521071152792e-7
GWK60_J03685,1180.8053017415853,0.3340003435143955,0.13829664761119861,0.012783808518293133,0.03031901902985354
GWK60_J03707,1056.580283174558,-0.3971836542434366,0.14036167930308505,0.003272909011913764,0.009163448128137684
GWK60_J03729,1729.5601125195094,-3.1818837019427924,0.13541134623430007,2.2485380605589203e-123,3.0314905442099494e-121
GWK60_J03751,710.2410075610862,0.1718341172486948,0.1551465645029091,0.2504397419668524,0.3681647894472349
GWK60_J03773,2084.9214248276107,-2.202633788921289,0.12526404988172143,2.9717046652760474e-70,2.0032337346181354e-68
GWK60_J03795,0.7418125082392784,0.003005689351490198,0.5377154516497623,0.899174660165902,0.935469007351071
GWK60_J03817,346.8730237189974,0.21299361506821773,0.19746364876298025,0.25171787946829727,0.3693922998169989
GWK60_J03839,1027.8108634941946,-0.9479452269933324,0.14478643459864793,1.4535038597520168e-11,1.2189032367744985e-10
GWK60_J03861,390.7839731927587,-2.4904691332080793,0.23012800791084917,1.2900097580707844e-28,3.184446623444218e-27
GWK60_J03883,2117.276068053704,0.6050681744906831,0.12049306946803144,2.4606754360705847e-7,1.3215762454401567e-6
GWK60_J03905,758.6330084220012,-0.35897832024977144,0.15596744011145447,0.01577065692862405,0.0362105301880809
GWK60_J03927,2714.2281100751557,0.3565976815362926,0.11548320902427407,0.0015945852809774804,0.004750328276135746
GWK60_J03949,694.3474879768235,-0.7091262828557765,0.1654299602952898,6.798672989136064e-6,3.0501213802796436e-5
GWK60_J03971,960.3749194219595,-1.1780757669885318,0.1500762600945548,7.138012252008416e-16,8.230629039706195e-15
GWK60_J03993,1770.2697296319761,-0.4055205235442441,0.12377388197356176,7.074330992475771e-4,0.002258459766753953
GWK60_J04015,6492.017270093835,5.315832772435647,0.1277433536796921,0,0
GWK60_J04037,2130.6908378505095,0.03547435853024074,0.12241519101469918,0.7744693369435118,0.8487202529489339
GWK60_J04059,1253.129986982042,0.09500296077754045,0.13280805909892213,0.4746251903519071,0.6007653468633432
GWK60_J04081,909.7225176906413,-0.2563096337468423,0.14508598723961938,0.065866034693173,0.12466652642789906
GWK60_J04103,36.835513159686194,-0.4875008709896152,0.5043170900638925,0.12467273827284538,0.2088337871419627
GWK60_J04125,5420.312282976122,-0.533343589100659,0.1049800991920999,1.942800646656797e-7,1.0563852947385149e-6
GWK60_J04147,94.24193127414695,0.32633717601988804,0.33052394709629146,0.22019483421465366,0.33193361189812187
GWK60_J04169,1202.0319257583883,0.14686033120816278,0.13504662089938466,0.2763555215850949,0.3966905084614876
GWK60_J04191,1708.0650285680015,-0.22888846217510284,0.12522504855720748,0.05796574423287956,0.11250789338371382
GWK60_J04213,214.8629929866664,-0.050154121266036904,0.2321264789952576,0.8046902096462804,0.868558987302283
GWK60_J04235,3090.6535040612944,-0.5460831233790112,0.11280935399647038,7.313680435367588e-7,3.676417947338697e-6
GWK60_J04257,1846.3244333645239,0.0457576298112151,0.12087751212033604,0.6913840980456911,0.7868818064364107
GWK60_J04279,1133.2169909307936,1.622857352184268,0.14307570652608637,9.279894146385016e-31,2.4519438905373072e-29
GWK60_J04301,636.2844461090617,-0.18154870933762088,0.17105344528090835,0.2613374901663564,0.3800892420527787
GWK60_J04323,2504.6363199481043,0.06301339336218041,0.11608827365630972,0.5785260327931652,0.691495767316768
GWK60_J04345,1642.0078350680878,0.22993478066433148,0.12701917361440063,0.05640085743032938,0.11003922388447937
GWK60_J04367,1246.2673799786157,-0.5595347025464239,0.13984915364856454,3.278362060539091e-5,1.34985338404969e-4
GWK60_J04389,1596.4443760765562,0.7491080190524011,0.13250746485240875,5.652446275884021e-9,3.5894399177050944e-8
GWK60_J04411,1797.1230053723677,0.4615419167702134,0.12405716177498945,1.430905142939481e-4,5.213928788340811e-4
GWK60_J04433,1573.1011223045386,0.05738088822516385,0.13393704593526232,0.6546493344118188,0.7546911204423029
GWK60_J04455,2049.2142549153896,-6.649454946175807e-4,0.11872417420678338,0.9945425204121271,0.9979588878486573
GWK60_J04477,510.9470673118082,0.10072982569120713,0.17137479982122977,0.5537643588828896,0.6704335710352828
GWK60_J04499,290.96992959157006,-0.3652774327256549,0.21541996344237813,0.06333305844234023,0.1208730385806987
GWK60_J04521,674.4734083669439,-0.15920039823462875,0.15733987327186655,0.2842481664671883,0.40492464353413066
GWK60_J04543,0,NA,NA,NA,NA
GWK60_J04565,1407.6654616753422,-0.5708246546271146,0.1315867851973465,7.4003510925895124e-6,3.2975462749860723e-5
GWK60_J04587,758.5285671599918,0.06882475129789883,0.15114432515257883,0.6370952753108384,0.7395901052024337
GWK60_J04609,2204.4280287854754,0.21116160416409477,0.11763169024565545,0.0652385768458982,0.12392501338718669
GWK60_J04631,4469.287235328739,-0.4636764020304998,0.10673558575488001,8.842878262344375e-6,3.900658884513987e-5
GWK60_J04653,330.90654452821326,0.48167756199242023,0.21186565562763,0.013331825456456807,0.03139957216915389
GWK60_J04675,648.9475055875712,0.10793294226284474,0.1587841259353551,0.47943842399302095,0.6049095115073867
GWK60_J04697,114.08411611157015,0.30238038480646307,0.304146276430898,0.234677755020802,0.34955683736526255
GWK60_J04719,423.534047170994,0.2023516325370832,0.1863237681153047,0.24665196435093392,0.36403745153355477
GWK60_J04741,3823.793711378237,0.7514441681108427,0.1101868954423983,3.737308704749468e-12,3.313789067381569e-11
GWK60_J04763,3355.162262857599,-0.1267617960363664,0.11283713553887383,0.2449019449732187,0.3622206544779702
GWK60_J04785,333.2804743515211,0.23019883128616905,0.2011411497160895,0.21700655804481056,0.3279736942223667
GWK60_J04807,858.0934976297733,-0.25933547667979223,0.1494643923534918,0.0689535172092607,0.12957741010946847
GWK60_J04829,2051.971566490577,-0.15195523497176408,0.1193090379722018,0.1887655438248449,0.29382155992629794
GWK60_J04851,2974.410392245326,0.042672103225395414,0.11496253850593761,0.6959451617492188,0.7896205415495164
GWK60_J04873,1317.6041292356838,-0.3704064301592687,0.14987131952554728,0.0095724603162561,0.023585752737991836
GWK60_J04895,666.5740503563127,-1.2046671716509156,0.1671566328758795,1.0564209403416975e-13,1.0520191864236071e-12
GWK60_J04917,750.6312748219984,-0.08868086975848453,0.15175338792363974,0.5400979674704424,0.6579784784429068
GWK60_J04939,3328.779453393782,-1.747177724126084,0.11490526801992768,3.310971901947157e-53,1.582644569130741e-51
GWK60_J04961,313.98364229213837,0.01254347817740492,0.3965165242451358,0.9668936381655269,0.9786192010537711
GWK60_J04983,2029.1883813760046,0.1622924758579405,0.11897664790932187,0.1622263713251958,0.25966096207850214
GWK60_J05005,3260.2946845749557,-0.00551223224052958,0.10963468756763489,0.958770875283542,0.9726446579665953
GWK60_J05027,327.3663745257961,0.13267096637235273,0.20033190095875839,0.47645609300516156,0.6023578112577879
GWK60_J05049,2375.724788666088,0.1871121312176111,0.11584037982354317,0.0991898095229339,0.17332669274562526
GWK60_J05071,1997.6203254717989,0.2846883075574301,0.12210124065659475,0.01644502514001767,0.03751320702221818
GWK60_J05093,810.7373419093351,-0.1820976864251567,0.14929977669341302,0.195037525239341,0.30170853418901294
GWK60_J05115,2607.882986666874,-0.26286023495359034,0.11450661633158042,0.01802875212896867,0.040684626048977365
GWK60_J05137,3704.370247545885,-0.01177729169159606,0.11071182212276157,0.9168516409362687,0.9469271121671383
GWK60_J05159,429.20140054860286,0.2443984177312937,0.18534094392942926,0.15960171508785523,0.25623994440670006
GWK60_J05181,3.705403964646305,0.12221752091953571,0.5381375350972071,0.38887636499040673,0.515820365065479
GWK60_J05203,4609.784493782558,0.6035855904047294,0.10780618174519054,1.059861746989049e-8,6.57164276611842e-8
GWK60_J05225,10818.205084098443,-0.11514558471339367,0.10096593993216534,0.23266571174757897,0.3470613354484825
GWK60_J05247,654.213078840864,0.41970903133779514,0.1626506762215622,0.006663250582420066,0.017174201746257212
GWK60_J05269,403.2171376895177,0.4134848931112004,0.19318860625636866,0.02124102854420494,0.047025401299128244
GWK60_J05291,804.4188444159661,-0.026051486992920272,0.14851863146761582,0.8539362545861794,0.9041082849481791
GWK60_J05313,597.4774567899311,0.42239606733637125,0.17166596571118747,0.009190075309984901,0.022739489872894404
GWK60_J05335,2311.4640043703794,-0.023586229546146312,0.11881379390094918,0.8362281149099002,0.8898780465890013
GWK60_J05357,3174.8771181483494,-0.09168981854757809,0.11315462053241886,0.40387636999804544,0.5298358167289728
GWK60_J05379,141.76520493763775,0.4552329833364094,0.2940167990715425,0.06822360722808951,0.12843648865676058
GWK60_J05401,3286.947502971766,-0.13444309338372756,0.10978443753756777,0.20147055110558892,0.3088431946685675
GWK60_J05423,390.6450141437965,-0.2681303807663037,0.19102694138295045,0.13010285970820198,0.21648127732459685
GWK60_J05445,2320.116747116014,-0.13918829288680631,0.1238229591044331,0.25053130784370603,0.3681647894472349
GWK60_J05467,1442.5116757989247,0.08375764572499907,0.12885645681017596,0.5054129256995088,0.6269075638896007
GWK60_J05489,890.6013612571201,0.8345930297790608,0.1517931420478355,1.166756435299021e-8,7.217418043296767e-8
GWK60_J05511,1412.4909522051887,-0.4307531430188208,0.13230708084683243,6.081351529583996e-4,0.0019653193818409743
GWK60_J05533,532.484882873893,-0.13032011282758,0.1696599614076431,0.41812556825443226,0.5441708595945156
GWK60_J05555,971.4682238799638,0.23870886091874421,0.1420542452494225,0.08119607047352846,0.14767517763743088
GWK60_J05577,1369.507104588588,0.13654724332836957,0.13053425425258927,0.2808881104593389,0.40133415347695767
GWK60_J05599,68.0710280840136,0.34460424657569766,0.37154810322259263,0.22228752856015896,0.3345128291841201
GWK60_J05621,241.11243669897974,-2.124325288166369,0.25883952492594353,1.8498323504812523e-17,2.456166287583441e-16
GWK60_J05643,980.4055030871439,-1.5549807851623934,0.1553871377679122,1.4818507792603641e-24,3.0199889137019356e-23
GWK60_J05665,567.7282434518502,-0.47878459376120064,0.17128542823060355,0.003346377167766953,0.009334350741707501
GWK60_J05687,325.35496847517675,0.60062660791073,0.218091008091575,0.0026150204384904727,0.007488985547703107
GWK60_J05709,2998.525490173546,-0.2979507372207013,0.11192138097523135,0.005987853424999095,0.01571064536359543
GWK60_J05731,3567.2470562488434,0.07561138347267538,0.11251047577912046,0.48716657553591375,0.6111958611710414
GWK60_J05753,683.3833877597377,-1.1316645865348178,0.16598796913165728,1.6882878048382115e-12,1.5384778644435556e-11
GWK60_J05775,3668.4569039242047,0.7196189090117967,0.1154287486627399,1.734895807073324e-10,1.286612433510795e-9
GWK60_J05797,850.8000843249154,0.8968966760930798,0.16308154353296334,9.923603370575792e-9,6.174947517454143e-8
GWK60_J05819,687.7882518771333,1.5255947646757975,0.16691871079277062,7.70638750540089e-21,1.2583908541427913e-19
GWK60_J05841,8657.27000762441,-0.007858157203295222,0.12739972738945585,0.9475464501280944,0.9657296442670129
GWK60_J05863,2617.9065516284345,0.1298387731042438,0.12570583698746965,0.28721582306954707,0.4081569723512644
GWK60_J05885,170.58569710157283,1.7623308819081107,0.297507486474018,3.0824751193195205e-10,2.199138965723479e-9
GWK60_J05907,2947.498702357485,0.35701405345181214,0.11289253456024402,0.0011003766795461072,0.0033874593565886603
GWK60_J05929,504.8180516273067,0.09245478626519492,0.17488534205399786,0.5766159523559813,0.6901540353944342
GWK60_J05951,434.85929727770207,0.8630583471938111,0.19990193100250847,4.2687381119401195e-6,1.968861841454487e-5
GWK60_J05973,2678.4808359369554,0.02460090401470465,0.11329936429336497,0.8256431045784514,0.8825434933672488
GWK60_J05995,1473.5918683151456,-0.17022311224230352,0.1405899676982495,0.20758601854207384,0.31646485517373857
GWK60_J06017,1846.4460882286523,1.2306432956815845,0.12757404153233365,8.268094573741524e-23,1.4939395624994135e-21
GWK60_J06039,2379.3034493880905,-0.03441720110443297,0.11553951771572477,0.7456048068873018,0.827086513631526
GWK60_J06061,2296.608925557878,0.057319814243282044,0.11595039305145007,0.6148329229119737,0.7221343383996891
GWK60_J06083,486.04755802016734,-0.9355627657066607,0.18910141264311384,1.8081188496787233e-7,9.872366471039175e-7
GWK60_J06105,328.24213913205585,-0.5272512669961639,0.2103624458871719,0.006377994515300326,0.01653624021767708
GWK60_J06127,2401.5630222206164,0.2731628881534016,0.11625289737843122,0.01565174727352432,0.03600038808582278
GWK60_J06149,552.1844195042447,0.10455758870863904,0.1679076346978436,0.5151661445260319,0.6357176802204364
GWK60_J06171,303.50930935181873,-0.15881262986398675,0.20834086603165178,0.4076486978840894,0.5331882720085926
GWK60_J06193,9374.72876618191,0.5087399993763284,0.10955520357329411,2.018584311060619e-6,9.63132151320938e-6
GWK60_J06215,273.948548141023,1.1734142380149613,0.2469715511438843,3.2320757309711543e-7,1.7028310815076482e-6
GWK60_J06237,20.991255710347346,0.6720664108775419,0.7413462488539494,0.059468999647292894,0.11479001473768945
GWK60_J06259,2419.208244146265,0.17664879226802763,0.11574031840654143,0.11645756793392553,0.19797410028987406
GWK60_J06281,0,NA,NA,NA,NA
GWK60_J06303,3265.58455266625,-0.7634236193859589,0.11235188684408993,3.818225708093118e-12,3.379836830497241e-11
GWK60_J06325,944.8748446859837,-0.04706909310072915,0.15340663671202395,0.7491568291873918,0.8296264970234428
GWK60_J06347,1363.7472384346001,0.13638891319140115,0.12973836804767327,0.278949458358963,0.39921509310055187
GWK60_J06369,3200.8699442993366,-0.040268700876958496,0.11403083961113882,0.714318613416465,0.8039142271711842
GWK60_J06391,1541.7257092926038,-0.1735219856036192,0.12610440952008165,0.15216074955236344,0.2463242675943125
GWK60_J06413,2661.053272378017,-0.1013635877236017,0.11682853249927752,0.3714954820766728,0.49778879835859985
GWK60_J06435,3373.6172860087954,0.34890794092523647,0.11161514616210223,0.0012188416739410909,0.003713018262793891
GWK60_J06457,854.8030824491274,0.3346584726902344,0.1491044030607183,0.019219264072483037,0.04314431175288242
GWK60_J06479,0,NA,NA,NA,NA
GWK60_J06501,230.60920657242147,1.7068369342130325,0.26357364851340676,9.212129713809019e-12,7.979798687843134e-11
GWK60_J06523,752.310907143621,-0.04480764623138104,0.15456824937561295,0.7608232421344234,0.8384843024822465
GWK60_J06545,2487.5633508560104,-0.05028847906303036,0.12157313050512046,0.6477387505931915,0.74885891614314
GWK60_J06567,1441.2836205717579,0.42314168393520274,0.12979817097477706,7.627521421637077e-4,0.002417450731462794
GWK60_J06589,610.8500181480033,0.5200904728462644,0.1855545019842596,0.002660733380374774,0.007590958282154401
GWK60_J06611,2091.7317288250124,-0.012579052107506818,0.11810716395173594,0.9013277850218588,0.9359026475616062
GWK60_J06633,270.19555358330496,0.11698080792920633,0.21871015684155196,0.5588704020166608,0.6751026034316904
GWK60_J06655,1061.3322303018886,-0.39737963876854304,0.14167148444699904,0.003524093634482947,0.009775066007078526
GWK60_J06677,611.4286697040302,0.12781700168976118,0.16206529667549913,0.41247137311383875,0.5381574391644081
GWK60_J06699,36.37446597049257,1.2226865672383258,0.6539413151945016,0.006146495723411621,0.01602294224774333
GWK60_J06721,806.7024249011642,-0.33911874071799863,0.1545169885570787,0.0239984136586522,0.05242362235861789
GWK60_J06743,648.1114222342148,-0.6079512806013622,0.1681291100363833,1.3928203012683726e-4,5.09989494712333e-4
GWK60_J06765,1779.1986856626495,0.6891168448681104,0.12519350207057212,1.2125394811120897e-8,7.465494838041414e-8
GWK60_J06787,3548.8249569855006,0.7403210994440435,0.11108438279952483,9.97626728261031e-12,8.613335529058295e-11
GWK60_J06809,2656.5027295455952,0.49603287287668707,0.12126858851648434,2.515598347442366e-5,1.0497631834009493e-4
GWK60_J06831,1613.9181098361282,-0.3272913440161872,0.12666776898267518,0.008900769372216628,0.022159207082914315
GWK60_J06853,704.619485401142,-0.09520867492397221,0.15554743489150025,0.5187233068547028,0.6385968502556842
GWK60_J06875,3762.723102752663,2.2719731238608794,0.11272600082005606,1.74091644839897e-91,1.57823080787617e-89
GWK60_J06897,2813.620723326305,1.6660803794047294,0.11852442479254349,7.254114006018201e-46,2.934010111049516e-44
GWK60_J06919,847.6148367181568,-1.8016769827802823,0.15704771991828406,9.145473339329172e-32,2.4534132050098363e-30
GWK60_J06941,1301.2165583499964,0.12182582618978237,0.13085356707411855,0.34989239119504784,0.47646946186576383
GWK60_J06963,3312.959981761226,-0.1602095804978524,0.11227305197998576,0.1420847592704852,0.23309880319632173
GWK60_J06985,674.5167227421764,-0.19445952318213924,0.1595893364067823,0.1943642200447741,0.30075546468376174
GWK60_J07007,532.0963703468634,-0.17596744800076272,0.17016912941031134,0.27187660299423605,0.3915440094614333
GWK60_J07029,109.81520315762978,-0.23300428551340963,0.3044857931005628,0.35410663813582605,0.48011673628627477
GWK60_J07051,398.5195971204571,0.1113833456019294,0.1879663472603481,0.5128502559340227,0.6334429517738058
GWK60_J07073,40317.47590214529,0.10808818538087454,0.0942291912074181,0.23017542607463273,0.34421569690000536
GWK60_J07095,3611.957368215074,0.0034319039860023445,0.10928881336130193,0.9839320849997465,0.9911144539062143
GWK60_J07117,207.78189928934967,-0.6586218947050445,0.2576987977564848,0.004089364092532764,0.01110060733016896
GWK60_J07139,313.18085970455274,-0.16493705101259748,0.20614898834190418,0.38627275973824027,0.5135327865243153
GWK60_J07161,1430.2792612890623,-0.23287169562639895,0.1344035193727446,0.07369248431513722,0.136608106505408
GWK60_J07183,223.70856257719626,-0.3212163993290136,0.24198300559630592,0.13560251784671318,0.22435432310824982
GWK60_J07205,2091.7642413465887,0.18955153639538,0.11890874446058777,0.1047266017778884,0.181673530896779
GWK60_J07227,1535.6860825096119,-0.24838717291363077,0.12667011523115768,0.039783998600690824,0.08206522739993423
GWK60_J07249,304.7943595936817,0.1261761091196085,0.2109339627623107,0.5153848322317225,0.6358267123121532
GWK60_J07271,2237.8282531354007,0.23552230799740093,0.11848419771974493,0.04123431614068185,0.08446047302988124
GWK60_J07293,1092.8174107418126,0.9418107745814309,0.14245387356284725,9.393582060021512e-12,8.123594485459394e-11
GWK60_J07315,1687.0319999326828,-0.19784282362827016,0.1252460819923986,0.10357835451360858,0.1799190578237707
GWK60_J07337,236.00061064874072,-0.4623848118313092,0.23774093713543573,0.03001349239017921,0.06404664893975744
GWK60_J07359,1893.674632260869,-0.05608083768764538,0.12349778620921564,0.6350182570847841,0.7380473023324039
GWK60_J07381,2887.289887799556,-0.1292834356890082,0.11201234742995575,0.23748537288619467,0.352938974176261
GWK60_J07403,7586.19393542475,-0.17172334702834274,0.10309815897805943,0.0892454343645678,0.1596639992816936
GWK60_J07425,1147.815616281777,0.02407117887660778,0.15358132254894322,0.8711726443743197,0.9153928385531921
GWK60_J07447,6494.5428986910365,-1.175684276849411,0.10978852903139834,1.1110837305611368e-27,2.66761564168514e-26
GWK60_J07469,824.4103045059617,-0.3907718684472645,0.15653338438400075,0.008917111697336246,0.022189386324937995
GWK60_J07491,3099.2810638754463,-0.34160046311580944,0.11559036030367408,0.0023711904662760243,0.006831627107769499
GWK60_J07513,2084.807361262301,0.7790972844530729,0.12160237283577591,5.266629667944754e-11,4.096440650007917e-10
GWK60_J07535,800.8531875068117,3.463883508038626,0.1961309834727047,1.6907638618957369e-71,1.1545501799802319e-69
GWK60_J07557,1123.62763624643,0.7506832382407911,0.15046430919479967,2.0153740137566577e-7,1.09471452110873e-6
GWK60_J07579,5651.232556608991,0.4281312695944557,0.10419115112230366,2.690648272525875e-5,1.115727808907023e-4
GWK60_J07601,2386.560410499815,0.8684785759643774,0.1192829885524369,9.691830810473323e-14,9.725123359058919e-13
GWK60_J07623,1526.5258701786956,0.08934985028257046,0.12654784642617836,0.46922274710825107,0.59486626145889
GWK60_J07645,2617.9671250510337,0.14117545039652193,0.11913403338592007,0.22424780595223165,0.3368842753419526
GWK60_J07667,1079.5532027004172,0.2722418107372578,0.1414810275413566,0.04831736944719152,0.09685882115417632
GWK60_J07689,837.8132634293254,0.20437729824422046,0.1478166924700155,0.14991695906824498,0.24314107673683905
GWK60_J07711,216.34092559713494,-0.15120614570978969,0.23228206849158695,0.46928589816117827,0.59486626145889
GWK60_J07733,3650.697110704684,0.22014778815747474,0.10914084060062684,0.03889520071935429,0.0804844413153738
GWK60_J07755,1643.4732625537065,-0.3684568450773081,0.1263451879417633,0.002619748818276381,0.007498442725365929
GWK60_J07777,1468.6025229829577,-0.5185193430231582,0.12984112836409115,3.926066167630891e-5,1.5965395134882618e-4
GWK60_J07799,1485.77079760151,-0.1877193669518957,0.12876577744080311,0.141491302531447,0.23219764941022109
GWK60_J07821,104.36667556613997,-0.2743268359172084,0.31935653116735085,0.28812808347742536,0.4092321617839823
GWK60_J07843,146.17003487285592,0.7466448170483048,0.30730163294820445,0.004657587753491191,0.012539475887279408
GWK60_J07865,1196.0974232767146,0.38065309574889067,0.14131658765719873,0.0056216137210883055,0.014860957740312876
GWK60_J07887,2111.815364875378,-0.202079598484153,0.1182489251325794,0.0793945802241497,0.14505097387719915
GWK60_J07909,2350.1329032013064,-0.6492631550983529,0.12711716129287617,1.3808874127278863e-7,7.650902019097183e-7
GWK60_J07931,1743.04004466402,-0.033005867990131846,0.1240825058917684,0.7678178619732042,0.8438957048775888
GWK60_J07953,1427.953156185803,-0.6907656418959957,0.13173233203020265,6.661254217004329e-8,3.8236762743459346e-7
GWK60_J07975,933.2732734024846,-0.6089647862706521,0.15289996103284442,3.136094887032764e-5,1.292287375863501e-4
GWK60_J07997,2654.9006098162704,-0.2464685536862734,0.11502378539974709,0.027400037540098364,0.059005893186994465
GWK60_J08019,2727.973031494692,0.549980202431099,0.13171023140978064,1.824941366464741e-5,7.758112082621084e-5
GWK60_J08041,1564.9690426544048,-0.22126842901220903,0.12805901847953166,0.07465988894456664,0.1380315387027185
GWK60_J08063,2155.822777044081,-0.196024852720831,0.11777162503279585,0.08749376141517708,0.1571182368582654
GWK60_J08085,1500.8714741261338,-0.19263677679460026,0.12690220335781585,0.13093009341461695,0.2175823107376915
GWK60_J08107,1361.9581206153714,-0.32190062645510414,0.13113477124436237,0.011129977268452605,0.02695597442539097
GWK60_J08129,2373.52311984301,-0.7305426435068194,0.1185102276867563,2.6247869877093033e-10,1.8905657508733587e-9
GWK60_J08151,3079.678080675128,0.8778431930551567,0.11470989951671309,5.963961084296517e-15,6.43911855877435e-14
GWK60_J08173,1276.564933697385,-3.775361081663927,0.15594761229207635,9.55149293326102e-131,1.395048606752401e-128
GWK60_J08195,2226.2355807215768,-0.21457564716557412,0.13558125274815214,0.10613917950878149,0.18369973859683117
GWK60_J08217,109.35534654049589,0.049563022127584414,0.29102637356257344,0.8416795918703794,0.8940507664756474
GWK60_J08239,759.7436344199476,-0.24570095064357927,0.15262087567230426,0.09215887443553981,0.1638172284591171
GWK60_J08261,5451.411900978867,-1.7038886850209556,0.10881504141058669,1.285154654973671e-56,6.497445361395733e-55
GWK60_J08283,1611.978626934579,0.0671679628177701,0.12587154059456473,0.5809285951650307,0.6931070009933586
GWK60_J08305,1341.0462266173085,0.05243510065784841,0.13051405472684263,0.6797797089043583,0.7771156522180656
GWK60_J08327,1118.2511492840083,-0.19259299019675624,0.13672131734059478,0.1378841445143282,0.22730216033770706
GWK60_J08349,0,NA,NA,NA,NA
GWK60_J08371,271.26680702360795,0.2606895715681372,0.2175164958214298,0.1898080982152069,0.2952695208330053
GWK60_J08393,5810.0598719088475,-0.3144808672977985,0.10561845899519942,0.002231199298617134,0.00646015744059961
GWK60_J08415,5080.3550045038655,-0.9439812028159715,0.10716838422744923,3.288324569686189e-19,4.76859238109189e-18
GWK60_J08437,1074.2119569246588,-1.386397158333646,0.14423202970051965,9.696369617724075e-23,1.7400515853239996e-21
GWK60_J08459,1043.9025449380729,-0.34267230616397804,0.14306750382271297,0.014211388501396341,0.03322520264132591
GWK60_J08481,3060.294253015528,-0.1609171872741109,0.1164360871877051,0.15632211625405007,0.25189754436524525
GWK60_J08503,4666.809187178741,0.759537708789858,0.10727226471145579,3.8754693659981595e-13,3.711697254356708e-12
GWK60_J08525,1030.0556598646722,-0.008526780094668583,0.1391584530107822,0.9484002157367204,0.9660380345493366
GWK60_J08547,10314.963327158039,-0.3112665067309969,0.10312305245413342,0.00202397988918991,0.00590898737221574
GWK60_J08569,2553.42701509558,-0.6312596095410234,0.12033166499145073,6.886148699387618e-8,3.939866143784559e-7
GWK60_J08591,2323.8297913621263,0.08345028508207905,0.11630839881044563,0.461251956601816,0.5876575691331108
GWK60_J08613,1441.8812961893427,-0.47734948648357384,0.1323602683726536,1.9439678507128852e-4,6.878454212011003e-4
GWK60_J08635,647.4377696982021,-0.056892518156662304,0.17034676960716869,0.7327215764455344,0.8181461136017455
GWK60_J08657,3102.434356176288,0.8217974046208888,0.1149827707238256,2.776255676652957e-13,2.6944107803674563e-12
GWK60_J08679,62.51481664972486,-0.47330645309064673,0.42212422123982124,0.11558537146840454,0.19680954766219919
GWK60_J08701,783.0241851883029,-0.22253721309176414,0.15237569198692746,0.13009657121162002,0.21648127732459685
GWK60_J08723,664.5317179191926,0.05436741321549594,0.1581191711294049,0.7209768679028832,0.8082934693887761
GWK60_J08745,166.6719983439968,-0.5954259743319033,0.28093442949309194,0.01454401258711652,0.03389734848539835
GWK60_J08767,5566.197046326791,-0.41205711850357457,0.1075083447685395,8.437019857674913e-5,3.214626841424253e-4
GWK60_J08789,276.03868159271065,-0.495570355327151,0.22504989506893885,0.015271682251713516,0.03525301281147727
GWK60_J08811,8500.579624059365,-0.1806466050517691,0.2731851986355463,0.43713807333627586,0.5634771352621072
GWK60_J08833,251.86225413657777,-0.37618034732644634,0.23096767111467403,0.07040146250922023,0.131733412766363
GWK60_J08855,4.959311248953022,0.2320970666852725,0.5867239982125518,0.14282308633242616,0.23401800808223647
GWK60_J08877,7467.364831328333,0.1888347432440155,0.10112337681733484,0.06760775709924959,0.12745843916380578
GWK60_J08899,30996.528302155803,0.2127271009637703,0.0957995378820044,0.025192686365670246,0.05469163703992327
GWK60_J08921,3604.422173756552,-0.7224645197117929,0.11059810888163146,2.432782585317495e-11,1.9801193240865928e-10
GWK60_J08943,1354.0080397784616,-0.3537001922683986,0.1318338487760702,0.0055026997161705124,0.014583263663117216
GWK60_J08965,1789.367188395566,-0.19856581991231226,0.1338270001100879,0.12206951195756796,0.20525791297502155
GWK60_J08987,19.384903307600297,-0.14240909134798316,0.4648692650036844,0.5706749766364991,0.6850705541449115
GWK60_J09009,1004.3248825700588,-1.0813388834121398,0.14641686920397082,3.0115837940352315e-14,3.104883840987696e-13
GWK60_J09031,3006.480921032829,-0.06251696435662604,0.11360328512702463,0.5711809353952685,0.6855214239462044
GWK60_J09053,4565.519883126209,-0.45638343118439906,0.1064393592868449,1.180903512560705e-5,5.1273250776582885e-5
GWK60_J09075,380.00805856390843,-1.8534407191096312,0.2100756225808737,1.0570292326239901e-19,1.5744645057045155e-18
GWK60_J09097,283.28383989951664,-0.5548337731211571,0.23299624094367385,0.008275269441686885,0.020788995090487167
GWK60_J09119,2404.921117428642,-0.20576807304925776,0.11651057694353106,0.06912461853653493,0.12980615866610737
GWK60_J09141,1241.230279816075,0.0741114246312266,0.13253802378346494,0.5661344154217846,0.6810191618137138
GWK60_J09163,16608.62433653986,-0.4722223167946216,0.0975120047003099,7.674686933644645e-7,3.846854518313017e-6
GWK60_J09185,2210.530954290593,-0.39226032155742624,0.12099398224379887,8.324964489009812e-4,0.0026179822537807174
GWK60_J09207,2043.3438922408664,-0.37419938732871216,0.12069795864478378,0.0013978693535742826,0.004216865783759942
GWK60_J09229,472.7371439340406,-0.11722476664872979,0.17887017062006105,0.4848513732716247,0.6091650634270253
GWK60_J09251,0,NA,NA,NA,NA
GWK60_J09273,821.6672960837561,0.5503629509446525,0.1660116475312829,4.8165000409497764e-4,0.0015937795604351118
GWK60_J09295,196.3828456102845,0.5547893132525533,0.26613069127933675,0.017485398585096065,0.03954332290771403
GWK60_J09317,2014.0040173788666,-0.4197848840151657,0.120858511825311,3.5397700779522047e-4,0.001196920326036829
GWK60_J09339,1355.4784247064265,-0.21809585776388443,0.13013644947994213,0.08675691122678707,0.15600815295158904
GWK60_J09361,2842.4324815479763,-0.2946717641624345,0.11337207730843445,0.007427339405182525,0.01893017479032948
GWK60_J09383,1221.1010405842553,0.009488829348664553,0.13283940193924382,0.9424541090515841,0.9631937164817536
GWK60_J09405,439.10430115570875,-0.4975231197904352,0.20203821333456698,0.008025878161709389,0.020239840467274808
GWK60_J09427,3228.5737525410614,0.9072814688373215,0.11381791903620966,4.3139670798342996e-16,5.0858383196790915e-15
GWK60_J09449,1235.9673978561088,0.1067367913286494,0.1324643624032704,0.4158581131211675,0.5417695636251483
GWK60_J09471,517.76561267616,-0.30438378188344567,0.17392397584122918,0.06307434832859864,0.12051050999701003
GWK60_J09493,278.7185451072402,0.12881767251482784,0.21676321278570143,0.5168025430954895,0.6369779117665456
GWK60_J09515,1365.2840632221173,0.026792163572465468,0.15527044874164056,0.8582228451352907,0.9068600722912699
GWK60_J09537,1437.0905562677833,0.2494866534369523,0.12863790038717465,0.04650771524345752,0.09380037082857677
GWK60_J09559,1583.9100179694437,1.0990805373065347,0.1308182090815064,8.683797506190254e-18,1.1707540330140602e-16
GWK60_J09581,329.5658523099487,0.21152638147285935,0.2025632028701895,0.2613926776840715,0.3800892420527787
GWK60_J09603,1829.8184621888543,-0.31395736064837065,0.1274715803008711,0.010762508942645832,0.026150310545486038
GWK60_J09625,5879.316961178644,-0.6058363711891708,0.11011907181693677,1.6976264386328737e-8,1.0295409243750461e-7
GWK60_J09647,935.809809611095,-0.6198608591495528,0.14836384982332304,1.349167723522236e-5,5.8146917133441933e-5
GWK60_J09669,848.8552461084596,0.0567331311488395,0.15012180467822375,0.692055902871175,0.787284711660891
GWK60_J09691,2174.6431173986907,-0.6819039690450618,0.12000550907301726,5.081533581786575e-9,3.234709875669953e-8
GWK60_J09713,17591.48615828559,-0.3663127801112531,0.10965024124368208,6.544051556880852e-4,0.0021019317706829272
GWK60_J09735,21855.621852706157,-0.47535960102981023,0.10609546627747221,4.472031820058306e-6,2.057212888002325e-5
GWK60_J09757,832.0122565603148,1.923273048639706,0.16082768516415846,5.3151841229021465e-34,1.5188716368597546e-32
GWK60_J09779,12103.714490809954,0.3992583545526958,0.1004964475669643,5.79105172645339e-5,2.287704731607207e-4
GWK60_J09801,564.7045193000579,0.2919743796840333,0.16837114068466227,0.0668153150955889,0.12628142587081467
GWK60_J09823,2237.2443000858175,1.0746565943249264,0.1216820822424809,2.1218266660562698e-19,3.0990457250344073e-18
GWK60_J09845,4361.40166479825,0.960999012368715,0.10829662817275654,1.6324128723338974e-19,2.4042652332581602e-18
GWK60_J09867,1589.0211109105046,-0.006339053585448089,0.13021596523078163,0.9533528945924541,0.9693137107383718
GWK60_J09889,2116.309648703514,0.2663681275393911,0.1218455283055551,0.02309826513836278,0.05071009523904447
GWK60_J09911,1282.9012449316185,0.40303035353359234,0.13620859325091836,0.0022633367700881217,0.006542399525631305
GWK60_J09933,1014.9416696738125,0.05343722024437079,0.17278786569180082,0.7439763734456099,0.8258027805735733
GWK60_J09955,43191.620430798794,0.247237204172899,0.09756411225021784,0.010105113729189567,0.02473588826260649
GWK60_J09977,428.3714448122516,0.2561345486672372,0.18479617352281758,0.13903919581716565,0.22867315971431249
GWK60_J09999,6498.947997214642,0.08562428239915044,0.10379850420693001,0.3989957847214742,0.5251363794907412
GWK60_J10021,751.0335238456864,0.36820619500459506,0.15476831102501012,0.012918449742145502,0.030596940875766237
GWK60_J10043,820.5010330294116,-0.06549513706922792,0.14860163520721584,0.6453290969301054,0.7467298397135771
GWK60_J10065,1133.148210636417,1.0594072184551757,0.15380961182887154,1.0893882959347786e-12,1.006679026366444e-11
GWK60_J10087,1103.3476519859087,0.060385195174731385,0.13773993990917374,0.6529140279935841,0.753263822854881
GWK60_J10109,1029.9583968337513,-0.5042020636113399,0.14285217921722043,2.411372029888796e-4,8.359797169031337e-4
GWK60_J10131,1395.3965517060685,0.04433633874955349,0.13412429116259647,0.735078260227916,0.8192118466041505
GWK60_J10153,1024.9029925636444,-0.14879488157413834,0.13971333401374858,0.25401641722627816,0.3715560780557244
GWK60_J10175,1182.3890294085677,0.6204744041607153,0.13908415613295358,4.393250918370733e-6,2.024514752742622e-5
GWK60_J10197,36613.99666933699,0.5055987542943101,0.09838063501766861,3.472388422460924e-7,1.825781832529954e-6
GWK60_J10219,10220.420124546556,0.1290495585070192,0.0984879343028629,0.17778769296321195,0.2797150477560049
GWK60_J10241,814.1861633761339,-0.4272760453058055,0.15354930083618373,0.003544568372275572,0.00981429199653763
GWK60_J10263,1582.5381924582762,0.08759122552350798,0.1264673025526094,0.4749917589420774,0.6009400068617524
GWK60_J10285,1201.6355784554867,-0.10719570470956145,0.13337088566493643,0.40497699607667104,0.5304855618762173
GWK60_J10307,1005.9917600933858,2.7936272537004343,0.1561509635852141,1.0784235373492333e-72,7.560467945843025e-71
GWK60_J10329,1098.4488139197235,0.3569493380136235,0.13848960350838693,0.007519071415891431,0.0191361459364749
GWK60_J10351,338.6413412153985,0.505610410042442,0.20797163384137582,0.008411743392876928,0.021091533981758174
GWK60_J10373,456.7172777815619,0.1822739534578483,0.18088622041443772,0.2839396193545289,0.4045947204786214
GWK60_J10395,4805.971417814619,0.16372844445081444,0.10483700352501789,0.1178246085378497,0.19991022642530293
GWK60_J10417,316.03950806504025,0.07574276241672072,0.202685253467126,0.6830083857235877,0.7791837908732098
GWK60_J10439,834.0386906165472,-0.009765330867619241,0.1472195906486713,0.9436830432608412,0.9635179151103961
GWK60_J10461,2638.9870217072207,-0.10394452853439043,0.11333428566154201,0.3470673266244804,0.4738717225114303
GWK60_J10483,1755.1163668600905,0.08853620836055866,0.12318596589652878,0.48159897147910563,0.6066956443518422
GWK60_J10505,381.18191598804043,-0.20169259862019373,0.1911527685426872,0.262726263351528,0.38143906929264065
GWK60_J10527,669.0210075464943,-0.053299905382836806,0.1599087795690464,0.7242003916736173,0.8106973939578197
GWK60_J10549,3942.552148062945,0.16411728161723935,0.10854563933103646,0.12006215052701108,0.20259524630007197
GWK60_J10571,4139.40718773975,-1.011857862413478,0.10896397256334354,3.725841476440737e-21,6.239004612460316e-20
GWK60_J10593,373.63394577665196,1.0981774476123187,0.2076392468250719,2.3449324053071922e-8,1.4058899187121114e-7
GWK60_J10615,3059.465162760741,-0.41322001377326517,0.11266328762661099,1.5301372759933548e-4,5.544770363317064e-4
GWK60_J10637,1572.095391316087,0.0449842774101396,0.12885100859601095,0.7180439741501008,0.8060365533905273
GWK60_J10659,69.6956178912539,-0.5930588640290229,0.4130943736914544,0.054047021489387996,0.10615586066163693
GWK60_J10681,2674.3897085941026,0.9859211524794699,0.11875366807787709,2.3908418762265784e-17,3.1271260162187434e-16
GWK60_J10703,1324.3687882942936,1.0645987118623212,0.14252292410027628,1.583522981827826e-14,1.668569907505152e-13
GWK60_J10725,1260.98760000011,0.07844172277413293,0.13305021966231378,0.5574191495975833,0.6739273139995615
GWK60_J10747,1603.91280679825,0.203590457692853,0.1263160682950768,0.09343569660742741,0.16563887146387501
GWK60_J10769,637.3124852140139,-0.4172679412470871,0.16477517734149932,0.007975215905605494,0.020150737737469337
GWK60_J10791,586.4472561604204,0.19154824799051484,0.1655581072764123,0.22850784010918407,0.342208551208798
GWK60_J10813,517.716747856979,0.32358542130910434,0.176999469594129,0.05187162493922919,0.10253421200393499
GWK60_J10835,2688.6177687408926,0.1120969278690396,0.11877288227700716,0.3297764889714437,0.45546750171049405
GWK60_J10857,2040.6056831401966,1.0807069301477767,0.12304800763922892,3.2921244471973305e-19,4.76859238109189e-18
GWK60_J10879,296.76736834537263,0.7436687179367185,0.22359071348929285,3.0155316241749783e-4,0.001030257653015727
GWK60_J10901,1567.9256850202814,0.11104390472715929,0.1266688683749817,0.3536812756422701,0.47983579882415645
GWK60_J10923,4236.4463080274345,0.15942076437762395,0.10634098472737394,0.1245663675908264,0.20872210350304818
GWK60_J10945,2202.637900343334,1.349639457336451,0.12145221299857442,1.5954970289766477e-29,4.072389989494764e-28
GWK60_J10967,1313.088680584621,-0.016645362800170926,0.1309352519727893,0.896323034714948,0.9336106411511879
GWK60_J10989,1431.4314677717732,0.16823855731632845,0.12817456315119508,0.17694847144264908,0.27856139606151165
GWK60_J11011,57190.08198632267,0.47094271451028435,0.09489512046217802,4.461545425334383e-7,2.319521897505804e-6
GWK60_J11033,633.3441416481082,2.1161118419934053,0.1779224603084226,1.0591475822207909e-33,2.9780737900090474e-32
GWK60_J11055,1628.2480752944534,0.07795487110889002,0.12546100393278117,0.5183086950031349,0.6382358590928532
GWK60_J11077,1553.9633278712606,0.7705500005919322,0.13829548780077966,8.693275056329253e-9,5.442292919353921e-8
GWK60_J11099,1960.7144394596723,-0.5824910438372511,0.12281786533551259,1.056705867488633e-6,5.197529888919768e-6
GWK60_J11121,431.32133551457605,0.525828408938048,0.18977221297748084,0.0029788934290130567,0.00841645440609922
GWK60_J11143,1934.6712413569742,0.08408288101250126,0.12260926630298921,0.4820209749796782,0.606767126273198
GWK60_J11165,7.8748469060063195,0.13632717089097182,0.5178347271834056,0.48399472349834155,0.6088886101897866
GWK60_J11187,57.14419846719336,-0.1753421969375052,0.36658264418856595,0.519082804504178,0.6387403197011392
GWK60_J11209,548.8901408220728,-0.20077246685045166,0.17187822205609232,0.2195983160373878,0.33131935314909183
GWK60_J11231,5374.368530202804,0.18143715885321185,0.10468303883751513,0.07298910991444861,0.13580210188611846
GWK60_J11253,4671.701491760535,-0.37770236785545597,0.1146635972957786,6.510168290958982e-4,0.0020936064143035065
GWK60_J11275,681.6138571219326,-0.11299113301496254,0.15970555475052958,0.4564383609122517,0.5827957507713986
GWK60_J11297,3286.227553718358,-0.5332228266343211,0.11414620680078012,1.505193520775954e-6,7.2675000296051105e-6
GWK60_J11319,720.5134658529416,-0.0998604831142879,0.154768417407354,0.4867895046035823,0.6108685477817747
GWK60_J11341,237.01735113502448,2.3559242747176308,0.263426577324481,2.5735328358823595e-20,4.0153221516526545e-19
GWK60_J11363,723.8924486425286,0.15304153786178235,0.15390907809997628,0.3027043906329936,0.425566760948738
GWK60_J11385,1437.9412422647656,-0.09049402789270727,0.12769656353414185,0.4986987792639429,0.6213644979549318
GWK60_J11407,1.5662511334639542,-0.0752871919955968,0.5404859252616862,0.4442819107214128,0.5701482097693503
GWK60_J11429,1530.1315180950749,0.05344834485755169,0.1371513893346688,0.6933268564184115,0.788048554052747
GWK60_J11451,2094.9803228376977,0.30483623321142683,0.1193616093473353,0.008718007352571598,0.021755710802003544
GWK60_J11473,1617.7970861819351,0.6851073873370511,0.12982460011654462,5.351074519379742e-8,3.091862617900954e-7
GWK60_J11495,952.5793696014339,-0.3638447504531233,0.14505471357939734,0.00917099547493302,0.022707757360350668
GWK60_J11517,1136.6856472273648,0.08252143643718995,0.13520281157467276,0.5351638576673838,0.6539371516651417
GWK60_J11539,21465.62186669626,-2.3018944357765707,0.10068737008709798,5.443935512130367e-118,6.505502936995788e-116
GWK60_J11561,11979.368733887079,-1.840499664839194,0.10001283885234045,1.269461773487173e-76,9.4011690211205e-75
GWK60_J11583,505.2553410217861,0.7600737923316124,0.18184275379597004,9.879706632683174e-6,4.32175519755808e-5
GWK60_J11605,391.44111237110496,0.22496489498152286,0.1894836587397289,0.19965214692857225,0.30704035933034013
GWK60_J11627,1433.1333837648594,-0.10217248323655698,0.12819016637888184,0.40582208476190135,0.5314601548388735
GWK60_J11649,1531.6848103201542,0.19479459975718225,0.12661734541935563,0.11444238322581796,0.19531140877605815
GWK60_J11671,2376.41654195409,0.08385092590377076,0.12330734403676707,0.5018065638889697,0.6237964232763992
GWK60_J11693,913.3205567747393,0.3058218410553824,0.146244284980963,0.029463705767185076,0.06297567679831671
GWK60_J11715,1017.0723606390782,-1.1285687223564296,0.15767697621990037,1.3701886435485585e-13,1.35167952866385e-12
GWK60_J11737,123.99128671382982,0.10410288845984732,0.28094002823439723,0.6661334453856744,0.7656900332922149
GWK60_J11759,0.7220089373907006,-0.0030470040246826646,0.5377612346502169,0.893545766698546,0.9316704325118389
GWK60_K00011,0.5234496892594422,-0.0022785631088230573,0.5369832823490808,0.9964097253653362,0.9983083719456818
GWK60_K00033,0,NA,NA,NA,NA
GWK60_K00055,12.218050913216246,0.1465616416081802,0.4956782155340132,0.5265179783700167,0.6457736249754018
GWK60_K00077,862.1718958759232,-0.7576352058456648,0.15307956987703802,2.582117706681128e-7,1.3825636356139888e-6
GWK60_K00099,660.6859343612912,0.528111466593808,0.16503770771228782,7.646910410706798e-4,0.002422135839728695
GWK60_K00121,2562.9322885705874,-0.7841130389341217,0.1200140110937159,2.1021308770119314e-11,1.73789373448565e-10
GWK60_K00143,4117.737806123077,-0.4164211410445962,0.10869317811630878,8.774155153856356e-5,3.3238118010790144e-4
GWK60_K00165,10044.616169148172,0.06111762312025403,0.09943249801949965,0.5604711414077871,0.6761481852071163
GWK60_K00187,138.98521201767014,-0.10933618464898703,0.27660121336817284,0.6377965470556243,0.7395901052024337
GWK60_K00209,275.2999632588467,-0.15057903158004474,0.2132133237184326,0.4402197754607827,0.5661324836554645
GWK60_K00231,454.2984032762781,0.08837835820259654,0.17801638249328106,0.5899178996431911,0.7016010147478074
GWK60_K00253,3708.727664908473,-0.18382923617984526,0.10997869594686562,0.08335858249533928,0.15092955466959157
GWK60_K00275,1956.2854149563282,0.29881384313677284,0.12242510105453352,0.013692609426299102,0.032169678446595476
GWK60_K00297,669.1356996334405,-0.15518168905692037,0.16634727445215441,0.3318348757613402,0.457589241215087
GWK60_K00319,1541.3654580912173,0.11062429842881309,0.1258816318277351,0.36637496932861247,0.493006660898257
GWK60_K00341,3415.909125097548,-0.1681174325632519,0.12297945124890367,0.15785714875917772,0.2538265713075708
GWK60_K00363,2138.0101898598914,-0.2611831161966711,0.11837093869565232,0.0235490666226355,0.05157394751934465
GWK60_K00385,1664.8983077887133,-0.10646251034558046,0.12377101314244246,0.37136598064437,0.4977421173153447
GWK60_K00407,0,NA,NA,NA,NA
GWK60_K00429,1480.792403576729,0.5270247889825792,0.1356136366665016,5.796978437603441e-5,2.2883267736425593e-4
GWK60_K00451,1042.7423876183814,-0.10777383575215861,0.14095982471766025,0.42625488353782487,0.5521675727129547
GWK60_K00473,1281.4330381267896,0.09788294466711231,0.1343595261634534,0.4543954566653172,0.5808926115113635
GWK60_K00495,1619.4457727762615,-0.08571468502618704,0.1314368466180817,0.49057689080053885,0.6143018080088671
GWK60_K00517,2585.0565143042963,1.5561169598393185,0.11942275116070296,9.696484670039185e-40,3.310656908770522e-38
GWK60_K00539,1819.051025210072,-0.10894974558149567,0.12312873472153332,0.3617908154152957,0.4883943793205711
GWK60_K00561,1672.1445469573243,-0.8366106627507766,0.12793521098101143,2.1555839542147314e-11,1.776498500197658e-10
GWK60_K00583,1026.2457922946,0.11372522798077928,0.13920281102292592,0.4059600135172524,0.531508404151821
GWK60_K00605,3744.102535202185,0.6607562069819143,0.11233385479812229,1.7959436030910784e-9,1.1938143445073186e-8
GWK60_K00627,2856.784726803835,0.7182456103801769,0.12014709572683162,9.241765089278257e-10,6.327239692633474e-9
GWK60_K00649,6865.323442781952,0.3564076883035866,0.10451453790289619,5.11955633335657e-4,0.0016845198498616296
GWK60_K00671,2801.2780291490035,-0.40523009539373017,0.11440337030539231,2.6491287288475543e-4,9.103999252470876e-4
GWK60_K00693,2218.6624154103984,-0.14442624022146006,0.11935706234491811,0.21381541960804648,0.32438684500788784
GWK60_K00715,99.21345079405843,-0.2049143917405505,0.3093153658892895,0.41821879871080975,0.5441708595945156
GWK60_K00737,717.3226272177948,-0.6905987123274411,0.16057937845168507,6.730021653460719e-6,3.0270704750980718e-5
GWK60_K00759,4534.707721355054,-2.167583879103126,0.10907672494914139,3.985212608213464e-89,3.4351226055715405e-87
GWK60_K00781,257.75178048537595,0.044436150424036626,0.2215155370560299,0.8259153177436083,0.8825763007498315
GWK60_K00803,3163.327110247331,0.48131808650532604,0.1123555975283573,1.0080676247116723e-5,4.402341836157785e-5
GWK60_K00825,2372.3878620207943,0.008706364525551579,0.11636862528606519,0.9372096992033776,0.9607888892188949
GWK60_K00847,2268.9040023810285,-0.13008312822728,0.1206090493209239,0.2677375003709402,0.38706730188353133
GWK60_K00869,1077.4518634563924,0.09158498482759499,0.1401155900422768,0.4994335848178795,0.6216907644347562
GWK60_K00891,3282.4079531241173,0.3584029018217196,0.1123214885851765,0.001081973948875236,0.0033366680487894374
GWK60_K00913,1825.9343867485054,0.03737822224316778,0.12112131577683524,0.732021618060621,0.8177118478357224
GWK60_K00935,1254.6571306096394,0.8993174215531142,0.13874247171386683,2.231277573656675e-11,1.830274178203869e-10
GWK60_K00957,0,NA,NA,NA,NA
GWK60_K00979,3677.3325508991534,-0.7214837123608241,0.11347454074068875,7.293388905933227e-11,5.598341440495899e-10
GWK60_K01001,527.3668712849593,0.2721018253749613,0.18982697059087789,0.1198378751159696,0.2023483206579484
GWK60_K01023,1222.1122325555816,0.41864545880339604,0.13574844787020512,0.0015340316729820155,0.004585525034985468
GWK60_K01045,1101.481233191671,-0.9395517524950213,0.14567787941577803,2.7368136581487726e-11,2.2172829298222258e-10
GWK60_K01067,1038.4918056684505,-0.9513932996075701,0.14502806958591882,1.3132550972984058e-11,1.1065857855120221e-10
GWK60_K01089,658.4270263095153,0.2577621932213646,0.16179926589793817,0.09409603517213101,0.1664886258851786
GWK60_K01111,406.4229387002459,0.351103390368083,0.19211430535508256,0.04895282475085708,0.09775691323205717
GWK60_K01133,398.6851752731509,0.06023933367337643,0.18648805763672094,0.7208167459592172,0.8082862977721398
GWK60_K01155,3068.690609390557,0.3341882445902817,0.11193007821336683,0.001986340539271138,0.005815244184569957
GWK60_K01177,2513.1232373891035,0.3240822830430227,0.11747568277903178,0.00385308135704875,0.010513493396659225
GWK60_K01199,1732.8310951629048,-0.5361821799778274,0.13405169633793798,3.393199597922864e-5,1.3938627723342512e-4
GWK60_K01221,307.5296533797813,0.3525032745925818,0.21147425112777712,0.07133949240893363,0.13311358725955866
GWK60_K01243,588.5430824357477,0.038691546134317065,0.1749573814846888,0.819232450044884,0.8785486890344687
GWK60_K01265,535.9705475204312,-0.02513222528571744,0.16822689692564816,0.8744881835229223,0.9176845125412096
GWK60_K01287,319.2889481748728,0.18791735444365792,0.20322542366835578,0.3176654255019543,0.44245955159980815
GWK60_K01309,1698.248368773569,0.3449425349744703,0.12804648126181226,0.005440520586698181,0.014433025855125651
GWK60_K01331,255.60017711457448,-0.05995046244250541,0.2336471122401093,0.7727894293409007,0.8482106442607935
GWK60_K01353,975.7728885379729,-0.34842686379702903,0.14465703146733716,0.012085124135790602,0.028844113802082152
GWK60_K01375,1172.599334021409,1.686136159227461,0.1618252861654777,1.5200341986393556e-26,3.4155298360879194e-25
GWK60_K01397,3449.785986378078,1.805871124989872,0.11305371412999679,2.2459231016203172e-58,1.1928347139716798e-56
GWK60_K01419,610.6349987071676,0.2209192640419466,0.1643763201166299,0.15801403958383953,0.2539235391600942
GWK60_K01441,5620.694987971542,-0.5914231130238929,0.10612188346543809,1.3584159162468727e-8,8.314960288272476e-8
GWK60_K01463,909.3410381866336,0.187874809984045,0.14420678313402932,0.1781631525141819,0.2802219132275108
GWK60_K01485,479.0926544759144,0.08338125313740855,0.17748184317316887,0.6165746348285455,0.7236494263233241
GWK60_K01507,1816.1978426125693,0.18344901762363028,0.13590082845069565,0.1623224853038197,0.2597357357661242
GWK60_K01529,7912.591364268458,-0.32174378180447316,0.10080043343938008,0.0011755471684715092,0.0035936203557111602
GWK60_K01551,1628.2497883544822,-0.9532283862927502,0.13470220526319546,3.328662425646232e-13,3.2055141087999792e-12
GWK60_K01573,4462.202171472409,-1.4925689078314104,0.11024740897701883,7.590378417788302e-43,2.8712381094051e-41
GWK60_K01595,5677.7151900235895,-0.3322297264743446,0.11474521052403586,0.0037657480674147224,0.010333446995195937
GWK60_K01617,2270.7381357503273,-3.798423673625409,0.13650651043712236,8.415006537796452e-172,2.328742335564934e-169
GWK60_K01639,3313.6567512529627,-0.28949750259167667,0.11158300641945033,0.007836559308443262,0.01982898404417453
GWK60_K01661,859.399214302384,-0.24847928473718647,0.14717201846089797,0.07905207530842481,0.14452566480239837
GWK60_K01683,5546.146181177451,-0.062132635161593126,0.10308558553122679,0.5268928395381061,0.6460040948303113
GWK60_K01705,11582.05560672215,0.9551853529834933,0.1216231585771035,8.627003686721295e-16,9.839649758086891e-15
GWK60_K01727,653.719877449518,0.18886992924252127,0.15917945142657136,0.21562666341437645,0.32626330826842914
GWK60_K01749,144.01591681063303,0.8191637839554299,0.32257658162847885,0.002852948169241453,0.008102608465188017
GWK60_K01771,4616.322260290392,-0.6511483278517869,0.10928432660307755,1.196240419434172e-9,8.07423892860703e-9
GWK60_K01793,285.4845962445363,0.19794833100427203,0.21674109849768633,0.31775793071532205,0.4424711863615369
GWK60_K01815,535.5601521898509,0.6329591206583759,0.17677582979494474,1.506092716518885e-4,5.472726678269729e-4
GWK60_K01837,5792.676985738844,0.8732565297279605,0.10774249166395891,1.7566843370118565e-16,2.1430733744798935e-15
GWK60_K01859,646.14192559946,-0.025259319831699982,0.15907225380445214,0.8635187432996964,0.9108087366639525
GWK60_K01881,892.3517145820935,-0.020802711815264035,0.1469162569766473,0.8838590354276415,0.9255787309855685
GWK60_K01903,0,NA,NA,NA,NA
GWK60_K01925,8962.28835325797,-0.15298688679559455,0.09958588636988824,0.1144826477458751,0.19531140877605815
GWK60_K01947,1444.7453658346612,-1.104042880592128,0.14784624773113428,1.3853207881787159e-14,1.4655969223830358e-13
GWK60_K01969,42496.6570196558,0.39484749240370515,0.09896757214850264,7.456886839195627e-5,2.878730616776109e-4
GWK60_K01991,922.9923296881751,-0.27265397468907265,0.1450856212189296,0.05016812059014972,0.099880340046576
GWK60_K02013,1330.7946738892945,-0.591082612582268,0.13368603692135955,4.815697151255458e-6,2.2056564130053306e-5
GWK60_K02035,242.2182757810778,-0.38915826858214714,0.23670115245321122,0.06627157833180408,0.125343870096628
GWK60_K02057,1578.9101484633695,0.997193742660701,0.12995709180833723,3.911036134846776e-15,4.266437343780985e-14
GWK60_K02079,2119.609577153057,0.8742384789116396,0.1211908999140681,1.566157574552451e-13,1.5392255190648201e-12
GWK60_K02101,5869.494507726093,-0.41288778731632686,0.10411683657272736,4.544571224838732e-5,1.8240729389467215e-4
GWK60_K02123,1500.2441404005656,-0.2083741682747415,0.14340423935459384,0.128353706745152,0.21390928369762574
GWK60_K02145,1523.255742487934,0.023457729820524888,0.1275427255693547,0.8505522607824713,0.9016539893536761
GWK60_K02167,2124.699805395177,0.3791389992605817,0.1251887064146861,0.0018801316593888438,0.005535124448525499
GWK60_K02189,1936.2352162414052,-0.1674701005202222,0.12311555332918739,0.16202144178195865,0.2594909353912698
GWK60_K02211,997.8054045484283,0.18803092428294124,0.14536235069638528,0.18053193869222714,0.28335430855036725
GWK60_K02233,1503.4772530347007,1.1901534389731954,0.14114545204550039,5.385492893099739e-18,7.317034013415614e-17
GWK60_K02255,801.2884301734193,0.11205742898210774,0.15068084186627598,0.4425150938912597,0.5683303282071919
GWK60_K02277,1781.0118363823058,-0.2647472513241508,0.126256666793361,0.03259774625400259,0.06891795327846627
GWK60_K02299,1981.3307519650848,0.23984053366674932,0.12034371173317385,0.040717727774438356,0.08359457413956929
GWK60_K02321,2411.3994346854297,0.05071997924397571,0.11562177426247428,0.6545833122776399,0.7546911204423029
GWK60_K02343,3935.0814256545223,0.5853200649612337,0.11249851843940709,9.38671438412799e-8,5.301325911035979e-7
GWK60_K02365,99.2563866941847,0.2625048362962344,0.3149616587457434,0.3106082303794842,0.43424038163662004
GWK60_K02387,3628.337974975882,0.6874279069089211,0.11039387733117834,2.0593614382997712e-10,1.5186707493099855e-9
GWK60_K02409,494.64065630880145,-0.3123379635737343,0.17691952461794103,0.0641492045418711,0.1221203901090363
GWK60_K02431,459.646307117064,-0.7008212420246338,0.18786603205690708,8.241456109443352e-5,3.146955426539807e-4
GWK60_K02453,0,NA,NA,NA,NA
GWK60_K02475,2003.7466818797234,-0.5446761794436213,0.12172433937919863,4.161679806039969e-6,1.924548146012151e-5
GWK60_K02497,393.11540804148797,-0.9773312446049995,0.20907557837512897,6.384944594582849e-7,3.2292911076388494e-6
GWK60_K02519,1024.705530096081,-0.37066266245016577,0.1417531501334864,0.0065197617488818695,0.016837380783703768
GWK60_K02541,3354.3023489310485,0.030169969160328054,0.11048752674644605,0.782393769790232,0.8538452556158239
GWK60_K02563,21.02683654242239,-0.07602697250105898,0.4458165348504693,0.7616627813029758,0.8392336345538656
GWK60_K02585,1488.4089961822742,-0.06876349474795107,0.12729588104402403,0.5771345201199827,0.6903779313043744
GWK60_K02607,3059.362007093184,-0.8420829986854167,0.11469997400164984,6.167364142008904e-14,6.284496251682717e-13
GWK60_K02629,1956.0177827885211,-0.8234746688471245,0.1276521884184232,3.11125651746285e-11,2.5052047119172537e-10
GWK60_K02651,1671.6871840793624,-0.598770239177347,0.12712332339491275,1.1459327801290845e-6,5.610162530650583e-6
GWK60_K02673,664.1169114323042,-0.737662932387666,0.1663156295032913,3.2826484046707543e-6,1.5383391543457065e-5
GWK60_K02695,1276.0568864042177,-0.04074229531946924,0.1393382389033804,0.7628547586219538,0.8401948723992948
GWK60_K02717,2323.7511617480536,-0.1815778416914118,0.12041830214764665,0.12118272231487622,0.20415852416905453
GWK60_K02739,250.17382123515858,0.8760862384058847,0.2427093134666038,8.013670689694839e-5,3.075611714336895e-4
GWK60_K02761,457.4446256757495,0.17281654276776479,0.18196031456409234,0.31255435160574924,0.43629473747442915
GWK60_K02783,2122.4336983683397,0.5372223463198004,0.12426773741121486,9.134158265281459e-6,4.0257673226194394e-5
GWK60_K02805,2247.0388910117554,0.7759882258701057,0.11960111000478896,3.172132773705677e-11,2.5503171443645946e-10
GWK60_K02827,382.2070440727061,1.1379475973260442,0.20702409507687208,6.934195361677061e-9,4.371702543369063e-8
GWK60_K02849,552.1186509724666,-0.2771280209172735,0.17164452028603308,0.0903292745621733,0.16122756727491588
GWK60_K02871,1608.8441454828048,-0.386690186466837,0.13448847471453199,0.0028746190583100596,0.00815250647712745
GWK60_K02893,2806.7096847869298,-0.545039964484418,0.11712053461439977,1.669856391463879e-6,8.018360645038425e-6
GWK60_K02915,685.50351036547,2.439645564036946,0.17389405134757158,7.681007847870604e-46,3.082957195733102e-44
GWK60_K02937,475.5687236658984,-1.1847162820628312,0.19570263286228723,2.2583564152231906e-10,1.6492275043393801e-9
GWK60_K02959,365.292850263474,-0.35421329632312426,0.19743475678253022,0.05071193911964999,0.10073160820219676
GWK60_K02981,22947.164417338903,-0.039931874737214004,0.09561122115838926,0.6605518877562332,0.7602451614071924
GWK60_K03003,253.6114794734681,-0.14681019946254859,0.22310943042822579,0.4676002577893144,0.5934792683702602
GWK60_K03025,1053.3676148200755,0.02680113975148871,0.13953408445208296,0.8512550816590938,0.9021836789087412
GWK60_K03047,129.73253534968018,0.5224996251878344,0.31060343512888516,0.045778919369889634,0.09250790086352025
GWK60_K03069,784.0676439628392,-0.12178350907911656,0.14997759515781373,0.39669200759099404,0.5233169647312694
GWK60_K03091,1150.7178716938517,0.6072266889456741,0.140322651444731,8.569383552151427e-6,3.7895558214644405e-5
GWK60_K03113,2831.890352617056,0.7710418438096476,0.11590424498676602,1.0132778422509767e-11,8.719827977996129e-11
GWK60_K03135,4679.647990800197,-0.0721117495603502,0.10899504008048606,0.4976162105941293,0.6207440624158461
GWK60_K03157,0,NA,NA,NA,NA
GWK60_K03179,1059.3280160087438,-0.7044810895199716,0.14293099371504522,3.211851252969049e-7,1.6938730078346299e-6
GWK60_K03201,4.2682742268664455,0.0846991657547876,0.5230179492102419,0.5848022014674803,0.6969378910507733
GWK60_K03223,2918.398560466303,-0.40339477859704215,0.11555408509261313,3.2290062926331657e-4,0.0010981963186717455
GWK60_K03245,3293.994756515658,-0.626013697999,0.11214221184702862,1.0707446335729877e-8,6.631301864931413e-8
GWK60_K03267,401.17024498123993,-0.7634727974504713,0.19950326575690583,4.2078781546706325e-05,1.7045472524852224e-4
GWK60_K03289,2653.7962572517386,0.014006949379615797,0.12324534023847436,0.8976660003085194,0.9348183744700307
GWK60_K03311,76.12057000627134,1.5861569286016748,0.48934224506356866,8.415604739707507e-5,3.208792583131405e-4
GWK60_K03333,11642.21353398074,-0.3832536097238798,0.1118205314767646,4.2870737176096475e-4,0.00143302184406812
GWK60_K03355,3779.181091762717,-0.4333542025508754,0.1217248106421248,2.4226871757047954e-4,8.386102152637139e-4
GWK60_K03377,2612.8660556945433,0.5621972090098671,0.11941563258232311,1.3145880892985545e-6,6.400096456973889e-6
GWK60_K03399,171.07886901807873,-0.23071962536870716,0.2594350669369956,0.30866875070132344,0.43217093259999123
GWK60_K03421,1550.4046188600396,-0.5828098170832623,0.12894743882868454,3.299056820330217e-6,1.5446518932587962e-5
GWK60_K03443,367.2517892599545,0.42965981593858976,0.199858567794832,0.020152969558815594,0.04493821625964902
GWK60_K03465,1263.5988479497287,-0.047554474019594666,0.13154459735951649,0.703030911844196,0.7947660694131868
GWK60_K03487,486.42239785108336,-0.01269870203239465,0.1740217006853903,0.9388454547587126,0.9611466902494765
GWK60_K03509,2280.5397493646547,-0.3203390295097129,0.12381580123784261,0.007659336624395767,0.019446060826206153
GWK60_K03531,3083.909784666965,0.6827506892103772,0.11563921196273186,1.4914463485153832e-9,1.00025827812422e-8
GWK60_K03553,120.14167448859307,0.5401231283574046,0.32074094827710503,0.042601094112496296,0.0868877241441061
GWK60_K03575,2730.8558799304737,-0.3556443531080908,0.11598800839145083,0.001594422009230276,0.004750328276135746
GWK60_K03597,4642.869676933147,-0.2905005030047155,0.1091035494157564,0.005965280261890155,0.015667054753755464
GWK60_K03619,844.8250450291257,0.2248376488460409,0.14803375838220678,0.1139158973740039,0.19459707225227826
GWK60_K03641,649.1031904599022,0.17688671942598283,0.1596262589187854,0.2461160144129837,0.3636071940948211
GWK60_K03663,2291.529953825638,0.5851969933900067,0.11939392081449111,4.6245723830940235e-7,2.39566518131117e-6
GWK60_K03685,3051.8752083983436,0.06772216309106519,0.11089986326612074,0.5416416339092751,0.6592480812719835
GWK60_K03707,516.5144583901098,-0.5456561482481479,0.18740397162591282,0.002025614967787342,0.005910479190136428
GWK60_K03729,4310.204470472163,0.6721950717409024,0.10809794898085369,2.1640636860046695e-10,1.5869800364034243e-9
GWK60_K03751,77.57915368675569,-0.5883460200257353,0.3909838224085876,0.04968088814150305,0.09902278614405725
GWK60_K03773,10.354282851600688,0.18876762575535475,0.5240064020089386,0.38267033153294405,0.5099038528130309
GWK60_K03795,1517.0437744615592,-0.33629201839811257,0.127957984387192,0.00627733674396197,0.01632355914923444
GWK60_K03817,1036.498678810969,-0.46427177984143947,0.144084585199354,7.882938476922255e-4,0.002489398829528962
GWK60_K03839,928.7017952418704,-0.17751200171135614,0.14392046154810492,0.19408079794622635,0.3004053092732582
GWK60_K03861,213.21067965158306,-0.1073912476636092,0.23485863592721407,0.6095417758503243,0.7176378543262439
GWK60_K03883,607.6942281474951,-0.25991877828189275,0.16619803412894055,0.09912396993954445,0.17326922670948294
GWK60_K03905,1741.111939854067,-0.6844670472102558,0.13534279643036937,1.6830732603932463e-7,9.227944945930854e-7
GWK60_K03927,992.1145703316782,0.01982795481084309,0.14029181923210043,0.884283318331573,0.9256543276502909
GWK60_K03949,0,NA,NA,NA,NA
GWK60_K03971,1732.9619346302175,-0.25597198818796196,0.12397977684078723,0.03766883667368409,0.0783786083222125
GWK60_K03993,4919.450662266048,-0.42461745178334015,0.10559450684017663,3.8475962816293754e-5,1.5670535436721343e-4
GWK60_K04015,2768.6743007948676,0.4067625776336142,0.11680501990945041,3.476137081412268e-4,0.0011776758230712437
GWK60_K04037,901.4109966116984,0.49563250048729146,0.14774383844729333,4.6252873146737097e-4,0.0015372794374560281
GWK60_K04059,486.38300285755184,0.1028268683722742,0.17643475113021875,0.5360771369230704,0.6549009261016506
GWK60_K04081,369.05775968397774,0.49746155658546465,0.20215481193338683,0.008017007436759692,0.02023459264608504
GWK60_K04103,3426.162448468179,1.7105184693845146,0.112696634354669,6.6790094623800745e-53,3.1355564065352167e-51
GWK60_K04125,152.26550736565548,-0.02988234615758899,0.26247827167038124,0.8978381116534148,0.9348183744700307
GWK60_K04147,2793.5860321561377,-1.7556561117227736,0.11725430956278686,1.1558690862800946e-51,5.150474284458252e-50
GWK60_K04169,142.39751887860905,-2.306084591566622,0.3330526515782551,3.2915202015698527e-13,3.1755620586888597e-12
GWK60_K04191,178.34331969160974,-0.0850074938635637,0.24805483096656558,0.6949699234395335,0.7888928880494532
GWK60_K04213,4683.079334307368,0.07113493375862556,0.10922592003161077,0.5118493128631549,0.6323551896227605
GWK60_K04235,1604.1983144507935,-1.9201176249606102,0.13776263938990815,1.9051148056505928e-45,7.588707309174862e-44
GWK60_K04257,2182.9275309385625,-0.06996118735746332,0.11812382197499169,0.5431852885816233,0.660745101248231
GWK60_K04279,486.82461577675235,1.1872822447320688,0.18719923103475952,3.8448118900100616e-11,3.040003145514722e-10
GWK60_K04301,1108.1567672310975,0.5945015735283442,0.14149832503351206,1.3021246049740686e-5,5.63503800243099e-5
GWK60_K04323,9.826548659290415,0.029111356755355994,0.4854044938850777,0.8947760156135983,0.9327383604473236
GWK60_K04345,18719.32227429485,-2.128288485028255,0.11210322296843331,1.0397263546815917e-81,8.159524138680312e-80
GWK60_K04367,6075.031288093973,0.8954956509927131,0.10758222167210854,2.5214189250599062e-17,3.289732185599252e-16
GWK60_K04389,550.7701571498943,-0.03447465458428887,0.16788745123030105,0.8229964696073604,0.8806095720788566
GWK60_K04411,583.2763601773729,0.5208753739707906,0.1769295211387109,0.0018338959546699762,0.005417205016659963
GWK60_K04433,239.49440948468225,-0.2837358588714115,0.22918381299388965,0.16910343355599608,0.2687053048163878
GWK60_K04455,2642.292099410637,1.0466332833386018,0.1263005646814932,2.2787711872197706e-17,2.987974788628816e-16
GWK60_K04477,66825.03879646807,-6.7838149864518975,0.10013676314294943,0,0
GWK60_K04499,353.63070198747573,-0.39627942712318337,0.2015224476529774,0.032361193717829924,0.06852139983950885
GWK60_K04521,900.5759325601246,0.682070323950397,0.15072827186788426,2.4259626360372022e-6,1.1491632018273522e-5
GWK60_K04543,387.53489624958087,-0.1630718549833574,0.19588968692708905,0.36915908366121913,0.49541563601089594
GWK60_K04565,8.180120345022383,0.19555389101784384,0.5411720545669649,0.32048503337811174,0.44567847275908795
GWK60_K04587,340.9153091376827,-0.8712461294889602,0.21401487048957357,1.229312387850929e-5,5.333106052244377e-5
GWK60_K04609,44735.1927565588,0.2882718274012672,0.09495074667614324,0.0012908906707809434,0.003912105560211067
GWK60_K04631,83.68848661390497,-0.13205791579269494,0.3256608389210626,0.6093729594553625,0.7175997806979387
GWK60_K04653,1513.1310209242508,-0.25760714243321947,0.12767906896554262,0.03763244449783839,0.07833388486525505
GWK60_K04675,183.5223177022876,0.038527712816612145,0.24865479619636188,0.8601826392359311,0.9079475986160748
GWK60_K04697,439.7340463849358,-0.07179098659329622,0.18578014599681897,0.6777553650620434,0.7752094212521697
GWK60_K04719,371.7482084747498,-0.12441460498925132,0.19283633811960993,0.48850992824252415,0.6123173751869125
GWK60_K04741,1139.9751548967392,0.2673018945201399,0.13669628877761134,0.04596570692359359,0.09284966846110454
GWK60_K04763,1383.0659295549765,0.027725912151606313,0.12916982854086045,0.8403572544876419,0.8933196855563019
GWK60_K04785,671.0049905638168,-0.2378888547319256,0.15841921043821452,0.11680193067649224,0.19849533015416812
GWK60_K04807,297.7176054126217,0.0036059938024737346,0.20592489560196645,0.9862634720054502,0.9923548879377068
GWK60_K04829,344.0190412585408,0.2882701882460585,0.2005781299166387,0.12069080402488877,0.20339495114194395
GWK60_K04851,2022.3304542723736,-0.27290390379625395,0.12111870265382998,0.020245773975749573,0.04508779312346092
GWK60_K04873,3723.2344407539686,-0.6198904731110076,0.10979990514905896,6.933469854477156e-9,4.371702543369063e-8
GWK60_K04895,1409.867577525079,0.2506534385412402,0.12944139093125162,0.0455680543119491,0.09218808371382392
GWK60_K04917,666.3402176286479,0.22496438816598122,0.15914403728925047,0.1384928172242057,0.2279454424350009
GWK60_K04939,4624.570781869792,-0.16824441534564138,0.10589952500724968,0.10444226611757222,0.18129991259365955
GWK60_K04961,820.0258384420479,-0.05208635476904808,0.14906491272055467,0.7164392843651224,0.8052429938578356
GWK60_K04983,858.255237505874,-0.4795353283735286,0.14994497567229945,8.363419497143529e-4,0.0026285032705308234
GWK60_K05005,0,NA,NA,NA,NA
GWK60_K05027,3157.755995471875,0.14891558546855593,0.11133698597021237,0.17198121313083647,0.2722906409641488
GWK60_K05049,4004.8140117508656,-0.4203819291219437,0.10901625943898886,7.715834860300556e-5,2.969975087515397e-4
GWK60_K05071,93.67496848201333,0.09532764510808898,0.30773511141673576,0.7081831487876895,0.7988002964818193
GWK60_K05093,723.9009627492605,-0.6840743747625834,0.16046191345213573,8.067147378083027e-6,3.5764806841450726e-5
GWK60_K05115,2193.5507677326127,-0.8429873530563824,0.12089412680683881,8.897288237513487e-13,8.2507833426536e-12
GWK60_K05137,9320.030699857822,0.3298483231709751,0.10203682638315364,9.914801146543373e-4,0.003079269015270234
GWK60_K05159,3618.357987282984,-0.00167700508196897,0.1117952039333864,0.9912650054796767,0.9954299844942971
GWK60_K05181,13316.812148990455,-0.4170288294023549,0.09812941918063015,1.388668779839501e-5,5.975139479865873e-5
GWK60_K05203,3609.2320645705704,-0.3568509324248121,0.10919106717608089,8.192534845610396e-4,0.002577878409229172
GWK60_K05225,922.3205888987694,-2.738537422272574,0.15911702238381453,1.664790792016756e-67,1.080675306719025e-65
GWK60_K05247,1698.4410274713555,-0.7344305577688628,0.1350425037113193,1.8977503899077275e-8,1.1482590966783466e-7
GWK60_K05269,1053.0800663451616,-0.6645660483077095,0.14261466084893842,1.3360322722590368e-6,6.486479859222545e-6
GWK60_K05291,1254.5523144717622,-0.11482622486527291,0.13202416788177462,0.3351228779222781,0.46091094967887314
GWK60_K05313,1202.1368173635803,-0.17860207184061241,0.13451225017681706,0.16111320267544285,0.2582723230693532
GWK60_K05335,724.4138623556573,0.06274680536583853,0.15515401695145817,0.6674277554402318,0.7667326060967313
GWK60_K05357,1385.6840169906836,-0.4661737921486438,0.13191828028204775,2.5563255205731625e-4,8.819658521767511e-4
GWK60_K05379,149.22897703729666,-0.48695566860272244,0.28796592290350137,0.0478691607073933,0.09618365232054626
GWK60_K05401,1162.6827531123115,0.9458775087606812,0.14299614039473937,9.18176358623765e-12,7.966619296441843e-11
GWK60_K05423,633.7840953515754,0.1395504775420391,0.17073356690839206,0.38587750080426864,0.5132668604171121
GWK60_K05445,482.16066094752955,0.021092766644671943,0.1743813341118138,0.9000424715765603,0.9355560862447836
GWK60_K05467,1185.0944930238263,-0.19862259329663245,0.1346277186961827,0.12542424691621684,0.20969179341350339
GWK60_K05489,1500.7086331564246,-0.4118343826412358,0.12847096185367224,9.555631250894403e-4,0.0029765112036257567
GWK60_K05511,1269.6922081086636,-0.8135550602589288,0.1393013247037556,1.6150780587574957e-9,1.0817936857257213e-8
GWK60_K05533,128.35610133573752,-3.4620807626001437,0.38252421593620534,1.101031040210094e-20,1.7758347268173849e-19
GWK60_K05555,3209.9702684209533,-0.1414040454800453,0.1108590111580633,0.19044751871426785,0.2960890163807275
GWK60_K05577,1241.1024776240224,-0.09478644006939531,0.1331745556810588,0.45633483180632783,0.5827957507713986
GWK60_K05599,3466.182639005252,-1.2009980158763511,0.11232231684522329,1.8706093691293745e-27,4.390921456643862e-26
GWK60_K05621,234.28455432612776,-0.1758388865225007,0.22894552682908587,0.3941398106604392,0.5209620725119631
GWK60_K05643,88.89049549869624,0.07295807827882825,0.3251131149783211,0.7782590896591071,0.851099478666303
GWK60_K05665,7786.942314474425,-0.09260866780964509,0.10882022028257377,0.3739717514544112,0.4998331136622507
GWK60_K05687,1907.5107406127217,0.2879109488703613,0.12232270705186439,0.016125929015814205,0.03691342392910365
GWK60_K05709,1933.0982454776888,-0.4458461378760923,0.12373629734398371,2.08948909395785e-4,7.343939609645972e-4
GWK60_K05731,1230.5385687444186,0.2814081585110746,0.13428565061726294,0.03219987694590386,0.06824141595387444
GWK60_K05753,0,NA,NA,NA,NA
GWK60_K05775,0,NA,NA,NA,NA
GWK60_K05797,14177.314564011347,-0.0606105007333552,0.09679218957430241,0.5579074896234433,0.6743626621701299
GWK60_K05819,3159.607753629252,-0.6949738093756892,0.11658053566930436,9.668908677059113e-10,6.602483353763222e-9
GWK60_K05841,1086.6044257997237,0.31425043543398345,0.13849280882326273,0.019610511890966256,0.04384045442367785
GWK60_K05863,1654.5265742050433,-0.10022647419831714,0.12393932733311858,0.40270816065101417,0.5287137254866912
GWK60_K05885,179.17570996609442,1.1294423349079388,0.28601713968736187,1.3346444012532258e-5,5.761543728891183e-5
GWK60_K05907,3729.913889249088,0.23932839945111917,0.11001045963904138,0.025113240396060332,0.054564222315076544
GWK60_K05929,328.65844878167485,-0.09515563262831746,0.1991383738746407,0.5987688320931414,0.7083563974643011
GWK60_K05951,147.96248276354103,0.12785750174868102,0.2771831111500679,0.5903623416225148,0.7016557848669038
GWK60_K05973,32011.076576163374,0.3179611339943019,0.1006236200679302,0.0013481553158731197,0.004078596461945261
GWK60_K05995,1.9481033509565517,-0.011777709357836418,0.5307465059529254,0.8901287153302399,0.9302915494347845
GWK60_K06017,982.1739241748791,0.0887596968196644,0.14085612322382207,0.5151755487674552,0.6357176802204364
GWK60_K06039,1477.5044396278292,1.8058499513757738,0.1337377740572923,1.5490125477091533e-42,5.776388635357964e-41
GWK60_K06061,2869.6811865022173,1.4041065284550767,0.11588967931139534,1.198442335377214e-34,3.481441878128945e-33
GWK60_K06083,4825.922980229349,2.6911661350117972,0.11037836326300422,2.3559949291340833e-132,3.643476863937356e-130
GWK60_K06105,3484.9894190632267,0.40841471540412944,0.11108468776144938,1.6934475213995333e-4,6.078913415625067e-4
GWK60_K06127,3777.5259861392756,-0.006580302224347151,0.10812401642164099,0.9523516604213266,0.9689367319069921
GWK60_K06149,3592.4930165040005,-0.4741973186509188,0.12467501924746843,8.569349405595516e-5,3.2532591461820377e-4
GWK60_K06171,164.70976068387802,-0.3436765242708146,0.27248030692801467,0.14341913254819938,0.23484827123588675
GWK60_K06193,690.4982615130161,-0.4785896394576754,0.1612175428624133,0.0018118573851530575,0.005358124933146668
GWK60_K06215,5.9774588669799265,-0.1300670017887951,0.5242932744836842,0.47388788432570855,0.6002655976354072
GWK60_K06237,470.9760897531178,0.02747355636151188,0.17557660780828344,0.8704503719014269,0.9149996112470419
GWK60_K06259,1533.5332091472494,-0.46927540101086834,0.12925879454261263,1.8593613489948442e-4,6.623659873316322e-4
GWK60_K06281,2086.3221725486555,0.14359026573086286,0.12000380790712906,0.21967506407747683,0.33134007083171924
GWK60_K06303,1712.0933531391584,0.9558276163076159,0.1344657808546769,2.777426099199622e-13,2.6944107803674563e-12
GWK60_K06325,1678.440132454347,-0.32643052354173213,0.13635911129168385,0.01294695796053376,0.030650655090718824
GWK60_K06347,488.5361718628898,0.21685334392155414,0.17649941666076033,0.19303608001980815,0.29949357000417565
GWK60_K06369,203.00827380030995,0.37278912343988635,0.25002064295950693,0.09164700101965091,0.16312793884946664
GWK60_K06391,1842.799579610889,-0.46560085458349126,0.12410983818906092,1.0319032476939022e-4,3.8773230741161706e-4
GWK60_K06413,26426.859437872365,0.1707858387491618,0.09725284173438126,0.0748385081659459,0.1381385287267343
GWK60_K06435,465.4283819896915,0.06283765670849407,0.17825891769662505,0.7084073378651052,0.7988002964818193
GWK60_K06457,0,NA,NA,NA,NA
GWK60_K06479,762.2667684653821,-0.3057865774028374,0.15597199558369002,0.03986164222295671,0.08216092309224084
GWK60_K06501,2672.5102824816117,-0.19540633890634748,0.13459766935222314,0.1319883126930169,0.21913310645402045
GWK60_K06523,235.27207346981635,-2.7837170966232727,0.2735559275231644,1.7438063512943382e-25,3.727208859799037e-24
GWK60_K06545,2336.843932907841,-0.3369657626918053,0.1271570354498267,0.005953085140906027,0.015658490080482187
GWK60_K06567,633.6039011857872,0.020435861945737745,0.16255911931401196,0.9006497931159397,0.935892611107433
GWK60_K06589,2169.4518309206846,-0.455216557718074,0.12442408892559349,1.5707033126994004e-4,5.668330829219937e-4
GWK60_K06611,375.1075411317237,0.19124594432929154,0.19356833679923544,0.2886306201450389,0.4096139813016503
GWK60_K06633,9814.857064462009,0.1876020948128971,0.09987518332393819,0.056392772650860006,0.11003922388447937
GWK60_K06655,300.96954493077556,0.48745561905909424,0.21706875410199655,0.014190781728610232,0.033191783954195996
GWK60_K06677,6324.08444711546,0.2969397529977688,0.10406032075510495,0.0035931084128202127,0.009933186227517064
GWK60_K06699,2921.7869557376607,-1.1378333968933365,0.11749330725632567,6.555881680901026e-23,1.201074072410369e-21
GWK60_K06721,486.1755633884557,0.21185256682825193,0.17564696980123548,0.20447905714064835,0.3127256784309276
GWK60_K06743,1672.240906531271,-0.12532885588005807,0.1255880795655352,0.27597569873155964,0.39644215853009707
GWK60_K06765,1533.96316032653,0.02798058753893559,0.1326389148701653,0.8188167404108754,0.8785486890344687
GWK60_K06787,113.58389263555215,-0.13859033228351775,0.2938162502200781,0.5720238209536401,0.6860258850701741
GWK60_K06809,2726.007604980609,-0.25181323080949203,0.11670478875479577,0.026709155650826565,0.0577216360098833
GWK60_K06831,677.4025803729431,-0.12201549128807011,0.157436695101388,0.41538949364224426,0.5412931741191872
GWK60_K06853,1624.713929930547,-2.3839412821779407,0.1373694268984916,1.2061040745155728e-68,7.927119029753601e-67
GWK60_K06875,907.9798188468975,0.0023773027130087328,0.14439099731743724,0.991495479180635,0.9954713060018672
GWK60_K06897,1229.1183471111212,0.10762011134070075,0.13520578411469222,0.4237163008883836,0.5500988419928694
GWK60_K06919,1081.7169811212227,-0.09146876789018145,0.142215391324007,0.5018809082611658,0.6237964232763992
GWK60_K06941,6893.431811120443,-0.09187738557308676,0.10441896834967375,0.3656913480907133,0.4923956743305942
GWK60_K06963,100.64664404979766,0.28743161496592445,0.3165449245419739,0.26907579368679646,0.3883772994470128
GWK60_K06985,1115.5930094166072,-0.06968808694666444,0.14161609746595016,0.6080610202385561,0.7162152429243567
GWK60_K07007,669.9634760735219,0.3928636588603268,0.16300225851701414,0.011250264234575513,0.02716337622360741
GWK60_K07029,1091.0024247383549,0.344667248444047,0.14476775494790634,0.014040943294321633,0.03289985732689089
GWK60_K07051,2.4440531327254997,0.0471177173487105,0.5282533863656397,0.6909052178343636,0.7866564823241845
GWK60_K07073,152.00563021341674,0.09180572187890691,0.2617878931916402,0.6928798627109305,0.7880164192161105
GWK60_K07095,0,NA,NA,NA,NA
GWK60_K07117,1239.8770291160226,-0.3022966341226772,0.13697114206292868,0.02219252354261014,0.048946429860337294
GWK60_K07139,8329.597205788865,-1.813083489345089,0.10418490560530272,6.665624758337794e-69,4.436437339156977e-67
GWK60_K07161,191.4676787951073,0.567766323377804,0.2690927667899574,0.015903258646466426,0.036487810987162396
GWK60_K07183,70.42539724680147,0.8058040179053767,0.44020870820646657,0.015459644606353115,0.035636480201755666
GWK60_K07205,12.19799455333984,0.1122772467688832,0.4890231409405984,0.6173390579559288,0.7239002601989906
GWK60_K07227,4420.1959004839355,-0.6617319065584041,0.10905746599277044,5.965281823831707e-10,4.148869289643798e-9
GWK60_K07249,43462.22833803752,0.18113015490283765,0.0951254848054024,0.057300798870496286,0.11160209900810406
GWK60_K07271,2930.512369673379,-0.5315760950655324,0.11861916862824846,3.892370388034415e-6,1.8079579063855965e-5
GWK60_K07293,1463.926028947944,0.20020973226235467,0.12788472154839553,0.10693523911893535,0.18471270935852893
GWK60_K07315,3611.4016048106578,-0.6853148514171835,0.12569730187862654,2.1090417196194036e-8,1.2702567424695102e-7
GWK60_K07337,4314.965127808603,2.9209209926615505,0.11384758423233962,2.202866817257097e-146,4.1366691875492197e-144
GWK60_K07359,8348.883660980975,6.491962308006935,0.13325766938033073,0,0
GWK60_K07381,132.46359034612303,-1.0679733319267934,0.3349536517607463,2.4119080078776223e-4,8.359797169031337e-4
GWK60_K07403,2161.725017391073,-1.6257860806739228,0.12407076342863675,3.494538844582415e-40,1.2168400824380355e-38
GWK60_K07425,874.0741866948732,-0.002988633448528154,0.14825571333610763,0.9801490609007844,0.9886099678143725
GWK60_K07447,99.42295319452222,-3.1961635521052623,0.42297026931182685,2.9446424658308685e-15,3.2391067124139556e-14
GWK60_K07469,8274.30474203588,0.24258767387156455,0.1001143246633811,0.013451696909485344,0.031660260675950735
GWK60_K07491,56.462916725586496,0.345469156130022,0.39796248605507956,0.23261052466274104,0.3470613354484825
GWK60_K07513,1401.5659241000012,1.1591716554926585,0.13491418484927156,1.4548387951063383e-18,2.045332188414205e-17
GWK60_K07535,0,NA,NA,NA,NA
GWK60_K07557,2522.7294241916525,-0.48736122287026157,0.12004457024552462,2.789726233490187e-5,1.1549905933615277e-4
GWK60_K07579,33.72607589502539,-0.16745918099418033,0.420957241226512,0.5387158521073492,0.6567512057455234
GWK60_K07601,3731.0683044755883,0.571002741291038,0.10951413777731954,7.533938295731026e-8,4.291814470092496e-7
GWK60_K07623,2445.3110190490524,-0.6392056600149036,0.11947892052378677,3.876688902278557e-8,2.27242254717733e-7
GWK60_K07645,316440.6932680316,-0.05299365586879543,0.09304011735190854,0.5385083306182239,0.6567512057455234
GWK60_K07667,233.61037240672164,-0.22611515965879816,0.23079853104368103,0.2759065807698734,0.39644215853009707
GWK60_K07689,418.179785624812,-0.6901763245429657,0.1981637228349178,1.8687387383958953e-4,6.652558081574555e-4
GWK60_K07711,973.8561363269255,0.09075479150464849,0.14088438139608883,0.5140715147508508,0.6346532107442999
GWK60_K07733,633.4950101594422,0.15256905896665096,0.1625325266163655,0.32526830409704377,0.4507584503724528
GWK60_K07755,949.802681251633,0.10674380082733191,0.14195479624891882,0.4359047700124435,0.5621749523486456
GWK60_K07777,2966.2740952812273,0.1519204380141442,0.11230078064152475,0.16579970670245525,0.2644145762333969
GWK60_K07799,5847.114434020973,-0.13246668838087333,0.10339228371391337,0.18520440871656718,0.2888771228216287
GWK60_K07821,2719.5289467997345,-0.07310302524204548,0.11323707047033624,0.5070946549738972,0.6286969337073216
GWK60_K07843,2304.758371983904,-0.2671726139298321,0.11740998734121576,0.019304174331483976,0.043284157200402025
GWK60_K07865,606.6377551846508,-0.13556459051450498,0.16657291757280007,0.39070287259727643,0.5173295653781111
GWK60_K07887,55.59444750391099,0.11001360328933074,0.36316720740216135,0.6856108853659144,0.7818134971272994
GWK60_K07909,1737.2728969292493,-0.1994576001883033,0.12400428372196981,0.09560926112802735,0.16858266096953986
GWK60_K07931,1890.7785437451366,-0.5289163797665462,0.12297030681496315,9.455735779343806e-6,4.15010506909764e-5
GWK60_K07953,792.4627733618653,0.40414777639207394,0.16021353586291023,0.008078801618300251,0.02034403204455111
GWK60_K07975,1271.6928883792662,-0.12388187657236222,0.13354338746009536,0.3401657381608385,0.4662647161756227
GWK60_K07997,5284.265079105278,0.013182788779960732,0.10791855432367622,0.9001480107098442,0.9355560862447836
GWK60_K08019,944.3341761762241,-1.4616013468495321,0.16440665048590178,6.381252406571399e-20,9.66934442471251e-19
GWK60_K08041,499.09375897598915,-0.029989954081291872,0.17541347511414354,0.8550512012470677,0.9047608849586446
GWK60_K08063,1470.9619157155585,0.31304605960723925,0.1284091102563707,0.011964702694951217,0.028590877908208034
GWK60_K08085,1132.3799667276242,-0.35124416910712103,0.13753595324869516,0.008093345954449434,0.02037090140186459
GWK60_K08107,1745.7275144445118,-0.13059304288966028,0.1296619357029344,0.30123292534909135,0.42383803090327066
GWK60_K08129,459.3391537261706,-0.023035321217322345,0.18256040692810807,0.8912627030444131,0.93080938301247
GWK60_K08151,491.9835490231394,-2.364976980582346,0.19393987243266864,2.605195058911887e-35,7.695570572898147e-34
GWK60_K08173,2204.4675321274335,-0.07863850576335085,0.11696350989936039,0.4893079744470307,0.612858820781917
GWK60_K08195,8784.604717200382,0.36881549621556786,0.10376632083586809,2.9247317021664846e-4,0.0010011874537754803
GWK60_K08217,1825.6099960006218,-0.4105977383038542,0.1267925031705766,8.187002853145886e-4,0.002577680299511441
GWK60_K08239,4870.690873511001,-0.2500925038461854,0.10487936933435159,0.014127214505049047,0.03307252620995009
GWK60_K08261,0,NA,NA,NA,NA
GWK60_K08283,0,NA,NA,NA,NA
GWK60_K08305,2749.9606364062756,-0.364855311205786,0.11480645817512466,0.0010649923779767671,0.003292022294768866
GWK60_K08327,4489.715462531554,-0.28717767798242194,0.10726752796843723,0.0059715322577778614,0.015675644838440337
GWK60_K08349,1025.7225993191178,-0.5906503244375896,0.143651366300517,1.9206554196077764e-5,8.144198545401362e-5
GWK60_K08371,5082.283674566375,0.1739062460173694,0.10438571466042268,0.09113433534369934,0.16232531681475987
GWK60_K08393,1647.0023264187253,0.05742219798591285,0.1237761437017391,0.6370983172723501,0.7395901052024337
GWK60_K08415,326.37842391127106,0.7327353733797263,0.215914776639063,2.3243612354090823e-4,8.099066518078829e-4
GWK60_K08437,303.51292562326427,0.7371291191991454,0.22681173979500827,3.94613572555728e-4,0.0013258007440881904
GWK60_K08459,1467.8283484334543,0.08816099204476535,0.12797734214839762,0.46793532094949325,0.5937268140811862
GWK60_K08481,29.1014397797398,-0.2553683134840533,0.4566750145883871,0.361613015109394,0.48827972096692185
GWK60_K08503,336.1062801956946,-0.5205766350602457,0.21152311886169403,0.007224074002150164,0.01849278534727632
GWK60_K08525,24.17491805137059,-0.18482199080748163,0.4546345947947553,0.48808459274736865,0.6120555184034496
GWK60_K08547,629.3922545784193,-0.4486182075147996,0.16557953800056396,0.004336245565449828,0.011722354335802158
GWK60_K08569,673.0409736999552,-0.2900494263655697,0.16067756457889942,0.059526857665000696,0.11485952939543988
GWK60_K08591,0,NA,NA,NA,NA
GWK60_K08613,198.8346888968481,-0.31944312917076795,0.24683134761044767,0.14445721210158705,0.23610693852351405
GWK60_K08635,1322.4640481407994,-0.004320654176666998,0.13030577640523439,0.9675334057895456,0.979078261670791
GWK60_K08657,1840.174283767765,-2.1555358366263992,0.13211680716033308,6.109192250076425e-61,3.4172481756278557e-59
GWK60_K08679,2536.7643836948064,-0.28611193270103175,0.12244108805127814,0.01596439471693257,0.03659145048894134
GWK60_K08701,2769.0900350608804,0.35877086897062044,0.1138095153052624,0.0012264399715487609,0.003734001951594317
GWK60_K08723,6182.892352541549,-0.5960424250298033,0.10452721420167357,6.158301341997552e-9,3.896552160797007e-8
GWK60_K08745,192.63729165260227,0.14617654558260698,0.24569406598859203,0.504396637856541,0.6259422992328753
GWK60_K08767,560.9811070007221,0.6314504366584416,0.18189494672695705,2.249654595511448e-4,7.854371755112346e-4
GWK60_K08789,766.0045253381053,-0.029770115930559567,0.1526013799453316,0.8359289181027975,0.8898780465890013
GWK60_K08811,617.8616188051352,0.4645274352142019,0.16625185662598943,0.0035521873449122048,0.009830211083972829
GWK60_K08833,515.3472535137951,0.3774129027195047,0.17563411962759098,0.022783165044697275,0.05012296309833401
GWK60_K08855,922.1685525297062,0.6350692205983156,0.1522052419391219,1.3418563309967127e-5,5.787925010976797e-5
GWK60_K08877,2201.721356986403,-0.3241317132477082,0.11949026571857292,0.00494941183301239,0.013230303720375773
GWK60_K08899,1141.3972063432589,0.11337890918216817,0.138839372151158,0.4132261462562417,0.5388747710851485
GWK60_K08921,523.5171378929929,0.380634547075733,0.174416350608867,0.02071823180840961,0.0460035738380987
GWK60_K08943,3658.289375454233,-0.4444474092723023,0.11488818473526216,7.438677656055298e-5,2.873810956321731e-4
GWK60_K08965,1742.786037333994,0.4186359738157778,0.12521875961501808,5.822624556072993e-4,0.0018863438025774368
GWK60_K08987,0,NA,NA,NA,NA
GWK60_K09009,1584.101966500104,-1.2810024759110545,0.13005401157427968,9.32284919698938e-24,1.7890343459040205e-22
GWK60_K09031,154.67623193338454,1.0898438482796355,0.3044529529941811,5.9631399795263686e-5,2.3503890563980243e-4
GWK60_K09053,699.7387233732233,0.0019440857958479703,0.15621497894032324,0.990720569897696,0.9952634231031878
GWK60_K09075,2318.753443811561,0.6998413833661713,0.12001622959381744,2.2829915318286364e-9,1.5004961842943712e-8
GWK60_K09097,659.149405462505,-0.007699491524642491,0.15792653877478796,0.9567777363907315,0.9719353434973852
GWK60_K09119,9077.363589725632,0.3383865837717595,0.10182648293922543,7.125414052172054e-4,0.0022720089197283606
GWK60_K09141,497.74469251708615,-1.1463363334621925,0.1876526963544949,1.867603019221176e-10,1.3811331469852242e-9
GWK60_K09163,1264.5914085135914,-1.8743812116245622,0.14179823584432596,5.816059715501013e-41,2.066273107034076e-39
GWK60_K09185,275.9191192970742,-0.7016313908677341,0.23097754899495407,8.645578048543276e-4,0.002712317982054925
GWK60_K09207,1125.7809327747182,0.939898814627982,0.14185671268742223,8.800198926727096e-12,7.660835423299845e-11
GWK60_K09229,807.886263221887,0.09616529139892481,0.14930810768092795,0.49755204293139693,0.6207440624158461
GWK60_K09251,2358.5265299020148,1.249605333156756,0.12413599499295898,1.2128862571038656e-24,2.4911546640047364e-23
GWK60_K09273,906.9567895657235,0.4173947161166418,0.1468489431141703,0.0030411629675698815,0.008578559486846802
GWK60_K09295,245.19348820532912,-0.012613998462408583,0.22058529982954284,0.9478778268074147,0.9657732623232413
GWK60_K09317,4458.334709555794,-0.6466463651932686,0.11429859762455573,6.18420845416083e-9,3.908241352401159e-8
GWK60_K09339,1664.1281064723548,1.5385351091165864,0.1370953848857074,2.685697311552096e-30,6.990790328782634e-29
GWK60_K09361,2777.900041470488,1.8940694750170812,0.11706842183323042,6.592487711323565e-60,3.5735361222824026e-58
GWK60_K09383,2018.931653705513,-0.008132171196687585,0.11912512968629793,0.9420427071982527,0.9631937164817536
GWK60_K09405,4782.567722958845,0.6254924687352512,0.10915923637221908,4.728010003280518e-9,3.024315887743183e-8
GWK60_K09427,0,NA,NA,NA,NA
GWK60_K09449,227.00140376773274,0.5816178363416991,0.25233863249010646,0.00966157800948513,0.023738587464426548
GWK60_K09471,6631.849533275752,-2.0600513527764046,0.10445061218973395,1.283695957576805e-87,1.0886569911191678e-85
GWK60_K09493,4850.994840426856,0.27236657536661696,0.10580884599718406,0.008541149240205714,0.021375232129938908
GWK60_K09515,1998.6206145453323,-0.05970391132472591,0.12075962353982694,0.610638769992496,0.7187684469712433
GWK60_K09537,2280.2415451599218,-0.24892439982286552,0.11694816506529311,0.028547974456976023,0.0611000295040712
GWK60_K09559,4909.850922824905,-0.4460970227931626,0.1075685504557855,2.2501738055399542e-5,9.472709263033689e-5
GWK60_K09581,1427.891786492541,0.12787857029441657,0.12937022285905664,0.3084497063944271,0.43202754232578533
GWK60_K09603,46.13810114726062,5.004223119975677e-4,0.3740250847276951,0.9990886767452997,0.9992787259514524
GWK60_K09625,4716.939020888247,0.49098511436806735,0.10717271334886036,2.8401201567623466e-6,1.3405163181558723e-5
GWK60_K09647,671.3702499223681,0.1939496093735642,0.16122405981449775,0.20605377228421806,0.3144024186507309
GWK60_K09669,1679.3541212528178,0.21783037434249602,0.12402613691124845,0.06757138069689032,0.1274355522612085
GWK60_K09691,1371.4170203318802,-0.2104337201021007,0.13044825949149455,0.09629590140715413,0.16926856505660404
GWK60_K09713,3931.238175974947,0.5846178847252104,0.12279255692716243,8.627568040242059e-7,4.2715398074946086e-6
GWK60_K09735,1432.0863940916229,-0.1300590629858225,0.12794992760993415,0.293093283406,0.4147159537536997
GWK60_K09757,11343.962936569507,0.17659383568483852,0.0995154999165996,0.06414692292240153,0.1221203901090363
GWK60_K09779,1040.6292942811801,-0.25320474567059176,0.13972129569303882,0.060016656426041586,0.11555019388067618
GWK60_K09801,2601.3985097015407,0.46389036970478514,0.11674727221772757,4.516588733465677e-5,1.814226398820667e-4
GWK60_K09823,399.18544924701314,-0.4116840726030296,0.1960054089132625,0.023511226362131755,0.051530649525672684
GWK60_K09845,2021.6551990442524,-0.008950833350957645,0.12023825390685157,0.9278384194253422,0.9546501865916005
GWK60_K09867,1584.7313396218178,-0.12841098861950012,0.12745477759280152,0.30118731365168694,0.42383803090327066
GWK60_K09889,104.00134283052222,0.5889490797378054,0.34452730305399293,0.0352215187935784,0.07387382201885728
GWK60_K09911,296.0402188469577,0.251797446671872,0.21314766671605653,0.19617793242630804,0.30338340255809637
GWK60_K09933,215.5085513552492,0.5221558008634843,0.24877129300492673,0.018328785020700303,0.0413085090607982
GWK60_K09955,3987.8003293351985,-0.29872986895396075,0.11983372483336974,0.010275747601316191,0.025095160653841403
GWK60_K09977,382.2383926479617,0.4558854551083576,0.1973221198271264,0.012870003370296508,0.030495934078872935
GWK60_K09999,634.1183202519093,0.13437561746460852,0.160819751716553,0.38193596056708923,0.5091833875917229
GWK60_K10021,2918.106059735478,0.046345550979110715,0.11189614563451403,0.6809121165164115,0.7776359488799505
GWK60_K10043,2669.71207004691,-0.7033124712689142,0.1160067052681552,5.391819380446457e-10,3.764964980396742e-9
GWK60_K10065,1885.481233056668,-0.669062598528566,0.12453798572494681,3.301503317653018e-8,1.9504836454179288e-7
GWK60_K10087,397.0552879505304,-1.2710818909529842,0.2105005147562201,2.195714597864143e-10,1.607948099661513e-9
GWK60_K10109,2107.9177495720623,-1.026949943739194,0.12282751568970852,1.4544595976874248e-17,1.9410021737666192e-16
GWK60_K10131,1886.484532063313,-0.07623521865266643,0.12229389037545621,0.521139976762378,0.6400733468387254
GWK60_K10153,914.867665629512,0.5952086383084283,0.14796223172480183,2.8221918535808317e-5,1.1675125701123534e-4
GWK60_K10175,963.3102943884502,-0.16561259697867808,0.14233252753778447,0.22085970984013492,0.3326497720823344
GWK60_K10197,941.2188704922421,0.1363613070168632,0.1426664519297951,0.32533821208890423,0.4507584503724528
GWK60_K10219,12.444609600824828,0.3044796299460336,0.5660328837803573,0.22563481253293025,0.33848440636181093
GWK60_K10241,0,NA,NA,NA,NA
GWK60_K10263,4433.259238660759,0.003593458677819891,0.10541414643517606,0.9735595495513361,0.9833988786243756
GWK60_K10285,3376.7407006328385,-0.736146805955208,0.11356927076353308,2.979740040996403e-11,2.402986677232989e-10
GWK60_K10307,581.9811535006517,0.48605237219291153,0.18551089935445458,0.005013527696002019,0.01338807954574841
GWK60_K10329,0,NA,NA,NA,NA
GWK60_K10351,2429.7502721335786,-0.23478452666924202,0.1179913956132403,0.039728446786749166,0.08198279953089761
GWK60_K10373,715.7460724302882,0.5425276798397788,0.15931266825802257,3.6935150475500247e-4,0.0012457025093019903
GWK60_K10395,2503.113787373568,-2.704435680620443,0.1277957079670022,6.532982170318432e-101,6.3611889354693175e-99
GWK60_K10417,3289.8679074132533,-0.6993438145037182,0.11204709379882367,1.5367184722968232e-10,1.1510065138656262e-9
GWK60_K10439,0,NA,NA,NA,NA
GWK60_K10461,990.4441668547203,-0.5159469715957407,0.14455875086059844,2.0248424193334386e-4,7.135805255264893e-4
GWK60_K10483,217.43936376823962,-0.43943380067228743,0.25988903422391535,0.053044961931167485,0.10449996621733931
GWK60_K10505,510.6190128867671,0.22778175610385507,0.17508280153220684,0.16832550995010004,0.2677928990371032
GWK60_K10527,1107.17588561383,0.18944770012988213,0.1378232542873008,0.16105161062774895,0.2582523234768844
GWK60_K10549,15815.175821497687,0.31173925167711325,0.09722635113139567,0.001284759720466233,0.00389577082480476
GWK60_K10571,231.23903583064845,0.07820847899461401,0.24610886456090342,0.721814933883954,0.8088590880972399
GWK60_K10593,1124.4728184924004,-0.4049580807960063,0.1428859372802778,0.0035177646622451854,0.009766518665637538
GWK60_K10615,7188.447797490747,0.47086205466259373,0.11639609173143113,2.6059243186325365e-5,1.0823025329676048e-4
GWK60_K10637,21.09168122416518,0.005326222245341134,0.4393300005802035,0.9863154515714065,0.9923548879377068
GWK60_K10659,438.1522296322964,-0.9590876134618221,0.1935445420396802,1.8045079288207766e-7,9.862892608876969e-7
GWK60_K10681,19888.186149290177,0.2967964164974607,0.09710864587300075,0.0018566706415670212,0.0054691172175682905
GWK60_K10703,1753.7391048635209,0.08628151301089775,0.12456934742413588,0.47763426922579855,0.6034120585269699
GWK60_K10725,1847.896457588752,-0.18513782081699917,0.1222842277475074,0.11937533577125549,0.20182492459333162
GWK60_K10747,394.59967762878836,0.19873793287282104,0.18862436295436696,0.2562773786789051,0.37399568612092227
GWK60_K10769,1464.3762565455768,0.038590800277134005,0.1274626528340612,0.7295171242015703,0.8154338943562621
GWK60_K10791,714.9492276632855,0.4570393637890732,0.16092516139303964,0.002946612108912071,0.008329723907881543
GWK60_K10813,1730.6648277790505,-0.10060523358504506,0.12363387190909589,0.3737137085337266,0.49961522488439725
GWK60_K10835,2563.5991342289008,0.14052289973962515,0.1149406849869403,0.20887028346730882,0.3181459879696147
GWK60_K10857,493.26219457424827,-0.10905881061476902,0.17337699976763532,0.5013929558278079,0.6235393003175529
GWK60_K10879,7605.1214628934995,-0.3330710842165196,0.10145567899399131,7.965425776299025e-4,0.002510923784878913
GWK60_K10901,912.0564760478223,-0.06820630985447079,0.14732221818838806,0.6289868355637738,0.7341204842162757
GWK60_K10923,542.0966163085351,0.1117147545687346,0.1683783493144001,0.48434290041558103,0.6089610163522537
GWK60_K10945,0,NA,NA,NA,NA
GWK60_K10967,963.0177399337606,0.04402591985383312,0.14126623497501423,0.7472862941729179,0.8286021372334884
GWK60_K10989,1202.0092116600267,-0.0903783508875844,0.13371992144863704,0.47711133860405375,0.6030412063413737
GWK60_K11011,3072.275043337211,0.16220709034032285,0.11084065630333753,0.13704378675573656,0.22631163026434134
GWK60_K11033,999.1416426829585,0.04342730980326171,0.14104061619235567,0.7534876475099161,0.8328438197618538
GWK60_K11055,374.3792120466675,-0.23440696494027147,0.195516089704709,0.19645080196318285,0.30362678328113324
GWK60_K11077,610.6143404324362,-0.5509116346845484,0.17411214292341776,7.944838094382145e-4,0.0025059363347487294
GWK60_K11099,291.20312958283415,0.2877661122225031,0.21925340169601143,0.14972509187091287,0.2429977133442625
GWK60_K11121,421.5972207523165,0.02413248174429539,0.18533136196791566,0.8923578918811926,0.9315103822734387
GWK60_K11143,665.2759838829619,-0.0867640697822245,0.15981404400730456,0.5680003707194878,0.6824830779805912
GWK60_K11165,1226.9812987822713,-0.014945260565054063,0.13433848289963327,0.8985968653533591,0.9354231475010814
GWK60_K11187,2058.197342244006,0.05594747297769235,0.11875360641656228,0.6345245979330459,0.7379117899802219
GWK60_K11209,11871.477325448948,-0.031775737622698336,0.10223476763723474,0.7224626292432859,0.8092689613466546
GWK60_K11231,4668.872262184577,-0.10657608508073674,0.10501284818314134,0.29790585952557713,0.42050711661355294
GWK60_K11253,7111.935468476066,-0.2915704643862522,0.1023807961722049,0.003767443493684027,0.010333446995195937
GWK60_K11275,1554.4128508182898,0.19294292697467025,0.12654889556867605,0.11642469331507051,0.19797410028987406
GWK60_K11297,1216.0062146601729,-0.0453819730188473,0.13315481461816134,0.7161535902429754,0.8051177202261203
GWK60_K11319,809.8732781808234,-0.1640514280159356,0.14986304170389686,0.24120223659842727,0.35785591423096236
GWK60_K11341,9196.265734207462,-0.21483383806911216,0.09940148172090797,0.0272229893537019,0.05868736286255211
GWK60_K11363,949.5767832659222,-0.4330337368331965,0.14645400720150661,0.002044023906349861,0.005960886133991996
GWK60_K11385,3072.0066512275052,-1.275485872889097,0.11396518134310446,7.197377720840541e-30,1.864227194885693e-28
GWK60_K11407,10.265723233431407,0.06164027044646634,0.48635452976059734,0.7778349741347386,0.8508126261702632
GWK60_K11429,1534.8034718844265,0.1633108591474709,0.12902684676097292,0.1864676544144209,0.2905888935717324
GWK60_K11451,491.86525480507913,0.4284795414017421,0.17944262449406395,0.011119753127200822,0.0269475499427195
GWK60_K11473,0,NA,NA,NA,NA
GWK60_K11495,14200.961715050496,0.3134880742569855,0.09779155037824101,0.0012812065034608772,0.003887238196882454
GWK60_K11517,37507.58022625036,0.23284142023353863,0.09443147719329134,0.01483769936772724,0.03444442528720081
GWK60_K11539,1952.8264187675704,-0.03383230874801376,0.1204133541906554,0.7759936029925074,0.849682291656519
GWK60_K11561,1805.8242755953102,-0.1529726750338787,0.12478810703279733,0.2052818521440229,0.3136797380334997
GWK60_K11583,2105.4879492006894,-0.30349706808519056,0.12356620742702609,0.01112137378769519,0.0269475499427195
GWK60_K11605,1769.5584792249024,-0.4495886354353102,0.1338641526865182,5.147130019817504e-4,0.001690419090830758
GWK60_K11627,30526.594742269033,0.4534664046558988,0.09631973203718057,1.7283974449203147e-6,8.284333423328181e-6
GWK60_K11649,8704.177038878315,-0.40452424635520556,0.2747525774349974,0.08602979603881715,0.15491255738770568
GWK60_K11671,1422.5911311208756,0.011688151764422113,0.1286372807489808,0.925044379854529,0.9529552016604846
GWK60_K11693,0,NA,NA,NA,NA
GWK60_K11715,155.80622279007022,-1.1599947685773309,0.306377168181672,2.425194782500776e-5,1.0136465951024705e-4
GWK60_K11737,2287.9850549959724,-0.5054391998018806,0.11921227402451434,1.2550611265916896e-5,5.440322674047077e-5
GWK60_K11759,1636.4336015487352,-0.1726924858145177,0.13307368536085432,0.1629562784692654,0.2604328608484491
GWK60_K11781,16451.94525079044,0.23332569445660506,0.09793871402484788,0.017248822260333987,0.039092373898636255
GWK60_K11803,3122.060225199362,0.7654979813428024,0.11374905350905372,6.316336934702622e-12,5.5260065894619605e-11
GWK60_K11825,1002.2886878506629,0.3872208108433962,0.14446483321302608,0.005561358962245744,0.014716469765217977
GWK60_K11847,14.82275276754251,-0.026198759440320744,0.46352483280469287,0.9094024679873296,0.9416380812676998
GWK60_K11869,14794.007273831645,-4.449805250031337,0.10267218697547957,0,0
GWK60_K11891,430.775690327251,-0.018488796716662828,0.180996451977299,0.9328418852979136,0.9577978193509918
GWK60_K11913,1224.5439883925767,-0.07617725213126289,0.1369744654682026,0.5671395522436655,0.6817603488105152
GWK60_K11935,1088.7084355477484,-0.5447618857751118,0.14129762827080544,6.189843940370538e-5,2.4342707134232078e-4
GWK60_K11957,1590.1356313563779,-0.23528090234913154,0.13096430799218317,0.06470222959248635,0.12312860050571597
GWK60_K11979,935.3639721156949,-0.7304346104224785,0.14858450421748975,3.2597087949922953e-7,1.7156705549619108e-6
GWK60_K12001,1763.8712246442992,0.42347986359991735,0.13426396266358176,0.0010858252055554061,0.0033465820227493114
GWK60_K12023,805.9898194473213,1.1693858299256514,0.15681669908490112,1.6370099137347782e-14,1.7214796252834928e-13
GWK60_K12045,6748.992265790061,-0.39994689137524647,0.10449640838451206,7.782521172494629e-5,2.993452547547678e-4
GWK60_K12067,306.23874345314795,0.0129133102135184,0.2152285589656355,0.9490148261373519,0.9664768459868673
GWK60_K12089,1200.3305333994376,-0.2840649995111267,0.14529679923180355,0.04072565844680875,0.08359457413956929
GWK60_K12111,1812.9113167247892,0.11333759977926466,0.1236262038208266,0.3647439005126575,0.49124575535234455
GWK60_K12133,2086.581367279567,-0.3090484576579973,0.12405949363498472,0.01018763980599707,0.02491470237206167
GWK60_K12155,977.3852986897468,-0.33690357667720955,0.14303079144708883,0.014228300309235983,0.03324995690042791
GWK60_K12177,901.104348514413,0.28531185436911166,0.14553750795252973,0.041449653095612146,0.08483545191776125
GWK60_K12199,666.4363295632115,-0.11182428920656827,0.1581049733840559,0.45221351845092983,0.5786660209333144
GWK60_K12221,1046.5026741817326,-1.264680240454017,0.14621552527190734,6.885767343377437e-19,9.892176145212722e-18
GWK60_K12243,546.884879335801,0.24037775490711527,0.17315610815274513,0.15359896153280495,0.24831772361115928
GWK60_K12265,250.9721372485884,0.3438129426966603,0.22873858379995246,0.0951674372104829,0.1680854500680951
GWK60_K12287,89.38376105179458,-0.26732232182685517,0.33105450480683035,0.3105998718660078,0.43424038163662004
GWK60_K12309,1998.617816283374,-0.25096841534674136,0.11989220364989112,0.031037442271738644,0.0660440596781877
GWK60_K12331,1587.8228400903677,-0.31005471246634375,0.1261224239453979,0.01089982317814748,0.026459496893213044
GWK60_K12353,718.6362969308323,0.3993709719319974,0.15865778138440093,0.00866113910932457,0.021634332274027834
GWK60_K12375,1803.6993159541844,0.6398741269998361,0.12475812761017462,1.2397108084922432e-7,6.890485656503398e-7
GWK60_K12397,3582.5318608802622,-0.1820407029888559,0.11242682938858349,0.09541791345667962,0.16835818421316154
GWK60_K12419,3883.9082852999613,-0.015333026606572044,0.10716035056436554,0.8907468987307807,0.930567691938495
GWK60_K12441,41530.112144276856,-0.10417392462062199,0.09414296765369189,0.2571286603655005,0.3750298186412765
GWK60_K12463,21.75344294611429,0.09758191366349604,0.44412110484200673,0.7080321112337864,0.7988002964818193
GWK60_K12485,1681.6191697558502,-0.10732096986616846,0.1236791689106813,0.36951710346549377,0.4957695662213744
GWK60_K12507,741.6927403264434,-1.295862303619583,0.16304662208478288,4.51660642535047e-16,5.30096352332428e-15
GWK60_K12529,1052.6386893601184,-1.1307866359298793,0.14460456571164226,1.1435151995443894e-15,1.2902581371683262e-14
GWK60_K12551,1981.686530916219,2.0718539554262287,0.1260477048579134,8.991669205147425e-62,5.083677062437114e-60
GWK60_K12573,55608.72197399217,0.264714091334045,0.09588736436271526,0.009165774360160577,0.022707757360350668
GWK60_K12595,9734.16614058265,0.11104359844262639,0.09995743332361587,0.253654932411733,0.3715560780557244
GWK60_K12617,307.643625656263,0.5084376615840001,0.21951707800258122,0.01116855757638202,0.027036959363083174
GWK60_K12639,1051.7583817629393,0.1294412706981209,0.13822283358219814,0.33982904055729685,0.46616777856777114
GWK60_K12661,1860.7044731532037,0.05640523005750178,0.12257572236183926,0.6374205866979586,0.7395901052024337
GWK60_K12683,1864.5580385757446,0.17248584178966564,0.12244289144715273,0.1458935610127091,0.23793683120497033
GWK60_K12705,677.3920879917683,-1.3120307529350825,0.17206243637876373,3.388306376827175e-15,3.711607276949435e-14
GWK60_K12727,2019.6858017472525,0.01893248567861802,0.12230643020644863,0.8747498624679617,0.9176845125412096
GWK60_K12749,1147.993946997325,0.351014120877104,0.13723015407865205,0.008730328346217116,0.02177612260171233
GWK60_K12771,2.0425839131207817,-0.013884170518919992,0.5303647444100471,0.8918499747304743,0.9311650451018336
GWK60_L00011,4.307068873326401,-0.14871615272504113,0.5461516203392612,0.29865906185598423,0.42134406955695336
GWK60_L00033,1406.1686211311917,-0.5462010963137706,0.13168778861935138,1.803547325276112e-5,7.678584482835463e-5
GWK60_L00055,93.98886498851718,-0.19374683993085418,0.3163410400006034,0.4498160917152304,0.5761590767938323
GWK60_L00077,451.34822973119833,-0.08366346924114486,0.17959420740925558,0.626528983294308,0.731901664999216
GWK60_L00099,391.7589590728813,-1.7410598212717825,0.20738864176878546,4.698323069876877e-18,6.399943705029177e-17
GWK60_L00121,341.01326152705684,0.45246371512650496,0.20534714266305074,0.017171733704486113,0.03897065663941062
GWK60_L00143,1139.7818189826164,-0.5691755738389092,0.14466243006615853,4.172892883833267e-5,1.6916785492054984e-4
GWK60_L00165,1409.3809561347296,0.19725609735861407,0.13099767777307236,0.12035161012608174,0.2030185325771376
GWK60_L00187,227.3693414010047,-0.43755729167624857,0.241594238218038,0.04255154498809321,0.08685404640814988
GWK60_L00209,8.222952751574168,-0.05581042446048189,0.49671786369640414,0.7735419800321032,0.8482945617107706
GWK60_L00231,67033.05645898885,-4.113793105475932,0.10068703290539693,0,0
GWK60_L00253,1272.6646584899559,0.36149807072643536,0.13479245359569683,0.006091891155396227,0.01592006147866469
GWK60_L00275,1544.2779728925211,-0.6769537421626134,0.14307603935158753,9.609088769377754e-7,4.7352004451160476e-6
GWK60_L00297,6818.200938072431,-2.7517880278387548,0.10761616225549313,1.690632685467287e-145,3.065291951788619e-143
GWK60_L00319,1068.7311605595519,-1.3131925218200107,0.14496058150242588,1.9321748178994067e-20,3.0417290995554133e-19
GWK60_L00341,514.8997791163866,-0.7068582525614182,0.18289458659410093,4.579668086218894e-5,1.8367578030006824e-4
GWK60_L00363,35.16580386235506,0.11887409998921533,0.412010034788023,0.6614576025067517,0.7610380905865427
GWK60_L00385,667.4657733995065,0.42258292971919137,0.16134555775131587,0.005933332019537239,0.015622163124049477
GWK60_L00407,13990.41267306816,0.32086595278768404,0.0976410136549269,8.983258791951326e-4,0.002814897182841482
GWK60_L00429,1037.6777780762613,0.1476029237076996,0.1388505314075911,0.27603171212983746,0.39644215853009707
GWK60_L00451,557.3849558632601,-0.37660201054748527,0.17763137510870566,0.023941675418146832,0.05232141701937491
GWK60_L00473,875.9994446506811,0.7785617200083844,0.1529571853752481,1.1582181372919012e-7,6.485528185176589e-7
GWK60_L00495,343.84620428611044,1.146794838539502,0.2145628117537121,1.5548014624860704e-8,9.472938690326487e-8
GWK60_L00517,5323.99372029473,0.10023869160655009,0.10673247745719838,0.3313354772099463,0.45720259397515234
GWK60_L00539,41.41329301562055,4.734540675245934,0.8292278563741872,1.8736255257468615e-9,1.2423105944989909e-8
GWK60_L00561,10845.455841014578,2.948893955640236,0.11242799394940722,4.552488067144384e-153,8.865548984090803e-151
GWK60_L00583,1206.2098327226315,0.7879415176790102,0.14566803650998936,2.405854557587334e-8,1.439133477109693e-7
GWK60_L00605,28939.497059501133,0.3533177086989519,0.09566435283393916,2.1811408366373284e-4,7.6354450859115e-4
GWK60_L00627,12504.43911841416,0.42012010624455637,0.10917473980131209,8.112323222472841e-5,3.106671194738689e-4
GWK60_L00649,931.840374502751,-0.18693842057790977,0.1433639059168372,0.1731437341170191,0.2735546135779106
GWK60_L00671,580.442550857709,1.0608459985090615,0.17489153095262924,2.87025755898519e-10,2.0561054829896636e-9
GWK60_L00693,932.389215760551,0.5695562961352202,0.14781272411021779,6.175588242212752e-5,2.4304822587990007e-4
GWK60_L00715,259.72192548251974,-2.141665255064179,0.24985780784130462,8.406882300129932e-19,1.2008944969254999e-17
GWK60_L00737,2518.6857588909797,-0.28851154811848734,0.1224192034905869,0.014995784199133944,0.03475152633361999
GWK60_L00759,1162.761215169181,0.12732214051440852,0.1389196209766193,0.35005734712579795,0.47646946186576383
GWK60_L00781,1894.7322840414602,-0.16881382551298027,0.12454112565412659,0.1625311467221852,0.2598324017832927
GWK60_L00803,387.8634970895026,0.36668763160789003,0.19527055801787482,0.043301690825964814,0.08817981811112431
GWK60_L00825,340.0465415684847,-0.30681118630992454,0.2024399935371152,0.09860565014798812,0.17265018597340046
GWK60_L00847,1546.7787466767459,-0.10539997902062982,0.1281059266647019,0.3993084342287366,0.525416353146821
GWK60_L00869,1941.5149436944407,-0.29347951527470095,0.12507593692950414,0.015300070623042672,0.03529959251248722
GWK60_L00891,3590.1412962029317,0.04101661160991983,0.11117676271435831,0.7171207916071658,0.8053441098399141
GWK60_L00913,2574.5625258081386,-1.5133724756222655,0.11951634104006587,9.8766243817293585e-38,3.24570568744581e-36
GWK60_L00935,6331.195571812138,-0.4838757132237215,0.10358679917198221,2.025792050142674e-6,9.656948866409956e-6
GWK60_L00957,316.295569484052,-0.13725429816635148,0.20504322601738062,0.4676273504864945,0.5934792683702602
GWK60_L00979,2340.743451685304,1.5047138019033606,0.12066164963700941,1.3274112764643183e-36,4.179358378233165e-35
GWK60_L01001,2977.9803981795,0.05832431209536831,0.11209960235844171,0.6005922224503797,0.709904007707922
GWK60_L01023,693.4726367887165,0.28845864532287274,0.15755795502867684,0.0551834783129478,0.10814563137140497
GWK60_L01045,2138.96192458664,-0.037560789775647176,0.11796612407997308,0.7429143308595372,0.8251465043640572
GWK60_L01067,1537.4796254805728,0.7217354400684831,0.12946966876484042,7.877793036074928e-9,4.9606509920577206e-8
GWK60_L01089,707.3737604609137,-2.301038341019956,0.16985491035700176,6.325351006679569e-43,2.410050405298636e-41
GWK60_L01111,2600.119982889677,-0.3645780059403176,0.11604250115082855,0.0012101105568877511,0.0036928388323365035
GWK60_L01133,1844.057807062683,-1.0005014398617167,0.1260855795241145,4.533464400100126e-16,5.3088988453733775e-15
GWK60_L01155,7759.76438095809,0.6937123721245864,0.3100451783575078,0.008533944529486696,0.021367371588590974
GWK60_L01177,1863.632318824434,-0.06157764921198611,0.12651349693736888,0.6275700722077723,0.7326295381146685
GWK60_L01199,2673.2311384169875,-0.34833764180524435,0.11682893768548235,0.002125006373416685,0.006183333431889834
GWK60_L01221,1831.5044074576472,2.472349978468286,0.130371344671862,2.4757808779476657e-81,1.91436115533071e-79
GWK60_L01243,10953.752614370305,1.705568497050805,0.10027998685353541,7.198659508330897e-66,4.560307433108899e-64
GWK60_L01265,0,NA,NA,NA,NA
GWK60_L01287,1606.8838616047199,0.05272718628808704,0.12463758307000376,0.6635429826471186,0.7632704009535222
GWK60_L01309,3247.0221553708284,-0.20026400350912546,0.11764815638427867,0.07662756176345847,0.14072920703886296
GWK60_L01331,413.59394446613817,-0.42372374024757087,0.19031920988922368,0.016897586406248773,0.038445482182629186
GWK60_L01353,0,NA,NA,NA,NA
GWK60_L01375,3683.899914523205,-0.1995332668867796,0.11616552210178803,0.07759607330938398,0.14220988269806237
GWK60_L01397,2100.6683732138704,0.05160532566284349,0.12198166657048383,0.66493270529875,0.7645344772492517
GWK60_L01419,1918.9370180966941,1.141345796060716,0.1253769108998033,1.8096504734486804e-20,2.866006683552157e-19
GWK60_L01441,1698.54488545087,-0.12166575655252622,0.12379987290476369,0.29242705671402025,0.4138846471607856
GWK60_L01463,1258.9082769860697,-1.1334732820461224,0.1373584913893722,3.0514871793796593e-17,3.9325293110731e-16
GWK60_L01485,638.6718986463114,-0.8921239720585321,0.16849674865546665,3.1842582465355966e-8,1.8854538130950637e-7
GWK60_L01507,1364.9802075450114,0.005227595436679554,0.12939810611020156,0.9645088246923458,0.9765814365939447
GWK60_L01529,0,NA,NA,NA,NA
GWK60_L01551,0,NA,NA,NA,NA
GWK60_L01573,834.0798990101487,-0.32847707331870757,0.1493428475888506,0.02159487823154295,0.047768561102840904
GWK60_L01595,1262.0452750933143,0.35534357488395146,0.13441406613296186,0.006156270978732592,0.016040472153704643
GWK60_L01617,776.0344965151221,1.3130547006953794,0.16689196473667078,5.028509511407594e-16,5.8495360643763565e-15
GWK60_L01639,2444.3981817599924,0.7177022468166755,0.13114916912036928,1.6849630258927685e-8,1.0230410612175724e-7
GWK60_L01661,307.7466969519815,-0.034140129487608674,0.2042662042428411,0.8552038033937741,0.9047608849586446
GWK60_L01683,706.8582050507424,0.10702128086305113,0.1545909909592058,0.4687239245776969,0.5944405198817004
GWK60_L01705,414.8338362590206,0.5419736408918185,0.19362262451920936,0.0026509028866075553,0.0075670181204031085
GWK60_L01727,3.8430298966126912,-0.031306701000835255,0.5183708085997499,0.8232555067999232,0.8807075187698873
GWK60_L01749,628.0509928637309,-0.19788090893029298,0.16271620274870852,0.20074344679936673,0.3079979700236563
GWK60_L01771,1200.666969086339,0.056480654708599164,0.1332304204960439,0.6699190430263153,0.7687802261261225
GWK60_L01793,856.3446863813699,-0.2645807290582097,0.1485270930749419,0.0668904309450216,0.12637796834672066
GWK60_L01815,142.28570974797518,-0.6145063158930385,0.3048842861571512,0.017420646071365415,0.03941383693771056
GWK60_L01837,1073.8315827962294,-1.7329256400506072,0.1465552749072346,3.0549145257499187e-33,8.498804537774112e-32
GWK60_L01859,0.24207775540632925,0.017558991268987734,0.5387378817114317,0.7975558976717994,0.8634031109652709
GWK60_L01881,2856.6628900512233,-0.4488571743035831,0.11411791918032496,5.2717920617121324e-5,2.0983408524210742e-4
GWK60_L01903,654.3703531159929,-0.2548888215126505,0.16047301029388736,0.0946152690033615,0.16727877754528403
GWK60_L01925,35.59926202282739,0.1102716866693523,0.4095618858363167,0.6841935494823062,0.7803665256351335
GWK60_L01947,2734.4350063822503,-0.39998495890011754,0.12699851503509052,0.0011263385137945106,0.003463326260544758
GWK60_L01969,1547.5791324017518,-0.47529753008243625,0.12865565037727514,1.2894932346977942e-4,4.761345103961378e-4
GWK60_L01991,4324.7017534750985,-0.11386164982555352,0.10887074095545593,0.28332272081782506,0.40415378894740206
GWK60_L02013,1424.040258883003,0.1672787534256585,0.12842155054996868,0.17334709449917043,0.2737114182812727
GWK60_L02035,308.2898121237216,-0.07817873982279488,0.204281085552304,0.6777101095895319,0.7752094212521697
GWK60_L02057,2262.3482706681853,0.22966686329856786,0.12131093226330068,0.05166012484426529,0.10223144013215917
GWK60_L02079,872.0198408704339,-0.27085671590705335,0.15509618722874577,0.06712862875551616,0.12669143215954917
GWK60_L02101,402.0812482619447,-0.21862391313167562,0.18872300446696225,0.21122191355143205,0.3210768492204191
GWK60_L02123,592.4350405795069,0.10838502953768343,0.1642778578471423,0.4960494511014383,0.6196787868594351
GWK60_L02145,1290.1255158621798,1.1285800411829743,0.14088595871325926,1.728207198168376e-16,2.1132356855742607e-15
GWK60_L02167,157.99260373075379,0.6652280462080196,0.29046603620834277,0.008128714028834324,0.020450133188330562
GWK60_L02189,3409.2861528682747,0.733216588006007,0.11210957883335529,2.1918107869279255e-11,1.8035275614502398e-10
GWK60_L02211,398.44736519162905,-0.6927048787061547,0.1981502071274531,2.015126622941932e-4,7.115873595318118e-4
GWK60_L02233,4355.531556742479,-0.28503739129312783,0.11385831386774017,0.0101707693343916,0.024885018687869256
GWK60_L02255,1227.1852090560037,0.03159856806928161,0.1408654012398023,0.8175020639125976,0.8781258124724082
GWK60_L02277,328457.92174373823,-0.27466687619393604,0.09324977269466485,0.0027362720862173307,0.007798004677144024
GWK60_L02299,277.74277122630747,-0.1644594351251154,0.22052336808672726,0.4111495542498484,0.5368324698896705
GWK60_L02321,3473.4561252011167,-1.6989976637221298,0.11237986979663282,9.957206152641248e-53,4.5526078217902334e-51
GWK60_L02343,1262.4340116489725,-0.7745167974106288,0.14042881086284034,1.1782171067260981e-8,7.271203693856601e-8
GWK60_L02365,5216.147111365817,-0.7534468970193094,0.10594502604968879,4.320844475277781e-13,4.10090257238458e-12
GWK60_L02387,2.1897417485985953,-0.031266494537669214,0.5288323445426631,0.7539013217758084,0.8331259247366961
GWK60_L02409,0,NA,NA,NA,NA
GWK60_L02431,529.6889577711777,-0.013866004925102402,0.1696018220224967,0.9463155597269318,0.9650363097448037
GWK60_L02453,1252.9710499153239,-0.06321106436949109,0.132207881588602,0.614871706545342,0.7221343383996891
GWK60_L02475,166.5391714610797,0.44558403098495675,0.27254113158333254,0.05985172552006237,0.11527486182581977
GWK60_L02497,153.9196695332328,0.696341620795052,0.29508029700644245,0.006323781771224344,0.01642519551916373
GWK60_L02519,1439.0105870535544,-0.05043158690704333,0.1301919130187027,0.6638457104662285,0.7634516066560433
GWK60_L02541,879.3017225620703,0.17616518370883125,0.14602309503560706,0.20826305740409384,0.3173129979225516
GWK60_L02563,336.29439112751476,0.37211624532022725,0.2070741736325675,0.05061833225237073,0.10066232639295207
GWK60_L02585,2889.3692786590846,-0.07457577900958917,0.11507886842435865,0.5050726612965646,0.6266333301315093
GWK60_L02607,1836.726155293127,-0.35565007536748167,0.13551152478209058,0.006404853802061418,0.016589517877457605
GWK60_L02629,622.4834700532821,0.4654093418798915,0.16754004282904017,0.003376809162562698,0.00941424314780205
GWK60_L02651,2206.974661996197,1.2446043026062406,0.12478525549602136,3.142435524117159e-24,6.235066409738876e-23
GWK60_L02673,5811.994527416761,0.8842432140937264,0.10542043497618832,1.489411943767719e-17,1.982614683628017e-16
GWK60_L02695,1068.9562626535378,0.0030859136021963015,0.14707107839348926,0.9957256396516698,0.9983083719456818
GWK60_L02717,5329.234185836213,-0.4238863275945629,0.1081016003779877,5.877821226686664e-5,2.3184984253502234e-4
GWK60_L02739,749.4242738708992,-0.07715565028367544,0.15176045339873026,0.5950166377143622,0.7051155017133461
GWK60_L02761,253.03487809328612,-0.06807113713382452,0.21997778623936312,0.7329393379899153,0.8182155072507377
GWK60_L02783,1264.9830603355235,0.20477370941624068,0.13230825889968476,0.11575783439400189,0.1970393956761612
GWK60_L02805,0,NA,NA,NA,NA
GWK60_L02827,0,NA,NA,NA,NA
GWK60_L02849,3639.653676023022,-0.36839433693451057,0.11113831972745047,6.815568582761507e-4,0.002183806191843998
GWK60_L02871,0,NA,NA,NA,NA
GWK60_L02893,30.55339532972123,0.2630451333179623,0.45259088882093584,0.35460417678734263,0.4804196757402338
GWK60_L02915,1902.634685472924,0.9287926184580844,0.12428356085989488,2.0486396909200063e-14,2.1457664332385248e-13
GWK60_L02937,539.4453012193752,0.16662550696728773,0.16907260194966736,0.3048410695323476,0.42788423481075377
GWK60_L02959,3674.942549883696,0.8942009096388647,0.11188377830458107,3.795743828714979e-16,4.495049786347603e-15
GWK60_L02981,500.17240606666655,-0.2565955901508085,0.1796192474318174,0.1286896990132485,0.2143333663008111
GWK60_L03003,0,NA,NA,NA,NA
GWK60_L03025,1294.6316945512926,0.12300875363711794,0.13122131482294505,0.34606825885827425,0.4728760148328498
GWK60_L03047,13179.901809957857,-0.07047212005193995,0.09749929252724356,0.4846438994304919,0.6091650634270253
GWK60_L03069,1177.0402975440916,0.8957895356110585,0.150501900840687,7.146031280919333e-10,4.924486562919246e-9
GWK60_L03091,1816.4333377725848,0.6631665744551415,0.12500168792594515,4.563572286849727e-8,2.654343261532728e-7
GWK60_L03113,999.0448937957653,0.19607601966340787,0.1406502113060269,0.15351203881694475,0.2482824669638559
GWK60_L03135,2590.1193856692507,-0.2511396372077226,0.11452734219411655,0.02453935919725892,0.05347200607508802
GWK60_L03157,37.48613054483842,-0.7055651910509915,0.5705763199173474,0.047872312309408444,0.09618365232054626
GWK60_L03179,4888.119022751844,-0.05091087747963914,0.1043571613714839,0.6171412651106345,0.7239002601989906
GWK60_L03201,866.4697295621074,0.835911267960307,0.16896043016391946,2.1045025932066634e-7,1.1407705809361482e-6
GWK60_L03223,1499.891458814131,0.05520244488469894,0.12795687606949246,0.6593070450108316,0.7590620632071277
GWK60_L03245,286.6035546059916,0.03877423807116677,0.20914916536903763,0.8418726652096885,0.8940752320081887
GWK60_L03267,1125.1321019071718,0.0379940645571446,0.13685567986879663,0.7766510679829142,0.8500481505941222
GWK60_L03289,1068.1583658932457,-0.6054614259203122,0.1431197376229041,1.1039426453088802e-5,4.801100437579894e-5
GWK60_L03311,20.92541736903179,-0.4685483300990446,0.6028649462932621,0.12791287302522103,0.21330982758217956
GWK60_L03333,2625.528580575216,1.1002822766396465,0.12175980626949454,3.0882063800342034e-20,4.775820337123483e-19
GWK60_L03355,1666.6654975066583,0.819158310475445,0.13193705457575697,1.7120601090679763e-10,1.273269031609536e-9
GWK60_L03377,824.4085212303739,-0.6611875587285505,0.15332197892457183,6.810055050201195e-6,3.052623141854892e-5
GWK60_L03399,5730.472156843585,-0.6734806420482906,0.10506397972448188,6.42582257123569e-11,4.954101917823645e-10
GWK60_L03421,486.64100732453744,-0.27125599651533827,0.18020188339260973,0.10863094505912776,0.1870273441784197
GWK60_L03443,9978.979609409509,-0.04449379907741429,0.098552946869499,0.6291848163335856,0.7341885850603623
GWK60_L03465,4198.992510501757,0.10490562013220364,0.10629844447570873,0.3084125884695217,0.43202754232578533
GWK60_L03487,8192.815510743247,-0.01030299643791701,0.10221008924004835,0.8935102182028173,0.9316704325118389
GWK60_L03509,1459.2314197434298,-1.6512221692141988,0.13504029120678704,1.634575978445207e-35,4.85570649416096e-34
GWK60_L03531,35262.62596712,-5.610379499115003,0.10380175147461058,0,0
GWK60_L03553,8522.216761399137,-0.23736779762269455,0.1240139715084563,0.04826297063758404,0.09682056452209725
GWK60_L03575,517.9402352043842,-0.10314293773812751,0.17052725081901052,0.5200120763246748,0.6391359273761432
GWK60_L03597,1168.8911049436474,-0.34784321506959354,0.13612583685741725,0.008307879782197939,0.020850993744533062
GWK60_L03619,1558.6651447803238,0.28253582943807254,0.12794369112881437,0.02282674544907447,0.05017241615499402
GWK60_L03641,6984.599210463373,0.08677683491614238,0.1166092575477627,0.4653851945879418,0.5917763852825629
GWK60_L03663,4283.020282663719,-0.3044843451459518,0.10678879784374141,0.0036227362659009654,0.009995429053733096
GWK60_L03685,12045.718199693316,-0.4519028814714378,0.10853417050262686,2.270150225670975e-5,9.53390566020606e-5
GWK60_L03707,224.574440388509,0.6485337161330778,0.25040631819517156,0.0038175953692151632,0.010443765063128684
GWK60_L03729,670.6971199291307,0.4852700039981126,0.17406193844097337,0.003093733239809285,0.008717496985486184
GWK60_L03751,47.11350729512128,0.9297747620185612,0.5781382840829926,0.015497213166051382,0.03570742630460043
GWK60_L03773,4558.325617893621,-1.4617972272326338,0.10921737228002042,8.906002421180315e-42,3.2746685825570696e-40
GWK60_L03795,7694.459809414497,-0.48467832308822917,0.10172685169050806,1.249452598087692e-6,6.094268794754253e-6
GWK60_L03817,2028.643872974447,-0.6366977029896985,0.127568488424085,2.7932033986064027e-7,1.4880104832697535e-6
GWK60_L03839,269.3615046753722,-0.02484411647235672,0.21779847348933354,0.8991603744314646,0.935469007351071
GWK60_L03861,315.73199675300646,0.32312921899140357,0.21189217099477928,0.09628222543995622,0.16926856505660404
GWK60_L03883,0,NA,NA,NA,NA
GWK60_L03905,979.5955709507293,-0.4959675281457309,0.14953747096416203,5.281830308973474e-4,0.0017303341909397213
GWK60_L03927,421.39087201771935,-0.3384978472099223,0.1875895703771469,0.05321451568733847,0.10475549362936191
GWK60_L03949,1623.3873286089824,0.2323908625059345,0.12779069574528637,0.06196777562688681,0.11882806865287047
GWK60_L03971,183.51126042818254,-1.691691575910635,0.29282611880286946,7.176368617841453e-10,4.938919658718634e-9
GWK60_L03993,1854.382721030342,0.004679471689176179,0.12071840441802925,0.9750279565760915,0.9845373431059955
GWK60_L04015,1101.9594026937175,1.5784347209087461,0.14760408995351817,1.174683407955863e-27,2.807493345014512e-26
GWK60_L04037,5220.81189026666,-0.37097848721533117,0.1052180427197401,2.980471698004493e-4,0.0010189414946753983
GWK60_L04059,64.2981654835427,-4.138382934660491,0.6121505741275504,8.593082417622924e-13,8.011068679408038e-12
GWK60_L04081,975.996528299021,0.18881323861873917,0.14194552676769687,0.16942327222726267,0.26905091071306164
GWK60_L04103,21103.850551765438,0.048368496843400964,0.10397126988685147,0.6203934632856332,0.7266716039108618
GWK60_L04125,645.5090926852605,-0.5514137560862283,0.16475254470458756,4.26029369797703e-4,0.0014258831485654503
GWK60_L04147,2241.5984578187517,0.46123984831638154,0.13468919800453122,3.8375841032757774e-4,0.0012918064798350857
GWK60_L04169,878.0620649292537,0.12508461944008029,0.14523087170171162,0.37194460777166527,0.49813671616490474
GWK60_L04191,1799.8350714852734,0.5212013956580773,0.12448014777185427,1.4165917611871049e-5,6.0903021098297605e-5
GWK60_L04213,2579.855361017053,-0.06135514842591427,0.11476785647110015,0.5775432105273877,0.6906350240966578
GWK60_L04235,3751.5097495092605,0.7130265314323471,0.11077151003356595,3.521173170646872e-11,2.8052012926153414e-10
GWK60_L04257,1278.9483225092288,0.1505620225093609,0.13961793192579205,0.2642463439871876,0.3830734151322394
GWK60_L04279,4055.6301605433327,-0.03312605261628063,0.10740462734276543,0.7397029868253804,0.822970441118885
GWK60_L04301,5569.879755989386,2.4187980914248994,0.11466085638618197,3.566865523544006e-100,3.4099234405080696e-98
GWK60_L04323,157.6511120826922,1.1035631993140083,0.30412150758595935,4.937077414366764e-5,1.9695867257010958e-4
GWK60_L04345,935.7854710243868,0.04148292422728288,0.14252695014863373,0.7691564178388677,0.8450113758873311
GWK60_L04367,1333.7700249337327,-0.42031971472977786,0.13666931163612425,0.0014087369547662798,0.004244126374205121
GWK60_L04389,3084.7416981046836,0.12692753558533099,0.11248026282884808,0.2554555310755124,0.37319158975159694
GWK60_L04411,187.96556152865352,-0.18519279303150074,0.24771218032073736,0.3978285273480391,0.523862358326068
GWK60_L04433,3349.5740574856795,0.40523400462678,0.11053522989532442,1.4843239624763913e-4,5.39735504474472e-4
GWK60_L04455,1320.8475313341396,-0.4526740120857405,0.13408803045092868,4.7166033064575946e-4,0.001563675925936572
GWK60_L04477,3069.5234368307315,0.298236499797381,0.11240304127648125,0.005957586514330819,0.015662494946175724
GWK60_L04499,6241.463067008412,1.1975419683631174,0.11045390845903576,3.5863404910761684e-28,8.730082547258561e-27
GWK60_L04521,2081.5185700932257,-0.1969490593062593,0.11986561693958628,0.09011889986146623,0.16095284492920836
GWK60_L04543,857.9101859863996,0.1563419159931685,0.14885129795603497,0.2772608686335905,0.39772605128530586
GWK60_L04565,5119.748684660308,0.17257295223094596,0.10655240420647986,0.09905896968427287,0.17321319008975947
GWK60_L04587,104.82296478649356,0.23260294242375906,0.3081498592619506,0.36106457645070966,0.48778970785658565
GWK60_L04609,4371.403266977182,0.09526142709503017,0.11167277093478713,0.3871471097720615,0.5141400527564128
GWK60_L04631,5690.017399183063,-0.7560313585401975,0.11075168746682264,2.947008705239599e-12,2.6397566903151298e-11
GWK60_L04653,2740.4527160245652,-0.5027773119670025,0.12611492168592373,3.833942336196814e-5,1.562918263058799e-4
GWK60_L04675,103.2201029948179,-0.015833105671481884,0.29835863512536254,0.9472141496197766,0.9655781308066664
GWK60_L04697,1416.468333601826,-0.4242155641209741,0.13217390727988582,6.996143320939839e-4,0.002234855503128899
GWK60_L04719,97.10882677631055,0.13227471036864555,0.313933800561568,0.6052314683556833,0.7132019409713543
GWK60_L04741,11597.74624570193,-2.5016257688136143,0.1121871189728706,2.369177100323164e-111,2.4914266386998394e-109
GWK60_L04763,5406.48316449125,0.18099536431127947,0.10499173087631739,0.0771843172585904,0.14165275397754568
GWK60_L04785,6064.747877972816,-0.29380292382513223,0.10450004623712296,0.004086660108089728,0.01109899733901642
GWK60_L04807,1158.118098230588,-0.029638933532268777,0.13453815285963042,0.8082365867011917,0.8710202854836782
GWK60_L04829,722.5587146276442,1.7006635336467473,0.17153576869060014,3.519001018669267e-24,6.929927848750189e-23
GWK60_L04851,1069.6597222611183,0.6667135571998518,0.14241965435252202,1.2120197719182407e-6,5.917177308027957e-6
GWK60_L04873,630.4288794755579,0.052236819570136636,0.16409178296293017,0.7423278361503907,0.8246692927273936
GWK60_L04895,5412.492646668474,-0.2831078707094117,0.10407798432031476,0.005047759919498279,0.01346581514800708
GWK60_L04917,1254.2180737935857,0.6492786139822813,0.135831189520871,8.398425613550411e-7,4.169869865538061e-6
GWK60_L04939,487.0695550514711,0.5892181355086554,0.18281869355272085,6.186805675389682e-4,0.0019969443978636557
GWK60_L04961,6491.871080101219,-0.28950646100447985,0.10225864499312276,0.0038558973073705796,0.01051571993887682
GWK60_L04983,7469.724523882018,-0.09230439312460363,0.10086153007557316,0.35039280467911715,0.47680263121190425
GWK60_L05005,0,NA,NA,NA,NA
GWK60_L05027,95.1629621834239,0.02553463182973549,0.3084184304499561,0.9211778902668968,0.9500889264463208
GWK60_L05049,3619.443928695787,-1.8903261210683189,0.11195337938194953,6.253766772076566e-65,3.7795753663883424e-63
GWK60_L05071,303.9509211682871,-0.21056571882248118,0.20720204631085767,0.26919037217341246,0.3884201363577944
GWK60_L05093,1910.43163970564,-0.09732560534277561,0.12364652327759122,0.4164594661085509,0.542418596184979
GWK60_L05115,5772.459701641466,0.9344530959096871,0.10499488669529133,1.6552318942511227e-19,2.431064050271621e-18
GWK60_L05137,930.471214374992,1.2648433059873163,0.16046673703262368,4.802120341387282e-16,5.598569568739319e-15
GWK60_L05159,3200.0676125002365,-0.05008944139524202,0.11906755915354027,0.6517227571413069,0.7523069719097677
GWK60_L05181,4391.2266784046915,-0.15578629654612494,0.10990145504965805,0.14613498718754325,0.2382129558642647
GWK60_L05203,5158.96705642878,0.19105019307158974,0.10815283965460963,0.06970558998837838,0.13061724595826568
GWK60_L05225,14491.30073191812,0.15408211714070436,0.10140933545787766,0.12348136772876764,0.20730045706189662
GWK60_L05247,0,NA,NA,NA,NA
GWK60_L05269,3140.06983413788,0.07260523819493175,0.1118126630701511,0.5090758653123071,0.6299649093462252
GWK60_L05291,7552.229468930343,-0.16575326737110216,0.10258105827067283,0.09976683469170294,0.17410355685661272
GWK60_L05313,594.7920346150274,0.2305583603133583,0.17032105812164158,0.1497439883985279,0.2429977133442625
GWK60_L05335,26.854562243229267,-0.11108950578874736,0.4292002279754026,0.6740457930384578,0.7725864458927557
GWK60_L05357,5831.376977773767,-1.0592028529424806,0.10553606742463055,2.3023717293558593e-24,4.63826457967552e-23
GWK60_L05379,1911.8777458561608,-0.4916899423212833,0.12422864146721228,4.4859226014335345e-5,1.8032860121053155e-4
GWK60_L05401,250.91223240845676,0.1960610043216833,0.2248311276187768,0.3371084044587426,0.46340287337099834
GWK60_L05423,6171.1175711083115,1.074733444957654,0.10739916161344822,2.9097101990313523e-24,5.817207690687015e-23
GWK60_L05445,532.1658832305604,0.4777809048486854,0.17501536648317004,0.003812513278417516,0.010435291420051692
GWK60_L05467,0,NA,NA,NA,NA
GWK60_L05489,1742.7945066614213,0.016725682597351896,0.12464788514592941,0.9143124500353567,0.9448614116127958
GWK60_L05511,0,NA,NA,NA,NA
GWK60_L05533,120.79285047323545,0.17891979932645238,0.2871768727122774,0.46390979302395924,0.590185746847321
GWK60_L05555,946.2420340506881,-0.3245857137907823,0.14602047321459044,0.021324581524781627,0.047190509115026
GWK60_L05577,6015.006121962622,-0.2653448785661116,0.10655334170173995,0.010466862141193384,0.02549085740546309
GWK60_L05599,2144.512689158687,0.10742784603524573,0.11761053568418012,0.3483063081062675,0.47506992685415167
GWK60_L05621,653.3167681700318,2.0826662303684516,0.17347748085845946,3.3054700059411525e-34,9.497355896851683e-33
GWK60_L05643,745.7869695750617,-0.0045195553286191984,0.15228367294261067,0.9722782425500214,0.9825560252408249
GWK60_L05665,0,NA,NA,NA,NA
GWK60_L05687,14.326447809890471,-0.06766831069686366,0.5399040874975274,0.16852853370536144,0.26795522920480785
GWK60_L05709,46.513291793597574,0.23008431247149927,0.4262374473197578,0.40102129523795416,0.5272743111680828
GWK60_L05731,954.2049038991419,0.20309641562169645,0.14338298228349602,0.14725762240189433,0.23971534940840877
GWK60_L05753,920.4734983290483,-0.25144990478288853,0.15373705891441294,0.08769566743516861,0.15731962448792788
GWK60_L05775,4068.7803602014183,-0.2166788343080638,0.10715780039187198,0.03775978686453443,0.0784746874836846
GWK60_L05797,1751.5793017587239,-0.4654440666646776,0.1253197211430569,1.2569602196605282e-4,4.667441267637752e-4
GWK60_L05819,4127.2316483632085,-1.1445791632016966,0.11186560211961644,2.5947287219125776e-25,5.479150048119009e-24
GWK60_L05841,1486.4971318377131,-0.2833903798150038,0.13154372659974137,0.025505967304115217,0.055280451807517644
GWK60_L05863,971.3261181085702,0.2509828226927064,0.1499920324421413,0.08080890684745418,0.14707276988712845
GWK60_L05885,1271.9575506064941,-0.13788625812093774,0.13241898109641628,0.2803600661555052,0.4009065074369449
GWK60_L05907,6458.288639232591,-0.20992528052003442,0.11422774144152036,0.05914421264034238,0.11427084953912521
GWK60_L05929,4547.4253971705175,0.6365795879239343,0.1113718261782855,3.9038903435139564e-9,2.51552149830838e-8
GWK60_L05951,2050.704420771654,0.40848635583632303,0.12278210015291313,6.516502461821247e-4,0.0020943624660303252
GWK60_L05973,617.6066712685802,-1.04328753237633,0.17347151756349682,3.694561202241842e-10,2.6110218819069363e-9
GWK60_L05995,839.024022204276,-0.5109408065094505,0.1516519938515603,4.2770683894025535e-4,0.0014305868696869355
GWK60_L06017,2631.7174845874783,-0.7254362063596196,0.12246735053107839,1.1164480346469745e-9,7.56479866774973e-9
GWK60_L06039,1759.4028913430789,-0.5478273239037653,0.1260002451097377,7.234951779416397e-6,3.2320625706177926e-5
GWK60_L06061,240.5977547177594,0.059813051027229155,0.22341539006617586,0.7700865190432863,0.8458564690055566
GWK60_L06083,1255.3589231596584,-0.15924446799407432,0.13328993844054512,0.19688685197072744,0.30403261899033335
GWK60_L06105,497.43596416452425,-0.19543382242386192,0.1789942138481828,0.24864353047859658,0.3662094350858434
GWK60_L06127,807.3439777985384,0.010551815952886979,0.1482710396241746,0.9424040001150011,0.9631937164817536
GWK60_L06149,826.170115289353,0.034619505579854076,0.1481159664101009,0.8094496590753573,0.8719728111421968
GWK60_L06171,2175.966641894265,0.05470952133328949,0.11762561700620748,0.6346209802758774,0.7379117899802219
GWK60_L06193,7366.64707487273,0.1037358020690738,0.11267139264774677,0.34726541579565473,0.47401909560061073
GWK60_L06215,310.9702092782629,0.00659844657627744,0.20341423659629126,0.9684249278194298,0.9796033609993384
GWK60_L06237,4449.615420529252,-0.6733693765584847,0.10759012870859833,1.7592266376826063e-10,1.3028188254838232e-9
GWK60_L06259,5711.088052181411,-0.2941800164137235,0.10344633970357761,0.0037479863330149893,0.010296192340121638
GWK60_L06281,292.6009749089325,0.47471829465183285,0.21943760099076223,0.017603547061980335,0.03979340088215503
GWK60_L06303,315.59985240727076,0.32041054681075964,0.20955841164795755,0.09628476503253469,0.16926856505660404
GWK60_L06325,1617.476633205317,-0.3684566777741417,0.12725632478883,0.0037317573193140136,0.010256968105046045
GWK60_L06347,1797.826251515407,-0.37379468433748,0.14118119861082318,0.0056787776391931605,0.014981943214690235
GWK60_L06369,27270.22239110917,-0.16548421009398492,0.10495840621041348,0.10699035700009871,0.18474722400870905
GWK60_L06391,238274.97461713053,-0.3025927988520627,0.09383845802943694,0.001034837789381472,0.0032070631270572337
GWK60_L06413,233.34774185794265,0.40690845460617475,0.23669727397331597,0.05576669256332021,0.10912589114177063
GWK60_L06435,487.1924807043171,-0.19812944450081016,0.17593155073541578,0.2335025535508909,0.34810219069197174
GWK60_L06457,2028.4157280503255,1.01677217199498,0.12384619106869657,5.0746364663890804e-17,6.460638871736994e-16
GWK60_L06479,1321.08263824823,0.1571652145936306,0.1308467295464275,0.2246735507346709,0.33732581795687994
GWK60_L06501,466.9850179010978,0.07407769478284872,0.17632143333763037,0.6367030576465728,0.7395150601072851
GWK60_L06523,993.4880338695395,-0.3674585440479601,0.14591012953404436,0.010402762174304223,0.02535823992234196
GWK60_L06545,2684.7309206924033,-0.18410340584446466,0.11485997326358635,0.09622889043061614,0.16926856505660404
GWK60_L06567,0,NA,NA,NA,NA
GWK60_L06589,7.682858536029406,-0.3458222045899257,0.6466873299555703,0.10816006810630949,0.18651325012635633
GWK60_L06611,0,NA,NA,NA,NA
GWK60_L06633,805.8148452072521,-0.1886734086450454,0.1508188039355254,0.19770616085716075,0.30485014480555755
GWK60_L06655,2102.746866097233,-0.41742037284309025,0.11975334456358325,3.5231753083628904e-4,0.001192075660963454
GWK60_L06677,3.2961782341771273,0.06168738660153339,0.5250730901771185,0.6424273107961463,0.7440270484947439
GWK60_L06699,3070.649360346034,0.8019449474336484,0.11417475839948744,7.165215678836471e-13,6.715633518595751e-12
GWK60_L06721,265.17820612517596,1.161593454736647,0.2400928420670758,2.2145386296362758e-7,1.195487075423772e-6
GWK60_L06743,363.918721600825,0.2607725890424384,0.1971071551167142,0.15451054517279644,0.24943704222246352
GWK60_L06765,23.462820201033058,-0.15021254882965654,0.4638636438329246,0.5409518228504284,0.6588660376528962
GWK60_L06787,2792.56439427166,0.0023804434044234993,0.11344298808878776,0.986814718220615,0.9924773887536329
GWK60_L06809,1358.9843075951749,-0.8643019344122234,0.1365570849814678,7.055839359882163e-11,5.42391861904392e-10
GWK60_L06831,473.63877087442324,0.08558507577533148,0.1827173722696555,0.6132857155047879,0.7209157818296836
GWK60_L06853,1662.8719052798392,-0.059862529173692225,0.12351558299341464,0.6213538856663889,0.7276344612102167
GWK60_L06875,6655.052053640259,0.02140648394760363,0.10318266936508193,0.850496559032496,0.9016539893536761
GWK60_L06897,2105.426094941357,-0.5709976356354886,0.12759874896809964,3.809173516364077e-6,1.7708783686155897e-5
GWK60_L06919,1107.2175993163983,0.23357742101896156,0.13759459799630158,0.08202656278215831,0.14899566977243556
GWK60_L06941,1360.8332195057087,0.9539478128860287,0.13459175852201943,3.484982826693067e-13,3.3499158505945425e-12
GWK60_L06963,11240.16165973361,-0.3714926745737367,0.09954823059616072,1.4127769535125548e-4,5.162182919783887e-4
GWK60_L06985,2383.1306929437155,-0.12473851373601741,0.12441958136610848,0.30138412117383157,0.42393732186517025
GWK60_L07007,1320.4255886521787,-0.18418868114332382,0.1307619648044152,0.14832968747074263,0.24131110665877623
GWK60_L07029,25881.44451932387,-0.025847330428124028,0.10232216822115626,0.8348482973481834,0.8893629454904428
GWK60_L07051,16033.195746549509,0.17811013298237957,0.11063362607738725,0.09945764196791013,0.1736216073928524
GWK60_L07073,3247.1005067886217,0.46970971365136194,0.12947182646205463,1.7051799810157702e-4,6.111681213483926e-4
GWK60_L07095,477.26399360396806,0.3764243658526283,0.1825913590294465,0.027919227636871005,0.05998468618330279
GWK60_L07117,2465.9529022408124,-0.6015167665034692,0.12063223254192243,2.814539428676953e-7,1.4963446224452395e-6
GWK60_L07139,1332.8392192042575,0.07195100504832332,0.1395344476771571,0.5939850116535048,0.704687091893982
GWK60_L07161,2062.6142001966036,-0.12154453832728766,0.11914888173110408,0.29437594539438927,0.4161948698262164
GWK60_L07183,787.1969629341609,-0.1504878580022514,0.15030455017749134,0.2821556436847523,0.40281682717741724
GWK60_L07205,75.90020119812061,-0.49032239285042223,0.3804268608370374,0.09179179334879473,0.1632533596757623
GWK60_L07227,1142.4471845052221,-0.1087771959122457,0.13538108004409932,0.4006555076773883,0.527056957560097
GWK60_L07249,0,NA,NA,NA,NA
GWK60_L07271,94.25819661689053,0.43835251915152146,0.3418423977314025,0.10973321920458398,0.18855466228029494
GWK60_L07293,70.92161667246884,0.02557156213814646,0.3330158684559626,0.9243657344263624,0.9525398012060545
GWK60_L07315,668.6427506956192,0.42575382948957213,0.1638715541659319,0.006421809952584098,0.016625247036281234
GWK60_L07337,231.47681650409783,-0.2793383419597421,0.2327990734510338,0.18166769095225066,0.2847968750825683
GWK60_L07359,0,NA,NA,NA,NA
GWK60_L07381,3865.9442794834795,-0.35523781119253095,0.1184098516154158,0.0018072265877949573,0.0053474380408699415
GWK60_L07403,842.6291748783267,1.3838427934972173,0.16214251927423448,1.8210042448404776e-18,2.5465000849391572e-17
GWK60_L07425,1647.5890409551241,0.035967196285921404,0.12442287740422547,0.7775420026003171,0.8507478797103237
GWK60_L07447,2939.1681776340165,0.05736689858462911,0.1136034264240777,0.6047510405974048,0.7132019409713543
GWK60_L07469,145.09772863870927,0.0734011542635093,0.26711653456574735,0.7547067570580523,0.8334904701976978
GWK60_L07491,1733.6366701236504,-0.48391419420884624,0.127913110386588,9.311852820106588e-5,3.5148400666274544e-4
GWK60_L07513,130787.47902384252,-0.6018797168070763,0.09555267607347447,1.5463751478117815e-10,1.1565918246364647e-9
GWK60_L07535,306.3815175639779,0.6856509947414143,0.23865400584736746,0.0014623265691164713,0.004393664628808232
GWK60_L07557,1298.2311538224633,1.2487877045994638,0.13744438716484345,1.6637220352855666e-20,2.6508637762216695e-19
GWK60_L07579,2938.743194134618,-0.05709385831464779,0.11387141054687525,0.6051478831453625,0.7132019409713543
GWK60_L07601,1323.0128476907016,-1.326982690838259,0.13779302113524727,8.078349541313545e-23,1.464688340973332e-21
GWK60_L07623,0,NA,NA,NA,NA
GWK60_L07645,0.5234496892594422,-0.0022785631088230573,0.5369832823490808,0.9964097253653362,0.9983083719456818
GWK60_L07667,9.234090133682441,-0.06732120857662968,0.49860931975852646,0.7240961395699591,0.8106973939578197
GWK60_L07689,2128.4467012611813,0.20646682177897321,0.1184132630621711,0.073759170826809,0.136608106505408
GWK60_L07711,25762.157291571773,0.24982756036051856,0.09545479770977337,0.007284017333521591,0.018619038959482997
GWK60_L07733,751.9722091640165,-2.0297465428010173,0.16427707411824732,3.9574983315268305e-36,1.2168728787817587e-34
GWK60_L07755,516.5477869921825,0.8727191735397145,0.1828868275513725,5.044031851912915e-7,2.602700635658303e-6
GWK60_L07777,2915.3641630554657,-0.5542398605594391,0.1246975937275682,4.542961578411332e-6,2.0880150331544386e-5
GWK60_L07799,1244.4055913709353,-0.21853954480515328,0.1329536428133571,0.08756034157213066,0.1571841160758836
GWK60_L07821,601.9355495081395,0.09562275400207614,0.16511465223456318,0.5412624912798132,0.6590917506135381
GWK60_L07843,2745.513901205007,0.05996989643374881,0.11256612145471516,0.5854888363889972,0.697598074265431
GWK60_L07865,2517.919444285506,-0.22744237794568417,0.11474069509372857,0.042253697144638516,0.08627958818893566
GWK60_L07887,992.0490973333797,-0.08010130402134034,0.1407541315965933,0.5491433567082228,0.6668350507094308
GWK60_L07909,4980.159561151977,-0.24680495651456436,0.10462111211358235,0.015092813478734347,0.03491333623897281
GWK60_L07931,3511.6659566824196,-0.19232778966812772,0.1100113005250862,0.07264783506111079,0.1352149793809984
GWK60_L07953,202.85048261049178,0.19676746506551493,0.24013087350451348,0.36057015259831976,0.48737220112132784
GWK60_L07975,4154.854075037249,-0.45216068680178756,0.10771386684617795,1.828984193674683e-5,7.768012027739486e-5
GWK60_L07997,10449.629288436103,-0.1652510559452719,0.09914840509899124,0.0879945478224665,0.1578019551331954
GWK60_L08019,2.7174157666863246,0.01385182133856954,0.5213938957658644,0.9204852101995749,0.9495607681438816
GWK60_L08041,4577.291596843159,-0.02354636672802899,0.10519345460043168,0.819074291841388,0.8785486890344687
GWK60_L08063,1046.5637758516675,0.22443861663287926,0.14579814378944062,0.11199030811241484,0.1918686999201946
GWK60_L08085,959.609801012242,-0.7402447734178996,0.15057497100075062,3.1340417776458435e-7,1.654497155307414e-6
GWK60_L08107,683.9793259109986,-0.9995545477040815,0.16626060939452536,4.056126483291769e-10,2.8626997381406875e-9
GWK60_L08129,412.86748527365637,-0.1949722792382108,0.18631165055819476,0.262612763545412,0.38143906929264065
GWK60_L08151,1154.549347953618,0.15593538841076451,0.14224069837229006,0.2648072566867729,0.3836749946704469
GWK60_L08173,407.29985095351003,0.5380225349871557,0.2027093924126828,0.004131147596220717,0.011202462125285473
GWK60_L08195,383.70424116854724,0.3257813872337837,0.19600195119463656,0.07329271821581554,0.1361450561235916
GWK60_L08217,154.78511620522522,0.020799370045806873,0.25905617040871737,0.9283723750700802,0.9546501865916005
GWK60_L08239,3512.799917978192,-0.6192678800520257,0.11061111640270176,9.817086821616186e-9,6.115905510433401e-8
GWK60_L08261,7204.362882567466,0.4527797533182314,0.10236355120547228,7.408654552745682e-6,3.2984509431275865e-5
GWK60_L08283,92.1627488617197,0.42459391086010967,0.3437288162985459,0.12125320451316866,0.2042118351474186
GWK60_L08305,10684.0439177147,0.1139499068842279,0.10420003912547829,0.2662984917603842,0.3854108091594
GWK60_L08327,38188.83121626405,0.27463459500899035,0.09544268330682437,0.003838321264885433,0.01048954948584595
GWK60_L08349,325.2004986065521,-0.9906740525785326,0.21902986258705104,1.3222164279678086e-6,6.4312802759063255e-6
GWK60_L08371,1246.6260266446636,-0.3405388013594485,0.1347759908842813,0.00979088034987754,0.024033823006375403
GWK60_L08393,780.4371721942956,-0.504231343065817,0.160670368212554,0.0010956951379262109,0.0033750234535536126
GWK60_L08415,3334.3222921411148,-0.54064914807416,0.11186854791176302,7.695389159975207e-7,3.853557733633298e-6
GWK60_L08437,301.83373563268856,-1.2582753421653443,0.22703314285444165,4.510991184553168e-9,2.8960673563346226e-8
GWK60_L08459,7280.798490139955,0.3256483897155936,0.10135313687350742,0.001055255816034889,0.0032676885045414875
GWK60_L08481,2021.346130314108,0.14239726041417877,0.12255846905982781,0.24303498422642708,0.35997132077399635
GWK60_L08503,241.55211578552047,-0.1294244331586121,0.22511674471200313,0.5249509613939449,0.644302557191728
GWK60_L08525,1203.7745328434748,0.26427330331257987,0.13442695345524125,0.044943001628124896,0.09106101167497441
GWK60_L08547,459.08649623846304,-1.1939444900696066,0.19143680403029523,7.455753129180782e-11,5.714628273065969e-10
GWK60_L08569,1970.1611307947844,0.9719901827759847,0.12701790817897504,4.882514508498539e-15,5.2932497496258385e-14
GWK60_L08591,2552.5675894572923,1.415602400684581,0.11854952010976529,1.0079332542319005e-33,2.849308091801792e-32
GWK60_L08613,547.6656202184058,-0.5240175184822389,0.17898843737053086,0.0018403749748346278,0.0054302422096972345
GWK60_L08635,104.04635317925344,0.16146853837008568,0.3052304927409637,0.5228258520635932,0.6419940051729036
GWK60_L08657,1669.4423727690257,-0.17289063539374958,0.12400688709167866,0.15433427732010935,0.24922900188855496
GWK60_L08679,5225.039149420207,0.26153555868944123,0.10543768539154522,0.012017541990502915,0.028695838231636843
GWK60_L08701,15.761812496689018,-0.55129298335965,0.7289335313235977,0.07935554069675903,0.14503004274715292
GWK60_L08723,2300.979807031956,-0.3420827394968836,0.11758651733540053,0.0027462778306202697,0.007818044847537292
GWK60_L08745,747.9434944706823,-0.1377489872910216,0.1543464975776208,0.34158570840422375,0.46784518228429495
GWK60_L08767,983.557908224657,-0.24391153658633175,0.14315231675196097,0.07646939933063064,0.14048780631741997
GWK60_L08789,64560.700372966756,-0.3933572396612002,0.10459177529869064,1.1946800370633792e-4,4.4518976859526916e-4
GWK60_L08811,3908.038942650457,-0.9029414235764257,0.11167392607324005,1.5897266425629737e-16,1.9484341926797475e-15
GWK60_L08833,0,NA,NA,NA,NA
GWK60_L08855,28.338307608152913,0.017078558614966502,0.43270698404991503,0.9479566007703022,0.9657732623232413
GWK60_L08877,515.7921249722315,-0.6039148748622896,0.17924867313598378,3.691150169307866e-4,0.0012457025093019903
GWK60_L08899,690.5110975473473,-0.27253862051079314,0.15806476635965883,0.07428617573002534,0.13743726670952613
GWK60_L08921,4534.710681113966,1.0011581867797854,0.10793821089930067,4.139667986556539e-21,6.888093124466544e-20
GWK60_L08943,497.4588828189162,-0.3795642079935666,0.17758124555829752,0.02317807027082459,0.050864062388979836
GWK60_L08965,15557.647257865387,0.05595983320239941,0.0965305025670299,0.5188951439926355,0.6386588640246436
GWK60_L08987,337.7213129593413,0.18336085447318565,0.20052368698337028,0.32462535017006156,0.4502453419135278
GWK60_L09009,1039.2760195003434,-0.0370361114180201,0.13918962176586006,0.7815543976062107,0.8531062949166401
GWK60_L09031,1510.4283524234227,0.852306748523266,0.1307405669624668,2.1200766224317738e-11,1.7499784742144846e-10
GWK60_L09053,2618.593360014608,-0.2595979425546237,0.11413085745292732,0.019173427147906333,0.043064451065224905
GWK60_L09075,1357.8669159452838,-0.11971682640343886,0.13462340978261322,0.3485384167683919,0.4751994557665859
GWK60_L09097,8801.070186260078,-2.832984640290909,0.10313272710796778,2.8041290889946615e-167,7.372055374966964e-165
GWK60_L09119,1424.7941547099092,-0.2296676735293753,0.12939724806039984,0.06575356716207272,0.1245433199345023
GWK60_L09141,99.55936948611983,-3.3800937202508066,0.42974814817877616,2.785258182539496e-16,3.351232842973151e-15
GWK60_L09163,8.656332776234125,0.044763228472131524,0.49901560066058226,0.8142062718789876,0.8756288874618053
GWK60_L09185,12.913696852073743,-0.2386476398707812,0.5300173419445013,0.31622754881093323,0.4408071186765342
GWK60_L09207,1949.774252827573,-0.16834993969918086,0.13628050357251076,0.18892188143751285,0.29397787883943255
GWK60_L09229,974.0651410362614,-0.3583086972921726,0.1433649000590737,0.009290599005330214,0.022928972967934
GWK60_L09251,13.204474294924369,-0.18233501650026204,0.5035994987966932,0.4373431321804221,0.5634771352621072
GWK60_L09273,3471.4666511720716,-0.08523026488950189,0.11784619121268311,0.48896361460444876,0.6125734299714538
GWK60_L09295,1359.9599478066425,0.043018502848871265,0.13030904950702638,0.7345803582525832,0.8190930822483721
GWK60_L09317,258.75136695256174,-0.7514835633440038,0.23764003041355522,5.271032429199439e-4,0.0017278733486739807
GWK60_L09339,461.5693013810278,-0.26621845358165724,0.1797038654767918,0.11545762111665706,0.19665570840018878
GWK60_L09361,9991.547073642774,-0.27486056954005555,0.10233549530427676,0.006068009392646144,0.015873429545539018
GWK60_L09383,2151.2010937704626,0.17667636173123755,0.129887534161171,0.16068641458434563,0.2578239755521786
GWK60_L09405,137.6908435254643,-0.20465150871315524,0.27589568364434064,0.38697498671222186,0.5140764224691415
GWK60_L09427,364.77371723059514,1.4037029106760257,0.2160023370198921,1.0594209348370074e-11,9.102018423812067e-11
GWK60_L09449,0,NA,NA,NA,NA
GWK60_L09471,775.1315961451977,2.1484822488316535,0.17211472135564126,5.822721641745285e-37,1.844329541704621e-35
GWK60_L09493,256.00864693478286,0.5140879842747375,0.24115821025477682,0.017340872755265253,0.03926714424943355
GWK60_L09515,504.76058498132215,0.24063384058900245,0.18203301671548328,0.155861316323323,0.2513861353460222
GWK60_L09537,4919.896224099708,1.3927812455343243,0.11213699374535992,2.479872133978147e-36,7.711445489793745e-35
GWK60_L09559,1921.5972087879663,0.4993557882913512,0.12417850257775785,3.94645476477383e-5,1.603590351868686e-4
GWK60_L09581,2302.5956580741786,-0.4161229787638098,0.12319203327389816,5.019435045000249e-4,0.0016567601673955622
GWK60_L09603,32.17648184503568,0.27867519365599125,0.4543742321743573,0.3290692417894065,0.45484912548073064
GWK60_L09625,716.4422982093201,0.03840602793487626,0.15454853095941265,0.7968764915157711,0.8633786508118533
GWK60_L09647,431.09335820767836,-0.09651947357642722,0.18203571633703863,0.5794197199537404,0.6920919780819553
GWK60_L09669,1332.1306310663895,1.208712497859213,0.14021227221171334,1.0555300247235073e-18,1.4919292661280112e-17
GWK60_L09691,1504.5798315393613,0.07475328429585926,0.12660680629027776,0.5524483769664721,0.6692957920837745
GWK60_L09713,6717.860405857991,-0.5945330014033557,0.10325803820846348,3.4573844104251116e-9,2.2415446646134694e-8
GWK60_L09735,1389.212265958096,0.7464152381130309,0.1345320078031712,1.0365013892144214e-8,6.434385247331084e-8
GWK60_L09757,5679.771444144563,0.2884574376515881,0.10486522733668274,0.0050130182426304905,0.01338807954574841
GWK60_L09779,9234.20604718746,2.601287791306735,0.1023620356349076,1.2077073312025375e-143,2.1167083824876475e-141
GWK60_L09801,4770.355008355055,0.8662738850140757,0.1222254220578615,3.648314174945165e-13,3.5005175058141753e-12
GWK60_L09823,2583.8877057736236,0.18830270529514853,0.1169031048859386,0.09872454147622789,0.17280081194474242
GWK60_L09845,1485.6242633885915,0.0435108557892131,0.13617697047727428,0.7207117577426498,0.8082862977721398
GWK60_L09867,1044.605617477555,0.27703402051318377,0.13956521762894075,0.042101368019606594,0.08606881533712733
GWK60_L09889,311.2329543470981,0.9316937498594637,0.23138329429277493,1.3177248396640943e-5,5.693177655672808e-5
GWK60_L09911,1527.2026327076367,-0.6083738513493382,0.13673220858585342,3.980603319890031e-6,1.8473091135023638e-5
GWK60_L09933,667.4428748577152,0.3742997063849776,0.160642568674091,0.014658095116525915,0.034057562581835295
GWK60_L09955,122.0561531661734,1.5843256416041516,0.3467065700004095,5.258733451861463e-7,2.7081704691368823e-6
GWK60_L09977,2417.4768084176576,-0.11917752629190366,0.12257117081621254,0.31514916964600254,0.43942040148466754
GWK60_L09999,244.06321708053403,-2.2345698017254016,0.26398233599835286,1.836341324752874e-18,2.5611359908622313e-17
GWK60_L10021,2574.299791835665,1.038228606385467,0.11997255640718762,1.0946176671481192e-18,1.5430294085428447e-17
GWK60_L10043,26249.571933593477,0.20087171740742582,0.09558620072405004,0.03363865638587562,0.07080832450404077
GWK60_L10065,2911.9800151159375,-0.3793376360166705,0.11345643173463672,5.707224893293838e-4,0.0018558187067989488
GWK60_L10087,1617.0772644337474,-0.3655530399700437,0.1261567689153569,0.0027937992757352706,0.007944725036136318
GWK60_L10109,4995.682242124606,-0.10918099650118476,0.10775478874270754,0.2999626482006917,0.4229561824186744
GWK60_L10131,914.1692558919233,0.1250774061536585,0.14929954740294205,0.3942631898175597,0.5209941824731663
GWK60_L10153,1039.4817475425823,-0.634338413831472,0.14300997613423688,4.115006452095158e-6,1.9046394300278467e-5
GWK60_L10175,1099.624753756148,-0.8129549481830629,0.1417142343404713,3.052006079135686e-9,1.986070292586069e-8
GWK60_L10197,340.57661395814193,0.22786104925025155,0.19974323204626943,0.21904580929790046,0.3306755283630091
GWK60_L10219,0,NA,NA,NA,NA
GWK60_L10241,3424.019371790989,1.1481666921987608,0.11197196496058537,2.148848558347876e-25,4.574350493843373e-24
GWK60_L10263,3371.547892364922,0.34000408249698527,0.11338475351849144,0.002196020322549223,0.006368822314376069
GWK60_L10285,0,NA,NA,NA,NA
GWK60_L10307,663.4528652796016,-0.05433410180285281,0.15743544373672627,0.7171046967280248,0.8053441098399141
GWK60_L10329,2852.796224626987,-0.014633077889114358,0.11215414181521696,0.8863955849349774,0.9271271107197356
GWK60_L10351,52518.98848132268,0.25446710711331005,0.10463459006718344,0.013010054916250109,0.03078616955429481
GWK60_L10373,0.5077440527252374,0.01803320836263258,0.5388810732298823,0.7106902544577933,0.8005161435173687
GWK60_L10395,355.9984635232249,0.48998430004268695,0.20516636622996912,0.009715341640252943,0.023859535891849592
GWK60_L10417,2641.585584087462,-0.028858335845365225,0.11349770346747373,0.7776139805796531,0.8507478797103237
GWK60_L10439,6059.725416920977,0.0031128069177677694,0.1038460782154261,0.9774246041034812,0.986429667634569
GWK60_L10461,601.6191537482139,-0.1643122358858941,0.16307255892555464,0.28932974547961743,0.4104495771501913
GWK60_L10483,669.3002303302768,0.008789160207266097,0.15701299890558018,0.9553455973164677,0.9710433308892301
GWK60_L10505,1470.7923197304299,0.6815573416030392,0.13069231209452195,7.707817772572125e-8,4.3861153515350904e-7
GWK60_L10527,39.62002452509045,0.10775172282179585,0.39469737747956707,0.6945291366893163,0.7888928880494532
GWK60_L10549,4679.862023082788,2.590060185424494,0.11102189338966352,1.5073900165885555e-121,1.8871087398149107e-119
GWK60_L10571,10499.126657492532,-1.0401699763049979,0.10032798242272697,5.988346961391928e-26,1.3174363315062243e-24
GWK60_L10593,828.5941610961067,0.22396633421417678,0.1522410474691338,0.12452371681562395,0.20871715110505284
GWK60_L10615,1633.1090017704705,-0.24998740611370313,0.13354991767874655,0.052589404005909446,0.1036413366803118
GWK60_L10637,2472.7350179223577,-0.2531634635529046,0.13035802469231406,0.04446328567232736,0.0902864382877462
GWK60_L10659,1532.5803921868749,-0.1566855217739785,0.12699975176310443,0.21458164309911032,0.32524366659415455
GWK60_L10681,11784.635539479154,-0.04240175886385175,0.09765373407290645,0.6762046466549685,0.7742557472330872
GWK60_L10703,1559.7400707084562,0.09657259774964719,0.12551178606421498,0.42826555108618697,0.553817085000288
GWK60_L10725,1068.63023636709,0.20741740313986706,0.13904980549832496,0.12766432883191237,0.21303739217120105
GWK60_L10747,3531.7582011217637,-0.5326881822546191,0.11317409218684,1.3798137920901334e-6,6.692860626208414e-6
GWK60_L10769,2665.6011868443793,-0.22662380778485625,0.11366273220625558,0.04113344005382235,0.08431954300311809
GWK60_L10791,1258.6434826180655,0.009782140713470715,0.13809124091481068,0.9383181262278428,0.9609247300166083
GWK60_L10813,1651.9933692334018,0.08206413356027754,0.12595164213318674,0.5111955900270491,0.6318899155153396
GWK60_L10835,1207.0326289607,2.4862240117765677,0.14853341301584239,4.510838864066188e-64,2.606372609589013e-62
GWK60_L10857,2494.8358804543805,0.25414605247602,0.11577711516409994,0.022684292133237624,0.04992633237193948
GWK60_L10879,266.9313115119452,0.4236775329212683,0.22630810360563225,0.03845369613770473,0.07966490712846788
GWK60_L10901,1475.4066600455117,0.18062838249869675,0.1276542863266163,0.14529153345114346,0.2371020741421826
GWK60_L10923,4491.738869494666,-0.561526966078074,0.1077218472710743,8.898350052311271e-8,5.04175911369102e-7
GWK60_L10945,981.1817719104451,-0.0675892355673787,0.14049870344598261,0.6170897708353571,0.7239002601989906
GWK60_L10967,1186.8774631431409,-0.6732241993946606,0.1448114061909009,1.4542783483155969e-6,7.034586527546835e-6
GWK60_L10989,5543.924985441729,-0.1246405154739093,0.10330588570673899,0.21587787528400984,0.3264555272485832
GWK60_L11011,543.8210618897851,0.25546590412020526,0.1741093235289496,0.12164842216146486,0.20474628800415565
GWK60_L11033,143.3984003158273,-0.03756162121481906,0.2666204195035794,0.8694760019541523,0.9145581076655049
GWK60_L11055,566.9216271654608,0.12007555590524491,0.1679435174304168,0.4572651850983784,0.5834264361192122
GWK60_L11077,1060.9731479514674,-0.5380583336067439,0.14235305648340082,8.514586116642009e-5,3.237143441887468e-4
GWK60_L11099,1076.985801282404,0.03474237109005342,0.13828448135736768,0.8011421698021921,0.8655034988329414
GWK60_L11121,742.8570919934194,0.735462319835435,0.1845340621834386,2.2260093177762063e-5,9.378491180182126e-5
GWK60_L11143,1973.6015625635991,0.5372026003929927,0.12761858494726736,1.3740152024870402e-5,5.916930331430678e-5
GWK60_L11165,146.93205414314417,0.5935220617675827,0.2966923531841211,0.019102418692527892,0.04292329807064601
GWK60_L11187,1915.26669248116,0.0028184278683787856,0.12066841536354803,0.9818159386591985,0.9895319542783335
GWK60_L11209,959.2074687445131,1.1816039529058302,0.14867177244900062,3.378352329647066e-16,4.027976541787817e-15
GWK60_L11231,3814.5284726438385,-0.30958483114612073,0.10957940517630638,0.00400026040317962,0.010888778416856502
GWK60_L11253,387.860534492375,0.10561558028944357,0.1906285214825709,0.5542329812187077,0.6706920633482083
GWK60_L11275,2224.760952727941,-0.031720121084171535,0.11756702889475627,0.7814507788217739,0.8531062949166401
GWK60_L11297,1058.2074929195214,-0.5290286100411609,0.1417491029006389,1.0502564657283918e-4,3.9388363029956377e-4
GWK60_L11319,1259.2689390816674,0.8491841268316407,0.1385908466266532,2.4857927981173026e-10,1.7978402383082226e-9
GWK60_L11341,3.018404702651558,-0.07402910037183355,0.5348670333244028,0.39745809287072537,0.5236750165930492
GWK60_L11363,957.1909447904249,1.0335603880510893,0.15301713344272522,3.1621541176091967e-12,2.8180688729473143e-11
GWK60_L11385,3626.5371177306133,0.35105499304832194,0.10989147738314524,9.94495279433428e-4,0.0030868100231764843
GWK60_L11407,1257.8273338395704,-1.1040347577149296,0.13906139463506254,3.809498990557931e-16,4.5012012791805846e-15
GWK60_L11429,2171.7704702481296,0.8021167545156141,0.12136069973463114,1.2685226486271265e-11,1.0757890462066824e-10
GWK60_L11451,2476.20356185091,-0.10425202048642238,0.12709868403628927,0.3927120036315104,0.5194665949923224
GWK60_L11473,247.7007014967684,-0.03729186985575436,0.23241282669307892,0.8566895388642611,0.9056038591371703
GWK60_L11495,1353.795485074747,0.9562282657696479,0.13645578507100775,6.148572538776476e-13,5.814603310950847e-12
GWK60_L11517,1495.6177915256471,-0.01046965878625102,0.12827413570218973,0.9315620338577416,0.957044387265339
GWK60_L11539,368.49096745368587,-1.8469066290932832,0.21812131762634518,2.1927312074298535e-18,3.050100711287346e-17
GWK60_L11561,723.2813517603697,-0.016316986858124143,0.15315712712457316,0.9076877766341797,0.9404181930133038
GWK60_L11583,530.3218138961156,0.14784349320683968,0.1703282586190155,0.3545868926128432,0.4804196757402338
GWK60_L11605,7593.336294435675,-0.671189167451103,0.1035807230155203,3.89772069922633e-11,3.072596017471071e-10
GWK60_L11627,1107.6542669074602,-0.06246206122010614,0.14665258684585653,0.6514246817163389,0.7521280141555797
GWK60_L11649,3156.0147272965255,0.11684634087435485,0.11630842442255235,0.29202346568218573,0.41342471258937336
GWK60_L11671,1434.5124372961714,-0.10638086449861613,0.13310436870974743,0.40798175065028547,0.5334911825215621
GWK60_L11693,571.0616684121694,0.11815030619248074,0.1684262724805125,0.46624583708084644,0.5922978041486086
GWK60_L11715,2510.0638093752564,-0.27705764394328247,0.11513468675104474,0.013309870280519562,0.03136857818689908
GWK60_L11737,1437.0909332008105,-0.4443396678108559,0.13007694667747635,4.137335001747528e-4,0.0013873793009686545
GWK60_L11759,1146.7329925353329,0.201425925467293,0.13578860035152182,0.1293970807967513,0.21544327132024013
GWK60_L11781,969.5293891705453,0.04298256561051948,0.140913934532899,0.7563288918125071,0.8351065336308614
GWK60_L11803,1293.0489585975147,0.04251135572945048,0.13158688659141649,0.7524378659627433,0.8320332911108527
GWK60_L11825,1059.7413944136576,0.12227028316911505,0.13985333740508296,0.3679673420995909,0.4944472999641321
GWK60_L11847,172.56952176701446,-0.5662460758310208,0.27605165177006136,0.018337157502612042,0.04130967187177983
GWK60_L11869,420.1368253166585,-0.46072428774819774,0.19105986259577898,0.00921167371108146,0.02278221089974897
GWK60_L11891,802.9804348988487,0.1880876687533881,0.15222452592276858,0.19728105781418404,0.30437318133420765
GWK60_L11913,6189.988330756841,0.09604535479935766,0.10218382799387615,0.338957221774496,0.4652895684422348
GWK60_L11935,5870.017262964784,0.0758699685885991,0.11663136899809044,0.5060145777692453,0.627505813658182
GWK60_L11957,501.56337921950995,0.6477667609155455,0.18144285048952027,1.5193341885949747e-4,5.509420112849915e-4
GWK60_L11979,1559.326995244566,0.498512553273512,0.12936082340990313,6.67301399166653e-5,2.6048038283728737e-4
GWK60_L12001,541.2967444725004,-0.0449355288473441,0.1682453482098008,0.7827736678039593,0.8539053828450659
GWK60_L12023,738.3119678282883,0.04032616633298191,0.16075042467599876,0.7953166115557451,0.86254470573801445
GWK60_L12045,1071.3929004791908,-0.019798880363090764,0.1444900319433627,0.8811242873005584,0.9236458383634623
GWK60_L12067,132.2651052462743,0.286408114675077,0.2952755526019898,0.247603534777591,0.3649844087077582
GWK60_L12089,1442.8642167970872,-0.19833461879031195,0.12814357529448583,0.10167412395080799,0.17707934539031084
GWK60_L12111,842.3053206255611,0.23625224449746027,0.14922782734187803,0.09889316187460882,0.17303835112701937
GWK60_L12133,3301.7870656289897,-0.7242947526313457,0.1125652325513633,4.6810085826610907e-11,3.6626105844690497e-10
GWK60_L12155,1088.5033348745856,-0.15298251199510896,0.13756057435247845,0.23267234831797276,0.3470613354484825
GWK60_L12177,1369.7121213796763,0.8456962401334588,0.13685377627387235,1.9086238687869106e-10,1.4094865592811203e-9
GWK60_L12199,1032.5312808893189,1.010512370230133,0.14485562427348841,6.853802938577981e-13,6.446743443835961e-12
GWK60_L12221,1636.3243421199277,0.43302609100749856,0.12849612291332474,5.040154326913083e-4,0.0016625552980494972
GWK60_L12243,291.2888200421345,0.6724997478650082,0.23338195638338755,0.0015121139830857992,0.0045328935707326865
GWK60_L12265,1551.638182437725,0.0429643202703867,0.12553731983047553,0.7251501860350762,0.8114151262337584
GWK60_L12287,0.9362738220561639,-0.029090354494627605,0.5396947352844936,0.5591616276046047,0.6751026034316904
GWK60_L12309,4105.346855623762,-0.33657176403532796,0.11292402775900125,0.002165044020294759,0.006285920187029179
GWK60_L12331,911.7731379627351,0.5688574917831898,0.14789407841313013,6.219656909453139e-5,2.4441671173321827e-4
GWK60_L12353,3627.9010494351287,0.9083396222631226,0.11079134051856117,6.437874433277816e-17,8.117588434094665e-16
GWK60_L12375,3392.925535455498,0.6355864345701923,0.11382430504288181,1.018976514421315e-8,6.333071528164626e-8
GWK60_L12397,702.9262046384359,-0.15973429156574026,0.15654607417284405,0.2785633342859493,0.3989882897508912
GWK60_L12419,2299.1935207093834,0.1273191315194669,0.11651273564659073,0.2611910996135344,0.3800063092883132
GWK60_L12441,545.537414874314,0.5693200290335184,0.17542304268402142,5.766432752938213e-4,0.0018727549978350294
GWK60_L12463,2116.7091203353175,0.019004209351125987,0.11874307335149738,0.8709148383751519,0.9153048611186386
GWK60_L12485,463.80854091425994,0.21346207588676402,0.17853501551930784,0.2058887482848551,0.314330950595092
GWK60_L12507,136.10941594289673,-0.11017018053916462,0.2722762892311582,0.637562277688153,0.7395901052024337
GWK60_L12529,492.8875757930259,-0.02760633902591664,0.17761599362980304,0.8681513892132261,0.9140448547222952
GWK60_L12551,2339.264656196532,0.24090024033210514,0.11681715128127254,0.03448023879384666,0.07243191992730552
GWK60_L12573,2591.248267339092,-0.1661775604002926,0.11509505947664622,0.13821495109831006,0.22774497426352686
GWK60_L12595,1454.9121654643877,-0.16042903780041046,0.12779998007330498,0.19392896896215692,0.30034600167231085
GWK60_L12617,1617.9606010109828,0.11758380367371579,0.12462522394353825,0.33520796340281683,0.46091094967887314
GWK60_L12639,2371.6928670520606,0.19460254677362748,0.1159912097262802,0.08467111352343443,0.1528848608881244
GWK60_L12661,1345.1539117476004,-0.17261625732180225,0.13035583814310958,0.17241345550460693,0.2728106978763838
GWK60_L12683,564.5609605125626,-0.4507926881845333,0.17539191963789122,0.006343654934068241,0.016463444049028043
GWK60_L12705,0,NA,NA,NA,NA
GWK60_L12727,646.3160738239113,-0.6523953913669995,0.16830030548268313,4.471605209438559e-5,1.8002833224523693e-4
GWK60_L12749,477.22774376942454,0.3953966977415587,0.18031797082109566,0.019619423678326014,0.04384144908654407
GWK60_L12771,3632.4023262717337,1.1411779339774195,0.112140806971427,4.690771407122166e-25,9.826325122967469e-24
GWK60_L12793,1663.1254019335734,-0.16647173766486395,0.12522411219392107,0.16244186844350667,0.259772336698205
GWK60_L12815,3244.905147009968,0.18648298196640653,0.12735762443335574,0.12189965728657974,0.20503787524402953
GWK60_L12837,2609.5137234111394,-0.312015656197909,0.11459238151919081,0.005054343925297793,0.013476541764308212
GWK60_L12859,1204.801571538337,-0.33252914075781287,0.13491092117039427,0.010790003837523324,0.0262050070104839
GWK60_L12881,874.8050602816941,0.05200928523494495,0.14547975864254448,0.7079704554891594,0.7988002964818193
GWK60_L12903,1116.194729988488,-0.5250906350666917,0.13925869924470466,9.252065453426483e-5,3.497294044149277e-4
GWK60_L12925,695.2426613517868,-0.016991505328750888,0.15508576676743563,0.9085350297521277,0.9411105568236187
GWK60_L12947,12237.216071867977,0.4162568110449412,0.09940403360708008,2.4062746442242822e-5,1.0073401337047193e-4
GWK60_L12969,310.61417386210286,0.48651375914952827,0.2163993101099821,0.014489104513702993,0.03379933963311905
GWK60_L12991,1322.9362359166391,0.9640133089679417,0.13917657938347305,8.417178204787491e-13,7.861016518787325e-12
GWK60_L13013,1245.5679142893102,0.24372030373162973,0.13368401553055292,0.06360827946742748,0.12122230280526772
GWK60_L13035,335.39937326867215,0.42681393259651557,0.211981558329745,0.028103044912561326,0.060287968237555056
GWK60_L13057,1703.221313147769,-0.16041411249208062,0.12326579644731084,0.17522751516600196,0.2761001722333948
GWK60_L13079,446.6027390915141,0.16891225438484184,0.1826389687690459,0.32610752586486835,0.45170531375065276
GWK60_L13101,519.38139802991,-0.4190042244045683,0.17562219408161148,0.011274271898802453,0.027192716350414356
GWK60_L13123,1828.1473262501056,0.11093092454598648,0.12126181708841291,0.36225166599047676,0.48876552727172873
GWK60_L13145,3345.6868230858545,-0.008272733660133817,0.11395761150563423,0.944281430220819,0.9636148662107525
GWK60_L13167,679.6297100602466,0.10640451330204997,0.1565092778749416,0.4783946433707304,0.6040823810862873
GWK60_L13189,1189.3683025450762,-0.22941114261753676,0.14040966179313438,0.09088996078751711,0.1620547351036843
GWK60_L13211,885.3450965150114,-0.3922117500906675,0.14789875792957563,0.005641500855313514,0.01490603592826053
GWK60_L13233,1612.436358958497,0.25190573977850195,0.12576202250666563,0.03560305812873307,0.07452264316913952
GWK60_L13255,223.79681933248142,-1.0102501077894162,0.25745547701389415,1.776461650948242e-5,7.569396564575247e-5
GWK60_L13277,490.487669007708,-4.147262382653718,0.22752235857891384,2.6154332376584246e-75,1.9099927727233326e-73
GWK60_L13299,48.378522749661,0.7189946898157022,0.5139629428406012,0.03863744224437842,0.07998254776415029
GWK60_L13321,0,NA,NA,NA,NA
GWK60_L13343,1921.3378036435824,0.09402707650105793,0.12612628717367272,0.4435939203247782,0.5695767602118886
GWK60_L13365,2.7729151136541423,0.1588664130994635,0.563710555241951,0.15791192390859196,0.2538370210673728
GWK60_L13387,429.4544792618735,-0.9365012384346111,0.1949520199390058,3.792254793791317e-7,1.989987595384705e-6
GWK60_L13409,0,NA,NA,NA,NA
GWK60_L13431,0,NA,NA,NA,NA
GWK60_L13453,262.50916350690727,0.23713532117454372,0.21938925313218144,0.2369952455693675,0.35240978540829593
GWK60_L13475,1191.3885005547777,0.038612853196535464,0.13503791986921684,0.7792206541873277,0.8514982376271772
GWK60_L13497,284.60752473100587,-0.8752155235528937,0.2295042282532912,3.594340814702027e-5,1.4730353861031376e-4
GWK60_L13519,0,NA,NA,NA,NA
GWK60_L13541,36.1876702311546,-0.03793219934729847,0.3981403251288314,0.8852274932589634,0.9264582323956269
GWK60_L13563,0,NA,NA,NA,NA
GWK60_L13585,1114.7295717931818,0.06917769655079554,0.14231510807320194,0.6295092127279618,0.7342412246059501
GWK60_L13607,812.410991807687,-0.2810163488386461,0.15571509310460746,0.05841313768930068,0.11308404932634131
GWK60_L13629,1130.750996980945,0.07926314176454533,0.13776806898353394,0.563101224976277,0.6783015443127753
GWK60_L13651,5891.220372158874,0.18417491356053206,0.10271936462143692,0.0658446743792729,0.12466652642789906
GWK60_L13673,1883.6747645426442,0.6278117161501651,0.12924701303506883,5.375886723578361e-7,2.7599487979292764e-6
GWK60_L13695,1020.8617662086358,0.37476005073643615,0.1417530635021526,0.006016185250866238,0.015768006734618676
GWK60_L13717,2137.5504256110203,0.10967634744218674,0.11830963333644944,0.3437018132748345,0.4701311483348283
GWK60_L13739,1037.6563591953038,-0.053618445688845016,0.14714077779875648,0.7031669370312181,0.7947660694131868
GWK60_L13761,1311.2015357977423,0.11118685901258851,0.13254437844567982,0.38721844977470427,0.5141400527564128
GWK60_L13783,136.45809586701762,0.9662813317923576,0.3309739650455109,6.95403763970186e-4,0.0022241076587318966
GWK60_L13805,2464.4011755864976,0.36286778978160283,0.12032258421162677,0.0019541938224692766,0.005730703356689044
GWK60_L13827,954.9416172837865,-0.07285385044471587,0.14151819673923907,0.5531489748050729,0.6698427705032411
GWK60_L13849,1549.5938190345785,0.21495650356402818,0.12954495674739963,0.08296914411830773,0.15037978620271011
GWK60_L13871,3373.379929816268,0.14710733399069698,0.10936652521380676,0.17013806711439167,0.26986001716062485
GWK60_L13893,1594.800049376425,-0.2735820391890877,0.12586590201954895,0.024815037194637287,0.05398291088175835
GWK60_L13915,677.9718169829914,-0.13627637903708684,0.15679522784446268,0.3528139778348202,0.47910534490069334
GWK60_L13937,6520.107187473324,-0.049870460903200395,0.10374822012964056,0.6321997661726442,0.7359101993658984
GWK60_L13959,1927.475396283541,0.08428071033927653,0.12924117323751919,0.5084577334871732,0.6297928769553726
GWK60_L13981,143.1952417862401,-1.0890301220980185,0.3274916673643271,1.433481727453826e-4,5.219700085146965e-4
GWK60_L14003,92.2747638727833,-0.15982383013424786,0.3137674879990545,0.5307502676496412,0.6497333907772497
GWK60_L14025,3570.972618275472,0.1228391007680164,0.1086422619918114,0.24713574776847963,0.3643970167601419
GWK60_L14047,929.641794502436,-0.16828386218432625,0.14318655591716833,0.22173506545780072,0.33386333279538943
GWK60_L14069,0,NA,NA,NA,NA
GWK60_L14091,794.3769859868115,-0.31692508677020453,0.1694932714064253,0.04753793930334472,0.09558488904664877
GWK60_L14113,3408.2067310090188,0.09690607027127073,0.11293901112782141,0.3967694946302186,0.5233169647312694
GWK60_L14135,444.01361605522015,1.1901478261705642,0.19593630767575906,2.102391704182213e-10,1.5482318740322234e-9
GWK60_L14157,5328.232648546818,-1.6973651236123302,0.10638536078216643,2.7000162793345418e-58,1.419668559674102e-56
GWK60_L14179,1043.2201996862923,-0.608241055407036,0.14297686217879446,1.005370795122063e-5,4.3942141652134725e-5
GWK60_L14201,1696.0038022367264,-0.8471076945387646,0.13154770723279757,3.421505986399304e-11,2.729936035885818e-10
GWK60_L14223,930.4982609352991,0.07227625224065755,0.14261900737699346,0.5988292481416544,0.7083563974643011
GWK60_L14245,799.6775189708392,0.08405208474402269,0.15908744471538197,0.5742521564379479,0.6880842682869338
GWK60_L14267,0,NA,NA,NA,NA
GWK60_L14289,1414.8909948754283,-0.723667117925682,0.13255587329881882,1.9393330992911618e-8,1.1707248491472938e-7
GWK60_L14311,191.11204205478597,-0.4416792840937072,0.25879835135254586,0.05201537399320307,0.1026639776487469
GWK60_L14333,339.63196850752234,0.058630576418273295,0.19641743904880624,0.7499758759407951,0.829925349892384
GWK60_L14355,576.7327292409936,0.881004711452865,0.17425965135586527,1.0903031646809054e-7,6.11174204679339e-7
GWK60_L14377,3431.6597556958072,1.2714972989205675,0.1375699700565391,2.747232132424338e-21,4.6149988984943036e-20
GWK60_L14399,1635.326839944988,-0.49480346006187553,0.1303808272489258,8.205536972572206e-5,3.137797338311611e-4
GWK60_L14421,1730.4301772956283,-0.19357306176364192,0.12389164701851753,0.11816848680964578,0.20023522515150421
GWK60_L14443,1638.0679954566667,-0.655028136646095,0.1277809947079595,1.4031333474850114e-7,7.76597383271178e-7
GWK60_L14465,1863.9634939704583,0.5108364734944446,0.12493835683461928,2.6242405703506896e-5,1.0890494805764739e-4
GWK60_L14487,2596.4572590645794,1.1338730658638698,0.11777810866676985,1.1743381042022575e-22,2.1002278067671666e-21
GWK60_L14509,2341.2276108356277,-1.6915634940616808,0.12020383113347609,5.713286435668042e-46,2.328717835561439e-44
GWK60_L14531,8803.647524784867,0.4014605708604049,0.10351947378695835,7.628084718132444e-5,2.9390774088907155e-4
GWK60_L14553,4038.780655202575,-1.2995243951400692,0.1097340390353007,3.199796075482296e-33,8.808653280044981e-32
GWK60_L14575,1334.393791187426,0.09035180194891597,0.13297149888197257,0.4924099237972221,0.6158637914666493
GWK60_L14597,114.25770181576908,-0.34627425429868175,0.30775423962676507,0.17443858127579878,0.27518693679812484
GWK60_L14619,2074.659525450771,-0.2508818598482843,0.12155621970182455,0.03373941269042536,0.07096932355331315
GWK60_L14641,1667.5212791558124,0.17456918814948275,0.12474842965373638,0.14968949048655694,0.2429977133442625
GWK60_L14663,351.6066341791742,-0.042555119349155644,0.19536492709822473,0.8205398250764817,0.878875208851526
GWK60_L14685,4638.085605791566,-1.1244053359177684,0.10755939185369276,2.8145384972584357e-26,6.270696363807142e-25
GWK60_L14707,222.78975879890282,-0.038205438869713705,0.22788325895221032,0.8516214865529194,0.9022417441658775
GWK60_L14729,10372.9712915842,-0.26504518091455453,0.10702071501178988,0.011265090686371361,0.027183041224846542
GWK60_L14751,67111.84329896347,0.4419769210968105,0.0948545872971644,2.140330411706836e-6,1.0184486248646644e-5
GWK60_L14773,110.89811867169057,0.5012939669574584,0.33025143004577023,0.06341218713785024,0.12098014512729194
GWK60_L14795,850.5306127930194,0.5957315376772249,0.1644674559575263,1.3634914230284834e-4,5.006451049080843e-4
GWK60_L14817,996.0616271958584,0.7867075769568925,0.14555093877865993,2.1787970401674588e-8,1.3107682880092102e-7
GWK60_L14839,4299.328941507669,1.257536252014538,0.11370960509708151,1.6395091359257417e-29,4.164511611931183e-28
GWK60_L14861,2186.723015532889,1.2237772764103072,0.12151271706491705,1.2557452622550852e-24,2.5691473108705205e-23
GWK60_L14883,602.330845138249,-2.930082919365878,0.18586669071687412,3.890445212724341e-57,1.986015624126659e-55
GWK60_L14905,759.222314410179,0.26457988080127,0.15400933788637697,0.07077812297586938,0.1322969678660225
GWK60_L14927,643.3506587789363,0.12388140873002035,0.1609942073064902,0.42076250419464334,0.5468040650161727
GWK60_L14949,2536.818082271077,0.458536717527258,0.11846805689701095,7.019489517505818e-5,2.7299168552548516e-4
GWK60_L14971,1071.6679497828516,0.02482848172913705,0.14615043737182382,0.8695085546253061,0.9145581076655049
GWK60_L14993,552.0404180541866,0.508340014693912,0.18264978563441617,0.0029892166273691994,0.00844108540639487
GWK60_L15015,1528.2988277265308,-0.07962674783390096,0.12635810890573054,0.5157372534001082,0.6361122398258899
GWK60_L15037,2550.670499519006,0.31858489005215673,0.1192003011353802,0.006215286942234148,0.016178207298152055
GWK60_L15059,2071.799719494178,-0.0462338812583134,0.1193319794816253,0.677244163676602,0.7751305643473168
GWK60_L15081,3227.766076357716,-0.2460571904694247,0.11155556058846859,0.023289241150385227,0.051086704200552994
GWK60_L15103,1986.7169949891947,0.3478526066640272,0.12327484189349559,0.003623295507115877,0.009995429053733096
GWK60_L15125,2046.3781267531535,0.01863468133159443,0.12279986195086537,0.8835290540617547,0.9255787309855685
GWK60_L15147,630.5315725138503,0.5871172931226568,0.16674423690351692,2.1051956824588125e-4,7.379412598912291e-4
GWK60_L15169,973.9617547815342,0.14718946321906995,0.14177682066986905,0.2859019643418331,0.4070599860572322
GWK60_L15191,1477.9473110433069,0.1306580482331486,0.12702752342605234,0.2901593561715434,0.4112285430592926
GWK60_L15213,468.28779283832756,0.09088743285124308,0.17667482328250625,0.5913505080334096,0.7024460360811345
GWK60_L15235,1624.9490396640472,-0.1675757712544203,0.12544612020527884,0.16962281744011293,0.2692051838515285
GWK60_L15257,29.970035395929226,0.06671761240061345,0.41489313878343176,0.804796383822123,0.868558987302283
GWK60_L15279,1896.6173096845741,-0.0902853748602032,0.12053089849279766,0.4409153478728221,0.566414097023039
GWK60_L15301,718.3365513706813,-0.29138151994401545,0.1600696566045585,0.05557936803200096,0.10879982022049928
GWK60_L15323,4283.872119869229,-0.15430321968165955,0.10738260712404185,0.13770202964749345,0.22711332242362625
GWK60_L15345,1948.849199494682,-0.5420783101590531,0.12250915892172744,5.217086439610432e-6,2.3853426521279697e-5
GWK60_L15367,0,NA,NA,NA,NA
GWK60_L15389,1809.3950772670153,-0.16907046912911394,0.1227633873903205,0.1569231329401096,0.25247914106459496
GWK60_L15411,6047.170348794691,-0.9501546112446827,0.11672060809127993,8.485693660695129e-17,1.0623280301889283e-15
GWK60_L15433,47608.66128637806,0.29773892110255823,0.09788982275872607,0.001956327381009731,0.005733762190272667
GWK60_L15455,11896.931210071882,0.4871991810742545,0.09870045206083597,5.961662124398237e-7,3.041898849145944e-6
GWK60_L15477,7777.154343860625,-0.5209278432095,0.10470133909691391,3.920444421011565e-7,2.0490752252165815e-6
GWK60_L15499,967.5936786378209,0.703246727187783,0.14629880912403173,5.964620984156463e-7,3.041898849145944e-6
GWK60_L15521,2762.2859964584636,0.19849006576743958,0.1285836828331395,0.1100814044403266,0.18902940057061962
GWK60_L15543,3974.8473700704576,1.1096555460246753,0.1112810955770671,3.96710979971752e-24,7.783232584669671e-23
GWK60_L15565,1128.1751558478666,0.6080349952653333,0.14003406710182062,6.763897006643888e-6,3.0397068770028687e-5
GWK60_L15587,499.2552385527006,-0.1127918545098353,0.17945697281630835,0.5003934577041663,0.6224435298340446
GWK60_L15609,3913.1761230764505,1.1767234713280335,0.1133309477846022,4.3664621983573305e-26,9.687281957368287e-25
GWK60_L15631,2328.38032216228,0.5859567879657965,0.11926273872848069,4.5666957571305337e-7,2.3680163995061483e-6
GWK60_L15653,0,NA,NA,NA,NA
GWK60_L15675,757.9992558119206,0.5827498721770652,0.15707280203962853,1.0339861965957407e-4,3.880584883440689e-4
GWK60_L15697,1144.2976067259078,-0.3582169737405039,0.14273476396335347,0.008956633706799534,0.022277190175190136
GWK60_L15719,1047.7510838999979,0.40056672331018606,0.14070909686962993,0.0031147764824237026,0.008762704518236398
GWK60_L15741,4056.689274609843,0.062362670643641496,0.11694037235460192,0.5846485211209719,0.6969127009870936
GWK60_L15763,14646.636112347467,0.2035758526448908,0.10533542800673978,0.05072980192457532,0.10073160820219676
GWK60_L15785,5566.404915129858,-0.2549701414872894,0.11199632921094675,0.019599553513569335,0.04384045442367785
GWK60_L15807,3093.775726979323,0.02141457176350825,0.11453148012101334,0.8498336245109579,0.9014216636097805
GWK60_L15829,1874.7231384096872,0.2848775373427985,0.12152325166410283,0.01796202791890281,0.040551456761524676
GWK60_L15851,2315.813108259182,-0.2882833202834954,0.12048413773713619,0.013547969289623011,0.03187258278516233
GWK60_L15873,162.16933840068427,-0.18408927091777882,0.2591513890300122,0.4168630564279717,0.5428097946256254
GWK60_L15895,1145.4744557609433,0.173877605196251,0.1366625693890442,0.19379661417619728,0.30023058259824553
GWK60_L15917,1515.0617717618597,0.2036876342392708,0.12673908749977328,0.09247215119335649,0.16415211714202174
GWK60_L15939,581.3740458314485,0.17983637408511466,0.16553681463845765,0.25985717901518507,0.3782749300281958
GWK60_L15961,183.69102551318937,-2.3704742971778674,0.29751563711449525,1.1866027918760384e-16,1.4645909576723498e-15
GWK60_L15983,199.29292546285723,-1.014595929920294,0.27210536205732655,3.815484568679702e-5,1.5575945545122572e-4
GWK60_L16005,2534.0607044148355,0.143434705748514,0.12118051903444238,0.23204253783077483,0.3465150990952042
GWK60_L16027,13627.872129659525,0.1159094730991929,0.105818514435475,0.2591438576767126,0.3773410145843686
GWK60_L16049,10013.853313086182,0.06455256952736409,0.10165460639799019,0.48868089332458714,0.6123651423023544
GWK60_L16071,2.6974858013238325,-0.00850998225491701,0.5267762142723796,0.9281364288987908,0.9546501865916005
GWK60_L16093,0.777321715622061,0.006882084383249396,0.536430148143277,0.901371435384552,0.9359026475616062
GWK60_L16115,2835.493954591416,-0.019642988394199992,0.1119299660952835,0.8558353622848951,0.9050648300269466
GWK60_L16137,126.8064548178494,-0.36467230298840664,0.2981539548545864,0.14483898036897,0.2364369322508675
GWK60_L16159,2255.084516288216,0.0260674537637015,0.11744073979875326,0.8201752209824582,0.8786636739865047
GWK60_L16181,1909.6449004967135,0.1790680661917119,0.12048100776023633,0.1368726070149353,0.22612179779711192
GWK60_L16203,2000.1247261779736,-0.21221386881892612,0.11965127283837729,0.06830799511759618,0.12850212462551724
GWK60_L16225,2214.891980420976,-0.7212207566978878,0.1355736388725878,3.980431321700219e-8,2.330635622438725e-7
GWK60_L16247,1464.6617113626564,-0.7014782539005812,0.1308567058490832,3.4803240498355515e-8,2.048549993826399e-7
GWK60_L16269,1241.484735271858,-0.33477836374317793,0.1354101158565557,0.011696336011012404,0.02806907108439216
GWK60_L16291,176.8496789877843,-0.7934059382170133,0.28186985790579894,0.0014119974046753587,0.0042497323147012225
GWK60_L16313,1133.2196964575621,-0.37490868408965256,0.14201086665590312,0.006553331136711239,0.016907465709925268
GWK60_L16335,12549.0845763916,0.049973497394172735,0.09736126486101798,0.5948894704669325,0.7051155017133461
GWK60_L16357,749.9280901231768,0.054374364435543845,0.16238981744660066,0.7262400049015724,0.8124616905898867
GWK60_L16379,2069.975178517038,0.5412803492456975,0.12061958769562703,4.200559028113495e-6,1.9391167137682842e-5
GWK60_L16401,0,NA,NA,NA,NA
GWK60_L16423,8079.329247398443,-0.21962947119261048,0.11952784602514746,0.05962507712846503,0.11500684355886615
GWK60_L16445,2354.7544359426142,-0.09709913589711346,0.12447226181405648,0.4048352436414719,0.5304320236897232
GWK60_L16467,12845.934091365383,0.13379422438337696,0.10183049363985952,0.19324724926669967,0.2996725765826966
GWK60_L16489,344.47775558802084,-0.7554170649933136,0.2121923498756808,1.2688700370329413e-4,4.697817233645642e-4
GWK60_L16511,1572.0539983221872,0.34321112175145047,0.13206522801311718,0.007245897016580172,0.018539623607386153
GWK60_L16533,1023.1790008677547,0.11838794506476251,0.1391995032333942,0.38674700750634944,0.5139034029487959
GWK60_L16555,350.91481134799875,0.20081554987046474,0.1998926677009556,0.2836284843012834,0.4044802198145235
GWK60_L16577,804.599434553399,-0.08247283314546719,0.1487336272065293,0.5641730538387209,0.6789704548143727
GWK60_L16599,4176.7671319762685,0.6622383476539903,0.11133550380202471,1.161870259337313e-9,7.86243735340488e-9
GWK60_L16621,233.15864337938612,-0.8388045424246756,0.2528364307711468,2.444961049680309e-4,8.457634999486226e-4
GWK60_L16643,181.21886432745876,0.43766304090195574,0.2629071040099116,0.05778518261288308,0.11224029929018813
GWK60_L16665,48.50147756719522,-0.012282632876447666,0.36915283574505586,0.96147294048123,0.9742579921083653
GWK60_L16687,12205.444698080351,-0.10758194927231432,0.09772038258181283,0.26264683192482036,0.38143906929264065
GWK60_L16709,707.297079546351,0.6159726412233386,0.17677165358889402,2.3734555668650524e-4,8.253723128688126e-4
GWK60_L16731,5964.984213544931,0.27452614053671376,0.10681087216129409,0.008644521569747692,0.021603086698542474
GWK60_L16753,392.26280054736765,0.11935248568751666,0.18748225419784387,0.49772859778341716,0.6207440624158461
GWK60_L16775,1807.160196096329,-0.3810005257932048,0.1230791797204623,0.0013904579872247647,0.004196916243873601
GWK60_L16797,28757.261871985633,0.04037335179730196,0.09667229060363179,0.6495263171032047,0.7505954671051979
GWK60_L16819,2047.005424402308,-0.34896105914986636,0.12598535827628235,0.004245685547952459,0.011494028191020708
GWK60_L16841,5285.990222482164,0.2121191578519474,0.11097416806075759,0.05103703649531341,0.1011524988448481
GWK60_L16863,6153.167841139892,0.005116846375186225,0.10487380495288007,0.9596386257163201,0.973149449183493
GWK60_L16885,1001.5744038026257,-0.10031731300175992,0.13981391731703788,0.43002673078029874,0.5555480467918453
GWK60_L16907,1573.9719027703425,-0.0402735820256065,0.12771399919787108,0.7384258596071045,0.8218973687159515
GWK60_L16929,1247.6162431020437,-0.20104349355025886,0.13320732891706866,0.11523823711392236,0.19634564184867265
GWK60_L16951,929.6199840944406,0.5334782970237805,0.147055139970995,1.5625276521064163e-4,5.642699446961221e-4
GWK60_L16973,634.2994182693211,0.4451494559606996,0.165726961282343,0.004663223486457777,0.012548223690785563
GWK60_L16995,806.7394864674668,1.5939472978217561,0.1587294406337792,1.0687262942522315e-24,2.203671707913033e-23
GWK60_L17017,467.47773253532586,1.479996279123847,0.19213193954654398,1.6757427680675718e-15,1.878689866630979e-14
GWK60_L17039,3164.4901675928895,-0.27833887691158693,0.11274339040758737,0.01135932121412745,0.027353856476891855
GWK60_L17061,422.4440454575773,-0.7757607066029499,0.19465454872208088,2.192489865478404e-5,9.244676593973895e-5
GWK60_L17083,782.6175130981526,1.24975164566177,0.16425134574434633,4.225446314158906e-15,4.599875097276921e-14
GWK60_L17105,1159.9388461434285,-0.12750231633553627,0.1375408682729447,0.3348035639478002,0.460716341072372
GWK60_L17127,1617.985485614288,-0.06360552942529003,0.1242394531874909,0.6172819289746865,0.7239002601989906
GWK60_L17149,2835.445445259582,-0.2699319577818755,0.11669526219128057,0.016752057110439086,0.038163915202204815
GWK60_L17171,2577.8957930663355,-0.40661979456836134,0.11634394834646966,3.224245057641486e-4,0.0010972867646005782
GWK60_L17193,968.2389163214701,-0.23859968465204687,0.1433368587278541,0.08330704140663645,0.15088819280609522
GWK60_L17215,732.0792926619201,-0.3731453557704305,0.15605364221418377,0.01269840375997762,0.030157275054183523
GWK60_L17237,236.88363674923974,-0.03279228224129826,0.22632895572181527,0.8716825443813014,0.9155626884452422
GWK60_L17259,1724.149618526299,-0.4626456919380371,0.12526766638035405,1.3201407287566456e-4,4.8574527304425766e-4
GWK60_L17281,195.494566704924,0.17241588424297646,0.24167031773524456,0.4257999556110338,0.551850176633674
GWK60_L17303,56.97900654098027,0.0022945355114649805,0.5389164664153384,0.7106143273424619,0.8005161435173687
GWK60_L17325,42.369115162674795,-0.05090369896511588,0.5383188876739973,0.16244416946818144,0.259772336698205
GWK60_L17347,24.740850619083858,-0.2259683621276828,0.48099733948729095,0.3950034416772988,0.5218412302359892
GWK60_L17369,5.93070858373012,-0.024200502394168547,0.5395072449216067,0.4305045184653561,0.5560286804448151
GWK60_L17391,55.14810567070962,-0.0026422151525069145,0.5379815737728347,0.6386742225093442,0.7401695089164938
GWK60_L17413,46.700645247373515,-0.04200605558025404,0.537392940853777,0.19219631244167545,0.2983667584347002
GWK60_L17435,2310.6448693610723,-0.35052874435674697,0.32939908924340455,0.18117953827332564,0.28420107763757346
GWK60_L17457,0.9362738220561639,-0.029090354494627605,0.5396947352844936,0.5591616276046047,0.6751026034316904
GWK60_L17479,11408.697568949216,0.43391712275022093,0.3126822860995874,0.09393033477226555,0.16645962259271055
GWK60_L17501,51.34886990457168,-0.038884445434529534,0.5371414916308653,0.20387697930440274,0.3118955941758946
GWK60_L17523,2311.9377578605754,-0.3519478542713823,0.3281453224306229,0.1794585470422521,0.28183782567149385
GWK60_L17545,0,NA,NA,NA,NA
GWK60_L17567,21050.887533229143,0.4217428730210811,0.1192073013276498,2.648423716887616e-4,9.103999252470876e-4
GWK60_L17589,53.62211043961541,-0.034046286690417836,0.5368422961386924,0.22473418415803545,0.33732581795687994
GWK60_L17611,1730.9469657242194,-0.31505074962341095,0.5030449955208404,0.2481672162255111,0.36571278669106994
GWK60_L17633,1.0154881054504747,0.029228051790842022,0.5394781194392984,0.5514454872576802,0.6685497744987048
GWK60_L17655,0.24207775540632925,0.017558991268987734,0.5387378817114317,0.7975558976717994,0.8634031109652709
GWK60_M00011,0.5116554183031529,-6.945494250031781e-4,0.5379438506462222,0.9969440735257451,0.9983217348675305
GWK60_M00033,0.47614621092037024,1.975001404055197e-4,0.5370624787600194,0.997372398870129,0.9983217348675305
GWK60_M00055,1.027095807670307,-0.04429963220191613,0.5369234592489726,0.6181661816958799,0.7245469869275382
GWK60_M00077,1393.9336978404235,-0.5259361717600631,0.1375120495970514,5.7797567153789945e-5,2.2849594593581015e-4
GWK60_M00099,1678.9174878385666,0.012751805707342289,0.12323455225062735,0.924459985841479,0.9525398012060545
GWK60_M00121,8349.313434256592,-0.08302594160145967,0.09990140446323949,0.3965425746926463,0.5233169647312694
GWK60_M00143,940.4745088744047,0.2228761320478904,0.14440165241720973,0.1133316565477983,0.1937879187409182
GWK60_M00165,694.8043962553372,0.06758600628161172,0.15527302033433257,0.6522531997317957,0.7527540219907336
GWK60_M00187,1459.3251261135993,-0.3829807072198168,0.1292929354946991,0.0016844128230547367,0.005003752894701585
GWK60_M00209,6.4735952174853315,-0.009831836799000859,0.5033515953122676,0.9527438009994166,0.9690401539913338
GWK60_M00231,9938.860442654108,0.06667520853725929,0.10017244109946183,0.49825344099373353,0.6210719915192278
GWK60_M00253,1274.0697855718377,0.7615484785092586,0.15441940587181627,2.746903744736115e-7,1.4648296034302731e-6
GWK60_M00275,2145.471741006791,-1.8551987976452402,0.12529708097219439,1.4330098402051088e-50,6.278971449832052e-49
GWK60_M00297,742.5768495332569,0.17530127642224433,0.16167548911804186,0.2549068081123196,0.3726160681274886
GWK60_M00319,221.9842324718092,-0.10998040089884606,0.2307740380337942,0.5961544293248715,0.706304639339832
GWK60_M00341,156.98639268124793,-0.4012800018619104,0.2818649203485824,0.09583022066047554,0.16881385241992214
GWK60_M00363,2117.621955087531,-0.021411295057732673,0.11765352977000072,0.8482811169599827,0.8999721777594005
GWK60_M00385,1644.0018077199006,1.0563275402917967,0.13431949228295853,7.981042333840509e-16,9.142553505737122e-15
GWK60_M00407,2946.7890443398323,0.45714871031172527,0.11563282758322944,5.069671823614072e-5,2.0209502993603326e-4
GWK60_M00429,2917.9355727002903,-0.8829622574384489,0.11575481412689761,6.519323331687019e-15,7.009939075257739e-14
GWK60_M00451,806.8227296865376,-0.4852164208894413,0.1530362700318062,9.077004141865991e-4,0.0028358222090274143
GWK60_M00473,753.8966529800439,0.3467241428033641,0.15508843302630854,0.019267208071663683,0.04321970138259711
GWK60_M00495,1427.1316186808012,-0.9286499944782618,0.13246157657181268,6.647842277797112e-13,6.264221271802369e-12
GWK60_M00517,700.3338517808625,-0.6918933784827777,0.16199579633998287,7.655531711412242e-6,3.405481026954786e-5
GWK60_M00539,6564.09526848997,0.676775350202845,0.11026254201935445,2.129739281632453e-10,1.5639901037462902e-9
GWK60_M00561,5791.013025396249,-0.23784910504024645,0.10465442108973826,0.018608905593651862,0.04186804690261938
GWK60_M00583,241.57978604854475,0.1858858296660096,0.22549562834020428,0.364461622897782,0.49099134337600253
GWK60_M00605,1.2416736555861418,0.016133852540129747,0.5307984222850751,0.8648660022840204,0.911681122696347
GWK60_M00627,2.0109860713159144,-0.008620199665665945,0.5260676990622583,0.9376888949016097,0.9607888892188949
GWK60_M00649,473.3811612055956,-0.02142619562816372,0.18009290316431434,0.9020302465805792,0.9362087612982928
GWK60_M00671,3422.9411760509956,-0.30032346749034255,0.11217097280534473,0.006119710488028035,0.01596103062800169
GWK60_M00693,2.1939660774268823,0.012276230692349685,0.5251789410583435,0.921981878196209,0.9507316563160753
GWK60_M00715,76269.62352463289,0.21165852452552064,0.09411944473927111,0.02361849618776918,0.05170110447763962
GWK60_M00737,1745.9868637416932,-0.3926289716975147,0.12405258247597206,0.0010755816947927183,0.003318901731936686
GWK60_M00759,2025.0682437637122,0.1617673692449757,0.12053580888397625,0.16863084051336294,0.26803535653544813
GWK60_M00781,416.83026591656426,0.39546689056258966,0.19669565977638695,0.029928436694823726,0.06389107598107314
GWK60_M00803,4053.041462198609,-0.37170588052894965,0.10924825494881604,4.8467036099989044e-4,0.001600751732498382
GWK60_M00825,1678.1266865714863,0.21231927885679222,0.14178390649400285,0.11909074560320383,0.20140853662967056
GWK60_M00847,2138.6122785841394,-0.7715289767099947,0.12099147534232252,6.05168095858987e-11,4.67250197948099e-10
GWK60_M00869,982.4455023754773,0.9320637877323978,0.15081684255735434,1.696134894132492e-10,1.2650038685600913e-9
GWK60_M00891,258.19418056775584,0.18761633951368287,0.21890066219921905,0.34858202755643247,0.4751994557665859
GWK60_M00913,2392.3029616260515,0.3710036692490241,0.11652531563909949,0.0010682385222611345,0.003298178596623045
GWK60_M00935,0,NA,NA,NA,NA
GWK60_M00957,855.8548680432311,1.5329440422030869,0.15509828489374217,6.228043896744014e-24,1.1995258171824184e-22
GWK60_M00979,737.121025807684,-0.18565159544890705,0.15346378600302013,0.20351696575421285,0.3115261152651095
GWK60_M01001,1153.3747099659113,0.2311622181910811,0.1398694196271386,0.09175801354745296,0.1632533596757623
GWK60_M01023,383.6173177479378,0.14667356511131138,0.1894501830504275,0.40127219606348336,0.5273404666087967
GWK60_M01045,1957.6745840699614,-0.47246860913083727,0.1217906399009455,6.58108430542056e-5,2.5767028444214593e-4
GWK60_M01067,28.1014045217957,-0.3569486068222257,0.5082484823011826,0.21681857656346717,0.3277838055119926
GWK60_M01089,1502.6520364111934,-0.26257050065596976,0.12762268990771328,0.031130848791199026,0.0662009961621625
GWK60_M01111,966.6067250287305,0.727904279310696,0.14707691177329024,2.805827466189944e-7,1.493222754780033e-6
GWK60_M01133,1108.935941792448,0.16293403105414977,0.13767751485886887,0.22383713535880173,0.33645959340096615
GWK60_M01155,938.4929947272785,0.08284763500787759,0.1473815884606939,0.5597702439136001,0.6756822641179313
GWK60_M01177,232.36145251429204,-0.7358744088634269,0.24790342867259899,0.0010047390305875884,0.003116765677185569
GWK60_M01199,1720.9061017291522,-0.3044825222226572,0.12385532691086759,0.011251775088439891,0.02716337622360741
GWK60_M01221,1567.4678409979288,-0.31098913977162546,0.1296109452560349,0.013601593380035143,0.03198442665126332
GWK60_M01243,1423.174521314703,-0.6043519392004161,0.13162661188315533,2.3009264199864233e-6,1.0909171430377469e-5
GWK60_M01265,2834.00204761305,-0.8675978056861242,0.11601574174337062,2.1363312236348057e-14,2.2243226878954078e-13
GWK60_M01287,3282.3190599109453,0.13274254196066496,0.11018667270020603,0.2185563726313958,0.33003142082018355
GWK60_M01309,2081.8212455890416,-0.1373375415709684,0.11877052174044822,0.23568899705402716,0.35076500042742
GWK60_M01331,2788.3937747396853,0.7244041874708309,0.11824690415422973,3.4341189478333247e-10,2.4367877770185725e-9
GWK60_M01353,219.6662462258155,-0.23655086623146815,0.2365937079655172,0.26373598363246364,0.3824389966738813
GWK60_M01375,925.5196078206652,-0.19734394498246238,0.14399837422947914,0.1541817975327409,0.24905926003906345
GWK60_M01397,3187.9260656931333,0.49754866052544827,0.11196530976751144,5.296175545548575e-6,2.4172995675776394e-5
GWK60_M01419,569.6832833297899,-0.12724442860938986,0.1661863785254634,0.4254251221976007,0.5516363236781713
GWK60_M01441,1092.2993054611725,0.6070857716483444,0.14089584708988082,7.893139479003993e-6,3.505247244983361e-5
GWK60_M01463,3594.5006750255666,1.1923176635659702,0.1112577426838652,1.4727473748029873e-27,3.488155719240589e-26
GWK60_M01485,0.23406845551404099,-0.018035937902739278,0.5388751877887962,0.7932702651911353,0.8610683431822852
GWK60_M01507,2325.3031442675806,-0.020695453531158668,0.11593722896632314,0.8406515412956603,0.8933196855563019
GWK60_M01529,2268.7407043140347,-0.4857912955346248,0.13542546637020159,2.4094258975459272e-4,8.359797169031337e-4
GWK60_M01551,4288.648215303878,-0.02759060631342864,0.11565506700453265,0.7999126351943275,0.8650421184927892
GWK60_M01573,360.2048329668577,-0.06628051425039463,0.19248513092939992,0.7155706794694368,0.8048065524385666
GWK60_M01595,1079.4471886313843,-0.0927022263591443,0.1379030295608392,0.4853177357916991,0.6093124772666556
GWK60_M01617,41.68412118141541,0.2248651956208803,0.4199746646565803,0.4189497928323698,0.5449871377319645
GWK60_M01639,2344.8247192932326,-0.15881332770159576,0.11628930165730493,0.16124422432885466,0.25840357559314775
GWK60_M01661,24535.346261533115,-1.2395240114006976,0.09788361896887117,1.517763463847463e-37,4.9567703682670563e-36
GWK60_M01683,3324.1665175119697,-0.6365681861755718,0.11218670039442828,5.910298719349462e-9,3.7441386344987316e-8
GWK60_M01705,13065.736680686146,0.29415105313495576,0.09774646115485741,0.0024740379420841517,0.007120137657076338
GWK60_M01727,15788.5346819916,-0.0738093515837039,0.11681749795055685,0.5112323508182302,0.6318899155153396
GWK60_M01749,1617.8115673937793,-0.478184777957518,0.14251697077558612,5.609774892470818e-4,0.0018297888576061763
GWK60_M01771,44.06125987975854,0.18411035624444747,0.3943987315995739,0.5081713772522065,0.6295864989613812
GWK60_M01793,35.99251136614471,0.38391922199371864,0.4733279400664316,0.2020242836220297,0.30960177303545094
GWK60_M01815,1817.424243129019,-0.046855971426248574,0.12236699372272154,0.6931487141260005,0.7880164192161105
GWK60_M01837,2120.049318802849,-0.09510688156151835,0.11819510433208387,0.40081446289915335,0.5271341785702222
GWK60_M01859,1368.0153431282044,-0.24577317849574173,0.13007832367653158,0.05080596110757006,0.10084475028448599
GWK60_M01881,311.21110395025363,-0.5074034814173451,0.2144346718304627,0.00984417708245889,0.024142109654649645
GWK60_M01903,986.6171689273605,0.564983285242551,0.1445157526636594,4.436188357942706e-5,1.7873929797749231e-4
GWK60_M01925,133.8692844028073,0.06441755283880041,0.27221134107255124,0.7858051325834395,0.8563240180567305
GWK60_M01947,834.4355480642746,-0.120067777104097,0.14832719270563546,0.3930449950412553,0.519645608229047
GWK60_M01969,651.5256366849992,-1.1566652709324179,0.16850205377700186,1.1816581931161494e-12,1.0862165698259988e-11
GWK60_M01991,823.9879195009281,-0.39213382725303625,0.15140031687646419,0.007305350614690228,0.018648975442416407
GWK60_M02013,933.1313527706423,0.35617326893098167,0.14651218770744254,0.011898858799970399,0.028451204897791887
GWK60_M02035,2955.781790863537,-0.19132546220424487,0.11770692275234994,0.09406153246999184,0.1664886258851786
GWK60_M02057,640.5630146568335,0.3047893613339059,0.16216619039983451,0.048319207557066174,0.09685882115417632
GWK60_M02079,790.2327026753388,-0.9494215661524633,0.15788783429676212,4.408574452461603e-10,3.101648345251915e-9
GWK60_M02101,472.95116701509664,-0.2630810093220783,0.17818851479122505,0.12267878750770599,0.20615054800751617
GWK60_M02123,6634.3247118255385,-0.749566238841765,0.10544642126515234,4.04647473735701e-13,3.868429848913301e-12
GWK60_M02145,1303.1599941035902,-0.856741407195685,0.1356408530769756,7.807610191635648e-11,5.975606169959278e-10
GWK60_M02167,963.5519111724757,-0.5282260422866011,0.14516276683049978,1.5157492750231887e-4,5.50021372537745e-4
GWK60_M02189,597.3290816962452,0.3066191491277217,0.1655726527419982,0.054430865998663716,0.10686986311462801
GWK60_M02211,1208.9625756082678,-0.18273070714945827,0.1377639992343305,0.16852946804494098,0.26795522920480785
GWK60_M02233,331.2958757514483,0.3085517168938965,0.20736090591497194,0.10594269193446224,0.18348045921982953
GWK60_M02255,39.524845305014,-0.23420332335493305,0.4180779406677831,0.40344206566717783,0.5295302998697007
GWK60_M02277,567.3509354986206,0.3967738251442331,0.1732575484259044,0.014990242682471223,0.03475152633361999
GWK60_M02299,487.74085410703685,-0.19511696054810557,0.17525417594470297,0.2363771611426549,0.3515901310574482
GWK60_M02321,2512.2534922773802,1.1470848472272401,0.12614918786693097,1.6758434564883833e-20,2.6621102399443866e-19
GWK60_M02343,7244.188577892724,-0.33447066687249966,0.1064659271141988,0.0013057496700866595,0.003954857007670309
GWK60_M02365,332.46719237689797,0.16558469879682722,0.20222153946334862,0.3720941231971274,0.4982100585104395
GWK60_M02387,14061.851568947062,0.3413348848210247,0.11369641499238226,0.0020211066040103243,0.0059038769577146035
GWK60_M02409,1145.1778939571097,-0.08531606780555524,0.13790111851281953,0.5211155831573757,0.6400733468387254
GWK60_M02431,1.5034285873271345,0.013876991893437475,0.5366381190630615,0.6759459536499184,0.7742557472330872
GWK60_M02453,1401.1485103310558,-0.21322170422827375,0.12926643094834184,0.08924376146391368,0.1596639992816936
GWK60_M02475,604.2531932903386,-0.003528422601992552,0.16277926694233205,0.9795664834447319,0.9882119282333846
GWK60_M02497,2036.3466448657323,0.8257422385381561,0.12950507004506515,5.881452833708987e-11,4.547746911712037e-10
GWK60_M02519,2839.18913744146,2.7701705783189117,0.12411930013679989,1.4753304719852365e-111,1.5831199227955865e-109
GWK60_M02541,714.2183451516033,-0.06286985873711964,0.16048201760345077,0.6826467137152586,0.7789401954676279
GWK60_M02563,1217.706515029011,-0.2685424430575581,0.13404812002313793,0.03821710851372399,0.07923720684746086
GWK60_M02585,85341.49364996291,0.03567844061240135,0.09360877731119692,0.7421880990131818,0.8246692927273936
GWK60_M02607,13.05124511327904,0.6475225449413413,0.9026946320846698,0.04865524179864629,0.09723651135586553
GWK60_M02629,2220.261407976356,0.31599374502010374,0.12247535475603115,0.00799847781105264,0.020199806114560414
GWK60_M02651,589.298679901668,-0.049827524980787755,0.16325171179976694,0.7500378741449832,0.829925349892384
GWK60_M02673,1878.1463115116887,-0.45237737173581183,0.12252718061237206,1.4102451722762245e-4,5.15651537957468e-4
GWK60_M02695,2506.4593378793184,0.5963607141623883,0.11665320814650344,1.4988354399947617e-7,8.260877089614735e-7
GWK60_M02717,51107.04138922205,0.13764830106994097,0.09439561413106393,0.14812559159685082,0.2410536554058315
GWK60_M02739,3666.438381577421,0.7262668436857097,0.11135445736175317,2.007195492708427e-11,1.6646425710821625e-10
GWK60_M02761,1938.1411853786708,-0.16435887975358818,0.12453575845416257,0.17460831193964188,0.27537207683822346
GWK60_M02783,28.06609444033831,0.022243728549325666,0.43074856991613314,0.9321123469071684,0.9574226841253939
GWK60_M02805,4769.443452171246,-0.3635463137887577,0.10925121279691229,6.216517197566494e-4,0.002005303522994149
GWK60_M02827,1426.969031928716,0.10158743154752663,0.12796919525296957,0.41400129503656197,0.5397517503848854
GWK60_M02849,1142.484381075381,-0.7319187754737887,0.13973414580937796,5.991062190856534e-8,3.450274370155931e-7
GWK60_M02871,203.00812158298265,-0.12138784497848427,0.23667024887060018,0.5664613909987901,0.6812566317181241
GWK60_M02893,284.9045226348737,0.3730472237112178,0.22031180257155927,0.06240564362018666,0.1195369304753885
GWK60_M02915,908.5933635585185,0.08335888649346869,0.14387531313444257,0.5499760767837251,0.6673838476180075
GWK60_M02937,1010.1143441776518,0.21202933724487424,0.14394525382916856,0.13187041481093154,0.21900651960703663
GWK60_M02959,1197.2661459682113,0.3314792934371055,0.14199249839827424,0.016483466126202186,0.037584590152459275
GWK60_M02981,1412.912499154902,-0.22696286089048168,0.1300539284187898,0.06549923028147268,0.12415102841383684
GWK60_M03003,1618.8848306241741,0.47175023605008243,0.12969455680413283,1.7292722083823287e-4,6.189593786027422e-4
GWK60_M03025,2129.5805440650793,-0.05767513953765749,0.12006370901329269,0.6192212324016066,0.725621849781067
GWK60_M03047,1689.3747511676763,-0.5358075693502187,0.12583703046059466,1.0956835240615755e-5,4.773077025282323e-5
GWK60_M03069,1546.0988788841669,-0.06818517825186296,0.12594270822256123,0.5800237682645948,0.6922742071671361
GWK60_M03091,11762.28290668617,-0.2246907467256539,0.099013127147987115,0.01811278426638385,0.04085672229628755
GWK60_M03113,2394.1293960537328,0.2996850764942302,0.11636886529851971,0.008250767404875752,0.020737349433478346
GWK60_M03135,152.84023136461894,-0.5036536273128654,0.28586427938931375,0.03991493151847947,0.08220631019356249
GWK60_M03157,209.78297108264996,-0.07429329028905093,0.2329813712373602,0.7219428871130368,0.8088590880972399
GWK60_M03179,1.510938355232594,-0.09502025979547508,0.5490008599478319,0.1991248249693986,0.30662230796637585
GWK60_M03201,2028.5684472196533,-0.0055806316702832134,0.11875738957347329,0.9528219087362487,0.9690401539913338
GWK60_M03223,3140.5400702493043,-0.5479749162642354,0.11457764903804621,8.386709971343639e-7,4.1679887551346746e-6
GWK60_M03245,2695.5845028147846,-0.28148896808808127,0.11466765906238992,0.011478310258191697,0.027621489857012335
GWK60_M03267,29.576635650439336,0.12588293280557517,0.42842637275443607,0.63800067333515,0.7395901052024337
GWK60_M03289,6304.149986954256,-3.4215562247077314,0.10759540535574981,4.079284665755457e-223,1.429925251502813e-220
GWK60_M03311,699.5682725253251,0.8393512608935578,0.16364227685715774,8.686885545115694e-8,4.927253958599603e-7
GWK60_M03333,0.7300182372829889,0.02435711286437241,0.5362211697328109,0.7583378734624726,0.8366220181841547
GWK60_M03355,0,NA,NA,NA,NA
GWK60_M03377,44.753421253613475,-0.1530240682765937,0.39153627854846157,0.574363228130725,0.6880842682869338
GWK60_M03399,709.9641197172735,0.9308510887542338,0.16250193777113417,2.60459069688957e-9,1.6991238069783322e-8
GWK60_M03421,0,NA,NA,NA,NA
GWK60_M03443,9580.908860361182,-0.33730202338499243,0.10644927413453334,0.0011515768235480406,0.003526494431109841
GWK60_M03465,2164.557179723132,-0.1214769059025907,0.12292650696985812,0.300599014901588,0.42366174217382524
GWK60_M03487,2255.9148632117617,-0.047028141316887956,0.11659105216402037,0.6784269790073971,0.7758088420228131
GWK60_M03509,891.7359771770118,0.20947553251996245,0.1482370156348328,0.14080634224379945,0.23121790990565194
GWK60_M03531,904.5898653491365,0.7142095315585864,0.15201823538150985,1.0010388139668245e-6,4.9283352844921e-6
GWK60_M03553,896.9689669039866,-0.05159825432827219,0.1450890464640484,0.7123477348928253,0.8018677777920094
GWK60_M03575,374.1276529934249,0.36267383237810835,0.20089594392979804,0.05198246783819702,0.10263755760166728
GWK60_M03597,650.1647138008709,0.30440761705500585,0.1617518195378544,0.0485672557165305,0.09709757815875185
GWK60_M03619,2564.094453486681,-0.34371036643831765,0.11494152770790324,0.0021243594077731374,0.006183333431889834
GWK60_M03641,3031.9988837326146,0.3826375558043571,0.11295735110753653,5.456596909365832e-4,0.0017820364316425805
GWK60_M03663,1295.490313007063,0.7891162306237479,0.13855962183254467,4.330878226000617e-9,2.7838334611627438e-8
GWK60_M03685,4506.613495432199,0.42326638342960315,0.27055932109206704,0.07125324077957285,0.13309608278560175
GWK60_M03707,2951.979432360909,-0.4929148339394274,0.11329087173433289,8.511492738018634e-6,3.767123637752691e-5
GWK60_M03729,1096.1017869165828,-0.10676591848406886,0.1396581848174058,0.4260564351466932,0.5520465096109692
GWK60_M03751,934.4729557836126,-0.8194500899969557,0.14899749750820301,1.1743876821213437e-8,7.256087464857844e-8
GWK60_M03773,34487.909248737946,0.2540828811228186,0.10020570307776651,0.010447418793999354,0.02545529565284921
GWK60_M03795,1709.104332750474,0.27928156173664304,0.12420119026636887,0.019477286420268466,0.04363509671826655
GWK60_M03817,3839.9537573704238,1.202003084795141,0.11315788881149441,3.9541656523035745e-27,9.039566521657477e-26
GWK60_M03839,953.2654801143013,-0.1390918969650983,0.1421600253609079,0.2983873284465677,0.4210736910821398
GWK60_M03861,475.5205637016109,0.39417770190164886,0.18046601015192115,0.020124473016714026,0.04489371197364546
GWK60_M03883,348.3015541771832,-0.667267873958677,0.21120894255796493,6.090268245236584e-4,0.0019669920413669505
GWK60_M03905,2660.5595697690774,0.004019000528275881,0.11620308662028365,0.9701966644845994,0.9810180888192352
GWK60_M03927,340.113015471616,-0.6579235988122448,0.21138151739613886,7.486885553363911e-4,0.00237717658451615
GWK60_M03949,1779.8530356727777,-0.01636140663860439,0.12349472076044721,0.8934430428060982,0.9316704325118389
GWK60_M03971,922.8856483590557,0.46027165603205666,0.14640428139666573,0.0010583301412625263,0.0032738109056392023
GWK60_M03993,582.4869220379344,0.23405596469410608,0.16676684176388093,0.14458827864735715,0.2361950411293823
GWK60_M04015,301.43758344247823,-0.20804280172190687,0.20861278356981314,0.2775598137094091,0.3978760906445128
GWK60_M04037,1156.1476119945448,-0.24678183920227456,0.13998572562318864,0.06772612863066677,0.12763583668102002
GWK60_M04059,1795.6754471995705,-0.3526412957121082,0.12304388976582242,0.003142037851718412,0.008829949238019994
GWK60_M04081,5096.8947075133,0.12874414668486295,0.12201199844819116,0.27926959223554904,0.3994557986873006
GWK60_M04103,4611.1124660496025,-0.44900728070282453,0.11771210788109912,8.395953912996037e-5,3.203623053304294e-4
GWK60_M04125,1167.2527501284533,0.5172483330831572,0.13894528525424332,1.2655639794531938e-4,4.6927612157721387e-4
GWK60_M04147,615.518749977299,-0.23385782912671652,0.16498519745328688,0.13567700549500633,0.224406950265097
GWK60_M04169,456.1808126420229,-0.03885345564177384,0.1782106061687971,0.8286143575491257,0.8844729641231749
GWK60_M04191,3297.861306283816,0.9336320923263189,0.11249003378012717,2.7390169695485765e-17,3.5559879570089914e-16
GWK60_M04213,322.0189042030137,-1.3883496623142697,0.22165522225626863,5.431975040864404e-11,4.218807203081985e-10
GWK60_M04235,2637.4905223308624,0.2126811374030434,0.11669050988650047,0.06187055752005998,0.11868492938361014
GWK60_M04257,129.28615141369517,0.48710058097694303,0.31167355249963546,0.06072215832247966,0.11678021523759988
GWK60_M04279,2036.6671342782388,0.026357344665683867,0.12120961701164311,0.8238964163813115,0.8810720147926405
GWK60_M04301,629.5972013012266,-0.10311088302667183,0.16050397822674928,0.49977083381446447,0.6219633240701667
GWK60_M04323,71.7796512674457,0.31743639898943654,0.3636219207001171,0.25378115668060763,0.3715560780557244
GWK60_M04345,1870.7900614178984,0.3005981495872183,0.12207165804274439,0.011566062827304753,0.02780720546226264
GWK60_M04367,1236.1469841668352,0.09259125965808432,0.13334479062417437,0.48176924684436306,0.6066989634440957
GWK60_M04389,117.37040075523265,-0.02161819632253085,0.29287791142597974,0.9273591285363929,0.9545823584450642
GWK60_M04411,256.74713019782456,-0.07467282318046259,0.21751911635957535,0.7059344125828587,0.797150759446495
GWK60_M04433,1196.6629885784253,-0.12296004034856119,0.13652614760998075,0.3476653598309743,0.4743187498679976
GWK60_M04455,349.69994523144396,0.24545470457198326,0.19938119796445525,0.1845949316522931,0.28809740297647884
GWK60_M04477,985.5279805314526,-0.2966083312462008,0.14296787175292425,0.03171907634245104,0.06730383511243243
GWK60_M04499,248.5306242985816,1.1289994413517712,0.24772159932694787,9.111580446225198e-7,4.502696427279332e-6
GWK60_M04521,1235.6907855767026,-0.37598207649072635,0.13461123481230663,0.0038045126176597557,0.01041881632482031
GWK60_M04543,93.37144038191674,0.3337358007120454,0.3366061080439797,0.21347406968180319,0.3241255149832288
GWK60_M04565,182.4401199361653,0.20375124801813368,0.24908405508925166,0.3568474381302306,0.4829610887229736
GWK60_M04587,980.0065898137683,-0.48213857527174014,0.1451176771800864,5.386838033120538e-4,0.0017614424364519768
GWK60_M04609,1600.423607650375,-0.1263419503999689,0.13000472635581387,0.3230097297731676,0.4485508669930591
GWK60_M04631,631.9310229908979,-0.2926963364758208,0.1713954133221025,0.06943000591556592,0.13019364162055835
GWK60_M04653,876.4674176034594,1.4215638791568994,0.16481383254613372,8.608069017706861e-19,1.2232764025703426e-17
GWK60_M04675,666.019148790199,0.3151669554047196,0.16136976237016093,0.04024794577808375,0.08279487437447745
GWK60_M04697,394.1853793984453,-0.7656563191366773,0.2018785010135046,4.888035448904255e-5,1.954470752117002e-4
GWK60_M04719,0,NA,NA,NA,NA
GWK60_M04741,4483.919627476133,-0.1202265289748984,0.10643595429482629,0.23899673757173598,0.35489385871330015
GWK60_M04763,5341.168610082072,0.9476688086560437,0.10585824629670436,6.166701147787466e-20,9.371247004354478e-19
GWK60_M04785,0,NA,NA,NA,NA
GWK60_M04807,13005.20219898002,0.06620941304593177,0.1010387923360542,0.5164900916604273,0.6368913935156019
GWK60_M04829,1229.0982119544183,-0.19637101769635362,0.13427024963792408,0.13319635274628633,0.2208597990349964
GWK60_M04851,28.889949351694963,0.07637498244298992,0.4194668187558685,0.7762777098527958,0.8498164060807829
GWK60_M04873,356.4766760781424,-0.28803860414179216,0.20628756771804008,0.12831963718570255,0.21390928369762574
GWK60_M04895,3601.361462646813,0.07034769387763565,0.11716660927753245,0.538546168466745,0.6567512057455234
GWK60_M04917,5797.004543658965,0.11535797266688864,0.10497608666658077,0.26704268734479986,0.3862752269763295
GWK60_M04939,1600.8237115739498,0.13294451905792562,0.12532499250689846,0.2685434977198117,0.3879125579699917
GWK60_M04961,2844.114254889357,-0.23003665537285786,0.11263674196076916,0.0352228360215434,0.07387382201885728
GWK60_M04983,3000.6226467655697,-0.11083770248677696,0.11110368125806808,0.3055039566658611,0.4287002412994656
GWK60_M05005,0,NA,NA,NA,NA
GWK60_M05027,0,NA,NA,NA,NA
GWK60_M05049,34.16795330109474,0.9188822010525802,0.6508874153956982,0.022228577320710704,0.049005391845826786
GWK60_M05071,3223.3187190332387,0.42086168563307247,0.11787033282539046,1.8512925146781854e-4,6.599387147239254e-4
GWK60_M05093,1966.378436693622,0.2531369290744458,0.12128091690372882,0.03202855948854082,0.06790571201239823
GWK60_M05115,460.88214312149717,0.08807950594556467,0.17741014062043886,0.6006336679131503,0.709904007707922
GWK60_M05137,899.5244577742732,0.3228808005610725,0.1489696515656679,0.02378301975789492,0.052017935893099616
GWK60_M05159,755.5194101012253,-0.10129871269411311,0.15159113626841297,0.4850178272541967,0.6091650634270253
GWK60_M05181,749.8919245155649,0.04061900670286483,0.15172060236417373,0.7830708728672401,0.8540524060435487
GWK60_M05203,75.33043588741029,0.619999367508991,0.41139668983866307,0.04472555931367211,0.09069301614781641
GWK60_M05225,1387.0046168784706,-0.15581965819126176,0.13423387858452265,0.22917854149773764,0.34291996903674005
GWK60_M05247,152.563323991433,-0.5833372075180641,0.29139629016268087,0.01957476340842044,0.04381613708023613
GWK60_M05269,3229.244216799322,-0.32615486895551926,0.11449381851195639,0.003469604335522524,0.009642272513835853
GWK60_M05291,1985.1318295441604,-0.11111402421810289,0.13324180800820468,0.3683896776340464,0.4947619220944613
GWK60_M05313,329.6598975018785,-0.357932123366817,0.2056260229777926,0.05730803866905305,0.11160209900810406
GWK60_M05335,3.0573859178479705,-0.1977061340134824,0.588391924816547,0.0397113739926567,0.08197974262009773
GWK60_M05357,3564.0867770443465,-0.3519918239392362,0.11593330463850653,0.0017689465296568201,0.005237117597373626
GWK60_M05379,531.385938836298,-0.08993067448489286,0.1710268057851754,0.5800989267360976,0.6922742071671361
GWK60_M05401,514.3796189832823,0.02352494888013732,0.17270278497432537,0.9055563941107019,0.9389500138501421
GWK60_M05423,2592.206340748331,0.40757792642259105,0.11715575521424226,3.5904015679154457e-4,0.0012132603755847951
GWK60_M05445,1429.5158059440098,-0.0672798289192281,0.12777959785248866,0.5867672827690483,0.6986463706520961
GWK60_M05467,1508.723813424167,0.6547986792178618,0.13182900971081998,2.968547941970659e-7,1.5687060380785653e-6
GWK60_M05489,0,NA,NA,NA,NA
GWK60_M05511,719.5178759731667,0.13122746833059878,0.15415457462396523,0.37463704917718404,0.5004678873408622
GWK60_M05533,527.1303013605668,0.85706764329912,0.2034672541070206,6.4271377458417e-6,2.8958359513783316e-5
GWK60_M05555,4064.0383179889714,-0.012358029355016602,0.2555721298639317,0.9413038559641084,0.9631937164817536
GWK60_M05577,1663.8398699817062,-2.2783534355347637e-4,0.13076168872347899,0.9811910293196913,0.9892813868001795
GWK60_M05599,703.9529301637397,-0.006990518009035551,0.1545476933792893,0.9610728584942847,0.9740403026142923
GWK60_M05621,325.760244925117,0.30198203969061654,0.21446426357777287,0.12526439552822605,0.20949115511686148
GWK60_M05643,1101.1607099047674,-0.5874126215057688,0.1446759484528851,2.378668069131076e-5,9.973713482847846e-5
GWK60_M05665,1207.9453759147023,0.042369245832282736,0.13356074025590722,0.7436923290665931,0.8258027805735733
GWK60_M05687,1225.3774362450024,-0.06693079287624885,0.14019467391237936,0.6299659323060882,0.7346109718486166
GWK60_M05709,782.2134087348376,-0.031492647244194115,0.15691869072047926,0.8249883311174385,0.8820229046391809
GWK60_M05731,1396.2445071737227,1.2963136172048675,0.1473710871776521,1.3500252778764678e-19,1.99955856649985e-18
GWK60_M05753,340.53654050344363,0.839913131661843,0.21415376758919588,2.5618868664785476e-5,1.0682316529694055e-4
GWK60_M05775,1.951888322020553,-5.625930583755643e-5,0.5260718446778255,0.996333890339821,0.9983083719456818
GWK60_M05797,2369.8344128188846,1.0739843373720344,0.11919756637746527,3.73013559241425e-20,5.73481080260647e-19
GWK60_M05819,1674.5442176906618,0.47348398928845004,0.12610533056185627,1.0891394517491772e-4,4.081749990945954e-4
GWK60_M05841,580.8829544096163,0.5089156809945373,0.1706239471968359,0.0015234898262519684,0.004559197214816647
GWK60_M05863,696.3994045536941,0.04533835719730252,0.15497732311063733,0.762799035057689,0.8401948723992948
GWK60_M05885,1102.0082420295753,0.06741459578790199,0.13873775054616233,0.6242272296643873,0.7301861565239929
GWK60_M05907,121.50148887294827,0.2868211646470627,0.2971222086716501,0.2504654259305621,0.3681647894472349
GWK60_M05929,6933.323939785589,0.24335144683155527,0.10147182936232578,0.014594266031523992,0.03395427026272263
GWK60_M05951,841.4018205799244,-0.12847769282649465,0.14793814284400328,0.3633448804022625,0.4898791173534069
GWK60_M05973,1567.1573842924818,0.16877421814946944,0.12974226156880755,0.1621292194140441,0.25958448102285137
GWK60_M05995,129.97443845187104,0.44699523833401317,0.305898755161858,0.08073546352889725,0.14698998172955047
GWK60_M06017,326.6607613799603,-0.2008485253916722,0.20284635382803198,0.2839000452430643,0.4045947204786214
GWK60_M06039,18512.19928044001,0.5302130204111803,0.10335656691980485,1.6044313289010564e-7,8.815151439249483e-7
GWK60_M06061,3684.1293851755845,-1.079421163024064,0.11878256076830326,2.4606925284851514e-20,3.862185467096993e-19
GWK60_M06083,1982.7806818569818,0.3750938601193645,0.12229081110058515,0.001846632109079144,0.00544259620489806
GWK60_M06105,543.108285582268,-0.2891906853929818,0.17579523177176287,0.08438590656819209,0.15252701847217395
GWK60_M06127,2105.7658678010944,-0.33503231075997586,0.11929271075785858,0.003841200641709199,0.010491965181354269
GWK60_M06149,306.59944973040587,-0.07550072204574661,0.20929029928289608,0.6947189174834917,0.7888928880494532
GWK60_M06171,1192.597347235893,0.3510161382491928,0.1360333642424375,0.008295434819183897,0.02082970213909691
GWK60_M06193,4375.562904662567,-1.070938425524903,0.10975989934232669,3.8477294698949476e-23,7.1488910080239e-22
GWK60_M06215,1268.4366148704776,0.6082623314274775,0.13538936632779788,3.565287832680025e-6,1.6633791858235644e-5
GWK60_M06237,9.539802930462791,0.10247391512040657,0.4975969981534472,0.6306943682829926,0.7351343357197905
GWK60_M06259,32952.924192986815,0.18297434421825226,0.09625734821132684,0.06039181210504202,0.11618739409012474
GWK60_M06281,335.1463426177874,0.04318338042022367,0.1995976144146735,0.8173071443755854,0.8780958245048688
GWK60_M06303,1277.231304580869,-0.20938774974940197,0.13288338699034963,0.10553114828983876,0.18288819304811213
GWK60_M06325,2094.4637421010393,0.5799305851839229,0.12053398010376376,7.723994150375029e-7,3.8642018308917125e-6
GWK60_M06347,981.9349210387705,0.04442282345326239,0.14183679157625337,0.7519752777931249,0.8316966787202883
GWK60_M06369,2081.9186851240293,-0.749093511808144,0.12457109469006931,6.408493557486853e-10,4.439507131128574e-9
GWK60_M06391,72.7877438405994,-0.04752610957302929,0.3311000547893393,0.854113620816247,0.9041082849481791
GWK60_M06413,2713.9398210414647,0.06294080392994819,0.1160516553886971,0.5791470700698085,0.6920807487334212
GWK60_M06435,97.53673126080866,0.20445527599517047,0.31175543797667865,0.42521998206392647,0.5515468009251293
GWK60_M06457,35256.016911828956,0.24353976130325136,0.1032714585356037,0.016118061845477677,0.03691148483602858
GWK60_M06479,36539.4207988909,0.3475006815306722,0.09683775945917598,3.3421583705963955e-4,0.0011337463685545707
GWK60_M06501,985.7703734635478,-0.18633057897652774,0.1413675168674627,0.17109630927937988,0.2712162780195898
GWK60_M06523,547.5677559884505,0.9849121277563213,0.19495367446598466,9.43520437342364e-8,5.322994055307028e-7
GWK60_M06545,455.8042689920965,1.3320825134029788,0.20455299832512164,1.0045674500038263e-11,8.659042052655931e-11
GWK60_M06567,814.1437068072619,-0.14518100434680095,0.1489971190715279,0.3104064834618906,0.4341892232089973
GWK60_M06589,503.7598443109615,0.03656904921531596,0.18012751287244025,0.8179450019659147,0.8782427650269102
GWK60_M06611,5933.826476838873,1.4504209968522423e-4,0.10898210215059155,0.9996770019811124,0.9996770019811124
GWK60_M06633,5315.587054607207,-0.14872715753807614,0.1037023491289893,0.13844014524166642,0.2279454424350009
GWK60_M06655,944.0046244325532,-0.11374832441856454,0.1422547482171739,0.3896225923820383,0.5164193573846124
GWK60_M06677,2113.763956982845,-0.9673626253440692,0.12483645149360009,2.032106218947045e-15,2.263731885428721e-14
GWK60_M06699,0,NA,NA,NA,NA
GWK60_M06721,571.7556729039655,0.10002787230564061,0.16630713159435898,0.5376712606194491,0.6563908726113451
GWK60_M06743,1200.477373971965,0.265404830761089,0.13677387744831207,0.04799707337527186,0.09636067652049617
GWK60_M06765,464.77787095322014,0.48774675803128176,0.18560976215021688,0.005035674819355556,0.013440395025467773
GWK60_M06787,1307.3974852818253,-0.26912278035650233,0.13526394866719207,0.03837981899264491,0.07954319600446469
GWK60_M06809,1263.227910848317,-0.38083444268196376,0.134584465222887,0.003387587551442848,0.009439287411492577
GWK60_M06831,632.3555382953731,0.22451061245879883,0.1614828304280973,0.14473068112723053,0.23633351595247767
GWK60_M06853,133.7518466296321,-0.05292318099202399,0.2724252345710537,0.8200715031033401,0.8786636739865047
GWK60_M06875,895.9349434705084,-0.14026326125769484,0.1444317712796998,0.3008002177735164,0.42366174217382524
GWK60_M06897,1154.0891017424242,0.21433265528037587,0.13916852816384453,0.11632790211296622,0.1978816270818429
GWK60_M06919,656.6630873457534,-2.4234499286190987,0.17625643878834185,3.9845600659713316e-44,1.5634937930505418e-42
GWK60_M06941,247.81160438173646,0.2625419406223435,0.22770152580910114,0.20271083685146327,0.3105633974839726
GWK60_M06963,44.599150795361766,-0.2169551084753371,0.3988401878012305,0.436086936855336,0.5622719749841484
GWK60_M06985,620.5628204393447,-0.5592255599950504,0.17470775728614982,6.858120695598783e-4,0.0021961022300522777
GWK60_M07007,3944.493366523191,-0.29976819779179376,0.11396933121025352,0.00694479692018364,0.01782995224918241
GWK60_M07029,1306.9826620846204,0.2172107748453945,0.13160397352333172,0.09181060946390816,0.1632533596757623
GWK60_M07051,425.7502376267271,0.4028361952290443,0.19213551145635452,0.023340068116971188,0.05117684660510196
GWK60_M07073,5558.583302310437,-0.41357818276788566,0.10432533855662078,4.345921282464525e-5,1.7537109825938965e-4
GWK60_M07095,328.90019113794267,0.1856976062503884,0.21140584296825127,0.3374042405630955,0.46356715361399425
GWK60_M07117,1072.1294726986941,-0.38492143379309524,0.14176282212541533,0.004717118146035748,0.012667317268567908
GWK60_M07139,12246.603580512221,0.07076218936652003,0.10200717073649301,0.492264058760979,0.6158278422472585
GWK60_M07161,570.9242909047816,0.15519634305635907,0.16581462121309515,0.33455305331925117,0.46049213464728345
GWK60_M07183,755.6154242524271,-0.1873024560621303,0.15284570862658714,0.1999612630747642,0.3073359606100877
GWK60_M07205,1872.3867046632154,0.8338294147816975,0.12581695152552572,1.2948390467103623e-11,1.0945761587786311e-10
GWK60_M07227,257.01575125276463,0.10163564294038238,0.22096330327644545,0.6151066408671856,0.7222489320410141
GWK60_M07249,603.9810966600559,0.30203924557053413,0.16515947255837407,0.05612323496018292,0.10970110387384453
GWK60_M07271,473.8977447716559,-0.12258531259713833,0.17591607049452102,0.4551629510748329,0.5814496590747015
GWK60_M07293,618.9508714098639,0.5501287371982975,0.17031479955813345,6.704827589549807e-4,0.0021509446898018846
GWK60_M07315,1026.1277599319876,0.09175369203683119,0.14073723509448616,0.5039346803874234,0.6255166547396299
GWK60_M07337,16.231074866204672,-0.12095650404838776,0.4705502655163121,0.6195396442930308,0.7258332107158547
GWK60_M07359,3257.7845232580935,0.8209039156877979,0.1126534230469298,1.0673670513757011e-13,1.0609103886830692e-12
GWK60_M07381,324.08983761154155,0.4117439456485804,0.20808279072704794,0.03182115247641882,0.06749319069020175
GWK60_M07403,775.706421612875,-0.1289765155454464,0.15330928357019277,0.380436480366883,0.5074416574756648
GWK60_M07425,5246.638910853993,-0.5414878532548127,0.1081771070526777,2.636008574164612e-7,1.4089749479618119e-6
GWK60_M07447,928.3588270354528,-0.220753661509082,0.1438132558983616,0.11034959108692993,0.18942806070358392
GWK60_M07469,196.5960795620941,-0.026543813463970722,0.2401830330604404,0.899802620816536,0.9355560862447836
GWK60_M07491,1880.6109465514196,0.2089992480934793,0.12103044690074366,0.08233033991695626,0.14937644143663079
GWK60_M07513,0,NA,NA,NA,NA
GWK60_M07535,864.1943007534478,-0.25239697253415855,0.15000540961415226,0.08054859693340477,0.1467005620629866
GWK60_M07557,476.0501388908958,-0.39863835572687095,0.18105025286819795,0.020837724422023068,0.04622985443501996
GWK60_M07579,803.4653882224029,-0.12107811084257071,0.14905050731902464,0.3968171811303863,0.5233169647312694
GWK60_M07601,2459.12420810651,-0.7025632967887303,0.11990084731906403,1.7184727093578624e-9,1.145212865120867e-8
GWK60_M07623,108.4101065672065,0.06937090324144539,0.2968790020815484,0.7842493620177958,0.854805793011934
GWK60_M07645,10601.04256269127,-1.1912891134125758,0.10031961220275767,3.166738583579043e-33,8.763532353925584e-32
GWK60_M07667,1378.553240719455,0.7335909411004787,0.1359649766032213,2.4852575653879046e-8,1.4832558772769128e-7
GWK60_M07689,959.3124439780505,0.4805079273899565,0.14511472812996007,5.676698386924013e-4,0.0018481783355075207
GWK60_M07711,6281.394761796663,-0.15770030681431638,0.10346234581364422,0.11498383766830786,0.19597569480063623
GWK60_M07733,35.42339463949031,0.18327887811502036,0.4166541734366894,0.5098058495174718,0.6305714318425939
GWK60_M07755,127.96055868220863,0.656563395679938,0.3224760979931136,0.0150059963814015,0.03475152633361999
GWK60_M07777,0,NA,NA,NA,NA
GWK60_M07799,151.395590728595,0.9480764468382836,0.3088397826016627,4.596837184338022e-4,0.0015297575895727418
GWK60_M07821,116.74033368092613,0.3721027838733491,0.31944099984592295,0.15315416104545512,0.247779870392924
GWK60_M07843,1146.4083943228854,0.9251583689347398,0.14442571190310113,3.797799186310847e-11,3.007353632774463e-10
GWK60_M07865,2159.3255159350138,-0.010347850012694091,0.11854111922793364,0.9159053227003555,0.9461355966126659
GWK60_M07887,227876.40928725575,-0.426768916694067,0.0966747888056201,6.859068486662939e-6,3.0693601789679774e-5
GWK60_M07909,1396.7016351187867,0.35047826234404605,0.14347360266652356,0.01094868110566401,0.026565835373133995
GWK60_M07931,0,NA,NA,NA,NA
GWK60_M07953,304.6537493371351,0.40004828050294217,0.22342062054669815,0.048209238968003186,0.09674968644800028
GWK60_M07975,1282.7335594468373,-0.08288122463319884,0.13149000918990442,0.5101388735742761,0.6308349476137215
GWK60_M07997,888.8837301470842,1.519119068156413,0.16693779894091074,8.996833751770283e-21,1.460041724284202e-19
GWK60_M08019,258.37929043396133,-0.022863562894200228,0.21910588169826828,0.9074334010371939,0.9403399335146957
GWK60_M08041,2328.3885203795476,0.2904779221871766,0.11974587674449083,0.01271285989333972,0.0301779762163342
GWK60_M08063,1.0154881054504747,0.029228051790842022,0.5394781194392984,0.5514454872576802,0.6685497744987048
GWK60_M08085,45020.8235733068,0.2930058592675118,0.09588460927281729,0.0019407092561413222,0.005694335529459304
GWK60_M08107,2534.438797407907,-0.2814983886230974,0.11569553062807215,0.01258999919978425,0.029913337457056297
GWK60_M08129,196.20264653085096,-1.5670219685778497,0.27691296875488863,1.684714451990566e-9,1.1241406838282228e-8
GWK60_M08151,4571.736599790894,-0.8411316120146601,0.10874983895685816,3.2044412135274545e-15,3.517526492844959e-14
GWK60_M08173,578.7380478247146,0.23879063804441375,0.1705612313749784,0.14326215192564437,0.2346642974532829
GWK60_M08195,2061.326375160246,0.228460481940446,0.11994029067987116,0.050586385989748336,0.10063685869621519
GWK60_M08217,1437.6116695298,0.2161210181679535,0.13024220559021263,0.0868204503405137,0.15606903517621232
GWK60_M08239,1262.299423296413,0.38648801807727173,0.13434332089379608,0.003155614508547165,0.008863365964712069
GWK60_M08261,902.7477795956968,-0.25607869170217307,0.1488917021377315,0.07355272496427914,0.13649114325999384
GWK60_M08283,486.23347439832173,0.06734470875296754,0.17410097115110904,0.6748743200613463,0.7732597896889428
GWK60_M08305,1308.0384074682484,-0.08437147539123566,0.13598456536669082,0.5166391683759246,0.6369258493131563
GWK60_M08327,425.6811858693103,0.15636800814236118,0.18659614173263767,0.3661825415105957,0.49293082520806764
GWK60_M08349,2185.7114907280693,-0.14454419111218428,0.119424920532502,0.2136978886187281,0.3243716796643396
GWK60_M08371,1074.4287158028997,-0.01569821621347261,0.13702707244570314,0.9008823331094583,0.9359026475616062
GWK60_M08393,2588.4701777473374,-0.8375676056274309,0.11930487420307956,6.481970486565772e-13,6.118887040998712e-12
GWK60_M08415,0,NA,NA,NA,NA
GWK60_M08437,25653.929932625404,0.31933229369390026,0.1122028419219277,0.00523157908837382,0.01391383047378328
GWK60_M08459,9943.175839155325,-0.2518073745053547,0.10832971181956992,0.017081654393331154,0.038847464878951216
GWK60_M08481,1087.4011855882777,0.4475247798784765,0.14326743175754925,0.0012155094306349824,0.0037071627530619127
GWK60_M08503,203.02528605966728,0.6113176661053479,0.25924008451708436,0.007827782640798708,0.0198200776023394
GWK60_M08525,13.61463891514466,0.12619200589687432,0.4849004905204462,0.5900493889720054,0.7016010147478074
GWK60_M08547,2461.061903899841,-1.0418358908278658,0.12193194028654912,2.6612988103233715e-18,3.6921132307863556e-17
GWK60_M08569,183.9685303526363,-0.7097594945580327,0.27351647153115716,0.0032387895821555032,0.009072752063384995
GWK60_M08591,1255.7689598546576,0.1299827912280949,0.13390442655761864,0.3342456106774511,0.46030995833997856
GWK60_M08613,2145.5617021583935,0.2926148008624055,0.11850719572766225,0.011175421021299642,0.027041124588124032
GWK60_M08635,465.1635684084711,-0.1308348039077468,0.17736802445249744,0.43327325254826166,0.5590554016929472
GWK60_M08657,2664.5842943177377,-0.37793041645757414,0.1149703364463037,7.209901196009649e-4,0.0022961635668454715
GWK60_M08679,395.8245359375041,-0.1073220884537667,0.18675351462403414,0.5392954940206531,0.6573054491331929
GWK60_M08701,2505.801672172685,0.14062476959510267,0.11504936748780645,0.20493161016933734,0.3133266665514323
GWK60_M08723,82.81538510946783,0.26349205483951016,0.34124932181594464,0.3267443921648456,0.45223006422815426
GWK60_M08745,2530.891152500524,0.43928764248822016,0.126443444157043,3.320007756260083e-4,0.0011269593791101043
GWK60_M08767,2560.0549270085558,-0.33452443920551966,0.11576837563389646,0.003039935479990533,0.008578559486846802
GWK60_M08789,2140.2991472435683,0.6585653278295468,0.12435247290589162,5.02622407709673e-8,2.91376915075795e-7
GWK60_M08811,1005.3305172508134,0.319598649072053,0.1414548004275582,0.020118183230583585,0.04489371197364546
GWK60_M08833,140.37607955163244,0.7217586918022934,0.31395904202410957,0.006832410135267977,0.017578217813655636
GWK60_M08855,3357.434396429582,-0.2807559540679141,0.11854046887872771,0.014096312402727901,0.033014882233204146
GWK60_M08877,2102.972555612509,-0.20728681890188227,0.11856627989645982,0.07261709838285793,0.13520563147913137
GWK60_M08899,2090.589364885776,-0.2980754267586775,0.11968136492825139,0.01034663674979296,0.025256553403162203
GWK60_M08921,640.0785311687589,0.03551642647066886,0.1597978240229695,0.8159753081141082,0.8768440977036545
GWK60_M08943,0.46813691102808197,-0.02005302289517128,0.5391435819840915,0.7049454155065107,0.7964338192379101
GWK60_M08965,14.778108801779869,-0.45398095811525646,0.6652122962264405,0.10669836603721532,0.18436411719476772
GWK60_M08987,10.03280424406359,-0.032959469237734476,0.4852165580657225,0.8731835529525209,0.9167729875048632
GWK60_M09009,1071.904734290868,0.17064221707829275,0.13781174416485487,0.20594715192089993,0.314330950595092
GWK60_M09031,4619.744658503992,-0.04692315992291428,0.10929572400866241,0.6437092407190078,0.7451834407090584
GWK60_M09053,1056.1506015921073,-0.6257636209926473,0.15353156266916304,1.825177756980274e-5,7.758112082621084e-5
GWK60_M09075,2474.0686101027104,-0.30148395352644397,0.11542457869430016,0.007303337723824384,0.018648975442416407
GWK60_M09097,651.3515476789636,0.013768771413115123,0.15826882093563327,0.9275316221559211,0.9545823584450642
GWK60_M09119,2935.020470218583,-0.030550292390026462,0.11181373666053245,0.7728750849474061,0.8482106442607935
GWK60_M09141,94.44726593075883,0.10277378795570345,0.308913493679938,0.6867177771727916,0.7827361960491086
GWK60_M09163,592.3091750321389,0.3565387551676759,0.1774250084558947,0.03461275072149984,0.07265223285175494
GWK60_M09185,878.6409023415945,0.26226783275026094,0.14772188303567904,0.06261855098782386,0.11989190471464874
GWK60_M09207,656.4849445841033,-0.04697512694244391,0.16913697958820728,0.7810871708412361,0.8529504349497861
GWK60_M09229,533.7089298351541,0.5024604561243055,0.1836641331248821,0.0036473171163694564,0.010056420240099949
GWK60_M09251,1370.0522997859637,0.3413298508326859,0.13136479519564997,0.007264251118598174,0.01857754493267957
GWK60_M09273,378.2035510971136,-0.20744225030200797,0.19583648438854692,0.25336921454907413,0.37150455384802894
GWK60_M09295,3560.380812027727,-0.4300466524622424,0.11282994994524517,9.268162675369203e-5,3.500862022061154e-4
GWK60_M09317,1149.721115038354,-0.2510511412360052,0.13656728833476048,0.059170274579445,0.11427084953912521
GWK60_M09339,1384.0578694492247,-0.10779849133261829,0.1339590105652265,0.4068513036530396,0.5325427320407474
GWK60_M09361,1442.0717527146821,-0.050154207087933965,0.12748603713904227,0.680160908573987,0.7771156522180656
GWK60_M09383,2412.822393943782,0.15654991029842485,0.12358833343068255,0.19675005073806726,0.30391062478870673
GWK60_M09405,10.164798187626747,1.1167387150470993,2.573517048320778,0.012306226187221228,0.029331884538716782
GWK60_M09427,278.9529573138718,-0.9894067825040345,0.2412709446737143,8.6374470529855e-6,3.8164450928233415e-5
GWK60_M09449,864.9916450524374,-0.16970488700611616,0.14643039913021538,0.21979368703511562,0.3314239192516885
GWK60_M09471,462.7485943050641,0.07033490030231428,0.17705782817549706,0.6547999416408907,0.7546992751310397
GWK60_M09493,1363.0994689459155,0.23318672249698102,0.13008509467028095,0.06375942564085033,0.12146632609405472
GWK60_M09515,8491.363903132036,0.1574594338657724,0.11046957979277931,0.15159089510998666,0.2454773410804773
GWK60_M09537,727.3878363474311,0.1941063418000643,0.1644404024596575,0.21495665140170667,0.3256243368107674
GWK60_M09559,523.6905700965286,-0.0730333472512415,0.1729882618852995,0.6534992276426335,0.7536957532232872
GWK60_M09581,478.33594705627377,-0.16164245259224996,0.18683380663207486,0.3530878969577899,0.4793535146408622
GWK60_M09603,1247.6445670690773,-0.664742185086883,0.1362619175260746,3.987716793414059e-7,2.0821663256972316e-6
GWK60_M09625,962.4316581407945,0.39452964570173266,0.14533166976303727,0.004703246609218213,0.012642980915781882
GWK60_M09647,1370.4303959794006,0.2831977198412471,0.13222548807690163,0.026906101662042638,0.058075649646560014
GWK60_M09669,3856.275980050007,-1.4733514203403777,0.11096133297393421,3.5883971631822727e-41,1.2923145400008485e-39
GWK60_M09691,428.32203725556803,-0.3262445314459477,0.18721355017105054,0.06475087275433458,0.12317658789518496
GWK60_M09713,929.4134694529038,0.5710144833986965,0.14788424653734158,5.6365312588253194e-5,2.2333746314169955e-4
GWK60_M09735,3861.1540637255034,-0.22214932636340853,0.11428347624965993,0.04447354035094383,0.0902864382877462
GWK60_M09757,1050.531062600503,0.8421337187853223,0.1631267942719505,6.31487395161097e-8,3.6288095341607084e-7
GWK60_M09779,2907.251638791977,0.5826888736108216,0.11369311912388323,1.430523781685877e-7,7.900939121958341e-7
GWK60_M09801,2947.3193435067733,0.8859372486739255,0.11422294037333212,2.422148786127919e-15,2.6868477462997043e-14
GWK60_M09823,116.98327759467207,0.33304890813458254,0.30545801046933374,0.19028571368557884,0.29592495787008977
GWK60_M09845,729.9032951163041,0.357710073412236,0.15650915463863946,0.017227383097621854,0.039060621098445755
GWK60_M09867,1371.1588789243092,0.2737389625634923,0.1364709857757064,0.03750782332620741,0.07810540001948459
GWK60_M09889,299.9071345262862,-0.5522260886043479,0.22041113848274135,0.006102296143359043,0.01593141664438026
GWK60_M09911,1562.8648436220774,-0.2853905565409535,0.12878615890590567,0.02210626631224953,0.04877664635745197
GWK60_M09933,2961.8847035420913,0.7253891467686076,0.11418826627767042,8.48676908758504e-11,6.467164038046687e-10
GWK60_M09955,3016.5735705480993,-0.13697884229005947,0.11523976462899602,0.22179243466228515,0.33386333279538943
GWK60_M09977,523.542533080471,-0.14098731948145254,0.17064939791945047,0.3856395049234179,0.5130800903054988
GWK60_M09999,1184.402742873007,0.809524437914607,0.13893876787658696,2.1991470759090315e-9,1.4471984136582837e-8
GWK60_M10021,411.92881148255594,0.02084438095370629,0.18579315776072822,0.8953056048550863,0.9329205054157834
GWK60_M10043,1878.8892931370215,0.6297519940123393,0.12993065560717987,5.677479648011587e-7,2.901087268148195e-6
GWK60_M10065,183.72044206695293,-0.4178295326360633,0.2700511882451079,0.07376006359240268,0.136608106505408
GWK60_M10087,1260.2107880053256,0.08269249810426822,0.13190749827615542,0.5306566611485175,0.6497333907772497
GWK60_M10109,14.073683280425602,0.10730132178843217,0.4791689328920401,0.6467705137442987,0.7479039721283314
GWK60_M10131,2710.1378220107854,-0.2226520065153605,0.11349278852429953,0.04459503113917294,0.09049813729439264
GWK60_M10153,3169.4607887193933,1.1538351968327165,0.11358630140558684,5.790002298266523e-25,1.2033135211179992e-23
GWK60_M10175,1026.6393249046607,-0.2910419069481968,0.14071525524090459,0.03129669768889812,0.06651497027009956
GWK60_M10197,235.98188452106243,-0.22359979195880597,0.22871464530318963,0.278661865887703,0.39902072190564875
GWK60_M10219,15577.129386018154,0.2058676976397225,0.09976608506433896,0.02990017096307798,0.06385666081391715
GWK60_M10241,121.13752517351892,-0.4194214255898507,0.30720620307974694,0.10121870220002231,0.17634457792170885
GWK60_M10263,474.1455761512335,-1.1009862897029714,0.18891842772214104,1.05989064898189e-9,7.200135700706431e-9
GWK60_M10285,1188.3703592342938,-0.9075869052459056,0.1501609053583315,3.6425352638586237e-10,2.5777187641142184e-9
GWK60_M10307,499.7136131813733,0.39183160726403954,0.1789983866494427,0.019898608197278178,0.04442755070118414
GWK60_M10329,1543.0786312966134,0.7586002695848989,0.13307550768941814,4.563713984818206e-9,2.926342455143186e-8
GWK60_M10351,710.3173551681384,0.019459773039456417,0.15933914826172663,0.904719159846803,0.9382669314545345
GWK60_M10373,149.106442974269,-0.20704795761554404,0.2692690525832867,0.3734915092431612,0.4994580012696773
GWK60_M10395,408.69289102923796,-0.23750532233344923,0.1881114496221751,0.17550458016664544,0.2764538893098328
GWK60_M10417,3128.271575398713,-0.7338830608421162,0.11281256458892061,2.960873201536928e-11,2.391439522838889e-10
GWK60_M10439,667.113199253113,0.16071753468047514,0.16569411075983045,0.3006422029510552,0.42366174217382524
GWK60_M10461,559.8559175460646,0.15938667826897798,0.16830680557133826,0.32239736614983033,0.4481008065598223
GWK60_M10483,2748.176598321599,1.014678445392847,0.12141304818674907,2.028417424161314e-17,2.6730372973033056e-16
GWK60_M10505,7517.8127928192625,-0.6559915244357396,0.10574000411237405,2.3458304521248047e-10,1.7036431653690916e-9
GWK60_M10527,2736.2828853360097,-1.0164758979603,0.11915199234093608,3.281012380557361e-18,4.527969316790185e-17
GWK60_M10549,518.2138811461516,-0.10553327588327178,0.17075170253964525,0.513255381727145,0.6337944568157182
GWK60_M10571,8803.093234347103,-0.36057440770411614,0.10150279931731959,2.841331814248764e-4,9.745415968245272e-4
GWK60_M10593,404.2827252807639,0.0375722449628476,0.18739086819696466,0.8184326262246103,0.8784075829126355
GWK60_M10615,1924.0231318306783,-0.2793868204916364,0.123565862172553,0.01955695496634772,0.043794918744913244
GWK60_M10637,256.71569092956764,0.7691088854628362,0.24448458981179455,5.139833316397234e-4,0.0016901340573869078
GWK60_M10659,1966.3269046027524,-0.7155969076788384,0.12501673672000124,4.036581370508119e-9,2.5978390264543075e-8
GWK60_M10681,2028.3754669464647,-0.45250615676865763,0.12437346468675271,1.768533244031864e-4,6.31293129471795e-4
GWK60_M10703,1498.8383148570872,-0.12235675016734834,0.1288617900044229,0.35410142924686694,0.48011673628627477
GWK60_M10725,3452.697762252799,-0.374631491798583,0.11039673216947465,5.108297640262028e-4,0.0016818678141827016
GWK60_M10747,2439.8230232061674,0.3004777085484977,0.11744629876178699,0.008707266060962374,0.021739223622288775
GWK60_M10769,1711.0320320756796,0.014012610116076336,0.12502627290919338,0.9091011944678113,0.9415115384108237
GWK60_M10791,73.87964887188411,0.6296385581360863,0.42058175923654967,0.04374673878627147,0.08901716429497501
GWK60_M10813,1402.8941552232213,0.14111776462856476,0.1322945225625902,0.2713938470978911,0.39106298932329714
GWK60_M10835,2644.779217652684,-0.38375904269033306,0.11460095557053607,5.819264246827782e-4,0.0018863438025774368
GWK60_M10857,1213.7298625680512,-0.5498231523891032,0.13810130688789313,4.159636374298196e-5,1.6876055598811663e-4
GWK60_M10879,88.69863598005591,1.9418369885746407,0.448916072271913,9.177919621491404e-7,4.531220785896883e-6
GWK60_M10901,0,NA,NA,NA,NA
GWK60_M10923,6.402889765970138,0.09906969213131447,0.5190827015050902,0.5462962741862214,0.6639911719073398
GWK60_M10945,535.447682651759,0.049075913671378535,0.16873307134956675,0.7570743886284726,0.8354033862347344
GWK60_M10967,102.9869006976435,-0.06506299375579956,0.2971502764230071,0.7911289298776049,0.8610683431822852
GWK60_M10989,1404.2437734169082,0.27702072892507007,0.1297464157867343,0.027236231181206518,0.05869184571753437
GWK60_M11011,1989.3466232057797,0.8682659157336139,0.1243979180588277,8.614624000879025e-13,8.016936813561401e-12
GWK60_M11033,0,NA,NA,NA,NA
GWK60_M11055,4294.4141686787225,0.9818090848104485,0.10870830587977275,4.1121431665418127e-20,6.285363014440944e-19
GWK60_M11077,394.86908927090934,2.6973546416141705,0.21739324422529216,1.736011719710154e-36,5.433303346569041e-35
GWK60_M11099,527.6828008026386,0.2617426233464707,0.17437093347065202,0.10648696504996774,0.184180415208135
GWK60_M11121,953.435687757431,0.16665507223143447,0.14218123883196368,0.22609319994451074,0.338978627119543
GWK60_M11143,265.5856676033161,0.47615025340667033,0.22691257075573226,0.020361683455783812,0.04528838054590156
GWK60_M11165,2524.2166392134295,-0.39817661353942874,0.11559048371561668,3.969424641689946e-4,0.0013327736121331887
GWK60_M11187,1078.2777733066798,0.12257090918830202,0.1395110482581852,0.36812852587961614,0.49453750359607096
GWK60_M11209,393.92789798034966,0.5452930153586606,0.1966420573238188,0.002909160907172821,0.008232706162494451
GWK60_M11231,2209.72068155296,-0.11326195977371976,0.11697518785226242,0.32016909201328875,0.4453569010068445
GWK60_M11253,367.7848052041345,0.14742843327108543,0.19227181676648653,0.40756295462692993,0.5331882720085926
GWK60_M11275,2212.320921658644,0.008126089456723976,0.12024480817121462,0.9457468344234593,0.9646434249075749
GWK60_M11297,3599.0003646743926,-0.11147196070505073,0.11245081404852726,0.3048234886274988,0.42788423481075377
GWK60_M11319,3262.7929199485843,0.0554114518309635,0.12389468433161949,0.6443042957262706,0.7457081195088556
GWK60_M11341,855.8331688080505,-0.30646557101212224,0.14865258844566484,0.03262021815715153,0.06893774399931782
GWK60_M11363,405.11963373795487,-0.5692221405326675,0.1953287309936293,0.0017501828761754808,0.005184485387566579
GWK60_M11385,5097.173485915975,-1.5983424460356555,0.10998405521330484,8.162384511813484e-49,3.4061760129456583e-47
GWK60_M11407,77.13164610743785,0.5723189239275716,0.39252962760848564,0.05634783366151799,0.11001741900938046
GWK60_M11429,11700.252039465851,-0.44383017523682833,0.10108287756573088,7.391750976965169e-6,3.296507772424331e-5
GWK60_M11451,2223.3816132436586,-0.8356411704265992,0.12128020980155708,1.6329288080083316e-12,1.4932068995665754e-11
GWK60_M11473,292.9040207301966,0.034235172688345986,0.20675214174898413,0.8591072647571221,0.9074298911396039
GWK60_M11495,1091.493031110393,0.22935405284210475,0.13875250821939425,0.0909846929008744,0.16211369544994836
GWK60_M11517,608.0867643250031,0.20588208197043417,0.16615579326118637,0.20016546161432838,0.3074700546795614
GWK60_M11539,533.0568438410013,0.29252041203559354,0.1717430528695869,0.07306152400072775,0.1358887489196415
GWK60_M11561,4845.191405605337,0.9608076798972348,0.10685218059879883,6.659847740410006e-20,1.0062494085941324e-18
GWK60_M11583,293.9205530341274,0.8040889600518671,0.23352113961347404,1.693725400131366e-4,6.078913415625067e-4
GWK60_M11605,10807.077941166197,5.625247762518813,0.11551043928956213,0,0
GWK60_M11627,591.2659432198301,0.8182037828127927,0.17234078986262966,6.38733882073869e-7,3.2292911076388494e-6
GWK60_M11649,53938.43115335295,2.374216035896662,0.09544721946627376,5.6186233865484565e-137,9.232100552022432e-135
GWK60_M11671,74857.39437291255,0.2288109493694031,0.0955144222912333,0.015049854211153032,0.03482928408549412
GWK60_M11693,3075.1404912781404,0.5151815945000965,0.11813972828779025,8.064258352240618e-6,3.5764806841450726e-5
GWK60_M11715,1240.3201992529819,0.3371823863581833,0.13397823180760746,0.009229110639963161,0.02279503757649189
GWK60_M11737,1477.5510318703414,-0.6014278932262102,0.1467567632040901,2.080612619550083e-5,8.787037071160109e-5
GWK60_M11759,610.1465645627562,0.21753807776775644,0.16351685045258088,0.1681430169510499,0.2675835300026091
GWK60_M11781,380.33044380938975,0.39278700431533625,0.2061967423798654,0.03781646851609169,0.07856143479162786
GWK60_M11803,160.06722883097356,-0.4227830248456036,0.2757953818187386,0.07561495967407511,0.13925865427890963
GWK60_M11825,2726.24021859649,0.02113546189761596,0.11403398932732084,0.8513950959956588,0.9021836789087412
GWK60_M11847,97.2526906030521,-2.3793201047091377,0.40193988334479813,2.3286498780324493e-10,1.6935049873713165e-9
GWK60_M11869,450.1467404200573,-0.14763106848928054,0.17947926429883643,0.38124838427966173,0.5083956389912405
GWK60_M11891,5013.227368298506,-0.18778735261039223,0.10993736771310025,0.0805319894806881,0.1467005620629866
GWK60_M11913,2265.886592509468,-0.11421769453955954,0.11805588682790909,0.31257555649794116,0.43629473747442915
GWK60_M11935,3163.812773964706,-0.42518954530765296,0.11676175028671125,1.9296860842376348e-4,6.841732589967284e-4
GWK60_M11957,2.0504066442766127,-0.02294292322474523,0.5285744583912159,0.815383812646634,0.8765311769322954
GWK60_M11979,712.7656490195116,-0.10532188002379934,0.1555866315749453,0.477601515356997,0.6034120585269699
GWK60_M12001,183105.60898291407,-0.424673048348026,0.09370600979411953,4.003832574398818e-6,1.8564507650960304e-5
GWK60_M12023,13.234176395637181,-0.4151326186140701,0.6497123598007736,0.1180987529792944,0.2001815741989458
GWK60_M12045,18.757525334546393,-1.0555059617635583,1.0070482000759586,0.020857981041756637,0.04625527807573024
GWK60_M12067,3253.2526018871813,0.7286338390672705,0.11494459972246751,8.33305520609115e-11,6.368488993259778e-10
GWK60_M12089,16992.989853277057,0.4666241984396004,0.09718346990920834,9.471001821419882e-7,4.6715316676384365e-6
GWK60_M12111,3061.7154543366596,0.010808983992385052,0.11152300956632864,0.9344531741160327,0.9587033735613854
GWK60_M12133,3448.977103194398,-0.5142827652566507,0.11053537656389296,1.7153322602027115e-6,8.229212613271768e-6
GWK60_M12155,487.87479966823287,0.03413493046063123,0.17351508519466177,0.8366279844111051,0.890123420079642
GWK60_M12177,263.84019561199176,0.07596309219788264,0.216320000500802,0.7014372227201378,0.7936580978588097
GWK60_M12199,956.3574735562966,-0.15206845062499896,0.14206329367528073,0.2660665426462866,0.3851811347010394
GWK60_M12221,698.9021536827499,0.008209181721582184,0.15590218875755998,0.9576460722242353,0.972060612484358
GWK60_M12243,1523.4985097349759,-0.11359599644423782,0.12859095640695986,0.36335651534391156,0.4898791173534069
GWK60_M12265,4118.416287683138,-0.14873680682197632,0.11973118623672903,0.19961712748985816,0.30704035933034013
GWK60_M12287,1334.167752456222,-0.5933664315875414,0.13578342046416814,6.101307639938816e-6,2.758441579604325e-5
GWK60_M12309,1.027095807670307,-0.04429963220191613,0.5369234592489726,0.6181661816958799,0.7245469869275382
GWK60_M12331,12359.064095591124,-0.606816724170689,0.09891807957987056,4.4123867673039795e-10,3.101648345251915e-9
GWK60_M12353,23861.882617927597,0.2754619029863408,0.09565979835209291,0.0031007352541151177,0.008732547384112098
GWK60_M12375,19385.322047004054,0.4688056034645889,0.0967424200279911,8.112204659988471e-7,4.046866423360472e-6
GWK60_M12397,159.96215243113633,0.052734083795274354,0.2620166917924623,0.8190417007057929,0.8785486890344687
GWK60_M12419,1539.9029629838035,1.2899446896915907,0.15629337695482512,1.8628097510751907e-17,2.467167171575152e-16
GWK60_M12441,0.23406845551404099,-0.018035937902739278,0.5388751877887962,0.7932702651911353,0.8610683431822852
GWK60_M12463,34.1950378584796,0.22061843300692136,0.43519481018699946,0.427125749373432,0.5530231938452365
GWK60_M12485,1135.7809508717824,-0.1699972733834397,0.1493382725746181,0.23366252687737762,0.34824194056724816
GWK60_M12507,2347.813032899698,-0.07353310922898042,0.11625177873831516,0.5079876146544069,0.6295071595222417
GWK60_M12529,1713.1441572272279,0.07198175142192828,0.12523828132371861,0.5564181175864843,0.6729074614039384
GWK60_M12551,893.4518373583537,0.9469747964068714,0.15222675203429997,1.2226214501211185e-10,9.223161527599486e-10
GWK60_M12573,86.90108792582458,-0.1387299696625654,0.3225852448814321,0.5897565609981616,0.7015701352326548
GWK60_M12595,2071.8302959653165,0.13258594714759114,0.11839048223510971,0.2511944139898453,0.36882999965333896
GWK60_M12617,2763.8147313033755,1.9374839416113063,0.11934106846616352,2.4327347581517717e-60,1.3324290998293767e-58
GWK60_M12639,2116.889712261848,0.1013825425449108,0.12097462876655395,0.3903432697455065,0.5170942806595612
GWK60_M12661,290.6612236314619,0.21292401256111876,0.21383357333159508,0.2773038615465826,0.39772605128530586
GWK60_M12683,227.77654601445528,0.3063114355319131,0.24560632695476778,0.1554086308613617,0.2508098775534192
GWK60_M12705,221.76916694065997,-0.44675919206493775,0.2425726916651791,0.03908887231814289,0.08082158499756009
GWK60_M12727,7.734885875183593,-0.04718071269680694,0.49625799370417745,0.8094521284110047,0.8719728111421968
GWK60_M12749,9087.310778262108,-0.9500602085636639,0.10233474598369087,3.978939147176782e-21,6.641670487573181e-20
GWK60_M12771,6997.9354431924285,-0.694369730711608,0.1073219206139846,3.8717201355004363e-11,3.0566823532224163e-10
GWK60_M12793,8712.324516839242,-0.9527282078043946,0.10286330191965823,4.698827866727915e-21,7.769319787187224e-20
GWK60_M12815,3037.755046209577,-0.011507722468022697,0.11143906550409505,0.9115053655111355,0.9436296932186553
GWK60_M12837,978.1572259599697,0.777727061709389,0.14680917996784987,4.011676849952173e-8,2.343710764116503e-7
GWK60_M12859,3322.6068652620766,-2.6529630715185752,0.11591398887816304,4.702477858487187e-117,5.494584128872363e-115
GWK60_M12881,287.5707749188222,-0.47939771046150403,0.22084876818396554,0.017130822604968118,0.038925611606275876
GWK60_M12903,20319.593763661116,0.0530018505845777,0.09852830174577235,0.5612760053972669,0.6765679129708457
GWK60_M12925,74.9206670622181,-0.8980407270876494,0.4351171538161475,0.00755848651166141,0.019217854003054008
GWK60_M12947,19492.835644629507,-0.03900034004657456,0.1039546466720563,0.721606149225841,0.8088265045042574
GWK60_M12969,531.696347720372,0.3005760325875609,0.1746370572200578,0.06829093537930717,0.12850212462551724
GWK60_M12991,695.8410270239464,-0.300539760191347,0.1696171427031097,0.05981859415395566,0.11525326788622164
GWK60_M13013,426.2845795054235,0.4814727099430588,0.19849018781528685,0.008860929774622113,0.02207047311935721
GWK60_M13035,1078.0811564862188,-0.19715049551127126,0.13800072896659782,0.1316451202920158,0.21870143522762056
GWK60_M13057,215.4458459922993,-0.4450721279733923,0.24937895108106817,0.044004608280478245,0.0894380480629125
GWK60_M13079,758.7511511168375,0.24332230690952164,0.15273019768605317,0.09851725535802798,0.17255287430796507
GWK60_M13101,2627.575757180819,-0.8656830617300011,0.11741640898096899,4.664263337571763e-14,4.789979810342251e-13
GWK60_M13123,3139.1303001757155,-0.2064317372649358,0.11071454710289864,0.05709252412674931,0.11126482277926163
GWK60_M13145,1587.6238905768173,0.20353436254097182,0.12815112635369258,0.09632018764727258,0.16926856505660404
GWK60_M13167,1623.5835615752876,0.10932937827507992,0.13203782204035155,0.3975707966470068,0.5236750165930492
GWK60_M13189,0,NA,NA,NA,NA
GWK60_M13211,2201.2994705615365,-0.38237693620010277,0.12594377698942497,0.001710841007207635,0.005079391313324531
GWK60_M13233,0,NA,NA,NA,NA
GWK60_M13255,1190.667637918275,-0.16234893055950936,0.13520223443659965,0.19981378272130937,0.3071990846633464
GWK60_M13277,31788.672016409248,-0.3235867255924827,0.09662737069298113,5.771753284186646e-4,0.0018733258498921843
GWK60_M13299,81.48852686107166,-0.2652070338878522,0.337786826644303,0.32003630576740005,0.44528999622254284
GWK60_M13321,0.2695776628968236,-0.019871795388773112,0.5388577705767508,0.7916404957177876,0.8610683431822852
GWK60_M13343,1645.275054735228,-0.1407864001227885,0.12592686226771233,0.2497250464992557,0.3673906811676235
GWK60_M13365,823.8394885420734,1.008453125072223,0.15777434750288602,3.656616484384969e-11,2.8999229977218956e-10
GWK60_M13387,2606.26477368076,-0.042331758146987114,0.11419693248110344,0.7015828906138737,0.7936580978588097
GWK60_M13409,1245.4758287157774,-0.1283681696082694,0.13237328604593485,0.2863799941890662,0.4075198943020595
GWK60_M13431,1379.8201037702213,0.32293846910782276,0.13480727917676436,0.013691475695961212,0.032169678446595476
GWK60_M13453,3938.497541626777,1.2300128782858935,0.11034220301483691,1.4349998812766492e-29,3.680599695489084e-28
GWK60_M13475,1138.4682492994682,-0.126709905702012,0.1359083419557006,0.33040947370126467,0.45622190460116846
GWK60_M13497,679.299689664575,0.37196901185436226,0.18083263144750736,0.028065043922319084,0.06025561492182677
GWK60_M13519,600.2144681884973,-0.039755923567799265,0.1654514868543915,0.7992504306701051,0.8647034494780685
GWK60_M13541,343.8056905475323,0.1531486698466996,0.19684401060240198,0.40383367502238965,0.5298358167289728
GWK60_M13563,4704.717869493168,0.11981229106068657,0.1051120578456776,0.24663811940604394,0.36403745153355477
GWK60_M13585,6989.775679419703,-0.6837138434583641,0.10314482554084528,1.433311092010649e-11,1.203889731915654e-10
GWK60_M13607,1080.2098861822356,0.18612099026651613,0.14155063580299873,0.17933167767240865,0.28172272518718994
GWK60_M13629,648.5138339738802,-0.15409965734049655,0.16672229203298936,0.32967133229932555,0.45544189837883703
GWK60_M13651,2027.3568617246362,-0.7031963750446136,0.12372694949056,5.304373963840209e-9,3.372478633841816e-8
GWK60_M13673,1616.6804806024836,-0.24722131524140714,0.1256982580746052,0.04130646636927875,0.08457531159254973
GWK60_M13695,2210.220544142529,-0.34196250085769897,0.1180267080922094,0.0029045918519707177,0.008224202454314504
GWK60_M13717,2665.8758793890142,-0.7548091308122516,0.11604711537533025,2.811224040201122e-11,2.274064000519615e-10
GWK60_M13739,8493.681765406915,0.5537194389917417,0.1010205719513296,2.36510834130646e-8,1.416371259520429e-7
GWK60_M13761,655.7309505835258,-0.20723351501180295,0.15980263405514705,0.17181281637417536,0.272187944710881
GWK60_M13783,7461.83516187313,-0.7133537640919634,0.1062343325325824,7.027585377337232e-12,6.127867979110972e-11
GWK60_M13805,4783.0868327736,0.17281687286347866,0.10766935006890281,0.09937751251912645,0.17356848106121922
GWK60_M13827,7146.163459522691,0.13624352738240067,0.10433702468470703,0.18315620864401688,0.2863619818763725
GWK60_M13849,1172.2287431512705,0.9639004449373615,0.1397543943730937,1.6639760322658451e-12,1.5189558988982315e-11
GWK60_M13871,1702.5955205979576,-0.928181691988337,0.13740091871148255,3.4072257423756774e-12,3.0262150259140727e-11
GWK60_M13893,680.201857906243,0.6447383220131762,0.1630811555260801,3.3884356131162954e-5,1.392994093335847e-4
GWK60_M13915,1066.0402574123632,-0.3830731506963399,0.1409417770799418,0.0059634396020477225,0.015667054753755464
GWK60_M13937,3149.1576639865307,-0.4067803828167589,0.1135425837057815,2.1858166891430085e-4,7.646722655697897e-4
GWK60_M13959,5442.800880077638,0.3785842927266842,0.11117984786711878,4.8241317386911014e-4,0.0015953009233986043
GWK60_M13981,790.4632609507246,1.5260642695724795,0.15997214055080758,1.7481456347071625e-22,3.074163795080355e-21
GWK60_M14003,526.6568457148387,-0.10350057372855241,0.16983167045763395,0.5254367868135437,0.6447483372381827
GWK60_M14025,155.18149493766202,0.05509628727799675,0.2627550674666626,0.8118526892602554,0.8736638231949291
GWK60_M14047,32.77321231650555,0.20333233743140833,0.4288177809146292,0.46592698617995076,0.5921788961407255
GWK60_M14069,11289.875867958473,0.462033522915282,0.27655488730146127,0.05015156425855018,0.099880340046576
GWK60_M14091,21.267805937596,-0.017769992289284445,0.5371635355134518,0.8196394459949683,0.8785554266982031
GWK60_M14113,0,NA,NA,NA,NA
GWK60_M14135,0,NA,NA,NA,NA
GWK60_M14157,11289.1434670053,0.46445511511155835,0.2775838896409463,0.051095250510473984,0.10118976541772964
GWK60_M14179,20.775767521404962,-0.019645567860375832,0.5374566814015808,0.7928261383821043,0.8610683431822852
GWK60_M14201,1924.95326439458,-0.43356281050360457,0.487284282248104,0.15015068864554082,0.24344505732292743
GWK60_M14223,0,NA,NA,NA,NA
GWK60_M14245,11289.503427296047,0.46444524810134163,0.2773305933009233,0.05103795729086763,0.1011524988448481
GWK60_M14267,31.153993847417077,-2.548919049435975,1.0151969863857868,2.078810174209662e-4,7.316187346716467e-4
GWK60_M14289,1928.8558915724748,-0.431942736150543,0.485625353932336,0.15141475431721071,0.2452834451655225
GWK60_M14311,0,NA,NA,NA,NA
GWK60_M14333,11298.04085446531,0.46319764024322774,0.2787177693579478,0.05183233754149914,0.10249508491658611
GWK60_M14355,37.06921388212821,-0.08108598252235519,0.5436308770948778,0.09284322793159877,0.16469962633749877
GWK60_M14377,1927.0156518785493,-0.431653470836222,0.48726368251168406,0.15142450798921378,0.2452834451655225
GWK60_M14399,1.170342277570205,-0.03595336354193743,0.5402130943371152,0.48852631968602095,0.6123173751869125
GWK60_M14421,11303.418603873872,0.4650882533771833,0.28014245036320434,0.053570981326784145,0.10537830894733671
GWK60_M14443,34.0193377321857,-0.09094560554657523,0.5459213448367665,0.07996736563665828,0.14594529972841
GWK60_M14465,1927.1788283138117,-0.4332819725014227,0.48589398897158936,0.15044260159813014,0.24384315635109996
GWK60_M14487,1.2693601318130936,0.03670172810647233,0.5400372564374788,0.4795435116123756,0.6049095115073867
GWK60_M14509,11502.382222441058,0.5017220937232243,0.2635644085319283,0.03078427448809185,0.06555841039221828
GWK60_M14531,52.76145958464648,-0.5118168557925779,0.48548770809631675,0.1009745375181938,0.17597750025544018
GWK60_M14553,1629.4123427041152,-0.41649530816976266,0.13910689131449608,0.0016838695451450903,0.005003752894701585
GWK60_M14575,0,NA,NA,NA,NA
GWK60_M14597,0.5077440527252374,0.01803320836263258,0.5388810732298823,0.7106902544577933,0.8005161435173687
