gene_id,baseMean,log2FoldChange,lfcSE,pvalue,padj
Q0020,36.24784135123152,-1.0421953267579034,0.7701336797844797,0.010578431437013642,0.03133149682775964
Q0045,30.064181320155043,0.34966146979129903,0.4986090940222326,0.12839115528471712,0.2469592218919687
Q0050,19.131036532961033,-0.024775130220815907,0.3821038586981309,0.8788474582024395,0.936833597436693
Q0055,30.283924366415047,0.01168889029376551,0.36172141715676526,0.9527630119584491,0.9764907424104158
Q0060,1.906521572042408,0.031071645628763928,0.4208652869730729,0.636658734804395,0.7769819037958439
Q0065,22.830346054735305,-0.057369376885495746,0.3780286438433483,0.7439330091435421,0.8522626511144855
Q0070,8.134940727514325,0.04666315391101922,0.40699308220097047,0.7121851655735527,0.8308122495325895
Q0075,15.035328757836814,0.15781577846128544,0.4257554963363775,0.3299799552936612,0.5001461583329065
Q0080,0,NA,NA,NA,NA
Q0085,0.6780528129236139,3.8383434871385e-4,0.4237290691048322,0.9664770933738293,NA
Q0105,2.239416310870083,0.017284708125475716,0.41909916311378775,0.7928400977220811,0.8851444496621321
Q0110,0.27015761586719667,-0.0119206026345075,0.42423607750536446,0.7407938598217132,NA
Q0115,0.1925249435925408,0.010034837227069857,0.42402251994226076,0.8510168722001032,NA
Q0120,2.4622136132332635,-0.06217987816359198,0.42771013099186833,0.20647584557569257,0.3534363022815266
Q0130,12.271977996488937,0.13384036454565074,0.4272917644534415,0.31672581839395286,0.4863885810075885
Q0140,0.1925249435925408,0.010034837227069857,0.42402251994226076,0.8510168722001032,NA
Q0158,239.37440468235954,-0.22155062647668147,0.22974423367711555,0.2529961319917179,0.4135507552787508
Q0160,42.89428744315798,0.25747535512174174,0.404229926878994,0.2511583965651171,0.4116400957600043
Q0250,0.8333181574729256,-0.027532463168695228,0.42511589898729757,0.4478697388534262,NA
Q0255,66.79627955520586,0.0075150841020759735,0.3134783791745917,0.9738642545019548,0.9879369531735811
Q0275,0.5254196824202155,-7.642458831084072e-4,0.4237801260014785,0.9449612605695565,NA
Q0285,0.7657861996590567,0.011280254439784096,0.42419889336132416,0.7041994913895031,NA
tA(UGC)Q,0,NA,NA,NA,NA
tC(GCA)Q,0,NA,NA,NA,NA
tD(GUC)Q,0,NA,NA,NA,NA
tE(UUC)Q,0,NA,NA,NA,NA
tF(GAA)Q,0,NA,NA,NA,NA
tG(UCC)Q,0,NA,NA,NA,NA
tH(GUG)Q,0,NA,NA,NA,NA
tI(GAU)Q,0,NA,NA,NA,NA
tK(UUU)Q,0,NA,NA,NA,NA
tL(UAA)Q,0,NA,NA,NA,NA
tM(CAU)Q1,0,NA,NA,NA,NA
tM(CAU)Q2,0,NA,NA,NA,NA
tN(GUU)Q,0,NA,NA,NA,NA
tP(UGG)Q,0,NA,NA,NA,NA
tQ(UUG)Q,0,NA,NA,NA,NA
tR(ACG)Q2,0,NA,NA,NA,NA
tR(UCU)Q1,0,NA,NA,NA,NA
tS(GCU)Q1,0,NA,NA,NA,NA
tS(UGA)Q2,0,NA,NA,NA,NA
tT(UAG)Q2,0,NA,NA,NA,NA
tT(UGU)Q1,0,NA,NA,NA,NA
tV(UAC)Q,0,NA,NA,NA,NA
tW(UCA)Q,0,NA,NA,NA,NA
tY(GUA)Q,0,NA,NA,NA,NA
YAL001C,1461.0127151548554,-0.18973086863508973,0.11408108726690006,0.08248748773163382,0.17345718929449502
YAL002W,1018.2512785395346,0.15680581412103575,0.1280958952867171,0.1990675341648664,0.34455569385682916
YAL003W,27872.289314698315,-0.057516215417949,0.06975074328359597,0.39124641145604294,0.560811883411834
YAL005C,25053.42441871615,3.05764821022618,0.0766682400323819,0,0
YAL007C,1799.6295783839807,-0.05998255337822179,0.10493521210396009,0.5541303710228737,0.7109983213701343
YAL008W,681.1124208253708,0.8749588602849693,0.15978737653233457,8.114102103275435e-9,7.195317308724097e-8
YAL009W,584.6568334280843,0.12450303192891307,0.15751803451497257,0.4053180643501321,0.57400591389835
YAL010C,462.4858923315218,0.25742141562940296,0.18070404238269608,0.11409020060255547,0.22389015406098822
YAL011W,697.7135234629432,-0.13712702633726545,0.14721603194242655,0.3190556918976981,0.4888208405094117
YAL012W,3223.012251835724,-0.024775279047145434,0.09321351032295762,0.7924507647683598,0.8850534393634505
YAL013W,891.5517778745364,0.27362098005256386,0.13868641867022097,0.036305464568742715,0.08991739796802847
YAL014C,604.9963045189194,0.06763908905614123,0.15922523733041935,0.647283797644264,0.7842680408276608
YAL015C,577.4116625224402,0.39911003495386305,0.16891873614331454,0.009971528116029537,0.029955222261959336
YAL016W,3465.1560234869435,0.22865248970651114,0.08742336965006674,0.007982313023950919,0.02470955375445594
YAL017W,1956.0830039259115,0.48714473999029057,0.1059142377387883,1.9896745997053155e-6,1.279510481402644e-5
YAL018C,1.8666297589532654,0.0295496164881499,0.4224958098960416,0.5096799421426395,0.670027134892538
YAL019W,2095.0722159376387,-0.44844329090941026,0.10396045439006033,9.171571395547454e-6,5.360233550004295e-5
YAL020C,639.1668461055913,0.4377050481550374,0.15952304684106627,0.0030772132158090023,0.010737471203328809
YAL021C,1288.0551719064038,-0.24569796195035645,0.12118061117868698,0.03359706888669374,0.08405681596301781
YAL022C,1651.3391783085044,0.16480006727089494,0.11070098866182662,0.11896989982736697,0.2314633781860716
YAL023C,8213.548640946981,-0.22908843250475253,0.07580677336895474,0.002087187042452206,0.007607009882163572
YAL024C,657.3056346159906,-0.162481998102054,0.1523832304988547,0.2515176222879796,0.4119998385089488
YAL025C,1780.1640396779442,-0.8988303610051607,0.11517974833563119,9.868951590992853e-16,1.5396086648699697e-14
YAL026C,2663.474608537157,-0.27378567572489426,0.0944808626941098,0.0026631894807024,0.009449355215223859
YAL027W,265.83924376927075,0.04226267530376128,0.21171467374780786,0.8193842996731301,0.9029918174495324
YAL028W,371.0439989535113,0.42734906629358316,0.20278924923467745,0.017474583341845068,0.048424632503223854
YAL029C,2619.287861857053,-0.5039619959323136,0.09541136912370131,6.424432046441162e-8,4.989720737793552e-7
YAL030W,469.1638596686272,0.46897499929857744,0.18507708142514584,0.005104064727937743,0.01669898932199107
YAL031C,817.8449885571627,0.19166123297628285,0.13956741910370002,0.1453881990141715,0.27183075763683234
YAL032C,501.30156226509075,0.18616389502659725,0.1699002710679777,0.23094206096993894,0.3860162510033248
YAL033W,339.33041589684007,0.002448628860340406,0.1923729751352041,0.9907446651156673,0.9944546876914194
YAL034C,540.5497064653342,0.5240786519109503,0.17349528624263852,0.00100868779948672,0.003989479357246732
YAL034W-A,207.19101235534058,0.22584534684681973,0.2397636629325889,0.2579617768670304,0.4187174781681471
YAL035W,12141.678304395613,-0.7077626755272729,0.07203821908399106,1.5353036181123028e-23,3.788152902095502e-22
YAL036C,2138.5405396880683,-0.6201411616999424,0.10199445619578451,3.994387522199717e-10,4.103641675681486e-9
YAL037C-A,0,NA,NA,NA,NA
YAL037W,81.81495927774881,-0.07096760102607196,0.30215547107621255,0.7372216973336714,0.8481469557053533
YAL038W,139392.99603312722,-0.07054938015123567,0.06453720501061523,0.23477577220454257,0.3910173951007056
YAL039C,624.4679086263418,0.6018898058361309,0.17288535681760928,1.6165793210063583e-4,7.632480589250997e-4
YAL040C,1378.7388941351614,-0.04992292148716781,0.11808035016082889,0.6655936018103998,0.7977653394056763
YAL041W,1608.6226818462078,-0.06043850309065108,0.11149366388800713,0.5733770906047206,0.7276102223576582
YAL042W,5301.597295742085,-0.004626771680838775,0.0809132132227382,0.98843983519327006,0.9934513509454159
YAL043C,1279.529932919845,0.21086546752179386,0.11874001486059144,0.06371206121602763,0.14097937147876732
YAL044C,3601.8753075327313,0.9867886902848519,0.08986391165457995,7.318897552207466e-29,2.3977521591870794e-27
YAL044W-A,368.28575024067555,0.19742473630255017,0.1928877880517007,0.2503443412083079,0.41087686615791585
YAL046C,348.1725907641542,0.4880765730865491,0.21088082160935706,0.00840498283088369,0.025747627924010974
YAL047C,401.1010118394508,-0.05339832729967944,0.1817081896085332,0.7439161721947256,0.8522626511144855
YAL048C,486.277622271519,-0.17586889160825586,0.1723410326970403,0.2622104359427899,0.4240962536353901
YAL049C,895.2862835490239,0.47943931419593616,0.1398980241207976,2.8313131662194155e-4,0.001272580315639931
YAL051W,851.9747393725194,0.046689973583799615,0.13613453740949572,0.7134439549221769,0.831104921485679
YAL053W,2298.3204276057086,0.20785108912545855,0.09873471501640375,0.031520226232377324,0.07980883387390686
YAL054C,325.65353657960094,0.5980009443118675,0.2212279744932248,0.002197018078604397,0.007949582587527005
YAL055W,375.1650222297329,0.34292914966274296,0.1963817295007569,0.04933250695266278,0.11521338356429797
YAL056W,1845.9424650333094,-0.16641168544726434,0.10422881701425689,0.09602773873078696,0.195745422086585
YAL058W,907.1493238474997,0.16518690733033392,0.13410974643199364,0.19128225493144232,0.33441786461035145
YAL059W,558.760824747404,-0.9852209903492057,0.17415155300613866,2.330061036566383e-9,2.2126199569455654e-8
YAL060W,3781.27107967698,1.4747622636050464,0.08843608054107446,1.438578291660041e-63,1.1948304487210226e-61
YAL061W,1743.7828301398326,3.302574479512304,0.12869582845272423,1.2394488975516693e-146,2.9236120595448776e-144
YAL062W,361.1689310607449,0.95937816159467,0.2169681667860303,1.4901854583772692e-6,9.785772436582133e-6
YAL063C,424.7137164843801,0.23624621043044958,0.1866699267567049,0.1545354059495066,0.2844242474669914
YAL063C-A,1.3183647666617144,0.02324508243824029,0.42297088528711735,0.5440590277937403,NA
YAL064C-A,74.14148413178907,0.09032695116372688,0.3117515356005056,0.6758625519915755,0.8051556579564987
YAL064W,0.2930029257385322,-0.012786509536195124,0.4241748712917326,0.744154738948589,NA
YAL064W-B,13.517112668283845,0.05796934446629819,0.3977995911994759,0.6994188705278672,0.8216081831678951
YAL065C,8.77573394139471,0.007637131157384654,0.40201730549987386,0.9557368064023921,0.9781291126960961
YAL067C,39.42208879845799,0.2250833269024619,0.39722810269443654,0.2996457129257187,0.46795836046688644
YAL067W-A,0,NA,NA,NA,NA
YAL068C,0,NA,NA,NA,NA
YAR002C-A,2805.550277962455,-0.05146596328984266,0.09246554695265828,0.5741956360089324,0.7280222888722155
YAR002W,1700.2008002753228,-0.2191374950276695,0.1086937646132152,0.03493615636456265,0.08700106168996027
YAR003W,809.9076301985522,-0.18804290541008672,0.14108718539724435,0.15606464291849476,0.28643423569572474
YAR007C,2154.4024015460827,0.1918472850289966,0.09970564100248319,0.04667066710909299,0.11013082190569082
YAR008W,416.6080317746556,-0.042275895819091726,0.18533055926672726,0.7978808117861602,0.8887614558184713
YAR009C,7425.497108618135,0.33139874747650727,0.1803163136811523,0.04199291342374221,0.10100774860833318
YAR010C,2.013464082803135,0.04205309770558705,0.4234563639755517,0.4836575053798822,0.6488564099290219
YAR014C,2322.919286571092,0.11720316744576811,0.09683823783521966,0.21415715686028342,0.36383888043938095
YAR015W,1990.4686246315462,0.05430934860067753,0.10407342826365445,0.6005260277915792,0.7492458172747231
YAR018C,602.1344671927819,0.23344296246530546,0.16163042631379526,0.11842845909998888,0.23056210739935107
YAR019C,526.36745643185,0.20012371760282874,0.16597119056009949,0.18960318622378758,0.33197446234016487
YAR020C,3.153718195044202,0.09474638126775914,0.4357724139990101,0.16109536619342751,0.2931140365109465
YAR023C,75.42485294095404,0.4989140983307824,0.41947938771444027,0.06426344065156192,0.1418800110528868
YAR027W,839.8821456552207,0.3471753896345912,0.14175659655664896,0.00917711241270232,0.027809574459252612
YAR028W,329.35240205640514,-0.5652063992282469,0.21685286999507764,0.0030703921108368253,0.010726363908533624
YAR029W,11.710742495452346,-0.058959039159301736,0.40138790857815065,0.6735263363664775,0.803679644992537
YAR031W,226.11602322008687,-0.736842178705994,0.2660382222163415,0.0011711127310128247,0.0045584500163581695
YAR033W,238.28545066973436,0.03571059908657854,0.21699906317944867,0.8499083918673187,0.9231736575504842
YAR035C-A,0,NA,NA,NA,NA
YAR035W,185.21908263177937,0.4782904744082653,0.27772969030874733,0.032824243977342855,0.08236790073803865
YAR042W,1761.372570247543,0.5045386401522156,0.10852173090491922,1.485746509913878e-6,9.767499630949989e-6
YAR050W,238.6219389081883,-0.17033621537717447,0.23308731838890565,0.3796619521410138,0.5499549328851776
YAR061W,62.806046825469394,-0.17787653225055822,0.3416722906333988,0.41774969231841946,0.5866801466067444
YAR064W,11.903962945617815,0.17404534857594828,0.44565306310962577,0.22416588786620842,0.3774717991853316
YAR066W,19.07153688759704,-0.6278272639398508,0.9931739928934636,0.025123066338447166,0.06605025510379979
YAR068W,39.72588149442622,0.19362157306617492,0.3845742371212275,0.3622574219031933,0.5316655094482655
YAR071W,4833.455003427154,6.581653381275495,0.13718138500745672,0,0
YBL001C,1115.2626652514018,0.782043729328192,0.1336208205234147,1.0712504970030427e-9,1.0617082656852004e-8
YBL002W,4978.6520114625755,-0.4282904203876518,0.0806538406538177,6.485528279764439e-8,5.019049903644475e-7
YBL003C,4743.233759807135,-0.6068250007979921,0.082039406329092,4.9196424262679235e-14,6.973829660505276e-13
YBL004W,2280.6016284065845,-1.0116868874805922,0.10163855427176229,3.511896840075746e-24,9.004198115620292e-23
YBL005W,933.5819018258454,0.12611424050684708,0.13200703743936631,0.31412228510167994,0.48400978748941936
YBL005W-A,0,NA,NA,NA,NA
YBL005W-B,5770.065132414766,0.04111504619359022,0.0773539321043419,0.569524680291523,0.7240060578580995
YBL006C,916.0215470065114,0.18761871989881246,0.13841969135608403,0.14927561755041757,0.27751523224931035
YBL007C,5223.4579775809725,0.036714647946058686,0.0787559930679127,0.6286378671800793,0.7718050905282628
YBL008W,578.0779664996359,-0.1329785336622083,0.15935295608828084,0.360077940337274,0.5297853328764732
YBL008W-A,2.4552678244762434,-0.04387902119731001,0.4234671963524055,0.38381153725263256,0.5539247761083637
YBL009W,832.5424826241845,-0.2057750127756191,0.1391205203775345,0.11692265856184242,0.2283845371113563
YBL010C,334.6998945471732,-0.07652139986510081,0.1931314006123984,0.6534361975406222,0.7891282524876201
YBL011W,2206.613955678324,0.15664310144172666,0.09859977152248196,0.10267298516049506,0.2062202293908172
YBL013W,108.25947223005329,-0.2291857464615955,0.30168964010369465,0.3008601795937256,0.4693577986942328
YBL014C,869.5087868898329,-0.5914603016101483,0.1442951927512661,1.413679554005988e-5,8.046784102290841e-5
YBL015W,925.740018008994,0.47492523574240636,0.1376793524837823,2.650794697995864e-4,0.0011987527863559517
YBL016W,1100.9836920672299,-0.5317656631270662,0.1293236407818593,1.503644845710129e-5,8.509590839877765e-5
YBL017C,4410.526284736082,-0.29079545427547854,0.0856135249033804,5.017643778693336e-4,0.0021241238595085857
YBL018C,299.7089103736391,-0.039319499307033275,0.20040242705026587,0.8222816689276815,0.9048595120374483
YBL019W,383.56474956266675,0.16615959415199233,0.18848624565611158,0.32510766200115127,0.495329800825328
YBL020W,1126.2725904484132,-0.5037000881078948,0.13741955282209004,1.0439470885974043e-4,5.11849845218343e-4
YBL021C,199.95663749525932,0.15509358184314329,0.24761779622317537,0.4419427410656014,0.6073494160018298
YBL022C,3415.5819397084497,0.08942209829501489,0.09064253690022678,0.3133899721097688,0.48344820361795904
YBL023C,1099.7823892720694,0.0113125055713671,0.1287529145956109,0.9272250753995581,0.9641371459722735
YBL024W,2781.762209354617,-0.8257198249204711,0.09435075448054209,5.681824742241355e-19,1.1021618587170154e-17
YBL025W,154.79157362406355,0.02315416111665305,0.25048131177675387,0.9108141964226,0.956687030551884
YBL026W,216.4404321705785,-0.1442834617576709,0.2291611935679419,0.45365469576327716,0.6195464893274769
YBL027W,22316.137633595517,-0.3649212452250152,0.06987693116627232,1.0553759839410157e-7,7.938204307780829e-7
YBL028C,452.8815712563194,-0.733335919927372,0.1897050179618339,2.9319843216165482e-5,1.599197614316309e-4
YBL029C-A,143.2609089773934,0.7877185513915003,0.33512777208105915,0.003248060658605579,0.011239715977981003
YBL029W,394.0547060402244,0.20259988651611427,0.18632536710839218,0.22128404229646478,0.3740074512531536
YBL030C,6778.083191778956,0.3789512104817662,0.07572351146471792,3.9385607889692284e-7,2.794908901630751e-6
YBL031W,346.50551845212783,-0.1624923414340073,0.1947570568551907,0.34586935981959416,0.5164704731896369
YBL032W,2435.6173650299575,-0.22755019543748858,0.09601021023349052,0.015432340009893636,0.043542827291073095
YBL033C,836.8025145463873,0.4770933244552455,0.14349536198979504,4.1319090532834947e-4,0.0017824336274478983
YBL034C,754.4219908276924,-0.10583758847502431,0.14265067212562868,0.4298925232976779,0.5962079515254954
YBL035C,823.9795121799068,-0.157795685671342,0.1388296128104332,0.22756082849746262,0.3822062676301729
YBL036C,1313.4592978695207,-0.037537630123506374,0.1162383566472808,0.7406851824973248,0.850597959335292
YBL037W,828.4863573133564,-0.1600301735658488,0.14271411231658918,0.2320648307857248,0.3874536543441164
YBL038W,523.0561503725205,0.23384002031876677,0.18061929085656606,0.14599519978350253,0.27279267842944055
YBL039C,4277.8746368545335,-1.0213691407060652,0.08649585552786926,4.6469425723341904e-33,1.839128882486894e-31
YBL039W-B,6.645411095188983,0.019058150104748782,0.4079490840727845,0.868494678924741,0.9323975686066795
YBL040C,1191.667414199797,0.08567960111696109,0.12106064017325444,0.4604183024683266,0.6255960206580005
YBL041W,3205.388671004377,0.2772609771315181,0.08927704059006673,0.0015945042401887862,0.005985226928321625
YBL042C,1495.9236856320103,-0.29550734197652617,0.12016625612481206,0.010006476392237324,0.030018231203864904
YBL043W,26.260602602043107,-0.2142767356068545,0.4228231858970455,0.27928801401882103,0.4445239996407524
YBL044W,4.914849223663593,-0.0682317239714445,0.41958153861872316,0.4952894712790806,0.6586630698320757
YBL045C,3429.7453637571853,0.04692569796369446,0.08711995575800832,0.6031806487858873,0.751522561988248
YBL046W,836.8167760216743,-0.04651948932900473,0.13660758277265653,0.7171634909445366,0.8326664906674408
YBL047C,4743.322350547654,0.07712253523446129,0.08045235676965942,0.342599220081278,0.5134199747952468
YBL048W,37.946717757358336,-0.11097675291965431,0.3615393867501797,0.5815987925737848,0.7340941951642999
YBL049W,69.6906182377087,0.07607299161954847,0.31484153902634426,0.7240793643852879,0.8375629681796867
YBL050W,1643.485159481084,0.3327782603144366,0.11069543570439519,0.0017964518249044658,0.006642677224526146
YBL051C,2155.6830431181293,-0.20760517984763419,0.10405349983491302,0.03896105821895072,0.09541252504865133
YBL052C,1585.2412251373685,-0.4873184390979432,0.1123224977727294,6.042025724828418e-6,3.6062576618738036e-5
YBL054W,613.0804141283487,-1.026951533687451,0.16695915130706088,1.112247457364578e-10,1.2034721570787003e-9
YBL055C,724.2546431798474,-0.20655789902740027,0.14874113603641206,0.13641138296859484,0.25915525946063267
YBL056W,3308.3490511057753,0.16232410075220863,0.08787851904556024,0.061209880556918415,0.13646679230402567
YBL057C,868.2747938249306,-0.002675578690862542,0.14118548307547005,0.9827517608087589,0.9907281922752191
YBL058W,3914.229149920199,0.4685814986697071,0.0859037200408603,2.921331830482363e-8,2.382723901017219e-7
YBL059C-A,133.33145713682802,0.25694296839383335,0.2873784839218495,0.24259295542281295,0.40083235027411823
YBL059W,134.76592559109596,-0.01861191133176752,0.2616622851717854,0.9282073538902126,0.9646878332553019
YBL060W,545.3968559825192,0.09749464981049534,0.16146228088472128,0.5146059796440424,0.6739132715880343
YBL061C,1760.716152959259,-0.19803060143421916,0.10831996853231422,0.060497486407821495,0.13523642052574805
YBL063W,771.2940683595916,-0.058181033903066934,0.14404391921637044,0.6665329137682615,0.7985665567841198
YBL064C,1565.1072913809462,1.7310739197439406,0.11799384764356352,8.197201362119363e-50,5.088304887622935e-48
YBL066C,651.7278572928672,0.025037775251932765,0.1500730599659661,0.8597607278282577,0.9283172817194086
YBL067C,1205.0238711777324,-0.2874794662192845,0.12197519260143844,0.013512271972202554,0.038850252472003154
YBL068W,1138.112893503404,-0.19411455979548276,0.1263591549603067,0.10582182168961685,0.21117809898601372
YBL069W,818.0595127895309,-0.06433850025921103,0.13955871383223878,0.6231980632380569,0.7675436463898959
YBL071C,95.66619710804375,-0.3447083934692212,0.3405000883489515,0.1476607585820377,0.27528129090431397
YBL071C-B,0,NA,NA,NA,NA
YBL071W-A,81.53791598039682,-0.3008646853032689,0.3520756925964801,0.20039928586736702,0.34604819583012103
YBL072C,25848.091233143095,-0.24401173669602444,0.06788776740755732,2.6351468487549135e-4,0.0011925910181970626
YBL074C,177.4675935207264,-5.740975453971865e-4,0.24093253166414122,0.9959656855723358,0.997552403120231
YBL075C,710.2656734263212,0.29407751657749287,0.15128646405412552,0.03682971530010126,0.09105743503888951
YBL076C,14976.955798415125,-0.6587477972305287,0.0689009410013598,3.197677476202622e-22,7.365900030143306e-21
YBL078C,176.65872053531257,1.3281055473765289,0.3135669448361718,2.1265021997026248e-6,1.3586114270472782e-5
YBL079W,2536.8932358143584,-0.33648989203392615,0.09641211342239252,3.208410168030519e-4,0.001417228071975728
YBL080C,424.6105461865374,0.3471522407188239,0.1875605510824764,0.039130884840555484,0.09555065337671044
YBL081W,556.5553783343697,-0.9555372252134443,0.17787798817887346,1.4725173751712823e-8,1.2639643320793378e-7
YBL082C,1144.241060963885,-0.3975895504529426,0.1299270281488723,0.0012181465066486291,0.004719717443959898
YBL084C,772.1122709671711,0.02925488034886021,0.14202923186619337,0.8276816608183413,0.9080630239713039
YBL085W,2168.346743632015,-0.027298560931363108,0.09868261689207375,0.7683002692636838,0.8696097289535399
YBL086C,861.4165486252657,0.17265066525864298,0.13671796002551703,0.17670870844965036,0.31491425014433005
YBL087C,8760.241721985252,-0.29125002613966877,0.07537713036984912,8.849222488570993e-5,4.418616851405855e-4
YBL088C,983.9090714860841,-0.4742641733355384,0.13663244267240462,2.4181380016010152e-4,0.0011011397525437208
YBL089W,541.3200639708224,0.1149074188367474,0.1646365742087116,0.4488239580441456,0.6146574269824261
YBL090W,396.744951944818,0.23509480990767084,0.19703639609187845,0.17708573198024788,0.31530028049245584
YBL091C,5558.117484250644,-0.19065685995904982,0.07927856561048699,0.01439605412561303,0.040952016969966254
YBL091C-A,332.59460455691806,0.20410596844075032,0.19867319706532072,0.2452211205719229,0.4042147307324564
YBL092W,18396.91068403434,-0.2927137801349877,0.07123509194510107,2.934257789876626e-5,1.599197614316309e-4
YBL093C,812.5656618264237,-0.09146167182503395,0.13835195281365384,0.4824974501297338,0.6478341219068853
YBL095W,393.4771707239813,-0.15378086683024178,0.18895073732749737,0.3612257613963849,0.5306879710371225
YBL097W,493.560558083676,-0.2518239644772175,0.17222914689028118,0.1081852825633818,0.2144432306810966
YBL098W,558.5273061584289,-0.0382744647029288,0.15877005822770182,0.7929825551237992,0.8851444496621321
YBL099W,9981.090805414451,0.04652091406486314,0.07106612761255042,0.5241772254507688,0.681603770338078
YBL100W-A,0,NA,NA,NA,NA
YBL100W-B,519.4365283267683,0.031521813930911295,0.16359301492274703,0.8358912514321748,0.9137655595818195
YBL100W-C,0.5254196824202155,-7.642458831084072e-4,0.4237801260014785,0.9449612605695565,NA
YBL101C,946.9142343584997,0.31710395912833533,0.13488892818488366,0.012790557701520107,0.037009773682955875
YBL102W,1393.2660430731448,0.28197064649470566,0.1159581282026345,0.011205771973738033,0.032957824104305825
YBL103C,722.8512565245129,0.011793820523902269,0.14740558618871674,0.9394644900453267,0.9712380960891832
YBL104C,927.1606534129954,-0.08818022555877017,0.13632712623927026,0.4921095946988291,0.6555162141267212
YBL105C,2230.486410384671,-0.19707549664402832,0.10450604720323449,0.05076581126169674,0.1177678949686175
YBL106C,638.8860509443541,-0.21073604249972475,0.15502640478564295,0.14249776514066168,0.26752923305777837
YBL107C,550.7635425605703,0.203013657609272,0.16316523572766783,0.1771391943821445,0.31530028049245584
YBL108C-A,0,NA,NA,NA,NA
YBL111C,67.02199165449623,0.014561017501310924,0.4230359734379661,0.2867370736140285,0.4531158651490596
YBL112C,43.670340701388874,0.1682831584096699,0.3675033574768208,0.4311235507840064,0.5968908489924689
YBL113C,1039.652001895875,0.27677423153494946,0.13273402312767585,0.02764195765742447,0.07174214644620082
YBR001C,1839.1012473467756,1.572366016808455,0.10970897572851619,1.4774868708812393e-47,8.712740077586667e-46
YBR002C,932.363393942419,-0.4121255212997551,0.13844595541585594,0.0015836719629450653,0.005952143763854079
YBR003W,1075.1436889332122,0.21292543911668912,0.12635938070066946,0.07601687606025284,0.16241721671279383
YBR004C,540.2674960567134,-0.31180055323795103,0.17249009238388135,0.05055309726420812,0.1174130029803211
YBR005W,295.6634628420533,0.29147661441058975,0.21347203835956707,0.11574283466278895,0.22660541036071263
YBR006W,725.1733166901508,0.5382886435575898,0.15297092886339791,1.7084785545628213e-4,8.04062093875256e-4
YBR007C,647.8555111645684,-0.12019059389031558,0.15155348246053957,0.3942684196037986,0.5638098051105676
YBR008C,503.0548318391942,-0.07007219102372529,0.16556368014623024,0.6440249751934107,0.7822482551422334
YBR009C,5415.9329146629625,-0.22850432085686528,0.07875708783608067,0.003093591939460699,0.010781862687352093
YBR010W,5781.878589773552,-0.1815152846567833,0.07740041125927197,0.01714219938763204,0.04766032521870163
YBR011C,16811.11642548455,-0.18459799286002662,0.06927781167170444,0.006610074224177849,0.020956778333320845
YBR012W-A,0,NA,NA,NA,NA
YBR012W-B,698.7370260000732,-0.2749665884705234,0.15225442955254342,0.051152176502633415,0.11861753237751838
YBR013C,94.84416235012348,0.47736798857786666,0.3844938826539422,0.06599261709965058,0.1453711105852221
YBR014C,932.8696312668759,0.3363002683602883,0.14096741308606017,0.011167126746906512,0.032860552109035775
YBR015C,3861.5389558995294,-0.14583527748154476,0.08441079485966094,0.07677148749008077,0.16379213521309924
YBR016W,583.4312769794234,0.48296317305347436,0.17693939621119012,0.0026837410569261343,0.009510829935512869
YBR017C,2990.1909712768565,-0.403864353157981,0.09531201854718264,1.3408792659269373e-5,7.661981619351889e-5
YBR018C,54.11057812153368,0.29207374317243,0.3984861650222408,0.2111792918393988,0.3599203132881314
YBR019C,91.4376484965099,0.007095993758059474,0.29133857982645495,0.9754228102792357,0.9886407225932659
YBR020W,111.06483040654398,-0.5850016234330901,0.4024861194514347,0.0315398932785522,0.07982435650799241
YBR021W,599.9564153812926,-0.7565700104988567,0.17271224280185624,2.9088357696804835e-6,1.8228910237838268e-5
YBR022W,272.4929803505971,0.36805336552895407,0.22624601669706534,0.058719898371992735,0.13226556176456883
YBR023C,2665.760405152307,-0.18597730758070452,0.09754971623620184,0.05308683745785008,0.12228635956599296
YBR024W,387.724958367688,0.04820587062744064,0.18227609247488658,0.7715763239752143,0.8719788391111227
YBR025C,11129.406818914433,-0.5285302141683162,0.07114055292733239,5.855536357037423e-14,8.163143710981013e-13
YBR026C,2062.9186774047457,0.5972728267071469,0.1033124126581653,2.6448923568868083e-9,2.483587616012979e-8
YBR027C,0.1925249435925408,0.010034837227069857,0.42402251994226076,0.8510168722001032,NA
YBR028C,1067.9653955962472,0.007380365279950998,0.12479030168229298,0.9595660922408854,0.980346716206601
YBR029C,2754.3543357399335,-0.5017793848442643,0.09400880728075826,4.436637790684159e-8,3.5307493996848164e-7
YBR030W,984.9271337192417,-0.5083133778467744,0.13430554462827599,6.597712301752123e-5,3.3773185280757176e-4
YBR031W,46152.04457227766,-0.3704168408754863,0.06751837639857183,2.0240088803950426e-8,1.7002251236025022e-7
YBR032W,13.711461982844932,0.008213557756095698,0.39116269697131634,0.9600375001701162,0.9804604691628679
YBR033W,279.50192711588386,0.18068600209006352,0.2121805906775027,0.3264938648702401,0.4963481106315561
YBR034C,1673.341451043606,-1.109703711247237,0.11233042365749328,6.070196622241385e-24,1.5297414308272415e-22
YBR035C,2508.5523222290008,0.4757598189860463,0.09665718307376249,4.2162663571961454e-7,2.9776434381300203e-6
YBR036C,2559.4950541135786,0.15633975153544494,0.0971902427998703,0.09975313974177123,0.20153804523856825
YBR037C,443.44089686562546,0.5689595550639862,0.2037282175785502,0.0017425271343166676,0.006462693403185779
YBR038W,1544.2672717183107,0.1938905658376199,0.11093173355421256,0.06979361224308701,0.15220892433338912
YBR039W,3522.2592762396316,0.16476064802382656,0.09845403317940397,0.08280344698271278,0.17395508616211514
YBR040W,50.299155528564995,-0.7605883289916788,0.6113006360698418,0.021916038565587832,0.05885194873464092
YBR041W,2166.3741051457678,0.04088649442781188,0.09975601901558262,0.6767165722006039,0.8056930398277733
YBR042C,984.0013529863868,-0.17674115247630232,0.1305689371886161,0.15368188363173707,0.2832768737646591
YBR043C,1541.6748980307123,-0.2948416975299044,0.11249739032895276,0.006741713260015472,0.021328263462613326
YBR044C,742.998580945874,0.08619595684048,0.144563640350499,0.5310674167282168,0.6885893923584641
YBR045C,147.67592891710723,0.15462308416247447,0.2626648546473293,0.45902870831428433,0.6243084934264339
YBR046C,812.1733516478081,1.2638099841942356,0.1561141790124455,5.965462876188414e-17,1.0050952737395164e-15
YBR047W,65.94617024132292,-0.1620027031083443,0.33280703025340946,0.45801314262867954,0.6237652429749014
YBR048W,10073.230055271144,-0.31735710506419346,0.07151684988818989,1.0112412315629102e-5,5.875162110863529e-5
YBR049C,1828.582660164102,0.07145650426286725,0.10427033256914968,0.4819412226858197,0.6473820934346876
YBR050C,94.70197587504944,1.7069620202626814,0.4338101100424156,5.570078330376388e-6,3.3585635904120205e-5
YBR052C,2964.2674848425554,1.094943216339286,0.09497778673991146,2.02586484159046e-31,7.329156423839842e-30
YBR053C,1755.9613480175135,0.9545832082593068,0.11092466665001946,1.2520203613163681e-18,2.3588383612404545e-17
YBR054W,2410.259951725302,-0.20915013631227208,0.1009126566894634,0.03073432068745859,0.0781545015497815
YBR055C,1141.3267885740706,-0.3221145063095743,0.12532660491578743,0.006973964729044712,0.021980475685289505
YBR056W,2511.1920688712926,0.944133047562104,0.0990266308216785,2.451617522101312e-22,5.691806507020251e-21
YBR056W-A,13.364634214987648,-0.0758543607183863,0.40030805009412923,0.6143123645390847,0.7605108423691513
YBR057C,777.226947126503,-0.18403569825895447,0.1428896670369917,0.16973533145547856,0.30553395897220914
YBR058C,1631.9349819912593,-0.1384671738718517,0.11045974022269539,0.19483983044390268,0.339029353829358
YBR058C-A,328.4920638619686,0.01526321618213822,0.1966126324043565,0.9312482920116051,0.9666462075645202
YBR059C,2630.65290520548,0.2049655972577906,0.09504775385502368,0.02772358107253777,0.07184917449741457
YBR060C,950.6789071913198,-0.1134777751688292,0.13077852533962084,0.3603746695043977,0.5299308624723061
YBR061C,717.6424811882684,-0.4657552710818592,0.15332989098732733,0.00108400199451167,0.004250239203214972
YBR062C,511.3245884528375,0.6086567150574407,0.17893734916964857,2.1271755061906208e-4,9.838395262749876e-4
YBR063C,525.6229442241606,-0.25533261694025977,0.16740308846901159,0.09054821067491216,0.18683093014344193
YBR065C,407.1418720896346,-0.2980197482753117,0.18915022633111583,0.07774940921672968,0.16528055737240627
YBR066C,446.1916596401296,0.9907063751580865,0.19429517036944377,5.148458558714928e-8,4.0426711212705633e-7
YBR067C,4025.543097639921,-0.6044129707008071,0.08936800057601617,4.590172301791114e-12,5.558161409376221e-11
YBR068C,5242.6220140156165,-0.2749220476741754,0.07995391241971062,5.347886666449112e-4,0.002247789570352845
YBR069C,658.2741332449244,-0.7781858474978519,0.16389364500071302,5.892031354343909e-7,4.08288001134736e-6
YBR070C,508.98121591905846,0.1666966438743956,0.16694272582393901,0.27694882793927716,0.44211349170490455
YBR071W,601.41012282347765,0.24336234162984077,0.15940570478366858,0.10175698454458118,0.20482327559979666
YBR072C-A,0,NA,NA,NA,NA
YBR072W,534.326836586076,3.1758900869830513,0.19911858725416476,2.2768846179934465e-58,1.7213831528599172e-56
YBR073W,2629.2076160747674,-0.38138984520587194,0.10004155443704031,7.534980278709041e-5,3.801007587985219e-4
YBR074W,2271.843630590323,-0.2713430728145578,0.10001716507702567,0.005573875180509542,0.018109720076840093
YBR076W,38.78725516810395,-0.1917312369861435,0.3997937858824978,0.3299827416702975,0.5001461583329065
YBR077C,295.669291784457,0.5600046277877888,0.2282781590612236,0.004819223942731771,0.01591207367877338
YBR078W,17919.28726522636,-0.1245995086560912,0.07293046692476862,0.08270981123224078,0.1738202982311204
YBR079C,7570.685273485026,-0.820028448718199,0.07483093820395277,1.555812564908218e-28,5.068854527770034e-27
YBR080C,2597.481213386405,-0.06148948407442464,0.09348612581929532,0.5087749484720658,0.6699371361462091
YBR081C,1731.2297186476183,-0.10433009128681564,0.10817885779677366,0.31726476161631656,0.48708937757131443
YBR082C,3563.1211453013875,0.29520496660902945,0.08717590055076009,5.852526590404057e-4,0.002433875127194127
YBR083W,2022.285674246138,0.31423572762086494,0.10380268683786273,0.0017181826592053042,0.006384450624658903
YBR084C-A,18795.712410817738,-0.23588271157821392,0.06606336355469428,2.950468629711924e-4,0.0013190988255808354
YBR084W,6912.925551136931,-0.7446371317904312,0.07683880473417107,8.538003887171795e-23,2.0301858436553256e-21
YBR085C-A,539.1067883857834,2.146642788257583,0.49424785234588053,5.770700331051941e-7,4.003508217907446e-6
YBR085W,198.4341889839557,-1.259038277249236,0.289242086329692,1.342696096545982e-6,8.887865156329943e-6
YBR086C,7005.958307767434,-0.21872332981843512,0.07591458763263073,0.0032242183456243994,0.011177669361638496
YBR087W,886.3783388751403,-0.10002086090061534,0.13616747905937487,0.43662663194507156,0.6021485614078782
YBR088C,2182.1871215660126,-0.03844738227678155,0.09926668639684387,0.6991393026106227,0.8214434085464918
YBR089C-A,732.3983931116104,0.49925709269450674,0.1523344681333664,4.5227204206708526e-4,0.0019354486444627009
YBR090C,132.5120361241074,0.4643932025017422,0.32474834482005965,0.055664239374494356,0.12694505135872716
YBR091C,107.68072009451168,0.08380730268413676,0.2843732118282894,0.6939915240789096,0.8178393320330395
YBR092C,6282.176722872215,-0.4599763405062427,0.08150621403059041,9.188452009390847e-9,8.135781005912587e-8
YBR093C,15971.321403063568,5.894262976193632,0.08349034030760201,0,0
YBR094W,1129.3816416141174,0.01920999825085082,0.1233791593226669,0.8706391415166089,0.932571715507501
YBR095C,567.2192755871563,-0.08188742337639773,0.1585305827612494,0.5886366725902423,0.7393395385491897
YBR096W,1261.95418725128,0.15831217503576678,0.12268100580769227,0.17727843472336827,0.31535774647472176
YBR097W,636.2616861181764,-0.0547923387757222,0.1519239474974583,0.6979252782528889,0.8206710599914827
YBR098W,415.3475841951617,0.029554964762865534,0.17880048244850613,0.8567781364232406,0.926879594659301
YBR101C,1165.3535327105312,0.48265942399529155,0.12909452631188678,8.608346887235112e-5,4.3129500079885696e-4
YBR102C,1016.7770023248147,-0.006857370267174414,0.1334003999259084,0.9579049153754536,0.9796679302755897
YBR103W,955.9339376674368,-0.012927655905065614,0.13311288760036383,0.9173956681023978,0.9593690822485972
YBR104W,882.7257548961875,-0.7503944336948158,0.1424541553266033,3.2885958797242326e-8,2.6492964347996995e-7
YBR105C,590.2606693042412,0.4116088252586699,0.16597663707771296,0.007046812808229283,0.02217452248139172
YBR106W,6631.894333211416,-0.061781834282104715,0.08020875045587991,0.4296617537445251,0.5960280785301022
YBR107C,305.36105671440396,0.10123736456348925,0.20320589709563744,0.5714759319316327,0.7261352231417448
YBR108W,891.4370295083304,0.25867598470558417,0.14027518033188438,0.04964604431108364,0.11576224725285102
YBR109C,1570.4794899691178,0.04296320832308872,0.10973460977669018,0.6868072970261765,0.8129471358015582
YBR110W,1286.815343714681,0.187865366933551,0.12145353202070291,0.10587197641679537,0.21120671344040673
YBR111C,2878.481306017329,0.6281836795166876,0.09623812913476006,2.263495104517955e-11,2.6120999278556517e-10
YBR111W-A,146.76222098071827,0.3338903152260027,0.28774072526352873,0.13451448003656324,0.2563774688996811
YBR112C,2307.6892760084374,-0.4222206152028982,0.2423977827769609,0.03739810264170331,0.09215905193402608
YBR114W,726.4092826865024,0.3142782292787244,0.15075554850609182,0.02575275689534715,0.06740524075093747
YBR115C,3600.9493818582787,-0.2231854980851673,0.08625613449259528,0.00815260359394614,0.025130019859817464
YBR117C,740.6606306719722,2.5940273088456083,0.16572167788195513,1.8891354170185384e-56,1.410155892931433e-54
YBR118W,201811.42821795645,-0.24665367226084164,0.060997426427750974,4.28959495428087e-5,2.2625886802678257e-4
YBR119W,468.7049540171974,-0.01066810019091054,0.1695106291959617,0.9439538812019962,0.9733338061633452
YBR120C,197.20973786772953,0.3477622080101851,0.25985186298883156,0.09976081974756329,0.20153804523856825
YBR121C,14569.484633593125,-0.5023218290485859,0.06823345051802085,8.143081695826013e-14,1.1245843737771897e-12
YBR122C,651.0852210466401,0.09348063515276926,0.1504344813664214,0.5070596151104869,0.6684746884901265
YBR123C,808.9945978103883,0.009239971370600446,0.138951212477667,0.9488766398394536,0.9750109057448092
YBR125C,656.1076919483039,0.06886768027172059,0.15008428651648176,0.6247104888415584,0.7686037456079011
YBR126C,10215.819530096918,1.5662816439645522,0.07208609979308406,8.029522530161783e-106,1.1548803502527813e-103
YBR126W-A,844.6952234722274,0.37940568861394836,0.1420455580362583,0.0044938576710102885,0.014946575682993611
YBR127C,11085.854296936483,-0.5641388618661431,0.07299409692325412,4.198189054028278e-15,6.299420064021566e-14
YBR128C,194.19528482651975,0.35752731395968534,0.2613085843934752,0.09216579864643358,0.18967777046112053
YBR129C,669.8072648942249,0.30848247995285755,0.15461467104572435,0.031742923725148024,0.08016617610586634
YBR130C,1290.7568003850276,-0.003980004707579915,0.11719754470217676,0.9746284549723794,0.988542139486089
YBR131W,385.22799177458506,-0.17087710663020492,0.1868092626717451,0.30676584042749183,0.4758017256709414
YBR132C,732.2697827882741,0.2503860940489354,0.14765325136861876,0.07177204628889204,0.15571734987696703
YBR133C,2046.748111108938,-0.09159462765323344,0.10180971807895199,0.3490024295225984,0.5191586210843865
YBR135W,560.3019831803535,-0.09009632512066058,0.16455191224566992,0.5542579758077849,0.7109983213701343
YBR136W,633.4622496248237,-0.11163329056133205,0.15415715567125993,0.435327585268383,0.6012006487886778
YBR137W,572.9311334014805,1.0251558247468082,0.17912917073449788,1.388984347112895e-9,1.3516238770502877e-8
YBR138C,427.7813241431673,0.6448705668007768,0.19510255032157386,2.7853871572759237e-4,0.0012566509457646164
YBR139W,2892.2796140672376,1.040524894666595,0.09783715617324722,4.4684874891249466e-27,1.3375679829788782e-25
YBR140C,1946.9386006408981,-0.11577325700229585,0.10264891633052886,0.24452614387330748,0.40334843927857184
YBR141C,258.152362276092,-0.1462691270242171,0.21637761718190618,0.43059723594799976,0.5968908489924689
YBR142W,1707.862153453877,-0.9205612811726293,0.11059814474804475,1.3431619443049912e-17,2.378566362031992e-16
YBR143C,8055.122250601759,-0.4823404642864204,0.07543179697345674,7.775270555622228e-11,8.570237470374631e-10
YBR144C,1.4108929882505479,-0.01987404979796996,0.42202806984445385,0.711461397100892,NA
YBR145W,1325.7631709110306,-0.057972170354838,0.11658097753800815,0.614392683236669,0.7605108423691513
YBR146W,1039.281282222392,0.08125629857891331,0.12648706577525898,0.50171716234652,0.6641136041206349
YBR147W,197.5836733443523,1.4099041807046016,0.2898233574127293,1.0660126105243831e-7,8.00799536848699e-7
YBR148W,77.5622529193163,0.40090262164058776,0.39614114806643064,0.11184206438123938,0.22013773486520982
YBR149W,5071.773946058493,0.9463195550576636,0.08302871462718527,7.237926718568117e-31,2.5558116083470767e-29
YBR150C,602.3752629107804,0.5368386529278862,0.16668344764734977,4.98656898921846e-4,0.002112485440331987
YBR151W,2621.146554383181,0.6769667637507321,0.09853308617843111,1.8913632033401112e-12,2.3530313945351552e-11
YBR152W,218.1007715413463,-0.01770099017545139,0.2237698724112552,0.9237511554048463,0.9626285250411533
YBR153W,362.28123967230334,-0.07292919358582761,0.18828839376243264,0.6639358845939565,0.7967893665568024
YBR154C,1726.9652594492295,-0.47347933442952567,0.10958025544378446,6.876143083315499e-6,4.062987551333817e-5
YBR155W,811.8829115067126,-0.6328602422726227,0.14888918641863447,6.524785418350022e-6,3.87089130905534e-5
YBR156C,567.2079519820351,-0.18836688293936812,0.1622845555106812,0.20428685377192343,0.35050322277946827
YBR157C,555.2394563302826,1.2990349123622749,0.17976576157416557,5.213491690171967e-14,7.355014472953131e-13
YBR158W,4303.807722059829,0.21062415739926008,0.08327508615519567,0.009831365817510188,0.029564285683762154
YBR159W,3889.2981459454745,-0.16620652927684046,0.08727825278155922,0.052394023042207125,0.12093923769338473
YBR160W,978.0154114249449,0.24921158958663647,0.13161403578616068,0.04597783255795261,0.1086263135393616
YBR161W,652.1022013662689,0.33925891997552515,0.15624062413986725,0.01921342617430408,0.05250304640865207
YBR162C,11588.51300009077,-0.343385557168231,0.07147870323615563,1.031930155862469e-6,6.915104692182932e-6
YBR162W-A,343.5715790007106,0.017052734296601833,0.1902352481016737,0.9215098579108718,0.9619655925120217
YBR163W,914.753674349221,-0.2711416681966292,0.13499296870280386,0.03336073704768523,0.08360742302175937
YBR164C,1263.6043062310914,0.18663951741288592,0.12089780821380339,0.10675738822476064,0.2124699015732074
YBR165W,412.86388040092567,0.16520802973227489,0.1839818134563354,0.319533627406066,0.48930817878217464
YBR166C,1257.6790966977098,-0.17663256135943908,0.1203210380079252,0.124668914730793,0.24088223793167965
YBR167C,223.315664043819,0.010237892770896293,0.22408539214401463,0.9586795497368329,0.9800707162270897
YBR168W,535.2528108708581,0.16935964160248934,0.16399773632243994,0.2624738436772223,0.42428954390476425
YBR169C,2037.9036322866264,2.022489744190032,0.10733152456535701,2.5537202744167205e-80,2.738052446951891e-78
YBR170C,1130.3227622640914,0.42312068414333914,0.1268038107496628,4.603494578212946e-4,0.0019671599657769376
YBR171W,1203.716443065566,-0.012290803748572146,0.1254877476794938,0.9170237697372723,0.9593204133653884
YBR172C,1818.881379853247,-0.5927835708557644,0.10857775542099186,1.8147224849609882e-8,1.5353541598012837e-7
YBR173C,917.4511039568874,0.17057885831490638,0.13331052817329347,0.17497090464036763,0.3129947216881143
YBR175W,588.8183844603659,0.054868095568004614,0.15573597887804833,0.6950654204119262,0.8186140970978888
YBR176W,370.6000720943224,0.02553266980058836,0.18500394766631825,0.880074401742889,0.9371250897576412
YBR177C,3987.2781800334424,-0.4787406577760639,0.08903619279566745,3.7286164773490926e-8,2.987452631376032e-7
YBR179C,926.8273414856325,0.13427065277775188,0.13433322350169832,0.29196819186329886,0.45827426867656995
YBR180W,61.5755821407926,0.19585069138442673,0.34774408232177206,0.3799233866977005,0.5501984801955647
YBR181C,20184.756623461253,-0.3973743943858686,0.06595098469629254,9.649745077030905e-10,9.579890020075968e-9
YBR182C,135.11273002514554,0.04971900224427781,0.2623377806064772,0.8115144483308159,0.8973638126665457
YBR182C-A,1.773097565564294,0.0030583258965097247,0.42179435681243893,0.9836710499046383,0.9907281922752191
YBR183W,560.8182032304304,0.6170303058977814,0.17318237596287495,1.1295150993849911e-4,5.500206887756641e-4
YBR184W,161.40484653799777,0.02013441229439407,0.2468522103481181,0.922187486418341,0.9624788665096207
YBR185C,386.9626954793217,0.24224552578256317,0.18891583291046368,0.15200244363113194,0.28116637706800035
YBR186W,148.3069243145158,-0.10155433037800166,0.2612441427934734,0.6208026917766152,0.7655679597867598
YBR187W,2756.943003534803,-0.5460584775131089,0.09404208334227421,2.4887984948532035e-9,2.355769618643554e-8
YBR188C,182.85185719731453,0.11647226205973091,0.24187937597351206,0.5542094400794336,0.7109983213701343
YBR189W,27661.124101422512,-0.4067896221381303,0.06472179459223935,3.0781719736952984e-10,3.1901546799439676e-9
YBR191W,16988.01757794322,-0.2889776383050186,0.07159878633266871,2.9429036407247553e-5,1.6024286952311988e-4
YBR192W,576.3525631705019,-0.08825950854452451,0.15740507802647846,0.5455818241493529,0.7026197896939798
YBR193C,337.8087859157612,0.4333136334631401,0.21105166905570263,0.019209798742783602,0.05250304640865207
YBR194W,88.62362816988545,0.4380408087568752,0.37583572337623455,0.08567081274708271,0.17883213549364488
YBR195C,534.5481858038282,-0.34667795151435554,0.16909081838141207,0.02496333329350987,0.06574755535141925
YBR196C,34204.904706264526,0.1559505388805183,0.06570626561836415,0.01634033933583849,0.04586338936860523
YBR196C-A,0.5631605416057288,-0.021502980214389383,0.4246815753560149,0.5687841011699938,NA
YBR196C-B,0,NA,NA,NA,NA
YBR197C,353.57481450850986,-0.03677733920151397,0.18832297790265512,0.8258652178315524,0.9072517119136856
YBR198C,1936.1325808712427,-0.19493108291083552,0.11122764604218484,0.06814366629206171,0.14943964303617996
YBR199W,3617.203144069234,0.291790128740658,0.09076041145285887,0.0010130790589891292,0.004004106709690949
YBR200W,1073.7346943101884,-0.1740323229126346,0.125940306334017,0.14655550257352049,0.273666180708059
YBR200W-A,0,NA,NA,NA,NA
YBR201C-A,12.620730804915357,0.005087082720246199,0.3944923421437405,0.9757530480417396,0.9886407225932659
YBR201W,235.58417219857296,0.005208153280480872,0.2175667464997854,0.9796235017614052,0.9907281922752191
YBR202W,1551.7015310499617,-0.193863045750838,0.1170764272356546,0.08420426329607247,0.17633257835828814
YBR203W,223.2569501536717,0.15583129612455768,0.22758820359403592,0.41934294974231034,0.5882172632327317
YBR204C,729.2126984069929,0.416584664914828,0.15118400509880772,0.003173480487046485,0.011021209912905254
YBR205W,2557.6888389633214,-0.1240507994111994,0.09409444249631382,0.18245783757700917,0.32243148582308157
YBR207W,1234.2531143217257,-0.24177624400778183,0.12328743596213533,0.03972396495892787,0.09655903601104603
YBR208C,1505.8073228548494,-0.0022087102131427222,0.11505694515428111,0.9833429564057881,0.9907281922752191
YBR209W,0.27015761586719667,-0.0119206026345075,0.42423607750536446,0.7407938598217132,NA
YBR210W,417.59165251187073,-0.2534573174147031,0.18468602620092056,0.13161663274851026,0.25146754613655603
YBR211C,337.12282355347037,0.3049068262394001,0.2031426310631466,0.08809603174831714,0.18285895783872794
YBR212W,1384.7146221131643,0.4883437452512194,0.12095357109937432,2.54004563696678e-5,1.4038096645916683e-4
YBR213W,80.93422123754843,-0.36418928568865677,0.3715109433377017,0.13623275905479,0.25906629479074383
YBR214W,1111.3288063234638,1.03457698914963,0.13436478225732446,1.976749664606832e-15,3.0435751363411194e-14
YBR215W,930.1140682771904,0.007017277092374197,0.13182127149630854,0.9577236806397088,0.9796524795719622
YBR216C,833.2949921153084,0.44061861206933944,0.14423458492245583,0.001150266732810124,0.004483959970562833
YBR217W,162.12364134779065,0.06054267232298742,0.2481226529505302,0.7657038204324526,0.8686716870123457
YBR218C,7768.74069557041,-0.10939009477003057,0.07738231721985175,0.1528313385942093,0.28225693820546577
YBR219C,0,NA,NA,NA,NA
YBR220C,1825.9156341283394,-0.16310499859084293,0.10462470393279547,0.10384556888159932,0.2081500066943546
YBR221C,7885.216391262262,0.020697041116436436,0.07396805007642251,0.7824466801361104,0.8785392370073578
YBR221W-A,0,NA,NA,NA,NA
YBR222C,1650.0194950107712,0.19898896090566037,0.109034430961237,0.05848896813891946,0.13214921268781918
YBR223C,331.142103399823,0.23756370512903424,0.20155925532831154,0.18086742240942563,0.32019669467078443
YBR225W,530.9880893765056,-0.01163446311957156,0.16320208764482008,0.9368038955991513,0.970340612786041
YBR227C,1083.0860796276343,-0.05469945403443156,0.12491824542281138,0.6454531968184298,0.783176440666313
YBR228W,363.2278995514011,0.08094713243005015,0.18754194175397387,0.6317081101890165,0.7738955343658436
YBR229C,2529.745495640661,0.20657401864012517,0.09517832120260351,0.026128755346106453,0.06829843540602383
YBR230C,1105.6162745186039,1.535387198495039,0.13311388915598474,8.264820284201413e-32,3.065260705404763e-30
YBR230W-A,93.79933047112897,0.3572720164645,0.35028898949995035,0.13751780376076758,0.2606693952996614
YBR231C,503.67912722895886,0.4636512667543586,0.18662118796584148,0.005823907155348563,0.018787516682215795
YBR233W,605.2901856459182,0.1431546324623432,0.1573105208911317,0.33624396133851175,0.5065995503355145
YBR233W-A,89.15337274278221,-0.04348300875895521,0.29455213094373256,0.8358146389744274,0.9137655595818195
YBR234C,3199.9361537429727,0.11370299549982041,0.09011066501967158,0.19932905957505007,0.3449071198104666
YBR235W,1554.0904097304215,-0.06196486115342744,0.11045536594740324,0.5586817409733602,0.7152603319150984
YBR236C,925.6259997876912,0.39210058109879165,0.13772888253595633,0.002524167897642227,0.009021223086300734
YBR237W,923.6822217202534,-0.03801599090857265,0.13317351349023668,0.762347752934055,0.866231427419672
YBR238C,393.88767844297263,-1.5128699822197689,0.21006816721317714,4.933395695605707e-14,6.976555016063994e-13
YBR239C,291.69846255177646,-0.46640748799384274,0.22489979516630462,0.016284699526302446,0.04577258012707604
YBR240C,102.66819268718469,0.38392281879198475,0.3427576877731297,0.11543277566353011,0.22607342347653173
YBR241C,752.906013346784,0.8335809459865714,0.15361645328042425,1.2945257534841056e-8,1.1144260391672658e-7
YBR242W,614.7381196030373,-0.3602242994273143,0.16123171530515587,0.015384431637180718,0.04344923053853194
YBR243C,1461.309465787416,0.22751181497881096,0.1133685550424395,0.03641854129137895,0.09015958773940456
YBR244W,576.9314665114035,0.9908716762543309,0.17574708356202925,2.5279548323030664e-9,2.3851759433745892e-8
YBR245C,2229.4233882430267,-0.39049192837210733,0.10120953083780483,6.244206895967587e-5,3.2047074034395877e-4
YBR246W,1033.0035536938233,-0.3240226245967341,0.13164036459832615,0.009507712068792513,0.028708130091996648
YBR247C,1220.8238301423894,-0.9614011883262682,0.12694121635276762,5.322367068331483e-15,7.90579309872815e-14
YBR248C,2352.890571918308,-0.11803484621146659,0.09762623022241648,0.21320098293204248,0.3624435260422688
YBR249C,7413.157597513484,-0.333904739474477,0.07485849659783164,5.576428295426626e-6,3.3589578813208185e-5
YBR250W,48.18583808519993,-0.06837140828370546,0.3395173318537703,0.7380513632885943,0.8485648058710938
YBR251W,495.20355774923473,0.14946709028581165,0.1695017620806475,0.33580504665155086,0.5060675594439549
YBR252W,810.8440963734754,-0.021946968291260575,0.14031094971764377,0.866342114896622,0.9314021332464938
YBR253W,317.5578792186971,-0.017846776467302507,0.19615171116984684,0.9169340294851805,0.9593204133653884
YBR254C,297.3775947896769,0.04722747267100981,0.2027783613309688,0.7907671776368158,0.8842155939537819
YBR255C-A,147.3465451203917,-7.320178259486802e-4,0.25450078972894236,0.9951414859445694,0.9973654716514706
YBR255W,707.2102455087371,-0.10833190360015245,0.1460503208721457,0.4281282092841313,0.5949930388171196
YBR256C,2151.096587487531,0.2122876071669311,0.09973844771794121,0.028888756284366823,0.0742943723545186
YBR257W,311.0199679954998,-0.1889010022961059,0.20445498486075037,0.29025322958356703,0.4563542365421678
YBR258C,109.53949087397892,-0.04649616651836043,0.28081472864876,0.8223884680663984,0.9048595120374483
YBR259W,479.3761628277544,-0.1659301310197788,0.1763007727258346,0.2990445427685521,0.46739084778853746
YBR260C,841.1041005844729,0.0250518052764447,0.13709733123959758,0.843622510862923,0.918715040915726
YBR261C,853.5842147313211,-0.20937372202406324,0.1417237107684623,0.11538498802933156,0.22605490844151768
YBR262C,154.08803197145727,0.3586579524712555,0.2857878389512264,0.10759127150553696,0.21362482426537086
YBR263W,4689.32550373226,-0.5799480765037907,0.08280153356945848,9.391801556542681e-13,1.2145494249765832e-11
YBR264C,596.8138947489715,0.3773744909660135,0.16560785538211675,0.013328281819408434,0.03839612989206231
YBR265W,1394.5124319040551,-0.1623228128645401,0.1145480869202837,0.13903275685948188,0.2626124814863436
YBR266C,0,NA,NA,NA,NA
YBR267W,1067.5811694837366,-0.9736350893986613,0.13203851934042635,2.4536586655734596e-14,3.537707860852492e-13
YBR268W,328.2492837040271,0.029002717365094185,0.19350032409302403,0.8678226105027451,0.9323975686066795
YBR269C,520.6898540376533,1.041641769428786,0.1829773602051931,1.866948689087875e-9,1.7901457592766176e-8
YBR270C,287.57805010072224,-0.3551202242438751,0.22709197166431358,0.06604006654633879,0.14542131158467508
YBR271W,608.1833088570784,-0.6441327412057761,0.16571659215138976,2.8554823981816234e-5,1.5634892945289724e-4
YBR272C,712.9622451817602,0.3119586878705217,0.14988403154085134,0.02536598291916927,0.06654056996189556
YBR273C,1140.5391736490292,0.5088739049363139,0.12724279469976837,2.7174712642730564e-5,1.494862690803938e-4
YBR274W,615.9004409440017,0.15969843862693203,0.1551417973279789,0.2767314311542278,0.4418860681062771
YBR275C,1538.2563152034218,-0.32230414167975385,0.11321224090990854,0.0029907171102689194,0.01049777309479513
YBR276C,2235.3990582886718,-0.07588931404519685,0.09780097744829061,0.42121568832593687,0.5902825366107533
YBR278W,384.1525148072574,0.4441828649128136,0.20041853534635481,0.012616518278607368,0.03659597062909378
YBR279W,1700.1311168084956,0.009313932995447595,0.10638436437090065,0.929599017360372,0.9654535761490162
YBR280C,536.0333016222605,1.0140694528422907,0.17996931771086735,2.5729549232646377e-9,2.4237564189283655e-8
YBR281C,1102.7043686317243,-0.045273953629736984,0.125197807309757,0.7087367174865353,0.8286411768965998
YBR282W,383.2736711338272,0.2753084449542993,0.19137365632738995,0.10697284879107112,0.2126833746867655
YBR283C,5910.5961352344675,-0.3885624307711675,0.07770357521846706,3.435996750100681e-7,2.4649723643970457e-6
YBR284W,126.17722784333151,0.6506498215896926,0.34965983690109914,0.014093707539643415,0.04030581637307334
YBR285W,130.46099981434926,3.4369284051986417,0.42218912508043605,1.973832377056564e-17,3.4234380963242815e-16
YBR286W,26065.322500339695,0.3877177493708945,0.0658605682959009,2.252452182319668e-9,2.1458336864521945e-8
YBR287W,2486.669393241762,1.0466824976801938,0.10064611373480033,3.677052067104335e-26,1.042479617293955e-24
YBR288C,1159.5611563338691,-0.3053399315258437,0.12394215226864959,0.009712836497989676,0.029222753484002613
YBR289W,1033.794964199506,0.019934091817874387,0.12716590415930068,0.8706701566325331,0.932571715507501
YBR290W,919.5986584704067,0.3098243570491505,0.13554884043013518,0.015257170651095312,0.04313112911289983
YBR291C,290.0538889744133,0.050239501929968844,0.2051247506812054,0.7809452789084522,0.8776890241515423
YBR292C,3.8512652634126137,-0.02659393068284825,0.4150136987539775,0.768198728473838,0.8696097289535399
YBR293W,513.137754619241,-0.1348290860804214,0.16825615489306986,0.3725627409221365,0.5426037251711135
YBR294W,377.3141976681891,-0.1663033825828982,0.18775974443362634,0.32162436206761,0.4913520370758281
YBR295W,513.1668502169179,-0.17113104628552356,0.1671681996847511,0.26359714367758347,0.4252443274679996
YBR296C,2959.6083598315404,7.657111882965272,0.22350174621047314,9.085332413636524e-257,4.1212465571703525e-254
YBR296C-A,0,NA,NA,NA,NA
YBR297W,104.02363904187473,0.5914489534696068,0.37806525223934095,0.028497486449661307,0.07348040122153596
YBR298C,434.4954251429007,0.31344397786826506,0.18403064316130494,0.058563312856898676,0.13216527206931938
YBR298C-A,0,NA,NA,NA,NA
YBR299W,67.85906680123455,0.6723889950699101,0.5476425573676684,0.027973865334528322,0.07231998416383759
YBR301W,1.6762557692643538,0.036104902977222755,0.42376051253140634,0.42613908803903694,0.5932347030609539
YBR302C,1248.0092932583095,-0.2368844790651525,0.24969618341856,0.24271046850757447,0.4009141828541083
YCL001W,1419.123439540536,-0.24114917595788823,0.11454327572154237,0.028700265424055058,0.0738740572700361
YCL001W-A,11.33066023803573,0.019677477879641414,0.40132229108621936,0.8773964214259511,0.9359635848677341
YCL001W-B,6.001985667262685,0.0920363313075033,0.42480452737627133,0.37423585652488955,0.5440421879768133
YCL002C,588.9137936277764,-0.3277123066736406,0.16225265613735307,0.026248405900510294,0.06855042054708113
YCL004W,397.0958718934963,-0.09601597444424649,0.1818291572323265,0.557790193246557,0.7147520142492279
YCL005W,604.3242163187116,0.14966934993778597,0.15780214279804425,0.3099523903658668,0.4794206014946882
YCL005W-A,460.7945797150826,-0.15410442047454348,0.1730642326538955,0.3258852570313331,0.49606230271393165
YCL008C,797.5134400929703,0.16969644770098127,0.15104910182987327,0.22807477375341825,0.38285139220720393
YCL009C,3845.8830546354875,-0.29685207410338454,0.08508768899449638,3.420456669411148e-4,0.001499660444573795
YCL010C,733.8783501612039,-0.12957767523305416,0.14443112021669877,0.33887241837106047,0.5095182690296134
YCL011C,4573.257224667826,-0.37368123326844904,0.08195761650583698,3.168367823514943e-6,1.975038589351757e-5
YCL012C,148.2713344092339,-0.08611810331083782,0.2617389296812892,0.6742139594693974,0.80393803662424
YCL014W,1050.575822526179,-0.2369765987858116,0.1279678739698534,0.051475196970612105,0.11929033741916109
YCL016C,369.2218468009269,0.254298157159504,0.19430354504440894,0.1409050266638342,0.26546867164109594
YCL017C,1579.8469705001642,-0.0951145598626911,0.11139509781824755,0.373047390045711,0.5430413377189726
YCL018W,4832.962072125466,0.5987496550239355,0.08632498584765098,1.4281193614993795e-12,1.8033447269297302e-11
YCL019W,6802.1558709120645,0.6007083638079923,0.08220856437967722,9.570444970190484e-14,1.3155457806343423e-12
YCL020W,0,NA,NA,NA,NA
YCL021W-A,67.02374768901414,0.0862097232610021,0.32298847146498655,0.6865140995498433,0.8129264347480775
YCL024W,1230.2893787360063,-0.33103750588210124,0.12182569816586648,0.004418643563521322,0.014729644485067969
YCL025C,3561.7822911710955,0.0545388616608455,0.08941246157522922,0.5274555384398771,0.6852335517683362
YCL026C-A,13.248779423385194,0.010756499126283023,0.39219140137986896,0.9459679032296361,0.974047970201705
YCL026C-B,68.22307206457072,0.023581996982672594,0.31237665153189415,0.9136639077543772,0.9583384649032357
YCL027W,670.1678633454572,-0.21521890990822326,0.15134788528692109,0.12646759167283747,0.24411763931087482
YCL028W,2157.65531986216,-0.12365413558860718,0.1010741368260175,0.20218772342677654,0.3484222691547929
YCL029C,588.3702050341683,-0.24323231342468804,0.1614816476481412,0.09604920885486609,0.195745422086585
YCL030C,6192.527661007268,-0.04354547904202779,0.08059559877378915,0.5988413840242871,0.7478542231239349
YCL031C,1656.9704721840365,-0.4402260069601047,0.11286305945211297,4.651335587247025e-5,2.433799996272911e-4
YCL032W,621.6349914580869,0.2413206675640832,0.15643749029440177,0.0963161838851889,0.1961889479404898
YCL033C,594.6080860217102,0.774162988175446,0.1696490456110285,1.1802396790598325e-6,7.899969792753498e-6
YCL034W,1856.477323079167,0.701715543729232,0.10896460859703777,3.395300006607601e-11,3.8802488641405085e-10
YCL035C,1093.8572375637996,1.2729470421557656,0.13611857541192185,9.68492375703459e-22,2.171558760275018e-20
YCL036W,639.7736425820652,-0.5156643403170628,0.16046036546883008,4.856634444987852e-4,0.002063369835885689
YCL037C,598.1404916211848,-1.030458887813803,0.17472918641221655,5.008471390528074e-10,5.074734671811693e-9
YCL038C,924.5498906774992,0.780443246755746,0.14247276848375603,9.693624439301879e-9,8.557380736311852e-8
YCL039W,1031.438792286728,0.11397159234542707,0.1336039224238326,0.3676851091791918,0.5373578906641124
YCL040W,11763.940197943968,2.1475066274314254,0.07231639805015601,5.9023033312169174e-195,2.175367671511635e-192
YCL042W,120.96367701882768,1.351759453028134,0.38427169175895654,3.5234860304141655e-5,1.8820649566442333e-4
YCL043C,17205.154214105656,0.41375733240829254,0.07719095096925721,4.7056792379179086e-8,3.729756783064772e-7
YCL044C,541.2643009204862,0.4812623338577671,0.18133182416437263,0.0035398732979578787,0.012164704451082524
YCL045C,4712.144607300703,-0.15903311795963643,0.080711497574939145,0.04835734762264592,0.11347524032261957
YCL047C,342.5631802275467,0.1270712358692305,0.19654737641590336,0.46620286483937606,0.6308351809634982
YCL048W,10.65822176994672,-0.10249923865938522,0.414853537942825,0.45642166921937544,0.6220885289618157
YCL048W-A,17.712972193757395,3.1817598756430683,1.2446306340814421,5.483436517528127e-4,0.002301482216645079
YCL049C,365.9636042496476,-0.12620772681002,0.18990235427362837,0.45565847524008424,0.621577774622702
YCL050C,4054.850436575932,-0.09794826916196925,0.08332330319129758,0.22409865713373717,0.37746637564057356
YCL051W,902.8062153017316,0.12369875630416034,0.13441172157626147,0.3316750412813947,0.5017669877979437
YCL052C,1547.590393856857,0.45737841125095374,0.11573142796058877,3.8728387164926515e-5,2.0537886610752845e-4
YCL054W,2432.7189953611423,-1.0624930347292538,0.10105343690293428,1.0595847544231408e-26,3.0932531172441884e-25
YCL054W-A,0,NA,NA,NA,NA
YCL055W,726.9098924246674,-0.28824450281238395,0.14810284073711627,0.03688712418164368,0.09112834993680469
YCL056C,267.0577781524184,-0.018450780270917785,0.20856300338209455,0.9173772041480647,0.9593690822485972
YCL057C-A,664.0078833295822,0.2979893684488273,0.16082596207508593,0.04452920298873171,0.10596800243121504
YCL057W,3451.771964864949,0.17384251189163277,0.0876509626371056,0.04402952244728931,0.10499073751381523
YCL058C,111.5416879021843,-0.5826753124003481,0.36635035977531416,0.028128366402127954,0.07265570594540015
YCL058W-A,237.68889192598908,-0.3225582637852457,0.23538963408442914,0.10316651155216645,0.20700597050252512
YCL059C,1675.9450579517575,-0.9172624739447197,0.11129724729598606,3.5528015246752666e-17,6.072716113336245e-16
YCL061C,1056.5859523099687,-0.21021994436248162,0.1325983405365855,0.0936797297509965,0.19194905015344907
YCL063W,519.0556651847178,-0.22857989113056737,0.1704887245891539,0.13640967239301036,0.25915525946063267
YCL064C,3791.584064417224,1.9721050442478552,0.08922265893422683,2.223566637711984e-109,3.362146785278864e-107
YCL066W,366.3234434397167,0.11545732925328975,0.18784447599576565,0.49377992180681585,0.6571474156837719
YCL067C,1190.7679138159897,0.27462889702087945,0.1224856168913449,0.01856656807466487,0.05097162566866794
YCL068C,0,NA,NA,NA,NA
YCL069W,0.9732066925657753,0.014999376487240009,0.4228915955549538,0.6908611597677077,NA
YCL073C,0.2930029257385322,-0.012786509536195124,0.4241748712917326,0.744154738948589,NA
YCL074W,0,NA,NA,NA,NA
YCL075W,0,NA,NA,NA,NA
YCR001W,15.048358484666876,0.030345975608244036,0.38963055518266687,0.8510965288485035,0.9238227079384184
YCR002C,1755.8460281821142,0.07057390533858317,0.10545750645773641,0.48850556157157937,0.6529961910797052
YCR003W,294.5853503135236,-0.16977810618972144,0.20592082356436936,0.3445128876890412,0.5152402989353984
YCR004C,3769.6524309127954,1.1006271126907778,0.08817935128338823,1.3642137787100524e-36,5.872093907338087e-35
YCR005C,2730.2180701048565,-0.26387463486666723,0.09737267762423482,0.0059039498728578515,0.01896274095873788
YCR006C,37.5211103351229,-0.14885895008417344,0.3719775672455488,0.4675522023850915,0.6319402561230539
YCR007C,114.90285583669815,0.06006520189094175,0.2796148478630166,0.7767180886710966,0.8749391726635065
YCR008W,2124.936371701462,0.11464083853007244,0.09973345158766005,0.23652289932815174,0.39333771498536685
YCR009C,2457.1202022225293,0.23994999911765855,0.10011091211068353,0.013533855786464327,0.03889334677036069
YCR010C,47.18421318944378,0.09016161692035303,0.3436697776707333,0.6664704418137464,0.7985665567841198
YCR011C,4711.516233033739,0.9023717094515928,0.08370402550831728,7.89309324010937e-28,2.4116876081308266e-26
YCR012W,103900.26132957918,0.3217981799639896,0.061583878183343314,1.3738073995375869e-7,1.0267860880954562e-6
YCR014C,427.14390374311796,-0.3297807441387899,0.18504665876872722,0.048342686157011865,0.11347524032261957
YCR015C,280.6723507877822,0.06525025642016144,0.20560742256230058,0.7184024459029359,0.8337766627611912
YCR016W,934.955674770616,-0.7061488530697657,0.14108703776443368,1.7756088409614098e-7,1.3121259818483e-6
YCR017C,3942.139839990109,-0.39794316513079503,0.08511704223736817,1.6607604657207116e-6,1.0809607578758319e-5
YCR018C,243.4171392036988,0.6206981567008674,0.2523959089895747,0.003909056295521725,0.013225304058916589
YCR019W,438.6423976657908,0.33850555750466016,0.18746170831679457,0.04315409201693654,0.10319532872014386
YCR020C,139.58998752305936,0.14983367444406462,0.2675131404519873,0.4763592152723497,0.641637800927603
YCR020C-A,174.47114826269336,-0.2752942334993462,0.2625656853459563,0.19098178014594389,0.3340906429903978
YCR020W-B,54.757222909348584,-0.17325519281431143,0.35173159808178456,0.4244972077034557,0.5924875819709535
YCR021C,172.75223712289446,-0.26235717285984794,0.2611118154252926,0.210158648722989,0.35859535634243817
YCR022C,6.075786024968519,0.006962950090836323,0.40881116517118293,0.9513185201875135,0.9761253428443816
YCR023C,1412.747111017515,-0.13288179257993593,0.11367644182199918,0.22357711914679648,0.3766955061739025
YCR024C,328.751295856005,0.4629229846316085,0.2141803027999347,0.013502229636991561,0.03884031618016548
YCR024C-A,20.607298858217973,-0.05453401712665177,0.38491335326587656,0.7396600670533519,0.8500829108192586
YCR024C-B,2937.690237364441,-0.026582963671514255,0.09426715032940083,0.7739608891550293,0.8731453793983454
YCR025C,17.636569055478947,0.07080784338774387,0.39027364321804175,0.6718807799592117,0.8023473321839083
YCR026C,1415.2736503057524,0.06625675075323752,0.11355599252349687,0.5463589470959775,0.7033134055937523
YCR027C,244.53131592586084,0.12127821156272489,0.22083592107223005,0.5216006012679519,0.6790019306130491
YCR028C,824.1000758846315,-0.2578565330865211,0.14026259920345382,0.05054101359485072,0.1174130029803211
YCR028C-A,1314.248446874609,-0.009817768602582233,0.11709890004763604,0.9293609043339186,0.9654535761490162
YCR030C,1818.740513285448,0.35408942229349005,0.1084812068002871,7.084528965548823e-4,0.002901213007627876
YCR031C,17758.47452277712,-0.29536346108698636,0.06648994396569186,8.795635521637112e-6,5.1558511601485144e-5
YCR032W,901.2238755842739,-0.08886356233425682,0.1343386545029187,0.4842748854704308,0.6493335606228128
YCR033W,2044.5154734497173,-0.3028595006957636,0.1021693948362272,0.002188538987690199,0.007932276834916475
YCR034W,3912.8519517227332,-0.7262670627310904,0.09094323321195638,3.548782067756799e-16,5.733470644811464e-15
YCR035C,1274.742485389664,-0.19684370003891527,0.11847621276947208,0.0830931700154987,0.17443945303716474
YCR036W,1326.8685475756038,0.4124413882322658,0.11981163183983375,3.2060705021792486e-4,0.001417228071975728
YCR037C,1385.8165527003214,-0.14002654390699615,0.1148849604933022,0.20357064554278945,0.3497685370166919
YCR038C,291.7678084369198,0.734327772515341,0.2461473401320292,6.260308975498893e-4,0.0025888528771751034
YCR039C,1189.9463362821273,0.27112671964004037,0.1224653020961016,0.020384053619799076,0.05519043351513092
YCR040W,366.6940790377299,0.1104410306887611,0.18763182270454842,0.5126383103829619,0.6720827292859775
YCR041W,328.92780337474056,0.39515636967193296,0.22111127513269216,0.037684608960424575,0.09274880594308167
YCR042C,1966.8428405903355,-0.01953353792708498,0.10383572388526123,0.8443976525832375,0.9193893938854046
YCR043C,519.8970626621516,-0.22748394398530772,0.16761972217321688,0.13785814686759346,0.2610575708291082
YCR044C,1174.053083786085,-0.09813443051442776,0.12231386179436787,0.3960704433298945,0.5651021930354148
YCR045C,540.4476524872356,-0.012844854152027498,0.16295654058848422,0.9312336875074603,0.9666462075645202
YCR046C,745.6337715907869,0.16417243406292664,0.14550540303373874,0.2296787601584807,0.3843404224331897
YCR047C,980.1964893221183,-0.4492643749011527,0.13568384774831452,4.6263091299989927e-4,0.001972620747621407
YCR048W,1320.051387850036,-0.2858056575042451,0.11800969616004302,0.011644452777693466,0.03411026874621218
YCR050C,78.21155970578883,0.06442157288612693,0.30565241841301716,0.7647589646991119,0.8681007920751996
YCR051W,1591.440267794466,-0.20223463541768824,0.11346478791567542,0.06296084709003875,0.13973658836656325
YCR052W,1739.1468780295043,-0.10516198995828432,0.10587256030224351,0.29943107788413803,0.46787097675748857
YCR053W,9349.06447948746,-0.1112404446679416,0.07180404944793371,0.11403679521730511,0.22385984733570183
YCR054C,421.2951851784234,-0.07148795730423681,0.17721229406409178,0.6555804809695285,0.7900997539908664
YCR057C,2159.1680277249,-1.0803667849028558,0.10461146421930909,6.638157862434604e-26,1.855223550463358e-24
YCR059C,825.0511950050625,-0.21668434884890897,0.14755042209562652,0.11479002821678981,0.22506368813855168
YCR060W,318.6856324154316,-0.0541055349170296,0.1978563807565836,0.755919876656493,0.8610237438656592
YCR061W,606.6320473931985,0.48493391387361695,0.1663404822785574,0.0015830142913693906,0.005952143763854079
YCR063W,78.49955319910491,-0.6828002125790952,0.4471676789952947,0.021599441960918186,0.058054653255940995
YCR065W,1666.267622403037,-0.17423248228572671,0.10785384000902908,0.09862742027819832,0.19979247974677677
YCR066W,288.9376992794616,0.10239804634333087,0.21077229017780597,0.5762657475826517,0.7298623525547459
YCR067C,1962.8231594238205,0.11303698313439382,0.10205929055487759,0.25337714326574146,0.41401081015186403
YCR068W,548.1201846407937,0.43196532525209785,0.1701026654407219,0.005634289496757343,0.018245692016682073
YCR069W,1752.036283246045,0.16327420843976245,0.11329826889775675,0.13421774142634593,0.25589460756261295
YCR071C,283.9071303964589,0.269585327890494,0.21560389228042842,0.14794964817037756,0.2755714072206938
YCR072C,719.2542311532437,-0.9537895098667802,0.1561267896920503,1.6013537522698702e-10,1.701474428312689e-9
YCR073C,575.9325277750806,-0.6823996469731244,0.1704018162626007,1.548191493187164e-5,8.753293610090801e-5
YCR073W-A,866.7661520229756,0.6585430138627089,0.14311403068838788,1.2488719837363017e-6,8.330993312322365e-6
YCR075C,517.0585897329076,0.22625753970401027,0.16948565027486343,0.1448112265594733,0.2714023548128253
YCR075W-A,124.89665024671086,0.07762839866516424,0.2694496478992171,0.7121079881847368,0.8308122495325895
YCR076C,568.7828881373864,0.4486716321490822,0.16959112107552635,0.00399478809796467,0.013468991088449206
YCR077C,2098.9022922755507,-0.4364724790652599,0.1102364636269964,3.7501894173197954e-5,1.9923303598139491e-4
YCR079W,601.8648796584648,0.43337073228869255,0.16355698925980977,0.004121712303419957,0.013833658197647971
YCR081W,525.630629100519,-0.11532858675797449,0.16401387859358832,0.44378759810046137,0.6091391532798789
YCR082W,588.5534407990505,0.5372858123533868,0.16821692481596404,5.553375507569856e-4,0.002322571302704925
YCR083W,291.99142057121315,0.547529713083137,0.2292167665697071,0.0059239906757311035,0.01901675177723806
YCR084C,3397.1111211587668,-0.30864034147359193,0.09570842855673395,8.885322618954145e-4,0.003564404590746435
YCR085W,16.67078941181248,-0.029480529600481264,0.3865647523075283,0.8522111332435586,0.924174808834434
YCR086W,265.0733342628588,0.5025146450376334,0.24101445378691758,0.014526896615994957,0.04126450353782383
YCR087C-A,560.7181881472105,-0.9302686573772856,0.1774049004915715,2.986506521851868e-8,2.4291626150842025e-7
YCR088W,3995.5114437514876,0.49980824876722074,0.09502606898650111,6.430706733462946e-8,4.989720737793552e-7
YCR089W,913.3138042277674,-0.679618799750823,0.14032742229761777,3.559418943705022e-7,2.541149335475607e-6
YCR090C,538.7688343128166,0.15727537089685065,0.1633276693236917,0.29674948598032,0.46417286971510535
YCR091W,533.8584346059882,1.1793861997987576,0.17956490370316966,6.15587726612333e-12,7.34842272030957e-11
YCR092C,941.6212910155068,-0.1276335235933116,0.1446037454874779,0.3403791883377064,0.5110020554041381
YCR093W,2554.8315436568664,-0.2798660674655055,0.09519668686516204,0.0024562799669850272,0.0088106344071233
YCR094W,807.9488453723699,0.316705107204941,0.14368410807269688,0.01880982687280443,0.05154623429386572
YCR095C,463.60359325416385,0.16033725934040888,0.17289442982689832,0.3087911425293038,0.478313991987209
YCR095W-A,0.1925249435925408,0.010034837227069857,0.42402251994226076,0.8510168722001032,NA
YCR096C,0,NA,NA,NA,NA
YCR097W,0,NA,NA,NA,NA
YCR098C,236.4532804394835,3.5031806348511396,0.3032381047413198,5.188795950722872e-32,1.961431392398255e-30
YCR099C,53.907060828184655,0.05587550884750096,0.33143765661706265,0.7911008095133378,0.8842155939537819
YCR100C,97.27767837727404,-0.06737420567877393,0.28856950801992143,0.7490597205385211,0.8560475139565231
YCR101C,44.706569648334636,0.10483974930054925,0.35145162165949356,0.6115288635634735,0.7579204935758308
YCR102C,60.32723818454889,-0.3507961902524287,0.40349754481022315,0.15184227205931303,0.28104641504512523
YCR104W,1.959157980542099,-0.0131716275514401,0.41904701442982856,0.8391561546749049,0.9162199304050942
YCR105W,83.71136325794818,0.1481080058632643,0.311805560641307,0.49910821290168694,0.6619975554388772
YCR106W,224.6496134155638,0.00108789673380371,0.22136094931564973,0.9972312778376604,0.9979455648505398
YCR107W,168.57835098116846,0.06912953510029367,0.24496339362759906,0.7317166792239901,0.843089733760037
YCR108C,0,NA,NA,NA,NA
YDL001W,545.2384790100432,-0.10313158715706836,0.16455119923922346,0.4936864953574737,0.6571474156837719
YDL002C,488.7995302316031,0.004879645044685771,0.16789389723035678,0.9763136240427879,0.9886407225932659
YDL003W,1649.248008640737,-0.1010420975714591,0.10986641618043794,0.3357516063444614,0.5060675594439549
YDL004W,1330.7683928546312,0.27344816559356533,0.11900465014004293,0.016450438508996256,0.04604092828075507
YDL005C,1487.213166706978,-0.02050275730712664,0.11546551612268093,0.8522405647688066,0.924174808834434
YDL006W,714.3876134500206,0.2544103801321133,0.15311304344143067,0.0768339027652836,0.16386601251604968
YDL007C-A,0,NA,NA,NA,NA
YDL007W,5057.34794917276,0.2185587527900322,0.08003780134670915,0.005625108657141796,0.018225970192947895
YDL008W,273.2834647753822,0.22698090224975537,0.21574053812986624,0.22329887436635723,0.37633422753312623
YDL009C,151.38960517125082,0.22992454938758317,0.27597704999848416,0.28405245112079164,0.45052644009126097
YDL010W,672.795232299715,0.14671199736107945,0.15678669054379266,0.31422466017589734,0.48400978748941936
YDL012C,329.78485008959547,-0.07632015115763668,0.19574162964955477,0.658537901396993,0.7928538188113654
YDL013W,877.825848319872,0.05059332808967733,0.13456284092308446,0.6927144777492404,0.8167163999833086
YDL014W,8453.012337052507,-1.0947697291642073,0.08440704864146345,2.209154602292381e-39,9.795026082494866e-38
YDL015C,3471.584847209264,-0.23311901070956,0.0883567813672548,0.0071664017082379555,0.022490830693709007
YDL017W,369.3684118229457,-0.23514816069087902,0.19452115314076987,0.17241111890583474,0.30959450919235915
YDL018C,474.7364418401228,0.5695306680806408,0.18443298064349453,7.064136176251537e-4,0.0028948722050976595
YDL019C,2535.714291065639,0.2438096488590624,0.0950810200592784,0.008640812364740937,0.026346882375841416
YDL020C,1580.4095583833316,0.753300425175186,0.11511096190900147,1.4738348584383928e-11,1.7108669606714965e-10
YDL021W,653.371003044027,2.3891389132368026,0.17245189653995685,7.390017346554718e-45,4.072797410526465e-43
YDL022C-A,0.4477870101455597,0.019482206693127554,0.42435089188453085,0.6677233659168308,NA
YDL022W,5874.75766045334,1.3337979410982497,0.08062911293141964,2.574932128368471e-62,2.0800513371217635e-60
YDL024C,60.68725105872028,0.9022859671688189,0.5461544715943029,0.010018804390315186,0.03002483821023686
YDL025C,1156.8767673893099,0.4178262208365493,0.12631984674071733,5.110810092534166e-4,0.0021542849975463886
YDL027C,756.131003809875,0.32217164060632403,0.14819628477178953,0.02067563048539612,0.05592852888641327
YDL028C,780.6503908199173,-0.05536512932105874,0.14012014428843336,0.6716749610280767,0.8023473321839083
YDL029W,4910.392152574725,0.08803029216404339,0.082838785637501,0.27983350899849024,0.44527204602377146
YDL030W,525.4534359581185,-0.11284741859927915,0.16346997369965163,0.45422498627158037,0.6200381351952569
YDL031W,2895.0392233572684,-0.8754973619822416,0.09371340019648859,2.014088961668474e-21,4.4152723445944205e-20
YDL033C,285.3013454539911,0.118990297896985,0.20650277942278913,0.5108257753903083,0.6708996876339973
YDL035C,1648.8882428899667,0.26404994431913487,0.10918462923825427,0.012334544483199796,0.03584859971287786
YDL036C,616.2720251072761,-0.20229640618187228,0.1568360809652969,0.15570257609689658,0.2860367885493455
YDL037C,39.92879193276064,-0.6306905464157592,0.6277744827227233,0.039402962663232635,0.09605592014265515
YDL039C,134.47080044265024,-1.3238435014596004,0.35707191359895346,1.7966534109323427e-5,1.0102623329088104e-4
YDL040C,3989.357083273583,-0.5399350579501059,0.08627447129173871,1.8372843218254736e-10,1.9486449003246075e-9
YDL042C,654.656145263604,-0.13258191985873619,0.15124811531237126,0.34654394743689215,0.5168028776342917
YDL043C,389.82653050939155,-0.1338078639912832,0.18760136415944115,0.42492545214366523,0.5926296486189977
YDL044C,350.27713212941705,0.10592207543872037,0.19502910761178513,0.5409038857634935,0.6987433185477042
YDL045C,509.03655542659294,0.09950755850680894,0.16534610685914566,0.5138244930505729,0.6733342811881575
YDL045W-A,241.69443773327401,0.35453347248315276,0.23872535356155677,0.07718674808346612,0.16444012046539008
YDL046W,1958.0362890772383,0.9126894345766925,0.10612556530906947,1.4290779866524258e-18,2.6715403408501336e-17
YDL047W,1466.945820882895,-0.12621400217761464,0.11247679030262613,0.24397006593199164,0.4027691709969078
YDL048C,478.7338488658536,-0.6809894005879079,0.18823929297967504,7.693552841612193e-5,3.874370717932289e-4
YDL049C,191.4313568305409,-0.9141499359733475,0.289661453768656,2.3878988325724967e-4,0.001088210155771253
YDL051W,2481.277158957184,-0.5232927520304405,0.10042952881001631,7.992589672411498e-8,6.097322289548591e-7
YDL052C,1517.7398051717605,0.13934495205611325,0.11121775118913058,0.19422466846182623,0.3383583072139998
YDL053C,641.7389169414142,-0.028643467797448665,0.15775057471915385,0.843275527909085,0.9186764803398992
YDL054C,695.1037399667038,0.14719106669537205,0.14897939877394453,0.2910708688807968,0.45710916479096103
YDL055C,25159.237787634174,-0.2718039242481448,0.0665999671232908,3.5414040707019444e-5,1.8890904296259273e-4
YDL056W,1058.3476444151745,-0.12912673374957626,0.12756338559661043,0.28700479418007274,0.4531158651490596
YDL057W,198.06966886431934,0.31946247965423424,0.25357709960882,0.12409015627114008,0.24007862583035203
YDL058W,2142.8172019387853,-0.22702305424711347,0.10086628468007627,0.019810559877664967,0.053909954590950764
YDL059C,144.30972838059128,0.2960136068155615,0.28639873153316553,0.1803619124730201,0.3195896027203725
YDL060W,2115.7354661368154,-1.0515434443278664,0.10352842864515639,4.66239910791368e-25,1.2440799791568766e-23
YDL061C,1217.1321894748532,-0.5764878364463364,0.1273322640487087,2.1954842510589485e-6,1.3966311357599374e-5
YDL063C,1080.2538608997506,-0.8341828854030581,0.13119141053495217,3.7900095401380794e-11,4.30629793028791e-10
YDL064W,594.3467662903116,-0.21553024872805468,0.15827488119746919,0.1326227940230338,0.25318116424533194
YDL065C,1206.320510103073,0.15351795107622546,0.12042029142191443,0.18348859212415602,0.3237678718600084
YDL066W,3794.1144529204494,-0.16728400912986968,0.08490876724335383,0.04444316762939791,0.10584869124012902
YDL067C,125.88709223122599,0.025354382894865052,0.2754106456185762,0.9054400754229031,0.9543128015672672
YDL069C,176.13365527783668,0.28682800257432256,0.26269880338180895,0.17659705021240457,0.31481040057513593
YDL070W,3827.785680379483,-0.6516106397776009,0.09407231846969605,1.465531643075309e-12,1.8426951171034325e-11
YDL072C,1687.7775641335381,0.18755501585432952,0.10763371218118968,0.07079140793976217,0.15398632704565754
YDL073W,1390.7204503234673,-0.23957921356246564,0.1159904158170327,0.03091088576501749,0.07843437751992605
YDL074C,2185.834569956949,-0.4169632475003018,0.10048607367848506,1.6646828937447366e-5,9.376151740799537e-5
YDL075W,16786.94527348718,-0.16846582143729563,0.07061352714332583,0.01423382029247158,0.04058999219349402
YDL076C,636.1989726745405,0.015962483255071602,0.1510594994886182,0.91126183663047855,0.956687030551884
YDL077C,988.9827574206981,0.1576245986956133,0.12957210856717688,0.1999751154002732,0.3458210174708953
YDL078C,3426.5945956657506,0.14525587104981505,0.08911375563238871,0.09739978280388435,0.1977726845610821
YDL079C,297.40934894266456,0.06733317075079812,0.20359037136409025,0.7074873712742737,0.8281269811309514
YDL080C,826.8509167990176,-0.44427223824124445,0.14330903213532592,9.701936731016554e-4,0.0038552776888682357
YDL081C,6350.73212977673,-0.24378113799267898,0.07617541900071019,0.0011131639078266514,0.0043587832433291925
YDL082W,9921.07499483281,-0.47933360827814514,0.07195521579889297,2.2833353608636044e-11,2.6298493404321633e-10
YDL083C,13741.510732448256,-0.3698617192507751,0.0722648650321166,1.5570362042627883e-7,1.1578616010766284e-6
YDL084W,12479.39604040611,-0.1556345505410854,0.07050438366643268,0.024850809815270266,0.06553900960673022
YDL085C-A,184.02122431704205,-0.3954684523572795,0.2697246391562353,0.06826575959866231,0.14959612945124923
YDL085W,222.493471691954,2.2221659120336583,0.2816865205815513,2.113922090412837e-16,3.462721824212361e-15
YDL086W,1805.983734562892,0.10270090056677073,0.1133996654314404,0.34391449481441727,0.5146063882061961
YDL087C,201.06979770077297,-0.26943885865039485,0.2506055074372577,0.18757653082231723,0.32930598459636934
YDL088C,1200.6144718523683,-0.08820854992181602,0.12094759009180936,0.45017860338777804,0.6160833660194307
YDL089W,834.6642154228887,0.198506401323415,0.13868608260769955,0.129295726801445,0.24795346372296623
YDL090C,730.9433993979953,-0.06600489682113456,0.14384881168556762,0.6244102872839321,0.7683947128784114
YDL091C,597.9216557340255,0.21359258931980707,0.15859569091645498,0.15076539424850077,0.27957972637843054
YDL092W,781.1414919280844,-0.013377009777655727,0.14163129830323315,0.9194867077371126,0.9605337671436233
YDL093W,1173.5803008916064,-0.3145396682265685,0.123504606685962,0.007546419389500948,0.02353317564245748
YDL095W,8236.280049351877,-0.004511435551741819,0.07267390967872596,0.9489555312620417,0.9750109057448092
YDL097C,4274.257253264179,0.23235615548449762,0.08395601989881543,0.005696289789320848,0.018436345163350736
YDL098C,184.3004901555634,0.1311123828995069,0.2415464043352422,0.5118869675586059,0.671891045821072
YDL099W,1731.4241987560906,0.11621457859877034,0.1061468327520595,0.2557734186092151,0.4167714422598898
YDL100C,5680.566154698482,0.0866481289467133,0.07781777850910726,0.257534685609588,0.4184849933975586
YDL101C,718.0528165257024,0.2743186113488108,0.14854292076265554,0.04811718409390842,0.11300878923518619
YDL102W,1086.2777066457427,-0.23836342336450422,0.12628368547472535,0.04742520099258965,0.11168786351968896
YDL103C,1526.773061230544,0.06370723550509369,0.11039108133791409,0.5508057627285201,0.7077730026206055
YDL104C,213.7006161260093,0.052179250905307,0.22861277728168847,0.7885424294404716,0.8830297581485873
YDL105W,289.48694332390295,-0.18565160058926747,0.20825540036108023,0.305234391928863,0.4740498312363722
YDL106C,752.7636310260883,0.1520831144355482,0.14453389361695082,0.26620263561089136,0.42832113020393625
YDL107W,265.14135358610196,0.3537927440371969,0.2283620021790484,0.06926216781383851,0.1512737050363725
YDL108W,513.5319182963185,0.14158253675201674,0.16567651258206598,0.35338542255583233,0.5230707421716223
YDL109C,369.16599554636156,0.021764201049209838,0.18563387407809528,0.8943316873822504,0.947005559434931
YDL110C,1063.177325675948,1.4522116944181107,0.1352720587660749,7.0793610590755025e-28,2.1857063960925777e-26
YDL111C,815.6048549010349,-0.04746464415597637,0.14009219903689252,0.7149111655193807,0.831104921485679
YDL112W,2050.1224974060747,-0.712840741600778,0.10385690599159332,1.7921573873302218e-12,2.2343239139717374e-11
YDL113C,822.3007955528362,0.31885807541401895,0.1494866185112006,0.022130153395953218,0.05931821931725139
YDL114W,5.056888712660072,-0.0016753536675946248,0.41207416053075907,0.9830977528939446,0.9907281922752191
YDL115C,701.76135677054,0.3540902421259516,0.15341742929127603,0.013086730920634344,0.03775560285664419
YDL116W,1658.1320377354882,-0.13311440747052852,0.10876192129362669,0.20009917054855272,0.34583376574584274
YDL117W,1508.9572756162358,0.24168071210806963,0.11277395903817598,0.025449564504155805,0.06671612251456825
YDL119C,327.0314412028166,0.5538809173213503,0.21791973968227338,0.003859676645690325,0.013095807353070107
YDL120W,721.8869283467816,0.08040890781816733,0.1452706957853781,0.558670073204763,0.7152603319150984
YDL121C,663.3251315770137,-0.21951320090225263,0.156545469042697,0.12899408309600108,0.2476165716201557
YDL122W,2776.8702921836966,-0.417359915340651,0.09367662396973318,4.762274365748342e-6,2.9011499932663196e-5
YDL123W,307.83191037304607,0.19746282767115142,0.21535754869263452,0.2870452588802946,0.4531158651490596
YDL124W,6632.662541580334,0.9219243611450765,0.07689851392547879,7.6913763104871935e-34,3.085445313125373e-32
YDL125C,2285.0697878194937,0.07428122805360213,0.09803383509789362,0.435745160683176,0.6013548356069948
YDL126C,15854.54353377759,0.11031440205456683,0.06824326462941384,0.10088305722677282,0.20338714135599295
YDL127W,471.01106589851787,0.05495159754077736,0.16954661530185097,0.7248833510784383,0.8381641414332451
YDL128W,2996.644932483732,0.22426808018264532,0.094888039631433,0.015421258405815501,0.04353238909482719
YDL129W,114.49448690640104,-0.728151978232379,0.37756241538486085,0.009453564406473006,0.028562191262092636
YDL130W,8725.677505479849,-0.23319807076951227,0.07250836759250207,0.0010620695965381022,0.004175349607190126
YDL130W-A,376.27036840741755,1.9697887941595533,0.22343561790284183,8.004051718239748e-20,1.6275825166365447e-18
YDL131W,3244.7000617298945,0.002529384860579763,0.08791196670574722,0.9921431337882094,0.9951961504298099
YDL132W,2495.792835621542,0.09222044691975385,0.09565637569634719,0.32003677635608807,0.4899301195583561
YDL133C-A,6.018028198680354,0.0741617965057105,0.42331567438955975,0.3586827500563646,0.5281278844150766
YDL133W,899.5225901363657,0.034178192154549064,0.134150829394342,0.7891053489607841,0.8831570018640621
YDL134C,2076.7220289703528,-0.025908345509545516,0.09984702251463903,0.789072161602346,0.8831570018640621
YDL135C,1284.4999506118202,0.41455671290873586,0.1207294803764509,3.32333227564259e-4,0.0014603346072626195
YDL136W,8438.02191011848,-0.3282249235238612,0.08029883379028754,2.875986092388827e-5,1.5717970330692227e-4
YDL137W,3675.1038174918617,0.535173540263856,0.08721722477951312,3.670711271745747e-10,3.777693607239907e-9
YDL138W,825.9094437403605,0.15863904191722356,0.13855149095918057,0.2265226165675222,0.3806793587628038
YDL139C,146.4379647070782,0.008543688926839332,0.25580382244866484,0.9693318708136038,0.9848638942432497
YDL140C,5571.631735783903,-0.4355269311047178,0.08275854894871269,7.44655419952331e-8,5.695503257404535e-7
YDL141W,1103.2132914754065,-0.1731946740411358,0.1278543564031376,0.1537929509209604,0.28332303392093205
YDL142C,365.9046226208295,0.537501892720091,0.20637121205368839,0.0033806789911797436,0.011637982493279011
YDL143W,5786.244780671578,-0.21941839065655927,0.07883819230306474,0.004341316002953169,0.014496455531944983
YDL144C,1027.915256825742,0.6860262662865033,0.13390961998634082,8.468799837065536e-8,6.435633072058694e-7
YDL145C,7611.413414215174,-0.250370930946127,0.07426128148435907,6.241401399544394e-4,0.0025828451967097052
YDL146W,509.8195790477142,0.1684467614942566,0.16690699980706306,0.27158315024833707,0.43512692919513535
YDL147W,4519.878188652964,0.25888513026138843,0.08221120015359445,0.001322174475227526,0.005076082604437969
YDL148C,2484.219043672246,-0.9757590521471816,0.097995358525603607,4.295551780077693e-24,1.0918477951344032e-22
YDL149W,468.45107146673587,0.46524061176906534,0.18607418101629486,0.005607736054889751,0.018209212269007395
YDL150W,1369.9351590998315,-0.6789378799554899,0.11959873278857283,3.5578851880857447e-9,3.29369685308346e-8
YDL153C,2604.4996002981184,-0.9418637553399537,0.09730793381729033,6.738585631711253e-23,1.608803217417055e-21
YDL154W,279.80375853024583,0.08927996458484114,0.20745773234645984,0.6231199367568651,0.7675436463898959
YDL155W,961.6269778504884,-0.13292437820352315,0.1305548455771551,0.28591042093583036,0.4523782538928338
YDL156W,340.6543061981714,-0.3051517931809169,0.20984734368939822,0.09525489400382169,0.19456810181521872
YDL157C,497.68752458140824,0.12571037416282652,0.16794553153187683,0.41505516775000134,0.5835560329663131
YDL159W,422.7542791265671,0.06285093116256486,0.17741225036101285,0.6807089472566807,0.8097923465750749
YDL159W-A,0,NA,NA,NA,NA
YDL160C,1233.398484979643,-0.5828785522614102,0.1269120475786853,1.4510888980139726e-6,9.550302713826335e-6
YDL160C-A,111.61797905509673,0.17935865197304948,0.29051521927310087,0.41023375259733713,0.5790206891016029
YDL161W,1597.6085208688964,-0.0883374903744913,0.10891725031448314,0.3964369823939235,0.5651988222169471
YDL164C,1427.8323180294162,-0.22869028801482702,0.1151895801715172,0.03902250764585227,0.09544410103176726
YDL165W,632.4482341847807,0.06100836180778539,0.1528406568778237,0.6697166763666638,0.8011888572047645
YDL166C,774.308270018525,-0.1400873250346712,0.14149811611064428,0.29057079547679615,0.45644538650150956
YDL167C,1333.60763037439,-0.913860029327204,0.12180926879061994,1.0606666653307699e-14,1.555908289914316e-13
YDL168W,2296.994855943712,0.2557935558751975,0.10134778108737878,0.009566565149700829,0.028841531026475353
YDL169C,96.51293830320753,1.3118343428533281,0.42615541921718064,1.7022162300344765e-4,8.01754721127261e-4
YDL170W,716.7640015847576,-0.4015200439283154,0.15490498926429602,0.005182478091579026,0.016931342551823554
YDL171C,4489.20999165361,-0.5820749104115076,0.08385890601500787,2.34792657126858e-12,2.9087653341955495e-11
YDL173W,1635.078555075286,0.20841988039844492,0.11320665422749326,0.0554020248545859,0.1265320451462018
YDL174C,2143.398354003505,0.8067292028208292,0.10259929343977471,8.400107344753566e-16,1.3280276946920047e-14
YDL175C,397.69097607909805,0.15576311648970392,0.18332594782787645,0.34660935747729754,0.5168028776342917
YDL176W,663.0135974654065,-0.2969162193911607,0.1557374575617293,0.039497499098573696,0.09624659181168971
YDL177C,204.6248078752467,-0.3031800886967406,0.25053422576092266,0.13949326260756217,0.2633136266314962
YDL178W,1764.3474524120802,0.11335510983657396,0.10549173354117218,0.2684490052131689,0.4316999682961704
YDL179W,612.689573533376,0.8390613323422774,0.16715329004680626,1.0240014094895865e-7,7.731800655262602e-7
YDL180W,774.6214726911518,0.25973860925082104,0.14571826945544614,0.056981081346842793,0.1296363567524429
YDL181W,309.08038548577895,0.8264160839674255,0.2469396805054067,1.4269878614631894e-4,6.830314463513333e-4
YDL182W,2776.982370820522,0.06381710634149923,0.09434336560188188,0.505427812611251,0.667417108558948
YDL183C,155.2029991212656,0.22510769645847184,0.27095235946777785,0.2903776107099607,0.45638506672618295
YDL184C,15.945406069996569,0.055804749060164575,0.39419293613546036,0.71618737722109,0.8316969207311476
YDL185W,16154.12712590822,-0.3679246936592885,0.06918474699241108,6.714971482434022e-8,5.176233572799141e-7
YDL186W,74.79973298371506,-0.12906197580238102,0.31638173819220733,0.5503657311051233,0.7075445206729697
YDL188C,1716.6435713564197,-0.09622611808964426,0.10633688724155675,0.3420725748825746,0.5127610508598227
YDL189W,1280.8692132265846,-0.2821188589087944,0.13715215772655745,0.028585202394507486,0.07367436124143822
YDL190C,2102.517502138457,0.1225950307933954,0.10157461530743088,0.21243121495427555,0.36163593377175607
YDL191W,13936.695587853565,-0.25624456299931314,0.06802166574811838,1.3110506873719078e-4,6.316393711954364e-4
YDL192W,6768.576935690968,-0.14833680476308986,0.07513666207953429,0.04281786010061093,0.1025160052835171
YDL193W,999.1115861203334,0.32369009858701703,0.1326689783545389,0.009999019291635665,0.030018231203864904
YDL194W,425.39853098100167,0.3771783284296411,0.18754295296699644,0.02431685642072004,0.06433221279182866
YDL195W,5204.6182717711945,-0.08489633755155027,0.07900005249100168,0.2683345972887878,0.43163369345662345
YDL197C,725.4424919123335,0.09510441095564154,0.14474901238016782,0.48536551938901834,0.650204558799873
YDL198C,2125.2521951818467,-0.0053216318239317365,0.10192083202218143,0.9447018197583282,0.9736590079784938
YDL199C,302.23707789850096,0.8488092662600942,0.2360747504800355,5.758500076391353e-5,2.968345712454529e-4
YDL200C,268.35028709836206,0.8353187866874194,0.2459074934836068,1.223107811486105e-4,5.922344518353575e-4
YDL201W,1071.4733850550115,-0.6922577689861293,0.13103751635498076,3.557596837060749e-8,2.8581946250881794e-7
YDL202W,452.33601325388895,-0.0019422919303661488,0.1765428327934995,0.9889676913693295,0.9935166057930045
YDL203C,704.5541435938644,-0.19922751880711312,0.14841205892844117,0.15025827727587798,0.27899025853143966
YDL204W,1943.991047086267,3.4373612562110756,0.2331141722926205,8.807928537780804e-51,5.6456907160101525e-49
YDL204W-A,2.5915201737230418,-0.005526225900192416,0.417324734537268,0.9377935620373089,0.970340612786041
YDL205C,1314.716597075927,-0.3749002469204891,0.11932750743096678,0.0010433331035665263,0.004112657293938372
YDL206W,598.925404279725,0.33913488363875294,0.16394579314963026,0.024563395347317583,0.06489710679351782
YDL207W,1320.8415697335918,-0.2276903369300793,0.11916711804681235,0.04569075804973965,0.10803343756364514
YDL208W,2700.9598406639393,-0.8038140572463622,0.09512382897337067,8.041836697564915e-18,1.4283949098054307e-16
YDL209C,419.4457903602811,-0.23159959574047143,0.1864877846926641,0.16495582191875494,0.29875444774413323
YDL210W,92.93096845383971,0.45770109077043203,0.37435085718650907,0.07399770990383794,0.15902496184509196
YDL211C,241.7547316178305,-0.11727825823513122,0.21910319816411694,0.5305980202178121,0.688283441536392
YDL212W,2693.3734456880093,-0.24824434786266994,0.0984809755665491,0.010056461823034721,0.03007249258135687
YDL213C,1664.8661324761467,-0.6971352423162488,0.11148379926211527,9.775154942823478e-11,1.065509957446027e-9
YDL214C,82.90951234366898,0.40225677406538485,0.38393875226465823,0.109557386572533,0.21672590024093494
YDL215C,1507.090229048386,-0.00507981544951328,0.11070015398221703,0.9624095658759517,0.9810422143423487
YDL216C,319.5201750606504,0.4644117437877909,0.21630714507885462,0.014026677627598889,0.0401530669757042
YDL217C,380.44232634832855,0.02831815279132989,0.1867851890667956,0.8680978553689073,0.9323975686066795
YDL218W,78.58245065060981,-0.115002936983176,0.3117613048618824,0.5918475213842507,0.7416329863159639
YDL219W,436.8052947215814,0.07299259268354481,0.1782283648671304,0.6439023892290943,0.7822482551422334
YDL220C,489.696918201906,0.12325076325008472,0.1682892374757878,0.42543148669525255,0.5928206893008731
YDL222C,1000.0825739133708,4.061018717836552,0.16615371676008625,5.275989907754897e-133,9.722660151884571e-131
YDL223C,1190.2562282756992,1.8785173278511067,0.13528801645551414,4.6524555705789565e-45,2.5882575943117083e-43
YDL224C,1521.231031531292,-0.034240274759743186,0.11083256620341915,0.7454595357632743,0.8531445457441829
YDL225W,1690.832959814163,0.10546579509859874,0.10693852574371583,0.3080791228640526,0.47746191525080633
YDL226C,1971.0920496105407,0.05241011793043479,0.10295431395482486,0.6019741236773205,0.750495012119484
YDL227C,2167.3712682344412,-0.13883429101733208,0.10866287242367034,0.18368628023239894,0.3239500166778489
YDL229W,62238.105333117244,-0.9159450967649267,0.06309398955736605,1.7598422441343716e-48,1.0698752282124113e-46
YDL230W,549.6003157029456,0.2727179107771027,0.16837642328448393,0.07701400526741067,0.16419074080329746
YDL231C,1435.996120138586,-0.17787200840842435,0.1137422409565741,0.10376146509088645,0.2080521454066499
YDL232W,3.1876267396608933,0.014914597881187059,0.41581807610586746,0.8612170158141483,0.9285336232724885
YDL233W,432.4465784123935,0.4740759661577133,0.1938003770006707,0.006380589966939548,0.020283740719699468
YDL234C,976.2498860310352,0.6376102243297795,0.13851244786211686,1.2697332354551757e-6,8.451034863971975e-6
YDL235C,655.2807365737476,0.2920597276770139,0.1545423834430538,0.04188679950708697,0.10086012931534989
YDL236W,1944.3929833510028,0.1320372876772567,0.10255819625609773,0.1832638770279663,0.32356499486045426
YDL237W,1901.8018571463613,0.21180091368801474,0.10367741624330584,0.03504386716511008,0.08723245448402453
YDL238C,307.39237009725196,0.8524803827663637,0.23726640345505892,5.6593916316455335e-5,2.924928348099361e-4
YDL239C,458.9959019284501,0.4145859413533563,0.18300290919716425,0.012243347413163084,0.03564674631664896
YDL240W,906.4324448183645,-0.4205506699208622,0.141056086273238,0.0015209895502485535,0.005742173737398028
YDL241W,63.31545340994524,-0.7438530919266801,0.5205199632530566,0.01989064666457588,0.05407798219502257
YDL242W,19.040486470360754,-0.0858056014998668,0.39155558065277557,0.6060310354906249,0.7538595115807688
YDL243C,151.15257769039624,-0.004677254952054403,0.25927336572358944,0.979731637799702,0.9907281922752191
YDL244W,19.974722769744808,0.5832736891362926,0.8864237261248413,0.030998063156909304,0.07858795289608521
YDL245C,301.2968732710457,0.017598175631479373,0.20122508512639592,0.9224911910314356,0.9624788665096207
YDL246C,56.7507959654384,3.446357641366773,0.6447585752530218,5.602988993426851e-9,5.0753957134006365e-8
YDL247W,9.233460537989828,4.923312600280884e-4,0.42407605864940584,0.9087086817715468,0.9553440785353972
YDL248W,406.5561540144563,0.3610996054180939,0.1906369522812688,0.03480616845520896,0.08671397354472635
YDR001C,3876.469844234597,1.1059130664404073,0.08988679658149003,1.3323046140352347e-35,5.572056956713319e-34
YDR002W,5814.457358746052,-0.1705445519396751,0.07951256746613865,0.027635363512259044,0.07174214644620082
YDR003W,521.1166390194501,0.38994718049079335,0.17387327579201423,0.013856507843852455,0.03970448336015448
YDR003W-A,1.3964786990786546,-0.04611661837487321,0.42723080919370465,0.24481779362470554,NA
YDR004W,752.7625861352,0.03986874294414977,0.1426433588327971,0.7722339162331504,0.8722205332363319
YDR005C,1005.9214394476327,0.8423289578999992,0.138391070921608,2.2787302563331974e-10,2.4038769806076683e-9
YDR006C,1332.6585925745926,-0.2510980857394527,0.11838191072252255,0.027471907070183682,0.07138374073158608
YDR007W,1.6762557692643538,0.036104902977222755,0.42376051253140634,0.42613908803903694,0.5932347030609539
YDR009W,133.06658763399878,0.6176842046155341,0.33732600192693973,0.01630538013489338,0.04578706031212679
YDR010C,10.449838756755433,0.028359594403823195,0.3994159830445322,0.8399020383840818,0.9165252258236363
YDR011W,4203.089915352774,0.5128101683683153,0.08578273855749509,1.1433157481107185e-9,1.1236888277681511e-8
YDR012W,21321.738690460432,-0.5202872449991259,0.0673486313923234,7.928772158272386e-15,1.1688992354333065e-13
YDR013W,250.68865682955678,0.08510677617280418,0.22310840061185638,0.6545534106501187,0.7898304609379476
YDR014W,280.9496917726447,0.10351354209585285,0.207621573403639,0.5688252695185703,0.72376570252362
YDR014W-A,9.07423887546341,0.14206713118086667,0.435496669657271,0.2787001893397598,0.4442675073273958
YDR016C,140.85400473594447,0.075703671841798,0.26000437223560086,0.7150224025113954,0.831104921485679
YDR017C,2287.407760894683,0.45528826362160874,0.10027154143106673,2.858317952076099e-6,1.7962826062025436e-5
YDR018C,85.82283458800104,1.1046195960157839,0.46206873657715003,0.0015194409702645364,0.005742173737398028
YDR019C,3155.7723672636857,1.6241056403084333,0.09338894346363383,8.249131895898102e-69,7.721449331763668e-67
YDR020C,243.28076754615566,-0.339308638707922,0.2390025108845064,0.08952161418027484,0.18516624300984943
YDR021W,344.92417192875354,-0.7583905553892802,0.21590785438596968,9.360287721955439e-5,4.642356324337361e-4
YDR022C,269.38015918076786,0.5758096453977212,0.24129000766027447,0.0054230701356279415,0.01765866625610048
YDR023W,12403.607774478704,-0.1471241875928987,0.06958333717699632,0.03142930770575308,0.0796128125175369
YDR025W,12666.426444025083,-0.40364678582229335,0.06902377652670827,2.509458417972374e-9,2.371518636343444e-8
YDR026C,1020.4619017088587,-0.2225584584443275,0.12996212328165996,0.07327702012776814,0.15810998452010566
YDR027C,1311.842614233316,0.05368716569216579,0.11752067589101053,0.6396233622551852,0.7793097039708321
YDR028C,3271.577103341694,0.21690702177053522,0.08841354392345324,0.012692513150757869,0.03678022115480056
YDR029W,82.94597452621308,-0.025906237700207585,0.2995253340200643,0.9004499510299945,0.9510932045896253
YDR030C,250.6641440233239,-0.16461766374623465,0.21902326488341461,0.3793433407413341,0.54976349971778
YDR031W,157.52114505468143,-0.18079278549612246,0.2594405305699591,0.38205707637243935,0.5517978396689383
YDR032C,3808.4644904241877,1.202549634441335,0.09510729840752814,1.3165586751012683e-37,5.7086371375530726e-36
YDR033W,21560.36860916289,-0.5700756908023665,0.06595172225476391,1.1350475767517964e-18,2.152210791030657e-17
YDR034C,1111.4062175340077,-0.05080243497369734,0.1255395502410064,0.6709861581826896,0.8017842704768633
YDR034C-A,0,NA,NA,NA,NA
YDR034C-C,0,NA,NA,NA,NA
YDR034C-D,1395.8481366590177,0.4393544981478415,0.11765207745437492,9.829548347813163e-5,4.8546772702725476e-4
YDR034W-B,7.352803531210389,0.033474931753728156,0.42607074546558427,0.14884538352277268,0.27688997685608535
YDR035W,4585.939850471448,-0.49411650808615054,0.08828088545967466,9.388084848495081e-9,8.30008041253006e-8
YDR036C,754.1312635615427,0.02297325843015819,0.14182145615323377,0.8635070253316799,0.9298481980744406
YDR037W,17237.923552997658,-0.5476407082331098,0.06864897275101413,3.768274283512531e-16,6.0384547418134225e-15
YDR038C,1502.267471335711,-0.2597779422376256,0.11377526338631845,0.016904415013217246,0.047110271896475465
YDR039C,1233.2465014867148,-0.18184513167266628,0.12145807389871753,0.11630050148640189,0.227538472310297
YDR040C,3119.4052373503605,0.5536178343685031,0.09586138752344038,3.060260867522354e-9,2.855436445534703e-8
YDR041W,594.9216638082097,0.512489371609343,0.16600238270316417,8.402691623417421e-4,0.003393881678307708
YDR042C,31.283089843040354,-0.05281209034467027,0.3659251730820566,0.7751260577661592,0.8739805664717096
YDR043C,387.73876323624614,0.673913620597573,0.20432539555081766,2.615481456290077e-4,0.001185510695445241
YDR044W,1060.6585721657939,-0.3369608092327213,0.1297583076872728,0.00619964310366536,0.01977246910887757
YDR045C,234.32503237243395,-0.07466934858242912,0.21984054394503538,0.6896334477386759,0.8151470116887094
YDR046C,3416.5891847147213,-0.7111919190415122,0.08971753591869559,5.892036020935992e-16,9.390631463637715e-15
YDR047W,2101.9921588460447,-0.3345907612775596,0.10245790503925468,7.346813633192467e-4,0.002998211764355431
YDR049W,982.5493818865623,-0.13102231335307946,0.12939541961682502,0.2851440940030907,0.4517939753569706
YDR050C,70266.38318086056,-0.00419838304135179,0.06524258595145703,0.947180159752683,0.9744454644210697
YDR051C,1064.2080530052945,0.02576707790176686,0.1256786730659155,0.8312326050413257,0.9100963000238947
YDR052C,1541.5087069736126,-0.3901615585257488,0.11579043651904401,4.3617913655263023e-4,0.0018733782725789225
YDR054C,1541.1978936961616,0.0929832695765648,0.1119070275753548,0.38984699880807766,0.5594859459652554
YDR055W,4476.662202986396,1.048808329445722,0.09695272031056057,2.3523399104348255e-28,7.418047300446079e-27
YDR056C,1234.2547766528137,-4.0737963152631744e-4,0.11924660626543214,0.9961991015728404,0.997552403120231
YDR057W,710.6966958817404,-0.02999735217447403,0.14536165312465807,0.8249706556118175,0.9067628904457304
YDR058C,267.3054125331478,0.5235994843194623,0.23729291713107584,0.010239071637718384,0.030475552596864925
YDR059C,202.25981894259596,0.810860598067396,0.2841559285756267,7.750360070957319e-4,0.0031501122723280326
YDR060W,4257.6868866944715,-1.1486957307609527,0.08479685959530943,8.338944222343242e-43,4.097896173263175e-41
YDR061W,1146.706523602549,0.5305728913044082,0.12896889940863068,1.5945301970630684e-5,9.006651888966393e-5
YDR062W,5556.901417113728,-0.28478955354577407,0.08080763850808345,3.282933031792253e-4,0.0014447355289909638
YDR063W,677.0290550465812,0.27100676806111457,0.15196717357432116,0.05559182244827597,0.12686725115227684
YDR064W,22335.292333023313,-0.2367884340337453,0.07602854222980282,0.00129373982922755,0.004976636512038397
YDR065W,295.9049937624481,0.0025509693361648006,0.2034790950789343,0.9898578268407003,0.993861871930785
YDR066C,133.97680150565787,0.3456732708188788,0.30011081489718106,0.12959605254022394,0.2484486091774059
YDR067C,300.2258229342712,0.12293969993816654,0.2088248592550709,0.49900830959363873,0.6619975554388772
YDR068W,932.0610124162479,0.1627198845148854,0.135248558595774,0.20427435444316216,0.35050322277946827
YDR069C,722.922658272637,0.1367601726497382,0.145857521936829,0.3178550826420767,0.48756618806749175
YDR070C,182.07062541004066,3.7478496335714886,0.35396898267968724,2.7561826714444057e-27,8.334979083850082e-26
YDR071C,1915.5663239515986,0.08702938658785538,0.10297158941016586,0.38412639765333456,0.5542435446444125
YDR072C,1732.9950585545976,-0.6272342249318885,0.11004700957936263,4.473953804082585e-9,4.090372958554264e-8
YDR073W,324.8373991911043,-0.16309872256506788,0.1984545955692647,0.3520734349802801,0.5218853874147755
YDR074W,6853.635362354546,1.4596532540161797,0.07693090402940422,2.907537236595553e-81,3.1751383489266624e-79
YDR075W,452.3128822916102,-0.5329406414923904,0.1867851911033702,0.0016438328240406318,0.006135241875549117
YDR076W,272.48502130744635,-0.242845857745567,0.2215400773499477,0.19856658710077787,0.34409261361542376
YDR077W,30094.141036668723,0.39003949781681413,0.06804687313860133,9.963340587059809e-9,8.75779936536941e-8
YDR078C,146.8978781418543,-0.12316725215014264,0.25963261079404154,0.5491677782018788,0.7063124074278035
YDR079C-A,59.605735059621395,0.07241970858503627,0.3312372193310375,0.7301543986853464,0.842112358507234
YDR079W,167.3282542412219,0.21385135721082763,0.2583174625624981,0.30377193670366487,0.47235418137121626
YDR080W,953.4717560474579,-0.052663727407489425,0.13470747906459238,0.6796128301768339,0.808679518194213
YDR081C,1141.700967645499,-0.4546399120898454,0.1335050813695004,3.265272862201273e-4,0.0014380368983122412
YDR082W,338.90682951234476,-0.1711910287324799,0.1963492346772918,0.3249301952018765,0.495329800825328
YDR083W,1518.037897844727,-1.2280286090895005,0.11590767027930612,4.491071063758146e-27,1.3375679829788782e-25
YDR084C,945.2961172439983,0.05007346798197505,0.1307104258936104,0.6882337544646484,0.8141453259935871
YDR085C,635.924446853359,0.8442866599901868,0.16491730195930482,6.023771462597422e-8,4.6924940970854684e-7
YDR086C,588.3146735266704,-0.044098416068024664,0.15634454504354037,0.7620988468378311,0.866231427419672
YDR087C,936.633707903338,-0.7418430909414483,0.13949232578374943,2.5414860279745123e-8,2.104935829630014e-7
YDR088C,544.8860386701042,-0.13685664268176037,0.16254489224874757,0.3605339001396629,0.5299308624723061
YDR089W,902.6629092504771,0.4727246243251943,0.13941236472216878,3.299034408978992e-4,0.001450738695730732
YDR090C,541.9578325433617,-0.2271312265479209,0.1652451568728958,0.13420067079871706,0.25589460756261295
YDR091C,3567.985806763689,-0.8178635686329787,0.08798711483710424,3.2076665125795083e-21,6.954268170838735e-20
YDR092W,721.3449732058975,0.0961526096842183,0.14558507923865913,0.48639344155269243,0.6512856777557282
YDR093W,2948.6767719083464,-0.09148485616157184,0.09057154191948417,0.30206371612983934,0.47048857211243067
YDR096W,872.4706512549669,0.47726134564575645,0.14124682492702959,3.39934254936715e-4,0.0014915121289894406
YDR097C,1420.3769415350475,-0.34311675862950364,0.11696711762818741,0.0021615477133542756,0.007853756540757956
YDR098C,2187.729445713203,-0.02232255090070381,0.09891155380453592,0.8231309942458496,0.9053335995200537
YDR098C-A,0,NA,NA,NA,NA
YDR098C-B,1514.9516493648473,-0.20085242673752937,0.13071283817715967,0.10463337271391995,0.2094443309212444
YDR099W,6163.616349555419,0.401290427798349,0.08587989722626904,1.7261412040552226e-6,1.1198079956340646e-5
YDR100W,559.5963238869004,0.5552346422633713,0.17121209151385547,4.3903411480871314e-4,0.001884267958534921
YDR101C,2410.762510964777,-1.1335866139863116,0.09886542555215373,3.170224816766091e-31,1.1399277892969293e-29
YDR102C,4.862212815163902,-0.030122959836897195,0.4127992833670505,0.7626398144247992,0.866362355165294
YDR103W,1147.7856055892396,-0.20636551892750113,0.12496428287016907,0.08333249565321851,0.1748174055023229
YDR104C,725.1108503924481,0.11953080740867364,0.14661135424111246,0.38931390471051264,0.5589929622785227
YDR105C,1271.4879627937667,-0.0587249077358149,0.11751672654090153,0.6017781544660044,0.750495012119484
YDR106W,37.98042407358665,0.14267649672487848,0.37244662788381233,0.48461771443117,0.6494978777274113
YDR107C,860.995229693863,-0.1572103527160048,0.13879040788392488,0.2291124162825267,0.383501538126046
YDR108W,671.5694939492129,-0.024194637957865004,0.14865534195469118,0.8606766425731953,0.9284611323205482
YDR109C,710.7140109957553,0.09407404829210722,0.1459823335696104,0.4918064521591197,0.6554085081090009
YDR110W,757.0653842862292,-0.36865373623320463,0.14734113272913818,0.007478409097449403,0.02335792362287544
YDR111C,1331.830335110307,-0.6711228039398524,0.12405000325357479,1.637126824695767e-8,1.395106486305049e-7
YDR113C,532.3357942986925,-0.0950464279490986,0.16333797471939304,0.5268279192957063,0.6845976730028162
YDR114C,3.6188485067309304,-0.032873706262182806,0.4163473575279368,0.7084253370990289,0.8285569640763534
YDR115W,246.283598920913,0.3677509202367427,0.2366488950579797,0.0648186744978512,0.14294529675161874
YDR116C,622.3571700236556,-0.11386501546123355,0.1532805529565344,0.42422200606673216,0.5922436481476135
YDR117C,1296.130308204757,0.1008743647634724,0.12007952461030984,0.3814670158308308,0.5513507334201984
YDR118W,473.1039235474536,-0.07913663525071543,0.17358205510170366,0.6141514437574105,0.7605108423691513
YDR119W,3007.1726245986138,-0.5601069179960454,0.09268467010602355,6.070939331772433e-10,6.109271201273386e-9
YDR119W-A,26.996194135484256,1.3383604653473637,1.1000317778973445,0.006936606825123381,0.021874422699332926
YDR120C,2270.4631437114313,-0.6782927164730361,0.10219630602788617,9.000701312434138e-12,1.0636700528942707e-10
YDR121W,407.7923615555776,-0.15137600482269525,0.1812479186468565,0.3540151882312646,0.523803034434911
YDR122W,2150.753047704689,0.42385912416066707,0.10428633283630921,2.396416013782384e-5,1.3281640256837142e-4
YDR123C,385.64379007020466,-0.1193858744413885,0.18405981328901228,0.4699881512023194,0.6350871053254072
YDR124W,275.90479867926445,-0.172259419870541,0.212614183693541,0.3480655855886299,0.5185807878262129
YDR125C,211.2382901762716,0.13575501304510285,0.23307978349423092,0.4916915403372347,0.6554034840345102
YDR126W,230.1215502073871,-0.4682728761896326,0.25051193572122277,0.025170882305494743,0.06611701245233964
YDR127W,5624.977837752874,-0.3927365500623249,0.08013146249454713,6.937714185943688e-7,4.779404270386675e-6
YDR128W,1662.4947609550202,-0.22745942391855378,0.11512377328593668,0.03917200465476148,0.09557191206004487
YDR129C,6873.254714775611,0.1016546979981096,0.07477312277551056,0.1680586263623002,0.30344204521080353
YDR130C,393.4390576676606,0.28234395081607055,0.18968423133594434,0.09553088480817284,0.19497962168680041
YDR131C,385.9524793240421,0.25145775086374633,0.18964878806687116,0.13817995354739096,0.2615042317294495
YDR132C,269.50203065009026,0.11922895307619653,0.21233075040492083,0.5177924274203751,0.6768836055193864
YDR134C,6239.301332643423,0.4398102085699068,0.08614788378484745,1.7269371676607624e-7,1.2793653866451653e-6
YDR135C,4477.696220520746,-0.0790262005429224,0.08194706929359769,0.350601921090781,0.5206495917079667
YDR137W,941.4593538679006,-0.20704214719982525,0.13301570255004827,0.09979903110410117,0.201546193979755
YDR138W,874.5718188662349,-0.25316390463708166,0.1420354484277396,0.0571046282314661,0.12982320938856837
YDR139C,280.5898053769115,0.028757486761625286,0.2081908533440849,0.8751356141775836,0.9346495119067059
YDR140W,486.64343411657205,0.3884464192084436,0.17850163449872997,0.01644459501040027,0.04604092828075507
YDR141C,1654.4326621087387,0.09729769841546315,0.10944924062196518,0.3577629185777475,0.5274319827132443
YDR142C,380.32499657007304,0.21806192412582853,0.19232116754979836,0.20313197780701697,0.3493348711367685
YDR143C,1173.4540407035583,-0.2633283809556753,0.12303654563362862,0.024843323444838833,0.06553900960673022
YDR144C,2068.4754295470484,-0.2266059586651182,0.10505010922744136,0.024868415386614197,0.06555612227754311
YDR145W,1985.3941370495145,-0.3358485838316862,0.1057549472232336,9.479289152597775e-4,0.0037769843333019647
YDR146C,1538.1079889928542,-0.04410595266797418,0.1155364764720288,0.6923657921639093,0.8166964251251487
YDR147W,938.1985076524829,-0.41704864571577577,0.1365687380290385,0.001229263743525539,0.004759664015476102
YDR148C,2471.901565186978,0.3140948684455779,0.0967118449467094,8.51677255790857e-4,0.003435253609711822
YDR150W,2520.7501550653387,0.0014338172992815264,0.09554179354844287,0.9916204996337361,0.9949950802008068
YDR151C,595.2502198884479,0.027520657352387734,0.15491246338135412,0.8572445369082087,0.9272140561532844
YDR152W,1258.956263489588,-0.31597153970921726,0.12427528296126962,0.0075767524014418,0.023615279551428274
YDR153C,1129.9757154980937,-0.19181586683981675,0.12408936298746273,0.10442922145966606,0.2091776898599357
YDR155C,14944.160660207495,0.8394199477840298,0.07210349301932836,5.387503403818064e-32,2.0235737307207084e-30
YDR156W,333.3134812107054,-0.195569058112402,0.203124153631551,0.26938864007929014,0.43297487341171276
YDR157W,6.9225144998132,-0.009616221702236489,0.40805887595608614,0.9268901837169896,0.9641371459722735
YDR158W,10942.273095457167,0.1010543858011986,0.07437704855389458,0.17499467481867267,0.3129947216881143
YDR159W,1420.8079228674073,-0.2516030888301066,0.11621638094782695,0.024285322335512824,0.0642776237937698
YDR160W,815.634547289726,-0.20631621568800781,0.13996962880965227,0.11705202658738367,0.22856152343900712
YDR161W,1498.1505510973534,-0.6742206456500028,0.11576315503780364,1.6410085704657355e-9,1.586397957383023e-8
YDR162C,465.879668765488,0.04735906221361742,0.17110723925493151,0.7620821007499348,0.866231427419672
YDR163W,408.6355975571564,0.08617180683519636,0.17928676596747944,0.5959882402517629,0.7457124236716838
YDR164C,1074.6654426501295,-0.16969364424952552,0.12665884419323892,0.1590205786716461,0.2905032070714675
YDR165W,1843.729586264753,-0.5024612947593468,0.10990334034524071,2.1413103780708237e-6,1.3665916990783167e-5
YDR166C,1140.7938904912664,-0.04869551231264829,0.12362906556418983,0.6793804474509239,0.808679518194213
YDR167W,758.2897244478224,-0.034860694411348946,0.14170782342078211,0.7928709002434026,0.8851444496621321
YDR168W,2155.898114636476,0.300526649159158,0.10149303813692345,0.0022487303385617576,0.008115521913401888
YDR169C,983.3351220349356,0.1689390514422845,0.13234592392358305,0.17625070852317187,0.31450720582599967
YDR169C-A,0.7785307950696052,-0.0030745262213872156,0.42365653142031,0.8443526705529307,NA
YDR170C,4386.663252454517,-0.3220931927865168,0.08262010257939248,6.787295002199804e-5,3.4533803820510997e-4
YDR170W-A,148.09070944451003,0.015111886037548494,0.25526778321118415,0.944929710473278,0.9736590079784938
YDR171W,3076.41604937183,2.671732642925222,0.10566360231516951,1.7666636353318517e-142,3.7207198062685464e-140
YDR172W,8118.571556782313,-0.42024384583513036,0.07670253958612144,2.3330303572725614e-8,1.9350042217772567e-7
YDR173C,320.32080342978617,0.34858397850784517,0.21065062141515423,0.05682158466306684,0.12932338277039954
YDR174W,2639.338898269686,-0.06711724259726268,0.09554528428305252,0.4486294055991496,0.6145337061133995
YDR175C,667.3610093235355,0.11418203441935301,0.14942097865464096,0.41469597587781326,0.5833378008786507
YDR176W,1520.504108949927,-0.0296299818204089,0.11056622195177469,0.7785198315072632,0.8762991880890115
YDR177W,1470.7307935204503,0.14958623961894485,0.11352394919399506,0.17129080063872687,0.3079578815141989
YDR178W,748.1900262277024,0.7285769946590157,0.15481743432270145,6.353986823894652e-7,4.392668265006654e-6
YDR179C,146.76744828420715,0.12824883343178484,0.2655936423655126,0.5392784451520225,0.6970900901055408
YDR179W-A,347.0006618000032,0.06339088941562213,0.19149968354990038,0.7137478403102949,0.831104921485679
YDR180W,768.6045391773052,-0.5657410853446275,0.15135043523492633,6.755182711798949e-5,3.445428040371484e-4
YDR181C,653.2688063501655,0.056398567523075996,0.15091339006448476,0.6903232450022716,0.8156353788375869
YDR182W,1681.3678464530842,-0.15046556144512999,0.10734712790450442,0.14840657707331975,0.27633520208442264
YDR182W-A,1.4337382981218836,-0.01479843155339106,0.42226342554205937,0.6613681681425259,NA
YDR183W,294.3060331122749,0.33032391265974687,0.21886653146507035,0.08013880284533645,0.16962617386179074
YDR184C,414.62993027924614,-0.6859328538241223,0.20845964338605824,2.473879415107421e-4,0.001124785421039974
YDR185C,144.20112192459638,-0.22570240926093654,0.28456611768609635,0.29672577078992474,0.46417286971510535
YDR186C,1953.1112908573614,0.15561591422423826,0.10337979098776512,0.11901973086707641,0.2314839554495876
YDR188W,6050.292509951471,-0.4074095158675907,0.0777225307121626,9.18410631717597e-8,6.943419865690601e-7
YDR189W,2122.997952099624,-0.03381003315414938,0.10093140740576086,0.7305558443241942,0.8423484553267487
YDR190C,3943.5616551000394,-0.18286870736546598,0.08422012319911795,0.026477585165792798,0.06905719580835035
YDR191W,342.80015238696063,0.40410265719302957,0.2297252808838224,0.038470721698141475,0.09444706321979196
YDR192C,500.97629414161054,0.15236297344082758,0.1691084070840751,0.3254213340908843,0.4956119853135188
YDR194C,2437.9696882660005,-0.4716237299239204,0.09847061921970862,8.43359479073525e-7,5.742830078633461e-6
YDR194W-A,0,NA,NA,NA,NA
YDR195W,662.6028509372908,-0.20522653251934309,0.1532758664171837,0.14950255664575227,0.2778495356255913
YDR196C,1020.0419323900628,0.43071977110322623,0.13252183000583614,5.99909696130659e-4,0.0024860628798893153
YDR197W,498.30548628183396,0.20926922219377314,0.17173179285394788,0.18135650864461167,0.3208200516681773
YDR198C,415.4159302826289,-0.3416325960951094,0.18764454107334602,0.04212017010006137,0.1011741927006362
YDR200C,1007.0640985522223,0.1062879882754643,0.1287610422069107,0.3772900773863365,0.5473535601913978
YDR201W,329.9205445395625,0.2721346086077636,0.2030240279588174,0.12742348449608704,0.24572148073035488
YDR202C,758.9264006631939,0.4465075274013168,0.15692970261214173,0.0021770476837675956,0.007895943132037814
YDR204W,961.8754251715221,0.8151251751278965,0.14166089386007363,1.828997386527707e-9,1.7566119850739234e-8
YDR205W,739.4741530113913,-0.03263945482288403,0.14738210183941114,0.8138491600015141,0.898402938324397
YDR206W,1901.960046638328,-0.6032199865226101,0.10661248326474466,5.42390237671983e-9,4.928313145688265e-8
YDR207C,1251.3926825151534,-0.3984965621101861,0.12593387450546445,8.781283287568293e-4,0.0035250665450503892
YDR208W,1823.5809935932825,0.007574454783650184,0.10407842954845435,0.9457908900538339,0.9740357804134576
YDR209C,1497.5446894633828,-0.002992983987053366,0.1111544263226087,0.9797769015983375,0.9907281922752191
YDR210C-C,0,NA,NA,NA,NA
YDR210C-D,1381.3924828045856,-0.08887573884696634,0.11428296046625427,0.418609417361819,0.58732803573225
YDR210W,3.624831775203382,0.04610120805539569,0.4189265968112441,0.5892511856571689,0.7399519254302225
YDR210W-A,0,NA,NA,NA,NA
YDR210W-B,730.6570840257722,-0.09258755923962685,0.14503027540016747,0.49560833152018113,0.658688828256594
YDR211W,3424.3885719557156,-0.43971294942690803,0.08829283355985304,3.592815553113276e-7,2.5618903647773867e-6
YDR212W,4454.678354542679,-0.2911420590974795,0.0848093626562809,4.288203483396269e-4,0.0018444592225811667
YDR213W,764.3364005858166,-0.36812050724724454,0.16364829418409366,0.013753839413052771,0.039487045286646635
YDR214W,3017.7435527959615,1.371752669286388,0.09335700456655939,7.412309085045437e-50,4.650041135586483e-48
YDR215C,14.746710291798257,-0.2081961099666419,0.4609597646595805,0.16724100132236502,0.30224339098926956
YDR216W,1889.4571965616324,9.71316395064208e-4,0.10407844330456442,0.99603543177739,0.997552403120231
YDR217C,1169.958039795941,-0.22978499355379156,0.12267148525219584,0.049923643943395976,0.11627161466595816
YDR218C,15.699733673150332,-0.02730550670295655,0.38904474473762424,0.8584552308459833,0.9281830759623696
YDR219C,630.8830855779296,-0.0632146488930189,0.1518032193528468,0.6543069069063328,0.7896946029526491
YDR221W,1152.3372654122302,0.22703076721590956,0.12476523839274924,0.05206522015696242,0.12040337382964995
YDR222W,891.8360314145759,0.2620712034412198,0.14100892879350105,0.048120242457105736,0.11300878923518619
YDR223W,185.84091561763825,0.23482199879734453,0.2508702453365541,0.25279261425687655,0.4135507552787508
YDR224C,5591.482105441483,-0.29711384622677123,0.07826692344761164,1.2714390686217295e-4,6.140602938298394e-4
YDR225W,4382.207300035652,-0.08892353174797038,0.081773885585945,0.2650797781468813,0.4268638590202509
YDR226W,8001.340037359213,-0.014285298094537765,0.07850988328816047,0.8331339170535028,0.9116001381166291
YDR227W,1227.401593403526,-0.23767860591527715,0.12197861885174771,0.04159365085571877,0.10031810187982561
YDR228C,1111.9453016346604,-0.12374416742722164,0.12387773455954597,0.29156144843721116,0.4577576840879218
YDR229W,915.5025361801269,0.1838558034470099,0.13488227299813876,0.15022361314641275,0.27899025853143966
YDR231C,633.2255013172689,0.6449471106470123,0.16328535966942134,2.3185570480647746e-5,1.2874322893067773e-4
YDR232W,1661.2738066957763,-0.7299916186156069,0.11629290764853328,7.368979746387897e-11,8.168209316625833e-10
YDR233C,6620.325886905504,-0.2998237147562434,0.08297208839792057,2.201730696997104e-4,0.0010151372885216514
YDR234W,2003.5481174261467,-0.5924852183847069,0.10510730704033303,6.399367852712678e-9,5.74384660996144e-8
YDR235W,734.1218247496207,0.05997989678340703,0.14562475222603719,0.66338558980403906,0.7967382531719792
YDR236C,517.5992419797767,0.14127390572502246,0.1665150648048327,0.35599580864307484,0.5256152437576896
YDR237W,618.6387475392551,0.10212063335160257,0.15348445884983153,0.4760242185182657,0.641333062966007
YDR238C,5545.806052527579,-0.39169480031978665,0.08352440512162407,1.6289382793812671e-6,1.0625939196362093e-5
YDR239C,668.3928816527906,-0.07655662308106315,0.14864741233762813,0.5810553584766124,0.7337576472226948
YDR240C,437.4149297011655,-0.12854531080001497,0.1776914947597257,0.4321964156505052,0.5981130522626645
YDR242W,426.93240919271955,0.07294613284293375,0.18335847727182725,0.6595492987372724,0.7935854345345226
YDR243C,399.1071290721867,-0.5357605058000525,0.19835671892462534,0.002532851337385036,0.009035828394772872
YDR244W,1103.2382992191751,-0.06028164910463849,0.12769454963970323,0.6189948865057713,0.764593602989716
YDR245W,2324.467468944166,-0.4378882245988177,0.09863066824094091,5.149533001550533e-6,3.12094512951115e-5
YDR246W,481.7703473934431,0.24611092917368912,0.17337982902487292,0.12015528016124206,0.23334567542808363
YDR246W-A,2.33941303287379,0.06669222108894247,0.4285232270169002,0.26269222347371884,0.4245261830157632
YDR247W,352.8743527395553,0.875461199999439,0.21633729018367373,9.139391992981642e-6,5.3467256530369783e-5
YDR248C,504.8654875521959,0.47978952432306154,0.18019817371596142,0.0033685974532607723,0.01160316540997592
YDR249C,251.56740256883495,-0.10060301477139622,0.21503988972469984,0.5858717732703642,0.7372782430591844
YDR251W,2238.1388144921593,0.14134532552403056,0.0985012438266178,0.14102051940121138,0.2656014062308986
YDR252W,79.9168518490236,0.12296557949195987,0.3112762119085938,0.5719758522253416,0.7264573768194786
YDR253C,160.09995165793126,0.1527018896698801,0.25612305957233067,0.4590472490244222,0.6243084934264339
YDR254W,557.191291760133,0.09004751172558853,0.15969540420251677,0.5436728581946464,0.7010800010439163
YDR255C,461.7404631271787,0.2300044227777254,0.17759149343603092,0.15248371657821355,0.28185874933701005
YDR256C,402.8278697211068,-0.14702437994049344,0.18341299150785953,0.37248818257877997,0.5426037251711135
YDR257C,1049.6355123414796,-0.08035010213504228,0.12791196619263268,0.5095988591465277,0.670027134892538
YDR258C,2600.536132728195,1.576907046959278,0.10542171674044233,7.703377973217879e-52,5.104137068322003e-50
YDR259C,149.4541188125037,0.7625866791802014,0.3453496060761323,0.00466696209190537,0.015461278346048294
YDR260C,371.6632569951854,-0.1956087348124528,0.18976234510513582,0.2477215684922731,0.40736589219156005
YDR261C,2236.8607581549977,-0.1259694855357133,0.09905110585736084,0.1927022878975967,0.3365014485437156
YDR261C-C,0,NA,NA,NA,NA
YDR261C-D,9013.029987521099,-0.5765658535796855,0.25278001480972695,0.006692331052880293,0.021190872158524002
YDR261W-A,0,NA,NA,NA,NA
YDR261W-B,1435.735393431814,0.4121224295048884,0.11639406606029365,2.0717634012481373e-4,9.612264970228375e-4
YDR262W,1059.298711170289,0.19081956688682963,0.13043087075486146,0.12328307456703784,0.23867376583119573
YDR263C,286.7500191671001,-0.16844422599451905,0.21791129111965452,0.36493225308408705,0.5342615433060729
YDR264C,2781.208725644569,-0.04388404495525301,0.09207315450454473,0.6369667223754744,0.7770592080985783
YDR265W,302.3772726050802,0.021728289488077406,0.19978273909097183,0.9034382669585985,0.9531734458670004
YDR266C,1958.5489543267506,-0.023919098449813814,0.10169887612019526,0.8053166565074539,0.893747455055436
YDR267C,833.5286904880514,-0.1835951986236169,0.145113332305562,0.17548154662624543,0.31367525930735657
YDR268W,417.63546059597513,0.21114974592276792,0.1820657291825172,0.1983500415031602,0.34381839939568953
YDR270W,644.9366745483469,-0.3872409113183422,0.158014097776118,0.008098755266425534,0.025004376861838415
YDR272W,1747.0204275403073,0.6097901960903657,0.10991564624964476,1.0042184466152012e-8,8.80027187547951e-8
YDR273W,218.34752489464714,-0.214087093681215,0.2354815691697903,0.2757379560168496,0.4405382624306047
YDR274C,120.49302031158781,-0.11324925039562032,0.27655619832153944,0.5901944893335219,0.7406633121089123
YDR275W,465.7867522622278,-0.11298051818712374,0.1765430233074482,0.47877873400973475,0.6440141866914703
YDR276C,371.62062813014376,0.3159511067542558,0.20401963188606984,0.07757492467474059,0.16497296235514047
YDR277C,381.6377317059819,0.650570400593229,0.20533535344145185,4.33957444473272e-4,0.0018651946429000619
YDR279W,611.655544258182,-0.13240397225622325,0.15487189738489163,0.33913139155691274,0.5097670237880899
YDR280W,1069.786068248552,-0.039041679280701985,0.13115020988404988,0.7529643691811471,0.8593440845870378
YDR281C,200.6718996035355,6.197859293793625,0.5550554448498408,3.1179616636668076e-29,1.044694314241089e-27
YDR282C,379.6188896126355,0.5395976094333506,0.20317889356564314,0.002938591538056504,0.010333258378007873
YDR283C,1739.304461028828,-0.0743747641962974,0.10668761135664576,0.45829967846690056,0.6239425053493983
YDR284C,1274.8249641350249,0.13776092899041,0.12337349216246403,0.23980871276750768,0.3974569924648658
YDR285W,256.5118882139197,-0.09353374132459966,0.21335939467536327,0.6127554999473672,0.7589622312937669
YDR286C,130.4796065971829,0.3197234611176977,0.29889347772837443,0.15791038694107842,0.28923463773166297
YDR287W,557.7185422472648,0.7166166610103548,0.1765388314350593,1.1695318639838831e-5,6.721958481396645e-5
YDR288W,477.873855190771,0.07346062934109866,0.16899041799905726,0.6366546878311155,0.7769819037958439
YDR289C,761.7261727671275,0.11652956465329807,0.14448628711562664,0.3912107278464508,0.560811883411834
YDR291W,1076.2503319333994,-0.2382130612528392,0.13148582225885222,0.05557473307356278,0.12686725115227684
YDR292C,2618.8417495074327,-0.08058738097403759,0.0940248160666239,0.3852490086250274,0.5553630405929397
YDR293C,4048.437532248135,-0.02048074024665431,0.08440947031079887,0.79160376595244,0.8846100829678867
YDR294C,2721.288369108339,0.10248546169180703,0.09386465748909598,0.2716868498043901,0.43512692919513535
YDR295C,793.2678355199574,0.16849370478860318,0.1415284601430063,0.20616797761073052,0.35311430844335695
YDR296W,666.9502559990987,0.08882781324493076,0.14909421668395356,0.5253588970206062,0.6829897300993198
YDR297W,2062.8937604306648,-0.6588290666204153,0.10783446621716573,3.0711686900083787e-10,3.1885003107358113e-9
YDR298C,1510.2551168906818,-0.08198633240083729,0.11297590896932097,0.4458882816311433,0.6114891155299655
YDR299W,1470.58650783931,-0.9605963164809599,0.11712107489541855,3.706555259404791e-17,6.317212822170535e-16
YDR300C,1222.1808525781303,-0.3939686483721186,0.12782430109887516,0.0011774737409780424,0.004577167205370808
YDR301W,1190.7154784465388,-0.3214746711544509,0.12314558045506654,0.006198032968173387,0.01977246910887757
YDR302W,441.39784215126883,-0.1689774693378797,0.17649408250338905,0.2948616397671102,0.4620111022828512
YDR303C,1559.8185934123076,0.005850462325824491,0.11347490018792876,0.9588185461069354,0.9800707162270897
YDR304C,3432.186862280355,0.22302938159732547,0.08904635794026286,0.010824234412060908,0.03196319996390745
YDR305C,365.59575323208577,0.04260974475689615,0.19048695428211593,0.7978586977027406,0.8887614558184713
YDR306C,711.6988700058902,0.25931890082968917,0.14896261906305597,0.061671438142359425,0.13734005692050358
YDR307W,1108.2518131093627,0.0944117564030063,0.1237789527763098,0.4229934204566389,0.5913684685710763
YDR308C,216.3634720222075,0.16496768955986937,0.23319304330688748,0.39759594722518365,0.5661973679755875
YDR309C,1961.4279232904619,-0.26223033152686975,0.1079978105663256,0.011744213708734175,0.03433595847318068
YDR310C,2379.3923888766067,-0.1682822025008947,0.10105452148382585,0.08552823856006277,0.17859774178069765
YDR311W,928.5097418326694,0.021601319126527203,0.13168815496527042,0.8659269512431862,0.931139903625286
YDR312W,645.1014403673745,-0.1976373893698651,0.15319263383908252,0.16489227077571625,0.2987310970090319
YDR313C,282.26142779609347,0.3003681193786197,0.219136805862414,0.1104410770601735,0.21797116845518524
YDR314C,184.13751961954807,0.02750032841373867,0.2389784837054912,0.8824489493738393,0.9384673497669127
YDR315C,272.3536807341,0.14807052850817706,0.21771511727156065,0.42884136107228077,0.5950300014689975
YDR316W,566.1444697391785,0.08253291640532055,0.15928886120762947,0.577009240032857,0.7304902293846625
YDR316W-A,0,NA,NA,NA,NA
YDR316W-B,3392.1630954210286,0.2749907174900417,0.1015542327153379,0.004998227363245661,0.016390992398922014
YDR317W,161.58140629158697,0.018078400482775828,0.25317461257567103,0.9310211993138244,0.9666462075645202
YDR318W,449.4441788062495,0.1765916974999537,0.17602235306983016,0.26978819194615994,0.43349890133692237
YDR319C,414.06886860947907,0.4866389705438166,0.1936404388283786,0.005459807159013294,0.017759688033861343
YDR320C,824.5206415242337,0.021524114953295693,0.13717227689110245,0.8690951729245466,0.9325070699773773
YDR320C-A,222.94019648634946,-0.07648801822661434,0.22370795517025813,0.6857204431768709,0.8127333675931409
YDR321W,2712.0215408322747,-0.652173454536294,0.09799823511734468,9.037421051714577e-12,1.0658734388392173e-10
YDR322C-A,833.3047931996563,0.24622193911730328,0.1399844307877135,0.06179090598077777,0.13745711788595624
YDR322W,719.6364540116446,0.04437148517396838,0.14559161597619022,0.754844218826431,0.8604681671182175
YDR323C,333.12408643739434,0.04147279626052346,0.1926707719762745,0.8106117223918744,0.8968637370190888
YDR324C,2091.039826983149,-1.0755518237662949,0.10344095939955995,3.572451954449734e-26,1.0177173514681198e-24
YDR325W,879.3693831161327,-0.04636597778914515,0.13453621914328298,0.7150760237293332,0.831104921485679
YDR326C,2270.308488206475,-0.30967190108998305,0.09859950378956278,0.0013669151924770586,0.005213906138445805
YDR328C,2264.1674446883108,0.13451894791947897,0.09821745208934249,0.16033293261135978,0.29244766582406084
YDR329C,1203.0279974008483,0.2914197725935843,0.12226719690998172,0.012249401957212917,0.03564674631664896
YDR330W,853.047587286047,0.3890215618990659,0.14273224071648177,0.0037210740848163675,0.012676588028978693
YDR331W,911.0183213171215,-0.29743686322652824,0.13561328832746397,0.02019348456526579,0.054775059099067325
YDR332W,526.2323442627642,0.040653474077064745,0.16248323083778848,0.7762251121549837,0.8745509144780167
YDR333C,1571.2599280608695,-0.14079806961840427,0.1102102397034804,0.1807851001238609,0.32014706769681917
YDR334W,1767.8908422114132,-0.10113870620365038,0.10574245941637381,0.3255264591809497,0.49564408205268795
YDR335W,2616.6171311969388,0.06653674475078614,0.0933998921351299,0.4925856571200394,0.6560021725467191
YDR336W,378.8562978475933,0.12537543301669907,0.185691767384274,0.4496899336946131,0.615700380542636
YDR337W,667.9701219313573,0.02389535253032621,0.14858460155103145,0.8650064447362691,0.9308290154397406
YDR338C,496.5740839564512,-0.14126759858099391,0.17165084990347976,0.36608197478682286,0.5356787606247877
YDR339C,694.7946322954448,-0.30192982446161765,0.1510536940749438,0.031723606949762506,0.08016617610586634
YDR341C,7611.882183884484,-0.5218493301258393,0.07451058769397298,1.0977237372603113e-12,1.4082891908814235e-11
YDR342C,12680.431991039397,2.13329175838265,0.07217436200140007,3.044487749229297e-193,1.056079073953245e-190
YDR343C,244.0075327148648,0.1689669580287207,0.24460180605812162,0.39707352433384746,0.5655899934774634
YDR344C,17.92528174031407,0.021696877489875026,0.39348019613919477,0.8792990968136046,0.9368668991075016
YDR345C,12798.180375921198,-1.2676748652458778,0.07176402941811626,4.304205027423546e-71,4.093854362373653e-69
YDR346C,3571.9271311562347,-0.4636215392282917,0.08810984162308218,7.047701171456766e-8,5.404459532910345e-7
YDR347W,817.0315124479858,0.12889821665956147,0.14365288673077423,0.34331558302312687,0.514101572647887
YDR348C,1490.2678794258782,-0.1349730424203644,0.11300183645189757,0.2097137020932125,0.3580433414139184
YDR349C,2179.511051854986,-0.16643475448823325,0.09908667352988332,0.08174465348942701,0.17240637397251468
YDR350C,847.872206374321,0.061500609211849896,0.13597750688133575,0.6268565633933704,0.7702798821276735
YDR351W,1040.7857040568754,-0.3166688485453547,0.1297564507628746,0.010082609626086881,0.030089650285948552
YDR352W,737.8486409432074,-0.008226183955147532,0.14294292311150691,0.94538970017236,0.9739627990769404
YDR353W,7246.929193484536,0.26852281009530427,0.07573304093887372,3.5918865160555074e-4,0.0015666682533416662
YDR354W,1740.136923339092,0.14468927950615343,0.10789529143362327,0.16556495810514513,0.29976559961499566
YDR356W,1139.2480791632906,-0.33619485058086074,0.12625645755275416,0.005105694038926556,0.01669898932199107
YDR357C,315.9851852853833,0.4452992525277465,0.21655955839164184,0.018648197411912492,0.05117190327503395
YDR358W,1020.7384269556935,0.9314786581354313,0.13516325289211364,9.649804184834465e-13,1.2424649624010665e-11
YDR359C,1191.3535272797183,-0.14412706184500942,0.122832290142634,0.21831286949217776,0.36951520992978537
YDR361C,1198.9447368281644,-0.42285115650286026,0.1236986111363058,3.428426666719535e-4,0.0015020380426185066
YDR362C,821.1824712603752,-0.002991926853379602,0.13783349164243056,0.9780914565159081,0.9901811706565339
YDR363W,396.37559362451395,-0.14865211853390267,0.18749556169109466,0.37472929429378904,0.5442089292643609
YDR363W-A,696.2439739959523,0.3264365837653141,0.15205873251621171,0.021518334657286673,0.057863027575932285
YDR364C,644.8102589864362,-0.4631925111525,0.16300199854731276,0.0020825720767781515,0.0075948840672608285
YDR365C,3780.537093969626,-0.5201594494196085,0.08866775632824545,1.7703472583533617e-9,1.7030567345040416e-8
YDR365W-A,0,NA,NA,NA,NA
YDR365W-B,37460.47475994825,-0.18476776985380705,0.06312106722651398,0.0030473145733516133,0.010664696759082768
YDR366C,282.693402345219,-0.27533968655811786,0.21700630536727672,0.14040574995935365,0.26478180604742835
YDR367W,689.5843118861762,-0.043313601764643474,0.15584690754743008,0.7667655926078214,0.8690779611210366
YDR368W,2084.973755260008,0.38860384857162705,0.10715329903837194,1.7118537789691124e-4,8.050081128054909e-4
YDR369C,377.57166397129316,0.30927055778075013,0.19623651087997537,0.0757452442926061,0.16195420797443733
YDR370C,619.5590341870246,-0.16124247653585805,0.1590297113451599,0.27079914385482273,0.43476791486846983
YDR371W,722.3848521124237,0.6007970693705348,0.15468194835592605,3.448412505749178e-5,1.843634501033808e-4
YDR372C,2518.231731779807,-0.2507180960396683,0.09657451585385611,0.008417592549191413,0.025772867737581393
YDR373W,957.0865972190015,0.32295182125318905,0.1336838692229475,0.0107171840610937,0.031710604319252156
YDR374C,5.680154163180366,0.021663677839846466,0.4098809766790605,0.8447557295277349,0.9196094770214238
YDR374W-A,136.23834428601864,0.2731961294848252,0.2871808797397695,0.21509948031386947,0.36501917565780956
YDR375C,658.3911647126728,-0.06708552000559016,0.1586169260442143,0.6407681143488668,0.77993160935224
YDR376W,959.2035259285623,0.16414059925131871,0.13257335043503332,0.19199874511462117,0.33557101361615915
YDR377W,507.03060755961394,0.42128343411455454,0.17554175279991638,0.008358454494956204,0.025618402368376682
YDR378C,579.7403891845121,0.14726027208483344,0.160707377901555,0.31388951131734444,0.48385851609681446
YDR379C-A,111.48557784040347,1.7680298125753775,0.3924531148620015,4.6855533693501657e-7,3.2815567956125803e-6
YDR379W,1178.0869004762085,0.08073549333482645,0.12162647048951848,0.488982520972578,0.6531236027889814
YDR380W,902.0462785352051,1.3407681141970451,0.1451238969535482,2.6055323708728353e-21,5.690675700384115e-20
YDR381C-A,220.07228777260863,0.2715122667080047,0.2397847114684552,0.17745299453846544,0.31539849997164443
YDR381W,4727.074787177053,0.20985108273159725,0.08198817407821996,0.009085435385729168,0.027588471920517457
YDR382W,15623.640820069366,-0.18761686469484948,0.06918075443983814,0.005760936559857427,0.018607070189132945
YDR383C,296.85475385174476,-0.16253561988978252,0.205073249567336,0.36435179747935487,0.5338408904410603
YDR384C,1829.9255472405086,-0.34751207765481895,0.11051601764567892,0.0011407960457139419,0.004458100915556736
YDR385W,47971.63133998179,-0.7426661776487927,0.06389547238464686,1.621280408584005e-32,6.3315831585562095e-31
YDR386W,500.495200061535,0.03085651016256836,0.1654190353226367,0.8407937321887972,0.9166501458157399
YDR387C,623.3468787710591,0.06632270353171467,0.15263188865631816,0.6423842410844659,0.781359958278913
YDR388W,4784.18618107816,0.17699831944019487,0.08050589226529177,0.02615506339190765,0.06833691130796607
YDR389W,1157.0435667285096,-0.0847896085072449,0.12165608871860163,0.46579916234320273,0.6307273617308533
YDR390C,1432.2170598618322,-0.21614709204244922,0.11594672179805583,0.050097492762534133,0.11658441784556582
YDR391C,543.301280877401,0.9724077701257589,0.1770991676229845,6.0286584790370985e-9,5.427633442882713e-8
YDR392W,694.6433747052587,0.13239116771312331,0.1482582879549321,0.3406335470146738,0.5112537609431234
YDR393W,610.6533750726524,0.3641545681407946,0.1608798435979503,0.014680082985744632,0.041659504026437005
YDR394W,3693.9288905525736,0.39869875363111407,0.08694681102405452,3.2542613975457297e-6,2.02216854176261e-5
YDR395W,2798.2463994305667,-0.5032994197497925,0.09450515046847704,4.742195844774519e-8,3.753654885454408e-7
YDR397C,507.3607941758388,0.2965500804806512,0.17151196042902392,0.057961874251468155,0.13120966313278606
YDR398W,1707.7651402842766,-0.9806582016244006,0.11177240736920867,2.772482671041354e-19,5.5048250205827826e-18
YDR399W,1833.6160688586704,-0.5013002930164817,0.11113424652636497,2.8602838175753573e-6,1.7962826062025436e-5
YDR400W,692.1783262928313,0.09627789002325228,0.1496616741001023,0.4894097663396163,0.6533958324891821
YDR402C,60.007117825743485,-0.20119016550346908,0.3508463244002398,0.36439006480022784,0.5338408904410603
YDR403W,67.32010077999202,0.189540740612087,0.33806046617670227,0.3953385030355975,0.5647556086242534
YDR404C,856.2556742562235,-0.020142686344064374,0.13551133630844187,0.8735604640373249,0.9340681879289402
YDR405W,629.3266710539949,0.011313037111249494,0.15181977275267014,0.9377011067848015,0.970340612786041
YDR406W,932.0259658266044,0.3207600327291165,0.1379540296084768,0.01241140739795572,0.036054221391992554
YDR407C,1914.3940355445566,0.03604416227033675,0.1043367120724312,0.7247822219144333,0.8381641414332451
YDR408C,1501.5899225560063,-0.013563933851501496,0.1109484719933008,0.8970073817572214,0.9491571021393027
YDR409W,694.0628995989297,-0.06875490952830793,0.14693300327732786,0.6165223592225104,0.7623157683630757
YDR410C,598.1130959210568,0.20647511199901522,0.1814882756894619,0.2053367715071743,0.351895071658764
YDR411C,1168.1085182218808,0.10876471017189028,0.12228215635454755,0.3530872542032465,0.5227606171319469
YDR412W,952.2421085904609,-0.6148893325574538,0.13694843665502388,2.3336463287683765e-6,1.481325339154695e-5
YDR414C,583.3150326772635,-0.26482243516898535,0.16157475615266978,0.0707729564754083,0.15398632704565754
YDR415C,716.7934972783735,-0.07000222503564482,0.14780100608388758,0.60677400387841,0.7538595115807688
YDR416W,759.7172878681934,-0.2266961161621426,0.14803138188179132,0.09988371821947606,0.20164816375907235
YDR418W,14595.664008511261,-0.25656131766752127,0.07012449363498685,2.0011168682917247e-4,9.306455971858282e-4
YDR419W,627.416803286866,-0.1440930346903422,0.15343173732155882,0.3121733450031007,0.4820335730513969
YDR420W,1044.8015024523422,-0.6209750509392894,0.13687625902921724,1.810084579070373e-6,1.1704022766203936e-5
YDR421W,712.6515009541292,0.4697585689529839,0.15708160683971015,0.0013337149296913937,0.0051079908923835435
YDR422C,1042.6430065893665,-0.06728731013044738,0.12650329277582964,0.576135068125817,0.7298623525547459
YDR423C,555.1222371442789,0.14499600526136502,0.1610309031412979,0.33000995456559934,0.5001461583329065
YDR424C,352.6867925883202,0.32546149704975996,0.20368017299899793,0.06903041631325547,0.15092780809325818
YDR425W,559.4129235392206,0.2634906644931464,0.17232450537132254,0.09309632672043287,0.19097911458713324
YDR427W,2395.4199132013164,0.1869079113544909,0.09656476695821634,0.046665023633981645,0.11013082190569082
YDR428C,394.5272262762075,0.09062736032793473,0.1825760339737375,0.583658290069589,0.7352772776202449
YDR429C,4703.66909007294,-0.505598945045957,0.08184574737528512,3.165818807193571e-10,3.275233948424647e-9
YDR430C,1097.2427891244342,0.3899800402272759,0.13131507681734317,0.0017316938003105204,0.006428219916755663
YDR432W,5043.5936439710285,-0.29466765467216943,0.08255098422928327,2.6579129563585383e-4,0.0012010507818886055
YDR434W,1727.6058208313525,0.09496573377482438,0.10654126968021073,0.35896711669207887,0.5284146498085844
YDR435C,513.8915968908037,0.1739740026339645,0.16661205816725222,0.2562543211039802,0.41743970484811366
YDR436W,888.0375080148985,0.6873587326665164,0.14325708700884582,4.4323311478321124e-7,3.119028255222669e-6
YDR437W,35.42711435228756,0.13188826632512818,0.37089464953883317,0.5165814503998185,0.6756000915963029
YDR438W,342.0502460048654,0.06622937611100731,0.19139006470391828,0.7002607515198696,0.8222718124441235
YDR439W,307.6785620324192,-0.20634104941723347,0.20604716716965002,0.2508907997262051,0.411544658132248
YDR440W,762.5184463979415,-0.16091130131373257,0.14298853428669744,0.22882556165517054,0.38323894833301353
YDR441C,236.40087632146356,-0.1171632030760493,0.22340149364640405,0.535645458877357,0.6939150419595287
YDR443C,748.9188428530028,0.14201601372243267,0.14937478055331913,0.30734490733713515,0.47644924252552207
YDR444W,951.401708090353,-0.5683360300726794,0.13776595874902958,1.3535120577258491e-5,7.726680159157147e-5
YDR446W,6.789428743174016,-0.01135100399252608,0.4075785043193169,0.9157473904298362,0.9590539667700854
YDR447C,8357.07404434156,-0.1708140082366439,0.07628475343215452,0.02240562882409102,0.05983967082231194
YDR448W,737.4708110398756,-0.2651802937118817,0.14671344504320374,0.052986786886122156,0.12210358822487782
YDR449C,784.2568304267666,-1.0808681129326823,0.15956580273424106,2.4058538357767745e-12,2.9742809370179537e-11
YDR450W,15926.803834119948,-0.22229568566835833,0.06971350876381814,0.0011856447059846473,0.004599833441573332
YDR451C,860.9012167556983,0.12335568837384121,0.13863089749859253,0.33982933531858717,0.510436472331561
YDR452W,4240.959196096465,0.2194523312344133,0.08292278094794231,0.006863377840711307,0.021678274840211346
YDR453C,339.7964539169192,2.3075969990504266,0.23535051562875953,6.621550885746895e-24,1.661586620138274e-22
YDR454C,4272.781315024351,-0.17869082195222483,0.0826741843025481,0.027936991012030066,0.07225633157804442
YDR456W,2178.944547700757,-0.3676266948914013,0.1021119462264922,2.2608698863133388e-4,0.0010388673893279303
YDR457W,2972.559717898945,-0.24684950551145207,0.09281116190199133,0.006147743468249235,0.01962817716960787
YDR458C,1226.871470363979,-0.15522508593932544,0.1201229850090181,0.17906703690652984,0.3177725900204052
YDR459C,473.005350290769,-0.021014314801932072,0.1688812304606296,0.8911576766814994,0.9453421153788095
YDR460W,495.2790308137805,0.2159310863874795,0.17577471272692033,0.17629950166473868,0.31450720582599967
YDR461C-A,106.45291864881814,1.1867706530718645,0.3999834618350777,2.8311141731594667e-4,0.001272580315639931
YDR461W,0,NA,NA,NA,NA
YDR462W,242.14422137687583,0.7145808061669574,0.2587217858928471,0.001293531452082802,0.004976636512038397
YDR463W,1428.3625705490404,0.012292517287736303,0.1175539486036833,0.9004108059947898,0.9510932045896253
YDR464W,1988.7100293722854,-0.36234441365573034,0.10485014479139208,3.8657162939684063e-4,0.0016712704534847282
YDR465C,1640.3885266677603,-1.0391696744657033,0.11236981692158178,3.435440127701318e-21,7.420802356430283e-20
YDR466W,1190.0392810124602,0.0036623480220625356,0.12124860932058493,0.981424917618182,0.9907281922752191
YDR468C,722.9474591099661,0.3007642714889077,0.1489486176273205,0.030473953331585153,0.07769342965687749
YDR469W,408.41005570424284,0.1465345357067927,0.18105870060812276,0.3715561172211353,0.5419407428278592
YDR470C,506.11735147819763,-0.024406328382076892,0.16509260715216217,0.8710974491901929,0.932571715507501
YDR471W,7906.867021662694,-0.45884107892814685,0.07388078981808914,2.760141522255105e-10,2.880806116236877e-9
YDR472W,652.0757712276575,-0.10301586738494771,0.1507553010858082,0.46330157534125493,0.6289340215900968
YDR473C,592.9312058404544,-0.07770053948492375,0.15572759315660326,0.5903525385868266,0.740704025541812
YDR475C,1060.8466214042253,0.3637325662826582,0.12915247245548367,0.0030306032737874803,0.010625129313629472
YDR476C,522.6586143289411,0.08493782141041434,0.16334841209232395,0.57404358586023,0.7279860270575862
YDR477W,1989.7272359959704,-0.13161612903371955,0.10410827032091628,0.190747858495021,0.3337804514970738
YDR478W,183.92394217406664,-0.011116049523219047,0.23655491093609093,0.9529515829733248,0.9764907424104158
YDR479C,851.1292141755042,0.32171464204808853,0.14069272160785723,0.015062503684166504,0.042621681490177483
YDR480W,386.945245057376,0.2481703842049549,0.19086367259502002,0.1452652782501887,0.2718276699271875
YDR481C,4377.47198254698,1.9900585453967727,0.08605673374615648,1.1770138226589948e-119,1.983100146348598e-117
YDR482C,250.97102898918544,-0.01637092116862408,0.2136885414559994,0.9276602039869162,0.9642891279589009
YDR483W,6374.304451318298,0.1278725578536326,0.07646564163020748,0.09642627817740732,0.19621316853422047
YDR484W,564.3403079655827,0.055658205920802,0.15967112660521954,0.7067338024312801,0.8275633901781689
YDR485C,1067.96997672834,-0.07748574400953082,0.12692901593059733,0.5208751931255644,0.6786226449820049
YDR486C,794.0042987869906,0.2644315994825945,0.1440967658242674,0.05005139091672883,0.11652311576626527
YDR487C,1848.817384921595,0.07650840647625938,0.10652429137303505,0.45835491490140645,0.6239425053493983
YDR488C,486.6806643048243,-0.12069708768345527,0.17051341373666826,0.43779574476983096,0.6029965838134712
YDR489W,260.11609722042107,0.2076047288466629,0.2190873091287987,0.26574059244599707,0.4276943978313441
YDR490C,1078.5649197304322,0.48047219587071516,0.12969880057019306,9.943776340959082e-5,4.906983186831439e-4
YDR492W,826.5315893655707,-0.5660337216915776,0.14729427299519787,4.405145657877206e-5,2.31731881752916e-4
YDR493W,145.69444833835166,0.20452127389675193,0.2696996768065367,0.3354969015245824,0.5059911069796579
YDR494W,781.4872627699502,0.20600195203226485,0.14472041033417765,0.12854309231410221,0.24707256042251002
YDR495C,762.3024995950626,0.06274637390287392,0.14485600348193436,0.645410856422699,0.783176440666313
YDR496C,2237.9244670871803,-1.1456228442757075,0.1012669639551989,2.0302860178177566e-30,7.08437671424338e-29
YDR497C,31623.774938584425,-0.9160731896703533,0.06671526653441467,2.7764689966601514e-43,1.4114515235607684e-41
YDR498C,791.4179605065276,-0.09258489980110315,0.14168329667264254,0.48996385530277914,0.6538030259764319
YDR499W,665.0909792267493,-0.1998289835976013,0.15711978593840228,0.16812117790950917,0.30346207105368095
YDR500C,8803.592407378797,-0.31900483045566297,0.07439604082663495,1.2565396256186005e-5,7.20799043995417e-5
YDR501W,322.30737996863115,0.21275849365480112,0.20518601867370156,0.2363536145027118,0.3931670704435801
YDR502C,8191.1661909019085,0.19080788505105642,0.08279449061762234,0.018152944103379334,0.04997568224912602
YDR503C,470.83892541280846,0.20439648338719618,0.17458300862008166,0.20024692123467536,0.34598681080020405
YDR504C,61.57952034106183,-0.11228723953131566,0.3472668937565333,0.5776511896080694,0.7309640520162575
YDR505C,1438.4100246973867,0.072363468068288,0.11461913855287251,0.5125019679088032,0.6720533922077413
YDR506C,320.7635338074665,0.367800346350038,0.2114079098500059,0.045265539312293976,0.10720115876489862
YDR507C,2272.6933533894694,-0.15749813955709238,0.10555507341492298,0.1229464116896121,0.2381001608320665
YDR508C,7444.2229098507,-0.2631828542248746,0.07423322601426982,3.055994541074751e-4,0.0013590648422864106
YDR510W,1477.2558851005638,0.35757998908792565,0.1197195789486082,0.0017598630694860454,0.006518789271833674
YDR511W,241.30235985657762,0.7930021497270378,0.2614139648563775,4.620602282582042e-4,0.001972620747621407
YDR512C,541.7332833294222,0.5179799698811395,0.17724420199184715,0.001326132627123079,0.005087966234316719
YDR513W,1848.2903604326898,1.213415032556272,0.11007707789084549,3.5516713110429043e-29,1.1832884588259892e-27
YDR514C,624.5031591603322,-0.6966727039698994,0.16529329229864534,6.24557650939285e-6,3.723980250342733e-5
YDR515W,539.6876525437605,0.004725224574729152,0.1609343532371824,0.9756239748167554,0.9886407225932659
YDR516C,2620.3212301958556,1.7547431678192136,0.09882082551583905,1.2677689956038266e-71,1.246005627845961e-69
YDR517W,1660.1824910281168,0.4795517738752847,0.11211818292297089,9.004747421693177e-6,5.273187243865408e-5
YDR518W,1412.676407256615,-0.10899874405370463,0.11350903200812437,0.31766901772291867,0.48745620544159546
YDR519W,643.364856069602,0.11080994275532823,0.15244548972719815,0.43650892501031857,0.6021270481370405
YDR520C,498.0923646387957,0.11555242693848598,0.1689632607237278,0.4558619589612875,0.6216970333012748
YDR522C,59.15009250771524,-0.2357921235253638,0.3629877377578682,0.29730872638493905,0.46492430641527066
YDR523C,84.37557134226209,-1.4064647109177277,0.4488525564338201,1.2824095622393435e-4,6.188518157549434e-4
YDR524C,818.5315930470379,-0.33693044184781756,0.14314988990527652,0.012085775941380683,0.035264631729995985
YDR524C-B,4802.095408461592,-0.09238958421173654,0.08028493934336908,0.238915439074975,0.39631064535165333
YDR524W-C,3.858211052169634,-0.05877852018434337,0.4207424765290885,0.5007397371621385,0.6632664487971992
YDR525W,4.0836820200942965,-0.01644995705944419,0.4143188718248845,0.8501200953690903,0.9232335547682368
YDR525W-A,56.52522884173613,-0.03982810052932067,0.32618732508600173,0.846556432109756,0.9208897399282846
YDR527W,1072.5253961403168,-0.4499557256330499,0.12936405803778186,2.5465706134590246e-4,0.0011551636082744515
YDR528W,751.9730499245377,-0.29427209855355096,0.14694039706619522,0.03181806086056512,0.08032153462960297
YDR529C,1197.3693455953196,0.4503270388135981,0.12467591655028105,1.5324623309248079e-4,7.281974508834482e-4
YDR530C,608.658514850324,0.3997600621802072,0.16239448157843123,0.0076642634915186775,0.023853693229413164
YDR531W,1244.4593137147351,-0.003398351594104113,0.11974172745783618,0.974990654734457,0.9886407225932659
YDR532C,420.6189834344931,0.11024589896963669,0.18180735766967707,0.502389117776924,0.6648538212590934
YDR533C,945.7612309218111,1.017404671119062,0.13966787779292378,4.910616030831718e-14,6.973829660505276e-13
YDR534C,103.98924853483891,-0.19006054394713556,0.2983559282353911,0.3845010640427782,0.5546484282437043
YDR536W,130.2050408366696,0.18324944301060012,0.28058824988836856,0.39383402019926944,0.5635620521997311
YDR538W,249.97534378087337,-0.14043307812527273,0.2173194381528631,0.4507743650336167,0.6166124868019572
YDR539W,777.0107648672772,0.07139479604131967,0.1405654442158567,0.5871601119897096,0.738426781915828
YDR540C,84.59719903099092,0.03501552778974179,0.3014776962893558,0.870755022545505,0.932571715507501
YDR541C,367.57538753330107,-0.12638399889158936,0.18785705692726093,0.45158716200000953,0.6174378609585106
YDR542W,1.296000716932663,-0.036241959508830544,0.4244805763582049,0.48683393111483614,NA
YDR545W,2136.579156464824,0.018829309677737858,0.09919420544607706,0.8423383744822323,0.9178250913380864
YEL001C,3193.2167393483664,-0.026354801184884237,0.09057588045733012,0.7789002556895308,0.8763665830901044
YEL002C,4667.430980388188,-0.16240135672115913,0.08542746806596005,0.049361440001740343,0.11523531737540095
YEL003W,550.9501835007372,-0.24362420179092034,0.16510341961715486,0.10765450431534189,0.2136512449207738
YEL004W,380.25023511369716,0.07304478317821346,0.18517151755293365,0.6631958843951469,0.7966726686246041
YEL005C,283.44339596287944,0.14594738183025296,0.20807546947289732,0.42207783717617336,0.5910020991448349
YEL006W,795.6175384015406,0.23109157136851272,0.14227787797995098,0.08551336187692364,0.17859774178069765
YEL007W,2494.843224189067,0.39026833915469916,0.09761485586364474,3.9653092244277864e-5,2.1009369718284507e-4
YEL008W,17.722644415356893,0.004857571245224271,0.3857298405709578,0.9788839753414315,0.990643350366985
YEL009C,12145.456872583549,-0.4621029482313547,0.07753234269915771,1.2243642928372754e-9,1.1993482117709988e-8
YEL009C-A,3.8949893910705784,0.03707918082390008,0.41646594699249256,0.6845485167838057,0.8122179649820261
YEL011W,1569.421355827259,2.184092865121428,0.12361890710760658,3.905798586764761e-71,3.7758187321560317e-69
YEL012W,413.6988576330499,0.6167032836542559,0.197272331134075,5.281820013133275e-4,0.00222319005120963
YEL013W,1859.4579848168187,-0.12937688157507723,0.10552152191197431,0.20030506563878187,0.34598681080020405
YEL014C,8.687507627613135,0.06632433243249093,0.4123161824669632,0.5695547061902193,0.7240060578580995
YEL015W,1958.4873382863366,-0.23423381067394766,0.10866883575013102,0.0251420190447158,0.0660706266963855
YEL016C,791.223799980698,-0.10440059493444857,0.13991049622034535,0.4250441359719587,0.5926296486189977
YEL017C-A,95.35733611270646,-0.25359365564487324,0.3193140771765103,0.26320161742409987,0.42507267790766845
YEL017W,848.7160375583892,0.29179383076535187,0.14293385000380526,0.029649759488632715,0.07595335869003784
YEL018W,478.4943309182486,-0.2213261534173359,0.17477435420264237,0.16239276199672983,0.2949276616860843
YEL019C,81.60107514541455,-0.11633473718043914,0.30772333084409464,0.5885024366274467,0.7393395385491897
YEL020C,557.4698758828766,0.3419422112280369,0.16788106749098788,0.02633055881751019,0.06870411741011398
YEL020W-A,315.85921741013937,0.10239306108674703,0.19805281871768757,0.5595720190142671,0.7157909319147795
YEL021W,1004.0527705728242,-0.53222749686618,0.13429966617264594,2.9918641244490735e-5,1.6216013549518553e-4
YEL022W,2588.7924234573647,-0.3227104010191425,0.09925112144560273,8.089979849155518e-4,0.003278804891441243
YEL023C,530.5419541237025,-0.2687456083523275,0.16728850728619304,0.08039025839302345,0.17009736409890897
YEL024W,1010.0048746048949,0.5998472779437501,0.13465763986015802,2.860223883152806e-6,1.7962826062025436e-5
YEL025C,1603.9598176969664,0.05996958546382614,0.1087232663475405,0.5661501813378526,0.7210772396002844
YEL026W,2608.7100286767195,-0.5972196924338183,0.09842404036491029,4.98312429626814e-10,5.0577425086218974e-9
YEL027W,7375.432650002057,-0.37162040624777043,0.07518004291526632,4.888482939314805e-7,3.419618492661851e-6
YEL028W,51.62889968632892,0.026140831998949916,0.3328464837072803,0.9015924713597161,0.9517885434314798
YEL029C,561.2332025295264,-0.22398300380888114,0.164685902765978,0.13900484439687955,0.2626124814863436
YEL030W,269.80110063651955,0.19849318323587922,0.2170350473355074,0.28845921239884265,0.4544600522350989
YEL031W,6743.26174934901,-0.25494925979092475,0.07619405160731237,6.435875957394179e-4,0.0026540112252275154
YEL032W,2263.991977642991,-0.31174920592855904,0.09875541165331933,0.0010277206727362593,0.004059255731497469
YEL033W,791.6668170756406,0.02475982039301227,0.14125972643405463,0.8598917863267885,0.9283172817194086
YEL034W,13008.545350552811,0.1649730342109432,0.07820505336543752,0.025064257876149444,0.0659250351006482
YEL035C,7.729196484361537,0.0410930776165418,0.40938323045151775,0.715898384505447,0.8315250686288399
YEL036C,2211.4515193487878,-0.21667686119582621,0.09979254494673435,0.02401974753612805,0.06368905180779995
YEL037C,3219.567686545049,-0.0480010654146464,0.08926366223945316,0.5802151442269438,0.7330488875203749
YEL038W,1078.920210495379,0.42564402021970427,0.1295807581488774,5.496744364512999e-4,0.002302152096415707
YEL039C,161.93219425700485,2.9869844770365592,0.3542440760428162,2.0047546531752256e-18,3.7293495866795917e-17
YEL040W,9890.777441598268,-0.894999165411956,0.07175476842098737,1.5335111232044914e-36,6.552981951838323e-35
YEL041W,283.97029045066387,0.32955057929683346,0.22029083338247904,0.08235187321299241,0.17331513074126204
YEL042W,4068.555554873521,-0.3310904843671348,0.08620158493929556,8.438871601602107e-5,4.2316348498850026e-4
YEL043W,1634.6928716577438,-0.09519134678421509,0.10995165518877073,0.36855272914884657,0.5383590398292664
YEL044W,524.293681326539,-0.3829997681036127,0.17283594072558287,0.015057333630012902,0.042621681490177483
YEL046C,3691.9738337182885,-0.44304851143332646,0.08703744374270467,2.042820123309534e-7,1.499462335399529e-6
YEL047C,2755.6942018559994,-0.6232277893885211,0.10080585803406704,2.367063565225682e-10,2.4926024721671155e-9
YEL048C,162.27622011954904,-0.2363830319945142,0.26429455121002315,0.2609525026845548,0.4222933337900163
YEL049W,21.745270673155908,0.018196647290109468,0.38265764598043217,0.9135579434201285,0.9583384649032357
YEL050C,1113.7761614385236,0.11338208328779065,0.12869533552445636,0.35520579890020393,0.5247115721729716
YEL051W,3743.5588116077492,-0.20399120358663037,0.08526084071726943,0.01433007247037759,0.04081796774480904
YEL052W,2086.4202648797186,-0.0785877682041288,0.09981821454613696,0.4112225024123577,0.5799997839573483
YEL053C,885.5907530720267,-0.7399048329418101,0.1446223944392312,7.178621797549333e-8,5.497705550668626e-7
YEL054C,12865.940101448283,-0.5471155124853773,0.07031292267196604,2.706316699623187e-15,4.1238112603818953e-14
YEL055C,2638.24114547924,-0.5674460137120897,0.09615322413100803,1.4564680824872202e-9,1.4126303096097265e-8
YEL056W,1065.9844617652338,0.12812962932100613,0.1259967436251906,0.28759294016909803,0.45357998613992273
YEL057C,30.094554348526273,0.05730631131223229,0.36595143983687584,0.7646680226786459,0.8681007920751996
YEL058W,2436.4004333648486,-0.29612769402127304,0.09668522750071276,0.0016477454741127475,0.006145955130197895
YEL059C-A,39.24543359136805,0.08085439200325684,0.3535995109209422,0.6915603305241376,0.816427550906038
YEL059W,4.623515991686406,0.02980292115845839,0.4141009301416249,0.7535867996662665,0.859721678783512
YEL060C,2181.7559751238064,0.7764202963998652,0.10951259706994275,2.9143765288264605e-13,3.905926906929463e-12
YEL061C,996.8408288124424,-0.4285594725635302,0.1347471295636389,7.684642464495648e-4,0.003131744064487273
YEL062W,461.620343552372,0.3120420606344307,0.17878172646634216,0.05409370036827827,0.12402432001233941
YEL063C,2202.170554863994,0.019055021485724452,0.09959302358791126,0.8490940132203041,0.9229935252030805
YEL064C,353.31665966500333,0.09285409388319302,0.19147986599009875,0.5877034888654876,0.7387950274653124
YEL065W,1467.4379864325717,-2.4008318623270175,0.30685783132154565,2.145751036919626e-16,3.5051229542146905e-15
YEL066W,501.10880829889436,0.9901297432517099,0.1908929388664148,3.059049601904571e-8,2.484740427332129e-7
YEL067C,72.91575992322062,-0.06644333571300583,0.3103361402500537,0.7526564331709532,0.8591589211012604
YEL068C,180.42582673487146,-0.21826437038931737,0.25120955406356826,0.28515807635724005,0.4517939753569706
YEL069C,25.625126934673965,-0.11954824411865436,0.38598915307349324,0.5202547668629175,0.6784919368620023
YEL070W,15.950878293715014,0.025749087837980078,0.38755680828159184,0.8750659872869448,0.9346495119067059
YEL071W,6679.857679213948,-0.3924037745483571,0.07599736784576427,2.165542115429521e-7,1.576568130208381e-6
YEL072W,153.27450089197828,0.8008079428384796,0.3601051528957352,0.0038930101904037337,0.013178576976355234
YEL073C,231.95678466155076,0.014780872532945357,0.22356067194689452,0.941581356021383,0.9725843497294134
YEL075C,5.652525685359487,0.04103500230303763,0.41709171803340545,0.5997126141281472,0.7484667270928432
YEL076C,45.233509563408816,0.004880252512918867,0.34754787410583343,0.9833082068783856,0.9907281922752191
YEL076C-A,0,NA,NA,NA,NA
YEL077C,985.8719002735452,0.09783884351458669,0.13674696457855204,0.44756587813602106,0.6133618367111587
YER001W,4216.0866577159095,0.20547293405043457,0.08363022217398985,0.012079346667856978,0.035264631729995985
YER002W,1357.7867602519127,-0.521061383346368,0.12352670886736966,1.0131060924832774e-5,5.880203373399495e-5
YER003C,4262.492688146849,-0.06563271240528816,0.08239086177608919,0.41378009854309356,0.5824702854477517
YER004W,1608.8449427029125,0.285334855912815,0.1108921663175725,0.0074822990882841625,0.02335792362287544
YER005W,1037.5822868591074,-0.1438730718655157,0.1270483635993758,0.24222333770316443,0.4003428822951188
YER006W,2464.3382457779826,-1.0197602174049103,0.0996024824135634,2.035943297403498e-25,5.610260572331041e-24
YER007C-A,1456.4317414836796,-0.2766642027308795,0.11573733009504841,0.012581259655319303,0.03652963475500637
YER007W,266.3791550766557,0.029968808245850215,0.20863853842366328,0.8706082768521917,0.932571715507501
YER008C,2222.647492886081,-0.10317642762036326,0.10009618481030175,0.28186907360327096,0.44814826827675625
YER009W,2152.8419005332566,-0.1987372207972699,0.10060665288223944,0.04216313761426398,0.10123616551763628
YER010C,784.5419049662427,0.1170051415771023,0.14069446057733456,0.3787469009608159,0.549169037365609
YER011W,129.99716136401304,-1.1399547374628483,0.361000434214228,1.582366961868926e-4,7.488938984061843e-4
YER012W,2707.115063490496,0.20933137351591571,0.09395499600881785,0.02262499505421805,0.060316272981339895
YER013W,887.1818863737374,-0.1514861980783775,0.13577805407079352,0.23712382011684838,0.3942258717871595
YER014C-A,0,NA,NA,NA,NA
YER014W,1230.583889060828,0.12416361300971879,0.11947809204605753,0.27888814329975076,0.4443673010101676
YER015W,338.5613674868446,-0.569478985657665,0.21426412995025748,0.002621723611149177,0.009313436225871505
YER016W,1757.4502837643286,-0.09695245452126047,0.10550119868572364,0.3337069479984745,0.5040650287774088
YER017C,1980.202021577257,-0.017135646194100657,0.10146887663515229,0.8618756673675222,0.9288900771767099
YER018C,254.79282363723917,0.12191006583320618,0.21502763097154545,0.5122625788995229,0.6720533922077413
YER019C-A,1120.6041299525054,-0.005654089785381853,0.12453796966461256,0.9610634176433526,0.9807331027643525
YER019W,1072.5550356540969,0.17948023729123275,0.12875853986535835,0.14163233469047923,0.26624350579208034
YER020W,1422.0462692593958,0.6391134786005921,0.11791614695780853,1.7815068077112767e-8,1.5094174777404307e-7
YER021W,4472.686214605097,0.25351268805497645,0.08413646055856759,0.0022135925397207385,0.007998501964910046
YER022W,990.5961906776981,0.020929949516503107,0.12861961423292106,0.8687043897531695,0.932426244334627
YER023W,3696.9502639928883,0.1178598836262744,0.08617574470867054,0.16948921655105845,0.30521519934484714
YER024W,655.9159767903911,0.33098147274720974,0.1569477160677294,0.022871103486610738,0.060917297768989846
YER025W,6809.38421155417,-0.659781189954577,0.07615939203402013,1.4144890329640115e-18,2.656446441843559e-17
YER026C,5909.105614203184,-0.4340996819964283,0.07857798492478096,1.861974125036368e-8,1.5685802021913519e-7
YER027C,1473.9709802161872,0.38230989123179543,0.11866918796494139,8.313963868224247e-4,0.003360345780049238
YER028C,241.56829706873643,-0.05615478801778984,0.2207306943168345,0.7636407739738162,0.8673323659714165
YER029C,577.9124159731854,-0.15607595867937732,0.15875090140038103,0.2880228422139809,0.4540151565185366
YER030W,1414.7499781570102,0.22911619967886449,0.11649024881834276,0.04033076922587529,0.09783239248251198
YER031C,2979.638233761373,0.2351420187708053,0.09150991304645571,0.009073175450095491,0.027565438242768216
YER032W,939.2305885816039,-0.09496282883619223,0.13135410725218039,0.4460190938193914,0.6115262953389796
YER033C,558.2206907888926,0.5864829935875455,0.1735718248936501,2.506141815426273e-4,0.0011385761391039086
YER034W,297.63199624587156,0.18941565026039364,0.2071378514743686,0.29478856465396586,0.4620111022828512
YER035W,487.33628445971,1.1460523845847617,0.18679149354759975,1.0615766614496672e-10,1.1507569067221851e-9
YER036C,8920.338371595488,-0.5234271170523042,0.07435664764132999,1.4464554655784456e-12,1.8225957009649773e-11
YER037W,2625.6376680727317,3.1122677091718214,0.10997543940364894,1.4051284496132478e-177,4.1430212336846617e-175
YER038C,263.34334230865545,0.22826914867105288,0.21897185935546934,0.22543457476220025,0.3790723363521157
YER038W-A,43.15020267558116,0.41353262903194715,0.48870234436928384,0.10512009216263617,0.2102758424298051
YER039C,117.18578415830838,0.21815935603831682,0.29320566344760846,0.32241087514112504,0.49218195944972093
YER039C-A,12.99039221574013,0.13123509482919815,0.41944309711755196,0.3865540166583499,0.5563849246361458
YER040W,834.7772230573592,0.03177024002636404,0.1384328602370763,0.812286147867868,0.8976857972220423
YER041W,538.9826261972605,0.007709898430548403,0.1608579528315829,0.9601762267959237,0.9804604691628679
YER042W,317.97402813333633,0.38100785393066317,0.2132922534449137,0.04061264734880268,0.09831394967811552
YER043C,27048.583320527403,-0.8336943595337386,0.06502550253201737,3.754371352027969e-38,1.6522035718588757e-36
YER044C,501.50466812987105,-0.1459360738841087,0.1683730509275198,0.34298181622213103,0.5138627465096308
YER044C-A,53.59223989818262,0.051449258137256274,0.3334585216346521,0.8061394800738964,0.8939083328310957
YER045C,312.21768437603134,-0.0023989096563833325,0.1974933485350786,0.9876489471468956,0.9930376541049007
YER046W,120.2902645504606,0.18786199261654254,0.28506652947223127,0.3861776345423245,0.5561146546754793
YER047C,849.4948398809934,0.08774722600742414,0.13643297659959186,0.4986051647530557,0.6616279605195251
YER048C,3214.409007384912,0.05205011618248018,0.09042106052727886,0.5554031544394739,0.7123123970703734
YER048W-A,277.33071961364396,0.3779289901369663,0.22506650107478024,0.05040842700344867,0.11726173334885082
YER049W,3164.007769639792,-0.6642677573994034,0.09380717963114306,4.220868509075052e-13,5.580820986102148e-12
YER050C,424.780077242717,0.2828989748769912,0.18376436788765932,0.08713586955831969,0.18138562464697333
YER051W,473.11182089186815,0.1348216716102575,0.17352078878090277,0.39613571671888415,0.5651021930354148
YER052C,3356.658580987605,0.17935779937273397,0.08858142933773125,0.039673432751481386,0.09654006104014949
YER053C,1275.401818080614,0.9207849721823848,0.13210115808467346,5.269783846962164e-13,6.89044686153789e-12
YER053C-A,1.5113709703965394,-0.031054845775253553,0.42315462864562,0.5139459561429667,NA
YER054C,528.1760474579994,1.9755145410499668,0.18967823588294147,1.4677422686496288e-26,4.263682836564956e-25
YER055C,6380.757608028672,0.4049366602079587,0.07738828886620876,1.0527010526177455e-7,7.928196816458296e-7
YER056C,5807.88066010199,-0.13832812696037,0.07902544696862505,0.07243973965461037,0.1568198035033911
YER056C-A,8112.697957920641,-0.36099227549116664,0.07595719394790242,1.4098520838187935e-6,9.299661899641415e-6
YER057C,977.6199316918257,0.24943217907870144,0.13288905875336238,0.04753766517573206,0.11186337252246288
YER058W,111.55528338365181,0.2647842683372605,0.30679817338296633,0.24091562832496427,0.3989551980433345
YER059W,713.9780652552961,0.38159393526390867,0.15145419531798024,0.0069060921172427485,0.021789847627276877
YER060W,662.9217661720052,-0.37835048945424005,0.1566808342329241,0.009144861159537065,0.027740353013266498
YER060W-A,173.29727719368057,-0.1748036958511172,0.25079369377942257,0.38962185985223796,0.559298955099476
YER061C,400.4319129231125,0.39496971113683965,0.19855485806270787,0.024390271226655574,0.06449750198367171
YER062C,4602.09867866421,2.379183689980987,0.21591470448850072,1.4575301434505305e-29,4.968240032328196e-28
YER063W,1574.3227204394293,-0.007811757235474678,0.10944052119125154,0.9420725463209104,0.9725843497294134
YER064C,1250.9893914896538,-0.03365307613624542,0.1190224612046332,0.7672409471928296,0.8690779611210366
YER065C,638.7646770801289,0.023298270272932013,0.1526537979398637,0.8713284242640723,0.932571715507501
YER066W,82.76020480989303,0.14695731089939137,0.3277407337928543,0.4954598852991766,0.6586630698320757
YER067W,508.7818544932243,3.110079142908418,0.20214390573128335,1.7686388267745255e-54,1.2565859230710092e-52
YER068W,1327.8662091135534,-0.27215306784923776,0.11819136064478096,0.01673192053479912,0.046717867137173484
YER069W,6756.047667193756,-0.42715566864410726,0.07667747122197884,2.306829445788105e-8,1.9172946973849909e-7
YER070W,7289.409023244711,-0.3176453380956019,0.08391324002248755,1.07029873201659e-4,5.233459056966693e-4
YER071C,300.0081344992269,0.19468030570486247,0.20612436765816766,0.2806689262485916,0.4464808896919192
YER072W,5792.392559413521,3.330762068480704,0.08739130864191536,0,0
YER073W,4078.5053141019735,0.008233334846826828,0.08680439887151235,0.9236050318011859,0.9626285250411533
YER074W,14624.074500918052,-0.19628455399498196,0.07131763353895917,0.005383635165409532,0.017539942856585642
YER074W-A,290.2964067966942,0.23845080536813532,0.21492382214377895,0.1989489420621299,0.3444515300470875
YER075C,721.4219041077056,-0.12732164120750955,0.14514174175683453,0.3491742256308387,0.5191586210843865
YER076C,251.00503925681798,0.5652328632181259,0.2486410560908146,0.007321528098601614,0.022928864151595174
YER077C,597.3305913074809,-0.049772360877904744,0.1550033741121045,0.7129572376995184,0.831104921485679
YER078C,946.9575715185169,-0.17628519186045907,0.13171298499622153,0.1589417549839242,0.2904491878339638
YER078W-A,0,NA,NA,NA,NA
YER079W,385.5102082828715,0.9478901339212927,0.2072478090346342,7.698183332608529e-7,5.27249559958101e-6
YER080W,2918.1779496227296,0.23532935135556532,0.09371502535271582,0.01037378872062466,0.030802735189085412
YER081W,889.4981826597744,-0.4457750630175233,0.1395691967265378,7.02380574000244e-4,0.002882350901099122
YER082C,1674.841640518558,-0.9200590523911784,0.11652987866449149,4.791482934102907e-16,7.657283160543318e-15
YER083C,1783.074685928806,0.01916157936531503,0.10578504657386573,0.8557254582483051,0.9264028467888598
YER084W,5.20952184316347,0.005393554600536656,0.4103278276723835,0.9616818116084107,0.980964428431751
YER085C,4.497560485623166,0.0877619547387434,0.4271685030482639,0.3458706391236174,0.5164704731896369
YER086W,5375.02210657875,-0.4393991452438799,0.07935630669400931,1.625269110116162e-8,1.3870060698053558e-7
YER087C-B,616.3603674616747,-0.03398109033898894,0.17178439972379686,0.8268085573086128,0.9077860880826264
YER087W,502.5049642265841,0.36450912847029854,0.17624918968701367,0.022707088359820302,0.060507772281003305
YER088C,4602.591843908944,-0.19192954398374068,0.08720560888916284,0.023930481285518498,0.06353806760049643
YER089C,2449.984732497457,-0.1741315970643595,0.09666257585876822,0.06822982391411372,0.14957296342807755
YER090W,4190.713570072903,-0.11659971187099095,0.08270749767777157,0.15601673062668828,0.28643423569572474
YER091C,10892.91712137912,0.24220813711412514,0.07119512276422041,5.875956330373404e-4,0.002440177076071265
YER092W,287.6456128909417,0.2163117256211594,0.2119225860923716,0.23979145669832444,0.3974569924648658
YER093C,943.0325222479748,-0.12627124261981645,0.13810082598697954,0.33035320269742874,0.5001578124339052
YER093C-A,96.81256008362958,0.38573836819115476,0.3501784249901229,0.1148027088215641,0.22506368813855168
YER094C,2602.7151958178492,0.15931803857706717,0.09458851860577057,0.08788921463912586,0.18262251540765512
YER095W,1448.9775892560247,0.2741019145528967,0.11664007610916027,0.014212845538685409,0.04058748190877862
YER096W,102.77868883189875,0.7728432583425927,0.39900108672424806,0.008448272848098485,0.025839971465371765
YER098W,376.6682546564622,0.38328032024995307,0.1979827308708056,0.02923352869547364,0.07500501921338665
YER099C,1104.3825774365523,-0.041004929595654716,0.12409676842402848,0.7288255748493873,0.8410732710150365
YER100W,1189.9009245299105,0.1376670776393282,0.12084519843540786,0.234992361112418,0.3912337530999235
YER101C,390.91582170137957,0.012517801403102054,0.18837677605715644,0.9382461349341544,0.970340612786041
YER102W,19886.39526798273,-0.42064703574439893,0.06696058105038835,1.4008105562768744e-10,1.4991977949845242e-9
YER103W,2170.6325171110616,1.858925908866736,0.10822684570849064,2.0661391016436847e-67,1.8185107884168372e-65
YER104W,134.77845107511445,0.30270453595518704,0.2938214849734628,0.17631207780784802,0.31450720582599967
YER105C,2546.307647350519,-0.18837604506119116,0.09801319547185217,0.05055068836914083,0.1174130029803211
YER106W,23.53012698003848,0.14695421485806726,0.3993685099421271,0.4309369492426783,0.5968908489924689
YER107C,1321.8648263877967,-0.2389557397497707,0.11741650086676807,0.03271906717636619,0.08213892683653955
YER109C,1078.0530992617453,-0.23983025442631192,0.12879991678272237,0.049207152698646714,0.11510296686391103
YER110C,5198.369052810046,-0.866851885611612,0.08349373076524107,6.108485899830572e-26,1.7153210167286138e-24
YER111C,1603.6637629957759,0.11778596929032444,0.10888141125843888,0.2639319468643918,0.4253639493466298
YER112W,1013.429613971206,-0.03025352128985317,0.1272050935925465,0.8022649607329455,0.8914559022879556
YER113C,1485.4570503383202,-0.19599317582420878,0.11277782727036717,0.07318945902515885,0.1581014732776781
YER114C,1642.1080326953115,-0.1578666928482067,0.11297727383315055,0.14483690191554371,0.2714023548128253
YER115C,348.79287019868093,-0.4398341784787289,0.20716458578854488,0.015835674575892467,0.044616805052096455
YER116C,362.13244963970686,-0.047900472878860734,0.1924015144039046,0.77788559688673,0.8759196801300452
YER117W,12598.973753456794,-0.2868212032964263,0.06926009767355631,3.6268124694539605e-5,1.9302629180839356e-4
YER118C,1358.3449828690352,-0.16638017654021303,0.11622106306798678,0.13537202196070316,0.257595615844552
YER119C,1202.1564676242847,0.8156956070974183,0.12667658819386884,2.588490034391175e-11,2.9697131775884744e-10
YER120W,3659.0119181174705,0.002116697022517006,0.08662160531279015,0.9826433513377044,0.9907281922752191
YER121W,68.12379577441168,2.2989278223562994,0.5446039006820071,1.194732331582633e-6,7.98790993122765e-6
YER122C,3926.4160661680194,-0.15859526275311353,0.08424997736872308,0.05412240477789,0.12404190477078016
YER123W,1061.8124337719232,-0.1592354813168896,0.1261187621445818,0.1847761407424614,0.3254554665347356
YER124C,4220.693796602194,0.05506091363982458,0.08346021198011931,0.5062731467242911,0.667596767941222
YER125W,1750.7803295912322,-0.4895105599487195,0.11222210039999725,5.864357745965794e-6,3.5180180699857874e-5
YER126C,1339.519602130367,-0.9190408759856088,0.12081208182257165,4.927192571274992e-15,7.355861922230033e-14
YER127W,911.7312030582148,-0.8655066387188604,0.1446395166873616,4.16401065717617e-10,4.255662191571556e-9
YER128W,162.51989659083725,0.03085659385724013,0.24722025584922985,0.8798149441506837,0.9370598242771522
YER129W,1934.824858549034,-0.35451221505375036,0.10528068231626753,4.716427121341763e-4,0.0020066934151913695
YER130C,672.2859002304853,-0.028490764584237438,0.1480707685090281,0.8359784965141455,0.9137655595818195
YER131W,9157.10972093146,-0.594499151207625,0.07511642881897196,8.654882244614249e-16,1.3646481442911824e-14
YER132C,699.3476891009439,-0.2815323517426642,0.15126872806705735,0.04522614036402588,0.10715088377929312
YER133W,4155.493017953352,0.0023500879386746712,0.08422387376299513,0.9752288495465976,0.9886407225932659
YER134C,520.0955507289584,0.22071778558656463,0.16721853910844903,0.1503839790020681,0.2790479308291994
YER135C,4.934569392442882,0.06971667179362458,0.4205110833871422,0.47942296501476467,0.6447336886412924
YER136W,3973.901737651531,0.24697384133584455,0.08563679280310413,0.003404579904546581,0.011713423393880505
YER137C,59.33743681543429,-0.00921533581029925,0.32325632819629974,0.9620423612571517,0.9810070559110191
YER137C-A,0,NA,NA,NA,NA
YER138C,30435.61243641116,-0.1506913849704553,0.06573423990162514,0.019649514574900433,0.05359536884745044
YER138W-A,0.8955740202911194,0.029048107772076403,0.42510400249710917,0.4623445170965977,NA
YER139C,190.77921108781112,0.18281561659941495,0.24572538482998849,0.3652664281402026,0.5346180508172685
YER140W,665.5553158372923,-0.07123835851284396,0.1492198419284832,0.6086764755687576,0.7551788715398619
YER141W,2055.261923272077,0.001256294145054916,0.10179947866494694,0.9899855241175906,0.993861871930785
YER142C,382.58396289406517,1.0786782004189792,0.20877852623878337,3.152089374520753e-8,2.5462837043217645e-7
YER143W,858.2709446715675,0.7106883684585847,0.14442686957309234,2.2712283721704248e-7,1.64943764909963e-6
YER144C,853.4198186289278,0.14938180645340993,0.13772586120887612,0.25149038481296704,0.4119998385089488
YER145C,3562.774734376153,-1.244638133362835,0.23101064836338603,5.8167072407053605e-9,5.2448199691803533e-8
YER145C-A,267.97122985281237,-0.025371269056286186,0.20806012429447895,0.8871806736768744,0.942140182364943
YER146W,443.8428316014078,-0.02319445336330132,0.17308467200149416,0.8820720194443956,0.9382356960071431
YER147C,596.9001300192174,-0.20407979861129133,0.1582831688921813,0.15364330056778214,0.2832768737646591
YER148W,2379.456582398547,-0.37768614416237095,0.09769018979047961,7.365057116047692e-5,3.721657396172514e-4
YER149C,470.22260470325136,-0.13972516648213967,0.17150926167033817,0.369061391494251,0.5388351140484273
YER150W,1083.0664272230888,1.8699398666497675,0.1351541272134304,1.2244316515944505e-44,6.6856235643078474e-43
YER151C,2330.846372167817,-0.29657085444894954,0.10039003751198544,0.002551121362888911,0.009095503432258711
YER152C,1150.2994788469423,0.07204820076562352,0.12307098811571678,0.5372682234817765,0.6951010780763572
YER153C,212.42643774025277,0.004404679714455851,0.23531609128843167,0.9840937470664767,0.9908145512123977
YER154W,1289.605698943823,0.011686276386618948,0.11712063404735122,0.9186131216451032,0.9603016448043208
YER155C,4454.830922027126,-0.1898038442370677,0.08198335608616948,0.016782449576346316,0.04683677479967545
YER156C,1839.0432130488132,-0.9278711021644955,0.1079872718442171,1.4315868199230832e-18,2.6715403408501336e-17
YER157W,1019.5828057073207,-0.22045352155337555,0.1300651517893293,0.07380755286652543,0.15879113853939253
YER158C,465.3786637682383,0.20666147609866947,0.1755767072063093,0.19548462169449005,0.3399506971785337
YER159C,940.5192595381566,-0.22729571832982995,0.1361441937644927,0.07654838510279247,0.1633752540539874
YER159C-A,0,NA,NA,NA,NA
YER160C,994.6755373747693,-0.1556314329139328,0.3015305928399409,0.464602087520468,0.6299416115905958
YER161C,896.9726320810503,-0.1486364126929643,0.13739660803400489,0.25111345159328374,0.4116400957600043
YER162C,689.406183640657,0.296099859890663,0.1518386706786992,0.03656530782622933,0.09048494345416466
YER163C,830.8529224686039,0.9117737554616988,0.14702021575559274,9.967595251735697e-11,1.0844817195477011e-9
YER164W,2529.775371681123,-0.5322373886121414,0.10251919231650274,7.967584721332848e-8,6.086120090893757e-7
YER165W,10675.213702208406,-0.5727761078467245,0.16301707472608754,1.5845527498182943e-4,7.493269900303515e-4
YER166W,3473.4756709730173,-0.2164229619326678,0.0875104806580284,0.01151922263125396,0.03379545067487791
YER167W,1467.1318712392974,-0.0379923290013227,0.11521280387051147,0.7314153092832416,0.8429071875792995
YER168C,1082.4167345734231,-0.2481172306454506,0.1264280546334467,0.03934102374149652,0.09594458933151571
YER169W,912.5727230437373,-0.2555243016958809,0.13667747942712785,0.0476480458302523,0.11207839100957231
YER170W,258.9747980360027,0.3462818997606718,0.23174417775185774,0.0783073619118275,0.16628682506087386
YER171W,1164.5021997979393,-0.3373340334064403,0.12624677170726584,0.004957681423891264,0.01631870134897323
YER172C,1614.586291521221,-0.4544784780873316,0.11241880979916138,2.948377515867345e-5,1.6039282482536654e-4
YER173W,601.5472000857159,2.589837801789522e-4,0.15432325247507148,0.9998953146151462,0.9998953146151462
YER174C,690.8191033812498,0.4952318964035003,0.16128254306263848,9.257543397583095e-4,0.003695076102768963
YER175C,694.5110555100307,0.39468669142577656,0.15422637556918664,0.006034988506079272,0.019299526692163487
YER175W-A,2.3437266075848964,0.05372636599859573,0.42579473278508084,0.28230873113099775,0.4486053860090255
YER176W,1707.970289840804,-0.2018339429430828,0.10875944302079518,0.057231050371758636,0.13000443144925297
YER177W,20746.572005644903,0.283691965335016,0.06869985330850045,2.9874300318943324e-5,1.6206876631169161e-4
YER178W,9292.94974338456,0.09878263135253153,0.07255228308128099,0.14578052106638267,0.27247788676020873
YER179W,110.0920096848478,0.6157435877018534,0.3715232695956409,0.022434999752149125,0.05989098847370909
YER180C,372.00980678470404,0.18077797944350585,0.18913699743409068,0.2858060307626548,0.4523782538928338
YER180C-A,75.86385167366616,0.3566975188145611,0.3856181082922183,0.14531710671051787,0.2718276699271875
YER181C,0.6552075030522783,0.0022494618614539975,0.42325281836813833,0.9710473996552306,NA
YER182W,415.90065152652596,0.49801323119046365,0.1937159779727965,0.004488712980629915,0.014937889642649325
YER183C,544.107050112928,0.18116931768104247,0.16312833081312691,0.22854850093902765,0.3831013388395242
YER184C,288.32045642503795,0.027094855005587247,0.20486255443484902,0.8815784000214226,0.9378798168728719
YER185W,52.517302004528524,-0.09561905323529508,0.3391679853444706,0.6458952291985102,0.783390408593915
YER186C,811.4191043135792,-0.08404631374307432,0.13918681184653006,0.5190863482877905,0.6782543886973013
YER187W,23.145302655049473,-0.4166022002395496,0.5986638368980751,0.07233126524154375,0.15664247929834135
YER188C-A,2.5095739267372794,0.009046661492719805,0.4184047169399834,0.8905364837531794,0.9448531206715542
YER188W,42.247962436335705,0.019043696284700932,0.34336097635379775,0.9271137226161759,0.9641371459722735
YER189W,9.788321402295622,-0.13528632838224566,0.430999348144472,0.30118195794537095,0.46971771953432684
YER190C-B,0,NA,NA,NA,NA
YER190W,405.5653460228442,0.20720797980471453,0.386527658111643,0.3281405100389741,0.4978246945458787
YFL001W,826.032799569499,-0.3652591166123626,0.14257252961898922,0.006338770548628838,0.020171316533548863
YFL002C,1126.6538044134545,-0.6860197151933238,0.1292005369533328,3.081424900287264e-8,2.4960388237629117e-7
YFL002W-A,3901.6859329212703,0.7039205331618144,0.09985249424281081,4.657873548330495e-13,6.144850182215867e-12
YFL002W-B,0,NA,NA,NA,NA
YFL003C,92.59873908583482,0.014540853725338535,0.2898284385912883,0.9474354932883305,0.9745381308078294
YFL004W,5597.670540977283,1.1295178562247703,0.08235469962740666,1.0613723398364893e-43,5.53886078585467e-42
YFL005W,1796.0204578565265,0.08601983212790495,0.10587078179641973,0.40960521603934924,0.5784104307911979
YFL007W,3177.913978127596,-0.11547935899096703,0.0914580765916625,0.18628601082424187,0.3274302848973336
YFL008W,2157.427467195961,-0.24268351908891797,0.10528622436110766,0.016937107943921264,0.0471790862282965
YFL009W,1646.7931669191903,0.043416844629807806,0.107823605805681,0.6763371032873828,0.8054038566408919
YFL010C,2062.1624500425846,0.3109755892356562,0.10642367650059646,0.002466915120244816,0.008843403321631416
YFL010W-A,609.2887558742129,0.42532588183864495,0.16299543174502812,0.004709799548334115,0.015585683466064128
YFL011W,7.063418673610036,0.021285929967411406,0.4108643861070792,0.8301950294379966,0.9099739941628003
YFL012W,6.117347531819006,0.0775282134799047,0.42329174962092087,0.3642509755878629,0.5338408904410603
YFL013C,1354.8784585063959,-0.0983984441947737,0.11941788946101314,0.38912718965092064,0.5589929622785227
YFL014W,10361.655820175809,3.5734762989837883,0.5462734206287856,1.2814863086281488e-12,1.631323399751511e-11
YFL015C,4.7968318112536625,0.029370070703417447,0.41564998973118406,0.7253552458009247,0.838503761379967
YFL016C,2392.454761677996,0.5860219783543493,0.09884299735594164,1.1263944179193284e-9,1.1089924059129098e-8
YFL017C,825.0213529739751,0.07126901457729659,0.13997988113230844,0.5897126273894913,0.7402980877517363
YFL017W-A,144.28831429505576,0.2571041845875544,0.2807515733687961,0.23726169126885654,0.39434391020643944
YFL018C,6488.435736528654,0.39008440530765986,0.08085470426063524,8.88700644109815e-7,6.030687800133002e-6
YFL019C,4.182009048336659,-0.05457281743640716,0.4185084946728848,0.5579218706653364,0.7147654293533541
YFL020C,7.543136069383732,0.06886678504999844,0.4163674663658018,0.508990422472655,0.6699813663663498
YFL021W,1451.6261011194217,0.6454334687842969,0.1170807476035343,1.1197563106351076e-8,9.724893908417127e-8
YFL022C,5417.035869282654,-0.3246771276270223,0.08505102759136811,9.286614804989739e-5,4.609694234429671e-4
YFL023W,949.8547407638706,-0.5907463224111164,0.13974438690459082,8.123062720588917e-6,4.771085743357853e-5
YFL024C,1182.947654491264,-0.2612450228602628,0.12248771232983897,0.025348339209876787,0.06652387909240917
YFL025C,841.3469683405574,-0.26969399121039045,0.1394449189608057,0.039709283293144534,0.09655903601104603
YFL026W,100.18574229317989,0.03781811775604284,0.285991234235566,0.8598113146215095,0.9283172817194086
YFL027C,438.8738018759769,0.18483474380405185,0.18148767536526392,0.2593364178056082,0.4201392460988108
YFL028C,894.8320516401553,-0.0750433971484962,0.13439900871328864,0.5539289139258543,0.7109983213701343
YFL029C,649.6276246317326,0.34988752762392156,0.15849378117196355,0.0170329039614059,0.04742352911256402
YFL030W,311.61043898962595,1.0387708962839535,0.22995767445480447,8.664144952404196e-7,5.886228431374141e-6
YFL031W,3851.682987071124,-0.16803843283684267,0.08569428993724512,0.04495319944048611,0.10676158562245132
YFL033C,1054.3213602235644,-0.019993981318243013,0.12601627833850423,0.8626972317575683,0.9293616323847973
YFL034C-A,650.0439523616723,-0.42106942117734414,0.16075224993848103,0.004580290441427629,0.015208317980348381
YFL034C-B,498.4207026610571,0.02951201445773803,0.16734167445670425,0.8491164785868597,0.9229935252030805
YFL034W,1281.0670017941802,-0.04014161443394837,0.11741635893585452,0.721256340601151,0.8361001540771619
YFL036W,1312.0355395671916,-0.16466115617620347,0.1214620740248796,0.1556948847782687,0.2860367885493455
YFL037W,7860.878149617576,-0.15739251652941658,0.07378216576794211,0.02998207601875743,0.0767379784212728
YFL038C,5254.652880511551,0.25206883103725397,0.07915316003678538,0.0012464334896903923,0.004819815271281471
YFL039C,33467.40129301753,0.07816032270555853,0.06569541397668952,0.23004143456428514,0.3847289675625608
YFL040W,91.39665150397126,0.6538998310129541,0.41302227158059235,0.022178925023105457,0.05936864315081838
YFL041W,1241.2601250818163,-0.1675068278815957,0.12352916264086053,0.1550206971901444,0.2850505305052328
YFL041W-A,4.053890921465942,0.014418738060229317,0.41418465985587494,0.8743617196060701,0.9346307124161283
YFL042C,868.6911706862265,0.7594620494418042,0.1435616277714672,2.838085098869303e-8,2.3244705316711502e-7
YFL044C,587.6979961720868,0.5651462419066371,0.16811894519913564,2.821697879426336e-4,0.0012711651944214747
YFL045C,7743.335016498436,0.00487701938518102,0.0768619183499209,0.9323578424793553,0.96712650784534
YFL046W,408.43109997695336,0.14317287556542468,0.1822403062027583,0.38527898915816794,0.5553630405929397
YFL047W,1377.9964974389563,0.042805600971456456,0.11430365815920611,0.6982809489564306,0.8208839953114028
YFL048C,2383.390322051908,0.10048672123691328,0.09607767079560418,0.28555066934798673,0.4521730121227384
YFL049W,1020.8388102998671,0.23506469865829588,0.13147922147952837,0.05940939196896887,0.13341096132559385
YFL050C,423.36249276472336,-0.14002976146078444,0.181993692625136,0.39223765270491434,0.5619595330420019
YFL051C,7.578725974665616,0.030189314171422173,0.40630676236434865,0.8058146797412009,0.8938843428205159
YFL052W,21.027314380239304,0.04393248985945106,0.3804399563891632,0.8006471546557212,0.8903292986997526
YFL053W,78.13718297995696,0.5597620098562885,0.42921443725766584,0.04487249132903014,0.10661284503114049
YFL054C,776.7219337972485,1.5713803852679658,0.15470637051620448,3.440613123547502e-25,9.264518534045487e-24
YFL055W,128.48922540448945,0.41963059361676663,0.3216246504434871,0.07879652288231395,0.16726533313067146
YFL056C,379.1527241399832,-0.09095922739690736,0.18450280438801944,0.5826378477565366,0.7346194971606363
YFL058W,9.018263079441029,0.022892745607858502,0.40381477838268387,0.8563637472321343,0.9266012876014488
YFL059W,118.21996962289356,0.705139461941266,0.3723051049694158,0.010994444171353496,0.032417118639235784
YFL060C,57.494377657537015,0.28190187167294917,0.38318145428373596,0.2283941143956573,0.3830575552010611
YFL061W,35.352268571266016,0.021817822786949572,0.35361133599034006,0.9142983821592093,0.958525515629501
YFL062W,6.1997750389470525,0.027778933089877413,0.41245129511254985,0.7693020391919714,0.8700755897804096
YFL064C,2.922263958647087,-0.047561667241855655,0.4229534281433418,0.4034361525238217,0.571984241472433
YFL065C,1.0210482662120757,0.014619860270516725,0.42431214299228465,0.6315862714086627,NA
YFL066C,29.51672938704068,-0.0078001541449645795,0.38262888343128654,0.9516270300173562,0.9761253428443816
YFL067W,17.149555954205454,0.07568615038315253,0.39253432193710336,0.646508344354792,0.7838116173232336
YFL068W,0.8184226081587478,-0.016235335877422166,0.42315969289926597,0.6953021101133017,NA
YFR001W,842.7988300262365,-0.6399078423291977,0.14436419831984318,2.846936949980387e-6,1.7936311104737548e-5
YFR002W,2234.1212477777913,-0.3284094780066246,0.09992996614803411,7.840445745867953e-4,0.003184236126954774
YFR003C,469.4296344218799,0.8385380613322162,0.18903089950128543,1.67837996309598e-6,1.091224547119845e-5
YFR004W,2901.8748535044642,0.19163685393542584,0.09284042560364374,0.03508750182296222,0.08730421867088953
YFR005C,659.1477033096315,-0.4388704721309051,0.15712330670311414,0.0026111797739640052,0.009287169557940735
YFR006W,1895.6638302160368,-0.07133845379513012,0.10284323373945585,0.4712122463659656,0.6361581082463598
YFR007W,280.41016750660543,0.21653930166794558,0.2142015967027949,0.2427822589887323,0.4009204652076601
YFR008W,161.36750473820024,0.49157474867653184,0.2979674409308466,0.03548708711852834,0.08826122004975184
YFR009W,5032.579353717264,-0.5865169698524508,0.08077851613662365,1.3982253686298952e-13,1.9042344108107372e-12
YFR010W,2934.5033675580344,0.33061066361508645,0.09169138807205086,2.3018773706495567e-4,0.001053895252695686
YFR011C,475.66481172136184,0.27967797974761194,0.17597619764133227,0.08055423435405927,0.17032209393542042
YFR012W,24.40980147921529,0.13915414699637121,0.3947459639303091,0.4579496148733844,0.6237652429749014
YFR012W-A,0,NA,NA,NA,NA
YFR013W,1412.146126373797,-0.18569615819599297,0.11721938986155171,0.09708308150323841,0.19734537456897513
YFR014C,883.3688788193892,0.8567408652469433,0.147580302952617,1.2264659811996082e-9,1.1994145756441276e-8
YFR015C,1726.1702787093923,1.560538824294637,0.11370357774474643,6.518627768773862e-44,3.4321739243267384e-42
YFR016C,2956.1239998799488,0.11618143287869707,0.09045812357353408,0.1905156775082568,0.3334731226673168
YFR017C,295.66245055050547,2.1652357994227978,0.24440615927058096,5.719961212592781e-20,1.1744653209218637e-18
YFR018C,1138.3180841320143,-0.2729614961451024,0.13158743677033807,0.028288760502615088,0.07298029717488903
YFR019W,1369.2011554896194,0.1159122414723686,0.12064194206185895,0.31610997003362,0.4857764913370403
YFR020W,185.39068015298884,-0.235936481217648,0.2510052663073893,0.24798130904481752,0.40756571333257774
YFR021W,584.6266001365191,0.4950807336949137,0.17324320474467972,0.0018192185964162465,0.006713349225949065
YFR022W,541.6350569934626,-0.0658802051427453,0.1610506831023951,0.6330194006761938,0.7747852647960803
YFR023W,22.498312277404413,0.07268754075443966,0.3844766761809913,0.6747044095762913,0.80410911545501
YFR024C-A,3014.8313186837063,0.36647197028855655,0.09138684668039809,4.169967877348411e-5,2.2034319509608942e-4
YFR025C,1074.6786691117686,0.32945005432815117,0.13097181803842442,0.007868855640167332,0.024383942044175908
YFR026C,54.19830505746509,0.08521988633166752,0.3350232495154127,0.686672923625979,0.8129471358015582
YFR027W,240.49759575951754,0.09765084383429237,0.21887256988476628,0.6040036459294642,0.7522300950466844
YFR028C,1845.998137506696,-0.10453895118794138,0.10650786669075149,0.3125640783416576,0.48251056805778925
YFR029W,549.9653231653289,0.20473463814565665,0.16311931770565674,0.16929102691311948,0.30501350006314254
YFR030W,1076.1060918211986,0.4229248047485137,0.1299938586798714,6.148227247232048e-4,0.0025460741627055753
YFR031C,1378.177265504553,-0.29579986932021857,0.116838422573633,0.008518236597150166,0.026013485869184116
YFR031C-A,28338.730333305433,-0.2745185328295575,0.06507412624661077,3.248955311254859e-5,1.7459312911663575e-4
YFR032C,13.627323330439971,-0.15864564348360458,0.4298999666262538,0.3063279934840644,0.4752476131479947
YFR032C-A,2314.0678274013176,-0.26196771066327507,0.09769655689722774,0.006226971011392747,0.019848890840098936
YFR032C-B,1.0109475517512885,-0.005151429646441132,0.4211407670088396,0.9203580737283555,NA
YFR033C,1910.349621378698,0.2364242993842768,0.1037493469737496,0.019455821115475617,0.05309161365939829
YFR034C,946.0138723902455,-0.0490331947045291,0.1318018856060131,0.692813801151977,0.8167163999833086
YFR035C,229.24239877100655,-0.18359176102111946,0.2278614993684984,0.34006189080433613,0.5106557092114006
YFR035W-A,183.04464826543153,0.03103083734600169,0.23741772913660944,0.8769476964383311,0.9356541642657569
YFR036W,99.31294269777123,0.21965138482709387,0.3109133921908136,0.32622073274698493,0.4961698506098934
YFR037C,4243.502253518511,-0.25628549242917104,0.08321873654964057,0.0016391289870863641,0.006121560251328872
YFR038W,1416.614304901241,-0.1965700984775784,0.12212036175989868,0.08945403380256792,0.1850913815206116
YFR039C,1207.187269335816,0.1834911748811255,0.12228795341907897,0.11655534566902835,0.2278935256665319
YFR040W,1946.0434859456773,0.17816330788352855,0.10392901757775323,0.07708752890780396,0.1642880946762992
YFR041C,967.2037063407146,0.25169488993787786,0.13247415981993602,0.04558935660175089,0.10783812109126555
YFR042W,285.9844197173794,0.5867151336884366,0.23250972292970318,0.003731262122513179,0.012703956545300356
YFR043C,247.68370302812104,0.34505777021934986,0.2346534562732262,0.081851307184968,0.1725695954486079
YFR044C,4387.647815436678,-0.0024557065387417203,0.08554168392665139,0.9802350649139517,0.9907281922752191
YFR045W,304.8393935966023,0.4897979979596757,0.22226287982841386,0.010934242152329706,0.03225574085657242
YFR046C,379.14229019925153,0.11184125647113352,0.18570627647175217,0.4995294135204601,0.6624072299370706
YFR047C,1899.2761417234717,0.2752426984486585,0.10795535660644262,0.008214509303432104,0.02526915042375541
YFR048W,694.562924303704,-0.11800931234923234,0.14741782905192136,0.3929598695755124,0.5628575056805433
YFR049W,297.1738728780079,0.6890955939849939,0.23972039578076637,9.762084823748609e-4,0.0038739578873247336
YFR050C,3103.3697283662314,0.29913694698605775,0.09031131274828393,7.263571650004438e-4,0.002966293768703336
YFR051C,3421.710641349536,-0.038824631033008955,0.08732834202430104,0.6443039663253587,0.7822861101083892
YFR052W,1927.860575284783,0.4388194553155459,0.10486276720182626,1.4986436672836954e-5,8.489434876053749e-5
YFR053C,12648.5794335161,3.5488793847422038,0.07765043697904817,0,0
YFR054C,6.383203239878944,0.045336453332364766,0.41103955347511395,0.6919922711215176,0.8166256599566919
YFR055W,499.31452683706516,-0.9995537567926319,0.18375206531311708,7.906625753545243e-9,7.032484474910452e-8
YFR057W,0,NA,NA,NA,NA
YGL001C,1656.667230630564,0.21024531754408093,0.1099122672296405,0.047503262181168966,0.11182704075143847
YGL002W,611.0716836064599,0.01067828271926897,0.1535442855672158,0.9643747711389623,0.981951390234315
YGL003C,632.1643104220437,-0.0638618236543246,0.15276666793265867,0.6526146931440546,0.7884590955686315
YGL004C,677.6312577611661,0.16836036277893407,0.15140826123152004,0.23469463651607586,0.3910173951007056
YGL005C,653.2853759201537,0.03360448516010812,0.14971573614861075,0.8116904488321782,0.8973638126665457
YGL006W,2629.392339631674,0.3847541604574369,0.09715129385861458,4.7406934107487405e-5,2.47835718467955e-4
YGL006W-A,0,NA,NA,NA,NA
YGL007C-A,0,NA,NA,NA,NA
YGL007W,13.956623334937163,-0.02125985471268059,0.39140301110833803,0.8853364905104838,0.9406930235275104
YGL008C,83256.46776920526,-0.33188011319292254,0.06626897992351184,3.5486213734691834e-7,2.5365115441633665e-6
YGL009C,11439.556899992724,-0.0665322786612158,0.06946254716332037,0.326759557786378,0.49636813814174935
YGL010W,270.76653087880976,1.2970807542309826,0.25195490037115525,2.6015524421838524e-8,2.1516626580025493e-7
YGL011C,3254.20966677701,0.1877013584203156,0.08948198574889699,0.03256177817378102,0.08177887814769448
YGL012W,7365.914667115276,0.36722023620432054,0.08001423724959236,2.887642708833355e-6,1.8115350057436484e-05
YGL013C,1410.217450394064,0.23791338902579456,0.1152696216197403,0.03055404087066729,0.07779670941896588
YGL014W,2102.3152100238976,-0.5140240228755065,0.10611779317228211,5.023683954623496e-7,3.5100313128453502e-6
YGL015C,4.794199597207749,0.09662751652951733,0.42951719599607024,0.3083840273879229,0.4778088832124492
YGL016W,1279.5600134314504,-0.5591456898031499,0.12864086264285826,5.1649279405991975e-6,3.127061608389473e-5
YGL017W,558.1638854923971,-0.0027068645184498918,0.15911192260480087,0.984004621606773,0.9908145512123977
YGL018C,175.66594551938505,0.11955129674238564,0.24498669789790645,0.5527618084890544,0.7098511290635788
YGL019W,1692.1385171653756,0.023423258986878144,0.10698785113004969,0.8219011780540497,0.9048595120374483
YGL020C,1345.7634621670527,-0.145637191836602,0.11649162630608334,0.1892984254291945,0.3315392975218176
YGL021W,1903.4412254626948,0.1801177439183125,0.10549775600688935,0.07777807370670549,0.16528191014358282
YGL022W,8035.324057500934,-0.1333151096569154,0.07611716861514727,0.07411585957828083,0.159162863777539
YGL023C,1404.1085538469138,0.15238488971914615,0.11449488094062273,0.1683705983362545,0.30378207723780537
YGL025C,659.9041548238138,-0.062331554800630365,0.15912030043128708,0.6705891050892072,0.8015456947554083
YGL026C,6494.092402914548,-0.2104177589409858,0.07783326643722699,0.005895991467819184,0.018947499556255982
YGL027C,3263.254254653229,0.16840735500657844,0.09479446358519805,0.06914786278330357,0.1510800099418826
YGL028C,2909.369256942698,-0.060367253293166855,0.09545071363530533,0.521497254454107,0.6790019306130491
YGL029W,396.03311522492544,-1.0645367800852346,0.21052815936215316,5.668699274970429e-8,4.4275920032451154e-7
YGL030W,13862.666710020178,-0.31864178449213976,0.0682290066765952,2.03842382347477e-6,1.3090161340152647e-5
YGL031C,13189.874417573199,-0.2849520901671205,0.06948193516452704,3.1402013419374426e-5,1.691120302594073e-4
YGL032C,2.524469476051457,-0.003266341638253738,0.4182768887062302,0.9584260370998288,0.9800309243588851
YGL033W,2.940314433665032,0.029932257825475733,0.4181100894187694,0.7027638538080498,0.8241985001152938
YGL034C,2.5302682827049856,-0.0031616052492150705,0.41789701221562164,0.9622124540228291,0.981010864690979
YGL035C,1307.1757737680064,0.841367830143926,0.12263862602612935,1.4157120883719726e-12,1.791513773632945e-11
YGL036W,1524.2580209191385,0.4296039604325217,0.11424786587223963,9.097845560712506e-5,4.5258555529542924e-4
YGL037C,5602.795785966383,2.0406742729325655,0.08080527143973192,1.7290079715273992e-141,3.515848278654163e-139
YGL038C,2136.24456502839,0.1543300299622693,0.09954406032415017,0.10984127325331547,0.21714179965631958
YGL039W,528.3909772969471,-0.011612587036771252,0.1618911024449138,0.9609799566845477,0.9807331027643525
YGL040C,1586.5958213704978,0.13126658561585575,0.11064637995988197,0.21742384258631192,0.3683276069323417
YGL041C-B,2.36968539164443,-0.036341002560132646,0.42097750553349345,0.5777553750123412,0.7309640520162575
YGL041W-A,330.81053275930515,0.18998731903154467,0.19825471195555244,0.2787501741752356,0.4442675073273958
YGL043W,1376.5843948750576,-0.013581183399821534,0.11418523386435152,0.9009918709772884,0.9514951760660941
YGL044C,683.8178844672636,-0.00668560187975401,0.14699945401419443,0.9599406725205534,0.9804604691628679
YGL045W,370.54581602389374,0.226647399370541,0.1965779284080132,0.19281367416170994,0.33659628079680387
YGL047W,416.3697115488847,1.0017027007751975,0.20283168206688332,1.146039990369371e-7,8.598216060061299e-7
YGL048C,4031.5622431211723,0.28763297700363777,0.08527128753540217,6.334136431400307e-4,0.0026138840123140386
YGL049C,2047.7787599243857,-0.3099556506250253,0.10487521515936721,0.0021425191405831964,0.0077894176153015466
YGL050W,680.4806898122081,-0.16034863003217842,0.15027183713061573,0.24766989967878023,0.40736589219156005
YGL051W,137.7918936937201,0.14147855188719125,0.26806696864129004,0.501256965212683,0.6637397902212442
YGL053W,480.6241579150492,0.29748611477044584,0.17547116700202708,0.06306805267102254,0.13992186102370954
YGL054C,1209.7505921053953,-0.1111175373577035,0.12207638010888495,0.34971052779261064,0.5197184935466292
YGL055W,4652.769051459642,-0.6034361634633973,0.08302336964958272,1.9088936322331824e-13,2.5877576435124315e-12
YGL056C,1134.9584859409988,-0.525847501014066,0.13015529557115135,2.1361363388887585e-5,1.1883769802289631e-4
YGL057C,198.66148572740258,0.02654785653291867,0.2308274368506041,0.8929327108297895,0.9466936033687576
YGL058W,552.5733293037322,-0.07245974335176131,0.1622634862820956,0.6274514764006967,0.7706897222109785
YGL059W,543.7180198546205,0.6047714682159182,0.17853601495488644,2.1415184915024292e-4,9.896970646073532e-4
YGL060W,696.094048665217,-0.10126276803761629,0.14729396019161575,0.4564655019192431,0.6220885289618157
YGL061C,324.38318388775974,-0.06367812054006361,0.1960693541404656,0.7134508019090493,0.831104921485679
YGL062W,5209.167176041484,1.0205728279163673,0.5902722127323333,0.005929582615190218,0.019024346399225636
YGL063W,350.9423083068752,-0.15762988799922717,0.19376529025341524,0.35863387358065035,0.5281278844150766
YGL064C,347.74195420032447,-0.08730334566854338,0.19087543669519988,0.60838023825579,0.7551290812448734
YGL065C,1068.0725504052145,-0.1401227319909812,0.12670482244907405,0.24735840681029408,0.40710927294454485
YGL066W,996.2905640886681,-0.09977520804715345,0.13036673025641657,0.42060156558313444,0.589702195017533
YGL067W,1223.6935441976716,-0.1255000844483143,0.12111102728179693,0.27837281144492854,0.4440260938844316
YGL068W,839.8763999896689,-0.008585980772712458,0.1373614431919452,0.9542596197796236,0.9768125937323627
YGL070C,425.8053558294706,0.09764145658347585,0.17722013598199507,0.5451424503511202,0.7024948178790316
YGL071W,973.5806902779917,-0.6282300597030521,0.14571619062336272,4.911744941160768e-6,2.9860371049510357e-5
YGL073W,1560.8139883295476,0.17908505961896093,0.11071589865987656,0.09296453267642912,0.19081512328329361
YGL075C,249.8935767852281,-0.011147227118293697,0.21331627680627727,0.9500807026755099,0.9752363384949928
YGL076C,27534.69036886197,-0.429399191454864,0.06489135274134762,3.898501553163528e-11,4.4210507036548696e-10
YGL077C,7562.7752642213345,-0.6483272543635944,0.07500812755870688,2.0696265458370128e-18,3.837920673207819e-17
YGL078C,3033.4806483348484,-1.2272240374258718,0.09396324281106498,8.580841720168358e-40,3.922575474715722e-38
YGL079W,373.75302371089447,0.39023439502519874,0.19995085409919708,0.027653026771615137,0.07174214644620082
YGL080W,322.8395517861154,0.5098337913052305,0.22369050294061302,0.008657430649369446,0.026383911389835465
YGL081W,109.70769640461279,0.3421393976351136,0.32357373629967856,0.14534045163310533,0.2718276699271875
YGL082W,1300.7987693797436,0.2664177398844301,0.12053143008358366,0.020812440395767556,0.05627279276196299
YGL083W,818.2887263614294,-0.1905462566940769,0.1396641537689654,0.1469928745929117,0.27422239211464733
YGL084C,1639.7430169798847,0.002576676200413891,0.10831511879076397,0.9788202099420642,0.990643350366985
YGL085W,357.0652579785762,0.01780908478015983,0.18871511609260927,0.911010884755862,0.956687030551884
YGL086W,1257.9468994775555,-0.14714011896444648,0.12060895366078715,0.20204516143594287,0.3484010077765999
YGL087C,505.59422194843825,0.47873375950849534,0.1786853085830947,0.0032295070373157546,0.011182855548473872
YGL088W,0,NA,NA,NA,NA
YGL089C,3505.9423815672,-0.9164608024391268,0.08938970338258477,2.0789492759433293e-25,5.7021227349943314e-24
YGL090W,445.6544907991467,-0.603144200861741,0.18988495873022251,4.730177127318978e-4,0.002011092611377074
YGL091C,627.7815608734891,0.565647604402244,0.16412905821994392,2.0893779103677498e-4,9.678760045120677e-4
YGL092W,2593.121880248772,-0.28286534968826366,0.0947004852620587,0.0021771754337279103,0.007895943132037814
YGL093W,1169.6215759332704,0.24700160294300394,0.1272449487724275,0.04121239274778576,0.09947993452054547
YGL094C,1595.00543881878,-0.21232998049820667,0.11529889137157534,0.05401360170884308,0.12388884063673576
YGL095C,1294.2440677929822,-0.040943511499306764,0.11706123423370152,0.7230190412033348,0.8372660319801066
YGL096W,199.34331233908682,0.7582857854828634,0.2843653339420332,0.0015207744147585948,0.005742173737398028
YGL097W,3134.8056777459997,-0.14109113071878582,0.09307265965568101,0.12867958416994202,0.24717378105868015
YGL098W,405.8643268198631,0.1163203286751014,0.1805285013981537,0.4779728510870246,0.6432236200046061
YGL099W,1996.1216854543977,-0.7772944649161809,0.10521604584646427,3.45922464408817e-14,4.975377494192181e-13
YGL100W,1719.1297074244326,0.018801178655294046,0.1074738292511577,0.8601407420191443,0.9283172817194086
YGL101W,452.6543287866696,-0.12842550935640054,0.1745301752993407,0.41596637317664226,0.5845933514353335
YGL103W,34700.86333581371,-0.23046074918819973,0.0655620244507079,3.5702226409280744e-4,0.001559526141744656
YGL104C,591.5153008315,0.9191584262034327,0.1703468600360567,1.2248374044972055e-8,1.0590712865571877e-7
YGL105W,8608.78336078743,-0.3962164736649251,0.07352164873054998,6.55211475325193e-8,5.063934560934028e-7
YGL106W,1736.1554233441657,0.192375087986697,0.1094365056972648,0.06955536632883266,0.15174546623793053
YGL107C,974.8804094495622,-0.06709610149773396,0.12919825114907302,0.5844237294389549,0.7359271263082463
YGL108C,259.9352411262629,0.3114416076139122,0.22640264120477543,0.10680201514834886,0.21248700517200178
YGL110C,1073.6690599020728,0.015376778067490535,0.12459699326548998,0.9040944123564213,0.9535762385379746
YGL111W,1417.850561777736,-0.6414954152609715,0.11838970097066749,1.819729122942418e-8,1.537384332090464e-7
YGL112C,1353.5289821505676,-0.19537146513841583,0.11622027773228943,0.07744378498482765,0.1648756927144198
YGL113W,506.7577996346752,-0.19621577769813145,0.1683381153460453,0.20244425120436324,0.3487624158200789
YGL114W,1378.1386817732748,-0.06056395954900068,0.11462303130952631,0.5821255725044339,0.7344446942787006
YGL115W,1439.795569715502,0.07280319237928862,0.11268603323814279,0.4978020459435878,0.6607109306615659
YGL116W,1076.4711262478434,-0.05637515953227016,0.12458135382308766,0.6346732065139227,0.7756824660751506
YGL117W,570.2003029353557,0.10760151925151763,0.1585548415505244,0.46623793553660753,0.6308351809634982
YGL118C,0.9333148794766327,0.015607247483648804,0.42286921416066453,0.7039562083442392,NA
YGL119W,772.8172738156353,-0.19381713950424195,0.14368662265241067,0.14619379603607527,0.2730772300363433
YGL120C,3590.7524223485916,-0.9830994879549604,0.08907359260232199,4.06879555009193e-29,1.3404294613906208e-27
YGL121C,159.9231207335673,2.046204310957577,0.34590787356684916,1.8553111652512398e-10,1.964231587340496e-9
YGL122C,2597.198011539393,-0.12589045965104614,0.0939099364002734,0.17751528258536337,0.31539849997164443
YGL123W,51179.51681939456,-0.2986006732535121,0.062919375770891,1.5420395624086089e-6,1.0115024804809306e-5
YGL124C,555.591211975487,0.019933589133801208,0.1593176704587075,0.8939737722491878,0.9468505978517393
YGL125W,1239.1757237241723,0.28809494347997017,0.12099185174434118,0.012608292903479111,0.03659010986801984
YGL126W,1363.5618446839428,0.19856934266774234,0.11591433071594825,0.07431767820328862,0.15942209835023388
YGL127C,217.99379870792507,0.16037908704798656,0.23156440208117365,0.41088217960884504,0.5796584241993682
YGL128C,222.09503182518714,0.11221881264585853,0.2296457998082809,0.5624083487187267,0.7177065640325322
YGL129C,801.4070955707101,0.05356891053072774,0.13884033141270294,0.683368105159742,0.811645864275327
YGL130W,1073.8724210909786,0.11154954948012898,0.12539549554808996,0.3463903206336368,0.516761548170455
YGL131C,592.4940596547976,0.28419248752909526,0.16272970755238703,0.05734979407836179,0.1302240029572967
YGL133W,1563.8076460052937,0.15045921935450654,0.11506922389057946,0.17389228110518165,0.31168473607211433
YGL134W,435.0693855245545,0.04032477750427746,0.17442960775205063,0.7890238119057075,0.8831570018640621
YGL135W,19055.921055205024,-0.42550564108491523,0.069200756126733,4.305751261792639e-10,4.39290920255903e-9
YGL136C,347.9455678363614,-0.011418141656816183,0.19269947015707356,0.9456712215766504,0.9740357804134576
YGL137W,6615.418301829386,-0.14269387553708385,0.07688798105057341,0.058747348592207836,0.1322768669905497
YGL138C,1.1955227347866717,-0.00790318954227599,0.42280096780888404,0.8532847535603288,NA
YGL139W,1385.1351286084328,-0.4333005038297386,0.11819343087292908,1.2434583152200716e-4,6.015318855498574e-4
YGL140C,2453.4182270377282,-0.08395238556332581,0.09596403075401133,0.3584782321949013,0.5281278844150766
YGL141W,927.3533213554518,0.24601544609216477,0.13421784140556658,0.05278853443124611,0.12174188014902555
YGL142C,1102.175725137858,0.022030694978455383,0.12380254777204022,0.8531365621297874,0.9248196735051128
YGL143C,394.86134568407,0.19889430531636262,0.18569901197524816,0.22872666568157343,0.3831821441830223
YGL144C,417.06596511908344,-0.46426314044156564,0.19460364089011867,0.0074893650083393,0.023367611351416327
YGL145W,1064.1793206054108,-0.14650165903536627,0.126022674704775,0.2228440225907597,0.3758778620353454
YGL146C,78.99244925038869,0.0657095639189426,0.3049802165476081,0.7605828343295745,0.8653592463904111
YGL147C,18498.92264643751,-0.3704325863843792,0.066654010837459,1.5223122324324484e-8,1.3048074468974053e-7
YGL148W,6681.219996281418,-0.29570556806411735,0.07568796702994848,6.77983338518112e-5,3.4525628214519057e-4
YGL149W,26.90158027774241,-0.15643054529323114,0.3967550053562859,0.41258054533002386,0.5810813173659304
YGL150C,2549.7529725196855,-0.11778866179914674,0.0941967661137657,0.2082044166833535,0.3559818629114919
YGL151W,1698.3498596875008,-0.017674662243872267,0.10656202329732438,0.8514034489062401,0.9238227079384184
YGL153W,757.3587430244049,0.1594454913616575,0.14621862005811423,0.2408043894067973,0.39888300121682124
YGL154C,462.6092462973381,0.27511282967963196,0.17920302974539384,0.08910249077550453,0.18462311598845754
YGL155W,964.7682645821576,-0.111036148798706,0.1327839271517569,0.3805084929230878,0.550798465852646
YGL156W,981.8180803673247,2.0559217410465096,0.14333371478733212,8.442453558240378e-48,5.0801172074432154e-46
YGL157W,2261.9798185724635,0.4233452172164929,0.1079714246164837,4.8243302976296096e-5,2.5198472776901516e-4
YGL158W,71.86867067219472,1.1566004627048099,0.5000448316363771,0.0017446322935351902,0.006466434088609061
YGL159W,500.68463521026405,0.1313752191962933,0.16817592660268935,0.3945065394582937,0.5638402964579636
YGL160W,1170.5661138616697,0.30755264000990773,0.12541986164714625,0.010042638253934906,0.030046391569484597
YGL161C,1524.9108361445863,0.2856628561312937,0.1152617223761904,0.00944936122589991,0.028562191262092636
YGL162W,251.6431464415776,0.09232156163722804,0.21537081630343624,0.62036086970935,0.7655679597867598
YGL163C,1029.1536150206146,-0.22319992552122025,0.12844388320547664,0.06721184843331512,0.14761574309544107
YGL164C,860.5808980707702,0.21790164308647708,0.13749477034978685,0.09218526202163328,0.18967777046112053
YGL166W,457.24387215069294,0.1153748714033447,0.1725656794369847,0.46490797972737574,0.6300993694443425
YGL167C,2544.1076520986508,-0.09044414214739242,0.09454695142015536,0.3334475718962164,0.503802288360745
YGL168W,160.80504977860727,-0.012221341357383503,0.24707049866355102,0.9495905534957022,0.9750540647682667
YGL169W,746.0394607899786,-0.5133917708882415,0.1517196347002749,2.9641315611568514e-4,0.0013242033194046934
YGL170C,47.906940632267656,-0.676006145349372,0.5851322422262017,0.03196565525348903,0.08048739070445124
YGL171W,1148.7107188954642,-0.9296615727246538,0.12826359273908977,6.675353074322345e-14,9.262248724536205e-13
YGL172W,1432.9034164185496,-0.06292140928914904,0.11280129970581963,0.5618436302585323,0.7173686270644738
YGL173C,6263.498421660392,-0.10190855493599507,0.07633264855167468,0.17152581255848584,0.30828641166028375
YGL174W,324.8129545344117,-0.08259736355568716,0.1958934690968819,0.6328924685875541,0.7747852647960803
YGL175C,143.40959640340827,-0.21939461505685637,0.2728758184814109,0.30255456735800773,0.47099682628986356
YGL176C,479.2959749260883,-0.2925197744067632,0.17788623037294116,0.06882235254163248,0.15059198995844403
YGL178W,732.4929056428394,-0.42080357844602684,0.15273231512551863,0.003076771918071609,0.010737471203328809
YGL179C,361.2820611071596,0.13697969509009356,0.19371100632319557,0.42670061306722845,0.5938762131832537
YGL180W,284.12981412761343,0.14635810625833082,0.21356924075865802,0.4282473255510285,0.5949930388171196
YGL181W,1076.9407714507602,0.1927317672758587,0.1261637842225226,0.10316950098472466,0.20700597050252512
YGL183C,15.813140712525794,0.007566254149151328,0.3876949195718692,0.9644670938167123,0.981951390234315
YGL184C,171.31112648575674,0.3360103486818287,0.2727563541601577,0.12113659785265343,0.23474943067272339
YGL185C,546.9920846082821,0.30734967923415835,0.16665053699511095,0.04429489948806364,0.10558084974984286
YGL186C,1781.6337638993075,-0.029482186275633523,0.10533592121461251,0.7724005665347702,0.872241696831777
YGL187C,812.8947301634378,0.004389186970464473,0.1384664746251554,0.9680123031005969,0.9836926678242668
YGL188C-A,1.404428459635812,-0.037567166854773695,0.4244025765143972,0.47881292507760104,NA
YGL189C,21502.81056700514,-0.20797693728408137,0.07423094317918533,0.004258858335691108,0.014261492109920762
YGL190C,1464.8678871518923,-0.0101890186089909,0.11229959714227906,0.9260301257630774,0.9639808579904269
YGL191W,1105.0319078174016,0.36283580972005336,0.12996955855545292,0.003140850587699153,0.010933645758950356
YGL192W,709.6138974227576,-0.23278965702128343,0.1482592411439514,0.09232414943379672,0.18976490387281256
YGL193C,64.28042556167277,0.03768937767571532,0.31723476302227105,0.8607592013560178,0.9284611323205482
YGL194C,598.6173878102098,-0.16036810061838538,0.15929262203986794,0.26492830107881127,0.42673646311438135
YGL194C-A,30.971720637065452,-0.09266542549988326,0.371551743375111,0.624161165672608,0.7682484646151889
YGL195W,6171.903878082217,-0.5818814160450295,0.07740314145274155,2.091563842939447e-14,3.0230274465230193e-13
YGL196W,1050.9429921393585,0.3750710187933917,0.13008005039308687,0.0023898639460076423,0.008603802008307123
YGL197W,1868.7293166739782,0.2695907642703801,0.10558068248308486,0.008241750286933072,0.025313334084398086
YGL198W,1449.4165176249326,0.22711823274700502,0.11447757391672943,0.03899249982091662,0.09544410103176726
YGL200C,4431.998939852292,0.10393400646465412,0.08322841834459013,0.2020572234349621,0.3484010077765999
YGL201C,1632.0015048403031,-0.19933177126090923,0.10970995337568872,0.062383106351855365,0.13863525962762213
YGL202W,6723.890034282455,-0.24894511486698276,0.07564982272187191,7.751081748597551e-4,0.0031501122723280326
YGL203C,2385.716567054003,-0.006408143773215832,0.09635682691773147,0.9593165893820013,0.9802616405450808
YGL204C,52.180331271228084,0.04627155101332309,0.33173286852064165,0.8268134778856683,0.9077860880826264
YGL205W,108.84649407137277,0.12489914102196092,0.2860358290024186,0.560905553332937,0.7168747394894516
YGL206C,3840.8304849518354,-0.10320244412096641,0.09112105832951466,0.24502133915747837,0.4040522474864793
YGL207W,5106.065865082767,-0.24382374391010334,0.08737475970422573,0.004046663630279942,0.013620533919954804
YGL208W,474.3447276765858,0.9175646948542941,0.18976404482076853,2.1639110516692624e-7,1.576568130208381e-6
YGL209W,546.1911838507282,0.14186256936226854,0.1619032171891395,0.3387913318808864,0.5095182690296134
YGL210W,718.8856970890093,-0.22753674141924202,0.14721900320157844,0.0980773077241711,0.1989573582614461
YGL211W,907.8624586189776,-0.28282941329399774,0.13624466153321732,0.027730832822810848,0.07184917449741457
YGL212W,284.1273966924255,0.013823916666575703,0.20485194237646073,0.9396156245868731,0.9712380960891832
YGL213C,1517.522678725172,0.009178950774097215,0.11121191041318379,0.9338014809258198,0.9679429307469782
YGL215W,2094.5982888305807,-0.4303706329897549,0.10652371121883059,3.0696576282343235e-5,1.6546408623124137e-4
YGL216W,826.6239112073293,-0.24945589682906621,0.14085610023257683,0.059881188460983836,0.13416828674297523
YGL219C,803.32871279656365,-0.03882947283108116,0.14144177098809024,0.7701584412913791,0.8705432870031172
YGL220W,734.1528109025217,0.3640250396931821,0.14945390078358453,0.009526292907228935,0.02874951344622775
YGL221C,2072.479780379144,0.23299764984833093,0.1011773579326714,0.017796599553749463,0.04917832594585782
YGL222C,347.5186716676662,0.15226863529838694,0.19389981262609074,0.37783058566204014,0.5479751509220488
YGL223C,810.3184846400691,0.2551862719430456,0.14286410031661598,0.05710724184397937,0.12982320938856837
YGL224C,1094.3863910207008,1.3567372217310767,0.14246375836527217,1.625284842387334e-22,3.8184480938478515e-21
YGL225W,4375.2198125399555,-0.4239907176833423,0.08340256776566024,2.037191217633722e-7,1.497919776856117e-6
YGL226C-A,264.7128462338322,0.043489875731594026,0.20941319803993624,0.8128615534288288,0.8981533784091817
YGL226W,203.3760204857405,0.06770359236174238,0.23077753579782628,0.7283287283970615,0.8407756771265648
YGL227W,1065.4869023017764,0.6724634322681107,0.13214412642140333,1.0459265581620743e-7,7.887249249976665e-7
YGL228W,2919.45139094301,6.90230781166383e-4,0.09134065873535725,0.9889192051843563,0.9935166057930045
YGL229C,523.2835401056811,0.5713894393224317,0.1774584064931434,4.44871684572581e-4,0.0019079333264905528
YGL230C,25.132552606985282,0.04736045655912362,0.37454726317026926,0.7937373407555244,0.8858192843367386
YGL231C,1200.193652270512,-0.061756706419325604,0.1203826923724802,0.5914488347608495,0.7414485073521959
YGL232W,994.5227728161151,-0.14962319327454504,0.13213718127279492,0.23177467904136984,0.3870788111886032
YGL233W,1425.8601918394913,-0.07105308560934637,0.11558375283043158,0.5276658569747354,0.6852335517683362
YGL234W,5901.741971073836,-0.3395270194376596,0.0785670992247403,1.0432725325008552e-5,6.049339355120495e-5
YGL235W,22.610827681484178,-0.12912375289313002,0.39986994119490643,0.453374955012458,0.619421591071927
YGL236C,439.5016412942664,-0.31734755436221945,0.18446256717153953,0.05423102016428293,0.12419430132379668
YGL237C,303.7825169556828,0.4564173598546768,0.22083774300451386,0.017321477994260058,0.048045510692451346
YGL238W,3071.3997632362207,-0.32827842408691565,0.09427388797535503,3.732045063833405e-4,0.0016206089647588797
YGL240W,109.75055187964432,-0.16343144099191165,0.29505729698930344,0.44714222286079564,0.612923683916809
YGL241W,943.960661696435,-0.13570073167902574,0.13282393147519056,0.2870369878163929,0.4531158651490596
YGL242C,792.8658801010647,0.48371459933715405,0.15264975615420567,6.883771186966414e-4,0.0028268522764304275
YGL243W,773.3998693889794,-0.18033210278413608,0.14234684411435108,0.17637363569044953,0.31450720582599967
YGL244W,2658.8810152366277,0.038924199905583164,0.0930987666592152,0.6885596022070848,0.8143674236291976
YGL245W,12210.851371552126,-0.5155210904169059,0.0696823212514757,5.770895682635187e-14,8.064211336611303e-13
YGL246C,857.9595152904797,-0.3954273034515202,0.1425842418756012,0.0031445489202339464,0.010937294589894946
YGL247W,228.2600075677876,0.022065652901426147,0.2228529789894147,0.907067946782493,0.9549301390666312
YGL248W,1003.44945605809,0.48371890799325107,0.13347863931338694,1.3055993131461048e-4,6.295273221277661e-4
YGL249W,152.081073517646,0.10938766491421292,0.2558704578294158,0.5972079703575213,0.7464466725727645
YGL250W,264.3381055590113,0.46786859394698205,0.23567840654862307,0.020307333602276892,0.055033247358743945
YGL251C,417.0710342849575,0.20995501439077643,0.1825019863635972,0.2017158932626957,0.34801598085726054
YGL252C,2355.559540398828,0.009566367587781937,0.09614912399291013,0.9111241051073321,0.956687030551884
YGL253W,14095.172853226619,-0.37293556958998214,0.06844715028209195,3.068493611680334e-8,2.488983057507418e-7
YGL254W,256.68995776796316,0.04738280977181459,0.21260639629228015,0.7983442636634994,0.889066301328867
YGL255W,2589.925385103986,-4.211171953545613,0.11264640462871521,3.90435896368577e-307,2.5582227565394427e-304
YGL256W,767.7721728474985,-0.16101644762201595,0.16094761634216478,0.2714027031607129,0.43512692919513535
YGL257C,1349.1171966018633,-0.09342757332013656,0.11532349958131499,0.39913035059747576,0.5678339390767948
YGL258W,27.248889305741983,-0.1249114937739124,0.38556521286425055,0.5054895418735782,0.667417108558948
YGL258W-A,1.8586799983961075,0.005017825151721636,0.41899743768182357,0.9431530068959313,0.9731886757069653
YGL259W,7.320831694066683,0.05622351788431943,0.41160346760972844,0.629220461519759,0.7721193854813547
YGL260W,0,NA,NA,NA,NA
YGL261C,0.46268255945973746,-0.0021738199621021822,0.4233074078347959,0.9428976257824254,NA
YGL262W,0.8184226081587478,-0.016235335877422166,0.42315969289926597,0.6953021101133017,NA
YGL263W,17.241911380879213,-0.048055131141544506,0.39014610529296,0.7549707133575814,0.8604681671182175
YGR001C,1466.578776841906,-0.2905583852289885,0.11406021790393253,0.008241492321068668,0.025313334084398086
YGR002C,642.9174545149594,-0.003317375034562791,0.15050611300966427,0.9798042529316562,0.9907281922752191
YGR003W,652.8858232791488,-0.05196777659782449,0.1499902468046405,0.709701656732737,0.8293917300342747
YGR004W,590.5476873814828,-0.31173178642367305,0.1673433357266024,0.03894032139595881,0.09540136072786418
YGR005C,1507.2976958577697,-0.05415306344140507,0.1112759965257465,0.611262920691741,0.7577501457471509
YGR006W,173.69186919376983,-0.1224306687252956,0.2487948499207124,0.542944193743031,0.7009067229646792
YGR007W,1319.2725857199634,-0.24190418721843843,0.11754024088040212,0.03156051942317492,0.07984229216579258
YGR008C,823.2931759723631,2.5440151116979535,0.1571632565970901,4.2458158701978416e-60,3.3383434915408895e-58
YGR009C,2076.402342847118,0.11488881172502892,0.10268453864600216,0.24626292043225723,0.40575927403996115
YGR010W,685.935292403795,0.13613297215751793,0.14832296683582802,0.3303569068051655,0.5001578124339052
YGR012W,816.6728387032451,0.09331616156331123,0.13819114089923934,0.4757038009138474,0.6410478322643871
YGR013W,756.3438524357267,-0.07773231413986607,0.14224546373429386,0.5612797315799234,0.7171975248378782
YGR014W,2984.2914477485356,0.0974290076081318,0.09006976556228226,0.27091924193350425,0.43484234340824024
YGR015C,259.2774313806868,-0.03982826059213286,0.21126226768233114,0.8262814028767697,0.9075398459236934
YGR016C-A,0,NA,NA,NA,NA
YGR016W,76.47175808129944,0.08294283454616423,0.309626990534466,0.7002626830751888,0.8222718124441235
YGR017W,1383.5690492594879,0.3388844024964273,0.11706351180164126,0.0025292470210128764,0.009028432011448507
YGR018C,21.61829952838868,0.037971789622394,0.3783152046661368,0.8298516740033131,0.9097667450450896
YGR019W,1713.9524226083395,1.11382883414697,0.11143819254762757,2.2224909266696026e-24,5.773581054876937e-23
YGR020C,1950.5615659423634,-0.2571123088320894,0.10719034663957222,0.012787942387167852,0.037009773682955875
YGR021W,388.19265575695897,-0.13333391896740937,0.18737682359239924,0.4260160901385081,0.5932347030609539
YGR023W,297.709220678127,0.25164732428874,0.21493910617553946,0.17509564691567925,0.31308036078282614
YGR024C,1215.0181978141118,-0.05481517208194887,0.11953527118628587,0.6340344993545585,0.7752231894451237
YGR025W,0.5105241331060378,0.010758157358103707,0.42413791136972545,0.7565788995573905,NA
YGR026W,2903.310409620788,0.07395798411606488,0.09125771041379768,0.431119338384462,0.5968908489924689
YGR027C,10478.525952998545,-0.05952617118054806,0.07520907946886769,0.4214500574849256,0.5904494378352798
YGR027W-A,0,NA,NA,NA,NA
YGR027W-B,25269.59238285777,-0.1654102120051533,0.06760674843461212,0.012965578728267082,0.037424384611155645
YGR028W,621.8124080048669,0.6051450555758007,0.1649405329097335,8.058334176712084e-5,4.0546072218490754e-4
YGR029W,852.6247233497038,0.12909301670835016,0.1378438724883045,0.330258467471805,0.5001578124339052
YGR030C,133.96494695407898,-0.13943259605762184,0.2690549254616412,0.5048001979929095,0.6671462948373348
YGR031C-A,0.7700997743701632,0.012991943958698739,0.4242803991267276,0.6735643780437791,NA
YGR031W,691.760388002117,0.3599316821022697,0.16614419670479447,0.018084746640393178,0.04981118679981251
YGR032W,1784.007686826803,-0.350909886422562,0.10829114686614459,7.71303343518878e-4,0.003141143519841729
YGR033C,1048.3682025843545,-0.22203213769075408,0.12747109425810696,0.06676008952857496,0.14684231553525048
YGR034W,8260.334804114424,-0.3807841440981523,0.07761925812997783,5.569139677857104e-7,3.877357341242425e-6
YGR035C,35.87500257008248,-1.9830749367869789,0.7456001038967954,3.6769842820950633e-4,0.0016014162711606049
YGR035W-A,40.54603301443133,-0.01374575398743466,0.3457009662111254,0.9425653384262842,0.9729227727463327
YGR036C,305.92179159164334,-0.05230034965040665,0.1992274104578914,0.7658780979021518,0.8687022780013444
YGR037C,1446.4221366062256,0.35570288164216274,0.11775058439146914,0.0016159044688209936,0.0060539953320440905
YGR038C-A,0,NA,NA,NA,NA
YGR038C-B,1739.4307384509814,-0.35776559801113444,0.23226182385910799,0.06682513498941278,0.14693058204047996
YGR038W,763.6822018120922,0.06354992702101037,0.14373001092282864,0.6392683901720156,0.7790381683910675
YGR039W,20.167699188867914,0.11622222700963346,0.39651240374433455,0.5095453510296254,0.670027134892538
YGR040W,546.2856588552298,-0.09618852748953917,0.1620758555765349,0.519656043615218,0.6784919368620023
YGR041W,1135.7545699173845,0.07621896498538208,0.12525535883265626,0.5344695439458103,0.6925438146887373
YGR042W,503.7286613148077,0.0013098096133478778,0.17190253344101383,0.9947329856981185,0.9972697070149277
YGR043C,961.1304386471323,3.3620319166345842,0.15755041423169774,1.948784843339576e-102,2.736186719327019e-100
YGR044C,1334.3591326880571,0.4313704678340119,0.12007523619047496,1.7435279060539144e-4,8.179462260938691e-4
YGR045C,2.809522641232832,-0.022225369298021783,0.4189236583139435,0.7372564515763338,0.8481469557053533
YGR046W,778.9857033947148,0.22605414736173038,0.14329097949166236,0.09441014774988774,0.1931101773434228
YGR047C,1033.8900040865187,-0.28665360926198064,0.1290698463924453,0.01912918225356879,0.0523456091644061
YGR048W,908.4269666776024,0.3779302636574394,0.13736680863081138,0.003558105262438596,0.012206019041652355
YGR049W,413.3796041768003,0.14285226341838916,0.18012336187218955,0.38165393372527034,0.5514857258460963
YGR050C,57.54562270175242,-0.9746782161784541,0.6094034855627986,0.008115408076564077,0.025042679972526617
YGR052W,734.7182158181633,1.329120399218816,0.16122699280580044,1.6900093117928792e-17,2.948516246048109e-16
YGR053C,105.962737363473,0.059923839281608306,0.28135665248032987,0.7786773570562977,0.876309231786448
YGR054W,2633.050750689614,-0.5316000073637245,0.09803012849345155,2.7183317533731204e-8,2.235704651274936e-7
YGR055W,4343.391527365453,0.37247600199570335,0.08383566825369108,6.439862240095948e-6,3.8243572638314005e-5
YGR056W,999.0220377584748,-0.22357578176382786,0.13025424778147962,0.07272740063867515,0.1573847638775293
YGR057C,309.09578263864677,-0.2930581554319768,0.2094619560100678,0.10808694771209723,0.2143924421992053
YGR058W,367.5773816804847,-0.21651614191405413,0.1920216280897339,0.20482259576792763,0.3512180422342161
YGR059W,28.315895556546792,0.2668447227355119,0.446798317335594,0.20695474909713607,0.3541532662291966
YGR060W,6571.025377250728,0.16504004855483245,0.07598103779456726,0.02793144547967036,0.07225633157804442
YGR061C,6358.629726912708,-0.37940886547824904,0.07896553892011743,9.509727716143263e-7,6.416346034564854e-6
YGR062C,366.72743852380245,0.009061748189943297,0.18914953039033297,0.9589635463168233,0.9800707162270897
YGR063C,433.6056305656081,0.131189377412113,0.17649171977923947,0.40177345007887105,0.5702250876109962
YGR065C,869.9023948878631,0.14660578615453757,0.13837113072206653,0.2629302064966058,0.42479436375629714
YGR066C,74.8598805844708,0.45669847167494987,0.4090792396203584,0.08200279717258413,0.172765450134594
YGR067C,108.43223015596222,0.756828625718535,0.3924433358681432,0.008885547681663481,0.027023246353156033
YGR068C,543.6481338706919,-0.4666522389349639,0.17374358733774894,0.003156185413346195,0.010967604821745735
YGR070W,1275.6477455694708,1.1459706064739712,0.12436471628480861,4.008842086180317e-21,8.627788971607785e-20
YGR071C,785.4837286495408,-0.3523743916024555,0.15099930628967015,0.012138050158922747,0.03539964480077519
YGR072W,742.7129684995415,-0.4858904587419064,0.15034958461794817,5.49233244132108e-4,0.002302152096415707
YGR074W,434.2899639833763,-0.012855696186609023,0.1743041212683743,0.9415716816227164,0.9725843497294134
YGR075C,263.4852267693063,0.08119664848153728,0.2106346602015458,0.6585148778453345,0.7928538188113654
YGR076C,180.7921792450621,0.37381113115759285,0.2695635942130902,0.08470821047660437,0.17732492622667234
YGR077C,948.8907968805969,-1.0779806911706377e-4,0.13024285851580847,0.9972686473909158,0.9979455648505398
YGR078C,710.3308019945398,-0.06161454148767076,0.15170862813835528,0.6720016065213368,0.8023473321839083
YGR079W,663.726987215493,-0.5778689473924228,0.16121816906826558,1.0441841000469163e-4,5.11849845218343e-4
YGR080W,1082.0439486161529,0.5764632631969552,0.13035974066721026,3.5950421892674557e-6,2.2198914963466164e-5
YGR081C,453.76876950384326,-0.5626387838640435,0.18793309985592893,9.675812161312079e-4,0.003847489164885862
YGR082W,1032.4815902209496,-0.17516404891894333,0.1299803983383195,0.15688874741551243,0.2875887297200114
YGR083C,2865.6571763041175,-0.5875828772163081,0.09390735521828862,1.4270255012591653e-10,1.5244872066893655e-9
YGR084C,740.6037040452976,0.06760851959250509,0.1433668098212849,0.6273940353754528,0.7706897222109785
YGR085C,10384.151843105736,-0.4155384486988197,0.07479396108363026,1.694395836890672e-8,1.4397481628449988e-7
YGR086C,12285.730201195658,0.7453163574328271,0.06999526893722453,5.91173536702586e-27,1.75183434469103e-25
YGR087C,43.690921831664944,0.47644196806001177,0.5351272897311302,0.07470204669438915,0.16013012335762006
YGR088W,2143.7060411090292,2.524297914959209,0.10796623257422586,4.616414429766583e-122,8.006763497745158e-120
YGR089W,1484.5565162039195,-0.2809328481154584,0.11612895532307128,0.011649666144628004,0.03411026874621218
YGR090W,2846.5147317735027,-0.5500512576010643,0.09499363692043425,2.638136391630167e-9,2.481194625429521e-8
YGR091W,370.81419434494376,-0.07578132963940813,0.18581077359856563,0.6485511652326283,0.7854808423447955
YGR092W,1321.7710163009708,0.3555161540692634,0.1194005171527906,0.00186213161701023,0.006850091225225239
YGR093W,854.7946114543672,-0.2255161681254637,0.1377930036324706,0.08346038799660041,0.17496121863347056
YGR094W,14810.349239078108,-0.5934471775090641,0.06822876617702012,1.251336435923918e-18,2.3588383612404545e-17
YGR095C,665.3155898391128,-0.4801288810867075,0.1746278873200295,0.0024473962755651025,0.00879481769470287
YGR096W,238.46583107098851,0.06822870411617701,0.22029131270260552,0.7189267581213235,0.8342209942230312
YGR097W,1537.2220061714681,0.10054471579105217,0.11281787257696073,0.35463606546318055,0.5243815937965505
YGR098C,1077.984352801056,-0.11093844808783304,0.12498608716827891,0.3517222891911997,0.5217685809182594
YGR099W,744.9248716651128,-0.0224032040403852,0.14239484807791428,0.8669801536962316,0.9317627057311241
YGR100W,1601.53637851242,0.15589019731484938,0.10950299871308618,0.14123720093904543,0.2657813944444655
YGR101W,536.7535542580729,0.5510525891122778,0.17414226185738885,5.781554705499813e-4,0.0024128682305967725
YGR102C,467.24169303871247,0.43590783036669833,0.18276044105496506,0.008356202298157495,0.025618402368376682
YGR103W,5328.927642388858,-1.069486495497465,0.0809197546239541,9.72451581245817e-41,4.515391318587861e-39
YGR104C,360.0793018849582,0.08252735893402321,0.18867065792381255,0.6263898194425866,0.7698667705821037
YGR105W,269.6808303546584,0.07924664824993485,0.20918194479746802,0.6630122694937848,0.7966143751436122
YGR106C,4852.427890605424,-0.24498494144531394,0.08723408943243037,0.003681170043994881,0.012562418836480217
YGR108W,1907.5239509037601,-0.106215921943014,0.1044465795903269,0.2920732693004963,0.4583172083728118
YGR109C,293.15864592328967,-0.16955790966659812,0.21225575841336705,0.354171063253027,0.5238391672944821
YGR109W-A,32.89798695202046,1.0061870766160133,0.9046225558535215,0.01281558972385554,0.0370458493144981
YGR109W-B,1037.7148875667403,-0.17862672134963772,0.12977599943134893,0.14716067895030532,0.2744486159930267
YGR110W,237.86469314337418,0.7709761919294293,0.26096648586985105,6.277372060410257e-4,0.0025922733221456083
YGR111W,1538.6715798454293,0.6058567840042085,0.11453007910963517,4.119336343266699e-8,3.291561845019475e-7
YGR112W,323.560460425209,0.43735868572027287,0.21465382568706456,0.019711094951002237,0.05368883460788
YGR113W,627.3085854749237,-0.06552556806006304,0.15415597885937893,0.6467094408200956,0.7838942595099906
YGR116W,4521.772661764646,-0.37759860317419686,0.08452092304023621,4.647497769335898e-6,2.83415660245851e-5
YGR117C,1220.2858815948232,-0.15293402010408885,0.12043797025762162,0.17574646970337654,0.31405361570933676
YGR118W,13482.13151342322,-0.2248546641811734,0.0700167078279622,0.001077150367943694,0.00422899848186682
YGR119C,2145.3983705536234,-0.1362491464721258,0.10779976277432517,0.18864224702618537,0.3307830302448454
YGR120C,338.0899459568247,0.16383367617969546,0.19537934612099342,0.34540254399700454,0.5163089485298696
YGR121C,841.2276768163056,0.6214746124480787,0.14457912517747804,5.589750989469487e-6,3.3601184082468465e-5
YGR121W-A,2.1995244977809403,0.021224813986618244,0.41891005371327833,0.7655221342749349,0.8686716870123457
YGR122W,429.1349983788033,0.0068829919947327525,0.17528631291352156,0.9542847808194237,0.9768125937323627
YGR123C,1338.193827730237,-1.0059492385662314,0.1211242256164334,1.4482245128371563e-17,2.5569401054493144e-16
YGR124W,12044.588062154304,-0.18725606304778533,0.06963440621993577,0.006341804451958553,0.020171316533548863
YGR125W,1825.6322676362643,-0.00616868448959195,0.10442217452658276,0.9502642023049396,0.9752363384949928
YGR126W,60.670256971645045,-0.4035807513788311,0.44162319642773246,0.1089459123487724,0.21580585996664792
YGR127W,430.31783139229094,0.7517206952362329,0.19607389159746486,2.8724408528914095e-5,1.5713157429963492e-4
YGR128C,1831.5825473653092,-0.9770966471421205,0.10803202865067996,2.2882844518489576e-20,4.785111139203299e-19
YGR129W,205.71153553515643,0.08777920019636481,0.23132218849154848,0.6537129441983895,0.7891392491172781
YGR130C,3441.300751429516,0.6935431294890877,0.08993762794332841,3.5510280160537217e-15,5.3556041459510986e-14
YGR131W,57.162795355736684,0.1980553620476617,0.358394103162124,0.36999205971470506,0.5400601921132713
YGR132C,1769.6203415443442,0.34583943278980184,0.10767739381388322,8.684847432224757e-4,0.0034934887658819506
YGR133W,248.48354475847435,0.027032300276820777,0.2147529239174036,0.8856613894114768,0.9407909876819948
YGR134W,781.7546014274545,-0.07712758837987156,0.1436516018655607,0.5672693056362869,0.7223465979998237
YGR135W,3634.1478611917582,0.19403257011422412,0.0911733311605135,0.03049090925705941,0.0777030647747966
YGR136W,1311.090068892027,0.36014476909015986,0.11985312823044081,0.0016882074388537979,0.0062809837646188305
YGR138C,1667.7680483313497,-0.7303004858736599,0.11145666792758385,1.2729533333947004e-11,1.4835189341953653e-10
YGR140W,671.9715358222641,-0.3817766329976443,0.1551525142918584,0.007992728230392286,0.024728813417955568
YGR141W,958.2848079255114,0.6576450947072868,0.13807697026799454,5.715308220784262e-7,3.969749420254981e-6
YGR142W,722.9312854844752,1.0639429771699511,0.17105114104970168,6.272365882515228e-11,6.97889464324383e-10
YGR143W,1718.1313415673278,0.019105893513572832,0.10611095459246607,0.8555163902874998,0.9263787813642164
YGR144W,62.028098311281084,0.13520896207725025,0.33569280363897674,0.5308172656319771,0.6884164098156518
YGR145W,1929.1796702076463,-1.0599934670655913,0.10645466427444852,3.581429744710182e-24,9.142723465175732e-23
YGR146C,315.43538477451955,1.0384559140553165,0.23754138669153652,1.5992723381753645e-6,1.044397450522716e-5
YGR146C-A,2.0995277757772333,-0.028794523009333772,0.4203673919022295,0.6552536249755213,0.7900997539908664
YGR147C,789.4852407974342,-0.08402291655116487,0.13983463284527323,0.5210676524784704,0.6786226449820049
YGR148C,15196.020695945914,-0.29844514062765604,0.06947474025173044,1.3739159646721304e-5,7.835572962931869e-5
YGR149W,857.5828075005775,0.3386784223411001,0.14073037189684298,0.01051800727863859,0.031183855667235683
YGR150C,948.2095012776359,-0.2609035099488649,0.1333475884762264,0.03790686887119034,0.09321801740342345
YGR152C,823.4467677831603,-0.16351509964025607,0.1453164008757931,0.2286419243184729,0.38314902748111246
YGR153W,99.27439310632116,0.2583143195334451,0.3167024376856995,0.25655229641106564,0.41769433791718774
YGR154C,283.64723983916355,0.2410542844234248,0.21359902525848304,0.1928904404886904,0.3366306385208071
YGR155W,12180.642712171622,-0.65765171000271,0.07007672415077584,1.785215313746892e-21,3.942851949500158e-20
YGR156W,760.1809681355596,-0.4275229339449602,0.15679952746224313,0.0032497398240558945,0.011239715977981003
YGR157W,8958.68460508968,-0.2995097609899361,0.07254493765546802,3.0117352242966376e-5,1.629376386942869e-4
YGR158C,459.4007386274386,-0.5019243029042282,0.18592924266050978,0.002856016529351825,0.010078952407892108
YGR159C,5994.349868992107,-1.732666429688183,0.08272486206767292,1.2368520003755146e-98,1.6576627832305476e-96
YGR161C,291.0972440148719,0.7770828534586274,0.24109678344659422,2.514128614891941e-4,0.0011413253612022924
YGR161C-C,0,NA,NA,NA,NA
YGR161C-D,1207.6639090678232,-0.06412630246910533,0.1323217816007068,0.60496187747891506,0.7531053813580668
YGR161W-A,0,NA,NA,NA,NA
YGR161W-B,3501.7861190441513,0.6590653748702647,0.08877014666812148,3.672237264289975e-14,5.268901009128463e-13
YGR161W-C,58.74116425652382,1.0409986682685992,0.5646057247809437,0.005495418146359828,0.017864653147234788
YGR162W,7869.772374081979,-1.0158590960952651,0.07562633527844724,5.88352595425395e-42,2.7979961735673824e-40
YGR163W,821.764580714237,0.12219394085236773,0.13817945037462395,0.34617943571511645,0.5166844172138805
YGR164W,15.036362163110251,-0.4828697967649581,0.8025104186626353,0.027291111684773568,0.07095929700401662
YGR165W,750.1710807093464,-0.06883980917176563,0.14252475836412154,0.6068168214299874,0.7538595115807688
YGR166W,534.8317312924466,-0.3458889168827668,0.16997875602485182,0.025966076182286545,0.06790330432236974
YGR167W,2352.9946722617306,0.31439658620285527,0.0998607080124839,0.001180073111975245,0.0045842497637141105
YGR168C,373.7834380265532,-0.08990206231478115,0.1854969910178736,0.5886381437151849,0.7393395385491897
YGR169C,400.8234148055036,-0.3054447251215664,0.19060716624688906,0.07223801756823324,0.15649801234381755
YGR169C-A,329.29953001026956,-0.08561219191470998,0.19450977668082883,0.6188986560069547,0.764593602989716
YGR170W,2042.1398594880445,-0.08048653812366509,0.10483490972693865,0.42691001098973985,0.5940274504026654
YGR171C,444.8076919546796,0.017451197316398055,0.1733800681513765,0.9138099352468873,0.9583384649032357
YGR172C,980.8657633156731,-0.055217402068861554,0.12978886649075147,0.6536170499591709,0.7891392491172781
YGR173W,1383.8112738458617,-0.4056634856887649,0.11719221368002777,3.0476308880146124e-4,0.0013563682525752582
YGR174C,385.860796421272,0.5058417531081055,0.20367125028893152,0.005211605192963017,0.017017074099060305
YGR174W-A,0,NA,NA,NA,NA
YGR175C,6213.651891104602,-0.2707352419192105,0.07957517704385561,5.105041385708256e-4,0.0021533926360172806
YGR177C,586.3654603769813,-0.6376962516316053,0.1779007277553033,9.704463943271739e-5,4.804972617420105e-4
YGR178C,4701.725546142105,-0.033938921351761506,0.08283436236958787,0.6703965600232935,0.8015456947554083
YGR179C,452.7540941923287,0.14417144882224237,0.17396402213918757,0.36377427054768285,0.5334933781197926
YGR180C,6323.79093404478,-0.24912227572305307,0.07917055465444632,0.0013090576238222655,0.005028998571778436
YGR181W,374.3480150390038,0.07795372474669693,0.19300076415078618,0.6507406092856971,0.7872968282070314
YGR183C,104.36175675727866,0.3882172719590464,0.34815948987991474,0.11103042466999058,0.21890552132361565
YGR184C,2348.8367535923185,-0.08385457003740045,0.09634957211330616,0.3626984122106408,0.5321802778815996
YGR185C,6671.828867235891,-0.2839189674704628,0.07626964712867833,1.4311276822250425e-4,6.839027505738311e-4
YGR186W,3685.7074471387996,-0.11740344685400339,0.08917730101539463,0.1662330216162067,0.3006059884914967
YGR187C,1345.0762908577317,-0.6393120796406554,0.11986855979979902,2.7740829034242113e-8,2.278379788508715e-7
YGR188C,388.0596405397916,-0.3402384903367232,0.19460464345042022,0.048985065775699055,0.11469903318138493
YGR189C,6472.663543994094,0.28109876753315627,0.07623261853833509,1.7753137758068902e-4,8.308750266613677e-4
YGR191W,2522.9743878751246,-0.1910753062423506,0.099381151438635,0.04370905200656865,0.10431091852801914
YGR192C,275572.748621731,0.2296023105928637,0.06535912502959076,3.651329913046876e-4,0.0015914185142082355
YGR193C,1844.2183961214332,0.21755538120080184,0.1051176318967312,0.032332917948326254,0.08130798172336032
YGR194C,1054.7788900457579,0.7851032077746896,0.13305655107303163,8.248767232340121e-10,8.230622735889965e-9
YGR195W,657.4429450069097,-0.3413795335375905,0.15524588914504178,0.017720138351761363,0.04905899336166045
YGR196C,1303.0460045551004,-0.010573635424404083,0.11787636624910551,0.9244020156783094,0.9631093085609523
YGR197C,468.0034027229109,-0.045088999443061176,0.17214838854518683,0.771795994217304,0.8720599689403031
YGR198W,1287.6876966200437,-0.112010483232237,0.12744395930848063,0.35405780825123884,0.523803034434911
YGR199W,1883.0609354641915,0.3918525823826994,0.10703131278303504,1.4910827622047662e-4,7.096783735852708e-4
YGR200C,2657.3575166975124,-0.5674620090843268,0.09549008984673381,1.2179334222214439e-9,1.1950338420698592e-8
YGR201C,359.0830563986776,0.944398222680554,0.21451657494205792,1.7102096129364744e-6,1.1106945030271355e-5
YGR202C,899.7818642161571,-0.32003131486285613,0.14273426273157258,0.016623269422615727,0.04645849278917769
YGR203W,164.2269707643378,0.02478522869560581,0.24611076351903063,0.9035508839064832,0.9531734458670004
YGR204C-A,0,NA,NA,NA,NA
YGR204W,7696.095384534259,0.13242089722095923,0.07498915816664783,0.06934251077045414,0.15133707846534716
YGR205W,499.4280755387882,0.4302140801051971,0.17726280422779214,0.007638525545279399,0.02379523779213556
YGR206W,103.66222383879206,-0.007475289437823272,0.28143070370503354,0.9695234160624744,0.9848888173161776
YGR207C,1250.2289900514945,0.5785530515306292,0.12340721261224254,1.0133796652173513e-6,6.814024955287025e-6
YGR208W,949.1482544335347,-0.0672567765371309,0.13041868251014677,0.5870099115906178,0.7383953602068842
YGR209C,1299.845841310337,1.1884228920750042,0.12796713427366366,1.8968589289624413e-21,4.17379742689982e-20
YGR210C,2246.454842256402,-0.30823662792342166,0.0991127917580594,0.0015265557366454135,0.005754716064543518
YGR211W,1985.5653832325631,-0.5657759602998426,0.10465492758590657,2.806960334507428e-8,2.302175951681544e-7
YGR212W,244.49075194000645,0.03592639749072697,0.21524812754616438,0.848153990839917,0.9224574112842109
YGR213C,127.97637284451366,0.10153058386206551,0.27032416016444843,0.6292700977824981,0.7721193854813547
YGR214W,22155.181711687455,-0.3197218569028177,0.0666808242791779,8.652097190612862e-7,5.884823198736337e-6
YGR215W,213.6860422946688,0.4328211992734059,0.2564686768928749,0.04199949119681753,0.10100774860833318
YGR216C,803.4215665420509,-0.26225452727763443,0.14171286261649735,0.04868475454024656,0.11415268291206121
YGR217W,852.4223356796346,-0.5119979328224716,0.14577020045125114,1.8522145610712392e-4,8.654920179585657e-4
YGR218W,4508.406860971935,-0.2385535238642593,0.0821019333499375,0.002994649227627699,0.010505322126900977
YGR220C,846.4513165920254,0.17260126406558093,0.1403355515089055,0.18833124969921014,0.3304342099006969
YGR221C,588.7644817670878,-0.3418376782669543,0.16319705253301509,0.021202194770326945,0.05714320957980713
YGR222W,622.4542159909464,0.09475713758177946,0.154124052239624,0.5098205450674611,0.670027134892538
YGR223C,890.826640698897,0.391561774716493,0.1409211692552619,0.0031456082117113492,0.010937294589894946
YGR224W,348.3931350384595,-0.1331147502358488,0.19210645204000196,0.435460520803058,0.601243430385304
YGR225W,76.74997903455385,0.40099163927174186,0.3883488701650634,0.11176463416515978,0.22013773486520982
YGR227C-A,1.9985685334889574,0.055638160329102106,0.4265186100663543,0.3251241273058694,0.495329800825328
YGR227W,861.04801016046,0.03111678133000909,0.1350086560524633,0.8090400793977042,0.8961137017671414
YGR229C,3482.2685438524304,-0.22414049766516303,0.08717094411333308,0.008464519416061043,0.0258762420925412
YGR230W,152.6819756207141,0.8793274942907923,0.32722651639131684,0.0010833285839959392,0.004250239203214972
YGR231C,2121.4969614644674,0.4058937467312282,0.10221207415289293,4.1138369108983976e-5,2.1757216379881479e-4
YGR232W,941.3207617533365,0.12593616368646637,0.13271643510593853,0.317925939626088,0.48756618806749175
YGR233C,1965.6849098877644,1.9512721993568451,0.1154011428693228,2.2630430266439786e-65,1.9340818446550062e-63
YGR234W,5508.369121254352,-1.4352465807131503,0.17189111895422726,5.4235215177436326e-18,9.810584782249756e-17
YGR235C,863.2456872819208,0.4856989841959022,0.14186825202014194,2.8245592013567336e-4,0.001271482871022951
YGR236C,6.699235937307734,0.12578938030232487,0.437157824887885,0.22823590438739888,0.3829552875162106
YGR237C,1136.5767878118502,0.31795548613834185,0.12607599735364441,0.008076011548269878,0.024947218491433984
YGR238C,897.2789445130143,-0.7380399670944424,0.14741668141032105,1.3118763294090427e-7,9.817429840767926e-7
YGR239C,288.130391438625,-0.20919046388964233,0.21321912041393565,0.25544539397697535,0.416582269989553
YGR240C,15518.608678220691,-0.0895394307201306,0.06883541376750628,0.18570879957274142,0.32663277446067995
YGR240C-A,16.205177839983467,0.14260210880556928,0.4151189242402175,0.39169992186423025,0.5613255016362979
YGR241C,1140.3813538791774,0.1733290938756578,0.13068999855809038,0.16236329097011806,0.2949276616860843
YGR243W,121.61992561828303,1.8115996149185338,0.3903225432201145,2.1478336284319098e-7,1.5675463993642291e-6
YGR244C,3983.0674073790806,0.8107480227987778,0.0864533774303663,1.4861204016179858e-21,3.307038493713684e-20
YGR245C,3334.5197313082867,-1.1422086352353156,0.090029353059343,9.193193900453856e-38,4.0157232911834364e-36
YGR246C,1016.4667090404835,-0.17524434822325446,0.12846672472157558,0.15354003015375622,0.2832768737646591
YGR247W,320.4921922661818,-0.08094493749000421,0.19603730854421608,0.6399842896903782,0.779427376353606
YGR248W,1326.6285844729134,3.2821496885064088,0.13542748270569643,6.612708338853671e-131,1.1816709416430333e-128
YGR249W,51.4684230321072,0.18277794705848574,0.36550606974453115,0.3960474698008972,0.5651021930354148
YGR250C,1424.3052409693835,0.18229278412168942,0.11612927590796351,0.10225144917111563,0.20558363305900745
YGR251W,326.2068595352526,-0.5229289090743441,0.21637480359800293,0.005827134289591846,0.018787649483719582
YGR252W,965.8186739702566,0.05068213645739261,0.12970757599520374,0.6847603993840957,0.8122179649820261
YGR253C,2962.707307003092,0.38199280011781817,0.09259313127629486,2.7938998650463362e-5,1.5326165120165808e-4
YGR254W,18555.307636582664,0.17347481007819104,0.06959709973733927,0.011512942654954755,0.033793839141995116
YGR255C,1561.2840939394503,0.43957103739035003,0.11275104590879564,5.077775555930954e-5,2.6428634115908945e-4
YGR256W,605.2182015885628,3.2680995360077767,0.1894943500277533,5.984603145405322e-68,5.429416115146951e-66
YGR257C,742.4683303744737,-0.13002465953193584,0.14365984556088154,0.33497893911973237,0.5054684759439769
YGR258C,1056.1465298475446,0.07328940967300057,0.12623555501464398,0.5438650354413881,0.7011744892868093
YGR260W,4290.252502383913,0.020819722031579717,0.08316214511125436,0.7833011104123704,0.8793311723018747
YGR261C,2309.7942467786183,-0.10092583907574132,0.09687029825450222,0.2634641549002918,0.4252443274679996
YGR262C,600.7876966826799,-0.2279765233825057,0.15811251963296213,0.11206581433974634,0.22050454026075547
YGR263C,444.97845846323213,0.07979038118269173,0.1735589018156952,0.6153429318537595,0.7613674505122997
YGR264C,7011.493035106363,-0.8305701093826081,0.07581953462220735,2.325526499441226e-28,7.405508421976057e-27
YGR266W,1280.536564688046,0.5365648801173384,0.12204941394669803,4.421409986178901e-6,2.7074823144856678e-5
YGR267C,2032.947621487925,-0.13926666662601056,0.10111004982449369,0.15128848683345106,0.2804251727338079
YGR268C,362.6215149622644,0.4281278532447148,0.20318873934521006,0.01709661598657368,0.047556011543785366
YGR270W,3229.2752971639748,-0.028719876964859482,0.08811272810836272,0.7313530988340453,0.8429071875792995
YGR271C-A,523.5814503104077,-0.9572316133918681,0.18161050272720464,2.1721980610746378e-8,1.811803672723782e-7
YGR271W,1358.62220955773,-0.038768347037932166,0.1151569477807227,0.7221469666226474,0.8366406016058452
YGR273C,0.6780528129236139,3.8383434871385e-4,0.4237290691048322,0.9664770933738293,NA
YGR274C,1314.0497430774915,-0.06142553901296103,0.11626725496574657,0.580203597055547,0.7330488875203749
YGR275W,648.7694123752083,0.04649936464029862,0.1505761289095044,0.7423143260532699,0.8518053280280469
YGR276C,1120.7335547905584,-0.2075524799295288,0.12488451274732748,0.08101744467806365,0.1711787428400363
YGR277C,840.3105077034463,0.183707438943166,0.13814979678884728,0.15908182167682347,0.29052508591769216
YGR278W,497.08826220620085,0.13650038896561775,0.16993765029718336,0.3806992513834675,0.550798465852646
YGR279C,8566.857664799107,-0.25786183915764205,0.07628628208614505,5.846557377116987e-4,0.002433108599354896
YGR280C,1411.6860345090267,-0.9406821131900376,0.11873761211364471,3.7206209951892515e-16,5.9783384219703035e-15
YGR281W,2246.666817336316,0.18065757806438787,0.09814924023992991,0.05864689562427493,0.132246332951048
YGR282C,13262.247108307067,-0.05085939428007142,0.06935143839389324,0.4711973313484642,0.6361581082463598
YGR283C,494.29396117622935,-0.3308736321203182,0.17515628366852054,0.037524294049820106,0.0924313959948994
YGR284C,2331.9556485432367,0.24555911193290214,0.09748299299896442,0.00984302795445125,0.02958426903537157
YGR285C,12215.495988945177,-0.4030022667186125,0.07147861364914626,9.762934791117313e-9,8.60568407521955e-8
YGR286C,775.7677265924876,0.13527740847746172,0.14848000441270395,0.33028834170686583,0.5001578124339052
YGR287C,179.09578250528682,0.47766683294055573,0.2856925197103272,0.03585722905175641,0.08903161251292949
YGR288W,250.07566133728497,0.21615645052739044,0.2248129297764638,0.25932122670838204,0.4201392460988108
YGR289C,288.22624754506074,0.40579620204579936,0.22487789801775795,0.03587458069353698,0.08903720637617323
YGR292W,60.938472663939436,0.0188476894925657,0.32718395600283695,0.9294837027051799,0.9654535761490162
YGR294W,16.366497337994097,-0.19046272673451373,0.43778809123474416,0.2632466372255054,0.42507267790766845
YGR295C,2562.8877451509725,0.016709987093931282,0.10234397776076386,0.8717139319968472,0.932571715507501
YGR296W,244.22769580362524,0.015859720417641048,0.42337060854789466,0.18572150123226386,0.32663277446067995
YHL001W,5508.322826113351,-0.2448471134500374,0.0823386019163605,0.002110267757729139,0.007686379843933744
YHL002W,1002.5995762992383,0.01488183832046907,0.12786409290968706,0.9043091134049884,0.9536321247763262
YHL003C,2554.7571676843345,-0.26674723799288125,0.09561618441462064,0.00437312651430621,0.014586157836461382
YHL004W,1054.3408056875023,-0.05838623449216544,0.12555474660114432,0.6252648705575452,0.7689649513405306
YHL005C,1.8144746105958585,-3.1632649925284205e-4,0.4191079569123177,0.9956054637664216,0.997552403120231
YHL006C,155.24183852218624,0.37191893381337365,0.2867071592269046,0.09693764969960597,0.19718569171389322
YHL007C,2423.8869515931224,-0.23282974141790255,0.10202660381362896,0.016379020444372745,0.04590640853634319
YHL008C,980.8137249214524,0.20603006958085732,0.13154100862146265,0.09888457178353173,0.2001793064907266
YHL009C,387.28720207620154,0.11109938806297497,0.18456599000670112,0.5047480885872608,0.6671462948373348
YHL009W-A,0,NA,NA,NA,NA
YHL009W-B,392.36497483399086,0.03283423921118898,0.20332650721828577,0.8549746614756261,0.9261178506101702
YHL010C,534.5331330117077,0.25544405002164405,0.16650996254874978,0.09457750215412236,0.1933854126916989
YHL011C,2591.976562039626,-0.4288528819457122,0.09812489524112228,7.069981724257019e-6,4.1691682227943644e-5
YHL012W,153.98162888550857,-0.8747506200151377,0.3240825118908674,0.0010360037717184619,0.004089233093590207
YHL013C,553.8901401452409,-0.13460554112759096,0.16403814164456673,0.3717581546387369,0.542101344684627
YHL014C,422.2589816395333,-0.24677496362754367,0.18301665819477864,0.13781210712773526,0.2610575708291082
YHL015W,15946.636653835298,-0.3935100294244094,0.06823360098565509,5.072734089639761e-9,4.616344587439147e-8
YHL015W-A,0,NA,NA,NA,NA
YHL016C,458.6473248316763,-0.09050834685492114,0.1716814982213573,0.5557896240131465,0.7126530577963742
YHL017W,1264.3501036907205,-0.12407654872468203,0.1182005856280473,0.27377307278676094,0.43799235220388744
YHL018W,51.69479173499316,0.06887776401891013,0.33685371398819336,0.7412600608259008,0.8510924023929785
YHL019C,834.6216905121878,0.21587401694586764,0.14126638413816048,0.10550204185210578,0.2107539094857276
YHL020C,1812.192401765576,-0.34858640970059945,0.10672198359558879,7.10028512069907e-4,0.0029056475611910076
YHL021C,1874.69165648468,2.6229975854629846,0.11382114148613562,9.667511674516177e-119,1.5835921206839415e-116
YHL022C,93.03590266986174,-0.05037232348694505,0.29076113662170344,0.8102326642698606,0.8967608898647463
YHL023C,1339.4969680538015,-0.06770862599908058,0.11884205936168997,0.5515788377574977,0.7084862570803667
YHL024W,437.4634220619932,0.31806105815158225,0.1835164094942831,0.05181944774252145,0.11988202563265948
YHL025W,1230.420203495978,-0.12221591572411364,0.11925659845358579,0.28779470498625254,0.45377683831655913
YHL026C,311.18377201920197,-0.3812147209210618,0.21478267534389614,0.04091141636969938,0.09891216643692313
YHL027W,1648.5062144894982,0.046869212288463656,0.11069883915216994,0.6652080800608132,0.7974653482656262
YHL028W,1093.8686176514163,-0.8493703220020348,0.1346149709234997,5.3814270982560024e-11,6.056159465346497e-10
YHL029C,926.4650461613693,-0.5358955762846896,0.13840374848391918,4.3106755734638427e-5,2.2716759478745558e-4
YHL030W,2006.8883849647123,0.1678192129309342,0.10206700712249485,0.08941426490945993,0.18507403305408396
YHL031C,680.4653518942895,0.3379723810527011,0.15358277577050128,0.018002632042926965,0.049631379690107676
YHL032C,1192.0674620898924,0.07021040920431501,0.12033017082241715,0.5435641063340749,0.7010800010439163
YHL033C,13723.283823453141,-0.45756416280863144,0.07075893904950573,5.7983937027032186e-11,6.51297669806493e-10
YHL034C,6777.691801083865,0.11022425310930588,0.08029691870607149,0.15487226038816404,0.28486641282252134
YHL035C,926.6048547894487,-0.1558044981037949,0.13475193695151857,0.21608899321744954,0.366441024641406
YHL036W,165.79710477314825,0.277800437029959,0.2668550996023101,0.19206221829724007,0.33558248927372586
YHL037C,6.119991412768767,0.01964935301456372,0.4088527003195654,0.8619444636783037,0.9288900771767099
YHL038C,559.3017747554424,0.06345679133366106,0.15895146453505338,0.6679764935667396,0.7999710362638228
YHL039W,1267.9094223314357,-0.7477424742756786,0.12313314783720655,2.8339593769530734e-10,2.9526251671187762e-9
YHL040C,500.3041726397854,-1.0543923007905212,0.18282814253137178,1.1251237021025044e-9,1.1089924059129098e-8
YHL041W,0.7785307950696052,-0.0030745262213872156,0.42365653142031,0.8443526705529307,NA
YHL042W,24.7145864800798,0.20324653903506612,0.4220021349044342,0.29563953309261287,0.46280497123629893
YHL043W,74.56895648732142,0.23012198151542124,0.3400784826087355,0.3120207102421574,0.4819240776055532
YHL044W,160.6928968473613,0.030626123298163173,0.24839302614678468,0.8810693089017628,0.9376765411647167
YHL045W,5.051582833052676,-0.10686019654232812,0.4356035555235679,0.17591935053918514,0.31426731600411234
YHL046C,4.469735879079517,0.07495619818221719,0.4258985458787191,0.31590659499901586,0.4857764913370403
YHL047C,562.7111396004163,-0.6117834296165986,0.1710517953935066,1.021333942087229e-4,5.029580154790975e-4
YHL048C-A,0,NA,NA,NA,NA
YHL048W,636.7971112145418,0.18902023099412513,0.15426413670286399,0.18779070910744797,0.32958387250197047
YHL049C,77.16325188539373,0.1522725643084778,0.318956195753797,0.48816406506825233,0.6527672316797016
YHL050C,542.2201614853426,0.19573790750876782,0.16374382442188465,0.19455123306824829,0.3387270804261766
YHR001W,1560.7738819869269,0.5399768470264037,0.11471705939945842,1.0249141457515822e-6,6.883734302388474e-6
YHR001W-A,107.70430970246275,0.38201462356823673,0.3401807475748078,0.11358375786178179,0.2230447619417007
YHR002W,254.15744987979625,0.28556903449691984,0.22651820066781755,0.13883908762048303,0.26249890981019186
YHR003C,1063.1412158511102,-0.4562305985738238,0.13047400678647056,2.377987621417361e-4,0.0010853709755029549
YHR004C,751.5782219073704,0.21873582860357033,0.14484659171339126,0.10910355949578758,0.21604556425341148
YHR005C,2879.638409699639,0.021038498205710056,0.09152934513893912,0.8131567418918523,0.898172920847254
YHR005C-A,1079.7025112154438,-0.06794292821556493,0.1261607057989374,0.5774237215378406,0.7308580566449123
YHR006W,1125.7979864283102,0.032531024373547025,0.12255152680293119,0.7823190749818669,0.8785392370073578
YHR007C,12220.41432374905,-0.3891790208078525,0.0695502841556587,1.2735979300693775e-8,1.0996203504566792e-7
YHR007C-A,3.9055713656736497,0.022247366884454233,0.41479223542462224,0.8061123508266158,0.8939083328310957
YHR008C,2897.8410082641904,0.6458747846236359,0.09363294511585517,1.5422196457745052e-12,1.9349934576877143e-11
YHR009C,2256.6121709521994,-0.24992789537901416,0.09866936239589992,0.010020159674028513,0.03002483821023686
YHR010W,16984.17020898068,-0.18734387859231924,0.067762414782783,0.006662446069174809,0.021111469355144463
YHR011W,320.12101689221817,0.3461972465049718,0.21043969748706443,0.05829916729631086,0.13177086605839217
YHR012W,1024.9988060931619,0.20968891388463112,0.12879655835879023,0.08694037017152734,0.1810976202407265
YHR013C,1148.0069644973219,-0.34906949081293304,0.12729674463830215,0.0037929064176592674,0.01289894414356211
YHR014W,72.70474469598342,0.022344012834063974,0.3090707572293672,0.9183407545517768,0.9601871329063525
YHR015W,70.29078913121548,-0.0079837935459198,0.3128032282727356,0.9674501746421957,0.9836299448043153
YHR016C,1559.6064612025864,1.0472859967207948,0.11550075695136187,1.8147524456582878e-20,3.8219982757310444e-19
YHR017W,789.8809831324047,0.4585816795521551,0.14689030928626143,8.741696799505861e-4,0.0035139493067653936
YHR018C,7950.674677194982,-0.0013379295459259157,0.07472737922370802,0.9816728294714644,0.9907281922752191
YHR019C,13359.626262368733,-0.5393503658371797,0.0689685513421746,2.030010297282115e-15,3.117440292466831e-14
YHR020W,6731.741094329861,-0.903202335566529,0.07744932028729379,3.7763937188325595e-32,1.455515932023242e-30
YHR021C,4384.3443934973675,-0.32067260464074154,0.08936918317199027,2.1927772374474258e-4,0.0010118002636328224
YHR021W-A,29.02256270138355,0.06603944644299124,0.3719442445493622,0.7216523810978227,0.8362318906138457
YHR022C,110.06733409125266,-0.01889866600643045,0.2803750235646172,0.9258801255752847,0.9639808579904269
YHR022C-A,0,NA,NA,NA,NA
YHR023W,2319.989320892629,-0.036077129384661094,0.09807108383785981,0.7224357175753046,0.8368107300219153
YHR024C,1381.922287110934,0.023270287584267198,0.1140479024292788,0.8332244776070258,0.9116001381166291
YHR025W,3931.349027265321,-0.1920210509747183,0.08600074427264183,0.023840970012684582,0.0633289189931536
YHR026W,3107.001351683459,-0.3449800929912198,0.09026404195807904,8.818836277157819e-5,4.407176061559293e-4
YHR027C,8177.55345181315,0.11571218969646614,0.07264189892945927,0.10608254599829516,0.21148369633263914
YHR028C,3933.8177332830483,0.3852110892592775,0.08556671388939506,5.065123106125905e-6,3.0761102942146715e-5
YHR029C,792.4211705901105,0.11356801213170728,0.14363375833811973,0.39700226446123305,0.5655899934774634
YHR030C,1468.722020618125,-0.07979820296221382,0.11295429169471104,0.46087975634891687,0.6258264057596151
YHR031C,727.1367269375494,-0.3596534987114953,0.1513028179950504,0.010630907352364327,0.03147111478759661
YHR032W,1672.9136809836525,-0.3880258575287629,0.11520353869720255,4.62321481275485e-4,0.001972620747621407
YHR033W,898.6437822452041,0.8290975472212688,0.1419759283652098,1.0868311795267753e-9,1.075342863367348e-8
YHR034C,469.22987556209307,0.06423103533159129,0.17013534617208853,0.6814467043456837,0.8102621495857594
YHR035W,156.77165152276942,-0.17680899450316892,0.26112931271558487,0.3934300729531928,0.5633533988294874
YHR036W,533.2294944542315,-0.3619733705434519,0.16977192135880417,0.019703444999712973,0.05368883460788
YHR037W,1989.0438578321543,0.20743830255540155,0.10341801307012795,0.03850268851764247,0.09448620648711512
YHR038W,195.33141071505582,0.3815248661267191,0.26181467950209664,0.07366241197918776,0.1587092595693351
YHR039C,3602.299328996685,0.009887547809319207,0.08558936406711108,0.9069602196897797,0.9549301390666312
YHR039C-A,3609.7254666395647,-0.16985276493130944,0.08611198546580714,0.04099693068342052,0.0990409259484354
YHR040W,538.2702782344608,-0.7648378397266457,0.1775340376446421,3.5374301330788115e-6,2.188900891371013e-5
YHR041C,814.6763644711739,-0.26861411039562993,0.14112885048933613,0.04269437446188306,0.10234501065110747
YHR042W,5854.015756670897,-0.3915681087246593,0.07908373053696265,4.619778620665492e-7,3.243194586436239e-6
YHR043C,976.343417516526,0.4916274886599718,0.13518483046851293,1.0652978659830348e-4,5.217659066197638e-4
YHR044C,160.88657522386137,0.12338201815120667,0.25421490066500585,0.5474544281275604,0.7045697867019257
YHR045W,1296.294149035849,-0.19284015198641932,0.1201567142830387,0.09332849052715096,0.19136234653637316
YHR046C,641.2852839133295,0.08130435982473035,0.1511087219671529,0.5656129479159033,0.720786833364417
YHR047C,997.3080747035004,-0.1627916042343571,0.12919159537408925,0.1846627364576005,0.32535290017641777
YHR048W,331.0179828725955,-0.260883307967746,0.20234410332519218,0.14184046873781553,0.26654979099646214
YHR049W,1744.1516002782382,-0.27508533238210414,0.12088288388520847,0.018680123342780703,0.051235668535989674
YHR050W,1791.2475096310004,0.016748979391370173,0.10466063019751613,0.8715419523776458,0.932571715507501
YHR050W-A,1.296000716932663,-0.036241959508830544,0.4244805763582049,0.48683393111483614,NA
YHR051W,990.8924866518003,0.4217894086030518,0.13409765141052093,8.107107151908028e-4,0.0032834897578847277
YHR052C-B,97.51453916287915,-0.053803171427566784,0.2887366958173685,0.7975830575669045,0.8887614558184713
YHR052W,1752.4724338700685,-0.9494877152321456,0.10974359240642244,7.444323948059163e-19,1.4161025265066092e-17
YHR053C,415.667604060034,-0.27543982181108156,0.19832471127178797,0.11452926667759193,0.22467700785021943
YHR054C,553.8645478948877,0.2084158878627968,0.16577930218491568,0.17122693772571906,0.30793694777937336
YHR054C-B,319.09698331228935,-0.287881282465787,0.20721742375742538,0.11223866790708063,0.22062380821601815
YHR055C,417.20033510835947,-0.277007482896308,0.19762091539622467,0.1114569970553791,0.21967309880868002
YHR056C,1414.6817700165445,-0.3824167730859045,0.1198915739802589,8.747630290540272e-4,0.0035139493067653936
YHR057C,1265.4654590712144,0.4234281016161491,0.12226667171926348,2.903755298026934e-4,0.0013021631172977057
YHR058C,361.81595503454787,0.11715024659701795,0.18970850401297687,0.4905453962967689,0.6541714613211321
YHR059W,160.30331303374746,0.060220694603346774,0.249016228396382,0.7671793371990818,0.8690779611210366
YHR060W,691.0759358084798,-0.0017813646171046273,0.14679222796610372,0.9832967678366965,0.9907281922752191
YHR061C,287.3616817882135,-0.08365802677778222,0.2047743259971467,0.6391909903036327,0.7790381683910675
YHR062C,455.03259093914403,-0.4598592805131319,0.18457494945446376,0.00585038018770835,0.01884199452043481
YHR063C,1908.6202204669814,0.1827606117444358,0.1052963612286345,0.07301923969825753,0.15784254270550757
YHR064C,12196.594816991821,-0.42547172485440954,0.06956291637037726,5.17488295732955e-10,5.234354167988398e-9
YHR065C,1510.8413646607494,-0.3065333885580476,0.11981869170149734,0.007390284353245488,0.023099498202914796
YHR066W,1216.2644282299739,-0.7460161898218151,0.12907844522907905,1.7689123955544801e-9,1.7030567345040416e-8
YHR067W,580.707698360487,-0.059702915413137374,0.1584207286272658,0.682194328541157,0.8108560763925652
YHR068W,5354.1553072060715,-0.5107354224799414,0.08106107558144829,1.3061073277817276e-10,1.4003845294416088e-9
YHR069C,908.7698726921542,-0.3680511629154507,0.13762338167302904,0.00456541343898995,0.015167460873083797
YHR070W,902.7593138886973,-0.3656759020821883,0.1376845296537942,0.004892656911145722,0.016127444273351773
YHR071W,2413.2303173107116,0.1200140359896521,0.096604457637645,0.203087584323775,0.3493348711367685
YHR072W,2390.7515831430856,-0.24359298514175978,0.09957572080967314,0.011596143995441888,0.033987306730179336
YHR072W-A,234.1827082844453,-0.33120444002607136,0.24440304671447902,0.10176906859545602,0.20482327559979666
YHR073W,2188.9366985599236,-0.13456181799934352,0.10014909578680839,0.16588031635626688,0.3001522631337545
YHR074W,3174.430591706497,0.01856905703033,0.08853810155784321,0.8413418873815228,0.9169087247992681
YHR075C,376.86227004247553,0.30076696324310487,0.19380275150615361,0.0812933483829311,0.17163869509994442
YHR076W,980.6569608996824,0.22288075784597183,0.1312420891189227,0.07354867304772192,0.1585800822531686
YHR077C,2691.8704096277024,-0.41157833303854024,0.09479516940463692,7.830862442245103e-6,4.6040474398723206e-5
YHR078W,1269.3063193403057,0.012373737929732842,0.11846089413680862,0.9143133839945639,0.958525515629501
YHR079C,1158.109673834178,-0.25406875269517065,0.12332713113828389,0.030682701911771533,0.07805689955725484
YHR079C-A,0.8184226081587478,-0.016235335877422166,0.42315969289926597,0.6953021101133017,NA
YHR080C,1736.148408029769,0.2371191702331905,0.1069944715023587,0.021691563049283664,0.058275693531492374
YHR081W,598.0252910432464,-0.6399343465710859,0.1689196909367244,4.448631991712303e-5,2.3318740315668847e-4
YHR082C,2668.011671670586,0.1090496353326658,0.09308237003584421,0.23513474571515908,0.39136031484117784
YHR083W,1596.3496916148151,0.11379924819509733,0.10983697977617343,0.27748048831729455,0.44284233818865654
YHR084W,2002.731100850815,-0.34251887842969636,0.10475182844853706,6.762751318681772e-4,0.002781028209642009
YHR085W,540.1931455870482,-0.7408037405790088,0.17525887570597837,5.238841215976628e-6,3.168558630832223e-5
YHR086W,741.3946894506397,0.19717398619601081,0.14772295097155336,0.15405105401336208,0.2836495864433255
YHR086W-A,0.27015761586719667,-0.0119206026345075,0.42423607750536446,0.7407938598217132,NA
YHR087W,814.5435811141623,3.248582640106366,0.1702338145273283,1.9983294748282713e-82,2.266182483281215e-80
YHR088W,737.3573478804416,-0.8234282561983648,0.15648991665844666,2.8611224783782852e-8,2.3400886622741676e-7
YHR089C,4338.213306551289,-1.1058813968259917,0.09589381575714283,1.4079831664578423e-31,5.15706629354155e-30
YHR090C,386.60809128387115,0.08928010673117966,0.18502216759327944,0.5929729677162691,0.7428854027242062
YHR091C,706.2791733042486,0.12072035533925546,0.1533594979641319,0.39651136637468376,0.5651988222169471
YHR092C,817.9350414619948,-0.2786775045436645,0.14412743018258434,0.03905066501099814,0.09546007918053483
YHR093W,8.24499671246325,-0.04523446680435553,0.40928595600370293,0.6858972989859959,0.8127333675931409
YHR094C,6567.037985810919,0.2624574781034134,0.08183933399782539,0.0011157609352461962,0.004366053241636907
YHR096C,638.9180930888451,2.7175312887047314,0.17956557154846337,8.097653840484564e-53,5.426348261061077e-51
YHR097C,1074.390979915177,0.9632287990730842,0.1344663163510066,1.2834657768224688e-13,1.75199020507456e-12
YHR098C,3581.755462898266,0.020374069152965985,0.08573213996894002,0.8310116685026254,0.9100459297700763
YHR099W,1593.5462270802955,-0.2735969948007634,0.11036170546939414,0.010242927801761283,0.030475552596864925
YHR100C,294.2200218354434,0.014113663320039046,0.2014564349257658,0.9377739820358733,0.970340612786041
YHR101C,298.3587996831682,-0.031951436357013675,0.20028067486692266,0.8548151728095426,0.9261152074330098
YHR102W,1088.3690406128596,0.010437174706302855,0.12723438371052612,0.9327016661070817,0.9672227142042814
YHR103W,2102.165891038422,0.02961360490146544,0.10124115042516779,0.7641517058888959,0.8677455439296782
YHR104W,2988.21019159648,1.9085131562726008,0.09691014380566128,1.910000347241379e-87,2.2526544095364823e-85
YHR105W,103.97063981502421,0.20251372873768755,0.30680831914314793,0.3604972873701254,0.5299308624723061
YHR106W,653.7934843850068,0.4381957707699663,0.15963536356587774,0.003044443787373698,0.010660976849253382
YHR107C,1701.797753854022,-0.10475306861442119,0.10712865167791553,0.3134174126558347,0.48344820361795904
YHR108W,3409.0685600832126,-0.08956973690501427,0.08820335472722483,0.3000750302742667,0.46850475338293635
YHR109W,242.6904353825875,0.14681411394806698,0.22183321177780901,0.43950501922351554,0.6045628874180246
YHR110W,1210.801683520864,0.29332723983489406,0.12272656754110065,0.011004953063305397,0.03243188816307443
YHR111W,929.640924892064,0.138279107705825,0.13276350653178157,0.27023927689455857,0.4341054251831141
YHR112C,884.0069241128809,0.7408219173137636,0.1429984317033461,5.47077679770569e-8,4.278669864200326e-7
YHR113W,2063.493204639817,0.3641702908370799,0.10317728449824967,2.3699752865314613e-4,0.0010825518407959742
YHR114W,1193.762931853765,9.82140200429458e-4,0.12232993760698951,0.9933532959205127,0.9962252357216435
YHR115C,1469.499667112269,-0.08664796231412861,0.11203598100345616,0.42219357297981547,0.5910020991448349
YHR116W,138.43789122842009,0.2882458919626169,0.2929923981911429,0.19523423026978087,0.3396154147200288
YHR117W,2017.3530902733946,4.1994277342146546e-4,0.10201111297416468,0.9977929749521266,0.9983008437890551
YHR118C,419.2309879909675,0.158668793628541,0.18134976902327815,0.3334154883733722,0.503802288360745
YHR119W,1337.7690407693894,-0.22481960245223667,0.11761246891382215,0.04441651751162537,0.1058279611175979
YHR120W,578.3842774760601,-0.3149321474546638,0.1629073823001893,0.03396990962235975,0.08488159196739636
YHR121W,959.0074873923568,-0.11030102605315135,0.1304100758861472,0.3729149130896682,0.5429825290098206
YHR122W,534.5074771200158,0.1642523770067324,0.1692452176203584,0.282624001448363,0.4489015783687184
YHR123W,1762.4494475333388,-0.32135550219440306,0.10899266676986477,0.002197357913798375,0.007949582587527005
YHR124W,238.56389108551923,0.1521174552170221,0.2238325642629257,0.4254819642345506,0.5928206893008731
YHR125W,0.9732066925657753,0.014999376487240009,0.4228915955549538,0.6908611597677077,NA
YHR126C,0.1925249435925408,0.010034837227069857,0.42402251994226076,0.8510168722001032,NA
YHR127W,519.7559628976808,-0.3664494250616083,0.17458485942118362,0.020339741479433016,0.05509575356188172
YHR128W,2122.744067974956,-0.29174652603363893,0.10482239947383877,0.0037845361990127826,0.012877905346554171
YHR129C,413.1780232397858,-0.08786231528474903,0.1789641772404804,0.586765446745374,0.7382453252522874
YHR130C,17.386583083921604,-0.038194226951587945,0.3856320425548668,0.8133543855669431,0.8981930358966785
YHR131C,897.4593894164906,-0.062028143564794844,0.13312072960683066,0.6205992271717955,0.7655679597867598
YHR132C,2732.9428113260424,0.22861772714897707,0.09539686217074023,0.014741169332216612,0.04179263247696219
YHR132W-A,344.77134671896033,0.7975391831254214,0.21755257568965236,4.970941430764858e-5,2.5895443124752975e-4
YHR133C,1820.2475948134552,-0.430040882453806,0.10672222940459403,3.001852588572405e-5,1.6255210941057364e-4
YHR134W,344.8376473870859,0.008957201219176742,0.19054555578400562,0.9618342081045251,0.980964428431751
YHR135C,3058.4021717142664,-0.010185515033478424,0.09053628427619576,0.921317693432233,0.961935275879936
YHR136C,892.3724951944877,6.498466655409076,0.39207516935863407,7.303454605037177e-63,5.981732195264477e-61
YHR137W,1289.6254300205294,2.8800129123858205,0.13537430658247246,1.1418120679056412e-101,1.5658757591719922e-99
YHR138C,226.30146306291363,1.5626101656275255,0.275554713595118,1.1264820266946464e-9,1.1089924059129098e-8
YHR139C,4.723512713690114,0.07142912366539693,0.4212142667674868,0.465159391911473,0.6302952514021039
YHR139C-A,5.143659579110946,0.12909296362199627,0.4461746136244787,0.09232096675942232,0.18976490387281256
YHR140W,137.19884173502385,0.6790795566917603,0.341475854947164,0.010034866407224664,0.030046391569484597
YHR141C,9848.799448391464,-0.26982734858080776,0.07645279609582145,3.224186235339022e-4,0.0014220662849509507
YHR142W,1372.0130333294517,-0.10133913649728599,0.11468185007070537,0.3573633851600567,0.5269747142507764
YHR143W,4050.8127543151368,-0.28609027070887993,0.09045054300062343,0.0011064521318081976,0.00433538087792222
YHR143W-A,165.62901068983163,-0.06529885354102223,0.24608548643802852,0.7431194029366166,0.8521558519204319
YHR144C,443.97729565649513,-0.3091663290965176,0.18135672639518466,0.0602806968476725,0.13490522554486706
YHR146W,3226.0214937935216,-0.04503883656896574,0.08984288789016721,0.5768045577579815,0.7303879057545236
YHR147C,519.266196036922,0.4584082418687118,0.1785079147963154,0.004793096818077366,0.01584354929159318
YHR148W,317.3541518359806,-0.8641447609079803,0.22849112460611018,2.743108098364782e-5,1.5061553497259887e-4
YHR149C,1223.2886417561353,-0.27202102914723286,0.12330206271044956,0.020254203957979347,0.054914501489749065
YHR150W,484.8937847628018,0.11534836849364365,0.1799975655810939,0.4787768315502035,0.6440141866914703
YHR151C,555.3049384625621,-0.10527449746676186,0.162138590320118,0.4965292903815844,0.6594669426531989
YHR152W,745.4592339339745,0.31954711661328367,0.14976748693204625,0.022383672805711127,0.05980811895572202
YHR153C,104.14367571365035,0.08837577818782573,0.2871665638188867,0.6796363730999695,0.808679518194213
YHR154W,1729.172159604842,-0.4067558788900545,0.10891721723159216,1.0666776553524849e-4,5.220081438683489e-4
YHR155W,895.3792322495096,0.02075348077480747,0.13369102556660933,0.8704084399580556,0.932571715507501
YHR156C,184.41409297252324,-0.09211948224503402,0.2391529987466079,0.6398651449048345,0.779427376353606
YHR157W,35.05530198755916,0.014336213546456632,0.35705716718760455,0.9434715120734795,0.9732051859333957
YHR158C,1737.5148192714978,-0.21698451876587804,0.11661617367075007,0.05072072245065512,0.11771537062641303
YHR159W,393.00048618748417,0.28908946442703987,0.1904125752686361,0.08844700324333032,0.18345831098343968
YHR160C,152.26076397394405,0.21076369552085483,0.2713703512843504,0.321563540566955,0.4913520370758281
YHR161C,2118.668669241599,0.6963678301856133,0.10393084888406776,5.9114542893042185e-12,7.0997649580503e-11
YHR162W,2067.850191952257,-0.02566390856422441,0.10595255551690022,0.79929718374746,0.889666948387839
YHR163W,2969.2287687235284,-0.05343630170978069,0.09114823123290088,0.5634337582518676,0.7183932697105434
YHR164C,843.9641648117998,0.07441369681848709,0.1368989971928654,0.5660362831773291,0.7210772396002844
YHR165C,2297.652992277854,-0.3859105986522615,0.0987223953446198,5.4883113681134306e-5,2.843987006833471e-4
YHR166C,518.4076654322624,0.09765005925423277,0.16450875320673788,0.5203137697664577,0.6784919368620023
YHR167W,264.22287220606484,-0.11165722076343583,0.21235544504742068,0.5420262587913318,0.7000282190303294
YHR168W,426.81299988359797,0.03572547464431853,0.1757654044551657,0.8073415443803624,0.8944182411532731
YHR169W,691.9015502866706,-0.824138890222234,0.15795905109355218,3.563117245475021e-8,2.85873501994098e-7
YHR170W,2958.2548650961003,-0.9645136874958493,0.0949975295502923,7.40390355727586e-25,1.966703571047556e-23
YHR171W,386.3876421231711,0.6002852529158452,0.20340075706996202,0.0010082854918568992,0.003989479357246732
YHR172W,508.93642809177027,-0.2447428557760626,0.1730628457078295,0.11993462079676821,0.23303277062225441
YHR173C,31.016098819780773,-0.0169589026370501,0.35992474524898593,0.9264767500833402,0.9641371459722735
YHR174W,159527.3347987234,-0.13908842533164742,0.0671424791165579,0.04307700782356119,0.10309460841539786
YHR175W,767.5205391678815,-0.2493315206844751,0.14696263677652566,0.06899340669028883,0.1509102816218966
YHR175W-A,7.257560192544504,0.021009043989664578,0.41370368999150464,0.7906635290330242,0.8842155939537819
YHR176W,197.3110012483324,0.3395534055996603,0.2575998729433015,0.10603666006163556,0.21146370794165198
YHR177W,202.34046247685575,0.0011655306187986722,0.23265926920297547,0.9979631884401285,0.9983017679781913
YHR178W,655.1795317089529,0.07279461701999117,0.15065282553143838,0.6061507476017975,0.7538595115807688
YHR179W,7114.385794167289,-0.4361006939135645,0.1779488232069733,0.006802995554909054,0.02149907008965632
YHR180W,81.52442346227076,0.41991232682490814,0.39432565545342146,0.0992254128780731,0.20066264051508817
YHR181W,830.0741723242554,-0.038020369486043176,0.13719639966708022,0.7655987804595996,0.8686716870123457
YHR182W,569.7314589321805,-0.18137652761640152,0.1604829665721115,0.2217612207374041,0.3744919583873058
YHR183W,13798.28636929195,-1.065597868671713,0.06973555723435193,1.0483050864448673e-53,7.359351303292122e-52
YHR184W,63.20413810638839,-0.3063685215657568,0.3801698411965923,0.19686117630721414,0.3416878014762248
YHR185C,5.571541958658293,-0.06531722906325342,0.4173690913222343,0.5359347889007215,0.6940958665499185
YHR186C,1238.7922265047998,-0.33189257125216604,0.12384531015055023,0.004933364261667043,0.016252541369301987
YHR187W,519.6430862667142,-0.19445573542218006,0.1666328010938211,0.20296652513270755,0.3493348711367685
YHR188C,3162.8405353901294,0.14678662027970396,0.08951496152102892,0.09510833146356071,0.1943360466530206
YHR189W,195.98146577538228,0.06647197468135546,0.23402254433635175,0.7350984764631593,0.84649008312893
YHR190W,4278.208233063367,0.2696449822076256,0.0829273503550308,9.913520251767145e-4,0.003928765384722504
YHR191C,181.8584472974528,0.14315020639645706,0.24527364815207062,0.4771909433307671,0.6423179622966295
YHR192W,744.7303622759558,0.2003861104315655,0.14533843587913098,0.14431283316288754,0.2705922979845939
YHR193C,11886.17465383789,-0.08994208698283865,0.07376129951701839,0.21453603398616877,0.36437758998169273
YHR194W,566.3873868077577,0.12941580356166021,0.16278480212016078,0.3893071857238869,0.5589929622785227
YHR195W,969.5984794738606,0.3408751281040019,0.1354157616252254,0.007143451027073027,0.022442690839983827
YHR196W,1725.4643561970113,-0.7830539737681654,0.11088702921102521,4.051396992284188e-13,5.36878383449435e-12
YHR197W,1086.771175259274,-1.0227979776345275,0.13127243933603994,8.987212850033502e-16,1.413269178043935e-14
YHR198C,587.3002213986631,0.8322087827538391,0.1740144397079974,3.4146380057066077e-7,2.4556244292258374e-6
YHR199C,908.6249878753765,0.5001360442673257,0.13896947723236838,1.4110673428943367e-4,6.765092781339759e-4
YHR199C-A,22.588196618043487,0.10418361065822142,0.38847940905706013,0.5633339280114934,0.7183932697105434
YHR200W,2530.785816117324,0.3302115402104487,0.10164974791358328,7.989572094660574e-4,0.0032425675596843367
YHR201C,1660.9188960909432,-0.12334301046032313,0.10758753706297251,0.2335992904601258,0.389684587225845
YHR202W,377.8611984769113,0.0866251397302127,0.18626563768116836,0.6064956663239777,0.7538595115807688
YHR203C,20202.424531123586,-0.3533284943330239,0.06615875403038018,5.250251464586528e-8,4.1171187349290895e-7
YHR204W,1465.1200010210252,-0.38716749145728313,0.11720486921072709,5.514849333976196e-4,0.0023080955658238205
YHR205W,1443.454706829273,-0.24568939199682588,0.11409534549143631,0.025920162098531388,0.06781330785050559
YHR206W,1109.470911236508,-0.5255342239612255,0.13171937143394225,2.6958374533930245e-5,1.484346728539558e-4
YHR207C,833.337534192114,-0.2682609746057921,0.1408743781621439,0.04321871165328118,0.10326610316831406
YHR208W,7942.420696937311,-0.5221482139085896,0.07814793843112824,9.770677690589792e-12,1.1500536195889821e-10
YHR209W,300.87998429467007,0.7506160949907843,0.23335023584075856,2.8695936287330865e-4,0.0012878229549953583
YHR210C,88.59760460050265,0.4310865321570935,0.3884348711651375,0.09051128306559827,0.18683093014344193
YHR211W,477.8014033412802,-0.21634006195980093,0.1725783650978176,0.16852302342758851,0.30390833919036375
YHR212W-A,1.1720117029541288,-0.019917718655327377,0.4246249602271985,0.5058973636783405,NA
YHR213W,1.925249435925408,0.03004749193232599,0.4254034449651331,0.3961560905559445,0.5651021930354148
YHR213W-A,3.901269457866391,-0.02085603175396815,0.41770431263028907,0.7454208037374666,0.8531445457441829
YHR213W-B,9.70276875407553,0.08007609302077859,0.41108295167118214,0.5434210111401273,0.7010800010439163
YHR214C-B,8230.567904792166,-0.567921406016952,0.07544740658888065,1.965603738819466e-14,2.8620161105724424e-13
YHR214C-C,0,NA,NA,NA,NA
YHR214C-D,1.5507815233433977,0.040511656408568436,0.42444388782572123,0.45232342589697927,NA
YHR214C-E,3.1099940673862374,0.03321672406844599,0.4176893090968623,0.6923474711294222,0.8166964251251487
YHR214W,82.43866488803425,0.23832283394630574,0.331594507748071,0.29598575169376956,0.46322398559929917
YHR215W,9469.995716147538,6.116963189469433,0.3214986512349501,6.089955539230465e-83,7.041660355851382e-81
YHR216W,2923.233377423128,-1.667777941558851,0.09651115121959321,6.9816917957654204e-68,6.238035836307376e-66
YHR218W,196.1928568017082,0.013936182118933405,0.3665789234560828,0.9436644972221013,0.9732055858899495
YHR219W,956.061884319195,0.19575006477635293,0.31323449265624986,0.37438073576562797,0.5440421879768133
YIL001W,421.2505130291744,0.29734297458095094,0.1850962330853121,0.0738947123724249,0.15889570144633883
YIL002C,1459.237294106663,0.14490902873847533,0.11341779928980249,0.19332681687224254,0.33729237843065507
YIL002W-A,160.17417316850717,0.2710880985931255,0.2696095849910944,0.20512758475248835,0.35163876955971624
YIL003W,486.7360858262027,-0.13304657979112638,0.16951703965291173,0.3902655733003266,0.5598141779985468
YIL004C,468.7121718488555,0.12695136403782042,0.17685511383766103,0.4311946780918972,0.5968908489924689
YIL005W,2009.4164090432305,-0.03977716295445981,0.10088845113687593,0.6848139260455544,0.8122179649820261
YIL006W,202.25359774274673,0.358501609801898,0.25565742938282626,0.08740442346025104,0.1818073668942153
YIL007C,298.66764361421286,0.4218084617393197,0.2211047122182615,0.02747856392414794,0.07138374073158608
YIL008W,424.5966056476671,-0.12986612566094033,0.17790148414629067,0.43327097904312756,0.599202383540648
YIL009C-A,407.38216355919997,0.23804917540443732,0.18501852842314204,0.1519917669951106,0.28116637706800035
YIL009W,1600.7325791557266,-0.19621885430500027,0.11289852968520861,0.06834139382112406,0.14970624047665995
YIL010W,644.4577505706159,0.2907317168789995,0.15653031557996935,0.04505893375246475,0.1068835608762207
YIL011W,131.1388305254845,0.04216968049122702,0.26399328335453515,0.8405049225900871,0.9166501458157399
YIL012W,3.3859504899069623,0.03342922478273813,0.42102919645617015,0.5094814797761485,0.670027134892538
YIL013C,533.3075044435504,0.01774305666655434,0.16382491881561723,0.9075889084134128,0.9549301390666312
YIL014C-A,67.04446572992796,0.670211842885518,0.48897946491391076,0.027788283688617518,0.07193481515003401
YIL014W,1112.9463043838623,-0.09298000584555997,0.12386801644615915,0.4323818792260029,0.5981130522626645
YIL015W,83.42935789244454,0.10524620596807752,0.3053940956998116,0.6304162830828985,0.7728824992390546
YIL016W,735.1757438961505,-0.020071102547854897,0.14340915754497932,0.8720027877409463,0.932571715507501
YIL017C,834.1897453965356,0.3914178826088208,0.14468855879950324,0.00392429508343436,0.013261643614333764
YIL018W,45034.736306425424,-0.25479956799623243,0.06333216611533328,4.428559913165642e-5,2.323417954442864e-4
YIL019W,587.0618836215831,-1.0675752603759643,0.1717333841972866,6.841775397486577e-11,7.598107254044885e-10
YIL020C,595.4387149841951,-0.37425621972575784,0.16250346082259798,0.011547733166440274,0.03386224887245067
YIL021W,1690.8342516642706,-0.17144011095431066,0.10822553626404138,0.10016274482645257,0.20214226770759441
YIL022W,2198.3579462217162,-0.11915136477001724,0.098398633520813,0.21506248339794812,0.36501917565780956
YIL023C,823.4046339746777,0.13969367784673611,0.13843639802221536,0.2854973699652156,0.4521730121227384
YIL024C,104.85958906225515,0.07545571148728682,0.2844098636703604,0.7239481965452301,0.8375629681796867
YIL026C,1450.4378830668043,-0.23621926166833035,0.11829631437215953,0.03599826928799917,0.0893066024364035
YIL027C,464.015063119619,-0.2645007912444417,0.17844019315874565,0.10109699837863058,0.20374880363594824
YIL029C,71.06265316928197,0.23444690048889913,0.34561137084684085,0.30421133932446093,0.4727099520411979
YIL030C,3065.3262115893713,-0.3438341474350874,0.09056889781073076,9.746264908895456e-5,4.82162115501313e-4
YIL031W,889.0819877966609,-0.43887358941086785,0.14383097914426077,0.0011465789286324115,0.004474768988845354
YIL033C,2974.573843133233,0.3943201169557265,0.09176923471756916,1.0793304628789584e-5,6.252270864044417e-5
YIL034C,2345.6703915959492,0.2647460947997084,0.09819060021749572,0.005721861187843605,0.018498802316180778
YIL035C,1585.205140600325,-0.06821249997820161,0.10939695795834331,0.5167033686131601,0.6756097039272296
YIL036W,1469.5581618002582,0.46618931179166023,0.11645439151462672,3.332278477094642e-5,1.7831620852474687e-4
YIL037C,206.31052966194795,-0.00722506743474689,0.22795720856773774,0.9674346525355575,0.9836299448043153
YIL038C,1602.1479314644403,-0.2886899786460246,0.11750015499046199,0.010072805311919258,0.030089650285948552
YIL039W,2644.7124246544527,-0.15390320041756644,0.09484495289422469,0.10071627868739905,0.20318983763927204
YIL040W,410.1703250690887,-0.16751776815292443,0.18161896321710824,0.3057946181874184,0.47469493291929477
YIL041W,3718.6990307810065,-0.04012292510393085,0.08584491943747753,0.6093289041769342,0.7556703570833608
YIL042C,339.73335583893015,0.3181255589906578,0.2103223635145031,0.08232600578849099,0.17331513074126204
YIL043C,5064.456389606438,-0.10730344247699192,0.07953566292419344,0.1677435746221441,0.30305878049840185
YIL044C,894.0496228616279,-0.07328325111167075,0.13343943084067691,0.5619002354435823,0.7173686270644738
YIL045W,325.64238778550566,0.5826750472287304,0.25161282498067494,0.005948745651233004,0.0190650832094136
YIL046W,1080.8412870731559,0.1951403335540832,0.12630923937785066,0.10254973591905386,0.2060428595279934
YIL046W-A,1.3433610304366792,0.04346650086381568,0.4266606662784348,0.3005885483815108,NA
YIL047C,3373.45094806649,-0.5664741025910376,0.08892990924808129,7.848331376762664e-11,8.63462875536743e-10
YIL048W,1348.832657664364,0.08762205703493342,0.11607722607712744,0.43358482553053107,0.5994958302821903
YIL049W,465.7159288192109,-0.05754962826357688,0.17279212120354395,0.7130761801383745,0.831104921485679
YIL050W,547.6347807748709,0.3923551307643193,0.1692475945645455,0.011394959076908266,0.03346418011779285
YIL051C,4541.4712006864465,0.5240794654616924,0.08271607930054238,1.1437410174021075e-10,1.2352821940696388e-9
YIL052C,7608.59756804526,-0.2729709657693656,0.07530811536130172,2.2903173320927523e-4,0.0010506104125728053
YIL053W,14307.16908308914,0.45137551879484206,0.07904420523907585,5.745241288395804e-9,5.19627114688191e-8
YIL054W,2.1117911110454974,-0.013349601601633912,0.42176445188234146,0.6759921421981728,0.8051556579564987
YIL055C,420.2203236520486,0.9734297871517311,0.1992312758961255,1.529514689518126e-7,1.1388318338495442e-6
YIL056W,604.321073082594,-0.35540568089439367,0.16313281015776845,0.01788752622231779,0.04936019753533365
YIL057C,2.810526613032969,0.01868254754002373,0.41730636403650206,0.8119200918205872,0.8974494435737588
YIL059C,56.527879173489914,0.08843213803615979,0.3358320447415284,0.6739385800772348,0.80393803662424
YIL060W,59.10021355699537,0.049239980260981676,0.32370516194077575,0.8174864640366618,0.9015742806104721
YIL061C,277.54146120651603,-0.24879439510001253,0.22342998064836053,0.1922764696400489,0.33585732863369916
YIL062C,1402.322897892207,0.37075789814225596,0.118008186132714,0.0010376854151843884,0.004093131032336012
YIL063C,1596.1633894681574,0.2441616054481195,0.11334607315914387,0.025002966380843032,0.06579316945463247
YIL064W,875.5299746866467,-0.5326559265261258,0.14159045116953392,6.748822003293977e-5,3.445428040371484e-4
YIL065C,447.8006736348714,0.4338503146200022,0.18632413424174404,0.009454535754384404,0.028562191262092636
YIL066C,157.24576624061237,-0.1427176389677191,0.25591257707190534,0.48549396792102756,0.650228918653259
YIL067C,721.7829046766093,-0.18595042329139055,0.1464494902613402,0.1745353931663724,0.31236273550898275
YIL068C,1193.1782492170319,-0.0042252897670530185,0.12471176436060923,0.9718429799177962,0.9867352018896771
YIL069C,5252.866961060401,-0.4636311463190502,0.08269930559150437,1.0179568980857349e-8,8.906367697346556e-8
YIL070C,508.24480523239595,0.16889311601127827,0.1672602754530833,0.27158586886410413,0.43512692919513535
YIL071C,395.74304625017635,0.28256284117106495,0.1906263928243078,0.09706741704764343,0.19734537456897513
YIL072W,204.064453934066,0.17632459112592752,0.23686380865062712,0.3723289646332453,0.5426037251711135
YIL073C,412.232613124844,0.5858300905995726,0.19737096857653927,0.001045553540306519,0.004118656798388472
YIL074C,2183.9691615990987,1.005055609996981,0.10305631622270896,4.74975239456026e-23,1.1432363212539533e-21
YIL075C,8767.25399231923,0.06773598884213482,0.07214441883206736,0.34563420941242395,0.5164662191480531
YIL076W,2808.7948160656006,0.009461455644172436,0.09280164253334748,0.9483874016397217,0.9750109057448092
YIL077C,482.8172860337557,0.5169208462913168,0.19048615998084695,0.0026165041899043466,0.009300497412818524
YIL078W,15904.081645616385,-0.5602908470971409,0.06850160819968379,1.5859236096473002e-16,2.6344201481944026e-15
YIL079C,535.22776548149875,-0.5835258723754088,0.17930055266895195,3.7218560931822394e-4,0.0016173754886879637
YIL082W-A,1973.1285834270946,-0.38873939535664165,0.10398939758955476,1.0303213283447611e-4,5.058954931930938e-4
YIL083C,844.0692426384396,-0.23420620386344676,0.13881942158328975,0.07380812459495929,0.15879113853939253
YIL084C,314.40386997947815,-0.26557641874510646,0.20702955175410342,0.14129636621729683,0.2657813944444655
YIL085C,1794.7850946996818,-0.2515184741766226,0.10586279663089261,0.013772774483458167,0.03952216599949042
YIL086C,3.8428342427131716,0.02137507477242874,0.41460625400503315,0.8171978971093126,0.9015742806104721
YIL087C,308.3396370070318,0.926993279964261,0.23303334224963787,1.0831387381717489e-5,6.268173836112663e-5
YIL088C,2418.3801662434344,0.0773821992114271,0.09581801142346194,0.3934971425773544,0.5633533988294874
YIL089W,103.70804615307266,0.3624803610609291,0.3366535588449537,0.13015869386372858,0.24922248879647177
YIL090W,1301.251834631308,-0.526507487188295,0.12157121941333854,5.764572767786339e-6,3.461678779189006e-5
YIL091C,1285.493156369041,-0.8319232996697572,0.12300091720049938,2.5132018457284875e-12,3.1004919004729895e-11
YIL092W,382.0442807905729,-0.2580562941855363,0.1906352707776685,0.12866687043538516,0.24717378105868015
YIL093C,419.2282667686034,0.17802593285270113,0.18035317060550973,0.27559337654327826,0.44042659660588396
YIL094C,3398.0563181375246,-0.00623371330394193,0.08720176407268707,0.9256786311187922,0.9639808579904269
YIL095W,713.0068398309883,-0.16240333122391515,0.14758890494108087,0.23877411884833236,0.3962695714570563
YIL096C,490.1050169526242,-0.7267413001599348,0.18325980567527894,1.6647161052428546e-5,9.376151740799537e-5
YIL097W,421.1726309284686,0.5972052574832744,0.20040174935483634,9.161152102848609e-4,0.0036650823575643315
YIL098C,251.46189631159947,0.21904922776734304,0.22720648556681514,0.25562449679590926,0.41675909803856154
YIL099W,214.66815190053472,1.911457255210784,0.28226369270612156,9.09909351813705e-13,1.1792825159660259e-11
YIL101C,629.1440715380078,1.7942175905224185,0.17583484847499078,1.4823908897908376e-25,4.104065294411535e-24
YIL102C,2.383618420674039,0.06947958106328991,0.42919375420637845,0.2542520327666932,0.4152138645326555
YIL102C-A,24.19953452583201,-0.06332767615175519,0.37927418900730553,0.7141598914915583,0.831104921485679
YIL103W,965.992249729781,-0.6036646685362924,0.13649690061849917,3.284424428501389e-6,2.0387632478813358e-5
YIL104C,510.67338076951046,-0.5136784463377748,0.17669214487876025,0.0014377886920815888,0.005463041183766192
YIL105C,1323.22649596984,0.46019830479178614,0.12044494035764533,6.589904328738916e-5,3.37625246104026e-4
YIL105W-A,0,NA,NA,NA,NA
YIL106W,863.9466327972902,0.23525296407051657,0.13781780311436817,0.07014072693702748,0.15279640441361325
YIL107C,890.226272980012,0.25900191947113155,0.1451153274356532,0.05667588885646912,0.12904158941567503
YIL108W,1130.6153772819794,0.11294753919412488,0.12291542925144926,0.3412031171806122,0.5118480747937091
YIL109C,5466.253817469289,-0.1806854567000496,0.08219651688282982,0.024192845665456708,0.06409039123503962
YIL110W,767.711407506231,-0.3667288611841625,0.14631739917181122,0.007389564931735672,0.023099498202914796
YIL111W,868.3407458959193,0.46629859341249225,0.14423407187649043,5.840106576147413e-4,0.002432140429346137
YIL112W,1756.7328793673673,0.02761470034314763,0.1057926870215411,0.7881557034364587,0.8827905120287252
YIL113W,184.29743978466516,2.6293435185926124,0.33598715030828796,2.403709284815231e-16,3.915655705125806e-15
YIL114C,568.5411505936532,-0.33637846818753936,0.16459669544773572,0.025471514416746555,0.06672835207265856
YIL115C,2722.7123832782763,-0.21173608944423467,0.09461730670200577,0.02231755925602049,0.05968555416451376
YIL116W,2185.4899471053877,0.21904653661300993,0.10473199526575457,0.03053314739222785,0.07777709294685427
YIL117C,619.3508982972344,1.0457802986450586,0.1685833609014366,7.867374273203103e-11,8.6394610966627e-10
YIL118W,1246.2097472266366,0.06615350262512518,0.11864444352726959,0.5621877067485843,0.717580282834719
YIL119C,591.7955289580404,-0.292350384044751,0.18228285840990294,0.07321945455678122,0.1581014732776781
YIL120W,267.04508146494885,0.11961835647612128,0.21218299226662415,0.5163316336321608,0.6755315512779002
YIL121W,4753.630959771241,-0.7508446146230626,0.08312321886053843,3.942684773428896e-20,8.157898985582527e-19
YIL122W,189.39095526828825,-0.03519030862555762,0.23560825890221318,0.8555297343241517,0.9263787813642164
YIL123W,4148.358479491709,-0.3711109421178789,0.08383944505403879,6.2754104484790444e-6,3.737989435826356e-5
YIL124W,2543.0432980372448,0.8147155628919444,0.09998324030269086,8.093829389834971e-17,1.3521051533103916e-15
YIL125W,2357.950274112616,0.2415276928377568,0.09715146464263114,0.010357848958227913,0.030786408924732864
YIL126W,3555.4143960701545,-0.5109949944569044,0.08840101730628666,3.3053126385793068e-9,3.069516319638137e-8
YIL127C,578.7082002005945,-0.7161666603073308,0.16990516775802997,5.938599112139579e-6,3.558934854094217e-5
YIL128W,1217.1790598006846,-0.13639325937950547,0.12091136020175704,0.2384540709240068,0.39599089164710455
YIL129C,1963.7100340107681,0.008706518331899496,0.10169649489414476,0.9349836624423943,0.9687193768132808
YIL130W,1463.2344840429307,-0.41223935069102835,0.11534617373921541,1.887232696325912e-4,8.811568654183612e-4
YIL131C,1104.7101840679634,-0.07842724635685056,0.12352495386613424,0.5058920621260425,0.667596767941222
YIL132C,133.65306759253724,-0.2824317196386135,0.29651790174347575,0.2038155934807195,0.3500001615479915
YIL133C,15176.421349561937,-0.46973214063992597,0.07130147709478561,2.915374147407464e-11,3.3382449217984114e-10
YIL134C-A,0.988102241879953,0.006001212842131207,0.4225252433513356,0.9079127546043428,NA
YIL134W,292.4863827251455,0.12551134210776455,0.20731664923843032,0.4886831878353896,0.6530171671573289
YIL135C,1158.5716635148833,0.25319820694176787,0.12494803161233253,0.030148393200611242,0.07709673664527515
YIL136W,3075.654127683769,2.5648808026952596,0.09647796975064234,6.87600023052048e-157,1.7629466677990986e-154
YIL137C,1908.7129866594937,0.06457292978311813,0.10300135761816434,0.5198741404296363,0.6784919368620023
YIL138C,1300.9254459235872,0.21822737218619398,0.11795461108789347,0.05372605750050014,0.12332524759846218
YIL139C,324.94406124287514,-0.047845483239766784,0.1945099748854236,0.7803758532068557,0.8773834902499196
YIL140W,1382.4351633729166,-0.1291650976188769,0.11455199486716718,0.24000607914706731,0.397672337378549
YIL142W,5180.92585953337,-0.22033941698884607,0.08049571866396267,0.005271167250397032,0.017192518404641206
YIL143C,1511.35334708984,-0.1898476835561008,0.11158061731087485,0.07998689800860183,0.16936543538841112
YIL144W,887.2687841488946,-0.10327366538053546,0.1385759058100094,0.4286461132993149,0.5950300014689975
YIL145C,1161.3457886700198,-0.15671763674352204,0.12250307202984385,0.17965417345012347,0.3185559267156779
YIL146C,302.2703966580171,0.01173095705774074,0.19938687045001785,0.9484695871271948,0.9750109057448092
YIL147C,1630.8085941686827,-0.049461566201054116,0.10794316573059858,0.6256430014453662,0.7692695536954388
YIL148W,11682.058587363254,-0.18972246328422782,0.07559224530259971,0.010183542954426283,0.030329471112248377
YIL149C,2856.8791644037256,-0.3160788627513237,0.09272242160785486,4.939340209267451e-4,0.002095488432665479
YIL150C,178.58832200144693,-0.5859107011911855,0.289555997873751,0.012253002337433852,0.03564674631664896
YIL151C,1622.953356114981,-0.4148118978934951,0.11130084084925917,1.0796018609663532e-4,5.27457512354481e-4
YIL152W,284.27714871850065,0.17853690918301943,0.2101207295553137,0.3291554468641914,0.49923602627524094
YIL153W,779.481184103242,0.3509129796626997,0.14540525954199304,0.010007773876004477,0.030018231203864904
YIL154C,821.9951090112822,0.2530190730598036,0.14459829510851016,0.06195651617673354,0.13776680840656022
YIL155C,1997.635908638924,1.6624192829832356,0.11733615497041353,9.541219395094744e-47,5.4625796866867675e-45
YIL156W,815.8255417495573,0.10434660024931137,0.13948760847824013,0.4229232136076254,0.5913684685710763
YIL156W-B,217.5151331862711,0.3130408363780265,0.2455427096814935,0.1245451041182062,0.2407218875729472
YIL157C,670.2008938416022,0.4551292972826856,0.1568897613804233,0.0018033651616672808,0.006663185688190448
YIL158W,824.4385377682511,-0.16417726212454947,0.1388007136520765,0.2093066704938761,0.35755545651865217
YIL159W,611.7949093905829,-0.3343739441943012,0.17908151869184924,0.038150697621076986,0.09370040144585214
YIL160C,204.14599015703675,0.315809994260875,0.2501602341115697,0.12544128553798864,0.24221586798216077
YIL161W,431.2656585800393,0.00612401061586234,0.17571298207315192,0.9541896783661044,0.9768125937323627
YIL162W,860.0583814220323,-0.12423083022042768,0.1359502155072817,0.33339860001647126,0.503802288360745
YIL163C,37.22235005424641,-0.010919012759054048,0.35018238189801587,0.9525904012806405,0.9764907424104158
YIL164C,197.67357350895838,0.16043478228899768,0.2388898065509741,0.4194873416957527,0.5882798701497868
YIL165C,98.87655717220996,0.18022948563380112,0.30237989675302407,0.4127128143005096,0.5811288123042276
YIL166C,265.195594364991,0.5990109487022424,0.2438308478498535,0.004310761138171639,0.014427104671849121
YIL167W,190.3912978571458,0.1983149511977258,0.2596973601571088,0.33875329900214696,0.5095182690296134
YIL169C,1567.3523423799215,-0.23697676412911053,0.11846052816874945,0.03668444906479315,0.0907416930096834
YIL170W,72.63087955295433,0.020217078007566412,0.30914153362040797,0.9265505010256658,0.9641371459722735
YIL171W,4.771835547478698,0.0209504911790074,0.41309379192864526,0.827136543643573,0.9079717419706161
YIL172C,44.687086708655265,-0.5508403573017376,0.5733534489546993,0.05241999178298989,0.12093923769338473
YIL173W,602.0883578044793,-0.11794576309476712,0.15563793409495363,0.41386306529185685,0.5824702854477517
YIL174W,0,NA,NA,NA,NA
YIL175W,0.2930029257385322,-0.012786509536195124,0.4241748712917326,0.744154738948589,NA
YIL176C,1.1491663930827931,-0.036968710686624294,0.4259620355441528,0.3452289637163558,NA
YIL177C,90.35523256504989,0.09415966469296395,0.4203023731675705,0.3773091779172515,0.5473535601913978
YIR001C,711.454144039171,-0.144541828225144,0.14619210427537943,0.28706814858349783,0.4531158651490596
YIR002C,1407.146222379019,-0.026689635979006733,0.11407922758275764,0.806524951992969,0.8941676333714116
YIR003W,1420.2306789466277,0.25673516253725853,0.11748094897331289,0.022525788249854566,0.060106141768955824
YIR004W,1245.721273303326,-0.043784948655544206,0.11864643007875873,0.7116358426600361,0.8307363402763454
YIR005W,96.3764299048761,0.16299335935036058,0.30154024876347035,0.45630188599052246,0.6220885289618157
YIR006C,3715.900538412601,-0.11082932254263872,0.08518344185148088,0.18427475265338458,0.3247760182557392
YIR007W,507.40961118262055,0.39271701772520834,0.17615231319727703,0.01420661207024432,0.04058748190877862
YIR008C,817.5175461403497,0.1683396560878652,0.13917103020288224,0.20000843146301894,0.3458210174708953
YIR009W,113.07937561565122,0.2703876856289984,0.3058831691831347,0.23151931976338613,0.3867618778030278
YIR010W,1003.5180290442696,-0.10435173122483962,0.13171320142140341,0.40270428062820457,0.5712646482714752
YIR011C,1031.2343450953138,-0.026863055974761622,0.128682966820578,0.8252664800783849,0.9067628904457304
YIR012W,2410.7418510375005,-0.4428296131053072,0.0977664946445386,2.9932418489021182e-6,1.8737948177256678e-5
YIR013C,4.103895115919719,0.033824628112019944,0.4170827656248531,0.674366175114727,0.80393803662424
YIR014W,109.98599990975991,0.3732474776082417,0.3306023546600396,0.11830002244706239,0.23054039404174714
YIR015W,168.37081170095328,0.04632770982032329,0.2457354069791833,0.8193097754464176,0.9029918174495324
YIR016W,632.8736617383004,0.8600614238243781,0.16585042988775148,4.101877606517473e-8,3.282058649339693e-7
YIR017C,161.3569767712038,0.5370282202623387,0.30225178487270143,0.024055064841371755,0.0637540302784581
YIR018C-A,1.80173001518531,0.006541641450274007,0.42317614801824865,0.7158904533576922,0.8315250686288399
YIR018W,208.09704399568804,0.07260663861520428,0.22987756824535097,0.7094838872926241,0.8293015824310416
YIR019C,162.95010882449031,-0.1334936541337314,0.25235068421577644,0.5202483546711074,0.6784919368620023
YIR020C,0.7700997743701632,0.012991943958698739,0.4242803991267276,0.6735643780437791,NA
YIR021W,437.0234527554856,0.040733730995665955,0.17981611215734952,0.7985416409288102,0.889066301328867
YIR021W-A,0.7785307950696052,-0.0030745262213872156,0.42365653142031,0.8443526705529307,NA
YIR022W,1062.0001335296984,0.17429834170265948,0.12674922809134553,0.14924749783569546,0.27751523224931035
YIR023W,1437.0475818198302,-0.08448293331124312,0.11898837053998501,0.4592581134271411,0.6244512554484323
YIR024C,191.6579645182189,0.27908529879752253,0.25433480503919487,0.1779187505613061,0.31602014218675367
YIR025W,231.31058524960082,0.2545976180708543,0.24089297874110224,0.20285913695096067,0.3492730892262234
YIR026C,882.3433009876326,-0.8075924661314844,0.14223830782654862,3.003687913943843e-9,2.8070915417633664e-8
YIR027C,84.51537837887749,1.1422458009216092,0.4658848597585527,0.0012436695086052078,0.004812282868927107
YIR028W,104.76479145059264,0.4834545654013729,0.3605642995070739,0.05886490101996052,0.13243920198196688
YIR029W,182.3406685825729,0.3612440592042186,0.2704492940894628,0.09535489873048085,0.1947049299908745
YIR030C,100.54854081827877,0.2912406885676489,0.323389251849478,0.20794939717427338,0.35564895450600065
YIR031C,456.90165634171274,0.30208604505740727,0.18559522186675909,0.06990181455264259,0.15238853989535428
YIR032C,77.39713000216136,1.120428759778537,0.4789019642425117,0.0017321420125020772,0.006428219916755663
YIR033W,2183.167746851609,0.07975743332482799,0.10202639480910583,0.41813199942738255,0.5870772382436369
YIR034C,1364.6720802664158,0.5826179844840457,0.11967101056648759,4.11066315731554e-7,2.9065444410898967e-6
YIR035C,1010.4177997761351,-0.13654811731481825,0.1332198642100302,0.27764211909947556,0.4429804048510842
YIR036C,1191.8852681746666,0.617008470438581,0.126394233330104,3.512900424951099e-7,2.5140259473224068e-6
YIR037W,1332.051941804324,0.3336771634395473,0.11967806213390365,0.0035568253399305863,0.012206019041652355
YIR038C,1250.015898204461,1.2592347634557979,0.1271023724862809,4.405275128519002e-24,1.1149316494796806e-22
YIR039C,200.94994600618276,1.3690771528604455,0.2891157207870186,2.0209260760554217e-7,1.4878153646065946e-6
YIR041W,0.2552620665530189,0.009512848885841568,0.42400983011338866,0.8474059576546062,NA
YIR042C,29.85630900057934,-0.10017597685584677,0.3732853820065072,0.5996067869387021,0.7484667270928432
YIR043C,12.110687931951604,-0.06716897581159462,0.40266096886202096,0.6316944472471262,0.7738955343658436
YJL001W,2942.594299366367,0.3512803744912943,0.09290390717808059,1.223234801315017e-4,5.922344518353575e-4
YJL002C,5404.928794570584,-0.1502939989897443,0.07954248720338354,0.05331867137484998,0.12272451408957467
YJL003W,165.88215193823117,0.28103017525598795,0.2672553475521954,0.18741950719229042,0.32912830074834326
YJL004C,668.6289760468339,-0.054953867248010754,0.14842466659750844,0.6913562453798985,0.8163651940338928
YJL005W,2735.714359826424,0.1498644321266318,0.09336296789439781,0.10482627631379646,0.20975926414063717
YJL006C,299.7267997206459,-0.06145623581034445,0.2007598502259511,0.7266285238054809,0.8391947522289309
YJL007C,2.2692074094984385,-0.011081802062490122,0.41875449438551,0.8639115075983574,0.929990171651609
YJL008C,5651.58465652732,-0.1441637068860339,0.0777542108746016,0.05888682170539548,0.13243920198196688
YJL010C,1264.4190903086867,-0.7811954742875334,0.12348458843651056,5.252112673813665e-11,5.92193277963273e-10
YJL011C,242.91836109159198,-0.015480671743421357,0.21616416532606886,0.9320084739397687,0.9671043411618541
YJL012C,10264.769038218834,2.7188582633465703,0.07335549032847334,1.0468878245036695e-302,6.17349750109814e-300
YJL013C,548.2912582100197,0.02997476081744307,0.16050260866508864,0.8384324640491561,0.9157688906275001
YJL014W,4795.155173003692,-0.29398266334780165,0.0839182464850617,3.3592507173993305e-4,0.0014750187252795125
YJL016W,1453.3669072764424,0.3589414456428509,0.11718290098020799,0.0012478016915333863,0.0048219440202964476
YJL019W,587.0564562021577,-0.21604115026924273,0.15955224050965627,0.13519639036540892,0.25734445254513116
YJL020C,3646.9801335372886,0.19939798835208436,0.08617911775196443,0.018013297181912958,0.04963757639333678
YJL023C,307.4727177167541,0.2601608760452639,0.2082738517321276,0.15300833506557232,0.2824953512466124
YJL024C,477.74173071409075,-0.04547069117855498,0.16951973538685117,0.7686911630948395,0.869718301759453
YJL025W,464.2457281743168,-0.326720441327807,0.17874759910583585,0.043328169795792286,0.10348570971477808
YJL026W,5692.817432873587,-0.27981363755381183,0.07851316895613195,2.9065136781016634e-4,0.0013024096625961633
YJL027C,3.1876267396608933,0.014914597881187059,0.41581807610586746,0.8612170158141483,0.9285336232724885
YJL028W,0.7657861996590567,0.011280254439784096,0.42419889336132416,0.7041994913895031,NA
YJL029C,1244.5075782987556,-0.0763801671077047,0.12411203930977854,0.5204034306302927,0.6784919368620023
YJL030W,430.35154310590804,0.41494702777333126,0.18817107763232904,0.014186614674598731,0.04055185009021266
YJL031C,828.1365482699725,0.1867453898556366,0.13963618429817068,0.16031727541696758,0.29244766582406084
YJL033W,1594.6787859179499,-1.2860686554469514,0.11497857753099569,5.073810375673069e-30,1.739549987520005e-28
YJL034W,12576.103729489952,0.28588216479375944,0.0695472648689345,3.1896388163721625e-5,1.7161770164367374e-4
YJL035C,295.212091008789,-0.6368732292221932,0.23218232907142794,0.0016691160834277831,0.006217800090949866
YJL036W,744.2074036041305,0.3397324233142491,0.1483820831655191,0.014794603937988884,0.04192396896795793
YJL037W,19.90959711264236,0.12902771840824123,0.40358845232962176,0.4520117211865741,0.6178750857295381
YJL038C,71.57937446615269,0.004361756351902746,0.3086489548523997,0.9860538780149113,0.9924245395423038
YJL039C,2193.2087943925017,-0.3624925694539667,0.10286282596270388,3.021487279102515e-4,0.0013477844542259857
YJL041W,3334.3449204868684,-0.3797429577728518,0.09351027553600454,2.9695941136868673e-5,1.6139812431715628e-4
YJL042W,2379.825096997072,0.1738088236536709,0.0966326243328814,0.06311010338609897,0.1399624970544662
YJL043W,25.596132901406325,-0.07645077560361707,0.38579143492663254,0.6429820285484418,0.7816254426613402
YJL044C,1593.2690210351645,-0.17551132486415286,0.1097213064103397,0.09634783673658784,0.1961889479404898
YJL045W,94.732996507674,1.0594734307195424,0.4279249763832839,0.0013481301894788422,0.005148914331189593
YJL046W,446.9868165840145,0.1744051032988708,0.1821871755426351,0.28835589115644655,0.45441867721794904
YJL047C,600.4702481431746,0.01083021111134967,0.15685240212386103,0.942003016935529,0.9725843497294134
YJL047C-A,0,NA,NA,NA,NA
YJL048C,972.3978254920758,0.27249955906309953,0.13450133411380175,0.032433447473523405,0.08149128238234662
YJL049W,587.7587190875533,0.2830972828964063,0.1615272598827011,0.057500582580473886,0.13046592361564235
YJL050W,3633.070153680295,-1.1235809195339737,0.09679863449061701,4.1801638524210274e-32,1.600677028423818e-30
YJL051W,1195.748206631487,0.3313646200947672,0.12401289742267838,0.005082827119554793,0.016642660479741597
YJL052C-A,0,NA,NA,NA,NA
YJL052W,5249.880085999612,1.2320503820030886,0.09479646892614371,1.2090781590238753e-39,5.44269763646091e-38
YJL053W,805.4182790566373,0.2734307280702019,0.1422454522500633,0.04182543865319355,0.10079469216913868
YJL054W,1667.8056604466506,-0.1349448928418947,0.10754460157871921,0.1968695493124008,0.3416878014762248
YJL055W,3053.8342280020356,-0.030212606877916732,0.08975514077073939,0.7399587568909927,0.8502604811742368
YJL056C,809.3669107140123,-0.6847368064718582,0.14718440492872092,8.997223024721681e-7,6.098462549055603e-6
YJL057C,709.757574045712,0.8824525302306109,0.15745550059819624,3.876430787690068e-9,3.571767555470052e-8
YJL058C,255.23368262519716,0.0049358165053412445,0.21173745347734824,0.9802155173991892,0.9907281922752191
YJL059W,543.8557832617081,0.17384479489273855,0.17150771961317798,0.27164988839513826,0.43512692919513535
YJL060W,1400.7039929495372,0.43271082169771163,0.11827757281898428,1.3201620834063976e-4,6.355098617018389e-4
YJL061W,1446.7906328492018,-0.0748402592702917,0.1124158938274951,0.4885567568329081,0.6529961910797052
YJL062W,1504.9473753378338,-0.15022810166764225,0.11149523696032868,0.1584311891849136,0.2897855839402716
YJL062W-A,289.1672328022022,0.12292629581380649,0.2052999724243779,0.49497839377648084,0.658593769878138
YJL063C,685.222170618873,0.1670734827774193,0.14895621023625064,0.23115764967222405,0.38626711819696946
YJL065C,461.7586031373208,0.07225203379733282,0.1735448717358192,0.6509245432348199,0.7872968282070314
YJL066C,497.961714525772,0.9001080458519518,0.186339561481235,2.3415902860375383e-7,1.6984450082119758e-6
YJL068C,1544.671181571653,0.9560569177047765,0.11537863675107017,2.077602381783778e-17,3.5928508050964626e-16
YJL069C,1440.476473440506,-0.7091100879644839,0.11847422418837095,6.041803892059583e-10,6.090344880594078e-9
YJL070C,651.2786716521048,0.8383189233647502,0.16290154502402723,4.9172770178918636e-8,3.881818283066709e-7
YJL071W,651.7029807055878,0.023444795824820525,0.14980385104856145,0.8685195598366102,0.9323975686066795
YJL072C,344.6048857428509,0.26758327796635684,0.19959727352709145,0.12912003699019212,0.2477776954543322
YJL073W,973.1383373759625,-0.2010883181012346,0.13094274875646755,0.10517495280891358,0.2103142410017509
YJL074C,1001.0471583894185,-0.4286515527044295,0.13356068884633338,5.966117532748461e-4,0.0024758757980730245
YJL075C,103.10436449874267,-0.1742428094248066,0.3144672445398472,0.4215350404080936,0.5904494378352798
YJL076W,3289.7337795452663,-0.4871527956375055,0.09275021467920011,6.97514991970919e-8,5.355788942255872e-7
YJL077C,147.8802770362029,-0.04135358825478302,0.2547242281267956,0.8372027051654141,0.9147645640838329
YJL077W-A,0,NA,NA,NA,NA
YJL077W-B,0,NA,NA,NA,NA
YJL078C,2620.4111266112463,-0.1537644179263656,0.09373197952924268,0.09719763117748859,0.19744210508220814
YJL079C,2575.862081457867,-0.20494672141200057,0.09497235919694255,0.024624181597079502,0.06502857092609844
YJL080C,7109.88558114748,-0.6175190142970545,0.07615362283980105,1.7193190176656113e-16,2.840006791925521e-15
YJL081C,1816.7125295544283,-0.081922156602894175,0.10445667001399876,0.41217623894305894,0.581034275325701
YJL082W,917.3103968122434,0.16919456950572803,0.1378601323796082,0.19405858482338595,0.3381688755034004
YJL083W,334.43626084785524,0.3783330703539453,0.21413724810632775,0.04224207462448493,0.10138441760707677
YJL084C,931.9004202482151,-0.03458494764493922,0.1315745285217615,0.7772075563063968,0.875323330698782
YJL085W,828.8554195376139,0.20792857236430295,0.1404126841455342,0.11588761237732716,0.22681355797845942
YJL087C,729.8438078400001,-0.5567593935613916,0.15229090552206095,9.51627245621723e-5,4.715752829774202e-4
YJL088W,1570.5712371249806,-0.1865775101543519,0.11561158297062024,0.0919975225667652,0.1894476883847128
YJL089W,107.26586868212001,0.504832440376296,0.35903257088297313,0.049413560376744776,0.1153113437046553
YJL090C,658.9415498264624,-0.34413289241295164,0.15697974390783684,0.01785815351825227,0.049302215026747954
YJL091C,1112.7507536378835,0.23697706432126683,0.12979064639198382,0.05368338972485116,0.12332331484512946
YJL092W,1280.8549490895543,-0.1743681066976972,0.11993280050574542,0.12836573244397248,0.2469592218919687
YJL093C,1456.6060775294325,0.05096219116386144,0.11437761809618298,0.6404610080344693,0.7798469057153139
YJL094C,1077.6948132491877,0.16968779117497007,0.127147516377275,0.16118598778201076,0.2931874675973219
YJL095W,1159.52967409363,-0.036099876455054074,0.12134233151085724,0.7559468488676742,0.8610237438656592
YJL096W,413.98840256524625,0.2276318853336084,0.18956858028032195,0.1740246280754712,0.3118271746463244
YJL097W,1086.21985581268,0.12846377323245153,0.12676387252874455,0.28643116637008253,0.4528376911754361
YJL098W,1274.6133090398782,-0.9018811300332407,0.12309553507730725,4.398419277610011e-14,6.265091420305854e-13
YJL099W,475.0511477943625,0.0033342996537940777,0.1691004534204393,0.9836000967981372,0.9907281922752191
YJL100W,536.3182557942532,0.35073517350690947,0.16934306123198226,0.02365414985884942,0.0628609831985737
YJL101C,1522.7980952616824,0.433888522961292,0.11892525436504149,1.410621817757561e-4,6.765092781339759e-4
YJL102W,605.2001649100079,0.5023619846251526,0.16756933933229493,0.001150454711796094,0.004483959970562833
YJL103C,287.5260345022605,0.6984989308988885,0.2366158667462311,7.621888830036035e-4,0.003108318010423409
YJL104W,639.4507250696565,-0.09004767270276129,0.15145779484034053,0.523048067768421,0.6805671305881846
YJL105W,270.82067587012045,-0.014264574480303398,0.2094002458809311,0.9377910489358828,0.970340612786041
YJL106W,198.5493082220233,-0.12165466178024326,0.23491338306234288,0.5331803123142341,0.6911770282956778
YJL107C,160.4801656098858,0.43247052699705996,0.2932033383012827,0.05864278293005742,0.132246332951048
YJL108C,233.84964304444344,0.5154265908763429,0.2571481376980764,0.016233349435019626,0.0456728223439326
YJL109C,2926.081873810274,-1.0058763243848907,0.09334635256330819,6.970361486852523e-28,2.1633800888404912e-26
YJL110C,948.6373983201049,0.08843057177577988,0.13131175362156208,0.48088775665150424,0.6462614177242298
YJL111W,5515.440006350085,-0.3729255819298301,0.07872313052680727,1.3511524560859243e-6,8.932450710245174e-6
YJL112W,1305.677898679999,-0.028374329945787587,0.11725786770638241,0.7999192644076496,0.8898554805153573
YJL113W,251.41377049572088,0.21083932797868438,0.22529280887714184,0.27167549097921845,0.43512692919513535
YJL114W,8.156116343624316,-0.022824346352324332,0.4047466274862838,0.8495112425196302,0.923082328567949
YJL115W,1207.0568657343351,0.005099766611251553,0.11987052467987294,0.9657281228209559,0.982895881994335
YJL116C,541.7517201378876,0.3369845629320805,0.1689310325617165,0.029405803296950892,0.07539392262700843
YJL117W,3318.2048601768565,1.3791096901886304,0.09074669448872694,3.998929058418755e-53,2.7420563555227206e-51
YJL118W,184.89796996807766,0.5197515351308326,0.28084060396901384,0.022193108916376287,0.05937965666055852
YJL121C,1998.1190938832935,0.004377705023705704,0.10160996702203076,0.9638264046209677,0.981951390234315
YJL122W,795.0875920760849,-0.9831471940906709,0.15264019378316476,1.8072890074631256e-11,2.0897222111784414e-10
YJL123C,3577.3225707266647,0.056483211339664406,0.08706464408603047,0.504100252304612,0.6665199972736091
YJL124C,1291.4184067365627,-0.008983401188873289,0.1205288090566499,0.9447276483786287,0.9736590079784938
YJL125C,894.57870049492,-0.5753312015538231,0.1402709300416518,1.4753132036239244e-5,8.373360887170629e-5
YJL126W,343.498099664323,-0.023892446246785038,0.1904747205451884,0.8843880596599614,0.9401904430890197
YJL127C,536.29144596553,-0.19446628609731825,0.17121055505075905,0.2119893960388912,0.3610076749215537
YJL127C-B,15.876400547144126,0.10846254835864957,0.4035754182857227,0.5060246273356619,0.667596767941222
YJL128C,1649.593941856561,0.05116744917996849,0.1099423373755998,0.63337168582587,0.7748947782811526
YJL129C,2127.6627754294595,-0.4550476367869383,0.10178342593153895,4.429353778585239e-6,2.709533115385597e-5
YJL130C,6138.396077816808,-0.8379260099645328,0.07837283284230245,2.313725788513472e-27,7.033010811785538e-26
YJL131C,446.57256000859513,0.3715832249153193,0.1858918830232353,0.026294991450709078,0.06864168418983242
YJL132W,485.8347859966988,0.5331930925839286,0.18233124324959538,0.0013343973105490639,0.0051079908923835435
YJL133C-A,538.630121389015,1.4210625924412559,0.18009291022998794,2.942318911391823e-16,4.779849757707323e-15
YJL133W,658.0062052610418,-0.16985257681590388,0.1569578619353917,0.24198759047902885,0.40016848599406424
YJL134W,1542.106124815729,-0.2370602286013711,0.11539444543991087,0.0319122365137084,0.08043666413000596
YJL136C,7336.9564016806835,-0.19609459699683224,0.08196089157912381,0.014438169401217728,0.04103223371517154
YJL136W-A,0,NA,NA,NA,NA
YJL137C,339.11519616352024,0.5806179196507084,0.2150285080134363,0.0022738407740673407,0.008196111885498233
YJL138C,15122.7522577518,-0.6886601668980917,0.07254404472941137,4.711237272691519e-22,1.0685448537331495e-20
YJL139C,470.93961172862987,0.07475313126682413,0.17067879002427175,0.6344188770309332,0.7755323627386844
YJL140W,2081.644557831593,0.17557448164929604,0.10085860200396021,0.07379790630767523,0.15879113853939253
YJL141C,2043.0488125798884,0.6570396457745582,0.10569024182727675,1.552934119178764e-10,1.6559950272689278e-9
YJL142C,166.35667216626612,1.0677520920308137,0.3345060393337901,1.5591044079866058e-4,7.396652207479497e-4
YJL143W,1495.2307652589488,-0.06017969996013422,0.11264081683877192,0.5723333829352845,0.7267549438349209
YJL144W,92.58406494165358,2.3767348336522054,0.4423145391359792,4.892381976164026e-9,4.459099924797413e-8
YJL145W,1297.1983812927651,-0.23696362111624744,0.12005326391468087,0.038905434179274744,0.0953555051351551
YJL146W,581.1561518004921,0.15099463621218032,0.1582350565937405,0.3133310588246952,0.48344820361795904
YJL147C,277.58792935229695,-0.07806953467553361,0.20739725091654812,0.6643710868952983,0.796947986049954
YJL148W,1326.1139533375601,-0.9374975801606659,0.12212730306996966,2.7293531986183092e-15,4.1481947969722086e-14
YJL149W,506.6148189260301,0.27126046334132675,0.1742359570690201,0.08714015170847474,0.18138562464697333
YJL151C,1570.5083992304108,0.31170607060047756,0.11300428594052005,0.004074278245841354,0.01369784425069924
YJL153C,1227.2974874137822,-2.4253006481562305,0.13668530933051684,9.164974165413588e-72,9.160314009058294e-70
YJL154C,2210.5899636665044,-0.07060190699736016,0.10130016150629674,0.46624013100737854,0.6308351809634982
YJL155C,683.2917431919533,0.6575176025755924,0.1581785238392799,9.494792964462555e-6,5.538159654939237e-5
YJL156C,934.562365162327,-0.09553719715253259,0.13846137889166257,0.4646847567269954,0.6299416115905958
YJL157C,3123.462191096712,-0.4337369911409215,0.09099908140238386,9.819673930671187e-7,6.61789910504777e-6
YJL158C,6803.589042628833,0.2563443517309957,0.08425491856454873,0.0018263933127605544,0.006731400853343118
YJL159W,21442.921760857844,0.2848647131176832,0.0692048676871317,3.2508607049358326e-5,1.7459312911663575e-4
YJL160C,43.84975212593302,0.0784382209649296,0.3470819657475097,0.7042593737062951,0.8254854952784779
YJL161W,199.4707424636039,2.081061223746429,0.29859301635036356,2.0941599878748168e-13,2.8259179516013257e-12
YJL162C,431.213294237123,-0.5201003181622229,0.19070767690738546,0.0025092638144784117,0.008984291872482814
YJL163C,484.4187693705777,1.5256268996851996,0.19188672336545903,1.6258264162912945e-16,2.69311752159263e-15
YJL164C,792.9404193536435,1.284999867136751,0.15241920431424505,3.854395604658829e-18,7.036956929000963e-17
YJL165C,1587.0469952514602,0.20237529693715142,0.11058617685967308,0.05853867654242923,0.13216527206931938
YJL166W,714.3539650944908,0.5614572558852872,0.15419935878195387,1.0234858717566847e-4,5.029580154790975e-4
YJL167W,8101.024783371243,-0.2239383076959725,0.07610144372994646,0.002590122849198985,0.009217836114499948
YJL168C,1581.22846829455,-0.39097952703295963,0.11800948454796176,5.734192573169766e-4,0.002394796997449158
YJL170C,8.719942607191252,-0.025230424856524065,0.4031078291013983,0.8406492791174891,0.9166501458157399
YJL171C,799.710923872143,-0.2790378448644533,0.1446399130577551,0.03958137430581092,0.09641113766268773
YJL172W,2788.460051152393,0.44210968935148265,0.09410575740077805,1.3747788719880473e-6,9.078466974371237e-6
YJL173C,608.346246504834,0.027588179903560908,0.1545770801983195,0.8493016354069751,0.9230246487274111
YJL174W,2237.5207851519385,0.18220106624153118,0.09833976813470507,0.05587077362764191,0.12730678210286103
YJL176C,1485.0589174302181,-0.10497337783606213,0.11718492676824331,0.3492457605293812,0.5191586210843865
YJL177W,12136.678277625833,-0.4301282135946405,0.07093238816016519,6.725577356190529e-10,6.733570402284474e-9
YJL178C,1731.3405933212482,-0.17886359621518616,0.10653285654656013,0.0830362428762499,0.1743820243024379
YJL179W,184.8758427963101,0.01008064291951303,0.23628176927102074,0.9611084620782081,0.9807331027643525
YJL180C,452.3616048870636,-0.07726337808076182,0.17256366139395823,0.6204409830671931,0.7655679597867598
YJL181W,564.7893916114709,-0.12240653091518844,0.16128005674701842,0.4087629718954077,0.5774949731150507
YJL183W,2048.649720525638,-0.0358564389531938,0.10063412343828199,0.7114113360063254,0.8307312175107526
YJL184W,390.83822306149943,0.24767962475127703,0.20283553717113592,0.16354523300672352,0.2967465350894304
YJL185C,176.9518056618054,0.6268030291838648,0.2949653367938639,0.008713467082710383,0.02654096869149955
YJL186W,2634.5316704578318,-0.2657164063280733,0.09638785896035129,0.0041183862309197355,0.01383036651693262
YJL187C,1155.1921587562888,-0.13353542972907598,0.12398332225145041,0.2592121944306695,0.4201392460988108
YJL189W,1102.273817870799,-0.4877661541618031,0.13114261057906867,9.033441882520934e-5,4.5029760592752284e-4
YJL190C,13112.703857250406,-0.46382308285044066,0.06883402743908548,8.564117316187155e-12,1.0141084299910775e-10
YJL191W,1768.4584464930695,-0.20737230783807495,0.10673517310807294,0.04665667496441828,0.11013082190569082
YJL192C,2082.6579398998856,-0.03652837486504387,0.10063450738873689,0.7074959692958679,0.8281269811309514
YJL193W,563.6054993555687,-0.22483476551678672,0.16409605230697005,0.13634800558292703,0.25915525946063267
YJL194W,436.19396551364923,-0.4494060866553794,0.18765237680656632,0.00781924233429196,0.024242940086918865
YJL196C,4746.253755560897,-0.3951068750123329,0.09082568188752417,7.75032336750509e-6,4.5612432034109297e-5
YJL197W,1558.2798698864244,-0.20118879714813245,0.11150043060475519,0.06329182290132297,0.14020387745331173
YJL198W,2136.774249137301,-0.4099949253914735,0.10126391567320704,3.321904504542499e-5,1.7792253281822995e-4
YJL199C,83.65366411169627,0.5606330859642922,0.42422230856172544,0.04317627853248328,0.10320653202515358
YJL200C,2000.781517508859,-0.39913246816852893,0.10895580277746354,1.42506924522018e-4,6.826672086972707e-4
YJL201W,892.3828289754196,-0.10516028612197885,0.13400521585167988,0.40562929470873765,0.5740965833481836
YJL203W,385.8776093200257,0.2523456041345652,0.18963605369104153,0.1367955108906472,0.25963409324819653
YJL204C,660.0239992691323,-0.11287750241031877,0.15105404016488894,0.422530922502056,0.5910020991448349
YJL205C,19.92565131096388,0.06578013901410977,0.38550974209356126,0.7013392413588664,0.8230442798593502
YJL206C,317.83086587960986,0.3170672525272162,0.2092453435685613,0.08222251804823592,0.1731664960465883
YJL207C,1831.961861447122,-0.3115343136910569,0.10561138947733709,0.00224710752815816,0.008114631410623803
YJL208C,662.1218572491858,-0.6020597308072106,0.16145990160251042,5.715236675861299e-5,2.9512040873514963e-4
YJL209W,584.1570912098503,-0.3086097257896425,0.16320907277805632,0.037117569492627546,0.09154425232037836
YJL210W,733.2337807471919,0.35781449142101607,0.1497119440886136,0.011039190565681029,0.032516536846064446
YJL212C,1544.081766217884,-0.8660131715986329,0.11871690797857776,5.3724626112234545e-14,7.561196185772008e-13
YJL213W,98.31753741040026,0.1261275477467348,0.29455673571947344,0.5591030422988778,0.7155014410669448
YJL214W,112.31553832841774,-0.28916820194301796,0.3106059998344683,0.20310093942683574,0.3493348711367685
YJL216C,167.0562438970104,-0.1581906919291151,0.25246018814320575,0.43996420203536396,0.605053381390518
YJL217W,688.0491717733871,0.6163783593731224,0.18348142449593274,2.2185823218676018e-4,0.00102210780875416
YJL218W,91.54496549252531,0.2633427052112139,0.3375956076347368,0.2510909307553494,0.4116400957600043
YJL219W,44.255888626531345,0.08486935644950379,0.3574877213105709,0.6688469597392699,0.800525780714933
YJL221C,51.939400590815815,-0.14789551606094328,0.34968889235210643,0.4875506946880576,0.6522428417820952
YJL222W,640.0393974392357,-0.2809298102798943,0.16081088095962895,0.057699718815466546,0.1307165738973516
YJL223C,2.72542544034344,-0.04903218940153389,0.4241044988133745,0.33269836224309624,0.5030569851660356
YJL225C,3033.6752507987158,0.14695397534124524,0.0904004762196185,0.10529053114526221,0.210402664237076
YJR001W,3272.9200484127246,-0.03675621162231343,0.08772703420690757,0.6520273837290642,0.788234006119371
YJR002W,2156.684492568516,-0.9238780092224425,0.10532626988819338,3.6189553196258555e-19,7.113659839944557e-18
YJR003C,725.6942877788481,-0.5619490643711893,0.15337546628434573,9.10236507682515e-5,4.5258555529542924e-4
YJR004C,19589.769917710208,-1.2797946229429267,0.06884017626180991,5.108483676204106e-77,5.379415756888502e-75
YJR005C-A,0.9333148794766327,0.015607247483648804,0.42286921416066453,0.7039562083442392,NA
YJR005W,1389.5655875660846,-0.2606785086554045,0.11605148278352441,0.018525474867484265,0.050882498972312395
YJR006W,1244.7173095541218,-0.0202506746681795,0.12076439118376683,0.8601404800180237,0.9283172817194086
YJR007W,2346.555693766422,-0.5828727565839505,0.09897817016576269,1.2710728078111388e-9,1.2409795277586564e-8
YJR008W,747.9658464925102,0.7938597005363228,0.15311413932152126,4.962160682887183e-8,3.9120135758002297e-7
YJR009C,44961.87166470809,-0.543319620542781,0.07037602442459068,2.231191334533586e-15,3.417489688245339e-14
YJR010C-A,164.34702122690868,-0.08155363559277345,0.25235726966103034,0.6859826602109063,0.8127333675931409
YJR010W,522.6539989323386,-0.06509110899844912,0.16298382768854672,0.684959751358532,0.812227559573952
YJR011C,183.4532687536726,0.1771668767516928,0.24595050389303694,0.38072749361153674,0.550798465852646
YJR012C,179.7452737535783,0.29764314754133153,0.2626324798707881,0.1592624815775545,0.290764970236173
YJR013W,836.3132839445734,0.09101324712728434,0.14168294980381166,0.49576014544824604,0.658742131074427
YJR014W,1482.1041062291936,-0.3914769328086938,0.11444923642994505,3.53068365796747e-4,0.0015433981861404128
YJR015W,2506.60698875253,0.3724740026058999,0.09626770131408009,7.090980240435266e-5,3.591215753145577e-4
YJR016C,12809.015517181015,-0.4778220025143652,0.07140386021457544,1.0170775075796528e-11,1.1947621637843053e-10
YJR017C,990.6052752154062,0.08676313216440779,0.12912252338638877,0.4812368306600749,0.6465831830490912
YJR019C,440.6162529430329,0.23222409479471973,0.1799446230054983,0.15362867692711304,0.2832768737646591
YJR021C,376.9321788675275,0.34550566769660723,0.19596079456700866,0.04732269196346069,0.11149097663145334
YJR022W,90.49888472712252,-0.009121086184993061,0.29177349089980076,0.9643055185472873,0.981951390234315
YJR024C,1206.1145567131582,0.12046345679183626,0.12270500595723559,0.28755610055747505,0.45357998613992273
YJR025C,1052.2126534760685,0.36136448526067033,0.13190909032243506,0.0038626338064684474,0.013098304517966897
YJR026W,0,NA,NA,NA,NA
YJR027W,9369.6688091386,-0.20933772511023904,0.07503884639736255,0.00500040619393941,0.016390992398922014
YJR028W,0,NA,NA,NA,NA
YJR029W,24963.830384857523,-0.2475520251857963,0.06483519763951277,1.085562011554944e-4,5.294920746186522e-4
YJR030C,725.7048831816686,-0.13404191980102045,0.14938934377533888,0.3357491359131115,0.5060675594439549
YJR031C,1290.1733855564996,-0.20177892636904007,0.12075410399295275,0.07989620140323601,0.169234159365978
YJR032W,1075.1553434708635,-0.028898458163869913,0.12452699259598721,0.8070104179387775,0.8944017680279969
YJR033C,1040.2738383250808,0.21036292954549066,0.12892041531732706,0.08498995839565661,0.17772545555290323
YJR034W,122.33762551097658,0.18460038006764048,0.28537447769231594,0.3937485091528543,0.5635620521997311
YJR035W,707.9813481788099,0.07503155475497696,0.1455877113359996,0.5802733944285416,0.7330488875203749
YJR036C,319.79863845910455,0.3534521417378771,0.21628143497489122,0.05905378230401513,0.13276406948028105
YJR039W,629.7314206135627,0.30632905449509157,0.15754116993411862,0.03578257991956127,0.08888368735705678
YJR040W,1436.2815461748758,-0.011474170019549746,0.1127134248466301,0.9163109220340218,0.9590851095553117
YJR041C,1145.1983160079164,-0.825941279344224,0.13145348498360473,6.26620887189408e-11,6.97889464324383e-10
YJR042W,2170.3204466051175,-0.1472835945396605,0.09897548733627419,0.13332523185311768,0.25443977095075565
YJR043C,560.3991162077386,-0.16964613346279234,0.16239697530419078,0.2578943311461373,0.4187174781681471
YJR044C,626.9675004673202,0.30473752209468186,0.16389350371488434,0.043146074475960236,0.10319532872014386
YJR045C,13520.219381134828,0.22970998180352595,0.06837468607488577,6.553828781508808e-4,0.0027007636844554464
YJR046W,1105.6601610541913,0.15740064212599245,0.12431990161840473,0.18530517942530522,0.3261924307674701
YJR047C,105.87562808295512,-2.227030305387363,0.421203224004389,6.117218796887948e-9,5.498969397141499e-8
YJR048W,307.88067318531085,0.8006623639444831,0.22966444700925506,9.779371076390318e-5,4.833943942789078e-4
YJR049C,1229.786168765807,-0.008535153517515059,0.12514775560745212,0.9488872523745344,0.9750109057448092
YJR050W,336.9413606042976,0.13796548148444962,0.19447586884257376,0.42554010137537657,0.5928206893008731
YJR051W,1425.3686267564972,0.3531040961012021,0.11748092126819513,0.0016317261053545723,0.0060977749323674986
YJR052W,635.3371417495637,0.022599551033779166,0.1516489771836027,0.8745196972303104,0.9346307124161283
YJR053W,222.54603227684464,-0.4192667160977231,0.25368163559919055,0.04518620996568226,0.10709930874904675
YJR054W,560.8599925139376,-0.13405516870460188,0.16033838625457422,0.38085497546099883,0.550798465852646
YJR055W,137.07586730633403,-0.41119711969659895,0.32082718911001673,0.082507616749374,0.17345718929449502
YJR056C,307.17066435921055,0.03857588173150555,0.198590257564067,0.8275520651580086,0.9080630239713039
YJR057W,529.3252543455699,-0.12623209193110532,0.16326142266955998,0.4006304396829519,0.5695558589224609
YJR058C,461.72307748493483,0.23813923493568456,0.17888369734071477,0.14064400402866714,0.26506158253660916
YJR059W,2398.6004200488496,0.8529355918076398,0.10214274309859384,1.499810878831091e-17,2.64011485148267e-16
YJR060W,1594.7624580579802,1.2719416902877074,0.1146441182317244,1.5476658989277606e-29,5.2451642563086225e-28
YJR061W,707.8119355588003,0.03745410382475662,0.1454791715345096,0.781286438565862,0.8779051311400321
YJR062C,741.1533174608563,0.4487114616041951,0.15499366696522493,0.0018632433992303344,0.006850091225225239
YJR063W,520.8741359677209,-0.47274802245364766,0.17480384566405927,0.003308484394863705,0.011422794189994888
YJR064W,4567.09111576788,-0.31679167926218676,0.08195224761025423,8.145769153303372e-5,4.091618458009368e-4
YJR065C,4229.03376626969,0.18495656949948563,0.08280408355174013,0.023046287582390114,0.06135618865614199
YJR066W,1258.0737612932753,-0.10703009954401813,0.11941289945050372,0.34837365185485514,0.5189086701157062
YJR067C,232.46984590071895,0.16003436498537932,0.22631419319164056,0.401435589849055,0.5700134055718462
YJR068W,1208.2233921421134,-0.18864917836921483,0.12077289921995331,0.10215057615692624,0.20545086889406347
YJR069C,1097.5711464085848,-0.16745639761481015,0.1277902975790099,0.1679729692113695,0.3033802754791565
YJR070C,3451.254547081851,-0.8364412541197885,0.08976582638942154,2.7419181194189568e-21,5.966454298971803e-20
YJR072C,1841.548447042664,-0.300023955242996,0.10563300715314362,0.0030850424437998025,0.010758424181601086
YJR073C,10291.83558789879,-1.319749874554083,0.07178128335210267,1.8788479087440284e-76,1.943783529449743e-74
YJR074W,1295.2651363064151,0.014131234102952752,0.11659068347481197,0.897891793236846,0.9496807285238137
YJR075W,2371.7254381344555,0.012810227993826603,0.09620152459873588,0.895827386628815,0.9484190482854797
YJR076C,2192.6795538472024,-0.15761811318454297,0.09971456863377631,0.11079581404637942,0.21858913196102356
YJR077C,3399.169890847901,-0.11948275023405719,0.09164332919597389,0.1813827458473297,0.3208200516681773
YJR078W,78.24495755678994,0.4274412931012569,0.3930092112845454,0.09567012166572292,0.19514586906356557
YJR079W,0.2552620665530189,0.009512848885841568,0.42400983011338866,0.8474059576546062,NA
YJR080C,1069.2963959633496,0.40933731608441176,0.13140706871905034,9.87392068157247e-4,0.003915703447157555
YJR082C,167.14909260186872,0.014749506115736392,0.24472225352476862,0.9431396338193127,0.9731886757069653
YJR083C,357.8809731607875,0.14684056244442964,0.1912004166961081,0.3900266510800728,0.5596075818538173
YJR084W,732.0946350822762,-0.029736154055622604,0.1444850207992996,0.8210864571784171,0.9041917531243933
YJR085C,702.2635792610614,0.5675447393450179,0.15558732939667635,1.0219175303940664e-4,5.029580154790975e-4
YJR086W,406.738971197689,0.6746078763314615,0.20022212858530472,1.9717410604347746e-4,9.177077374415048e-4
YJR088C,1271.5650093792353,0.12031543388053322,0.11832148211343989,0.28892311149218564,0.4547649419552317
YJR089W,929.4361437945877,-0.036347710247584666,0.13169346159198256,0.7701109682817144,0.8705432870031172
YJR090C,1339.0268399709748,-0.1235844038693815,0.11743319088437625,0.27211076370483267,0.43545106474013523
YJR091C,1874.5799492974036,0.03240040737036581,0.10902467955546233,0.7601575127997569,0.8652091976414141
YJR092W,1726.3246943743409,-0.046188560580909754,0.10838408702493361,0.6547631626178785,0.7899219251140813
YJR093C,637.9385184197948,0.15567881958284135,0.154588955098082,0.2792140233861482,0.4445239996407524
YJR094C,118.34993996836349,-0.39720974618553906,0.3454523552887532,0.0997262767674299,0.20153804523856825
YJR094W-A,5536.233369247448,-0.22157399983071288,0.08312439408580474,0.006694691339889812,0.021190872158524002
YJR095W,19.295962783344418,0.18180654333526403,0.42518637531366116,0.30955597033776217,0.47912114359101926
YJR096W,1279.1351658651656,1.8893758840059345,0.13256891934966014,2.95218134805975e-47,1.7236646940107273e-45
YJR097W,98.65943308162798,-0.42145838804826435,0.356546230093848,0.0893725841731253,0.18505271378824434
YJR098C,259.3418209688879,-0.09720394617608612,0.21264855716123793,0.5958243699201728,0.7457124236716838
YJR099W,451.4571092127678,0.4327797443154675,0.18691637132442854,0.010039170739531164,0.030046391569484597
YJR100C,631.3583718463879,0.007222934437492593,0.15533863663638553,0.9615384625061701,0.980964428431751
YJR101W,706.6874966374064,0.09828266512149272,0.14655131260186666,0.47678950183543056,0.6419241306674734
YJR102C,254.92488552599596,0.09024322717020551,0.2166880700884571,0.645866851025739,0.783390408593915
YJR103W,1518.7005512675935,0.3151304649151191,0.11275957337583162,0.0036574491992019376,0.012503175610257291
YJR104C,14288.31556523326,0.7585502316180501,0.06947944754510228,2.2012990303526802e-28,7.093475618573636e-27
YJR105W,12766.413588174712,-0.15717306985536542,0.06876124889286955,0.020150496404928827,0.054687253131679915
YJR106W,508.9128303453605,0.19836272580347905,0.16801977896225515,0.19810274362275465,0.34349070248261815
YJR107C-A,103.85620582117933,0.8175691177572999,0.3985030122185885,0.005977891163126018,0.019127305582720633
YJR107W,395.66476164673577,0.3775448845943655,0.19547842389581502,0.02912262361943797,0.07479795796333871
YJR108W,9.535240074257954,0.08597079617760961,0.4147433856764087,0.48909510427609665,0.6531236027889814
YJR109C,5963.398059924418,0.16770797938676626,0.24356151947464483,0.40187476074466677,0.5702250876109962
YJR110W,775.0354513165362,-0.048672738455651586,0.14047112894418234,0.7111038694319272,0.8305366444919933
YJR111C,376.73317578581396,-0.07538322882203878,0.18450334695107093,0.6487667874834098,0.7855806459527038
YJR112W,325.2087622777019,-0.25027162344049864,0.20984131668351114,0.16884938215770187,0.30431075995842544
YJR112W-A,123.30669053455912,0.26683845170088977,0.3002512187859654,0.2331859772903284,0.3891051805549141
YJR113C,742.3360566972551,0.4194943715781595,0.14961878192163236,0.0028691015461253092,0.010119074053529275
YJR115W,63.61122581150586,0.1930872246897824,0.34405718120143297,0.3864433568833823,0.5563614442239515
YJR116W,455.7301471031958,0.18245502797708027,0.17546311729861158,0.25302545786768404,0.4135507552787508
YJR117W,3233.069734924355,0.014956360910308731,0.09461439880781022,0.8684873036432449,0.9323975686066795
YJR118C,816.4285289509262,0.006245865708415368,0.15019365210701802,0.9737730573308295,0.9879369531735811
YJR119C,327.5156681377961,0.032542448925210715,0.19522596435024384,0.8521583574872189,0.924174808834434
YJR120W,0.3850498871850816,0.011718819046257592,0.42416125289992757,0.7616120004826039,NA
YJR121W,12287.576079130544,-0.13925118842026604,0.07053780909755641,0.04477530424969093,0.10651067735394408
YJR122W,537.3657855561827,0.35764769402693325,0.1693912472774433,0.021040936331282657,0.05682210173886519
YJR123W,49098.544255210574,-0.31405219989061217,0.06464426425383069,4.287033830096637e-7,3.023999820105247e-6
YJR124C,925.6704755703306,-0.6972723444079864,0.13954492277945144,1.5664898486387555e-7,1.1634245135293124e-6
YJR125C,2075.4853307618046,0.5326538780013224,0.10535356933240428,1.7864574668817293e-7,1.3184905734920598e-6
YJR126C,2304.908095118355,0.06482184606194576,0.0968856302462253,0.49015824620006876,0.6538030259764319
YJR127C,2691.290947764328,-0.2642072692016716,0.09793402069114779,0.0049940630087847845,0.016388419344910334
YJR128W,21.230421298434912,0.029227203238531993,0.37783181408300154,0.87003357273686,0.932571715507501
YJR129C,194.27376176419787,-0.013012472264080087,0.2367175506265008,0.9463136221719369,0.9740637859919552
YJR130C,958.2448578118281,0.3345928155232898,0.13437295590097095,0.008348703768905914,0.02561514366557657
YJR131W,700.2552644436773,0.33334293137453985,0.15264128384697073,0.01909464950993098,0.05227537054784726
YJR132W,1461.4421167307023,-0.5728959966021502,0.11709351987494886,3.504138208457777e-7,2.5108023104830513e-6
YJR133W,869.3353405142412,-0.0987993499964221,0.14159482511541913,0.4603392915287202,0.6255960206580005
YJR134C,1348.9438259023664,-0.08890039986091325,0.12251816908405923,0.4482992791025396,0.6142241749227871
YJR135C,115.28247673005475,0.08402675808541707,0.2763677506823353,0.6904657363234525,0.8156403139221554
YJR135W-A,210.0453949774798,-0.010804017573766629,0.228984145543269,0.9534735789043877,0.9764907424104158
YJR136C,363.2019754112933,-0.0816744164829459,0.18722239936379814,0.6252242920659796,0.7689649513405306
YJR137C,1499.5498635931413,0.6197045802982414,0.11584558453008398,2.97028559051311e-8,2.419305818681742e-7
YJR138W,1139.386753370979,-0.04412586357490725,0.1249510060902931,0.7078326683838374,0.8283566670886067
YJR139C,7822.688051508032,0.10325798603820818,0.07679444588631862,0.18428023691431292,0.3247760182557392
YJR140C,941.4912342329392,-0.2836500103136119,0.1405858534761189,0.03081572719687559,0.0782939867643151
YJR141W,452.51414777454465,-0.16439147318442446,0.17475841502345263,0.300619473330962,0.4691992016399233
YJR142W,1119.3622362979947,0.24131793489180306,0.12493940678296242,0.042112638266280755,0.1011741927006362
YJR143C,4942.56453451963,-0.5152513482138095,0.08090645587959175,8.452981446395028e-11,9.230968812850275e-10
YJR144W,1445.6767926211867,-0.19371735324047534,0.11401441078951113,0.07436682323537255,0.15946951149781524
YJR145C,30884.254026104838,-0.34924796571697775,0.06487454595557793,4.542912601171478e-8,3.6104522384242864e-7
YJR146W,19.416909208123624,-0.08198976535745696,0.3887452402200784,0.6297533203497058,0.7722302620299886
YJR147W,701.5092455858792,-0.38561293951667036,0.15395455448261172,0.00698929342350054,0.022017021003409555
YJR148W,1182.36053220117,0.684285044800423,0.12655743841871755,1.837959642323102e-8,1.5505648084090604e-7
YJR149W,221.5544197951294,0.1565324878267508,0.2324060640271714,0.4224853132195923,0.5910020991448349
YJR150C,6.9571418848105155,0.04118435824504609,0.40951980721555614,0.7256385190373322,0.838503761379967
YJR151C,248.6150636204656,0.12247702706958942,0.21783729215658515,0.5139354925602674,0.6733342811881575
YJR151W-A,0,NA,NA,NA,NA
YJR152W,241.460970880847,0.17528656414604216,0.22592728681557936,0.3612313915114482,0.5306879710371225
YJR153W,117.56146383269572,0.2177697465521753,0.29366890221799696,0.322205417330063,0.49211223672504056
YJR154W,136.87330855749536,-0.13303634094591843,0.26722680821664824,0.5231491950069935,0.6805671305881846
YJR155W,229.456529063896,0.14835858715937553,0.22534895885162176,0.4370711975748773,0.6026207276359719
YJR156C,56.28176696801697,0.16336932113689517,0.3469474151397191,0.4537985702775601,0.6195994834282871
YJR158W,5.174240403108795,-0.10893498305029455,0.43802824856229094,0.1052689011167265,0.210402664237076
YJR159W,83.08701525950924,-0.2188751670225154,0.3500715461807626,0.31884992263303963,0.48869428366259865
YJR160C,264.4180363525561,-0.26480224313241607,0.22272263768998019,0.1642825247095665,0.29790099883527477
YJR161C,428.81336370009916,0.24481173115555194,0.1840895834781702,0.13478129837425748,0.25672006347319004
YKL001C,290.69243037787913,0.4883825627453922,0.22687997970244314,0.012798726061957083,0.037015246487180443
YKL002W,1601.3817851651652,0.048149390414308234,0.1113074406089309,0.6553361169254439,0.7900997539908664
YKL003C,298.4530986192574,0.10581017853703337,0.20243902739324465,0.5532673504097396,0.7103456488931492
YKL004W,2071.0309975861733,-0.6004700886626834,0.10394907625943836,2.4882560697900855e-9,2.355769618643554e-8
YKL005C,1123.759033947532,-0.23924246654803621,0.1258554710327412,0.045708568207782706,0.10803343756364514
YKL006C-A,133.95001030438763,0.10481825439496245,0.2658477589244103,0.6166264566884638,0.7623157683630757
YKL006W,17561.088295146637,-0.2832701780760293,0.06988379940210296,3.7489689424834644e-5,1.9923303598139491e-4
YKL007W,1764.9336643827721,0.30096802711599624,0.10695203794858774,0.003624586975271788,0.012412421250393574
YKL008C,2129.0727886362283,-0.5310696691962958,0.102467321883232,9.152546082775572e-8,6.937347589990687e-7
YKL009W,1883.1441858907783,-0.9366930880237272,0.1075719593528854,5.225484328339848e-19,1.0169861743967024e-17
YKL010C,1860.111004150795,0.08468572484784961,0.10432193666196601,0.40361460726948983,0.571984241472433
YKL011C,427.5769460696104,0.22944814742886732,0.18560758642952332,0.16434275085771624,0.2979185987728105
YKL012W,1135.8359058716303,0.008229622376288107,0.12235480533768463,0.9449083502703965,0.9736590079784938
YKL013C,1454.720802243275,0.32602816609740637,0.11688480859909625,0.003841869087529868,0.013050404383158772
YKL014C,2026.072049229721,-1.0587827560868457,0.10883008954317536,3.5586139307667684e-23,8.671548078401502e-22
YKL015W,1278.0189574974522,-0.18779185773587784,0.11865724526257744,0.09809389351642807,0.1989573582614461
YKL016C,1402.9851366299642,0.378283354311068,0.11675824107589243,7.250062076678875e-4,0.002962828556214506
YKL017C,538.4969890780119,-0.096269942507136,0.16435967962723166,0.5289528959643677,0.6866025154087334
YKL018C-A,227.59945273361234,-0.04733765218714538,0.22379451975621611,0.8014179956742764,0.8908505033913682
YKL018W,627.1189651281738,0.11470056746398376,0.15315418294124214,0.4222791639383066,0.5910020991448349
YKL019W,1152.7645221223997,0.020806758725984694,0.12762847725453236,0.8654118308990927,0.9309924408436553
YKL020C,1374.8944689560942,-0.11387710657337015,0.11474771230287831,0.30067895251776666,0.4691992016399233
YKL021C,1652.8309912291784,-0.7923791835920857,0.11166271215251912,3.1155863438893293e-13,4.1661253219762755e-12
YKL022C,900.2488595518605,0.01723690151699214,0.1331965662108391,0.892864595788223,0.9466936033687576
YKL023C-A,210.15232979711087,-0.32099705497097275,0.2482761965953582,0.11633516941080982,0.227538472310297
YKL023W,674.1678920227218,0.5482613636361188,0.15951521684227984,2.240350938317727e-4,0.0010313309510741324
YKL024C,1272.4195816496565,-0.34454522566940593,0.12021011750274967,0.0028262297161867167,0.009988758448989362
YKL025C,1256.261318673607,-0.007043178909825525,0.11975476930578995,0.950124017113196,0.9752363384949928
YKL026C,117.30222158193055,1.1255272184549887,0.3801686398959861,3.1204620513195327e-4,0.0013866891271010764
YKL027W,1235.3231831256992,-0.2882309637142326,0.12161158302385942,0.01332657126261315,0.03839612989206231
YKL028W,1634.641290589393,-0.27273567213219624,0.10937991104678668,0.010113208947869044,0.030165702157604325
YKL029C,2577.953786387461,-0.6420131062892811,0.09681035391200238,1.1463660423161807e-11,1.3412937602258964e-10
YKL032C,1162.4423981367727,-0.11146164086306175,0.12489914829304614,0.34889518385035057,0.5191586210843865
YKL033W,655.5120745940567,-0.1713766934509803,0.15628610987551472,0.23594742832823629,0.39260214019514933
YKL033W-A,1809.8220570291062,0.19335337476718498,0.10522446186782422,0.05866650958113305,0.132246332951048
YKL034W,1043.1120876234882,0.16547072880061037,0.12778344840427863,0.16620607213184657,0.3006059884914967
YKL035W,11073.80819453973,1.4268058015537533,0.07167760579910318,7.235084952124174e-89,8.707203257689031e-87
YKL037W,24.220390009810945,0.04900311437418656,0.3763249872980583,0.7839498976065277,0.8798919958480574
YKL038W,1053.5591692848452,0.2028539043228158,0.1289739768413105,0.09811226010247334,0.1989573582614461
YKL039W,2771.7763425323437,-0.025956437928687737,0.09314913216820739,0.7801194348828708,0.8772624537574922
YKL040C,816.499090228132,0.2861013146869377,0.1418713750713766,0.03187110607751986,0.08039563080980383
YKL041W,623.8727423964868,0.1926454544980779,0.1549297233419804,0.18110528970929402,0.3205215766553742
YKL042W,551.56748504644,-0.11024560292402702,0.16041631932438716,0.45873338941786557,0.6243084934264339
YKL043W,563.3993781207981,0.007125125852161082,0.2881756491310209,0.9764021652337088,0.9886407225932659
YKL044W,20.020627284779703,-0.07307092485944783,0.38739962200144046,0.6629360401213411,0.7966143751436122
YKL045W,1175.437982457137,-0.024783500383257703,0.12076533935988065,0.829395653881871,0.9096626453358337
YKL046C,3161.584183350249,0.024196325805855973,0.09401248203105728,0.789962211617433,0.8839482280660345
YKL047W,692.1564231030386,-0.2530522631537357,0.15572142899954441,0.07920159968802319,0.16794384514932495
YKL048C,480.7114752007863,-0.16694463547337288,0.17054834993863538,0.2905627792347898,0.45644538650150956
YKL049C,299.5861693625031,0.07777423845500697,0.20186450314654264,0.6614331792049892,0.795527525550035
YKL050C,235.51870794049316,-0.2778152286281698,0.23343709886228076,0.15662775609577953,0.2871995888360733
YKL051W,1427.4313901767005,0.28933199081409244,0.11871905836713098,0.010789681276814818,0.03187712950369588
YKL052C,611.3032174780122,0.39807828613099416,0.161654037621273,0.007763066129247488,0.02409410577061707
YKL053C-A,195.93846728442597,0.40457818006164176,0.2765355836064234,0.06596706421401609,0.14536912468985533
YKL054C,5662.733588925978,-0.31060981406543775,0.08789844887732003,3.0365771814482376e-4,0.001352469459138992
YKL055C,71.13188425433049,-0.08325465342912441,0.3136929128312437,0.6946112223400525,0.8184060695582996
YKL056C,15138.446142427576,-0.1637022244355589,0.07114451932778906,0.01918084544757996,0.052462637107782484
YKL057C,2133.933559330467,-0.16113534198940577,0.10066999492095224,0.10230243606869198,0.20561604141004655
YKL058W,634.0312009081326,0.13996213151216272,0.15285739350337427,0.3262924674690803,0.4961698506098934
YKL059C,724.7000451842962,0.14849936720925624,0.14608880737892227,0.2847924639019767,0.45157869309759524
YKL060C,212413.7578528344,0.07050913387516247,0.06412937058590035,0.27113230190558535,0.4350659004999284
YKL061W,129.93843040395174,0.26323430262663455,0.2904483124522617,0.23377472179345113,0.3898669497782753
YKL062W,1264.6761721359978,-0.020037511412984165,0.11828694362160883,0.8612987823131273,0.9285336232724885
YKL063C,491.4509898593169,0.023261698573655527,0.16948049561810388,0.8805680708725314,0.9374814793167211
YKL064W,1718.8147505747922,-0.2564726792521488,0.10980080654356562,0.01635753764001651,0.04587250149005309
YKL065C,2116.4223159716616,0.42668901993512176,0.10444960262062651,2.4076923135008527e-5,1.3331607110530073e-4
YKL065W-A,7.88714716137618,0.12810158523807227,0.4358629351129537,0.23838155139138545,0.3959819742408451
YKL067W,1644.2301873945175,0.7595001364187688,0.11401809068018054,6.259867635024572e-12,7.457462513886849e-11
YKL068W,2024.087817592807,-0.5071397819200506,0.11304182645110893,3.0970977772515555e-6,1.9326545600478755e-5
YKL068W-A,69.89724865410751,-0.24334353599685135,0.3489959102717114,0.286103337709668,0.45244363440203117
YKL069W,580.7273495641977,0.8945828883042825,0.17169439776516698,3.4438689046907346e-8,2.7705995813044014e-7
YKL070W,206.76151304931287,0.06909816249696682,0.22959071662034816,0.723112752395232,0.8372660319801066
YKL071W,246.07410986176728,-0.417917237528153,0.240703613062211,0.03901658231318157,0.09544410103176726
YKL072W,507.260603194056,-0.5668037792972551,0.17970678345186977,5.818593317182372e-4,0.00242489362483565
YKL073W,2533.2263075703295,-0.05779473677217011,0.09499023885622274,0.5235984199145967,0.6810012973613535
YKL074C,768.857348790898,-0.17781070038402794,0.14250405232336463,0.18282144317296722,0.3229772469715362
YKL075C,726.9654174530575,-0.07552223648053386,0.14503521584669385,0.5787053618056424,0.7318519233471741
YKL077W,2946.9078006126415,-0.15428001334628103,0.09067430658580457,0.07593832942010201,0.16230820173626007
YKL078W,518.97288139499085,-1.229397460572942,0.18727896758870535,5.418868218048838e-12,6.521442016700816e-11
YKL079W,896.049125184205,0.09852772120130636,0.13356988661439462,0.4346019557636225,0.6003391269941629
YKL080W,5542.484191690173,-0.32082942335607645,0.07846053844025115,2.9778360890300627e-5,1.616970480387687e-4
YKL081W,18478.207462552018,-0.6461693548925741,0.06758411486253614,4.622063902742435e-22,1.052367213686183e-20
YKL082C,2919.2365886189573,-0.8325256014263774,0.09302562029080529,1.0401365574166095e-19,2.100577150371831e-18
YKL084W,191.57182834879188,-0.04781337179580946,0.23432408025476736,0.8049849317574919,0.8936363220206944
YKL085W,3826.92962741371,0.7631222955800137,0.08669663028579798,3.262910860691241e-19,6.435245934948578e-18
YKL086W,20.98400062773475,0.3352690761787289,0.5308703899581507,0.10684822724347985,0.2125072499341655
YKL087C,593.126702646864,0.29551954418139786,0.1654073023321749,0.05217343714436629,0.1205590747806928
YKL088W,970.5175070182363,-0.2613256911568696,0.13272219985412137,0.037552284351961535,0.09246172059437043
YKL089W,479.2513191161728,0.09860628696654809,0.17087060507413834,0.5300339903346928,0.6877114851430098
YKL090W,405.45749138058784,0.10895010535284858,0.18084594871860338,0.50617683100819,0.667596767941222
YKL091C,762.461741748318,1.3428822215998402,0.1551699033334649,4.7426122594439e-19,9.260657117198901e-18
YKL092C,903.2211407991011,-0.06447193830809507,0.1331594869140815,0.6077562742319667,0.7546722992516124
YKL093W,278.7027554344044,0.4302583758986273,0.22856088906041977,0.02878223192566907,0.07405271451381784
YKL094W,1872.0370190279752,0.35032468222123403,0.10548120916524749,5.78605307516563e-4,0.00241303783481271
YKL095W,219.1171139754017,-0.028745656997702942,0.22391467936168902,0.8798542050233323,0.9370598242771522
YKL096C-B,0,NA,NA,NA,NA
YKL096W,3373.368926930336,0.7337596347253211,0.09208788027233569,3.655426686041001e-16,5.889631466552947e-15
YKL096W-A,17788.29449980583,-0.13030288114477823,0.06613863872951568,0.04516874680613844,0.10709930874904675
YKL097C,2.5552645464799504,0.01163716816958617,0.4174265005729553,0.8785109936723254,0.9368136220046479
YKL098W,735.9470530819409,-0.15491332831844573,0.1446329586522086,0.25291605068397377,0.4135507552787508
YKL099C,696.8351264906514,-0.800037777851234,0.1614386802796421,1.4879985669776212e-7,1.1093208027139105e-6
YKL100C,2332.7140664928593,0.41433306465966663,0.09978090466338287,1.8809499539504734e-5,1.0543689998522758e-4
YKL101W,3227.907124637365,-0.309821585847592,0.0915326088679749,5.083958656237645e-4,0.0021491114118876984
YKL102C,3.928416675544985,0.02013875852849834,0.4141351696307217,0.8306783581931332,0.909996336292942
YKL103C,2803.4004955442006,1.2850605596225346,0.09511160623026965,1.1498474173627666e-42,5.557910016547733e-41
YKL104C,4889.726597265828,-0.08572868717386535,0.08029575213779572,0.2582116285273541,0.4190076976955991
YKL104W-A,0.2930029257385322,-0.012786509536195124,0.4241748712917326,0.744154738948589,NA
YKL105C,1166.7461074170558,0.12849872199773954,0.12230809486689935,0.2717768092683989,0.43515282222529145
YKL106C-A,0,NA,NA,NA,NA
YKL106W,1037.1371957949157,-0.31633199177555044,0.12944960584867407,0.010081738749052813,0.030089650285948552
YKL107W,50.3189248399895,0.48547403337968587,0.513377162522041,0.0721325629185223,0.15638445718034044
YKL108W,534.0332005775061,-0.06285825301417004,0.16233109827845058,0.6740308726628239,0.80393803662424
YKL109W,849.029380698252,-0.17386191246680147,0.1393113534204949,0.18492341384499827,0.32561760867242606
YKL110C,709.9178934910988,-0.6663758498541198,0.15757254641097992,6.587418266597425e-6,3.904121157600504e-5
YKL112W,2019.1351767418773,0.09301828051762341,0.10627180489861308,0.36641546260397734,0.5359007894284857
YKL113C,1450.7000457440006,-0.3678464751458855,0.11708316036521914,0.0010500342586955654,0.004133546077121328
YKL114C,1342.051629330356,-0.01481831513694322,0.1151503264878745,0.8930289946917614,0.9466936033687576
YKL116C,781.9628073188181,-0.07413963425948515,0.14108704048439202,0.5729068579597953,0.7273265320535873
YKL117W,5311.394135310031,0.29451816507210216,0.0805829741198381,1.9257371517019924e-4,8.984234164229945e-4
YKL119C,434.40792306126707,0.001967203215763565,0.17821983426403576,0.9914737396968557,0.9949950802008068
YKL120W,1356.6836731282465,-0.38538893613852415,0.11872265160145445,6.776617471318259e-4,0.0027847883782831893
YKL121W,777.3868280375043,0.1555019936543741,0.14702289074710487,0.2577065212735653,0.41864885838848886
YKL122C,904.2459532247203,-0.17781351405485477,0.13421834913109273,0.16109591187586528,0.2931140365109465
YKL124W,543.7370060840112,0.6470081475937602,0.17458238061595463,6.224219788647265e-5,3.197232063907049e-4
YKL125W,975.2456133125265,-0.7136705091256079,0.138724122134207,6.927860540419628e-8,5.32641376882067e-7
YKL126W,2593.722197992422,0.09833472686296546,0.09366909942895797,0.2826473733225456,0.4489015783687184
YKL127W,2296.967555170138,-0.4118957752893439,0.09883476525969077,1.8909504429592587e-5,1.0579634499175283e-4
YKL128C,1444.861684390331,0.04080337294439418,0.11255478356072991,0.7080748422247267,0.8283724666745841
YKL129C,1517.2775015432949,0.3708377524658141,0.11667945501048063,8.224367342299983e-4,0.003326412497773868
YKL130C,482.711802243823,0.07143755760949433,0.16852157579755656,0.64372636083155,0.7822077786572533
YKL132C,208.04027008088968,-0.7785211106608148,0.2759359131034691,9.099987858557748e-4,0.0036430840734497654
YKL133C,344.12074349489836,0.8987163704518399,0.2291309383775311,1.4026817838125158e-5,7.991898047480585e-5
YKL134C,599.8854366436931,0.17835235691931808,0.15724530003431325,0.2226006050280425,0.3755867719171292
YKL135C,1566.3725893035034,-0.13922403312491355,0.11264093783227423,0.19668011087932916,0.3416266903845078
YKL137W,195.15681656436414,0.36282920455035,0.26176783494330375,0.08800236514329382,0.18272885466549424
YKL138C,331.12351120063073,0.15033899594485173,0.19642865027806636,0.3884711494578197,0.5584627909197374
YKL138C-A,124.99662920214513,0.3411233473816787,0.3107140943756766,0.14050911528148638,0.2648920245572011
YKL139W,635.4411538434015,-0.3232626939061013,0.15841783692141523,0.027188280227752177,0.07075431972773813
YKL140W,1383.1934343818632,0.10191601124541609,0.11496871132232042,0.35655072347704797,0.5262655108487705
YKL141W,1437.60418056155,0.6613460507014803,0.12151568708234706,1.5621943937678818e-8,1.337047944854746e-7
YKL142W,1652.7714422770357,1.2393748287057218,0.11901749255733295,3.42878216706916e-26,9.815305067576134e-25
YKL143W,1518.9135735946547,-0.8664724209145852,0.11669880267701692,2.0519722496105652e-14,2.973090996548772e-13
YKL144C,439.613074847083,-0.22120064009086746,0.1785769855737132,0.17449588074340133,0.31236273550898275
YKL145W,5481.261334839591,0.12936336261330533,0.07869517177868272,0.0876404162968142,0.18223396858332627
YKL146W,1510.1284023159872,0.15138885176996542,0.11173488917158539,0.16071402164855417,0.29278053310519736
YKL148C,1360.63454715478,0.6445532334980374,0.12034133284385992,2.6581588200918525e-8,2.1923304282631683e-7
YKL149C,442.57825023097064,-0.027267883050699097,0.17526285372202915,0.8690959566891073,0.9325070699773773
YKL150W,2831.030824955009,1.0689676797532777,0.09926163430132921,6.642009525524777e-28,2.0723772577788156e-26
YKL151C,1404.085630810518,1.212351366615746,0.12110875091876751,1.6240034470806546e-24,4.2563325899709426e-23
YKL152C,83700.68468710687,0.06980402304062035,0.06343686459575953,0.2703531432644765,0.43417006694733606
YKL154W,815.0778304914655,-0.20597998772923154,0.14025723620808506,0.11868054325160506,0.23097662163521948
YKL155C,715.0462332643776,-0.10967200374071294,0.14649326314431496,0.4240629300491712,0.5922180215701277
YKL156W,1819.2225100616834,-0.5180008601092481,0.10754467773862429,5.940540215233943e-7,4.111662634886686e-6
YKL157W,3938.581577227582,0.11558009608234553,0.0840174022168714,0.1605751907953826,0.29270846989810545
YKL159C,204.31520753751076,0.40925959197618067,0.26597446375025385,0.057796594793910964,0.13088576017653342
YKL160W,2092.6490676614835,0.5622584257223637,0.10593780380776963,4.271336344315869e-8,3.40379330032847e-7
YKL161C,271.1571938875647,-0.17465689837027604,0.2160591768994759,0.3464063761095148,0.516761548170455
YKL162C,180.3420577083812,0.30275878639795767,0.26228390599541324,0.1565705723551736,0.2871840327149172
YKL163W,219.45856011932273,0.4543199014364814,0.2555488841665279,0.03211113282070387,0.0808191849098125
YKL164C,8087.873068304754,0.49629596283758926,0.08049313666257242,2.6814348611512206e-10,2.8081856763817335e-9
YKL165C,1567.9587965233486,-0.3147690201463643,0.11413960537713032,0.004001041265387331,0.013474666100507763
YKL166C,980.3004647388326,-0.3316490767918718,0.1352240415716791,0.009407563857851789,0.02846403492547563
YKL167C,284.8882328475966,0.2830673871955759,0.22093139042513885,0.13515202246941013,0.2573430663552184
YKL168C,693.2184539423761,0.2808916693688652,0.15333076263342968,0.048663034399080145,0.11414714154788211
YKL170W,267.1508536597984,0.1505475039356406,0.21276732275805482,0.41477622504395156,0.5833378008786507
YKL171W,717.1320461427608,0.3884029359977521,0.1512486608397543,0.005831612416427637,0.01879181334408403
YKL172W,3727.1893332605214,-1.0778245021015356,0.08937469367401625,3.1786507780252718e-34,1.3017016415288213e-32
YKL173W,1237.4003944141714,-0.3037242672632589,0.12200087548947847,0.009056089373448484,0.027527710842899848
YKL174C,1216.796898782566,-0.21631867070679023,0.12066150819204798,0.061704226193591644,0.13736120115651562
YKL175W,1922.1817127735665,-0.5934385980828336,0.10987207768052025,2.05216588229014e-8,1.7165421571439653e-7
YKL176C,1728.1915608528457,-0.41333687968273936,0.10891213599814724,8.247111703195732e-5,4.138997252233637e-4
YKL178C,8792.497590844014,-0.050555073303875854,0.08532347793730907,0.5260256761722388,0.6837058435943779
YKL179C,1352.30059143514,-0.11087300320771303,0.11624492197023571,0.3210908440724834,0.4911732055759882
YKL180W,19421.349099622257,-0.3318144685757051,0.06695402767645436,8.169702043496678e-7,5.576010758159712e-6
YKL181W,5686.829474425938,-0.6370199905296254,0.07874943346186246,1.9581692500339092e-16,3.225509516047476e-15
YKL182W,21633.054323368837,-0.4280504290728102,0.06564370598319748,6.199848432500959e-11,6.92433829667768e-10
YKL183C-A,0,NA,NA,NA,NA
YKL183W,504.27330576393126,-0.15582632877126054,0.16735087020460734,0.30910594728998103,0.4785502155865104
YKL184W,1858.4454964850404,-0.5565744192639629,0.11315249560930613,3.18641453226148e-7,2.2942962755489556e-6
YKL185W,3080.0772450217164,0.30104091495284735,0.09294860462175689,9.234572762388994e-4,0.0036912967607946423
YKL186C,711.063509410474,0.0628384900406906,0.1477403696799723,0.6527839081017679,0.7885019881352162
YKL187C,191.43349072015192,-0.05680576201978424,0.23492859022979076,0.7697499517358072,0.8704152378496749
YKL188C,308.6474570928764,0.2943769624481997,0.21000410006239492,0.10838027924793228,0.21475756274363464
YKL189W,546.0414938801491,0.3072063422473322,0.16686402736766182,0.04484358976180894,0.10658712165473089
YKL190W,1327.934293284536,0.16383096211934126,0.11908375869033827,0.15131641506511392,0.2804251727338079
YKL191W,1825.583345111831,-0.5856343298342109,0.1073123701698376,2.044061907723627e-8,1.7121921974213395e-07
YKL192C,1152.2607788216292,0.22304014053560298,0.12377944210231644,0.059518611588416453,0.13360534927175174
YKL193C,883.2511743804082,0.6472515030126941,0.14597663515859333,2.7830861789984474e-6,1.7552790585619083e-5
YKL194C,508.2702132929389,0.07932727221868942,0.17041273505195037,0.6118830180813748,0.7580894566751146
YKL195W,2418.66465796398,0.46712914733208094,0.09791843678055887,9.213164307004347e-7,6.22337112467407e-6
YKL196C,2209.4241248477124,0.20842775155702162,0.09926605319955543,0.030451021636436742,0.07767608941994572
YKL197C,663.5040959605237,0.22898281253232006,0.15220750587046256,0.1063892760784967,0.21202350829161712
YKL198C,497.93888937240166,0.3731297917066601,0.18042701977335604,0.022139969597637837,0.05931821931725139
YKL201C,1400.6736298379992,0.2248472979120601,0.11502486199069077,0.0418846314714852,0.10086012931534989
YKL203C,1592.353601069933,-0.16219237211502113,0.10958202288097135,0.1284597822479627,0.246992936392643
YKL204W,1098.4517500412844,-0.04710556482654249,0.1271384372260176,0.6958650043458031,0.8193921586715657
YKL205W,1542.707568393645,-0.46590464368665824,0.11641292059677,2.9044175181535597e-5,1.5858657504214392e-4
YKL206C,556.2206510690539,0.19453805648850253,0.1620479925850831,0.19341760018066653,0.33735095778331575
YKL207W,2362.5563258010384,-0.04808035314023433,0.09609235253072386,0.5981872805742098,0.7473538969377362
YKL208W,224.23950839765715,0.3187416917746346,0.24115817526320912,0.11356356780252704,0.2230447619417007
YKL209C,299.6079954146561,0.5526548578028246,0.23105303581244133,0.005761660194227024,0.018607070189132945
YKL210W,8108.905949721827,0.14798813640181707,0.0731210330961792,0.03963268762219482,0.09649626709664857
YKL211C,2416.033023280733,-0.032797464762196506,0.09541428123188365,0.7238396561457945,0.8375629681796867
YKL212W,4420.352526594073,-0.3687280094820663,0.08376232770585232,6.722453286891271e-6,3.980151308513838e-5
YKL213C,2231.9163786559857,0.23399772401980423,0.10060110508884101,0.01646870168619896,0.046070177345121095
YKL214C,552.6383063776716,-0.09534344654411175,0.16102464668922634,0.522778572175483,0.680385177691199
YKL215C,1181.1479350474974,0.26244169978072035,0.12449509282242488,0.027269582675458516,0.07093459595817331
YKL216W,15128.875612518843,-0.6026753592196695,0.07194886227177227,3.924543467890489e-17,6.669461910706113e-16
YKL217W,215.7004157849585,0.37397158122690943,0.2520412837580446,0.07209898956197493,0.15636915831076356
YKL218C,610.9053423861263,0.7834900007399066,0.1677365723718475,6.616743807403909e-7,4.568962322278788e-6
YKL219W,816.8141875450086,-0.030776973694557935,0.13786183085899856,0.8092628200080967,0.8961920844296236
YKL220C,135.927765343462,-0.20577412402413423,0.2784063561744122,0.3364033476740847,0.5067102276459968
YKL221W,55.78452180888318,0.17434605517841742,0.353323916634318,0.42371336602953125,0.5920942463213615
YKL222C,403.62834519140984,-0.23577423982435117,0.18525663339903975,0.15590762963429625,0.28632428899204143
YKL224C,0.2552620665530189,0.009512848885841568,0.42400983011338866,0.8474059576546062,NA
YKR001C,4748.347754363839,0.021770740880762796,0.08032020363858582,0.7918759494685041,0.8846630612614191
YKR002W,1409.591149246856,-0.027836708475385896,0.11338141609411932,0.8001047565581587,0.889893955002539
YKR003W,1425.4915884761108,0.36716782736190934,0.11583077352167197,9.560896687998123e-4,0.003806928276105667
YKR004C,379.6439738256919,0.05084291967360967,0.18509516017138858,0.7623776680190092,0.866231427419672
YKR005C,176.55471641008407,-0.1410092091156984,0.24570902909355685,0.47517905269445315,0.6407799848477453
YKR006C,758.4569507620783,-0.06490482261131948,0.14385620259031434,0.6193123848743336,0.7646744417093687
YKR007W,735.438829346785,0.2866321649652096,0.1476108393791321,0.03915926584981054,0.09557191206004487
YKR008W,1471.9500319393146,-0.21102384737486876,0.11735598619314744,0.05909170316745188,0.13279869419910967
YKR009C,466.24489365160866,0.4943251684787209,0.18398448029271663,0.003065541150080625,0.010715765359825399
YKR010C,869.5925963937036,-0.18488228045947935,0.13963710478989674,0.1579337855682474,0.28923463773166297
YKR011C,736.1980136428016,1.3244710245858031,0.15714252003179993,3.764344578913289e-18,6.89389440430176e-17
YKR013W,4659.540423729843,0.1525056442081039,0.08117785551999203,0.05715307917632452,0.12987734408585191
YKR014C,1755.5738826942,0.18429705310294453,0.10771522955115523,0.07646517539470553,0.16325674848029634
YKR015C,235.38830821859614,0.16800734558654926,0.22400708345872247,0.3792853198602639,0.54976349971778
YKR016W,1641.3103161724403,0.21433163239628214,0.10885775675434606,0.04119152154201138,0.09947027130763356
YKR017C,409.2442561465308,0.034386556781803836,0.18169010684417058,0.8337060107107723,0.9119577713154191
YKR018C,2882.7081152619476,0.2983601797191009,0.0919824655825034,9.239196233564341e-4,0.0036912967607946423
YKR019C,398.4757961272161,-0.10739212061177186,0.1837804979334917,0.5152004035085775,0.6745419137411371
YKR020W,283.7179206230156,0.37299315033819863,0.22575008126105828,0.053708607444374674,0.12332524759846218
YKR021W,914.0728486113104,-0.003389733064941798,0.13306146682223735,0.9763363335889125,0.9886407225932659
YKR022C,617.8908736636506,-0.024260687436910396,0.1527621910465659,0.8636219401142464,0.9298481980744406
YKR023W,711.4255858443772,-0.05092167257887573,0.14522839779605265,0.7081271162466641,0.8283724666745841
YKR024C,802.9129397151348,-1.1309518867100647,0.14877149806062692,3.710676380730615e-15,5.5821067900939895e-14
YKR025W,1014.7019935342623,-0.4052170991213203,0.1317799104584907,0.001181405877302492,0.0045864058317661585
YKR026C,1182.7952435587397,-0.3841092749988769,0.12753288230148271,0.001494097447135439,0.005655354335744948
YKR027W,1036.8263415132783,0.0196388987486,0.1271975638919332,0.8658792723217017,0.931139903625286
YKR028W,2741.4356220217237,-0.2586181476801877,0.09331779935022025,0.004333536542256847,0.014486884914789472
YKR029C,902.4869600671076,-0.07300300561222058,0.13812858242549017,0.5679547374062819,0.7229072062345876
YKR030W,711.4118480548832,-0.04957343367228087,0.14500027107208144,0.7145181679245662,0.831104921485679
YKR031C,1517.087806987082,-0.014422264081535784,0.11159710765986265,0.8938942753172214,0.9468505978517393
YKR032W,0.6403119537381006,0.02098884582162047,0.4245425384488031,0.5912617507916884,NA
YKR034W,16.26746348741338,1.826131300176117,1.4711892283079067,0.0057091969177407356,0.018467983666438353
YKR035W-A,853.093705877663,0.14115183385678004,0.1371194536451585,0.2765789247208984,0.4417621665978163
YKR036C,1120.4856198282632,-0.3775306070114855,0.1271943623606011,0.0017966881758723426,0.006642677224526146
YKR037C,392.9786082628588,0.06670991954055283,0.1820668969746436,0.6862468107123987,0.8127731357242448
YKR038C,1704.706413127888,0.07301218622938244,0.10820428174240238,0.48441791963954295,0.6493776931380734
YKR039W,2386.02206308534,2.1043312636216616,0.10563697123158394,1.5528928933930733e-89,1.9077936234039487e-87
YKR041W,50.245598051296305,-0.25213794716727383,0.3955400575581284,0.2545581469726328,0.41536507822291524
YKR042W,15986.142020302079,-0.22421021675423722,0.0672264620188306,7.238009053574789e-4,0.00295995418785926
YKR043C,4018.7813068665946,-0.4475006587360127,0.0884242070124453,2.3838409086172628e-7,1.726966810579361e-6
YKR044W,708.9465796701802,-0.41752178685700225,0.15208667079414914,0.0032036545129554028,0.011112912154645889
YKR045C,168.14340278523002,-0.1059150008315967,0.24978690742993737,0.598778596074837,0.7478542231239349
YKR046C,1364.602299958595,0.4337247997957346,0.11847644686993096,1.333085669768528e-4,6.412076830852373e-4
YKR048C,5232.376296088362,-0.08542254743690329,0.07903012077331345,0.28293194645369507,0.4491116253667402
YKR049C,365.10353880038895,0.97906764465698,0.2138477630441438,7.064183648159431e-7,4.860850755332108e-6
YKR050W,885.1144755578591,0.2646406188822489,0.1372141266244742,0.04047623601139724,0.09810454737328794
YKR051W,748.1437409749586,0.060471704736161,0.14382134996542997,0.6683147244851821,0.8002135899064201
YKR052C,349.8040269562339,0.20142275810506066,0.20160556673384955,0.255758233447238,0.4167714422598898
YKR053C,329.3343366466074,0.02709508771670512,0.19344295697657604,0.8765511271868404,0.9355695922209587
YKR054C,1160.9755494015674,0.042699294169650306,0.12222872650117338,0.715061824283892,0.831104921485679
YKR055W,400.426187663388,0.2577942414369227,0.19116717584472576,0.12832081315880575,0.2469592218919687
YKR056W,1319.9682518498253,-0.8677786774183646,0.12144393861398985,1.983551838687083e-13,2.682799356132507e-12
YKR057W,4585.211033324803,-0.19461583406124086,0.08240617626755047,0.016359143739796786,0.04587250149005309
YKR058W,589.6886649880938,0.7547491897940273,0.1696486061763301,2.05675838064404e-6,1.31833740985412e-5
YKR059W,16173.876838043918,-0.41640322718163547,0.06827176555461938,6.177960660364126e-10,6.206377174474829e-9
YKR060W,485.249844309242,-0.3948244686631957,0.17772628638553564,0.014360678386255698,0.04087110060026537
YKR061W,426.74172302244796,-0.23229133898554816,0.18104146237914784,0.15989669429891315,0.29183249962262175
YKR062W,927.0834519519698,0.15239109035578668,0.13280411706984202,0.22640187452625132,0.38058490709273207
YKR063C,605.2013501777598,-0.37234146855411904,0.16161859552517183,0.011743799486360096,0.03433595847318068
YKR064W,916.8796938603834,-0.19623495757289655,0.1336944567878692,0.12068003020201537,0.23407826328953354
YKR065C,881.9050604060146,0.4225457842866552,0.1407607314307084,0.0014347269981771983,0.005457201912587102
YKR066C,3787.5989007402213,0.5240514426810771,0.08679130767122237,8.627129624373048e-10,8.593612059954032e-9
YKR067W,1739.3559358376115,0.9472492334632729,0.11062743767666693,2.4281242447425078e-18,4.4886045991368554e-17
YKR068C,824.7394357276024,0.06543991523517846,0.14237359430905666,0.6206072705363435,0.7655679597867598
YKR069W,480.0870159192582,0.11096843666653904,0.16943609391391726,0.47563841633035486,0.6410478322643871
YKR070W,1174.9339125902957,0.18162937212794608,0.12221334730789844,0.12041561415621332,0.23365938686383347
YKR071C,1150.6464222135585,-0.12241375720958428,0.12710946061913125,0.31105519020733924,0.48068460604105856
YKR072C,1609.1071061163107,0.053503882683861595,0.10840986377409333,0.6071245862298673,0.7540466901848204
YKR073C,2.532419236608615,0.0058491780388041014,0.417321020342613,0.9393418882570993,0.9712380960891832
YKR074W,767.3997988510741,0.16838311831568137,0.14331866076580643,0.21284737176711474,0.3621353004358556
YKR075C,242.36355493716962,0.44077894528567113,0.24323518247442882,0.030644923082615117,0.07799443738376408
YKR076W,629.1402259706925,1.5272367892561611,0.16854356854073413,1.2139021975844878e-20,2.5749572874660876e-19
YKR077W,675.682254151553,0.09313572849144075,0.15040171423445706,0.5098015462136165,0.670027134892538
YKR078W,425.2131348834314,-0.14180262942413285,0.17801546232701704,0.3871917069181005,0.5571667876271446
YKR079C,1065.0989464188629,-0.7334160392985781,0.137581338955272,2.3072897466873573e-8,1.9172946973849909e-7
YKR080W,1538.078121374102,1.162491909562843,0.11593763566492304,1.497700939343542e-24,3.9605123046228105e-23
YKR081C,1783.7431130406244,-0.9192339581841716,0.10926565047765403,6.83167537657347e-18,1.2245027269881405e-16
YKR082W,1930.6322127935284,-0.24842648884193044,0.10441186569888382,0.013291046097996084,0.03832630750116523
YKR083C,129.99505256390182,-0.07621906312125025,0.2669800716926502,0.7120034346906219,0.8308122495325895
YKR084C,2047.3627508768554,-0.03640729158189949,0.10107468647733871,0.7106905375357155,0.8302562176518465
YKR085C,502.08960325894,0.07583794780118035,0.16684335380301996,0.6208994717199396,0.7655679597867598
YKR086W,1022.0008304646191,-0.3175425390886803,0.1352485929498782,0.012932542567479905,0.03734730828620421
YKR087C,618.7643205177956,-0.17445276976536947,0.15827099580794868,0.22765499794833585,0.38225555891268126
YKR088C,1031.2401157767067,-0.04903486094965574,0.12656331074440047,0.6846506975776674,0.8122179649820261
YKR089C,3196.7469612640416,0.2854662874815447,0.08974955058953966,0.001256554063220965,0.004846238921395703
YKR090W,853.7492652683642,-0.00930284706812929,0.13553115659585172,0.94186628867881,0.9725843497294134
YKR091W,284.5412243388973,0.8684035544575327,0.2399653164118061,5.123728693350104e-5,2.6644292861274744e-4
YKR092C,1747.747921805985,-0.8477228214120208,0.11650394338953676,6.597950219645552e-14,9.176441614445714e-13
YKR093W,592.6175121777626,-0.310011752944549,0.16177171415925812,0.034642701278627494,0.08641624764808221
YKR094C,9324.738782124112,-0.4272095796573555,0.07190887165408891,2.198863884655351e-9,2.0981715740797093e-8
YKR095W,3467.683105184627,-0.33357704853142467,0.08882981977740276,1.1728987267194601e-4,5.702047643416865e-4
YKR095W-A,188.7008697058605,0.18054796711075102,0.24386309633941708,0.36672874174930453,0.536225983162819
YKR096W,1247.8281644129588,0.09773496256173252,0.12144141698081314,0.40107185608765655,0.5696340884751712
YKR097W,141.77817010547943,0.36170435099278664,0.29601685836415614,0.10977547415674205,0.21708449735154522
YKR098C,585.3504961225011,0.3971054818685179,0.16463331503808137,0.008586760587563934,0.02620917556152408
YKR099W,775.008008812718,-0.728522542220696,0.14983343371227992,2.880991779418747e-7,2.0794624875437394e-6
YKR100C,1103.0988184994544,-0.04100221906311237,0.12584025082240122,0.7348798380643788,0.8464035947393833
YKR101W,454.37849717879726,0.19500447226594309,0.17696094679403365,0.22465286939904694,0.37818383409825285
YKR102W,174.61438387643855,0.13571484118285757,0.2637972324041536,0.5073443815728222,0.6685608532145101
YKR103W,303.4037570465053,-0.490788023478911,0.22370129740712974,0.011321417901205768,0.03326477397280041
YKR104W,101.5539445590459,-0.246684833029154,0.3143813862297348,0.2740552171523675,0.4383248211411747
YKR105C,202.99494557228917,-0.17202491939504513,0.237962039312694,0.38580670304491044,0.5557162012349381
YKR106W,254.14047585303138,0.6307877720927472,0.24871725544830278,0.0030546436866738295,0.010684005824623708
YLL001W,1281.0839216093673,0.23743360107565806,0.12261305865197838,0.04244614049616839,0.10183274634088893
YLL002W,492.48925618895765,-0.041016929176400437,0.1664449240440817,0.7874090591112186,0.8824308668906985
YLL003W,938.8926354263152,-0.08201029526656912,0.13107888886893637,0.5113033707005877,0.6713774163930897
YLL004W,479.6208312471791,-0.1656184440568695,0.17061320397504143,0.28729220174398007,0.45334817064068783
YLL005C,674.0247987113817,0.1948438942961493,0.15327574209823783,0.17212182963357586,0.309263384932723
YLL006W,510.0754298459525,0.2901453012901001,0.17162021067540437,0.06369017511755684,0.14097937147876732
YLL006W-A,0,NA,NA,NA,NA
YLL007C,370.836814092619,0.01973872795401446,0.18501302116177085,0.9076451465946189,0.9549301390666312
YLL008W,2727.9596670604815,-1.0067163096955947,0.09644015999901404,2.5426360063254666e-26,7.3141095264884275e-25
YLL009C,64.50936637133243,0.15248612770074924,0.336323260076475,0.4836989618531423,0.6488564099290219
YLL010C,853.5105327362769,-0.13207592722664593,0.1394152565474514,0.31431709554064485,0.48400978748941936
YLL011W,1091.2375783714845,-0.7926549884292683,0.1317856020047638,4.1346321728885155e-10,4.232973250611732e-9
YLL012W,592.8530180043485,-0.08654090181427362,0.15596145315151377,0.5367538896211108,0.6946810009799379
YLL013C,668.2553768208033,-0.3839525798567635,0.16281656037972866,0.010368701674763647,0.030802735189085412
YLL014W,520.5176870635119,0.08966456856148718,0.1651451959261801,0.5562908391834422,0.7131406692749476
YLL015W,2253.7413487442727,0.09770881418405254,0.10285963949566718,0.3306566324679164,0.5003546732520664
YLL016W,582.4019979726763,0.12606560560981936,0.15964933229879077,0.39595109943369927,0.5651021930354148
YLL017W,33.482370660917354,0.1769611502112478,0.3892883328200283,0.3891760752470711,0.5589929622785227
YLL018C,9873.010224219628,-0.38894010220855296,0.07310532900640314,6.175301096642982e-8,4.804188729142964e-7
YLL018C-A,72.40956748253356,0.06201984631031048,0.3111701466187254,0.7728517217695068,0.8725840710845838
YLL019C,1118.2342762060637,0.25578762931265425,0.1271095937816645,0.03442847680351129,0.08591820893368857
YLL021W,2859.773301395889,-0.32343150267659265,0.09314512025499536,3.679875839767194e-4,0.0016014928285687932
YLL022C,926.7783816498363,-0.04876423064168687,0.13249105912088197,0.6966404369309968,0.8199777757648877
YLL023C,1419.9521728563325,0.22874583933411305,0.11944971768718826,0.0450407518434084,0.10688342600425729
YLL024C,39529.128939888134,0.7140146430586883,0.07141666448658761,1.5185595396962216e-23,3.762582187222109e-22
YLL025W,22.06340120606891,-0.019569485922517234,0.37639044506849767,0.907411229340723,0.9549301390666312
YLL026W,11074.771955874596,2.10634377236743,0.07543055502196004,7.796566297183477e-173,2.1893500692614742e-170
YLL027W,817.5986945461896,0.15946495797364368,0.14842206620450785,0.25052908102094773,0.41106566243197795
YLL028W,1411.9105619691834,-0.9137395330929537,0.11892980371636008,2.6022709065826055e-15,3.9755418487351354e-14
YLL029W,2880.775038720927,-0.02425380390872552,0.09223008154882444,0.8008921520127213,0.8904338273791512
YLL030C,0,NA,NA,NA,NA
YLL031C,2214.201991696296,-0.2660651964392964,0.09906126646397484,0.0061356690971334366,0.019600238713865587
YLL032C,602.3518784535765,-0.03595049586438696,0.1567036727274075,0.8035177618074881,0.8923435482822519
YLL033W,147.3107418578664,-0.11292647627647524,0.2599974068037134,0.5822507690278389,0.7344455154988591
YLL034C,1738.3074145297626,-0.693900388169958,0.10965617876731618,8.078419777873731e-11,8.838300821914916e-10
YLL035W,668.594645839602,-0.4524926610688422,0.15909682663537297,0.002134276207452288,0.0077642361476533885
YLL036C,1062.0136883864213,-0.2912225551000865,0.1339878450325485,0.021310568082486037,0.057409054354691715
YLL038C,395.1343777949548,-0.40657061201369515,0.19596402984028555,0.01965947828490983,0.053597754713875755
YLL039C,3455.174611431671,1.8305633702994235,0.0913364610611909,1.8001141386764966e-90,2.2585687395266595e-88
YLL040C,2742.2335769346846,0.2668506704622408,0.09312896131589082,0.0032921994367491195,0.011373227931171386
YLL041C,1391.7223098601924,0.744746156981891,0.12351871346441877,4.037033264029368e-10,4.140240897040206e-9
YLL042C,37.20021191785185,0.1331064269628842,0.36814623583248424,0.516414487563299,0.6755315512779002
YLL043W,2769.0574163436963,-0.0935134267963302,0.09223354640383846,0.31001515635038895,0.4794206014946882
YLL045C,37383.69479684807,-0.47829770454491805,0.06959287733120349,3.050333357490163e-12,3.724185467726603e-11
YLL046C,12.040512093187974,0.059710260935901024,0.40024737353701406,0.6835714329277027,0.8117238703130615
YLL048C,5306.672644614089,-0.38755813478552736,0.08302511936205914,1.813189039752876e-6,1.1711254947889057e-5
YLL049W,371.9611448118893,0.19677686495789165,0.1897473278065748,0.2463685156584581,0.40581987062511943
YLL050C,4994.623494588751,0.09884695020327866,0.08716796900074465,0.247962448079075,0.40756571333257774
YLL051C,879.1221719441274,-0.9047646157966304,0.1449526820274501,7.537119120027935e-11,8.323294279176916e-10
YLL052C,28.904759184265842,-0.2486811320831902,0.43353358966449496,0.23273459322629994,0.3884619010063659
YLL053C,53.035152165794855,-0.944268995617772,0.5921813327024913,0.009695601869762843,0.029185790824906323
YLL054C,322.6360483797523,-0.716415883225704,0.22356636994566617,3.140141528864223e-4,0.0013922868117076936
YLL055W,329.1323352533783,-0.02220468914139168,0.1994174198717773,0.8981998449752729,0.9496807285238137
YLL056C,142.86605447179403,-0.05836511729090231,0.257750166178088,0.7740892052729439,0.8731453793983454
YLL057C,136.65745739502762,0.18998058252651392,0.2748192982775183,0.3739456488255214,0.543811958353662
YLL058W,738.5492815274162,0.12304557266215217,0.1441759654276005,0.3710050122450405,0.5412707959448303
YLL060C,157.48033341314888,0.17235103007095753,0.2590571658882382,0.4066387102000242,0.5751855298751601
YLL061W,336.1896050223031,0.3392790514354945,0.20569977954833285,0.060344660302442545,0.1349971402896448
YLL062C,129.1500248077558,0.38289398593507523,0.3119817861428862,0.10153213649458571,0.20448600031030464
YLL063C,240.4736985755265,-0.03465493286437547,0.21631935483173678,0.8505632948014561,0.9235447890709236
YLL064C,26.488070735851394,-0.05335652765326773,0.37831311411865176,0.7532080907858754,0.8594559039017621
YLL066C,1602.8322882840534,0.04964937357253729,0.10953243725594558,0.6359275663816201,0.7764109438824873
YLL066W-B,0,NA,NA,NA,NA
YLL067C,106.11406718093606,0.3491535628803627,0.366467891465425,0.14781123224857018,0.2754005802748241
YLR001C,1111.401920740488,0.30268539088774654,0.12790186085303026,0.012750013740378766,0.03692869893271787
YLR002C,1485.976412361713,-0.86121501678929,0.12077485138477953,1.6769900363727005e-13,2.2786198720022613e-12
YLR003C,709.7450967529322,-0.4466349859109122,0.15569895988087928,0.0020217865446614893,0.007382337618494614
YLR004C,130.68066323107547,0.21570967519746084,0.28142410107990523,0.31889021596297773,0.48869428366259865
YLR005W,1100.754390987908,0.07994182163056553,0.12458848046552404,0.5062663356340812,0.667596767941222
YLR006C,1084.2976008879666,0.23199727363885156,0.1274598423605171,0.05161005531500914,0.11944446475377116
YLR007W,625.0026937471677,0.0426921454802098,0.15344855278437927,0.7664046942765363,0.8690245154006284
YLR008C,563.6939770403837,-0.1449654348333362,0.15977493269822046,0.33838729477646273,0.509178330517173
YLR009W,1175.7156916067627,-0.9799910868016997,0.12714174912830145,1.917857061618797e-15,2.9606290817712166e-14
YLR010C,86.6245771359286,0.026857632570869674,0.2959300654290875,0.9014190559565192,0.9517758590824696
YLR011W,184.245981824914,0.27053078668973,0.2586865365357665,0.1939918293755343,0.3381688755034004
YLR012C,0.5254196824202155,-7.642458831084072e-4,0.4237801260014785,0.9449612605695565,NA
YLR013W,0.9333148794766327,0.015607247483648804,0.42286921416066453,0.7039562083442392,NA
YLR014C,416.4944742263789,-0.48715009807345006,0.194411433369173,0.004976997475138583,0.016341511197601463
YLR015W,633.5542811983896,-0.36521619529508625,0.1589036690273357,0.012898016132168498,0.03726585062782834
YLR016C,350.35981587254014,0.024672898881687767,0.19589890522998477,0.889310119663907,0.9438916082897876
YLR017W,1640.9425065385533,-0.32247645045168266,0.11069589927069602,0.002527574114159681,0.009027925227861684
YLR018C,1117.6233905731365,0.04341225625541169,0.12342360978697274,0.7143210931453721,0.831104921485679
YLR019W,1837.5411976848445,0.04515556466473681,0.10429113752789566,0.6581311031088314,0.792849665992396
YLR020C,1729.4446271448073,-0.2397394758492268,0.10736205893368404,0.021044509105932096,0.05682210173886519
YLR021W,397.81587916737135,0.18671405458094992,0.185875787300244,0.25738296194900745,0.41835372839396273
YLR022C,850.5211470930069,-0.4752066134958421,0.14538952486902212,4.945333997305026e-4,0.002096522974989773
YLR023C,986.746952529009,0.2308992148124762,0.13122699387183326,0.06383160469853366,0.14119091256836197
YLR024C,598.5263357929175,0.3056577941295345,0.16095085979947238,0.03968341664597632,0.09654006104014949
YLR025W,1574.2513339035186,0.12099873113874492,0.11171526536430051,0.2610531046563636,0.42234023543445165
YLR026C,733.7153410733497,-0.11372917759566731,0.1442665404573248,0.4005372246246569,0.5695558589224609
YLR027C,7212.277443878624,0.0535679699266445,0.07807715449770838,0.5055710062629847,0.667417108558948
YLR028C,5661.182482178842,0.04361406798803936,0.08675161682901152,0.6063607794236241,0.7538595115807688
YLR029C,31016.451082318756,-0.37936485427121375,0.06481392200066143,2.9313361246486256e-9,2.743823670960785e-8
YLR030W,147.73821332421153,-0.005917873171800057,0.2536461802518156,0.9731675393973055,0.9877399276808796
YLR031W,62.78324296711363,-0.07240826763943398,0.3217998665773133,0.7306447937928302,0.8423484553267487
YLR032W,968.2886613718252,-0.19602565714285183,0.13464805155957005,0.12431319699479852,0.2403524336650252
YLR033W,1104.2148682763113,-0.11140518416900064,0.12540727595025056,0.35057886580344566,0.5206495917079667
YLR034C,1753.7063478830228,-0.6368544782442757,0.1112955516743284,3.0922569810751723e-9,2.8807329253396984e-8
YLR035C,470.22667027676727,-0.05407201843025889,0.172022565067679,0.7258239999854721,0.838503761379967
YLR035C-A,476.67981547366276,0.07416370300897025,0.33959536374247207,0.7295362702349,0.8415640425616598
YLR036C,252.8612763679485,0.25916867593137916,0.22543736116506863,0.1772648683659867,0.31535774647472176
YLR037C,19.795197768370606,0.03453859801698463,0.38062937184482654,0.8434521173125996,0.9186991384913927
YLR038C,241.0971902848983,0.2058425782196525,0.23096272520046437,0.2899873167283149,0.4561363581613425
YLR039C,979.8229980659365,-0.013893210476291587,0.13072732728370062,0.9070692674236464,0.9549301390666312
YLR040C,3040.9538857169437,-0.23850739781511487,0.09068989880641679,0.0076653804764690425,0.023853693229413164
YLR042C,303.1359776968085,0.2701387074887581,0.2142820187574567,0.14198859144553103,0.2667431423237644
YLR043C,1582.9307755207583,-0.11091305508790715,0.11650264311992801,0.32355220432669624,0.49365778755873935
YLR044C,156647.58175352568,0.3343540495067578,0.06425080728896414,4.3599266392815403e-7,3.0717428186192644e-6
YLR045C,1342.5020914389206,-0.05459310099895882,0.11560379242665537,0.6209448112023186,0.7655679597867598
YLR046C,248.2097803902344,-0.1174352156210277,0.2174147904714117,0.5279214539716452,0.6854145341415218
YLR047C,391.36549893829306,-0.29902836120941295,0.19151772391263688,0.07949527728812905,0.1685059849633706
YLR048W,19323.31739461893,-0.4652432330322646,0.06631471165782268,1.7740281078881874e-12,2.2164075746221697e-11
YLR049C,1108.3671467580891,0.4786577360027408,0.12844054355233062,9.099340522057286e-5,4.5258555529542924e-4
YLR050C,404.58739955664356,0.1695045009057332,0.183365883943824,0.30470279597149347,0.4733488903698359
YLR051C,604.0935696704441,-0.6675817440120388,0.17187515044239168,2.7302867445843322e-5,1.5005126684821814e-4
YLR052W,622.3997234898853,-0.1734690776058694,0.15601798293305727,0.2198863890728393,0.3719271403304946
YLR053C,28.592487916417003,0.07279919564518689,0.37006860655081103,0.7034136233424532,0.824658078896709
YLR054C,77.08487093926514,0.4712484827433562,0.41510316802530867,0.07483774849153178,0.16024785885854612
YLR055C,1203.6258867163897,0.11543948182206162,0.12258987619798864,0.32306708860949523,0.4930451919074
YLR056W,6409.251506133959,-0.12784111153032157,0.07600197258111327,0.0850332133013537,0.1777528744551871
YLR057W,1180.0364779620536,-0.01479345690732019,0.12082874438230452,0.8974731329042538,0.9494795595149594
YLR058C,8364.520098122897,0.653151577224006,0.07362946918458511,2.8034975412406547e-19,5.547726510300719e-18
YLR059C,959.3096098791972,-0.3822252832672274,0.13471466354619338,0.0027467297074187775,0.009722367997988313
YLR060W,8446.722597783446,-0.5046453566672666,0.07585819489889335,1.2233350505734019e-11,1.4285161966794756e-10
YLR061W,9957.095819355698,-0.13182974553123844,0.0708816757869479,0.05762809502838484,0.13060448746440637
YLR063W,244.75500902620428,-0.5995979713703263,0.2528771266176079,0.00515372972233995,0.016846753975963795
YLR064W,951.23022713637,0.023350050284001285,0.13207840384554578,0.8534912334430774,0.9250207321473677
YLR065C,1154.9618888701525,-0.33744900275887973,0.12468547745463529,0.004482216938877606,0.014924694121152592
YLR066W,828.4387663801632,0.1256262312109998,0.13785636025541254,0.3347923419611002,0.5053162120667027
YLR067C,558.2745024575914,-0.3764453786472416,0.16687299972049946,0.014091506466937997,0.04030581637307334
YLR068W,400.71685438040754,-0.7857733327972598,0.22192100378571952,7.479747153702066e-5,3.776375767583997e-4
YLR069C,1437.5275126467027,0.1340771618638704,0.11990533388388123,0.24157395906367604,0.3997086522442474
YLR070C,144.83314047054964,0.6619720877454524,0.3376026856373554,0.01091316588007779,0.03220967927668605
YLR071C,1712.3636550337783,-0.22105851332255733,0.10819267925782337,0.03621922143577493,0.08974149109527932
YLR072W,1052.9400916216318,0.23009974662067664,0.12768496733325893,0.05757706992052381,0.13053901627117606
YLR073C,356.5998162056445,-0.9491503027573334,0.21521457830628038,1.5771361787931092e-6,1.0333746718158851e-5
YLR074C,767.5213834503458,-0.8294759896999684,0.15276807527344277,1.1215884836794506e-8,9.726481306261354e-8
YLR075W,51171.88777863095,-0.369356571190662,0.06382870889823591,4.572440052186624e-9,4.173944115749926e-8
YLR077W,1116.0726374127903,0.124600349540502,0.12397532184671661,0.29347444358903807,0.46014857586933194
YLR078C,879.6847986961967,0.12982983621832334,0.13641070890700435,0.3157413332306543,0.48576223377541566
YLR079W,1338.361767623363,0.35975650754460986,0.11847551138029687,0.001522331310617841,0.005743562212868463
YLR080W,313.67391336654845,0.885783607311863,0.2290857853178989,1.8895315617949756e-5,1.0579634499175283e-4
YLR081W,83.25668967713062,-0.018322140368577003,0.2979242078339324,0.9285380295276195,0.9648614555285238
YLR082C,396.523388508985,0.1485861635992293,0.18467472661016301,0.3662848328699836,0.5358426344416506
YLR083C,3798.311174172168,-0.6927794731516699,0.0875919322102362,7.468112912783016e-16,1.1838565012548776e-14
YLR084C,1452.3863702910694,0.32061361686460255,0.11615144203530682,0.0038864620315623463,0.013163967030513014
YLR085C,542.7335010539879,0.10758066294195913,0.16138232489517165,0.466455257563405,0.630891434369587
YLR086W,1488.9154130045767,-0.10532318280085336,0.1119112860537881,0.32133071261916796,0.4913520370758281
YLR087C,1004.3031896530283,-0.3014978251674663,0.13243331563098545,0.01616627187661547,0.04552650680821463
YLR088W,1719.802431465649,-0.20135771702196398,0.10711276633259804,0.052099841332895136,0.12043620711096928
YLR089C,1833.4924197765176,-0.06719101526698562,0.10398346807739783,0.49086968633144756,0.65445592138741715
YLR090W,827.6602082811331,0.24045439577990113,0.14048683286871952,0.07089763780071753,0.154078027087426
YLR091W,348.30021491056357,0.006559199236702105,0.19087395809130467,0.9705668574646684,0.9857068108402854
YLR092W,326.72739122305956,0.11873482733141437,0.19967609132113232,0.5013222020765511,0.6637397902212442
YLR093C,1186.7170900578565,0.33462886520022056,0.12344896629427543,0.004150343725314887,0.0139060096296488
YLR094C,623.9935752671183,-0.3846403984953609,0.1595950156994031,0.009113120243063228,0.02765829648653827
YLR095C,1911.1500265982513,-0.02795384422158029,0.10292833952873695,0.7617167242597318,0.8661545981590516
YLR096W,1794.0991750575358,-0.4191152644837596,0.10788285682025502,5.4315535164407646e-5,2.817051106987792e-4
YLR097C,638.3885156019289,0.11928377906897429,0.15284409347709296,0.40310571285310803,0.5716965821776763
YLR098C,551.1259143768036,0.18130440849720564,0.16361703761806762,0.22890748017140425,0.3832672943131093
YLR099C,487.6436093191461,0.19869223741683792,0.17079208376685573,0.20362139860578315,0.3497685370166919
YLR099W-A,153.9240974879214,0.7590696870061333,0.323229599224473,0.003505517924626101,0.012053667172898028
YLR100W,2385.320199621816,0.07629890590122543,0.09682530627305744,0.41657108536429066,0.5853037146517088
YLR102C,335.5967362851002,0.43166040904693187,0.21015943082069002,0.019303669713809847,0.05270080569552624
YLR103C,699.8669473169664,-0.08796095320532213,0.14628646126956782,0.5203831727727224,0.6784919368620023
YLR104W,396.65273741017756,0.1750821016706887,0.18533902790296197,0.2890617965044222,0.45480187139449785
YLR105C,695.2453906586625,-0.3086932229292509,0.1513037106158825,0.028291158104425354,0.07298029717488903
YLR106C,4698.31566141225,-0.857215349509924,0.08392922953103361,3.285094605173011e-25,8.886331599406077e-24
YLR107W,600.9217815517792,-0.0798742020332697,0.15555981671798955,0.5795954711413998,0.7328204316725632
YLR108C,663.5452040889749,1.6284943976007027,0.16802289222044442,2.7266907186529185e-23,6.671906708670647e-22
YLR109W,13415.587658605278,1.477623359689988,0.19870924702511733,8.348030663018278e-15,1.2276393221899947e-13
YLR110C,50742.61980629327,-0.019012267771233077,0.06261121263182139,0.8486677890339125,0.9228460173212211
YLR111W,2.4213592798595522,0.044917437314475825,0.4221799520779436,0.5105783779429536,0.6707791291165055
YLR112W,86.37354088171556,0.5648050825277462,0.4128444909146956,0.040752127247129635,0.09861111792216802
YLR113W,3356.862156745786,-0.14820620826155848,0.08775961421914419,0.09087398478962612,0.18737198891763118
YLR114C,2380.6513388210524,-0.09536909829629825,0.0961184278736606,0.2995811872652418,0.46795836046688644
YLR115W,792.0081957949803,-0.18613130956582669,0.1410886223477286,0.16041914891614142,0.29251444686409583
YLR116W,539.5624332878874,-0.14709326169863987,0.1644858859140538,0.3240469390842528,0.49428473869111195
YLR117C,884.749503883412,-0.05819274456455112,0.13403455927045954,0.646196046148001,0.7835940950307962
YLR118C,1066.8149244402057,0.3940193480720879,0.12937309153896587,0.0013463499830873467,0.005145447731863956
YLR119W,255.65026454089926,0.11242974579701456,0.21441867264438177,0.5449123668466493,0.7023711972228833
YLR120C,1523.1679620045434,0.146648765829519,0.11437746065624425,0.17626606066220546,0.31450720582599967
YLR121C,834.4090249492228,0.31336543460475225,0.14198244198162252,0.018810835373986607,0.05154623429386572
YLR122C,19.381699893383434,0.06858904392084636,0.38656649855964353,0.6895316076018039,0.8151470116887094
YLR125W,30.61703856777319,-0.05641507346027111,0.3743592363714265,0.7427788735610094,0.8521278406638014
YLR126C,371.7576743674446,-0.21202563904357294,0.19136961518599746,0.21321292044100906,0.3624435260422688
YLR127C,478.0730029648213,-0.2156990350551208,0.17921189477986949,0.18213856429802944,0.3219637630891725
YLR128W,228.68472892196556,0.08081859828123307,0.22154518581553342,0.6706505779079506,0.8015456947554083
YLR129W,2139.0817113221215,-1.0425717631522253,0.10432345381376976,2.469322725166109e-24,6.386664960659889e-23
YLR130C,3029.6791001693914,-2.073576654303479,0.09432707103872714,2.8978878487138307e-108,4.2722111609663655e-106
YLR131C,1067.2341964061673,-0.12323274583628363,0.12548573989491663,0.30264501451558284,0.47099682628986356
YLR132C,375.3584804470471,0.11413194064842723,0.18592516620541208,0.49203582011251884,0.6555162141267212
YLR133W,1377.8347755344016,-0.31084510857900993,0.11769038042214135,0.005968681222746384,0.019108204761419882
YLR134W,510.4578163526086,-0.8313673002528047,0.18055208188445823,8.092540941901461e-7,5.5297466899644165e-6
YLR135W,503.6010262999621,-0.226512428662188,0.171619144209597,0.14770052644077486,0.27528129090431397
YLR136C,111.09542687321988,-2.0484593041369115,0.4099505566048606,2.89042004948785e-8,2.3607765972063505e-7
YLR137W,511.4760724944068,-0.08608978801896956,0.16465595050827148,0.5691968067740376,0.7239218026722475
YLR138W,3327.6964336879137,0.09222800121083756,0.08819529588478556,0.28500589289057104,0.4517939753569706
YLR139C,312.942092828382,-0.34179863956656864,0.2128794109693094,0.06436679222597254,0.14205500514841318
YLR141W,395.1358167104202,-0.22239097768104676,0.18696457339891262,0.18370168827721328,0.3239500166778489
YLR142W,170.06461440470088,1.322526820250483,0.312349686044519,2.185488670919002e-6,1.391773940864941e-5
YLR143W,743.6697052212436,-0.2861653642255836,0.1470597712927035,0.03684297778578775,0.09105743503888951
YLR144C,876.3546555399312,0.10892108849803658,0.13664514882977846,0.4008195299766232,0.5695779631030462
YLR145W,272.5481770347386,-0.1277878826203629,0.20999164659594655,0.48239243257608644,0.6478341219068853
YLR146C,582.4228151087876,-0.5396850939362977,0.1674604850298543,4.492863525470571e-4,0.00192546629430959
YLR146W-A,94.80685573232644,0.07522669162502818,0.29621294151694433,0.7254724060298687,0.838503761379967
YLR147C,199.527184856847,-0.03208585015676193,0.230486811372901,0.8664867056113726,0.9314021332464938
YLR148W,885.3160217545808,0.12152558219815282,0.13748359662267606,0.3452090291124623,0.516150518427026
YLR149C,645.1419837265198,2.231028734102246,0.17176725029956857,1.1043890979235023e-39,5.009678854196071e-38
YLR150W,29660.891383146583,-0.35116369288157356,0.06871026348925852,1.428189892617262e-7,1.0660804806030372e-6
YLR151C,298.6043669022123,0.5130020866003316,0.2252762909373789,0.008744169366067783,0.02662073657805974
YLR152C,739.9253905108598,-0.10123999690650126,0.14348925115401706,0.45266774511872954,0.6186284340591305
YLR153C,7199.005727678743,-0.29236991116872324,0.07466712803083465,6.72069178656403e-5,3.4372870308211695e-4
YLR154C,240.2816435763108,0.16203479875524276,0.22230863401112846,0.3942939861414246,0.5638098051105676
YLR154C-G,0,NA,NA,NA,NA
YLR154C-H,0.5105241331060378,0.010758157358103707,0.42413791136972545,0.7565788995573905,NA
YLR154W-C,1.1407353723833513,-0.009773311657960708,0.4222690547191062,0.8219829372098151,NA
YLR155C,1820.3066824638518,0.2831003669207989,0.10589535286589548,0.005610673001998717,0.018209212269007395
YLR156C-A,0,NA,NA,NA,NA
YLR156W,26.804405793220376,-0.012993204796866527,0.4229303330685326,0.38099151131303083,0.550798465852646
YLR157C,1848.2164958729236,0.321919869906605,0.10570886007662383,0.0016234393759380938,0.0060745063451186155
YLR157C-A,0,NA,NA,NA,NA
YLR157C-B,48.93783682029238,0.0017290430541690455,0.4241158723324271,0.9463054438212515,0.9740637859919552
YLR157C-C,0,NA,NA,NA,NA
YLR157W-D,0,NA,NA,NA,NA
YLR157W-E,0,NA,NA,NA,NA
YLR158C,1816.780338833659,0.277674137878663,0.10744355155355499,0.007243966969472061,0.02269801977628945
YLR159C-A,0.2552620665530189,0.009512848885841568,0.42400983011338866,0.8474059576546062,NA
YLR159W,13.647578766968156,-0.014660648792892049,0.407691012843094,0.8815049185907692,0.9378798168728719
YLR160C,1798.7659443547461,0.2523705586465833,0.10907466125309716,0.01640789649747247,0.04596549436845376
YLR161W,10.455364098893298,0.0017453643136655873,0.4240881477633517,0.9469553930533398,0.974384217908837
YLR162W,0,NA,NA,NA,NA
YLR162W-A,0,NA,NA,NA,NA
YLR163C,1165.1557685415983,0.0890644703463207,0.12133721040372006,0.44351507122315503,0.6090843910113986
YLR164W,126.47129431009363,1.0189944036036194,0.36275563619043594,5.864193555956796e-4,0.0024370084143394803
YLR165C,233.22471330317197,-0.08255472060002979,0.22010738787205525,0.6593795359868073,0.7935430864722863
YLR166C,1328.4073985424702,0.05819339604156918,0.11675276230694374,0.6043487942143608,0.7525010218501026
YLR167W,40813.083969669366,-0.2951882621689818,0.06624888428855905,6.023087117290708e-6,3.598596223978045e-5
YLR168C,614.6389299991517,-0.0621126256670843,0.15408504830450742,0.6641037369216014,0.7967893665568024
YLR170C,450.00648270764964,0.09333363307647592,0.17481603572789442,0.5583616423958506,0.7151734589939903
YLR172C,2024.0228024090834,-0.46689805561697517,0.1032662677214164,3.5690001439495657e-6,2.2061209485189294e-5
YLR173W,578.7633761787467,0.09594455401991267,0.15832216539794977,0.5088432139730151,0.6699371361462091
YLR174W,223.56046292869883,0.06117882801943045,0.22285812645525252,0.7483897276449398,0.8554476107622039
YLR175W,8729.98792098608,-1.0731847106970733,0.07895194479533842,5.771392130226323e-43,2.8599915455415654e-41
YLR176C,544.0321097732144,0.12850277657948936,0.1696591352271958,0.4082458348044467,0.5769052690730463
YLR177W,1198.1680903129397,0.8758875862025504,0.12978107081342874,2.600787446459883e-12,3.201846257155309e-11
YLR178C,1824.0994020388268,2.899159881139544,0.11667618139882308,1.5182553291866083e-137,2.984383892071143e-135
YLR179C,3421.765489096541,-0.44793522018323084,0.0906561594467483,4.012386552495123e-7,2.843875420680738e-6
YLR180W,5989.199197728745,-0.6359673031071994,0.07816396494093614,2.069463884145007e-16,3.3993394219507262e-15
YLR181C,1066.2831344650283,0.05464490682590151,0.12539563733167716,0.6494207570136813,0.7860497134872082
YLR182W,1282.6833647658264,-0.06295801603523672,0.11725985759656785,0.5739492181780391,0.7279860270575862
YLR183C,954.5842862398168,-0.40252832657402415,0.13533984933187332,0.0016916295694513696,0.006289747522733119
YLR185W,5163.098446056997,-0.32432713740097596,0.08945968357315676,2.2490334745297385e-4,0.001034520311958024
YLR186W,1441.489840364426,-0.5392957206096168,0.11771267242651592,1.8203287346497852e-6,1.1744506070273286e-5
YLR187W,313.3827079495257,-0.02116245487280626,0.19804303426511308,0.9025962683335867,0.9525071929783753
YLR188W,1723.6176102833406,-0.10554566637944558,0.10628548542719703,0.30703376396012255,0.4760920604977235
YLR189C,2084.3936026984243,0.05832086327307161,0.09985240640599272,0.5488163157408849,0.706014357313263
YLR190W,1890.639102605035,-0.03831855904117485,0.1028597424589316,0.6900807276295262,0.8155122346355343
YLR191W,652.696275952522,0.15467944890405075,0.15150538200159477,0.2742615786461706,0.438535935270192
YLR192C,3210.5641802522514,-0.25401211636214643,0.08923945282626707,0.003332885810195258,0.011493583405100255
YLR193C,228.41540248298344,0.0668676297911816,0.2230059781978145,0.7280921775646045,0.8407204956135643
YLR194C,972.2231606318661,0.515211800871352,0.13583435421465087,5.4247804289373286e-5,2.8160149814650904e-4
YLR195C,1783.3399833978872,-0.1289020325942344,0.10636837163363075,0.20961148895890597,0.35797247332483884
YLR196W,2783.2484991700903,-0.9541215473981941,0.09734967127258272,1.6000656964316883e-23,3.931494754940694e-22
YLR197W,10101.432016143966,-0.9890137475594815,0.0724464111353972,2.357198500225319e-43,1.2087303961590177e-41
YLR199C,648.9638756177378,0.1842345306921421,0.15279971437825998,0.19565000531180746,0.3401379956732691
YLR200W,367.17643783380214,-0.15832996987163872,0.18895383469145585,0.3479649994782538,0.5185619413503317
YLR201C,693.5667739197856,0.21281269184589938,0.15460803443724416,0.13678083206764513,0.25963409324819653
YLR203C,1766.5434413086678,0.3614430705786883,0.10776841896729354,5.093936081578284e-4,0.002151786609818563
YLR204W,286.6677820345462,0.1331883117900218,0.2105352636399409,0.4669163828058797,0.6313703071328303
YLR205C,122.44800162805656,0.04832008561452008,0.2694234374965891,0.818694948075044,0.9027382402390677
YLR206W,2977.0362137682496,-0.006519309111056629,0.0955513116248038,0.9434990754589151,0.9732051859333957
YLR207W,1392.6982218889357,0.17242005327146678,0.1207530909186139,0.13022238310465284,0.24924420420906776
YLR208W,3125.646635690981,-0.16397035923283976,0.08915490875772729,0.05973071692438341,0.13392853144604144
YLR209C,928.5618464111457,0.003020419521174417,0.13164598311398684,0.982566960562018,0.9907281922752191
YLR210W,416.76618866145424,-0.26883029888371707,0.1852314057570354,0.10578095441783458,0.21117809898601372
YLR211C,193.89830746509622,0.34254301774250984,0.2585428011118997,0.10402130356490705,0.2084314057500023
YLR212C,1038.0983248372968,0.04853642575983625,0.1280033968286274,0.6929001439912655,0.8167163999833086
YLR213C,97.63257990909676,-0.14446815750755082,0.2989154799210545,0.5027099032087241,0.665129077680468
YLR214W,591.7121002203789,-1.1870065679929278,0.1699071650733429,3.4445802553478827e-13,4.585257283473243e-12
YLR215C,489.7368988478424,-0.25331513329018407,0.17999326925553016,0.11820017387801904,0.2304219587962573
YLR216C,4230.558084545468,0.9145675623943409,0.0894944310130129,2.869560291732983e-25,7.798063152234746e-24
YLR218C,267.4528106690326,0.3741562989819519,0.22872106478892226,0.05519103398863281,0.12609900326655082
YLR219W,1557.542991973923,0.35981389301087935,0.11217748443586249,8.530103761676665e-4,0.003438279007697013
YLR220W,1621.0287268094894,0.4955549449684911,0.1145731188227472,6.943053009240113e-6,4.0984167763252196e-5
YLR221C,966.6207801464419,-0.685143753259559,0.1371911810234447,1.6605190866641346e-7,1.2317083086865914e-6
YLR222C,1765.8354894670567,-1.064342244599575,0.11731649520471346,1.594548443449931e-20,3.370269595349191e-19
YLR223C,1890.0674684247535,-0.7925622837071455,0.11216209502779545,3.748732811869191e-13,4.9788913044127524e-12
YLR224W,1147.2488263834957,0.019131564893731464,0.12174911492687406,0.8709007595907575,0.932571715507501
YLR225C,1369.1085734248486,0.010682289633188348,0.11650861218884292,0.9156339412809997,0.9590539667700854
YLR226W,380.2371844373696,-0.35720336240370926,0.19596857365144385,0.04006714510541683,0.09735309216590154
YLR227C,388.877713582346,-0.1888632334706861,0.18605081748632288,0.25711078922658437,0.41806434622425
YLR227W-A,0,NA,NA,NA,NA
YLR227W-B,11671.90121536901,-0.15638189532730673,0.0699893341146354,0.023373200657362817,0.062170394351136006
YLR228C,828.2240289264853,-0.997218789240079,0.14730313593850267,1.9609720375171537e-12,2.4344951800502434e-11
YLR229C,2406.6681919033804,-0.010792518848973953,0.0970708245489924,0.9094524607744962,0.9558084407747645
YLR231C,1331.8383612891198,0.40184149848832557,0.11967331999791352,4.6619153699210966e-4,0.0019849324863844553
YLR233C,358.6773173886855,-0.040878190066768724,0.1904310344475886,0.8073576899540227,0.8944182411532731
YLR234W,145.388806702903,0.020163274584505377,0.2591541046566209,0.9237298924172134,0.9626285250411533
YLR236C,9.968143201993184,0.08907918686508848,0.41307206692207915,0.5031314600660506,0.6655375100963438
YLR237W,878.6026798234789,-0.11389058982714152,0.13516532619588828,0.3674840785307718,0.5371972263500152
YLR238W,509.23282279849184,0.14938405174510483,0.1731674593975902,0.3441079884936558,0.5147652988703928
YLR239C,451.2753057256366,-0.17885046991416273,0.176701025252421,0.2643426507091524,0.42590945662073
YLR240W,858.7174775962658,0.29930045914379255,0.13913610901038467,0.022007284471884797,0.059043201333350614
YLR241W,2041.0607942088866,0.2204775008164915,0.1027358730256928,0.026771994810450474,0.06979418806243433
YLR242C,282.53528965100594,-0.31595963512814984,0.2186998921667582,0.09310920034560083,0.19097911458713324
YLR243W,560.7319886832347,-0.39937451898865756,0.1713876202370696,0.01011866471979098,0.0301667168112272
YLR244C,3836.305791701608,-0.6008122416573557,0.08618260551536701,1.2968266524657425e-12,1.644599305288276e-11
YLR245C,194.30167448987248,-0.003653998550120526,0.23335402082894438,0.9832721634633783,0.9907281922752191
YLR246W,464.1178926132665,0.3335202788341154,0.17943854847701157,0.04014440718645783,0.09746050604303903
YLR247C,1542.5615436572757,0.44271285040512637,0.11328399521143229,4.8393154578100234e-5,2.525437456168647e-4
YLR248W,3996.598366610852,0.18315782407006306,0.08501288208336963,0.030264198418676946,0.07732581372397658
YLR249W,71804.86004232244,-0.9064323641239205,0.06348820712137677,5.686952270416714e-47,3.2878389743771924e-45
YLR250W,1675.465898466647,0.46225616966703786,0.11121929853861476,1.6133294243461196e-5,9.104118292219204e-5
YLR251W,442.41232007682453,1.4730249836514777,0.20853772045105648,1.2587343797677257e-13,1.7222173172831274e-12
YLR253W,1055.9089301612485,-0.12205436061461612,0.12595996408437454,0.3090419973293829,0.4785502155865104
YLR254C,349.16744734411947,0.597684988404609,0.21359097761806886,0.001619081228707243,0.006062045717896261
YLR255C,6.511802626891946,-0.09046473857494437,0.42163534403135067,0.42250605183187084,0.5910020991448349
YLR256W,4334.157151688172,-0.14843382165912877,0.08629846354265357,0.07829322014047554,0.16628682506087386
YLR256W-A,97.2040539010703,-0.47433543046603427,0.39768158607644405,0.0667358305458319,0.14684231553525048
YLR257W,4789.656167870358,0.7124417964184138,0.0840132191921895,5.656083119818279e-18,1.0199976194975044e-16
YLR258W,5403.962191967174,1.6575406682090756,0.08220789290578466,1.4482157072665113e-91,1.8565495708153514e-89
YLR259C,8428.562392604637,0.768121461082392,0.0760112179256781,2.7255735220057954e-24,7.018649370859465e-23
YLR260W,788.6834245327283,-0.13525533081936286,0.14060887142658374,0.3058432315401643,0.47469493291929477
YLR261C,56.82861239725514,0.05530843425017613,0.35050896853270763,0.7749212553634559,0.8739167418011664
YLR262C,909.9694977568604,0.005355463146313351,0.13271534757523817,0.9668242775558886,0.9835022882089142
YLR262C-A,826.712996341852,-0.31859643459591286,0.14351064815473336,0.017790166299180638,0.04917832594585782
YLR263W,371.50635227953524,-0.332970923547289,0.1962403230291839,0.055783781779764285,0.127157696619741
YLR264C-A,10.39092228145993,0.11880513341215376,0.4220891621115991,0.3826903869351751,0.5524419123027485
YLR264W,1489.6381695863797,-0.3112234859673854,0.11332704226410377,0.004460302488983229,0.01486011512855034
YLR265C,569.0438686787824,-0.14334494103991344,0.15916166105032512,0.33662317642105494,0.5069118670467214
YLR266C,972.2764624055671,0.4437341742226576,0.13505351951120262,5.02761355254441e-4,0.00212681758388482
YLR267W,436.86523947095213,1.7533411648735502,0.20260681331491948,3.8506588220089296e-19,7.543965140660019e-18
YLR268W,858.9193266797337,0.08540989473057388,0.1366982852366834,0.5093334456191674,0.670027134892538
YLR270W,1469.9668683461548,0.9327012533795273,0.11743890950166909,3.5275657340413825e-16,5.7148503114401185e-15
YLR271W,213.50300759150807,0.7454011825075724,0.2749623991157283,0.0013863831654419767,0.005281331735537039
YLR272C,1022.7715247021408,-0.03409451356412057,0.131605549623443,0.7881790818774357,0.8827905120287252
YLR273C,374.8161835959164,1.1001073946480102,0.21725200904814862,5.129898823890124e-8,4.038853586712959e-7
YLR274W,1514.3602976662778,0.14354406094267266,0.11137534000910387,0.17853209957317767,0.31701408948600684
YLR275W,109.97532212489624,-0.10646469342474296,0.28215058547936905,0.6145894596411969,0.760594762540218
YLR276C,2472.819452336231,-1.01602818640335,0.10669257896266328,2.841996081938437e-22,6.572255253016063e-21
YLR277C,893.7890840034238,-0.19079996813157526,0.13613465564130853,0.13716200251396532,0.2601622157686888
YLR278C,2207.548384470365,-0.3344638623569784,0.10619495801625571,0.0010588416228785734,0.004165436324292827
YLR281C,117.71041986388629,-0.21108277175711987,0.2956738343260197,0.33417685795123825,0.5046455650034448
YLR283W,416.39954631911075,0.05060703825193257,0.17753705848781484,0.7547435327205765,0.8604681671182175
YLR284C,307.20219886837873,0.4713970074375306,0.2256284527954162,0.0153677780492549,0.04342299336677343
YLR285C-A,8.565639782926509,-0.11229337904039235,0.42381950968177623,0.37392937845768415,0.543811958353662
YLR285W,1220.0536492999604,-0.15136563652285112,0.12043813792604018,0.188731063906755,0.3308403935369008
YLR286C,21912.58716831345,-0.28280682505832233,0.07298919411532521,7.546117658832113e-5,3.8033722935156385e-4
YLR287C,740.2204476910541,-0.19553765606752418,0.1452118512750027,0.1503116149212979,0.27900144576358005
YLR287C-A,2357.512316827688,-0.32463206913812315,0.11089489617325315,0.0021709871074235606,0.007883196411623607
YLR288C,452.94906132653136,0.06878107110262117,0.17232418895325086,0.6636194209710342,0.7967893665568024
YLR289W,304.63171403591093,0.06726019320562661,0.20294929294208833,0.7066570704782165,0.8275633901781689
YLR290C,695.5933086485071,0.32653773923324986,0.15189994334040377,0.020941943389188453,0.05659699365996531
YLR291C,1901.7405986800543,-0.23826985800553002,0.1045233944923316,0.017967349288892542,0.049557277248175546
YLR292C,873.2730992094363,0.017141229076496983,0.13801095987162013,0.8969923701952207,0.9491571021393027
YLR293C,9171.09350244861,-0.3518185892126694,0.07302066080171972,9.210481411289282e-7,6.22337112467407e-6
YLR295C,484.7703303595,0.25643249242027527,0.175427675930007,0.1074788140974377,0.21347341419083535
YLR296W,2.4569375182375883,0.03528622964433072,0.4227344180052627,0.42103879391294236,0.5901748913013123
YLR297W,79.02509847639746,0.166907873617864,0.3190984685655382,0.4498405787892716,0.6157636706407462
YLR298C,409.21682722953676,-0.009288262320792547,0.17927356777765882,0.9528539898084055,0.9764907424104158
YLR299W,1491.5546594647792,0.29221154662483534,0.11436563457010858,0.007785522369760108,0.02415109174880345
YLR300W,14567.55325272508,0.08646233240970935,0.07289008513949279,0.23946226385814903,0.39710600955329156
YLR301W,3190.2185859410743,0.06347939953478103,0.09092973671842294,0.47552921721557856,0.6410478322643871
YLR302C,1.1034757733401224,-0.035357491942431686,0.42579223878989536,0.3482567117516315,NA
YLR303W,3840.8409734207494,1.0121163349125801,0.08677233255688357,2.520996430431223e-32,9.780471019903238e-31
YLR304C,10202.162537847693,-0.06255329797519361,0.074784513596882915,0.3990375856108748,0.5678339390767948
YLR305C,2188.820758158145,-0.22611865766604752,0.10041613227010324,0.020151840097531026,0.054687253131679915
YLR306W,214.53736302484006,0.2800362550209904,0.24222994535605658,0.1622005590935171,0.29476015315083837
YLR307C-A,0.6780528129236139,3.8383434871385e-4,0.4237290691048322,0.9664770933738293,NA
YLR307W,17.68579519146708,0.2928062885933781,0.5101048668996597,0.11789177338469531,0.22997280438291376
YLR308W,3.193906806456706,-0.044263539306726815,0.419831876199339,0.5748663278718451,0.7287159792476936
YLR309C,2359.573221221335,-0.036717501657463854,0.09658845913994929,0.6908143782052247,0.8158887218658543
YLR310C,2519.902438363184,-0.21038287912845458,0.09760683263226162,0.02861511251396951,0.07371923044774059
YLR312C,72.63279884499627,0.9752523569135453,0.4962608078213803,0.004963189331892756,0.01631870134897323
YLR312W-A,555.3499234946705,0.053019506738178526,0.15953954858236566,0.7201784369627038,0.8355089991676301
YLR313C,340.0563648290654,-0.1440028644617338,0.19549974719361476,0.408858998262733,0.5774949731150507
YLR314C,4161.861858187461,0.03957325211884492,0.08528699311401293,0.6410731443841721,0.7800279732975395
YLR315W,71.09035253209171,-0.012019812222825981,0.3091832593718965,0.952404832365645,0.9764907424104158
YLR316C,656.2166644961469,-0.006045549517112749,0.14950993474229815,0.9641876159221241,0.981951390234315
YLR318W,369.2154818941189,-0.20866949605240243,0.19259765819969954,0.22251248646904298,0.37554554456438083
YLR319C,908.6610512081253,-0.14798206992851604,0.13340800849632953,0.24121371271931955,0.3993366827360549
YLR320W,660.2501119173123,-0.2762540366026084,0.1553116827995253,0.05487784801100027,0.12548067844934804
YLR321C,832.7184954374995,-0.20434941683678032,0.13889698014418672,0.1181265276866239,0.2303545415899541
YLR323C,283.3820608176918,-0.11097113884692102,0.20611224642559936,0.5364386024324377,0.6944848383192282
YLR324W,918.7599350040514,0.38334394040860625,0.136788105255673,0.0029905007645441416,0.01049777309479513
YLR325C,4300.732898868295,-0.31738143812954883,0.08985934630624133,3.2218117983349515e-4,0.0014220662849509507
YLR326W,348.9393784605836,0.21033775027872417,0.20123295866075327,0.2346748551359465,0.3910173951007056
YLR327C,311.7853815280123,5.378270153578444,0.361143868124177,8.65409989095319e-51,5.608046929335269e-49
YLR328W,969.5558093781389,0.11843725626083751,0.1331884268713151,0.34864263442922644,0.5191586210843865
YLR329W,41.84485040722883,0.004023929145461444,0.34686158738743283,0.9865207274960346,0.9924245395423038
YLR330W,4228.73514304124,-0.024569581845603705,0.08489402907786672,0.7482476842765203,0.8554476107622039
YLR331C,98.50314599870907,-0.11873219761409019,0.29279514556364533,0.5780386015706285,0.7311655155431137
YLR332W,707.3775621395239,-0.23870895053700225,0.1523545743245603,0.09158502290672504,0.18870610764533807
YLR333C,4701.320320272537,-0.15658530357697448,0.08094569447572984,0.047694864398665174,0.11214378602828093
YLR335W,3430.9127318987394,-0.3695931485294153,0.08900223273066539,2.0642440343682135e-5,1.1494662011963508e-4
YLR336C,1177.5015605165884,-0.6874569474158885,0.12797000203833822,2.0341470552156867e-8,1.7063108370706835e-7
YLR337C,1515.9401198452995,0.009150452900712319,0.11057030346004554,0.9323234388617591,0.96712650784534
YLR340W,30114.365733037142,-0.5079838826440866,0.06551734091613658,1.5159684374265055e-15,2.3463689961953027e-14
YLR341W,107.14462997284043,-0.26503878202981107,0.3200252855408962,0.24131968105652887,0.3993999885462674
YLR342W,15464.312096682595,-0.3223874617419953,0.07131325085775145,3.856960280198914e-6,2.3741643812456155e-5
YLR342W-A,5.164312483563084,-0.04192758255299533,0.4159583212475366,0.6353646495056442,0.7760450161836752
YLR343W,563.7098379644544,-0.4083866942868577,0.16766542280178393,0.00794274804301301,0.024599992231957832
YLR344W,6052.4756232943955,-0.47753160996299454,0.0774896146480224,3.2921961763266165e-10,3.3940700789856747e-9
YLR345W,1141.6769880342504,0.9862789249615403,0.1301848428890991,5.432437501074917e-15,8.049016066291151e-14
YLR346C,15.521356005018045,0.4066575004848429,0.6901351939773921,0.024281627437621436,0.0642776237937698
YLR347C,1923.6303134948098,-0.23720914477559735,0.10337839353865055,0.017668323480173512,0.048938517408446784
YLR348C,2524.3605316433186,0.7719492350685595,0.09907656205904539,1.4834821653994435e-15,2.3021300866738206e-14
YLR350W,1214.9475492784618,0.27665861881966536,0.1226736625435917,0.016882422583863646,0.04709349383966127
YLR351C,2339.3942974715574,0.002382981101652642,0.096309795879509,0.9605492158806294,0.98067152459281
YLR352W,714.9599628291921,0.137923873222156,0.14612342490050134,0.31475851294892787,0.48450298900021604
YLR353W,1089.2315277224066,0.0584193076368051,0.12430547058103415,0.623811175884324,0.7681383387324825
YLR354C,10924.87358876381,-0.02471798900531908,0.06959715294687953,0.7135426832142973,0.831104921485679
YLR355C,20184.66170019783,-0.03238591070529251,0.06568098259430968,0.6296071124931597,0.7722115520740771
YLR356W,447.37755647541513,0.9176862240745349,0.1971264081451275,5.334604212857596e-7,3.718458752153812e-6
YLR357W,1510.1684304563103,-0.408600261390567,0.116362640864616,2.4268837083587773e-4,0.0011042695392123232
YLR358C,41.38891750780334,-0.05630001400425085,0.35588560089900795,0.7686204670513193,0.869718301759453
YLR359W,5553.02766750129,-0.25226101216565194,0.08561810484981067,0.002455887995845304,0.0088106344071233
YLR360W,675.6554488990687,0.32478343146539984,0.15416793987293106,0.023429845971785192,0.062292967401089847
YLR361C,845.9271999905303,0.06896307134506274,0.13621285518180906,0.5965582477274729,0.7461202459285466
YLR361C-A,212.65181484051928,0.40342988109202205,0.2615909828646812,0.058544648592201175,0.13216527206931938
YLR362W,594.0753488234092,-0.0687161043618349,0.15994213878535232,0.621986683105876,0.7663718074123173
YLR363C,387.17111349322454,0.19736350380801562,0.1883099040996411,0.2419706336833355,0.40016848599406424
YLR363W-A,170.02200482965537,-0.5521713751952392,0.29348486846748933,0.018524399197918328,0.050882498972312395
YLR364W,39.921139321665265,0.037408851639182325,0.34749462986404195,0.8547127601094915,0.9261152074330098
YLR365W,0.5860058514770644,-0.013862998266645886,0.42430435468692873,0.6578866597579343,NA
YLR367W,1867.339486314079,0.13160458047236157,0.10630974456954549,0.20159911009625558,0.347916286870828
YLR368W,622.861213101903,0.02937313635131395,0.15230552891160554,0.8374798847193223,0.9148979029621792
YLR369W,799.3630682491896,0.18600284788644478,0.14212910332490652,0.16253928845419155,0.29510288916698507
YLR370C,1130.232459313499,0.3789661701085603,0.12627935334233686,0.0016263110386930176,0.0060813926412002055
YLR371W,1583.2431892210816,0.008461182424499962,0.10895400581971229,0.9382537178405979,0.970340612786041
YLR372W,5172.927653100668,-0.5221477586330234,0.08280504369089339,1.2589154849114757e-10,1.352244920678137e-9
YLR373C,1180.2657100367235,-0.29494717110871715,0.12326488761762576,0.012083059444435305,0.035264631729995985
YLR375W,1530.767855723097,-0.03387576383003127,0.1101681669182226,0.7493082474678623,0.8561656142836628
YLR376C,204.98693114099336,0.04600004334031292,0.22880861951248724,0.8131838603363555,0.898172920847254
YLR377C,88.66262834767889,0.2409768337816403,0.32444508194671834,0.288961206970706,0.4547649419552317
YLR378C,4897.48998246512,-0.2064455022538993,0.08060931950179254,0.008480139511001227,0.025910560982577324
YLR379W-A,0.5105241331060378,0.010758157358103707,0.42413791136972545,0.7565788995573905,NA
YLR380W,1376.0789627377062,-0.2197664869292743,0.11962384569643202,0.05462624437201285,0.1250023139548932
YLR381W,518.6765646187089,0.12155843289351927,0.16462070397371578,0.4234738676225582,0.5918998334605892
YLR382C,900.0650209757752,-0.012645900340561681,0.13328400394406395,0.919185310652543,0.9605337671436233
YLR383W,1062.8611503816292,-0.2508310415268023,0.12870946923094548,0.040107532852903006,0.09741108782272201
YLR384C,3931.6766817818507,-0.7375224933806342,0.08944263367707697,4.0832451202624143e-17,6.919223124766511e-16
YLR385C,19.989647752532285,-0.17396739056325236,0.4216502578698153,0.3201120486108777,0.4899301195583561
YLR386W,1133.9016720351701,-0.007988872404526516,0.12516366090953904,0.9493831814120222,0.9750109057448092
YLR387C,1557.895129206477,0.4751286494822982,0.11371232241252117,1.4184861350824254e-5,8.066357510685692e-5
YLR388W,543.5882819865407,-0.38307254910924304,0.1694245655209951,0.013487418560850192,0.03881664580445758
YLR389C,2692.365025229109,-0.4212821453935826,0.09509924920159907,5.434404489134491e-6,3.280110877423346e-5
YLR390W,158.93296503007764,0.1538113431280225,0.26390367658006453,0.46062729966097593,0.6257358180374971
YLR390W-A,5077.593466390343,-0.030306894618934297,0.08115302172871765,0.7025668726495589,0.8241569222228862
YLR392C,464.9838926810366,0.5130120761992205,0.19188665632595933,0.0029744331809060435,0.010453058681646567
YLR393W,206.94276785172065,0.07178612537661103,0.22923250310281942,0.7158534856133962,0.8315250686288399
YLR394W,462.0081744124335,0.0957172903097204,0.17345704822547545,0.5457763367102082,0.702716824799148
YLR395C,143.65680104532933,0.015923744886353005,0.25842616881310426,0.9379439941153883,0.970340612786041
YLR396C,735.2875809655338,0.13308523910201692,0.14432616886360417,0.32752713490624186,0.497149939393078
YLR397C,1195.3311673387882,-0.6704479238340851,0.12645682695874105,3.1002207231369635e-8,2.5078191501150444e-7
YLR398C,2065.589621625878,-0.16238258925026483,0.10101113945571571,0.09716829791761088,0.19744210508220814
YLR399C,3905.930450250765,0.03288437059267744,0.08475080901746129,0.7209431665284901,0.836067227732253
YLR401C,1430.450299015596,-0.8103381636154373,0.117674508346606,1.2369952836797538e-12,1.5789093480215386e-11
YLR403W,1306.117720326456,-0.19208591400806505,0.11821730348837138,0.09051685328726101,0.18683093014344193
YLR404W,301.6035305451983,0.12125599156840407,0.20242434390101238,0.4968267952269022,0.6597134905320969
YLR405W,625.4201587461523,-0.4648534034529161,0.1640304938667548,0.002126235179835914,0.0077397585527730775
YLR406C,4919.876015128915,-0.3560596982865173,0.08055823694286156,6.33297288347029e-6,3.767645831224874e-5
YLR406C-A,0,NA,NA,NA,NA
YLR407W,429.776606067854,-0.2211357136369377,0.1917911051060841,0.19401940741588036,0.3381688755034004
YLR408C,82.22583784591954,0.30089985498031424,0.35003325431773336,0.2025323450023307,0.3488122775930912
YLR409C,2516.583544936851,-0.46448603444078895,0.0970138978479867,9.022082846749372e-7,6.108291911283702e-6
YLR410W,4086.506575589502,1.0090187227076826,0.08547875944964309,6.208692945681304e-33,2.440844153378843e-31
YLR410W-A,0,NA,NA,NA,NA
YLR410W-B,929.4232305613252,-0.2701917517532039,0.1343285753377946,0.03326110714358827,0.08339317552114797
YLR411W,68.09611258670735,0.023232705996837355,0.31252877341366614,0.914993615211184,0.9590539667700854
YLR412C-A,0,NA,NA,NA,NA
YLR412W,778.5572303296368,-0.06870433711931813,0.14188321519379474,0.6061299889467373,0.7538595115807688
YLR413W,3254.072274106112,-0.811922515036763,0.09051418111993373,6.678054084441696e-20,1.3626465375762175e-18
YLR414C,1350.0759461774821,0.6693663266596429,0.12052388707200709,7.7289736923638e-9,6.884857683363947e-8
YLR415C,4.999950396353123,0.0011812222981463579,0.4110841228581541,0.9938274352060127,0.9965312677112493
YLR417W,618.298925667427,0.03711048457891767,0.15327193150887394,0.7962097803941173,0.8879064060106107
YLR418C,1042.035115971775,0.04653016590593118,0.12796350636245177,0.7053865426962259,0.8263139535716417
YLR419W,1142.9323093932696,-0.5291455064656194,0.12691309163176598,1.2657973615090272e-5,7.254039884177583e-5
YLR420W,5524.206361764406,-0.4320182017414449,0.07978965613248602,3.1905807060349055e-8,2.5738514943211813e-7
YLR421C,1582.5289171466336,0.3454279581314343,0.11359053967267663,0.0014497964525477366,0.005501576371090092
YLR422W,1449.0470614951212,0.018964671862569896,0.1122884726973631,0.8599047417823322,0.9283172817194086
YLR423C,316.69121093125375,0.34421924042647195,0.21308548176839093,0.06313923887252457,0.1399744705380742
YLR424W,408.8627326572256,0.04500855424344422,0.17892569897628183,0.7816880082581908,0.8780217494663907
YLR425W,847.8062789850496,0.003135926878470728,0.13957272578619936,0.9827886866079075,0.9907281922752191
YLR426W,524.8804739810265,0.0563737182657702,0.16272696721198243,0.7087783782035695,0.8286411768965998
YLR427W,1300.3491067491536,-0.07995658101176885,0.11714054303615008,0.4767711035002086,0.6419241306674734
YLR429W,4321.977270843766,-0.1646430026558477,0.08235741458763837,0.04078636335867127,0.09865348019937838
YLR430W,2630.1105262441733,-0.41052700286602617,0.09513274556458376,9.544228330955594e-6,5.5614935244708636e-5
YLR431C,261.80683763141883,0.3734995021562285,0.24000812694814624,0.06331404538887046,0.14020387745331173
YLR432W,8925.416993098277,-0.6946116144988478,0.07280586364232523,4.0593525796524295e-22,9.278295411709449e-21
YLR433C,1181.8741345635779,-0.3795406008764069,0.12422156228496568,0.0013446529446118505,0.00514229469155388
YLR435W,730.1330383659104,-0.4369131386002781,0.15624965965081555,0.002588069815341349,0.00921609160692508
YLR436C,2261.3353541603988,0.020045607696914377,0.0994848415745325,0.8411014340850844,0.9168161103141854
YLR437C,286.82741028336216,0.017561655238343007,0.20306773917933743,0.9232318739932855,0.9626285250411533
YLR438C-A,400.85292111822946,-0.1648508347616273,0.18380152277964587,0.3179887331367769,0.48756618806749175
YLR438W,511.3137858602799,2.189092714085468,0.19017092888102735,8.214532131548411e-32,3.065260705404763e-30
YLR439W,300.9403487074556,-0.020360265810419213,0.19956786796583156,0.9063913632332308,0.9549301390666312
YLR440C,1118.5202451275732,-0.012057881159137886,0.12781445798457888,0.9194167615077099,0.9605337671436233
YLR441C,24567.39442964722,-0.53003729752877915,0.0680016993554252,4.4792907793593165e-15,6.704156783218753e-14
YLR442C,897.9104298980491,-0.11909116356137613,0.1364656086454435,0.3551197637789301,0.5247115721729716
YLR443W,713.5035802092616,0.020370506218378277,0.14472249270970985,0.881020727714588,0.9376765411647167
YLR445W,6.014718595769385,0.08917637075197302,0.42398110506972925,0.38563137462208624,0.5557162012349381
YLR446W,292.60138822777645,0.08128851931070656,0.20360752865322973,0.6504748530345059,0.787164007458338
YLR447C,6230.210823466245,-0.45742883683889635,0.07701355795725735,1.4468894686220561e-9,1.4056519269298624e-8
YLR448W,8376.120573807999,-0.3560124658421731,0.07303569914163631,6.898119414743723e-7,4.75768540219225e-6
YLR449W,3722.0881975499387,-1.144574603091833,0.08771953652204158,1.2905062863217558e-39,5.765239068514692e-38
YLR450W,2132.915864689902,-0.3181042788612284,0.10065263351082142,0.0012537267915814479,0.004838499273531281
YLR451W,925.1139241647284,-0.5590035267191465,0.14260287293653814,3.3173228339973044e-5,1.778386613825646e-4
YLR452C,3082.7014508153297,-0.3908831063682019,0.09062013221506626,9.374243961098248e-6,5.4732590731283535e-5
YLR453C,131.15415332733437,-0.008304235192889023,0.2629824803260245,0.9643960601409137,0.981951390234315
YLR454W,2306.95712062457,0.3541215248026075,0.10148600468140981,3.1293931914249713e-4,0.0013885652106721638
YLR455W,792.1669684570061,-0.05560062026860727,0.1412812304843641,0.6752618661121866,0.8046108758261395
YLR456W,136.83209731852608,0.12907669399384064,0.26726302569921623,0.5386502532934888,0.6964586503796192
YLR457C,267.44915601434025,0.09778094059508777,0.21219434885537505,0.595907532691798,0.7457124236716838
YLR459W,902.6064239162631,-0.1230277774009585,0.13421419494721137,0.33235716589789166,0.5026699685303583
YLR460C,136.3642619652021,-0.6675834832936225,0.34630776799935337,0.01121870019818185,0.03297939933633019
YLR461W,3.703426967762606,-0.09320422579020227,0.4316452935557323,0.25946532155143115,0.4202326287252924
YLR462W,21.747902887201818,-0.01609784000507703,0.37882811190877286,0.9203306833073707,0.9611886042905801
YLR464W,2.268726149356154,0.04902129683630933,0.42432524157334717,0.4009347617567105,0.5695779631030462
YLR466W,5674.05140485071,0.137316366499001,0.07810102285502418,0.0736406526829372,0.1587092595693351
YLR467W,2142.96564494268,0.07941472132635294,0.19803400983579025,0.6512457508815168,0.787450521416507
YML001W,1891.817016111946,0.17484954628001467,0.10351034644555251,0.08149947135801873,0.17201230586908964
YML002W,626.4266575682468,-0.03312110455682743,0.15229084655912153,0.8144411766438644,0.8988881936494233
YML003W,104.19622921911892,-0.08568979131013846,0.2848222331991031,0.6845343633662305,0.8122179649820261
YML004C,3259.6128004725133,0.6116512617843801,0.0901690791018721,4.421972873561466e-12,5.3655090607802396e-11
YML005W,417.1937966816773,-0.29706426732350155,0.18549277219393434,0.07475318040004249,0.16018150611157358
YML006C,768.1053599555778,-0.1346293984306608,0.1430502826992988,0.3138216957858261,0.48385851609681446
YML007C-A,0,NA,NA,NA,NA
YML007W,2352.8168192817834,0.27830863392215127,0.09819558680833512,0.0036489110268363573,0.012481222926481439
YML008C,6932.065848117249,0.1868913825993677,0.07534698562390969,0.012203644295978528,0.035555775895941395
YML009C,110.73040234654394,0.02726841491416719,0.2784730004191689,0.8980934842949617,0.9496807285238137
YML010W,5127.268118971459,-0.4769611164237023,0.08630215724370215,1.610008944963842e-8,1.3759743113698226e-7
YML011C,184.07165735549557,0.07268224102852623,0.24130016717597566,0.7205459017235194,0.8357708856143969
YML012W,4844.659879843361,0.15204550733685704,0.08070491841240444,0.058277358700801606,0.13177086605839217
YML013W,929.2592925494947,0.2609616242549601,0.14036272600629054,0.048043485436852384,0.11291846696736489
YML014W,803.6379235387942,-0.28826817306711805,0.14251007319097844,0.031039223725729103,0.07865848831569597
YML015C,689.0087475531585,-0.03530181647002924,0.14686003257094207,0.791015890928259,0.8842155939537819
YML016C,1498.2624697049478,-0.08985785465996857,0.1123925917691288,0.4056741500444092,0.5740965833481836
YML017W,1129.1299571439436,-0.4018742591802055,0.1339357720788648,0.0014941566991844377,0.005655354335744948
YML018C,1303.1400609837704,-0.6771037210859506,0.12341854625986695,1.1180847881144897e-8,9.724699108423518e-8
YML019W,1119.3742267917441,-0.19888413956880052,0.12418286112007204,0.09273813686212845,0.190483034857531
YML020W,767.754474662094,-0.022923657790327075,0.14141250195269217,0.8626968087507794,0.9293616323847973
YML021C,790.9998158418013,0.03603887529498647,0.14022171813402828,0.7868754360217177,0.8823358901350199
YML022W,1980.5511421653828,-0.4467281485978767,0.1087957146229903,2.0515481190049235e-5,1.1434763003565248e-4
YML023C,698.1162808065365,-0.6403532095320134,0.16644085191436012,3.057019361358896e-5,1.6493360634888758e-4
YML024W,14641.780092549432,-0.20762620708170998,0.07268542255782615,0.00367188152759717,0.012537976472634924
YML025C,670.9611780612348,-0.015168045440459231,0.1488818435976045,0.9123046653613663,0.957440934621103
YML026C,13426.732628822396,-0.5156428270517096,0.06909832024087711,3.8594024660597036e-14,5.51062865432302e-13
YML027W,872.0775377698254,-0.13829772653723474,0.13981554229601728,0.2930750403055688,0.4596445512451966
YML028W,16331.78458384699,0.8122107382118837,0.07173092945777386,4.204425483383275e-30,1.4584410044418336e-28
YML029W,1154.341904370627,0.34660930855114613,0.1253093949532208,0.003693340604885726,0.012589381241046894
YML030W,477.63653107019974,0.3555331481747197,0.1794681349347442,0.0290691380931274,0.07472567887322244
YML031W,2102.7117165869918,-0.17660147893048908,0.10013102613177623,0.07430783835169222,0.15942209835023388
YML032C,1287.691850023968,0.3559956022391466,0.12180732698924025,0.002211750922021981,0.007996747508990572
YML034W,1270.6771956114321,0.28935034982284247,0.12146981611807948,0.01266298925640263,0.03671270779007193
YML035C,1924.372606191113,0.31316780837728586,0.10971710465820789,0.0030379427905983846,0.010644532760640923
YML036W,254.77296690896057,0.1842990371525778,0.21878259859876753,0.3266805305513557,0.49636813814174935
YML037C,121.81350713672863,-0.20298509439874365,0.28799445413912644,0.34881430140744546,0.5191586210843865
YML038C,1260.499706632455,-0.34778463500082846,0.12239082557827699,0.0029036372502083915,0.010219642988894311
YML039W,249.6874541116319,-0.48469710063009264,0.2717769492168606,0.0270388238411833,0.07039644335163706
YML040W,0,NA,NA,NA,NA
YML041C,324.975661069794,0.15176137686822944,0.20350784751633996,0.39492271627852554,0.5642983421115738
YML042W,265.7793421421598,0.5522763653246149,0.23939290718014405,0.00716129620462344,0.0224867751430588
YML043C,491.4564402670329,-1.0696524927182431,0.18444206316257553,9.134879119822798e-10,9.08404421072429e-9
YML045W,8013.893344713744,0.02029804341973272,0.07292619248691358,0.7783497454708583,0.8762749998170393
YML045W-A,0,NA,NA,NA,NA
YML046W,1014.1349629475491,-0.25103657984393984,0.13069736075123076,0.042629839013375,0.1022318668816073
YML047C,36.83034236026204,-1.3685392136469168,0.768522961024068,0.0035900450373995405,0.012301275761502086
YML048W,3753.1029077861367,0.15620983621591542,0.08583191968201363,0.06282630553573547,0.13949048333743674
YML049C,1548.2374752986743,0.05073715031329003,0.10996687802605547,0.6335031880859578,0.7748948973538464
YML050W,187.672264825724,0.1660973888844631,0.2430401911665838,0.40813436624205185,0.5768859917855657
YML051W,1468.6819789871688,-0.13448578565468328,0.11279490696395154,0.2108975067471061,0.3595439714621812
YML052W,3636.7575851015167,0.31771167371544345,0.0867771047765184,2.0237103065882128e-4,9.396708407835189e-4
YML053C,533.4177854582681,0.055057687568438526,0.16194537408568044,0.7142408715870248,0.831104921485679
YML054C,500.16787616579376,1.2642099444805968,0.1851266294943662,9.494410956172636e-13,1.2251321971236331e-11
YML054C-A,1.959157980542099,-0.0131716275514401,0.41904701442982856,0.8391561546749049,0.9162199304050942
YML055W,670.2864287403138,0.014946631028258583,0.15051220929514975,0.9168144256004455,0.9593204133653884
YML056C,8049.8716844924675,-1.3278149958300807,0.07440701902529107,7.623292487824456e-72,7.750785482879451e-70
YML057W,1816.848582495637,0.21180239118327035,0.10697026027667429,0.04037529542273853,0.09790013038975703
YML058W,2083.246974538327,0.1111168261593105,0.10198940193657065,0.25964209100954544,0.4204034625709197
YML058W-A,6.285553600501637,0.07827810323882084,0.41999774367142617,0.4657663288501023,0.6307273617308533
YML059C,1961.5938353780734,-0.26541871769662995,0.10292518664867475,0.007673603304197556,0.02386668707007014
YML060W,305.4541121558522,-0.3096536394081746,0.21352089864925622,0.09397755599543058,0.19242557211981046
YML061C,1109.5429387275185,-0.32109053569889395,0.1302968792765984,0.009175976627617856,0.027809574459252612
YML062C,802.4481660145032,0.018213194331949373,0.13855748872396817,0.8900870140779424,0.9445461799563842
YML063W,35805.260707031484,-0.3146881443588093,0.0655561053338904,7.596929903216404e-7,5.209197167356644e-6
YML064C,485.7969538410757,0.07323057998184113,0.170957187601512,0.6407950902682047,0.77993160935224
YML065W,1237.165792778972,-0.4094466380989385,0.12233803100200065,4.500261535042464e-4,0.0019272361853409881
YML066C,130.29422321993175,-0.016835312164166418,0.2642625413197786,0.9329426485321268,0.9672227142042814
YML067C,1894.6985162861756,0.12680571923778186,0.10696731121397565,0.2161237720371053,0.366441024641406
YML068W,462.6815494050592,0.14681970655175244,0.1729893651052695,0.352171322003978,0.5218853874147755
YML069W,3036.160068346946,-0.1250561735960144,0.09178994796081985,0.15181371376437086,0.28104641504512523
YML070W,4182.600546422065,0.7979743581223119,0.08521632696893507,1.746639680358543e-21,3.8721557124339575e-20
YML071C,1118.7744217352881,-0.10944488048704731,0.12354729109455903,0.3517978425862302,0.5217685809182594
YML072C,8591.38963696985,-0.08508971681922976,0.07549700672621786,0.2452569622792486,0.4042147307324564
YML073C,10714.023303715441,-0.30188045170019223,0.07326131230994776,2.6703857227375684e-5,1.4717069726152748e-4
YML074C,9422.948078649792,-0.2774270972338425,0.07444691226555077,1.433133537214092e-4,6.843067586195547e-4
YML075C,2428.7493326951962,-0.31114140670632373,0.0966664596903588,9.758806899662903e-4,0.0038739578873247336
YML076C,903.5412412618242,-0.09090497281927057,0.133090184477984,0.4704157075902375,0.6353736664360125
YML077W,401.5691789861882,0.1815665685537527,0.18357319709789557,0.2693380256954862,0.43297487341171276
YML078W,1473.1840459878267,0.20860164338153506,0.12151487735390575,0.07325637441811501,0.15810998452010566
YML079W,1126.510344687422,0.33776643890773045,0.12605840053162204,0.004891141929295625,0.016127444273351773
YML080W,525.616472887982,-0.4412617429355866,0.1741080616383383,0.0058816726973470864,0.018911790565024955
YML081C-A,84.25344885304452,0.0881913026058161,0.30166190887295913,0.682290631008972,0.8108560763925652
YML081W,2066.329865606866,-0.3819536418760743,0.10396134762541989,1.4297780754181095e-4,6.838119473431137e-4
YML082W,728.1506306470238,-0.8059693324398427,0.15547704607010845,4.64907981083447e-8,3.689855133848031e-7
YML083C,340.80257403447655,0.2975040518163333,0.203569646626089,0.09641318779285664,0.19621316853422047
YML085C,4890.670655610497,-0.14106064303381466,0.08000854729014507,0.07159492476081394,0.15539023603773272
YML086C,2516.7894785044928,0.1058688294971032,0.09549061562289012,0.2544811007596538,0.41536507822291524
YML087C,157.7810074188291,0.33223090420125345,0.27972487898879383,0.1301513624503805,0.24922248879647177
YML088W,1276.388221841135,-0.01953776374289483,0.11948783781146952,0.8644518615364031,0.9304020126811771
YML091C,1082.6449595499628,0.09402093782440338,0.12614097573738117,0.43568834824135444,0.6013548356069948
YML092C,2435.99339747555,0.3700629827690779,0.09879406342824425,1.1660962641277931e-4,5.673654842872604e-4
YML093W,2850.0352367087326,-0.809787676843511,0.09586060140428092,6.852397827812216e-18,1.2245027269881405e-16
YML094W,607.1646146396631,-0.17250465440009952,0.15678652625955583,0.2205112081403902,0.37280808325799347
YML095C,122.13824899742357,-0.006645098032276229,0.26884268853465487,0.972369211461564,0.9870995420879399
YML096W,850.1232461922834,-0.3319711856435326,0.14076204206967277,0.012145723901169745,0.03540451500009787
YML097C,678.9066292756536,-0.1857860264493863,0.14962395294235067,0.1829238580983859,0.32306139299376513
YML098W,433.5890134444388,0.21646401075982838,0.18034683610106453,0.17884278859074706,0.31747017589393
YML099C,971.8655812151994,-0.23577865673970122,0.13201659223646312,0.05933250263492597,0.133289054490727
YML100W,9824.12555198884,2.561812400003659,0.07358892908518472,1.225754019453533e-266,6.0235595439312375e-264
YML100W-A,0.9583111432515975,0.028997776368029696,0.4249964951021483,0.4717808849134465,NA
YML101C,261.2419738169548,0.1263019078765454,0.2219319581985008,0.504921925443004,0.6671576505349304
YML102W,1011.5433105241784,0.06784389710992852,0.1285878439232558,0.581766128321224,0.7341482685020881
YML103C,2696.4693732307346,-0.3322142836616499,0.093854886263667045,2.997948789626369e-4,0.001338297048631847
YML104C,1250.3804743138994,-0.07286215366870165,0.11875468645664021,0.5207176173792865,0.6786226449820049
YML105C,1321.7433487673838,-0.05196775961754422,0.11601865401144033,0.6411388140704042,0.7800279732975395
YML106W,4477.598016369034,-0.34165894358838117,0.08576235087286749,3.86968213620848e-5,2.0537886610752845e-4
YML107C,376.44016208235877,-0.07804945700518703,0.1854105625401422,0.6384694378729754,0.7785472032954789
YML108W,127.61690026165923,0.026942337597772807,0.2660126994526681,0.8985339622220321,0.9497499148993229
YML109W,742.1556616387008,-0.05945697718178518,0.1431122314548487,0.6590469548364641,0.7933047341642435
YML110C,2695.185028218064,0.360324102469688,0.09418262580291543,8.721571517239769e-5,4.3659683562956633e-4
YML111W,1488.6968392208128,-0.22134400457649606,0.11384544086403237,0.044840927322213016,0.10658712165473089
YML112W,327.2965475836073,0.0978209725172361,0.19542517671785975,0.5732185179403102,0.727565561836851
YML113W,347.59974245446165,-0.30078970459969234,0.20202157005315635,0.09006457334749908,0.18622397932335275
YML114C,959.0465182495707,-0.11587654695923105,0.13218586021815573,0.3547156482371443,0.5243815937965505
YML115C,2251.0412498487835,-0.013134195447485062,0.09741905259857567,0.888354101831155,0.9430466495946573
YML116W,640.3882503057055,-0.0517714564416683,0.1546981054412748,0.7178030990438538,0.8332450541459853
YML117W,3440.3382021728366,0.010770868660233314,0.08737353158977258,0.8983074620494883,0.9496807285238137
YML118W,92.36046430441459,0.18790219688334212,0.30974839347891175,0.3966128596563823,0.5652068712889528
YML119W,605.2998059838025,0.1361164663225015,0.15593576372141216,0.3459485109545643,0.5164704731896369
YML120C,1471.0555323680205,0.9498779881317422,0.11821440567193486,1.467962509425088e-16,2.4453601463502103e-15
YML121W,1010.1264733290393,0.2602229767358408,0.1315829571666792,0.036997810627503014,0.09132527805374017
YML122C,1.465014628692661,-0.02438259496335384,0.42492563050230364,0.4341938726295492,NA
YML123C,9940.9846523932,6.912337469141206,0.25972681523919505,3.108863458024088e-158,8.333167187258205e-156
YML124C,3326.1698639189253,-0.13597360321026475,0.0888590053615488,0.11728614386191766,0.22894286340739106
YML125C,2649.864045128794,-0.25490410323465146,0.10296016061735047,0.010759409381125788,0.03181957729212576
YML126C,6060.283311911495,-0.010336780054492576,0.07764992337269405,0.8752136009409581,0.9346495119067059
YML127W,1721.1361720561927,0.24810421622291728,0.10912072086200239,0.018411994423057777,0.05061796322273739
YML128C,6529.4729228974265,3.33101801105262,0.08887427658237856,0,0
YML129C,91.15078297840225,0.4991551094210963,0.3858573550360222,0.05808677450521416,0.13139152637408819
YML130C,2043.465932793525,-0.022426345812717338,0.10097748115123041,0.8173636807517816,0.9015742806104721
YML131W,609.1964540869466,0.9464990574063133,0.17241057652885775,6.485611488417222e-9,5.81240895854048e-8
YML132W,985.5373025959366,0.4218042812763105,0.13789645723974558,0.0012589178453386448,0.004852182048341169
YML133C,1895.8487345190692,-0.17126389816069107,0.11826362358035573,0.12840036871642801,0.2469592218919687
YMR001C,1717.5124146394726,-0.10280782193123043,0.10638903561949607,0.32139090370012113,0.4913520370758281
YMR001C-A,8.098358517336152,-0.020517664591284932,0.4050084070884851,0.8606730702959023,0.9284611323205482
YMR002W,2475.4721844276132,0.4967422006044173,0.10631027920385692,1.3429011114617566e-6,8.887865156329943e-6
YMR003W,209.44014287737448,-0.13164975418555563,0.2315058323669176,0.49635915839884104,0.659389492470819
YMR004W,1152.850612507777,0.09267670958093019,0.12184661981085658,0.42750159171013513,0.5946546118702839
YMR005W,1395.1037604898397,0.04085292743667871,0.11372437603016582,0.7107229755310362,0.8302562176518465
YMR006C,1727.9639904523513,-0.4863389047954153,0.11038171081218147,4.881616492145161e-6,2.9707835350030978e-5
YMR007W,20.423697862371007,-0.20906044077537744,0.4359842677354068,0.2586343490078191,0.41946441850743
YMR008C,2302.4751554197937,-0.48987766358572293,0.09911384309008377,3.4320276044078314e-7,2.4649723643970457e-6
YMR008C-A,40.163556123207144,0.21756413147752668,0.3916022781950287,0.3165784105998728,0.4862888479571373
YMR009W,287.5917182172493,1.0016143991828539,0.23907467096139615,3.941494253114898e-6,2.4236696152886916e-5
YMR010W,1033.8609001973978,-0.1624763667724784,0.1281975137579464,0.18887551988245083,0.33099522756220284
YMR011W,3988.6997621055816,3.5538544776930467,0.10203958146295498,2.426356198615004e-267,1.30074750029388e-264
YMR012W,7004.857532215834,-0.50922499323405,0.07597805233953611,1.1050679241916652e-11,1.2955438467113816e-10
YMR013C,769.8195718782522,0.1155336743270877,0.14211002839196507,0.390923207818279,0.5606211470098228
YMR014W,1430.3243208327972,-0.8595477620443217,0.11878440609903212,8.756878618919142e-14,1.2065260097141632e-12
YMR015C,3024.7779960184575,0.11701994347960658,0.09027006219023487,0.18639519122797088,0.32752456575427424
YMR016C,1433.42303696586,-0.32817113484199706,0.11506507821522219,0.002899334321359008,0.010213485360247354
YMR017W,20.623875768197344,-0.04507121623611445,0.38039078272433496,0.7909650804139067,0.8842155939537819
YMR018W,72.823897423593,-0.032617191040940054,0.30807353545637306,0.8748830683709228,0.9346495119067059
YMR019W,1164.9308359280094,0.02223306305771318,0.1222869953513702,0.8497246338518611,0.9231440983464306
YMR020W,673.7955332670109,0.43934778342524045,0.156190839167141,0.0024985797082649392,0.008951472988844682
YMR021C,442.892655218581,-0.14554305325081052,0.176009592032099,0.36053631002864034,0.5299308624723061
YMR022W,715.0026888978052,0.2612475483529699,0.14849784939916663,0.059703741407991416,0.13391896655873922
YMR023C,338.64336250265484,0.3810495274038849,0.20694023458428226,0.036115478377391715,0.08955970394931831
YMR024W,768.9362418351958,0.021483667054812815,0.14072797512516277,0.8718158010900987,0.932571715507501
YMR025W,165.4783162094037,0.7796515598968771,0.31132023588663305,0.0022506795279646314,0.008117588487099345
YMR026C,637.3406956793906,-0.02268217540267665,0.15098022730245927,0.8709183717967777,0.932571715507501
YMR027W,2956.5895801324964,0.27623720918315725,0.096021370993995,0.0033255926495125115,0.011475143273361778
YMR028W,582.1300933216336,0.12178470115616995,0.157928009799699,0.40549261043642637,0.5740965833481836
YMR029C,1172.5143308325003,0.29860497316467005,0.12360416520198376,0.010353852992772538,0.030786408924732864
YMR030W,363.11431971711056,0.05209444861019715,0.18808827159452715,0.7588110706945013,0.8640102112155772
YMR030W-A,4.145456622770206,0.11464565786342444,0.4392812903034182,0.17967051250743507,0.3185559267156779
YMR031C,4543.416000492254,0.6144198330986695,0.08286024529538367,5.717289886231859e-14,8.008279919028331e-13
YMR032W,1079.1814797193217,0.0620282660494147,0.12499919174169523,0.6035388427424553,0.7518100033063496
YMR033W,1433.635395887177,-0.2426345921386399,0.11597598273962739,0.028662042538514246,0.07380788858061944
YMR034C,124.9304166702114,0.052490117059286454,0.2682650403063065,0.8027971708547837,0.8918792231595063
YMR035W,299.30080163242894,0.23821195022650385,0.20897947437504694,0.1912758322929109,0.33441786461035145
YMR036C,416.1958745354649,-0.25897250646844167,0.18398348518372265,0.1173866149026211,0.22906315952374476
YMR037C,1479.6322713946606,0.12486053554380115,0.11244870924786435,0.2490411957717297,0.4088518740161164
YMR038C,2320.134672453945,0.009119888022369606,0.09666578298737995,0.9067154619499213,0.9549301390666312
YMR039C,1453.9902623355952,0.2226566167545843,0.11346355584819076,0.04272791474734271,0.10238379246854122
YMR040W,42.08146751292999,0.21967746816594555,0.38946711134272705,0.31392957140688693,0.48385851609681446
YMR041C,357.23890286172974,0.3143061108057663,0.19883444082971224,0.07483849470856979,0.16024785885854612
YMR042W,221.54931003862333,0.12401841907574375,0.22626340972740455,0.5188092900124147,0.6780625849297894
YMR043W,1523.3059496598428,-0.4780433639757456,0.11773044266372792,2.17457515291233e-5,1.2086210816893505e-4
YMR044W,1204.8768023431703,-0.09559417521273426,0.12474478843436697,0.4184249871730028,0.5872941017381974
YMR045C,5450.311909978032,0.02210551830001147,0.0780491006837528,0.7548699329184891,0.8604681671182175
YMR046C,0,NA,NA,NA,NA
YMR047C,2940.373761988825,-0.1463845038294199,0.09136795075339003,0.09912073034501641,0.20051970732231963
YMR048W,417.1834208206675,0.4151791722415757,0.19262219349318957,0.016233718099522253,0.0456728223439326
YMR049C,2728.531240380434,-1.0183531096019762,0.09575810809050224,4.334297712063557e-27,1.3040486534713673e-25
YMR050C,3285.6840064831003,0.16688270990286058,0.09137113538678748,0.061793932425923355,0.13745711788595624
YMR051C,0,NA,NA,NA,NA
YMR052W,123.94178561700798,0.20525833208707683,0.28700741641435307,0.34568291792053,0.5164662191480531
YMR053C,352.5188662592897,0.8332147281668758,0.21751502342089785,2.4140464129195373e-5,1.3354251122876652e-4
YMR054W,2560.5095922480687,-0.05293526486884673,0.09521928044343701,0.5598858812222824,0.7159157592190691
YMR055C,235.8684282983936,0.005153108006393069,0.21904231545393338,0.9798368167101073,0.9907281922752191
YMR056C,232.56641705867145,0.9014934542247682,0.2686758537337381,1.1996609191483728e-4,5.817763519916081e-4
YMR058W,4650.921353412492,-2.304157081838531,0.3890178569554839,1.2528365972139606e-10,1.3481710609070667e-9
YMR059W,100.14767396187209,0.04382186490664647,0.2848311126654346,0.836919774239122,0.9146248904166238
YMR060C,613.0328943519563,0.19981301601019516,0.15731656710833655,0.17095677078262908,0.30754486800035497
YMR061W,1625.4963191254922,-0.34970958228447546,0.11188790453579663,0.0011419462670330554,0.004459640487876774
YMR062C,3770.901222646377,-0.10987869357148722,0.08582294272498854,0.2015517056114173,0.347916286870828
YMR063W,165.07871874704475,-0.15831059148062165,0.25522334098178034,0.4387049107599405,0.603743957701603
YMR064W,1000.5704004250156,-0.18808050562717743,0.12957150117087385,0.12724610298354636,0.2455400095857241
YMR065W,358.13203973766105,-0.13357997239331157,0.19373066220339968,0.4343374942250275,0.6001143869365012
YMR066W,531.7263179777112,-0.06541369084367313,0.1621390757706697,0.6615853507889267,0.7955482898862767
YMR067C,872.9346773613391,0.03689602105459668,0.13472394229409812,0.7734436670487971,0.8730852420725032
YMR068W,320.49325705315243,0.1710168822188829,0.20255619144036519,0.33689732836425673,0.5071951864600516
YMR069W,79.09448299832755,-0.8855587356609566,0.4697505206853262,0.006764526321082965,0.021388960705322382
YMR070W,1210.8433014649956,-0.38355594398749204,0.12618597121284528,0.0014112387842844171,0.0053725468760007795
YMR071C,1033.6345578243372,0.18187800811677998,0.1277857558885377,0.1310773810808412,0.2505553699298932
YMR072W,2326.1957087321457,0.21199723985025315,0.10253586029971495,0.03367188285666361,0.08420826683873846
YMR073C,427.23976630035776,0.1411387999619788,0.18118722451742172,0.373520992830133,0.5434624462667886
YMR074C,1651.0853837752113,0.11819070389605565,0.10780783253259664,0.2571340314999754,0.41806434622425
YMR075C-A,18.876962900027078,0.08809843818556413,0.39298197367114895,0.5991691199695718,0.748105081613501
YMR075W,795.1510282282453,-0.10851671567464775,0.14111483119607562,0.412489898743652,0.5810813173659304
YMR076C,1577.5726659014936,-0.10154755094753273,0.11588121351227625,0.35661545810869105,0.5262655108487705
YMR077C,308.0910259640842,0.0836619253315044,0.20166518879097817,0.6384264675123672,0.7785472032954789
YMR078C,1151.034533430451,-0.22494131809226323,0.12790191936843534,0.06398610826834081,0.14142656688845792
YMR079W,1675.2636916506717,-0.42741474005062885,0.11166726955469297,6.836683030768448e-5,3.4725167814333795e-4
YMR080C,2987.1848938724893,-0.6115682174371967,0.09990557463235127,3.2642269489684304e-10,3.371128952375978e-9
YMR081C,141.08374296210326,0.5183418929213749,0.3278425843999674,0.03563425487538349,0.08855254993684637
YMR082C,1.0029977911941308,-0.011742867209698976,0.42347380805495216,0.7646836165699653,NA
YMR083W,7600.739860689034,0.03532072443082905,0.07539361418982321,0.6259100298818636,0.7694374497005108
YMR084W,64.19503925756372,0.05988968268959877,0.31912024012988316,0.7800422136805457,0.8772624537574922
YMR085W,179.65620371244202,0.4327408873336657,0.2771695478630619,0.051523230355537276,0.11929033741916109
YMR086W,2207.560043612549,0.34552160657197323,0.09981621356654481,3.7895411648962933e-4,0.0016407433369598707
YMR087W,407.129550940835,0.3054429857103697,0.19039796352212018,0.07342933465763624,0.15838068269059288
YMR088C,1465.3031697068434,-0.22537069042821484,0.11309656912602767,0.03906141615442268,0.09546007918053483
YMR089C,2764.2470870812713,0.14023978211494834,0.09454357843749477,0.12836443528684832,0.2469592218919687
YMR090W,975.0189612511148,2.0526591679422865,0.14925143007243485,3.2526414309584196e-44,1.759708854895578e-42
YMR091C,1461.9173437413326,-0.06508730980280802,0.11320735936927764,0.5507024162427888,0.7077730026206055
YMR092C,3504.566378259762,0.39579464891569216,0.08764167439013215,4.260430039623798e-6,2.617057910798077e-5
YMR093W,1275.5376251108462,-0.7842829071509043,0.12431334103380762,5.811484626168097e-11,6.515270882226857e-10
YMR094W,511.6175512579553,-0.14244128398955214,0.16840708678904137,0.3583559406173452,0.5281278844150766
YMR095C,177.81693417165096,0.21996256452430024,0.26195063174483224,0.29249157583747715,0.45885150910178313
YMR096W,621.2744317004359,0.8362401014068486,0.4615591314642657,0.008162961517417557,0.025136806301938035
YMR097C,579.4891117254249,0.4769867925836577,0.16708549237438675,0.001967455192769347,0.007210741623219912
YMR098C,810.7052376246415,0.10431194293323509,0.1405850044730732,0.4378550740867023,0.6029965838134712
YMR099C,3231.9597426931236,0.3394452304684515,0.09004933574460838,1.1907295655463574e-4,5.779203496318412e-4
YMR100W,839.0385597652028,-0.13815965888305243,0.13729133290339593,0.28610519123031614,0.45244363440203117
YMR101C,25.364291974801912,0.08120349624903583,0.3770795357175467,0.6645491838226416,0.7969994990852385
YMR102C,1096.839050735112,-0.22279955320903813,0.12644788067295554,0.06394204493803265,0.14138216685398522
YMR103C,91.64569272181348,0.39427366003221315,0.3600976837071218,0.11027157700484191,0.21784507961079164
YMR104C,545.2481516847436,0.47238169118720025,0.17268608980569233,0.0028419348045074606,0.010035263198910476
YMR105C,4894.251423404647,2.955634314327336,0.08804700860061623,2.714890601103539e-248,1.143550705336255e-245
YMR105W-A,5.877473941626297,-0.03525730509355986,0.4115124422212915,0.7341865165198631,0.8457702457350328
YMR106C,337.8453717505751,0.05470584082630574,0.19313058633101535,0.7518121983871658,0.8585276014502551
YMR106W-A,51.827705047855694,0.8450397753651049,0.5978367394965118,0.015741908769716983,0.04437382218691255
YMR107W,26.973937206159817,2.0913323359120586,0.9277763630693278,9.577392162149923e-4,0.0038109231835491294
YMR108W,6706.926496323245,-0.35446485889556184,0.07594543899729418,2.2970376322390915e-6,1.4596585040208968e-5
YMR109W,3344.8387131131767,-0.2209888108912495,0.09300108449270296,0.01443284020655019,0.04103223371517154
YMR110C,1769.8056657149036,0.8723485719575278,0.11132182460034304,9.74479552542662e-16,1.5242721276774744e-14
YMR111C,378.4162721660332,0.3231404375083519,0.19498380008755872,0.06239409514188726,0.13863525962762213
YMR112C,240.92506776391147,-0.04145349203091509,0.21634280283254637,0.8220990187787446,0.9048595120374483
YMR113W,587.4082515997836,-0.1960721448838516,0.158614429811146,0.17295070748864758,0.3104688956044307
YMR114C,359.4043113704058,0.5056214753535389,0.20748384897625044,0.0059442989350533375,0.019061191310500016
YMR115W,813.0278022256228,0.32794776878619264,0.1448096950306827,0.015673309601926647,0.044201581407250806
YMR116C,47715.01898895204,-0.18367506827048158,0.06641358108522741,0.0048264237166326844,0.01592692817962112
YMR117C,195.93150179211847,-0.08666239994700452,0.23638998717375462,0.6569270220080814,0.7915608191217115
YMR118C,159.9498267380655,0.23505613468406825,0.27364098898108064,0.27135671619347035,0.43512692919513535
YMR119W,1460.1166660477465,0.2113176416812419,0.1134760529430549,0.05241753206229069,0.12093923769338473
YMR120C,3899.803315227184,0.8464392941948458,0.08692847262462916,4.17052537017555e-23,1.0079339388493942e-21
YMR121C,713.62100755347,0.43298073387971947,0.15635616587733442,0.0028270710278723494,0.009988758448989362
YMR122C,33.8789235914745,-0.045407594110753485,0.35899507336407427,0.811573576245894,0.8973638126665457
YMR122W-A,2261.9179081806024,0.7921579687872492,0.11693934572981875,2.6430619880733086e-12,3.247111779930896e-11
YMR123W,570.1792567200428,-0.1754142772506499,0.15980443763629293,0.23466346031550267,0.3910173951007056
YMR124W,1357.9487112752156,0.04825273025712541,0.11649083220066693,0.6584764145162723,0.7928538188113654
YMR125W,3092.7643987650054,-0.2509536952517565,0.08993269016171386,0.0046623934480597975,0.015454825274428681
YMR126C,334.29917016302113,-0.02143453448182137,0.1921028196277227,0.8988736938665242,0.9499387406327764
YMR127C,330.3817054618146,-0.3514062782817331,0.20912336678691731,0.054669218120185,0.12505212538973273
YMR128W,2314.6534291642265,-1.1209688631689143,0.10295049859762033,2.2639585219243794e-28,7.2557409803196e-27
YMR129W,2225.4532034997087,-0.36969261309058865,0.09961578775376427,1.1880303646088078e-4,5.770852603046243e-4
YMR130W,683.6476155525654,-0.026729348023704146,0.1503989794430776,0.8458426644001444,0.9206227744495482
YMR131C,3986.8675287098945,-0.7795519022294193,0.08817200896795845,2.180153424512298e-19,4.343366467685481e-18
YMR132C,157.52479503694414,0.036647783847529786,0.2493863956394437,0.8589027660442342,0.9283172817194086
YMR133W,338.0698173554944,0.5748855190714314,0.21538227978555113,0.002522834114576984,0.009021223086300734
YMR134W,323.31386377666564,-0.16674929523714607,0.199057699069854,0.34138677417154506,0.5119933385782302
YMR135C,1237.0666952530812,0.5565648747587839,0.12461815562258863,3.0881356869816695e-6,1.9291034053104773e-5
YMR136W,1010.9410668168002,0.5086006752251532,0.13329387842684812,5.7449748291494935e-5,2.963964704067766e-4
YMR137C,422.0603077912555,0.03537876122386725,0.18082076621602886,0.8294482014534132,0.9096626453358337
YMR138W,213.64200254870275,-0.09701501200917578,0.22735955170221162,0.61192230180999585,0.7580894566751146
YMR139W,964.9695052191005,0.6122865445397258,0.13881433990084924,3.4256288367558607e-6,2.1219467699946756e-5
YMR140W,715.78408393116365,0.2407179723945265,0.15246633002170712,0.09025644439154556,0.18642460685707327
YMR141C,48.44938905133623,-0.08818077976198989,0.3422636986454075,0.6688348918540861,0.800525780714933
YMR142C,21865.626043181164,-0.28035308578657026,0.06943574028516954,7.176872351491407e-5,3.629675493717395e-4
YMR143W,11836.791174969283,-0.19198458630017276,0.07393300768250718,0.008156496186483063,0.025130019859817464
YMR144W,508.85290954150497,0.0826690481254911,0.17025260703581147,0.5966347170256074,0.7461202459285466
YMR145C,3864.9688962848595,-0.16816223964509258,0.08448068045470905,0.04205797388923478,0.10110716348341521
YMR146C,5459.256743628526,-0.5418663900575011,0.07972590765784558,7.378159842387871e-12,8.75432768421756e-11
YMR147W,822.8547552502733,-0.0351085886562565,0.14554920595761575,0.7959334899060344,0.8877661793031747
YMR148W,98.14874976311317,0.9445881354527589,0.415962249980003,0.002763724744814603,0.00977665556099083
YMR149W,2849.7247399670714,-0.01433048405251451,0.09260180370474987,0.876849185832451,0.9356541642657569
YMR150C,585.5169183769223,0.4247090059491774,0.1652136854122469,0.005262444953001722,0.017173568283260186
YMR152W,1383.7820014547672,0.7022034505925903,0.12006709912147624,1.363440357288096e-9,1.3289599647814715e-8
YMR153W,1080.6086442445328,0.00992521023519756,0.12682384829505491,0.9380003499747994,0.970340612786041
YMR154C,257.54877589397387,0.029927707958813127,0.21135840182703125,0.871939177642114,0.932571715507501
YMR155W,636.1581150620481,0.31479475052619454,0.16528311785525185,0.03798601771932741,0.09337371675317788
YMR156C,213.8853933505227,0.4325402043283325,0.26007616901779634,0.042794399140756174,0.10250145074453257
YMR157C,384.6558060775844,0.04160613575477886,0.18297187258533748,0.8032183052920981,0.8921790066504997
YMR158C-A,0.27015761586719667,-0.0119206026345075,0.42423607750536446,0.7407938598217132,NA
YMR158W,308.551267222121,0.1721335591204059,0.20281961800346576,0.3343790747612321,0.5048216599761868
YMR159C,58.18780727991709,0.22194174882196102,0.36079986204789993,0.3248564442414855,0.495329800825328
YMR160W,685.1215860316888,0.5278888680407392,0.15999668132503567,3.740529194168385e-4,0.0016230979144967598
YMR161W,808.013399713218,0.1358199107625374,0.13941817031278447,0.30270950850238815,0.47099682628986356
YMR162C,1475.4991732830294,0.010770861354741826,0.11271226994119408,0.9236288005266958,0.9626285250411533
YMR163C,442.00134147329265,0.09477368867207618,0.17565977062724553,0.5452465289863198,0.7024948178790316
YMR164C,574.2585252037236,0.046732000607005234,0.15984784458271503,0.7374990861638668,0.8482231611542581
YMR165C,841.932686477955,0.5031091460308638,0.14540957250791986,2.3464156208696633e-4,0.0010726211562998764
YMR166C,333.81302050389564,0.30059427166076935,0.20409098678368365,0.09371781575921925,0.19196038886145048
YMR167W,575.4004100276188,0.20580675883577063,0.16758880059463094,0.17956431294842162,0.3185559267156779
YMR168C,531.9773380624403,0.09882811513485663,0.16400640540227532,0.5141743612411364,0.673497602896264
YMR169C,1975.457224246567,3.405298437046706,0.11754499310913877,1.004419385672161e-185,3.290589509615963e-183
YMR170C,580.342671268212,0.886511605615764,0.18278751204176255,2.1068127334255502e-7,1.539513592194606e-6
YMR171C,1655.7377064499126,0.0893617007162691,0.10858926311858898,0.39599989474259345,0.5651021930354148
YMR172W,948.6331434481123,-0.19530842539394536,0.13201176771990863,0.11840681495698822,0.23056210739935107
YMR173W,7593.634026564459,1.032561345742203,0.07584679582590782,3.446014223550871e-43,1.7368500748956826e-41
YMR174C,74.4122541642877,2.0432240386587157,0.4902549951076687,1.9200827445662425e-6,1.2361056708195559e-5
YMR175W,33.55842944406985,3.9530451661698156,0.9479257974045043,2.4413770551757753e-6,1.5463802894061814e-5
YMR175W-A,0.2552620665530189,0.009512848885841568,0.42400983011338866,0.8474059576546062,NA
YMR176W,1069.9190198468661,-0.17801277581357125,0.12878707772226913,0.14531770943116232,0.2718276699271875
YMR177W,560.3897325723449,-0.7363302334204086,0.1724690733023532,4.5970294233231955e-6,2.8062818332646878e-5
YMR178W,1154.127749520665,-0.05496224579204931,0.12431233324357875,0.6424986328123536,0.781359958278913
YMR179W,743.1794824900043,-0.46542747613127117,0.15608496429074772,0.0013348166805431645,0.0051079908923835435
YMR180C,429.99172512013376,0.0628060589040741,0.17695054896306248,0.6974207953506164,0.8204050329508448
YMR181C,295.6822395030645,0.41625455723183546,0.22266464713237888,0.030341346856433287,0.0774893557437796
YMR182C,282.25890200017534,-0.03153704579925426,0.2080294900908129,0.8600854969785526,0.9283172817194086
YMR182W-A,0,NA,NA,NA,NA
YMR183C,2025.2685917532644,-0.17057301512484532,0.10187059428853512,0.08109689102871807,0.1712852315173175
YMR184W,492.7079663453107,0.4693255817419355,0.17911427981542175,0.0039985100717854095,0.013473836510467747
YMR185W,707.3147760552071,-0.5712437064675943,0.15584094555235845,8.799818232589954e-5,4.401401875961235e-4
YMR186W,33586.20339201818,0.6045904946897978,0.06687290233816803,5.735899820679952e-20,1.1744653209218637e-18
YMR187C,241.10689318591812,0.12844917624579608,0.21985007656891437,0.4954648000835475,0.6586630698320757
YMR188C,491.1967791344562,0.236568261437114,0.17154477151618938,0.13102467107294397,0.2505358253298154
YMR189W,4739.777279868798,1.2597924782677596,0.08279527556373945,3.121722646007937e-53,2.165740993353977e-51
YMR190C,1127.1496094790166,0.0657013382951762,0.12788043225798318,0.590728087920716,0.7408864979018884
YMR191W,1103.3741477177311,0.5121248295173377,0.12891427723961427,3.031919445063421e-5,1.6372920299944133e-4
YMR192W,624.6516457454516,0.0020006057637559278,0.16066443639552985,0.9809594633638505,0.9907281922752191
YMR193W,509.97871815272646,0.18245809341206382,0.16890129362461428,0.23882347921966735,0.3962695714570563
YMR194C-B,38.23332774174784,2.411588388685868,0.7522421152899611,6.015842597497361e-5,3.095586718799471e-4
YMR194W,3511.7388857598216,-0.44975571084440336,0.09329003010766437,8.29772710827461e-7,5.656843555779812e-6
YMR195W,776.212482295228,2.313393711053943,0.16596515339979456,2.3291913024168448e-45,1.3081182009859176e-43
YMR196W,2919.289524849701,2.4916984429139464,0.09733750078091635,1.0992022510889155e-145,2.493075259488975e-143
YMR197C,671.8809718499956,0.660181536114499,0.1593489620922565,9.933243379061812e-6,5.7774798173020895e-5
YMR198W,630.0054320938107,0.31265553602149343,0.15774022709828706,0.032330949658710625,0.08130798172336032
YMR199W,1743.017034442431,-0.06553206160232071,0.11690091543061888,0.5599124099573253,0.7159157592190691
YMR200W,1246.3276250042031,0.15268502813755722,0.11903226322252772,0.18062968383703915,0.3199679319876899
YMR201C,367.5254488264474,0.1762152076531522,0.19087667034654038,0.3013885320267305,0.46980919200677496
YMR202W,4013.009895076793,0.20520859612337744,0.0854554522694129,0.014733337839891607,0.04179052103984647
YMR203W,3048.383334735441,-0.09416646470155346,0.08953956326357436,0.2791226974617068,0.4445008228278923
YMR204C,341.6117279998682,0.2642032458511193,0.2018349104159318,0.13705531624011502,0.26004350060101616
YMR205C,10591.702103608559,-0.1355027574800194,0.07002789448607546,0.049296070833371466,0.11521338356429797
YMR206W,71.92535240136826,0.5874255229749801,0.45904466631382435,0.040591193546941635,0.09831394967811552
YMR207C,1075.2986295864523,-0.5044372934730367,0.1302816300979223,4.204809629412101e-5,2.2198533916421807e-4
YMR208W,1522.0635779620798,-0.004394480597534216,0.11310816026694548,0.9662457255795456,0.9830833408803623
YMR209C,929.460749313101,-0.6065158012512194,0.138244359178795,3.2112358559847995e-6,1.997537747124722e-5
YMR210W,894.3684842585851,0.004020029853801774,0.13412416700071314,0.9761848507499935,0.9886407225932659
YMR211W,506.83353359620617,0.5013159590676572,0.17754567984862604,0.001974643020149732,0.007228100490268759
YMR212C,2073.4323552358246,-0.1973237247574398,0.10375888634686181,0.05152051546217175,0.11929033741916109
YMR213W,569.3804324067678,-0.038509912998280424,0.1592795716894957,0.7919512125485894,0.8846630612614191
YMR214W,1671.231640175651,0.03430557035096474,0.10735057328250272,0.7414133786962764,0.8511027241915402
YMR215W,3551.2223402071827,-0.5074814716456982,0.08840995150827231,4.3183932426340425e-9,3.9604300080580016e-8
YMR216C,1544.8844734270021,-0.36845098943502863,0.11279417338014276,6.562902796393085e-4,0.0027026143708331024
YMR217W,10347.008620023264,-0.7687577586388782,0.07498223934731567,2.6197028994729565e-25,7.152031480644456e-24
YMR218C,965.630773802051,-0.10377981073724718,0.13199010102763187,0.40652792289233525,0.5751667853397555
YMR219W,1789.3366769817626,0.08228591810796843,0.10937729825866853,0.43813042573160804,0.6030940990988078
YMR220W,2480.7838449923593,0.06587060636219005,0.09498044353318326,0.48386788031375105,0.6489353855379099
YMR221C,1805.7690735273197,-0.02288189198346215,0.10488263223971216,0.8209512706610705,0.9041917531243933
YMR222C,412.33051095232685,0.15111038162704424,0.18069801551285744,0.3548221137474724,0.5244075199921917
YMR223W,567.2616632473238,-0.23679726765522646,0.16411935632134306,0.11218117376861352,0.22062380821601815
YMR224C,436.1817152498385,0.06394881086267942,0.17454284495740532,0.6824946176228057,0.8109350715538355
YMR225C,254.54872458584492,0.07490714235288945,0.21325834841262348,0.6860754118837809,0.8127333675931409
YMR226C,5890.407907099473,0.5310458549738898,0.08391922436196667,7.410714492277834e-11,8.199058791925401e-10
YMR227C,881.9233975358788,-0.14427201143641447,0.1369340102530068,0.26357094983382684,0.4252443274679996
YMR228W,342.40082785669,0.11181528263117363,0.19317302459313815,0.5161385682031112,0.6754702922089985
YMR229C,4744.082562749901,-1.1199292231569675,0.08264934225158997,1.0485568942076936e-42,5.11019835135766e-41
YMR230W,4686.76283074731,-0.3346392084847154,0.08626404152981108,7.094736904213325e-5,3.591215753145577e-4
YMR230W-A,2.4254767258478878,-0.02204639684894182,0.42043769724495134,0.7136301219800703,0.831104921485679
YMR231W,964.3385040051273,0.1129221671604137,0.13409787778511326,0.37460057329204893,0.5442089292643609
YMR232W,240.0567023088968,0.0405211006269252,0.2222744257412445,0.8319565689422257,0.910550832786248
YMR233W,311.4396283846786,-0.08906438333579714,0.1989048315334325,0.6107792107227163,0.7573097152295749
YMR234W,536.4531503697522,-0.27260737832213056,0.16659809373157844,0.07408036366064663,0.159144591805768
YMR235C,4641.689559566804,-0.12627560986558176,0.08278171260070467,0.11839995752583561,0.23056210739935107
YMR236W,991.2581550051084,0.16757607297131466,0.13036818579930387,0.1763362225939012,0.31450720582599967
YMR237W,2695.6283216374654,0.062494274413108675,0.09429373165146343,0.4997171694433765,0.662438890824272
YMR238W,1776.3423994916407,0.17568229827323514,0.10737035631695888,0.0920091876435166,0.1894476883847128
YMR239C,685.8088984314394,-0.9071631920796248,0.16152209813275167,4.444834101955741e-9,4.070060046464752e-8
YMR240C,618.873474792009,-0.04050485196595029,0.15386426490442032,0.776172912606558,0.8745509144780167
YMR241W,4278.6293813860675,-0.32314381238081136,0.08335476067548102,8.116842238374557e-5,4.080564252318394e-4
YMR242C,15876.54655320768,-0.34004573385934445,0.07176999372224784,1.2889878639737374e-6,8.56951683636204e-6
YMR242W-A,0,NA,NA,NA,NA
YMR243C,5140.834317410701,-0.5457228558771912,0.08079517891739925,5.9624893748779275e-12,7.14650403326324e-11
YMR244C-A,248.92543785398263,0.17310083124830228,0.21980586312951964,0.3592943931041055,0.5287644212964587
YMR244W,30.764443154462086,-0.18087712494013045,0.39610847935210036,0.36875903577542535,0.5385270019731756
YMR246W,6478.263455545686,-0.7384791952895448,0.08237506807926692,8.062474470288745e-20,1.6338285893915026e-18
YMR247C,1656.420976525007,-0.2510997258240123,0.10924421247550317,0.01778902573168707,0.04917832594585782
YMR247W-A,0.5403152317343933,-0.012847185408522767,0.4243465395154868,0.653170528847522,NA
YMR250W,3997.349458282981,2.5717332232507917,0.08973905792454065,8.403833721615475e-182,2.6082846029666555e-179
YMR251W,339.96706212362864,3.8246855687078085,0.26729660526206267,1.341101292542484e-47,7.988357901134372e-46
YMR251W-A,713.7767120497242,1.8329445314523203,0.17057411124932517,3.8960477663996844e-28,1.2220741318329222e-26
YMR252C,182.0573430889123,0.024127986260064307,0.23879360747370984,0.9044927043203843,0.9536551899476678
YMR253C,452.3081195351094,0.019890976597198164,0.1720653413458524,0.8999430902240325,0.9508984775221502
YMR254C,13.426878410901994,0.0031816558562201835,0.3969265935631261,0.9836719629932861,0.9907281922752191
YMR255W,677.7676374780383,0.28454062437807204,0.15274151082237944,0.045349369004858246,0.10735657527966644
YMR256C,76.29066529609011,0.12157261970867982,0.31377300981313544,0.5762171068945724,0.7298623525547459
YMR257C,426.23939948850534,0.04372704072904343,0.17607688900352575,0.7863140430712307,0.8818740798765781
YMR258C,853.4064104240081,0.6008881018220105,0.14373191647289907,9.934482846776867e-6,5.7774798173020895e-5
YMR259C,1185.375528603429,-0.6929293996783893,0.1260783903691591,1.0043383028993912e-8,8.80027187547951e-8
YMR260C,6248.785242930373,-0.3506898936813084,0.07672384559481424,3.1732368347445563e-6,1.975984964571135e-5
YMR261C,3097.9526334880416,0.699763824470823,0.0917757563527911,6.5830743006959835e-15,9.729420839900805e-14
YMR262W,596.6437894541787,0.597436305554418,0.16906138366120982,1.3499599602991233e-4,6.487949377248517e-4
YMR263W,516.4363923428552,0.03687679636591,0.1655625417469871,0.8100813900823234,0.8967608898647463
YMR264W,1236.5758895953281,0.1981755319822547,0.11990577845169713,0.08414753236238894,0.17627637596483395
YMR265C,514.1103743358136,0.2943434418837197,0.17122987813783955,0.05954484880520628,0.1336133840960051
YMR266W,2347.9039010624765,-0.43137816390331646,0.09921606484866462,6.770897058240774e-6,4.004812432542211e-5
YMR267W,679.2381952154382,0.22453313570582606,0.15073728998422214,0.11044562512194227,0.21797116845518524
YMR268C,225.11748236504562,-0.46331210814044,0.2531764247245354,0.027768078914245636,0.07191408052582632
YMR269W,479.46690938165534,-0.725896198782289,0.19326078910332437,4.354011283068732e-5,2.2924646907371708e-4
YMR270C,811.2860675353571,-0.1970274720804524,0.1428896812460092,0.14144735622625865,0.26598056749561455
YMR271C,205.08599547846262,0.4197877592146336,0.25978496307584537,0.04906378774961085,0.1148131572854981
YMR272C,3342.7096943844936,-0.5353438701614947,0.0891100045996578,8.182604957146507e-10,8.178444310558127e-9
YMR272W-B,0,NA,NA,NA,NA
YMR273C,1396.0953600811897,-0.10076122519332295,0.12195254562432208,0.38774725573740587,0.5577630874020512
YMR274C,301.4386109325293,-0.2227522589184751,0.2089601516254788,0.2199270711094514,0.3719271403304946
YMR275C,1455.1672874579888,0.22048452942026658,0.11917052360458158,0.0531448702351525,0.12237223732006806
YMR276W,2826.372613819516,0.49262436777674534,0.09411085429730726,8.176677422406623e-8,6.221660227087982e-7
YMR277W,2089.0793307340136,-0.37074803827376623,0.1026688140543122,2.1510928588666967e-4,9.93343350723329e-4
YMR278W,988.9383815317237,0.391319892459123,0.13309808330507392,0.0018646128914726018,0.0068508549663638205
YMR279C,499.4309406606428,0.3842595411585187,0.17608904826135277,0.01649053874113377,0.046109391634170625
YMR280C,385.0435507723603,0.23330251002645555,0.18944118037220042,0.16650868165036828,0.301012169126984
YMR281W,412.2523202165444,0.022171703450013975,0.18130362392124214,0.8940247801998448,0.9468505978517393
YMR282C,820.22119397453,-0.034907104648286474,0.13766026502965528,0.7842472973144002,0.8800582896789758
YMR283C,460.92700727666215,-0.3894021873142799,0.1831355278472927,0.018274347325235564,0.0502864331203519
YMR284W,611.2064896096807,0.5772077560548515,0.16493079572522468,1.7369900008827707e-4,8.157364673359594e-4
YMR285C,1048.2951438119621,-0.33717096429895677,0.13398915574626707,0.007714649073610996,0.02395644317381993
YMR286W,159.01852466715053,-0.12283302394151854,0.25318670870541815,0.5454855079172034,0.7026197896939798
YMR287C,580.6047670701187,-0.08123326180376249,0.15822109858468067,0.5692429030000359,0.7239218026722475
YMR288W,713.2346941169551,-0.09763064944224567,0.1453757242777804,0.4749967216426054,0.6407799848477453
YMR289W,899.684042031191,0.19687875659328724,0.13741285209053758,0.12920639475901846,0.2478627553330943
YMR290C,2791.235898604249,-1.1538969116032167,0.0961190833394064,3.7726611037757495e-34,1.5237933239017532e-32
YMR291W,1040.4151771536237,1.2705947437941134,0.13526741538813328,6.634364581469655e-22,1.498959691069983e-20
YMR292W,872.0472110410669,-0.21469096116065514,0.13723507675033564,0.09865960675302934,0.19979247974677677
YMR293C,357.4533750234725,0.17863766488806224,0.19285472804144874,0.29854993379073,0.46674150571684386
YMR294W,427.87433832001034,-0.01993371109932852,0.17538943279115388,0.9088486146487328,0.9553440785353972
YMR295C,2085.8969292080624,0.0421755253291735,0.10004513517003767,0.6625899059606373,0.7964314462800404
YMR296C,3503.3387376929595,-0.2712620680513788,0.08705158516370058,0.001360428317711719,0.005192521546631719
YMR297W,14139.014451495208,0.58049688395519,0.07807834589944974,3.771361433449616e-14,5.397989896371939e-13
YMR298W,1103.87780906712,-0.1573988657089936,0.12476195934919997,0.18553952067179966,0.32650747639558414
YMR299C,473.39210309405263,-0.00270231225488996,0.172163960433182,0.9825879085729322,0.9907281922752191
YMR300C,1538.5185074725011,-0.12978000857960145,0.11959158069995998,0.2565245863009081,0.41769433791718774
YMR301C,1335.133992432503,-0.3742919394297652,0.11958257646441577,0.0010648188527047375,0.004183368936975241
YMR302C,2216.040102027302,0.4299169298724875,0.10173563178415228,1.3035599425962034e-5,7.45595827496587e-5
YMR303C,303.22731033169737,-0.16644639706148587,0.20430806805046323,0.3513650110616625,0.5215201284245216
YMR304W,1615.205458124856,0.608317576511915,0.11236715987752283,2.1225592408496055e-8,1.7729081931005842e-7
YMR305C,8425.017407649639,-0.2504855296319502,0.07376418883763297,5.289456083378141e-4,0.002224816157181234
YMR306W,300.3223476906485,-0.023466854001977212,0.2034632742507632,0.8935822463431659,0.9468505978517393
YMR307W,25469.793411005674,-0.3099382127479337,0.06814934592697612,3.7968961449627885e-6,2.3396339150308844e-5
YMR308C,5256.042843766832,-0.4523722102428328,0.07969919172938357,7.048242291664211e-9,6.297497696052099e-8
YMR309C,3579.4914911743263,-0.9637158528534426,0.09289316298170064,4.6767491181320584e-26,1.3195593085944854e-24
YMR310C,523.8975809419885,-0.6666227302298173,0.17776562086051637,4.901091373141618e-5,2.5554143083480216e-4
YMR311C,1707.9929595126816,0.32303526288488565,0.10851293823231534,0.0020319380055232096,0.007414813377828197
YMR312W,625.5188839445955,-0.3050566993735099,0.15945129040037948,0.03620508832027895,0.08974149109527932
YMR313C,1161.9605685598067,-0.0943470499293093,0.12169531468467704,0.4170501665439019,0.5858372634848474
YMR314W,2974.2483087324395,0.21558321832842575,0.09091599106786447,0.016263411548910645,0.04573454358794758
YMR315W,3894.0684506978814,1.0973463850524727,0.0950394592422789,9.757427370430315e-32,3.596221825214223e-30
YMR315W-A,0,NA,NA,NA,NA
YMR316C-A,15.457400663826784,0.017066907224419166,0.38872281615476295,0.9156886525719385,0.9590539667700854
YMR316W,216.66627206214102,-0.08349430598124585,0.22566492386067824,0.660591663175049,0.7946774862797357
YMR317W,603.353249593989,0.1519399485369372,0.15771444107654242,0.3058912574348516,0.47469493291929477
YMR318C,4851.751020058371,-0.13771362529848177,0.08205488091438376,0.08818370659203739,0.18297653686602552
YMR319C,1000.9024016028558,-1.6994632124592808,0.14916725599435468,3.196226790006088e-31,1.1423120836767214e-29
YMR320W,22.611962996683822,-0.15512193811391975,0.4051524841839305,0.3964240612052222,0.5651988222169471
YMR321C,10.893323859093735,0.02018319610644093,0.40067630284724,0.8792406598837087,0.9368668991075016
YMR322C,0.8955740202911194,0.029048107772076403,0.42510400249710917,0.4623445170965977,NA
YMR323W,2.013464082803135,0.04205309770558705,0.4234563639755517,0.4836575053798822,0.6488564099290219
YMR325W,0,NA,NA,NA,NA
YNCA0001W,84.01991454773264,-0.1940829616453785,0.3191094121589367,0.38093248091408843,0.550798465852646
YNCA0002W,0,NA,NA,NA,NA
YNCA0003W,0.27015761586719667,-0.0119206026345075,0.42423607750536446,0.7407938598217132,NA
YNCA0004W,0,NA,NA,NA,NA
YNCA0005W,0,NA,NA,NA,NA
YNCA0006C,0,NA,NA,NA,NA
YNCB0001W,0,NA,NA,NA,NA
YNCB0002W,0,NA,NA,NA,NA
YNCB0003W,0,NA,NA,NA,NA
YNCB0004W,0,NA,NA,NA,NA
YNCB0005C,0,NA,NA,NA,NA
YNCB0006W,0,NA,NA,NA,NA
YNCB0007W,0,NA,NA,NA,NA
YNCB0008W,257.51508770107483,0.015461160866435357,0.21401524936255092,0.935043359813667,0.9687193768132808
YNCB0009C,0.5482649922915511,-0.0022307658006990843,0.42323752627667943,0.9449313686623552,NA
YNCB0010W,1202.762815881674,-0.9466245167695148,0.2834623706706184,1.0811632391594769e-4,5.277830812353836e-4
YNCB0011C,0,NA,NA,NA,NA
YNCB0012W,0,NA,NA,NA,NA
YNCB0013W,0,NA,NA,NA,NA
YNCB0014W,3882.985624395705,-0.6766390151280179,0.08766294011218782,3.521300730772608e-15,5.324387284452838e-14
YNCB0015W,0,NA,NA,NA,NA
YNCB0016W,0,NA,NA,NA,NA
YNCB0017C,0,NA,NA,NA,NA
YNCB0018W,0,NA,NA,NA,NA
YNCB0019C,95.28114775890744,-1.212699754860961,0.42305238228335823,3.589398350965858e-4,0.0015666682533416662
YNCC0001C,0,NA,NA,NA,NA
YNCC0002W,0,NA,NA,NA,NA
YNCC0003C,8.510371160380902,-0.035629278994012,0.4045569060676725,0.7756543115673424,0.8742418721927788
YNCC0004C,0,NA,NA,NA,NA
YNCC0005W,0,NA,NA,NA,NA
YNCC0006C,44.88163771355596,-0.12664920022803963,0.35410750244862443,0.5421819378380118,0.7000759552070847
YNCC0007C,0,NA,NA,NA,NA
YNCC0008W,0,NA,NA,NA,NA
YNCC0009C,0,NA,NA,NA,NA
YNCC0010C,0,NA,NA,NA,NA
YNCC0011W,0,NA,NA,NA,NA
YNCC0012C,1.596953403228353,-0.023810023469525987,0.4211238698331785,0.6837957653703131,NA
YNCC0013W,0,NA,NA,NA,NA
YNCC0014W,0,NA,NA,NA,NA
YNCC0015W,0.7806817489732345,6.955319068028149e-4,0.42375994813049733,0.9615299970472346,NA
YNCD0001W,0,NA,NA,NA,NA
YNCD0002C,38.6844651040431,-0.42009264868214935,0.5084721239738708,0.0974274459301244,0.1977726845610821
YNCD0003W,0,NA,NA,NA,NA
YNCD0004W,0,NA,NA,NA,NA
YNCD0005C,0,NA,NA,NA,NA
YNCD0006W,0,NA,NA,NA,NA
YNCD0007C,0,NA,NA,NA,NA
YNCD0008W,0,NA,NA,NA,NA
YNCD0009W,0,NA,NA,NA,NA
YNCD0010C,0,NA,NA,NA,NA
YNCD0011W,0,NA,NA,NA,NA
YNCD0012W,0,NA,NA,NA,NA
YNCD0013C,0,NA,NA,NA,NA
YNCD0014C,0,NA,NA,NA,NA
YNCD0015C,0,NA,NA,NA,NA
YNCD0016C,0,NA,NA,NA,NA
YNCD0017W,0,NA,NA,NA,NA
YNCD0018W,0,NA,NA,NA,NA
YNCD0019C,0,NA,NA,NA,NA
YNCD0020W,0,NA,NA,NA,NA
YNCD0021C,0,NA,NA,NA,NA
YNCD0022C,0,NA,NA,NA,NA
YNCD0023C,0,NA,NA,NA,NA
YNCD0024C,0,NA,NA,NA,NA
YNCD0025W,0,NA,NA,NA,NA
YNCD0026W,0,NA,NA,NA,NA
YNCD0027C,0,NA,NA,NA,NA
YNCD0028W,0,NA,NA,NA,NA
YNCD0029C,0,NA,NA,NA,NA
YNCD0030W,0.2930029257385322,-0.012786509536195124,0.4241748712917326,0.744154738948589,NA
YNCD0031C,0,NA,NA,NA,NA
YNCD0032C,71.64416063309058,-0.29991431086225284,0.3636277400375124,0.2042548424404914,0.35050322277946827
YNCD0033W,170.50370197588165,0.008681469832366171,0.24329222860137703,0.9670685231664693,0.9835810764250896
YNCD0034C,77.85553974177013,-0.09323315902106562,0.3252029776155043,0.6523924570567194,0.7884590955686315
YNCE0001C,2.2442111457234732,-0.04785138628931716,0.4240834184849912,0.41848563939357397,0.5872941017381974
YNCE0002W,0,NA,NA,NA,NA
YNCE0003W,0,NA,NA,NA,NA
YNCE0004C,0,NA,NA,NA,NA
YNCE0005W,0.27015761586719667,-0.0119206026345075,0.42423607750536446,0.7407938598217132,NA
YNCE0006W,0.2930029257385322,-0.012786509536195124,0.4241748712917326,0.744154738948589,NA
YNCE0007C,28.98186914488264,-0.4285670105281473,0.5698711908981281,0.08074527143119076,0.1706648263905849
YNCE0008C,0,NA,NA,NA,NA
YNCE0009C,0,NA,NA,NA,NA
YNCE0010W,0,NA,NA,NA,NA
YNCE0011C,0.9104695696052971,0.018194246284376124,0.4229545683160674,0.7258669197931812,NA
YNCE0012W,0,NA,NA,NA,NA
YNCE0013W,0,NA,NA,NA,NA
YNCE0014W,0,NA,NA,NA,NA
YNCE0015C,0,NA,NA,NA,NA
YNCE0016C,0,NA,NA,NA,NA
YNCE0017W,365.2517586492763,0.4471337991697061,0.41021381367115506,0.08331868274929594,0.1748174055023229
YNCE0018W,0,NA,NA,NA,NA
YNCE0019W,34.47797083668548,-0.21779194862712925,0.4037623244086787,0.30125019760536276,0.46971771953432684
YNCE0020C,0,NA,NA,NA,NA
YNCE0021C,0,NA,NA,NA,NA
YNCE0022C,0,NA,NA,NA,NA
YNCE0023W,0,NA,NA,NA,NA
YNCE0024W,264.89163163223856,-1.1445168619175126,0.2493141676444201,5.074805488036341e-7,3.541553605082876e-6
YNCE0025C,0,NA,NA,NA,NA
YNCE0026W,0,NA,NA,NA,NA
YNCE0027C,0,NA,NA,NA,NA
YNCE0028C,0.3850498871850816,0.011718819046257592,0.42416125289992757,0.7616120004826039,NA
YNCE0029C,0,NA,NA,NA,NA
YNCF0001C,3.3253643208501136,0.042732942983572116,0.4193066934752993,0.5907492476063557,0.7408864979018884
YNCF0002W,0,NA,NA,NA,NA
YNCF0003C,32.89695840608701,-0.02098216682722537,0.3575922192621734,0.9104976717847106,0.956687030551884
YNCF0004C,0,NA,NA,NA,NA
YNCF0005C,0,NA,NA,NA,NA
YNCF0006W,0,NA,NA,NA,NA
YNCF0007W,0,NA,NA,NA,NA
YNCF0008C,0,NA,NA,NA,NA
YNCF0009C,0,NA,NA,NA,NA
YNCF0010C,0,NA,NA,NA,NA
YNCF0011C,0,NA,NA,NA,NA
YNCF0012C,0,NA,NA,NA,NA
YNCF0013W,0.2552620665530189,0.009512848885841568,0.42400983011338866,0.8474059576546062,NA
YNCF0014C,0,NA,NA,NA,NA
YNCG0001C,0,NA,NA,NA,NA
YNCG0002C,0,NA,NA,NA,NA
YNCG0003C,0,NA,NA,NA,NA
YNCG0004W,0,NA,NA,NA,NA
YNCG0005W,0,NA,NA,NA,NA
YNCG0006C,488.02136457692893,-0.034200270913024154,0.1691756458256523,0.8241774076984509,0.9060727392240429
YNCG0007C,0,NA,NA,NA,NA
YNCG0008W,0,NA,NA,NA,NA
YNCG0009C,0,NA,NA,NA,NA
YNCG0010W,51.03264975894929,-0.66955508671128106,0.5615813895190672,0.031931868870331344,0.08043666413000596
YNCG0011W,0,NA,NA,NA,NA
YNCG0012W,0,NA,NA,NA,NA
YNCG0013W,30.156073253255972,-0.22059476348902682,0.4154862549984582,0.28334142414676905,0.4495196067241046
YNCG0014C,0,NA,NA,NA,NA
YNCG0015C,0,NA,NA,NA,NA
YNCG0016C,0,NA,NA,NA,NA
YNCG0017W,0,NA,NA,NA,NA
YNCG0018C,0,NA,NA,NA,NA
YNCG0019W,0,NA,NA,NA,NA
YNCG0020C,0,NA,NA,NA,NA
YNCG0021W,0,NA,NA,NA,NA
YNCG0022W,0,NA,NA,NA,NA
YNCG0023C,0,NA,NA,NA,NA
YNCG0024W,29.793173169369297,-0.7089179329677132,0.8259683835209432,0.027668928798074643,0.0717518351461065
YNCG0025C,0,NA,NA,NA,NA
YNCG0026W,0,NA,NA,NA,NA
YNCG0027W,0,NA,NA,NA,NA
YNCG0028W,0,NA,NA,NA,NA
YNCG0029C,0,NA,NA,NA,NA
YNCG0030C,0,NA,NA,NA,NA
YNCG0031W,0,NA,NA,NA,NA
YNCG0032W,0,NA,NA,NA,NA
YNCG0033W,0,NA,NA,NA,NA
YNCG0034W,0,NA,NA,NA,NA
YNCG0035W,0,NA,NA,NA,NA
YNCG0036W,0,NA,NA,NA,NA
YNCG0037W,0,NA,NA,NA,NA
YNCG0038C,0,NA,NA,NA,NA
YNCG0039W,0,NA,NA,NA,NA
YNCG0040C,0,NA,NA,NA,NA
YNCG0041W,0,NA,NA,NA,NA
YNCG0042C,0,NA,NA,NA,NA
YNCG0043C,0,NA,NA,NA,NA
YNCG0044C,15.963111844371557,-0.18209742758959355,0.4444683443240122,0.21023030147203592,0.35861385240977606
YNCG0045C,0,NA,NA,NA,NA
YNCG0046W,0,NA,NA,NA,NA
YNCG0047C,23.731522752957183,-0.07723666819813481,0.3802283803883672,0.6640003274719888,0.7967893665568024
YNCG0048W,9.41389494122918,0.016685036440721942,0.4012609886568416,0.9017716732325459,0.951807330777219
YNCG0049W,95.72633304189564,0.15776666834728256,0.30323557593500283,0.4703649210034167,0.6353736664360125
YNCH0001W,0,NA,NA,NA,NA
YNCH0002C,0,NA,NA,NA,NA
YNCH0003C,0,NA,NA,NA,NA
YNCH0004C,0,NA,NA,NA,NA
YNCH0005W,0,NA,NA,NA,NA
YNCH0006C,0,NA,NA,NA,NA
YNCH0007W,2912.509967328773,-0.4108980861871619,0.0934231240249238,6.018277556190127e-6,3.598596223978045e-5
YNCH0008W,2979.6844504851906,-0.4674969867919634,0.09171018136224036,1.7640623734135971e-7,1.3052290860752801e-6
YNCH0009C,0,NA,NA,NA,NA
YNCH0010C,0,NA,NA,NA,NA
YNCH0011W,85.25279914262717,0.6744865000175766,0.4319105785826917,0.021454333200500456,0.05773139218071616
YNCH0012W,6.212335172538678,-0.11301569688687081,0.4313886363568223,0.29500042550441347,0.462049803240246
YNCH0013C,0,NA,NA,NA,NA
YNCH0014W,0,NA,NA,NA,NA
YNCH0015W,0,NA,NA,NA,NA
YNCH0016C,0,NA,NA,NA,NA
YNCI0001W,0.5482649922915511,-0.0022307658006990843,0.42323752627667943,0.9449313686623552,NA
YNCI0002W,0,NA,NA,NA,NA
YNCI0003C,0,NA,NA,NA,NA
YNCI0004W,0,NA,NA,NA,NA
YNCI0005W,0,NA,NA,NA,NA
YNCI0006W,0,NA,NA,NA,NA
YNCI0007C,0,NA,NA,NA,NA
YNCI0008C,0,NA,NA,NA,NA
YNCI0009W,0,NA,NA,NA,NA
YNCI0010C,0,NA,NA,NA,NA
YNCI0011W,0,NA,NA,NA,NA
YNCI0012,244.00486840540543,0.3893875560242263,0.23893180904442676,0.0523996753564005,0.12093923769338473
YNCI0013W,10.023607953261559,0.01903547503714433,0.4027543561095739,0.8842867886911101,0.9401904430890197
YNCJ0001C,0,NA,NA,NA,NA
YNCJ0002C,0,NA,NA,NA,NA
YNCJ0003C,3.610417486031488,0.008063733893653575,0.41439640714083537,0.931403044154927,0.9666462075645202
YNCJ0004C,6.579334584705816,-0.15106660286585813,0.4505853713023201,0.14030724337598563,0.264680682721749
YNCJ0005C,0,NA,NA,NA,NA
YNCJ0006W,0,NA,NA,NA,NA
YNCJ0007C,26.96224899869198,-1.8842459877359854,0.9024771149439059,0.0014353264653930128,0.005457201912587102
YNCJ0008W,0,NA,NA,NA,NA
YNCJ0009C,0,NA,NA,NA,NA
YNCJ0010W,0,NA,NA,NA,NA
YNCJ0011W,0,NA,NA,NA,NA
YNCJ0012W,0,NA,NA,NA,NA
YNCJ0013C,0,NA,NA,NA,NA
YNCJ0014C,0,NA,NA,NA,NA
YNCJ0015W,0,NA,NA,NA,NA
YNCJ0016C,0,NA,NA,NA,NA
YNCJ0017C,0,NA,NA,NA,NA
YNCJ0018W,0,NA,NA,NA,NA
YNCJ0019C,0,NA,NA,NA,NA
YNCJ0020W,0,NA,NA,NA,NA
YNCJ0021C,0,NA,NA,NA,NA
YNCJ0022C,0,NA,NA,NA,NA
YNCJ0023C,0,NA,NA,NA,NA
YNCJ0024W,0,NA,NA,NA,NA
YNCJ0025W,0,NA,NA,NA,NA
YNCJ0026W,0,NA,NA,NA,NA
YNCJ0027C,0,NA,NA,NA,NA
YNCJ0028C,150.16885832237364,-0.889492541879526,0.35180439880002307,0.001490039378872657,0.0056500320096029314
YNCJ0029W,0,NA,NA,NA,NA
YNCJ0030W,5.6174170402198875,0.020352659614642783,0.4100023649832478,0.8531488933131786,0.9248196735051128
YNCK0001W,0,NA,NA,NA,NA
YNCK0002C,0,NA,NA,NA,NA
YNCK0003W,0,NA,NA,NA,NA
YNCK0004W,0,NA,NA,NA,NA
YNCK0005C,0,NA,NA,NA,NA
YNCK0006C,0,NA,NA,NA,NA
YNCK0007W,0,NA,NA,NA,NA
YNCK0008W,0,NA,NA,NA,NA
YNCK0009W,0,NA,NA,NA,NA
YNCK0010W,0,NA,NA,NA,NA
YNCK0011C,0,NA,NA,NA,NA
YNCK0012C,0,NA,NA,NA,NA
YNCK0013W,0,NA,NA,NA,NA
YNCK0014W,0,NA,NA,NA,NA
YNCK0015C,0,NA,NA,NA,NA
YNCK0016W,0,NA,NA,NA,NA
YNCK0017W,0,NA,NA,NA,NA
YNCK0018C,0,NA,NA,NA,NA
YNCK0019W,0,NA,NA,NA,NA
YNCK0020C,25.13669948644692,-1.271229201530334,1.0206973364040774,0.008193642541848265,0.025218115902546565
YNCK0021W,0,NA,NA,NA,NA
YNCL0001W,0,NA,NA,NA,NA
YNCL0002C,0,NA,NA,NA,NA
YNCL0003W,89.00061401740648,-1.0593474927895423,0.43593316320954056,0.0015090278424956997,0.005707977669786492
YNCL0004C,0,NA,NA,NA,NA
YNCL0005C,0.8184226081587478,-0.016235335877422166,0.42315969289926597,0.6953021101133017,NA
YNCL0006W,0,NA,NA,NA,NA
YNCL0007W,0,NA,NA,NA,NA
YNCL0008W,0,NA,NA,NA,NA
YNCL0009C,0,NA,NA,NA,NA
YNCL0010C,2884.733021923939,-2.4930073666028774,0.09801861989922167,3.229611643771452e-144,7.053711060488983e-142
YNCL0011C,0,NA,NA,NA,NA
YNCL0012C,30197.91478664163,-1.180216811441574,0.06985133844633969,5.02677202305619e-65,4.234696374280336e-63
YNCL0013C,0,NA,NA,NA,NA
YNCL0014C,153.20828039128492,-0.37061197931952716,0.5207268045991468,0.0983004625235221,0.19927048040605358
YNCL0015C,0,NA,NA,NA,NA
YNCL0016C,8539.51090283217,-1.3510256427590552,0.3301151812809173,3.049620384619219e-6,1.9070637760444894e-5
YNCL0017C,55.629447920626994,-0.02465266254822861,0.4229041181268334,0.24837371747532458,0.40798323452701646
YNCL0018W,4.24493063311606,0.05419169758468434,0.42218315729773626,0.4036965258620089,0.571984241472433
YNCL0019C,0,NA,NA,NA,NA
YNCL0020C,3034.953368432383,-2.4337156200330394,0.09864912697466097,1.0781158632144165e-135,2.0508545952823915e-133
YNCL0021C,33806.155869916685,-1.0925529885358778,0.16560468341172502,4.8982721941587865e-12,5.919080149375894e-11
YNCL0022C,0,NA,NA,NA,NA
YNCL0023C,149.29328570001553,-0.278112540474267,0.4881035792604193,0.12822391384680706,0.2469592218919687
YNCL0024C,0,NA,NA,NA,NA
YNCL0025C,8644.612600559196,-1.2704741522998513,0.3167690579594517,5.087072538170152e-6,3.0862620120976735e-5
YNCL0026C,54.255814531419674,-0.023736343523453763,0.4228440292796378,0.2578806909025646,0.4187174781681471
YNCL0027W,1.465014628692661,-0.02438259496335384,0.42492563050230364,0.4341938726295492,NA
YNCL0028W,0,NA,NA,NA,NA
YNCL0029W,2.761015345625324,-0.08107562669683202,0.43221179138785426,0.15838951969464388,0.2897855839402716
YNCL0030W,0,NA,NA,NA,NA
YNCL0031W,0.5403152317343933,-0.012847185408522767,0.4243465395154868,0.653170528847522,NA
YNCL0032C,0,NA,NA,NA,NA
YNCL0033C,0,NA,NA,NA,NA
YNCL0034W,0,NA,NA,NA,NA
YNCL0035C,0,NA,NA,NA,NA
YNCL0036C,0,NA,NA,NA,NA
YNCL0037W,0,NA,NA,NA,NA
YNCL0038W,0,NA,NA,NA,NA
YNCL0039W,0,NA,NA,NA,NA
YNCL0040W,0,NA,NA,NA,NA
YNCL0041C,0.9104695696052971,0.018194246284376124,0.4229545683160674,0.7258669197931812,NA
YNCL0042C,0,NA,NA,NA,NA
YNCL0043C,0,NA,NA,NA,NA
YNCL0044W,0,NA,NA,NA,NA
YNCL0045W,0.2552620665530189,0.009512848885841568,0.42400983011338866,0.8474059576546062,NA
YNCL0046W,125.11423032102496,-0.43484105556033126,0.3264379338891062,0.07091194938363136,0.154078027087426
YNCL0047W,0,NA,NA,NA,NA
YNCL0048W,6.434169954617291,-0.0699352077848759,0.4162687283451321,0.52763939622989,0.6852335517683362
YNCL0049C,0,NA,NA,NA,NA
YNCL0050C,0,NA,NA,NA,NA
YNCL0051C,0,NA,NA,NA,NA
YNCM0001W,23112.502717989242,5.638996343033959,0.07664435816439678,0,0
YNCM0002C,0.8705777565161545,0.0016881666475095222,0.4236123500990939,0.9023460963127043,NA
YNCM0003W,0,NA,NA,NA,NA
YNCM0004C,0,NA,NA,NA,NA
YNCM0005C,0,NA,NA,NA,NA
YNCM0006W,0,NA,NA,NA,NA
YNCM0007C,0,NA,NA,NA,NA
YNCM0008C,0,NA,NA,NA,NA
YNCM0009C,0,NA,NA,NA,NA
YNCM0010W,0,NA,NA,NA,NA
YNCM0011W,0,NA,NA,NA,NA
YNCM0012W,0,NA,NA,NA,NA
YNCM0013W,0.2930029257385322,-0.012786509536195124,0.4241748712917326,0.744154738948589,NA
YNCM0014W,0,NA,NA,NA,NA
YNCM0015W,0,NA,NA,NA,NA
YNCM0016W,0,NA,NA,NA,NA
YNCM0017W,0,NA,NA,NA,NA
YNCM0018C,0,NA,NA,NA,NA
YNCM0019W,0,NA,NA,NA,NA
YNCM0020W,0,NA,NA,NA,NA
YNCM0021C,0,NA,NA,NA,NA
YNCM0022C,0,NA,NA,NA,NA
YNCM0023C,0,NA,NA,NA,NA
YNCM0024W,0,NA,NA,NA,NA
YNCM0025C,0,NA,NA,NA,NA
YNCM0026C,0,NA,NA,NA,NA
YNCM0027W,0,NA,NA,NA,NA
YNCM0028C,0,NA,NA,NA,NA
YNCM0029C,0,NA,NA,NA,NA
YNCM0030W,56.13310792206012,-0.3579966629460187,0.41724750944203365,0.1452329715425534,0.2718276699271875
YNCM0031W,73.76889927021185,0.36746200705521426,0.3824459909086577,0.13789939543644805,0.2610575708291082
YNCM0032C,0.5105241331060378,0.010758157358103707,0.42413791136972545,0.7565788995573905,NA
YNCM0033C,0,NA,NA,NA,NA
YNCM0034C,361.25524084061544,-0.5285285027446837,0.20785959669858114,0.004098023076474545,0.013769824548131276
YNCM0035C,0,NA,NA,NA,NA
YNCM0036C,0,NA,NA,NA,NA
YNCM0037W,0,NA,NA,NA,NA
YNCN0001W,0,NA,NA,NA,NA
YNCN0002C,0,NA,NA,NA,NA
YNCN0003W,0,NA,NA,NA,NA
YNCN0004W,0,NA,NA,NA,NA
YNCN0005C,50.93019326667632,-2.5510413840951838,0.6024207378858362,1.211943485818248e-6,8.093806042888119e-6
YNCN0006W,0,NA,NA,NA,NA
YNCN0007W,0,NA,NA,NA,NA
YNCN0008C,0,NA,NA,NA,NA
YNCN0009W,0,NA,NA,NA,NA
YNCN0010C,0,NA,NA,NA,NA
YNCN0011W,0,NA,NA,NA,NA
YNCN0012C,0,NA,NA,NA,NA
YNCN0013W,29.06828275459952,-0.5926435309837719,0.7375778774476944,0.03909633633059214,0.09550583899813664
YNCN0014W,0,NA,NA,NA,NA
YNCN0015W,0,NA,NA,NA,NA
YNCN0016C,0,NA,NA,NA,NA
YNCN0017W,0,NA,NA,NA,NA
YNCN0018W,7.8407493681567315,-0.08577252744892717,0.416581020967531,0.4830911591956264,0.6484836252621463
YNCN0019C,8.872053026036797,-0.13724055675082492,0.4338743454803595,0.2869959395576427,0.4531158651490596
YNCN0020C,0,NA,NA,NA,NA
YNCO0001C,0,NA,NA,NA,NA
YNCO0002W,0,NA,NA,NA,NA
YNCO0003C,0,NA,NA,NA,NA
YNCO0004C,0,NA,NA,NA,NA
YNCO0005W,0,NA,NA,NA,NA
YNCO0006W,5.038653775823204,-0.15062459178335785,0.4579061476522137,0.05988314917882157,0.13416828674297523
YNCO0007W,0,NA,NA,NA,NA
YNCO0008W,0,NA,NA,NA,NA
YNCO0009W,0,NA,NA,NA,NA
YNCO0010W,0,NA,NA,NA,NA
YNCO0011W,0,NA,NA,NA,NA
YNCO0012C,0.2930029257385322,-0.012786509536195124,0.4241748712917326,0.744154738948589,NA
YNCO0013C,0,NA,NA,NA,NA
YNCO0014C,16.405426630798672,-0.06789941674387662,0.3919666704219963,0.6728194477563667,0.8029986406434516
YNCO0015C,0,NA,NA,NA,NA
YNCO0016W,0,NA,NA,NA,NA
YNCO0017W,0,NA,NA,NA,NA
YNCO0018W,0,NA,NA,NA,NA
YNCO0019W,0,NA,NA,NA,NA
YNCO0020C,0.7657861996590567,0.011280254439784096,0.42419889336132416,0.7041994913895031,NA
YNCO0021C,0,NA,NA,NA,NA
YNCO0022C,1.8394708743708232,-0.004023865591629742,0.42155181997552554,0.9046646338957133,0.9536659538939973
YNCO0023W,0,NA,NA,NA,NA
YNCO0024C,6.7925422173622145,-0.13053885700038226,0.44024202032846244,0.18608972778662164,0.3271828040422504
YNCO0025W,42.17192698136949,-1.941448416610402,0.6634652782736371,1.7589084831154696e-4,8.238509392320829e-4
YNCO0026W,6.742549689812285,-0.17527900831211665,0.46325538967228863,0.11661798638475848,0.22794042615542617
YNCO0027C,69.58541630569819,-0.10289530622440234,0.3179022037457564,0.629497695258484,0.7722115520740771
YNCO0028W,12.55414970048221,-0.027766199016609382,0.399140632029568,0.8305972512873276,0.909996336292942
YNCO0029C,0,NA,NA,NA,NA
YNCO0030W,0,NA,NA,NA,NA
YNCO0031W,0,NA,NA,NA,NA
YNCP0001C,0,NA,NA,NA,NA
YNCP0002W,289.56481913803276,-0.057295843430726266,0.20301880578039097,0.7463625377758725,0.8539580685417774
YNCP0003W,0,NA,NA,NA,NA
YNCP0004C,0,NA,NA,NA,NA
YNCP0005C,18.8740633211311,-0.28659200604375046,0.49869678253818794,0.1306089513690008,0.24982192222607777
YNCP0006C,0,NA,NA,NA,NA
YNCP0007C,0,NA,NA,NA,NA
YNCP0008C,0,NA,NA,NA,NA
YNCP0009W,0,NA,NA,NA,NA
YNCP0010W,0,NA,NA,NA,NA
YNCP0011C,0,NA,NA,NA,NA
YNCP0012W,0,NA,NA,NA,NA
YNCP0013C,0.5482649922915511,-0.0022307658006990843,0.42323752627667943,0.9449313686623552,NA
YNCP0014C,12.596388596197752,0.06988654566139174,0.40543099759014495,0.6018607465367645,0.750495012119484
YNCP0015C,0,NA,NA,NA,NA
YNCP0016W,0,NA,NA,NA,NA
YNCP0017C,0,NA,NA,NA,NA
YNCP0018C,0,NA,NA,NA,NA
YNCP0019W,0,NA,NA,NA,NA
YNCP0020W,0,NA,NA,NA,NA
YNCP0021W,4.48990752338937,-0.08491050659297701,0.4260149290783126,0.36184633762487267,0.5311943870983008
YNCP0022W,0,NA,NA,NA,NA
YNCP0023W,0,NA,NA,NA,NA
YNCP0024C,0,NA,NA,NA,NA
YNCP0025W,43.55636860965279,0.0018191948437066452,0.3412064006467761,0.9951667687293967,0.9973654716514706
YNCP0026W,14.351773936583033,0.028662643466199882,0.3909536387767146,0.8581170204207252,0.9279875425309034
YNL001W,951.0043309490813,-0.2348203800540299,0.13238487009073674,0.06077696963702474,0.13560415813451943
YNL002C,2066.6270499825555,-0.9746068910190803,0.10778513866264565,2.2432730410714756e-20,4.707680115017257e-19
YNL003C,567.706919579529,0.2583311670417579,0.16532398101246232,0.08906775574137488,0.18461601251560197
YNL004W,1913.036416941145,-0.28354582470568995,0.10389774729346415,0.004751659139287279,0.01571538639617335
YNL005C,1311.2121105113852,0.039969365704078455,0.11614465629089789,0.7213969109622859,0.8361001540771619
YNL006W,746.7696858721501,0.5433523980840244,0.15137630636260377,1.4008274499567475e-4,6.726937681103371e-4
YNL007C,7008.679258057408,0.9381437642265962,0.07729845305898098,1.0856118672213682e-34,4.4768204062967896e-33
YNL008C,1245.993358610263,0.18382790627574996,0.11938097919633278,0.1081347059530775,0.21441505077515066
YNL009W,156.0669806546291,-0.04412395671901431,0.25005368618354445,0.8252429593771704,0.9067628904457304
YNL010W,3398.156990770181,-0.27010912611585364,0.0876741974183219,0.0016518480137138237,0.006157362665531238
YNL011C,530.7958194059001,0.4066974473058592,0.1758577110573728,0.011074775144834039,0.03260506691417191
YNL012W,165.19486115071794,0.2633656560230734,0.2660677168693669,0.2146474647949795,0.364461877309529
YNL014W,238.2380734788481,0.13362187041306886,0.22089078053915617,0.48068500786162627,0.6462614177242298
YNL015W,271.7133576288245,1.150094492664302,0.25174294912978573,5.594961835145953e-7,3.890741738426378e-6
YNL016W,5559.354016335373,-0.5013246077386762,0.08809672138484209,5.578416069002962e-9,5.060910701370841e-8
YNL018C,46.70410442541174,-0.03127878521595332,0.33869535093957104,0.875899963158608,0.9350438238135973
YNL019C,54.48654293296196,0.2855978027041384,0.390223182923856,0.22305126153917362,0.3760243823031752
YNL020C,948.4208584586281,0.22746348911690037,0.13528547447403422,0.07507313087819574,0.16069192478719427
YNL021W,1055.0503399646832,-0.041136159466036305,0.12921870306077654,0.7361880512601116,0.8474138079798708
YNL022C,965.7576245738637,-0.5930184711588306,0.13998941179075253,7.722347624434555e-6,4.5493190750540024e-5
YNL023C,1115.4820708179961,-0.7133106501086024,0.1311282919213714,1.3805029528441348e-8,1.186709316752458e-7
YNL024C,151.90241487515735,-0.9778406388997886,0.32921527837996784,3.7588651921946075e-4,0.0016298550028214411
YNL024C-A,123.03757154006519,-0.07576982031448284,0.2710861782019733,0.7151138496893905,0.831104921485679
YNL025C,339.6094027092289,0.2614212499775632,0.20187294118767418,0.14126953946596443,0.2657813944444655
YNL026W,1110.5045355224981,0.13334261108235818,0.13018008477128218,0.28110920626419145,0.4470606767367683
YNL027W,812.2836622263114,-0.19965770539954109,0.1486731331972156,0.14500682971252873,0.27163445832744026
YNL029C,742.0451576330076,-0.47589295122713315,0.15017484069898396,7.056014869338986e-4,0.0028935549154723225
YNL030W,5183.425735910962,-0.26874795074770164,0.07954139962105843,5.672022241959672e-4,0.0023705113508742867
YNL031C,8871.558930136684,-0.3864331840403029,0.07238348225248523,5.413659726503325e-8,4.2396217008220595e-7
YNL032W,737.1451290808343,0.10826752057463684,0.14456572544226978,0.43230248697198287,0.5981130522626645
YNL033W,48.6729945479152,0.5245503994688053,0.521459640639693,0.06277703767377567,0.13943359365809985
YNL034W,30.49877190822107,-0.06278490257165657,0.3664165327442075,0.7376103731387207,0.8482231611542581
YNL035C,753.4515676621627,-0.25251853709739164,0.14843261011084685,0.06754458288807673,0.14823610170859267
YNL036W,3702.676021617669,3.1512720188648724,1.1289613137779488,6.905113596214973e-5,3.504256013500834e-4
YNL037C,2266.561241702909,0.10768217952149664,0.09784681397994092,0.259114965898225,0.42012674014347895
YNL038W,647.3791367753317,-0.33227418881829346,0.15666672707868035,0.02197007909591479,0.05897021230250775
YNL039W,1490.394583840185,0.0018272605299902956,0.11124769544089752,0.987463159590096,0.9930376541049007
YNL040C-A,0,NA,NA,NA,NA
YNL040W,863.1962953454918,0.40692381490930385,0.14113443835475026,0.0021904735448185215,0.00793441185122532
YNL041C,1190.6548692721303,0.0021049901193540776,0.1200859335551759,0.9865342802775963,0.9924245395423038
YNL042W,486.65510766673975,-0.08330588466982011,0.16781424400992032,0.5873879110645748,0.7385557593918545
YNL042W-B,3.355155419478469,-0.004147052633531559,0.41524239524206197,0.9564209412273206,0.978659429189226
YNL044W,1477.0220470306076,-0.3499379077020915,0.11500878058333143,0.0015384942241634249,0.005793423013979385
YNL045W,1918.313521883968,0.35755834121624946,0.10515900944454619,4.1366796188704993e-4,0.0017831871134853315
YNL046W,560.6608221083566,0.33211922796382143,0.16798550775763987,0.030988302947197562,0.07858795289608521
YNL047C,753.6756780303217,0.03102201231248844,0.14509690004777728,0.8233329117747394,0.9053335995200537
YNL048W,1562.8895629825643,-0.17064599768902422,0.11104032285781319,0.10940275813077052,0.2164926391601187
YNL049C,1421.0292203712474,-0.2914431389841284,0.11499969728699505,0.008436723746392469,0.02581803836661982
YNL050C,505.1296942554228,-0.11369873343072538,0.1659413163060068,0.4549956163814432,0.6209463433930503
YNL051W,569.4631378695523,0.21498688391620532,0.16112986718160485,0.1484748503466037,0.2763750607619704
YNL052W,827.7327175873954,0.020402029657879146,0.14002132455069644,0.8781744371404511,0.9366241012510833
YNL053W,576.0289302781202,-0.19954544466556332,0.16006672213649875,0.1732155275994342,0.31084965497683004
YNL054W,1035.3040065673651,0.09491013740123684,0.13415499471830578,0.4556691062733493,0.621577774622702
YNL054W-A,0,NA,NA,NA,NA
YNL054W-B,1984.2502891318636,0.14064723343060842,0.10246150479802431,0.15854009582809817,0.2898948666971457
YNL055C,8544.257043298421,1.059461154304731,0.07887803461812322,1.3701836227346035e-41,6.412676843861871e-40
YNL056W,797.3532753473227,0.16882757615471156,0.14095090091726323,0.20464217699266488,0.35101073814012357
YNL058C,1114.9462101663987,0.6976562744728189,0.13100771119760432,2.625495495951431e-8,2.1684239411240323e-7
YNL059C,2133.648182861469,-0.25747391093086475,0.10034132181830938,0.0080544711064308,0.02489371913764278
YNL061W,2942.8756690267014,-1.1794358439186157,0.09820622308003217,3.5721175237492427e-34,1.4527432439689162e-32
YNL062C,998.8479182472719,-0.4522553491744387,0.13790909038758836,5.100211553302404e-4,0.0021528953135164118
YNL063W,385.36215627321815,0.6375332060817115,0.209475270295383,6.659580335875865e-4,0.0027405125778548482
YNL064C,8894.448023649657,0.2798749123872648,0.07499351800853173,1.445140489381791e-4,6.889242898855635e-4
YNL065W,1254.486946792482,-1.677226526250014,0.12562882456623498,1.0379456717169118e-41,4.8966125008917034e-40
YNL066W,3770.744878191794,-0.3506673874207429,0.08693671963129614,3.543045642133755e-5,1.8890904296259273e-4
YNL067W,4315.149609322608,-0.05090667084700923,0.08569208813139022,0.5432291113331418,0.7010800010439163
YNL067W-B,0,NA,NA,NA,NA
YNL068C,1339.7818342935734,-0.3997970982993481,0.12065007075487157,5.152103100255023e-4,0.0021701394273002765
YNL069C,23431.174350776066,-0.28374488834542705,0.07089865673658856,4.025692476648676e-5,2.1310151287968798e-4
YNL070W,87.93679317919401,0.030855377656837126,0.29606656032308654,0.8857506467034824,0.9407909876819948
YNL071W,8683.764927784414,0.11428729760217766,0.07203539778673072,0.1091721179153084,0.21610875439629865
YNL072W,346.83035612308333,0.12390780266671877,0.19912902852665715,0.4808012155384623,0.6462614177242298
YNL073W,855.0174584203635,0.15815616763548151,0.13677701910825468,0.22166573551723118,0.374437938225469
YNL074C,1684.4788824096734,0.3304080852272347,0.10910236093760883,0.0016719755679870908,0.006224520154305476
YNL075W,865.1362899238388,-0.7164187253156749,0.14524936968682187,2.0805965093840303e-7,1.5241338653214442e-6
YNL076W,1005.3561658071565,-0.08569109185037924,0.1342213759036708,0.49988489708753625,0.662438890824272
YNL077W,446.16834563182846,0.996653845675814,0.19393553608933276,4.1576652622478846e-8,3.317693105747737e-7
YNL078W,1570.0054324305668,0.17518421218408672,0.11568955079783322,0.10659400331627314,0.21231374923433857
YNL079C,6925.231928317198,0.09625249302031356,0.07651397794470507,0.20216858887030656,0.3484222691547929
YNL080C,1162.9663985904137,-0.07422339641263982,0.126626980973788,0.5402953015380219,0.6982514558776495
YNL081C,459.8503702330911,0.2844265015556022,0.17944053425179063,0.07982336306721606,0.16914062953912076
YNL082W,727.4997698504504,-0.1615814525727499,0.1452843835972366,0.23479609904215676,0.3910173951007056
YNL083W,496.1464631876053,0.12162791869900647,0.1681176181376841,0.4307203254874582,0.5968908489924689
YNL084C,1807.0001671378109,0.14149603168042604,0.10481679081781976,0.1644971795145317,0.2981069046088486
YNL085W,4066.3383764453,-0.29815315622192967,0.08460197534702421,3.0343177739139795e-4,0.001352469459138992
YNL086W,66.69305702250952,0.1756801721228867,0.33570162404499626,0.4275624138256747,0.5946546118702839
YNL087W,3158.78455537778,-0.645512905183444,0.09084575199740216,5.010263674093465e-13,6.565672196917591e-12
YNL088W,2574.6960400139965,-0.22077319230986425,0.09813321957473813,0.02217653549727424,0.05936864315081838
YNL090W,832.6860355099674,0.04257492320837465,0.13689003638776084,0.7434690112458416,0.8522626511144855
YNL091W,3554.5239240868896,-0.12094510020060203,0.08649743684861412,0.15281837914007912,0.28225693820546577
YNL092W,149.53340341759167,1.2803969056417674,0.3347360620550842,1.2194834579646765e-5,7.00223364324995e-5
YNL093W,46.1802532291035,1.9647252781625093,0.6671033862132527,1.5393576362002492e-4,7.308850225984597e-4
YNL094W,1420.705258658788,0.15382643007927674,0.11402968635876662,0.1610406577232722,0.2931140365109465
YNL095C,654.7787847215736,-0.15940966352302471,0.15399846566153103,0.2637174636390531,0.4252507200108001
YNL096C,5724.421054334198,-0.478570007913841,0.07836567512918713,4.936009983496063e-10,5.018560495289014e-9
YNL097C,603.0242939389964,0.08178590877634774,0.15503527707555498,0.5835537221438358,0.7352772776202449
YNL097C-B,0,NA,NA,NA,NA
YNL098C,4116.0727427426655,0.5827606241138519,0.08514737534379671,2.894306079174324e-12,3.541021358691076e-11
YNL099C,955.603805766717,0.1830643116935813,0.13199347886896265,0.1438239706370489,0.2698472653027927
YNL100W,583.3445247574863,0.3740831639415185,0.16513602472067107,0.013851930494400044,0.03970448336015448
YNL101W,1688.510969095035,-0.09951889199591535,0.10689050398252446,0.33058709172644934,0.5003546732520664
YNL102W,1776.130309702155,-0.30639052446734716,0.10893823187913138,0.0036292707664110253,0.01242124765497726
YNL103W,1722.9284813340637,-0.1304312893984254,0.10778054886449996,0.21282730024153373,0.3621353004358556
YNL104C,9000.758167765258,0.37101251996758816,0.0722161905980853,2.0879862587425852e-7,1.5276494997276706e-6
YNL106C,791.1528064215704,-0.09586973367920694,0.14345480488312948,0.47485566412989194,0.6407799848477453
YNL107W,358.7120267875268,0.04565431335940916,0.1876925367773353,0.7871937100877977,0.8823572150518424
YNL108C,723.8261776246102,-0.24262279044292928,0.14715161430155704,0.07757673810595296,0.16497296235514047
YNL110C,1307.9032403956826,-0.9601463171423338,0.12294021411088621,9.18113848966916e-16,1.4399248317441232e-14
YNL111C,416.3550570345952,0.16643674169966863,0.18384867133864138,0.31605537331021794,0.4857764913370403
YNL112W,5380.708145498927,-1.7948795502189407,0.08090643021724447,1.6080245963142303e-110,2.4954002748592146e-108
YNL113W,788.8439010906088,-0.5530792153535278,0.14915844502473435,6.759980062251665e-5,3.445428040371484e-4
YNL115C,1415.8455828364347,0.7562772721055412,0.11872558297850251,4.6490702898046976e-11,5.262105086176258e-10
YNL116W,824.3915194255628,0.023688673044032566,0.13719378661354018,0.8560232511705099,0.9264028467888598
YNL117W,70.10213795370733,0.11671435910353627,0.3199438528037228,0.5897779237337049,0.7402980877517363
YNL118C,2734.3957242455967,-0.015179773290368605,0.09566492551295541,0.859537647588842,0.9283172817194086
YNL119W,664.2970617451331,-0.7203375887805,0.1641607249447959,2.7666875276090593e-6,1.7468047484272617e-5
YNL121C,4287.052827835333,-0.2901938089954939,0.08293005136017033,3.486217950633577e-4,0.0015250910426473443
YNL122C,122.82064552080845,0.4783479837387323,0.3344353939084938,0.052960979266835476,0.12209182749668834
YNL123W,2294.868685056993,-0.3273282657431329,0.09954874692396011,7.745163226411351e-4,0.0031501122723280326
YNL124W,761.9898104592805,-0.6403748133843443,0.15046916145640588,6.337976368619764e-6,3.767645831224874e-5
YNL125C,929.4917000121433,0.40993974112453047,0.13955143435950454,0.0018220935149460657,0.006719753256808599
YNL126W,793.0890345921246,-0.273618254094998,0.14301851987495662,0.041287587578092595,0.09962066446318005
YNL127W,946.8771303881165,0.16479635612371282,0.13488048722377927,0.1970050067863599,0.3416878014762248
YNL128W,84.60863551628675,-0.03387071239916041,0.2990179460634587,0.8706154460651225,0.932571715507501
YNL129W,578.7210503986045,0.16487247781731623,0.1657900491276712,0.27858360258018067,0.4442421591171783
YNL130C,4427.800618002399,-0.27578932360278524,0.08510859710962561,8.99065870509712e-4,0.003601760488040605
YNL130C-A,0.7806817489732345,6.955319068028149e-4,0.42375994813049733,0.9615299970472346,NA
YNL131W,1299.825465466742,0.012446564089713672,0.12233348026662197,0.9159540972452673,0.9590539667700854
YNL132W,2575.357569562372,-1.0731935973895543,0.09682652682027147,2.1662382063726457e-29,7.299603830273996e-28
YNL133C,204.29305525356114,0.021369703239181425,0.22995892145688443,0.9136396046869197,0.9583384649032357
YNL134C,3839.217205606984,0.4681069006461797,0.08733230048445081,5.143488753171402e-8,4.0426711212705633e-7
YNL135C,3870.3854044646296,0.340307775009433,0.08725113850601121,6.820529142697462e-5,3.4672983064212875e-4
YNL136W,1024.4155869743313,0.023372213570831118,0.1267964813818963,0.8405389280669395,0.9166501458157399
YNL137C,1221.854833807729,-0.20565295252922464,0.12034020648907669,0.07518937447833379,0.16088234444801683
YNL138W,3939.202112070752,0.015584316909003948,0.18302449559730963,0.9272754302136162,0.9641371459722735
YNL138W-A,128.48033089021718,0.20476940151607598,0.2814662413898717,0.3430794611814289,0.5138784817340326
YNL139C,1474.5994248243685,-0.22935181010380778,0.12265959328832828,0.04972074283126385,0.11589060097864147
YNL140C,162.27405873906716,0.02742953163566485,0.2509728676831926,0.8938260817683618,0.9468505978517393
YNL141W,1835.0803790946993,-0.9888855065953011,0.1096417191618636,2.979715081404132e-20,6.208968139590164e-19
YNL142W,664.768398299207,0.1876885826390454,0.15359281022208138,0.18922214429998185,0.33150415476440676
YNL143C,4.770165853717352,-0.06123917576478284,0.4188970628351373,0.5202222875730834,0.6784919368620023
YNL144C,253.52789145525065,0.11943721316885339,0.21540754968542755,0.5210790802914225,0.6786226449820049
YNL145W,0.27015761586719667,-0.0119206026345075,0.42423607750536446,0.7407938598217132,NA
YNL146C-A,0.988102241879953,0.006001212842131207,0.4225252433513356,0.9079127546043428,NA
YNL146W,14.5755868776502,-0.04215671109422918,0.39867012548202985,0.7479823649817846,0.8553135556132604
YNL147W,538.0901805632551,0.16791951681928324,0.1636646008906071,0.26556856031401227,0.42753420698108935
YNL148C,455.21047673364546,-0.11515864907273604,0.17281350546673854,0.463904519503989,0.6293180534894366
YNL149C,1216.138928769862,-0.06716747445409435,0.1195802190272319,0.5595690120999182,0.7157909319147795
YNL151C,935.4473068308622,-0.6166875096132565,0.13821460780738787,2.6469679991585746e-6,1.6730086056846854e-5
YNL152W,610.3545082037986,0.2519114801785306,0.15969359373767922,0.08932630237490545,0.1850218493518853
YNL153C,803.7317347583157,-0.25729192887909896,0.14188321204421708,0.0535170686436946,0.12304863642810518
YNL154C,3331.5233635499853,-0.26326907011493433,0.09358624283734214,0.003966686588623159,0.013397222687921404
YNL155C-A,95.32946430612006,0.2942605419547891,0.33572937202868314,0.20765444712080267,0.3552475412449589
YNL155W,1423.419493746087,0.45142610449877024,0.11812183930248599,6.750187234406411e-5,3.445428040371484e-4
YNL156C,1418.0020021022967,0.6195754565113316,0.11899986524889031,6.465127766437576e-8,5.009836851338027e-7
YNL157W,1004.4715804101739,0.5014453621091332,0.14008417972646448,1.504822346285339e-4,7.156401109713423e-4
YNL158W,405.4775792326793,0.03974914040655818,0.1793866296951404,0.8070394790023692,0.8944017680279969
YNL159C,678.1866718240184,0.38229328974047094,0.1552040594922559,0.008047037791619248,0.024883787025264132
YNL160W,9668.68599707723,0.6281272434148709,0.08310156337027344,1.2907880459403435e-14,1.8841032442847044e-13
YNL161W,1577.4762371479087,-0.0975363022323266,0.11387852528113694,0.37477233538113786,0.5442089292643609
YNL162W,7488.1898684144435,-0.19241932707908002,0.0797063875787549,0.01354385952449678,0.038903136685804925
YNL162W-A,18.70640329791402,-0.21208519447440632,0.4472027249725572,0.22150113029136578,0.3742670960825742
YNL163C,1784.3166475232736,-0.7490371933535505,0.11134047074219307,3.961018346442164e-12,4.816108286385452e-11
YNL164C,365.349743117828,-0.15724070808219404,0.18994565275506115,0.3530670203919573,0.5227606171319469
YNL165W,418.12988262844004,0.15144945934257428,0.17964165145835112,0.352507231706858,0.5221640656557
YNL166C,1547.1391911937217,-0.12048245769592449,0.11122852052626335,0.2567233424028602,0.41777237219532876
YNL167C,1000.8147720573598,-0.167684729547216,0.12921491336650182,0.17335665537861106,0.3110082740394492
YNL168C,925.2621287674312,0.515515566179845,0.1394386090724063,9.196045014065767e-5,4.5685827673079885e-4
YNL169C,3268.5660193536514,-0.6189217114016453,0.09234576472807907,6.675588070322897e-12,7.936682026349622e-11
YNL172W,812.7111732922895,-0.0035734280442884683,0.13790868014947696,0.9760105054565787,0.9886407225932659
YNL173C,1706.056140883241,0.7693746884530219,0.11351463237529395,2.874344367783883e-12,3.523910340295542e-11
YNL175C,2355.3858254633215,-0.9608801186895595,0.09942291040381093,6.18235862274963e-23,1.4820068617217303e-21
YNL176C,1235.7071233535369,-0.3543931234017737,0.12239390876367433,0.0024079481228140775,0.008663618108745951
YNL177C,939.4339551395949,0.17014545981075663,0.13281368352415446,0.17703040640551237,0.31529698174971504
YNL178W,33744.77389954352,-0.2482999029908867,0.06932814307332191,2.78734854512484e-4,0.0012566509457646164
YNL180C,2268.4182310812625,0.405562786947702,0.33613098652897544,0.09017183065955578,0.18638040147192442
YNL181W,1123.8478439467488,0.009175316150870836,0.12364459075968981,0.9575883322054894,0.9796524795719622
YNL182C,1120.0387116367533,-0.842049040032104,0.12951075258451514,1.4910110469668582e-11,1.7274051363386173e-10
YNL183C,995.96332257497,0.22845287377559303,0.130272666387865,0.06463606645641068,0.14259591615916714
YNL184C,38.90487422340273,-0.0021851064531548847,0.3484266974366722,0.9885658008051044,0.9934513509454159
YNL185C,364.3651049691558,0.11243538445361612,0.18793672469120196,0.5053739071343998,0.667417108558948
YNL186W,2493.2131002925616,-0.6870263727665123,0.09727075292006426,4.936169090214122e-13,6.497452929685866e-12
YNL187W,244.6336701570692,-0.04403368827985295,0.21512897354561067,0.8106297640006348,0.8968637370190888
YNL188W,668.1110616439145,-0.07632339693011975,0.14900505503894046,0.5829441380040843,0.734848563875606
YNL189W,4281.584687252769,-0.06808612472997722,0.08293869275367997,0.3981001357917157,0.5667784888372157
YNL190W,1262.3968495304061,-0.4124637758987346,0.12125702601812952,3.694054777627281e-4,0.0016064779515979405
YNL191W,395.8097931777327,-0.3291034019724299,0.19098475881263102,0.053387117411776826,0.12283411290567614
YNL192W,4233.141500479289,0.10217005770190396,0.08449602248637393,0.21598398060716886,0.36641471048345076
YNL193W,795.3224737115055,0.059495043840349614,0.1392020961864515,0.6525127174631427,0.7884590955686315
YNL194C,275.49235116621315,2.267853079731775,0.2543836604938359,3.3805820963448193e-20,7.019469233149788e-19
YNL195C,427.414671725384,1.4252374470853657,0.1998772313825978,9.853337832707786e-14,1.3512821674297167e-12
YNL196C,64.78108656055636,0.14933181324823022,0.3334609397344291,0.4936314780942795,0.6571474156837719
YNL197C,1523.6403116827546,-0.3594585693971274,0.12207322115335482,0.0019481443409610408,0.007144407449407498
YNL199C,1391.5769683177182,-0.12709079600826984,0.11456530586719237,0.24682295447521518,0.4064168260447383
YNL200C,957.5455725999961,1.2752616715727587,0.13978107113191537,8.222664103872922e-21,1.7568496456716893e-19
YNL201C,1275.1215050008655,-0.23180939416011867,0.12141951142069314,0.04551308436867056,0.10770090630900894
YNL202W,222.84045237570498,0.3118227596388378,0.2518914908748574,0.1303240347612955,0.2493578303008954
YNL204C,171.75991208737454,-0.36841640871923326,0.27647505402882366,0.09237730286624742,0.18980799825862751
YNL206C,1365.1941565968282,-0.1648407374378536,0.11529475659315214,0.13599743608556847,0.25870221954728945
YNL207W,1122.0751980550647,-0.4212417908645995,0.12971048435042484,6.269983291960773e-4,0.002591036543286102
YNL208W,9851.17529767837,1.6097364026425331,0.0723839862948251,1.2321772085103957e-110,1.963824053671839e-108
YNL209W,42557.5506046827,-0.5532079362845002,0.06474294671225199,5.094251883021576e-18,9.243324108977918e-17
YNL210W,85.62694622080127,-0.15800261277415498,0.31636494905260393,0.46723652223375467,0.6316583612133084
YNL211C,35.38522626250199,0.004127280844643204,0.3545887015108505,0.9863731825067533,0.9924245395423038
YNL212W,1565.8629781063291,0.031840765062232164,0.1103932129302563,0.7617225277349231,0.8661545981590516
YNL213C,311.0576750942994,-0.014410426951003558,0.19773697543385352,0.9328476097014521,0.9672227142042814
YNL214W,186.04478892739564,0.17386572772307593,0.2444460498591848,0.38900091438429324,0.5589929622785227
YNL215W,1119.9481488198626,0.2697861078282736,0.1263107272856008,0.024886081877653905,0.06557338017539101
YNL216W,1882.6292826838753,-0.19225056671019602,0.10626401061494271,0.05869315086343198,0.13225583134950647
YNL217W,989.2228336809869,-0.2351444123253535,0.13230885512639132,0.060407944236643675,0.1350874657426954
YNL218W,433.3874965904708,-0.24632168746732022,0.1809428137703965,0.1338699254945015,0.25539661942448244
YNL219C,1754.5904838323256,-0.24238928110158212,0.107379514843744,0.018387345611883123,0.05057377661999757
YNL220W,3775.0998429597257,0.11276862296795385,0.08505784170225247,0.17746783243054204,0.31539849997164443
YNL221C,1591.3654805687993,-0.5031634270613532,0.1131261657284681,3.3410021483037905e-6,2.0717023836537804e-5
YNL222W,256.3416982377213,0.25847469379259475,0.22360614222825628,0.17694992057657585,0.3152488464169389
YNL223W,424.93909359026804,0.5044897918090616,0.1935392706114685,0.0038264924392975965,0.013005663351318688
YNL224C,970.0380493698417,0.3217294788683731,0.133345626587225,0.01050483410584354,0.031160466158027842
YNL225C,590.4229263972646,0.1680306293753892,0.15850771874351371,0.25425424195818536,0.4152138645326555
YNL227C,894.3830123964453,-0.5976628578023832,0.14202879866367374,8.757100008529421e-6,5.138370024905273e-5
YNL229C,1251.539420587035,-0.1541321276821588,0.11892947588729325,0.17415275006780656,0.31196195842948216
YNL230C,320.68279703416664,-0.270714501404665,0.21105925722096502,0.13867670699444548,0.2622759913875064
YNL231C,2329.184674717518,-0.07983147460414998,0.09660171786617457,0.38812469396437893,0.5581007852494373
YNL232W,931.6147661578352,-0.37607850954859146,0.13813143945311512,0.003851646355714814,0.013076084375158468
YNL233W,1040.9125308660657,0.051820236624582086,0.12702248169985472,0.6702613545499629,0.8015456947554083
YNL234W,359.495502580834,0.3798434762587086,0.2057453930369102,0.035549375661920485,0.08837886521009489
YNL236W,1255.3428844879913,-0.19066419680622337,0.1194451853464614,0.09555555480326491,0.19497962168680041
YNL237W,437.4814829635893,0.20143489775552337,0.18108819555293384,0.21818059850121674,0.36939735554455216
YNL238W,2577.187897496423,-0.21488941161954161,0.09480861655874746,0.019943683777789465,0.054197190432085006
YNL239W,2828.0046003670727,0.26011679655708425,0.09251976133336796,0.004130318606837017,0.013854658034424285
YNL240C,667.5578509454871,-0.46619925740768026,0.15675207371477637,0.0013720133424845542,0.005229969412172861
YNL241C,4068.8753955662305,0.7523530901496214,0.09088640921702888,2.9822927905375614e-17,5.112378077267442e-16
YNL242W,614.9158926984563,0.3259775331084131,0.1645165434447196,0.03240583507359884,0.08145661100980921
YNL243W,4452.370633250444,0.15638596335620206,0.08260829084522271,0.05504563717773903,0.1258155513322198
YNL244C,2843.4234702593303,-0.34293348770645715,0.09357245080031341,1.612622573177013e-4,7.619900091366061e-4
YNL245C,328.68205691559876,-0.15245156238356103,0.19752285101409411,0.382329725719685,0.5520564134595941
YNL246W,1229.3451258655182,-0.29875316136384944,0.12177357324486493,0.01017850752503728,0.030329471112248377
YNL247W,5669.297652168146,-0.5737317280480898,0.08129007571083903,6.344573179952912e-13,8.277422133226177e-12
YNL248C,2462.5224668804076,-0.9560964688982593,0.10071793342227874,3.2419479177031434e-22,7.438819794044917e-21
YNL249C,322.6347723479902,0.020418008107059196,0.19720988450645485,0.9087839893163325,0.9553440785353972
YNL250W,576.388251440204,0.02296871275337792,0.17294215470876131,0.885339372660282,0.9406930235275104
YNL251C,1844.263919507887,-0.6559433161255054,0.10878784162128005,5.199902774867939e-10,5.250655250581547e-9
YNL252C,588.3452927212182,0.07491077651129792,0.15608077826319833,0.6079335415745967,0.7547334936137676
YNL253W,512.6879176759309,-0.0615285720245391,0.16721906052193108,0.6874441973661892,0.813537714603335
YNL254C,325.90091553424236,-0.733727100807942,0.2209564258916444,2.0230797092087908e-4,9.396708407835189e-4
YNL255C,4136.569508541261,-0.49784053535693445,0.0866250653629201,4.1405644492665545e-9,3.803256784630043e-8
YNL256W,1981.6424006197794,-0.8739320439221836,0.10532533110992819,1.6033484737954098e-17,2.8139720089200985e-16
YNL257C,1902.3225078708124,-0.23384314721711683,0.10546388428558996,0.021078874900440477,0.05688784593475908
YNL258C,1510.6289303856288,0.0894882907466631,0.11176056721772179,0.39947580035891445,0.5681883248230869
YNL259C,134.705868584501,0.14620338113705209,0.2708230807426718,0.4889979347466281,0.6531236027889814
YNL260C,208.49113140744876,0.17893494037177884,0.2358395491805123,0.3644672807832437,0.5338408904410603
YNL261W,766.9569541999083,-0.030127132316000543,0.1408851007905074,0.8198800670855712,0.9032933060143483
YNL262W,2296.8289894249456,-0.23808581079383034,0.10038083647528784,0.014335087535950402,0.04081796774480904
YNL263C,1515.7880893674292,-0.08253564564541571,0.11071488097904462,0.43781357478548477,0.6029965838134712
YNL264C,859.6125652308841,-0.15615695622082598,0.13692076385612084,0.22826654834992033,0.3829552875162106
YNL265C,656.936132180982,0.21710353056110887,0.15294963869880324,0.12741074393981086,0.24572148073035488
YNL267W,1907.4000202128614,0.053659418356250585,0.1038550815724059,0.5971511082324812,0.7464466725727645
YNL268W,4232.790336369508,-0.3342316220619777,0.08353511860739925,4.4184440438806034e-5,2.3201859585124425e-4
YNL269W,5.751322306840286,-0.02868257820729752,0.41093625539017553,0.7848760808604166,0.8805963182712855
YNL270C,122.0231308127712,-0.1215703623122864,0.27508331176764433,0.5631815620093823,0.7183823645185653
YNL271C,2414.581476811247,-0.2766545353355291,0.09703312336562211,0.0031236861479371093,0.01088031731505324
YNL272C,1457.3275397238324,0.18123808278659742,0.11301367399803472,0.09421923571557267,0.1927865485824886
YNL273W,983.5009010290769,-0.13029447481592196,0.12945537546366276,0.28880891399420705,0.4547649419552317
YNL274C,1342.3561931468673,1.7865179638056878,0.1264833117766139,2.0907780212512895e-46,1.1855113453191208e-44
YNL275W,510.3505466981817,-0.06440078667014978,0.1644332860630816,0.6744245323351052,0.80393803662424
YNL277W,396.99510913106917,0.05720214979337457,0.1815301908322582,0.7284251203051755,0.8407756771265648
YNL277W-A,0.27015761586719667,-0.0119206026345075,0.42423607750536446,0.7407938598217132,NA
YNL278W,621.2410043704098,0.08913705851685826,0.15551414860080148,0.5385442912262135,0.6964586503796192
YNL279W,465.86594733800973,-0.5383662356986668,0.18639256038398394,0.0014442750442920649,0.005484153210682748
YNL280C,2327.0215183760165,-0.14041733643309542,0.09761021730395171,0.1317261240281765,0.2515508268763461
YNL281W,1162.6715434970524,0.9189572471675624,0.14156012197260123,1.4038962498893697e-11,1.6328947111632372e-10
YNL282W,238.48274552852996,-0.3418526706792065,0.24614175394572596,0.09283594603541112,0.19061753961379505
YNL283C,1605.7342138975198,0.022441518433374184,0.10840066439541657,0.82982416780462,0.9097667450450896
YNL284C,1072.8470549231429,0.12772894491586523,0.12558339924141154,0.28585049146775743,0.4523782538928338
YNL284C-A,0,NA,NA,NA,NA
YNL284C-B,1574.772265975987,0.07998537404321561,0.11251326496425602,0.46030619443013576,0.6255960206580005
YNL286W,475.8823106710192,0.038549503683489306,0.16955137545541094,0.8053881594309965,0.893747455055436
YNL287W,5385.499971020588,-0.11990747008505305,0.07862912751640999,0.11928952747783873,0.23193219371474283
YNL288W,921.234238291133,0.032697762889268026,0.13174755671826477,0.7976869283047395,0.8887614558184713
YNL289W,828.8391505774953,-0.10025295041267904,0.1385624119863653,0.44386483663619464,0.6091391532798789
YNL290W,1268.163669002793,-0.06613834676671354,0.11789141399869618,0.5587933439262096,0.7152603319150984
YNL291C,1193.0098204916478,-0.1981935730747118,0.12140912310030766,0.08782420034374298,0.1825517481237407
YNL292W,883.0506804485374,-0.6901531642907432,0.14402173939305152,4.4922147127796687e-7,3.1574004959787494e-6
YNL293W,701.3125044409965,0.3152751384035298,0.15098568290442166,0.025455532585684,0.06671612251456825
YNL294C,1104.3293404481744,0.02540914632172397,0.12414085654413655,0.831919315623671,0.910550832786248
YNL295W,500.2921453725716,0.0609620228046255,0.1664899476210883,0.6916859495212083,0.816427550906038
YNL297C,1650.0747691325175,-0.15949597541728439,0.11137972563811792,0.1316398702600557,0.25146754613655603
YNL298W,1057.506764501186,-0.20923333773085306,0.1389293407570523,0.10767703915627265,0.2136512449207738
YNL299W,662.2162272571742,-0.794587226702877,0.1616634898382087,1.8836530959392787e-7,1.3884877883442408e-6
YNL300W,205.3487014712972,0.22875238251934668,0.24092562748805418,0.25284953302177227,0.4135507552787508
YNL301C,3012.4833067229542,-0.5190309763377358,0.09159735402208609,5.75854047845301e-9,5.200323614308943e-8
YNL302C,17916.15045316785,-0.3000748100392948,0.06652754157072882,4.504632069065528e-6,2.7527269752621163e-5
YNL304W,445.19954426917997,-0.09348234278187062,0.17383196362353162,0.550903524169676,0.7077730026206055
YNL305C,804.6589250241393,0.6711343913501098,0.15112154281669424,2.5421500829582483e-6,1.608482729528411e-5
YNL306W,1050.9161677892596,0.22229243456024406,0.1295238161081287,0.0710133967518358,0.15418483087097778
YNL307C,3103.4765800280434,-0.1733333390608233,0.08947484588743547,0.050443809562230525,0.11729777010586491
YNL308C,3585.0582066503935,-0.9279289173215962,0.08804492698955659,9.958374730384174e-27,2.921618695774899e-25
YNL309W,400.5055415620008,0.042971324428374806,0.18169993767443485,0.7951007504939992,0.8870051316048265
YNL310C,343.0629753999721,0.3737995650398639,0.2054188309148223,0.03860507419674131,0.0946586788100555
YNL311C,724.2796264458236,0.3040889375147741,0.1491359102580483,0.029118842651834974,0.07479795796333871
YNL312W,1469.5177367640313,0.05641221145235157,0.111787361752842,0.6025348919111334,0.7510353535404679
YNL313C,1536.816396539637,-0.7734118055449182,0.1160756877114742,6.059330152410181e-12,7.2478437948809e-11
YNL314W,299.6719963700475,0.02086768638590038,0.20024955056764437,0.907553328185431,0.9549301390666312
YNL315C,759.8917771753571,0.03966841561984723,0.143038461704992,0.7690290943251475,0.8699337366651438
YNL316C,446.5279849948802,0.085597361418804,0.1759424959752767,0.5936886379842519,0.7436240225558908
YNL317W,547.0951869547378,-0.14678086935565535,0.1683318616889219,0.3394819889223952,0.5100446595351247
YNL318C,4.414425805018342,-0.0473417018948911,0.41651344797282663,0.6191172552613013,0.764593602989716
YNL320W,610.431089698609,0.365955230961022,0.16656545047043236,0.016672441816983862,0.046573846231527154
YNL321W,1316.9433492024773,0.3820981850289775,0.11957001282816236,8.433117271260547e-4,0.0034038393257100237
YNL322C,2027.9186676453983,0.3003751012924521,0.102213559860715,0.0025551674564413267,0.009104424465640184
YNL323W,1114.3192928363778,-0.09652120884049091,0.12574718209384003,0.43902355792827635,0.6040415121565669
YNL325C,553.0722697785544,0.3241991765158231,0.16713312303980485,0.034802120134448805,0.08671397354472635
YNL326C,495.77835966646484,0.012946230335630837,0.1679301236213035,0.9340808969210641,0.9680623987949938
YNL327W,7515.651199861928,0.09537742613349036,0.08196772485710535,0.22507562179290125,0.37878736921025646
YNL328C,64.02202023631983,-0.03754791664995318,0.3186328047185175,0.85589467324869,0.9264028467888598
YNL329C,1247.4618052708715,-0.18446107791999555,0.11958272539100857,0.10660692071949746,0.21231374923433857
YNL330C,1692.0769356727224,-0.006420665568612862,0.10654520801503338,0.9481097998027377,0.9750109057448092
YNL331C,262.83855741297947,0.11420321437932551,0.2131445985072113,0.5368257285849716,0.6946810009799379
YNL332W,19.456248876081613,0.45533721899864554,0.6864885068803452,0.04932806047076029,0.11521338356429797
YNL333W,175.71570170702225,0.3088014323137619,0.267457089615552,0.1514902949347493,0.2805710644567263
YNL334C,93.25284839829041,0.2321295143958724,0.32460083848917065,0.3039022832156002,0.47235418137121626
YNL335W,46.65815756967408,0.24015072201275128,0.38853339886721966,0.2832717102299632,0.4495196067241046
YNL336W,519.7875705799573,0.2412731908441216,0.18684388845460992,0.14660645500747724,0.2736746645074686
YNL339C,112.88186799992651,-0.02577749217616758,0.4235516982525353,0.1579056670859008,0.28923463773166297
YNR001C,5157.793202129211,0.9323924484532569,0.08296901404898364,4.6696812383225086e-30,1.6103573252858383e-28
YNR002C,180.33695387025182,0.8032932628282476,0.2986199805457152,0.0012770416768629147,0.004918820880771136
YNR003C,747.15655378713,-0.5102184567661963,0.1504399365822029,2.923555759190921e-4,0.0013090515043241353
YNR004W,77.2755180423313,-0.06950829629123356,0.3131803216354837,0.74061851343265,0.850597959335292
YNR006W,1009.6479459866525,0.0810805183344371,0.12802752028211223,0.5071656361378372,0.6684746884901265
YNR007C,321.96767113558434,0.39452809617696605,0.2134231339159386,0.034174860444250305,0.08535754004224652
YNR008W,1459.6615515992655,0.07535670874508163,0.11395531124780761,0.4877012229374471,0.6522962376189897
YNR009W,511.5924189727298,-0.21259044216013231,0.1684316426485825,0.1656610059701567,0.2998474377550688
YNR010W,113.04102825258951,0.09068146837137969,0.27980879121663754,0.669808557914107,0.8011888572047645
YNR011C,871.2457872319595,-0.3910876199206974,0.14717764172784456,0.0039913673238799255,0.01346515624080087
YNR012W,885.3834610172214,-0.8193196834640578,0.14572629009778582,3.789708596186016e-9,3.497325757700929e-8
YNR013C,2813.4428143934956,-0.008969171200466012,0.09138199943676624,0.9273504988900687,0.9641371459722735
YNR014W,310.82589186797475,1.8651568626077961,0.24390177100526378,1.4244212278046304e-15,2.2163092296474687e-14
YNR015W,818.7595476570882,-0.3655798911853959,0.14560607356036376,0.007362645772268664,0.023045393906087216
YNR016C,19729.454936049202,-0.0861837526718408,0.22416822519291668,0.6469089236913655,0.7839749122498937
YNR017W,1406.5218503332528,-0.15641824371343616,0.12063150522283587,0.1797561133758488,0.31861190278851226
YNR018W,2233.7526466288714,-0.21939559899338917,0.09875732338079307,0.02118065886402265,0.05711126900829518
YNR019W,1662.6253911494298,0.18176392270410302,0.10968577680330542,0.08548122553908243,0.17859774178069765
YNR020C,337.341864291215,-0.032971851081657864,0.19287110120052206,0.8461108817531975,0.920646183215985
YNR021W,4457.142058479816,-0.3990268353271685,0.08539264339920823,1.7731457709921028e-6,1.1477761373809474e-5
YNR022C,316.5117456803919,-0.02345165617877802,0.201433282110462,0.8930738537460402,0.9466936033687576
YNR023W,661.8648013948939,0.07029514557092771,0.14989072478135201,0.6171160586523932,0.7627611397763912
YNR024W,409.3894059267874,-0.5139874617136525,0.19619686830016697,0.0033376992762571447,0.01150345565873079
YNR026C,892.9378345093797,-0.12016275097473707,0.13421455764396537,0.3435506335918546,0.5141924076881134
YNR027W,716.6409759746294,-0.4302147768858978,0.15163624411018786,0.0023443899266281554,0.008445245813882854
YNR028W,974.9554149369803,0.03416929214205295,0.12986982116544005,0.7856935934187657,0.881345847515781
YNR029C,943.5917415876722,-0.48300181395936737,0.13700464864466533,1.9388722904988627e-4,9.038363554997466e-4
YNR030W,1755.1605515202803,0.02477929170697361,0.10658417093468094,0.8136696697794836,0.8983729718572581
YNR031C,1605.2424948111045,-0.09075865024180788,0.11038013993344106,0.38501506392839313,0.5552540552667484
YNR032C-A,111.15641369312875,0.0688243382606426,0.2782419891180997,0.7453047798994643,0.8531445457441829
YNR032W,652.8810406265657,0.3148827176719235,0.15632206802318818,0.029801087568125797,0.07630786512776284
YNR033W,1342.0343040728178,0.34552444452917797,0.11953899194933511,0.0025192197026851658,0.009014465161853412
YNR034W,466.53600221057695,0.5610136683213374,0.18619507362860832,9.26118785805075e-4,0.003695076102768963
YNR034W-A,162.03731239679703,3.057478872999706,0.34840551546119103,1.2497755652277662e-19,2.5067777238599107e-18
YNR035C,3661.405339734898,0.3722691893137882,0.08671753200298962,1.3006488618545663e-5,7.446530425588717e-5
YNR036C,1349.0190957927293,0.443784125402381,0.11924618208274601,1.02289959238437e-4,5.029580154790975e-4
YNR037C,312.37102484423957,0.6250270183844765,0.22884888463357791,0.0018086687862472117,0.0066785972651846005
YNR038W,951.7954759080316,-0.5935885848421426,0.13735988258992318,5.381710062000434e-6,3.251633630698418e-5
YNR039C,724.4293035318556,-0.3095759633585445,0.14886391489209197,0.025580554935762452,0.06698425064662131
YNR040W,262.9232015429002,0.0873709054542405,0.21227884326157645,0.6359085482596845,0.7764109438824873
YNR041C,885.0504299509631,0.5545224328286015,0.14189575238640847,3.568133789110738e-5,1.9007484150303542e-4
YNR043W,2930.261800110639,0.08730044944397675,0.09071744399810548,0.3270632072843004,0.49670145077401995
YNR044W,2768.1070281386983,-1.2378789753468824,0.09493155961187334,8.255522337775074e-40,3.8033449395202826e-38
YNR045W,525.8254826352093,0.30783433280241973,0.16962179744567946,0.04723661445828959,0.11133266005616854
YNR046W,563.0383229211409,-0.2675857375046087,0.16405343054273927,0.07634443796721745,0.16305800459713193
YNR047W,542.1288586577477,-0.03700334250502053,0.16367589919064746,0.8049573041720743,0.8936363220206944
YNR048W,301.25311468072493,-0.156240686100752,0.20430586566747888,0.3817534691673908,0.5514944163841508
YNR049C,369.6728660781905,0.268422082328827,0.19372151478988775,0.1194301056133768,0.23212898246607877
YNR050C,2162.4298768869508,0.10051725371832611,0.09891371085409646,0.2954617482345095,0.4626494767230224
YNR051C,3374.790962476997,-0.47076640964506444,0.08948586077604079,6.621038195682054e-8,5.110505528787575e-7
YNR052C,1435.7268555625683,0.00612805893891298,0.11265415471408705,0.9532072908325456,0.9764907424104158
YNR053C,2193.335367197265,-1.0657480942808248,0.10207116332215208,2.1979979608160597e-26,6.353722536731522e-25
YNR054C,704.3998959155693,-0.5826172563099316,0.15591677408534094,6.459135994659027e-5,3.312132605261242e-4
YNR055C,2046.1556939151526,-0.14678613462052129,0.1007403738317874,0.12793602228968298,0.2465486024321113
YNR056C,209.37309987083256,0.16127680206904907,0.2373183835145128,0.4146681277422242,0.5833378008786507
YNR057C,213.13528164783065,0.3158062476981662,0.24651266294590493,0.12418985848850089,0.2401927174505378
YNR058W,202.74803824405797,0.6321557386080046,0.2759095264549079,0.005814672016583547,0.018767991725119417
YNR059W,484.9416776764931,0.14756461498009768,0.17377359275891832,0.3508767840170053,0.5209265849315912
YNR060W,210.13304279924392,-0.021476281072894083,0.23322456282125822,0.9110499223206106,0.956687030551884
YNR061C,821.3575196051818,-0.20992530225849554,0.14182227417033644,0.11222650218241055,0.22062380821601815
YNR062C,148.26600342306585,-0.011150413380755024,0.25692087558412735,0.953226696182398,0.9764907424104158
YNR063W,145.2330541798347,-0.4516361904785689,0.3051713787533609,0.053933022747976754,0.12375215375284782
YNR064C,104.54087659959927,0.20676178653871533,0.3034978537748354,0.35223059893349273,0.5218853874147755
YNR065C,683.6311210358722,-0.33009997490522025,0.15267689510808677,0.019994292417686674,0.05430969248599646
YNR066C,113.79721798059933,-0.33504971139825696,0.31720940940566367,0.14872588434110515,0.2767549826315863
YNR067C,3683.2786776424055,0.15900197363702184,0.08732208804585952,0.06411945197652874,0.14161708675214937
YNR068C,152.23925134832075,0.5733097387377386,0.3127207899494624,0.01908703675242358,0.05227537054784726
YNR069C,194.7392313847602,0.8793108157020676,0.29244886116630836,4.1252450717838273e-4,0.0017808616536097532
YNR070W,296.45046664738675,0.11827030065453922,0.20317540960364064,0.5084726651232652,0.6697483373312251
YNR071C,46.33509706964433,-0.056341997708623213,0.34359701457615366,0.7790255432522176,0.8763665830901044
YNR072W,99.396527613581,-0.20038671746940803,0.3046083807934926,0.3630187513155227,0.5325178051014023
YNR073C,22.227109238221512,-0.12530736049673802,0.39483667597087113,0.484953464601978,0.6498001774046499
YNR074C,679.9030092655795,0.16130889356200928,0.14921931381565914,0.24805178477089881,0.4075679506252411
YNR075C-A,0,NA,NA,NA,NA
YNR075W,170.16058560577193,-0.23751651571025975,0.26419462630586565,0.25690827066128014,0.41792774402470867
YNR076W,24.54321814570218,0.01544040571303851,0.4228910759943104,0.3719051498059669,0.5421816238333218
YNR077C,0,NA,NA,NA,NA
YOL001W,417.4593467562997,0.09732080425380792,0.17916710844208894,0.5495910023523227,0.7067026037661681
YOL002C,1252.1056666702966,-0.5640348347954117,0.12762319018708376,3.6265036322846827e-6,2.236976142215771e-5
YOL003C,671.2745067648202,0.04127427231502558,0.14827002443119847,0.767676058847153,0.8694038254314694
YOL004W,2883.0724481219004,0.010189336969603382,0.09306895490103338,0.9081437229735596,0.9552842551507458
YOL005C,727.7038625888132,0.20431080683981875,0.1508186059964151,0.14694232766582896,0.2742148437485422
YOL006C,2371.679708311583,-0.29411999707223463,0.09767917660459298,0.001944365535630794,0.007134986660619037
YOL007C,912.5745524382739,-0.15279638498638992,0.13403284497912832,0.2254377960974851,0.3790723363521157
YOL008W,314.4998208427592,0.003121132284085502,0.19682735267515733,0.9875870135546743,0.9930376541049007
YOL009C,303.29728518239824,0.05405003383255467,0.19948894860604205,0.76038267268504,0.8652984602129836
YOL010W,891.5040489263135,-0.7773758995678461,0.14215235323930178,1.0223369330824983e-8,8.931438362055545e-8
YOL011W,1939.781103439364,-0.044378850396543476,0.107310161125278,0.6719830574246459,0.8023473321839083
YOL012C,870.0613513829393,0.012633134817510312,0.1345244174847886,0.9223495816740985,0.9624788665096207
YOL013C,945.9139990374106,0.45245424316479216,0.13855377828309723,5.408791126453739e-4,0.0022717693214172148
YOL014W,74.07404082553352,-0.4754064580531123,0.4219708700899384,0.07281577602784396,0.15751820661635946
YOL015W,122.23879786455844,-0.18001600098426193,0.2824159930802744,0.4009357512024326,0.5695779631030462
YOL016C,1073.338837135334,0.6470512530531777,0.13372631216428296,3.920472041921113e-7,2.785424533880579e-6
YOL017W,633.4406099827136,-0.05471917285256306,0.1515809351804166,0.6977721074838216,0.8206545907124244
YOL018C,846.2218803067813,0.1700450723032969,0.1374056306954245,0.18845966470702624,0.33056116679873104
YOL019W,1139.0989229482766,0.1904564674525646,0.12373715774074921,0.10709911222363057,0.21286264401171198
YOL019W-A,0,NA,NA,NA,NA
YOL020W,2012.3428153618947,0.005868657632305065,0.1024456074443433,0.951552449201948,0.9761253428443816
YOL021C,2120.568960835378,-0.6347848463641483,0.10367301957362186,2.967883419390813e-10,3.0867034434122794e-9
YOL022C,1189.0383377419587,-0.5492468567033834,0.12509680437684698,4.2941845779450395e-6,2.6350474980376584e-5
YOL023W,383.40025198643366,-0.06373340633504183,0.1868873111910808,0.7025128569566548,0.8241569222228862
YOL024W,11.975582564808297,-0.12018922827942398,0.4174014609846444,0.4102325913184455,0.5790206891016029
YOL025W,366.7748255409526,0.2496751043059446,0.19556381229818195,0.15020659596347677,0.27899025853143966
YOL026C,518.5706129856085,0.26834030078030807,0.1698153224540928,0.08369866184981017,0.17539836848910115
YOL027C,2346.469162490849,-0.2216411688088118,0.09863644310903272,0.022036302710710796,0.05909416875173332
YOL028C,430.69600391773895,-0.2824346912884518,0.1842257274627091,0.08895723282276091,0.18445175877490194
YOL029C,424.32574785279735,-0.2414347898196698,0.18226675443254098,0.1441521032480341,0.27037689340129045
YOL030W,5453.603201681616,-0.28981759200781165,0.08237459992766741,3.2344371614512825e-4,0.0014255213707831248
YOL031C,999.8002724518764,-0.09671142268778155,0.1321260652381994,0.43758737224066535,0.6029965838134712
YOL032W,504.7893133232696,1.298189024912211,0.1878302851829623,4.996266105142487e-13,6.56191118530629e-12
YOL033W,449.8278435986654,0.2985058001898772,0.1828623711765856,0.0684981963605494,0.14999400814636454
YOL034W,741.5271714559121,-0.4453617077758521,0.15117292252642925,0.0015971788352593587,0.0059914526663641466
YOL036W,1772.3011096569762,-0.14790487753833356,0.10579767886056968,0.1540664109509872,0.2836495864433255
YOL038C-A,0.2552620665530189,0.009512848885841568,0.42400983011338866,0.8474059576546062,NA
YOL038W,3524.7912438814897,0.2803805388702159,0.08778294502271998,0.001172333089285803,0.004560190123692863
YOL039W,7454.995541023887,-0.3780394912191532,0.08123095846228116,1.8990934983135793e-6,1.2239294382027516e-5
YOL040C,19620.439540886673,-0.3167879770826746,0.06655480373096966,1.3341809352613226e-6,8.859983080220742e-6
YOL041C,1885.4136441671867,-1.05417549814341,0.10823149945949001,3.5988454182997477e-23,8.733494416343051e-22
YOL042W,411.02925279615516,0.07477419732184695,0.1809598194309047,0.6491394770675154,0.7858705596935205
YOL043C,424.62733107343234,0.05306789270728791,0.17652891987808422,0.7239467704793576,0.8375629681796867
YOL044W,230.4636845122684,-0.01340993670854828,0.219215612648955,0.9412281563636943,0.9725843497294134
YOL045W,1276.3703697261647,-0.3155055084526235,0.12328081282133566,0.007229677943360526,0.022665290181816598
YOL047C,214.9450003094896,2.6546126992963477,0.2934298714539879,9.254997254691967e-21,1.970278657433882e-19
YOL048C,657.2723700056268,1.0508204557703866,0.1643687193937294,2.3175310730977282e-11,2.66403133295464e-10
YOL049W,3167.2844223634884,0.11478830787437291,0.09066620270872686,0.19696592191813878,0.3416878014762248
YOL051W,2067.3224319321616,-0.11691123464598421,0.10898227303341455,0.256741915692025,0.41777237219532876
YOL052C,1175.4591092817402,-0.05549849593802158,0.12078524957138598,0.63139303605078545,0.7738955343658436
YOL052C-A,159.37635944206446,3.2478276807195217,0.381345285715118,7.010237593457783e-19,1.3421873730071604e-17
YOL053W,458.4188053391148,0.3081825673028724,0.18297479478880627,0.061550031260682335,0.1371214712294083
YOL054W,539.3595203745232,-0.21889114160685197,0.16712595683983456,0.15252014060274702,0.28185874933701005
YOL055C,555.7398797603673,0.5816767167124539,0.1810374773185403,4.650489957421668e-4,0.001981498502811819
YOL056W,517.5344357525285,-0.1357347109484966,0.16770957426681113,0.37608860341291,0.5458514630386242
YOL057W,2366.372763444654,-0.23485645755379517,0.09735478361934087,0.014234374064125085,0.04058999219349402
YOL058W,9699.836664297223,-0.443463212983738,0.07563678323045156,2.2758432939607354e-9,2.1646206297558803e-8
YOL059W,3347.3779637121083,-0.16622270789976085,0.09368262777332656,0.06324877854269988,0.14016461746196965
YOL060C,1977.5702787484379,0.4903608817502548,0.10448183866878308,1.2583736975371702e-6,8.38489231003016e-6
YOL061W,2986.6826587636483,-0.43093522291166,0.0920681177358938,1.659527692085022e-6,1.0809607578758319e-5
YOL062C,1386.1663207284264,-0.10452748898696948,0.11461320853804466,0.3415921583903921,0.5121711055245721
YOL063C,1018.5050308056334,0.11419383823104073,0.12849883751749763,0.35154090690484485,0.5216499063960418
YOL064C,1365.3136189394213,0.1742379123719607,0.11719582611252467,0.12102815257023522,0.2346163759719517
YOL065C,524.9073775188012,0.09903760703696815,0.16331992358870587,0.5119224129004708,0.671891045821072
YOL066C,979.4360954391643,-0.11088899549601763,0.13116088427979858,0.3725046284587108,0.5426037251711135
YOL067C,274.9934448143547,-0.18906329199409888,0.21286273825496074,0.30385934123464436,0.47235418137121626
YOL068C,1772.7319006430657,-0.31341210556627513,0.11105942690970073,0.0035457722619970226,0.012177879457773117
YOL069W,539.5589406333327,0.275056512006724,0.16671861465616528,0.07217078889689094,0.1564098280503366
YOL070C,1949.1599348117552,0.2754977335940787,0.10331988942608862,0.006129803130344138,0.01959211331145766
YOL071W,392.07387411913743,0.6672353292565252,0.2026560536892753,2.6973919759648747e-4,0.0012179571579069575
YOL072W,412.37199690175885,0.16012504843455125,0.18125276086411093,0.32800486073004853,0.49774695412380243
YOL073C,635.027036625346,0.5006767752043235,0.1696584794225417,0.0013337445904160234,0.0051079908923835435
YOL075C,575.6583009496222,0.04963217834512165,0.15967240935427082,0.7211434314228162,0.8361001540771619
YOL076W,1223.7649183868875,-0.37571114723700894,0.12237066076590142,0.0013004534396783612,0.00499920073910254
YOL077C,2535.9669046355125,-0.9397267116111743,0.09722367080168921,8.601166555005244e-23,2.03699113152072e-21
YOL077W-A,188.04929892670305,-0.08276149997727161,0.23734007913221813,0.672603601372773,0.8029035298168506
YOL078W,765.1327392181727,-0.10718422529581895,0.14270395849770146,0.4241032228405374,0.5922180215701277
YOL080C,399.69845821870217,-0.8140243390928205,0.20161072269326444,1.1140780758163645e-5,6.440900404989315e-5
YOL081W,1926.1303578364304,-0.08270450889135995,0.10256495459573346,0.40504754049945196,0.573760592439411
YOL082W,1499.4376021766707,1.160868158039022,0.11754971181776944,6.836117186117163e-24,1.7081602985819031e-22
YOL083W,338.9994746579198,1.2347369427437085,0.2323040513804175,1.0845940492559993e-8,9.461318207784953e-8
YOL084W,628.1862723060151,2.7646622689112035,0.1784778741888368,3.444427172730474e-55,2.4770471997062935e-53
YOL085C,17.246397750505395,0.04917805757371151,0.38738850153872495,0.7671380064120972,0.8690779611210366
YOL086C,182523.51739559206,0.10253879787376824,0.06079221428425359,0.09853676286281521,0.19968085587698325
YOL086W-A,149.2982159447623,0.19805957869732546,0.2683576252244924,0.3491515841310035,0.5191586210843865
YOL087C,1848.2542412854787,0.07129465396065902,0.10728203263754946,0.49778017543467523,0.6607109306615659
YOL088C,869.2462971540688,0.40247511019630455,0.14262824564430915,0.0026779663857605315,0.009496072024551928
YOL089C,863.3480147698997,0.08713404345548398,0.1356661805794715,0.4998902940763117,0.662438890824272
YOL090W,1723.2653296554197,-0.05828883791421482,0.1063703126907867,0.5625698506648327,0.7177573365146079
YOL091W,100.86561823674643,-0.35201850044489325,0.33544028857968206,0.1384673605535878,0.26196407609384254
YOL092W,2299.544177144046,-0.5527702491837331,0.10002463507048433,1.2769835103885223e-8,1.1009315439709234e-7
YOL093W,739.7938331140905,-0.5310644101467857,0.15112051545950866,1.7544085251216534e-4,8.223964286679166e-4
YOL094C,594.2980641063069,-0.14242970027466123,0.15658766998544035,0.3261657990345562,0.4961698506098934
YOL095C,389.4632204071113,-0.08925778926265565,0.18351058547803084,0.5883683614990063,0.7393395385491897
YOL096C,442.41368750121495,0.2783188826121335,0.1805545977542833,0.08493968039812369,0.17768332575655743
YOL097C,5118.20531984378,-0.493924550135145,0.08071355675686871,4.523459700016952e-10,4.607053860276332e-9
YOL097W-A,2.469682113648137,0.00828456517932242,0.41722635588571555,0.9157612236963074,0.9590539667700854
YOL098C,2851.6413273207136,-0.2250397781698553,0.09193254871162958,0.011763500864690014,0.0343753045585119
YOL100W,1151.7295814858273,0.2918634137433679,0.1255510029420261,0.013801295971814466,0.03958474822266046
YOL101C,179.15409336589335,0.25665742337862085,0.26351954257949717,0.22290060768824876,0.3758778620353454
YOL102C,583.9896550611745,0.13303630204385888,0.16215563428348814,0.3743265913659683,0.5440421879768133
YOL103W,2638.802729854997,-0.32815125937906536,0.0945033265002109,3.444378971373434e-4,0.0015079066662352738
YOL103W-A,0,NA,NA,NA,NA
YOL103W-B,5950.657531006291,-0.12651743031615695,0.08598919854014483,0.13016210003917214,0.24922248879647177
YOL104C,185.45961638231643,0.39324071470145777,0.2706785961859575,0.07091161623766119,0.154078027087426
YOL105C,642.9401266787773,-0.10653700644680308,0.15193392112314863,0.45106191154115843,0.6168627301387318
YOL107W,483.0717135592066,0.3230867360448007,0.17582378376275357,0.043931320072442326,0.10479894598187395
YOL108C,373.69259761643355,-0.023612615870788896,0.1845442269095069,0.8850673722682741,0.9406930235275104
YOL109W,7262.071113477285,0.05625415443711062,0.07696231541503507,0.45898526869891454,0.6243084934264339
YOL110W,356.72073043881954,0.37206468289198846,0.20195012241880328,0.03696349553338495,0.09127878273047364
YOL111C,876.0617326063043,0.07363221210693766,0.14088725319663822,0.5800566717520901,0.7330488875203749
YOL112W,1016.1805354269952,-0.2624381798841668,0.13029190189588613,0.03359365238017025,0.08405681596301781
YOL113W,729.0222533624657,0.19547984130447563,0.14732909522461357,0.16126137449494654,0.2932341428913659
YOL114C,83.84772794369943,0.043623332533164715,0.3019887146773444,0.8400654573422653,0.9165339504065381
YOL115W,977.5204692747249,-0.3813016158504476,0.13409633983782593,0.002642509397136848,0.009381624271472603
YOL116W,453.45327488327075,0.46452943005352276,0.18855088959972763,0.006249796211560489,0.019910885067299947
YOL117W,430.66482099043634,1.1538358457187843,0.19776928595415355,6.32209023109716e-10,6.340368383125843e-9
YOL118C,31.899849664568766,0.6790290753982259,0.786625396486286,0.030864371397183708,0.07835006376633334
YOL119C,957.6549894873498,0.597812944198792,0.13697249690993824,4.405541122000191e-6,2.700569230398662e-5
YOL120C,23194.13537776905,-0.3822903994314655,0.06548562721901455,3.175679812100138e-9,2.9537829419486616e-8
YOL121C,10714.224827263177,-0.2034442695265394,0.07012392544328336,0.0031973166897100104,0.011097455279117086
YOL122C,1306.897978413604,-0.058978249627500576,0.11633271489957846,0.5966937561131128,0.7461202459285466
YOL123W,4856.465811437823,-0.7832921142285914,0.08162111647786031,1.675830772066292e-22,3.921577009077351e-21
YOL124C,1103.6294878563253,-0.6645605711964071,0.13043116059465573,8.557561590649844e-8,6.494715662813658e-7
YOL125W,709.6319610768633,-1.0412766204391632,0.15660664877143662,4.9292334132002e-12,5.944312768433861e-11
YOL126C,4750.310277064922,-0.07343200168146712,0.0804004340887362,0.34993242039667233,0.5199172292968447
YOL127W,18700.4987973789,-0.25775008416965567,0.06928286635792308,1.812571248332089e-4,8.476393855205653e-4
YOL128C,218.640159785935,-0.2886851839226726,0.2420938542515249,0.15048594202430093,0.27914929226716034
YOL129W,1736.6862465799268,0.4102087688555126,0.11006825985511609,1.1005448524808224e-4,5.363564458743314e-4
YOL130W,1988.7783025414321,0.12807877343125876,0.10272062541059405,0.1962178439600319,0.34092416789402125
YOL131W,1.4736301112110262,-0.007173592069293008,0.41994517278757265,0.903553087416171,NA
YOL132W,59.874430777353865,0.040070955989156554,0.3222051286346323,0.8514458907317795,0.9238227079384184
YOL133W,506.2583993645747,0.19091299313028415,0.16860058126859048,0.21655026142936226,0.3670586063952139
YOL135C,352.2674584309381,0.0938494199189648,0.18974898652843472,0.5813635275098203,0.7339543399112418
YOL136C,766.417329173699,0.6184360459410828,0.15685309555920082,2.5501928254787687e-5,1.4080980423078932e-4
YOL137W,810.806734518989,-0.13525050661358465,0.13899118138327812,0.30154201151008597,0.46992421825448655
YOL138C,905.3452883937352,0.03754059293994492,0.13573038280595842,0.7720793693134915,0.8722130346439961
YOL139C,5660.702202013843,-0.29485632466538914,0.08051023545700535,1.737434293664516e-4,8.157364673359594e-4
YOL140W,1571.6412974845712,-1.0260019917704404,0.11462807655165895,5.199994664476568e-20,1.0721807180565848e-18
YOL141W,140.43997876897154,-1.0272942264794565,0.3501658508697958,3.782571316187106e-4,0.001638928953090034
YOL142W,743.3362574424762,-0.23992417622731158,0.1460907881645361,0.07897009945276527,0.16757347120293514
YOL143C,8166.452543971405,-0.13000080126244873,0.07303114088347953,0.07044408234581191,0.15334394743198704
YOL144W,637.0070175923387,-0.9988839288243376,0.1657699044266681,2.516898202010658e-10,2.640951725490543e-9
YOL145C,2768.791337231257,-0.17212956836828638,0.09288228270490664,0.05800575264222773,0.13125860450161816
YOL146W,340.4349858906241,0.13408835908251446,0.1935951502298435,0.43613338262934304,0.6017497794490491
YOL147C,316.43400986348684,-0.25448183518701906,0.20735548091278133,0.15889912320465935,0.2904491878339638
YOL148C,840.7077904502539,0.037157654812146015,0.14205877391148503,0.7806739805895118,0.8775513655235132
YOL149W,913.1783945127167,-0.18206997461845015,0.13366259494885624,0.15139540600277787,0.2804834147654355
YOL151W,1458.6532173283238,0.5053376531095165,0.12008398003033079,1.1346251443276708e-5,6.54685369481436e-5
YOL152W,138.33303507315009,-0.44484513735458087,0.31377281046079614,0.060534392723366144,0.13526764452053436
YOL153C,612.2952619752158,1.3925845292929526,0.1786702776777438,5.960659216318891e-16,9.474395525237871e-15
YOL154W,128.67813192880539,0.15673383670840652,0.2748222332144516,0.46090623710598755,0.6258264057596151
YOL155C,3621.1119115458346,1.3282926280724234,0.09062546331030204,1.3426677945529212e-49,8.247616650498518e-48
YOL155W-A,1.2640586644006782,-0.0026887391359439036,0.4234424919850575,0.8588343934667761,NA
YOL156W,115.18057308518979,0.2950760594370494,0.3094007330848431,0.19596970001580902,0.3405933748874818
YOL157C,96.1145909732039,0.27124122990691824,0.32309352552865295,0.23787786052575652,0.39525661975778703
YOL158C,1260.8818512092776,-0.5612865188303475,0.12283507413380412,1.7369750304903833e-6,1.1255979950331637e-5
YOL159C,159.9711794760032,0.158008884526785,0.25585017510335983,0.4436748066741858,0.6091391532798789
YOL159C-A,36.7445165986647,0.2556902098645299,0.41794421922681757,0.24410333643271814,0.4028763993685247
YOL160W,2.96215577173623,-0.03594738166570119,0.41877637798076384,0.6482295372460919,0.7852525844577247
YOL161C,0.2552620665530189,0.009512848885841568,0.42400983011338866,0.8474059576546062,NA
YOL162W,16.507093046563725,0.03956710139862171,0.3875798860084643,0.8095679775626891,0.896361690515805
YOL163W,23.022912449843417,0.08125987990911668,0.38158631792789344,0.655263518815926,0.7900997539908664
YOL164W,516.7295054755855,-0.0746168587965605,0.16908934104740853,0.6285695393916177,0.7718050905282628
YOL164W-A,4.0305643514523215,0.08382539436798715,0.4277206090845224,0.32146363536126904,0.4913520370758281
YOL165C,2.1139420649491267,0.018577542758322713,0.4188697462989534,0.7941820361111958,0.886147865079985
YOL166W-A,0,NA,NA,NA,NA
YOR001W,1615.7664053796382,-0.8516911859170672,0.11321314287514751,1.0948659124237751e-14,1.6020903934399509e-13
YOR002W,2081.4911793722767,-0.08839975954352249,0.10006964804933359,0.35677333460706423,0.5262655108487705
YOR003W,327.4188200549202,0.5071819671285174,0.2157672212085607,0.007391682738494187,0.023099498202914796
YOR004W,703.8831014399689,-0.8703024768808432,0.1589212291561277,7.954819087966687e-9,7.06469400026198e-8
YOR005C,490.84558414104106,0.34700663370140006,0.17835485908852544,0.03172972017821073,0.08016617610586634
YOR006C,1025.0354027227534,-0.22755388658305079,0.12930690906286607,0.06412033604006084,0.14161708675214937
YOR007C,8044.988877141373,0.2965340778666567,0.07712325202676776,8.928243225766174e-5,4.454302056035798e-4
YOR008C,1877.9589024774164,-0.07959874173288035,0.10323289377899983,0.4122515529867276,0.581034275325701
YOR008C-A,5.167960336312983,-0.07575306434222202,0.4219714082754007,0.4276744625618169,0.5946701970589565
YOR009W,194.83189997177308,-0.6006981157371469,0.2888575233132403,0.010073901031935605,0.030089650285948552
YOR010C,117.84225672849576,-0.5140771309749116,0.34586662323930417,0.04192583553978805,0.10091291925637966
YOR011W,597.3399989167398,-1.0146421939195538,0.1688366694783931,2.685800782566216e-10,2.8081856763817335e-9
YOR011W-A,0.1925249435925408,0.010034837227069857,0.42402251994226076,0.8510168722001032,NA
YOR012W,105.90779621304966,0.09132471053747197,0.28451145205462913,0.6691964715236283,0.8007815731685949
YOR014W,2575.7499741066995,-0.028766210007850564,0.09518610027707373,0.7466092028807281,0.8539688157937393
YOR015W,260.1924815387148,-0.12297487790658232,0.21320419437578006,0.5033564262837833,0.6656857694091658
YOR016C,666.5601491226886,9.682713535232129e-4,0.14863031956513503,0.9957918107073707,0.997552403120231
YOR017W,790.2820022080496,-0.04088567259324028,0.13962047038324785,0.7524567852771896,0.8590973209641021
YOR018W,756.5015021573549,0.21195720600084206,0.145275432373355,0.12071086970721917,0.23407826328953354
YOR019W,275.2353921868862,0.4758562530015736,0.2323992700981012,0.016892518702743317,0.04709937720571033
YOR020C,1258.5325183898362,1.1414979482469672,0.13202785090998023,6.509313925413066e-19,1.2544256280444724e-17
YOR020W-A,234.87801159028862,0.7485293459219423,0.2611971440608811,8.583985213232824e-4,0.003457633934592484
YOR021C,1271.3026410303503,-0.5611332022736433,0.12400035617547155,2.383281118189576e-6,1.511205242361713e-5
YOR022C,456.6024670355476,0.39382859200480685,0.18306187259264353,0.017275676709405947,0.047963590186142595
YOR023C,1281.2683834932025,0.3502373692620056,0.12093941677078918,0.0024493447699347618,0.008796459262061688
YOR025W,1162.3192483080222,0.2629690807548459,0.1235949740473746,0.02498588541953585,0.06577757424955487
YOR026W,619.8431513657181,-0.3041831295029709,0.15806478607966032,0.03440581717602943,0.08589801180653918
YOR027W,7368.7570415677055,1.3270980714496787,0.0849592292550178,4.80143928666492e-56,3.539260934182879e-54
YOR028C,738.1734752557178,1.1076731116746115,0.15702282460894898,2.2905314159425985e-13,3.0838501734734028e-12
YOR029W,0.46268255945973746,-0.0021738199621021822,0.4233074078347959,0.9428976257824254,NA
YOR030W,686.6278683083284,-0.29250542610771,0.15212067436650442,0.038554202169963823,0.09457326547266083
YOR031W,36.049120484199925,0.43297510048711235,0.532383710809879,0.0902439460389646,0.18642460685707327
YOR032C,159.24068708557948,1.0053525656739883,0.3228250893220121,2.323506516419244e-4,0.0010629726863711623
YOR032W-A,3.609936225889204,0.0683441655711728,0.42436428814268273,0.3941544516317694,0.5638098051105676
YOR033C,1000.5253803921955,-0.27390640744438877,0.1305485278178151,0.026838540121935116,0.06993675258464489
YOR034C,728.1675877737241,-0.3975733664279121,0.1513409793467611,0.00480100716297357,0.015860806296949657
YOR034C-A,6.268792228703344,-0.048521666809606366,0.4134243227527504,0.6369856218328858,0.7770592080985783
YOR035C,704.2182367356651,0.40130013587969376,0.16215462498808741,0.007113642207132537,0.0223609531425696
YOR036W,733.3684059019868,0.6245529225384799,0.15619902590311252,1.9950063471264222e-5,1.113013474834864e-4
YOR037W,377.1897333068235,0.05209637821404971,0.1840945685820459,0.7556788892748135,0.8610237438656592
YOR038C,928.6852134767231,-0.06288311489262276,0.13362682352207134,0.6157480551562432,0.7617088905509474
YOR039W,1466.817939616925,0.024929949714420748,0.11243719806607878,0.8199642304722413,0.9032933060143483
YOR040W,334.4783174056433,0.5027383963913284,0.21510611701992965,0.007702898506714447,0.023932556635455793
YOR042W,2050.7462760422454,0.5014149613787119,0.10733678831395915,1.3364793869865242e-6,8.865263155297563e-6
YOR043W,1791.9212557956498,-0.3577156251941665,0.11239723591575815,9.478719298210799e-4,0.0037769843333019647
YOR044W,209.46051135268397,0.3026633115898568,0.2475837883106744,0.13890236559147437,0.2625343749656809
YOR045W,215.45052456462508,-0.07830642245910321,0.2271473448436896,0.683070139463182,0.8114554013727606
YOR046C,3786.8702206574617,-0.3096199295172561,0.08743933583998972,2.853476492204295e-4,0.0012815651846556533
YOR047C,810.2927858979292,-0.09699243645963147,0.1410757946413084,0.46406046530992257,0.6293846743175283
YOR048C,2147.9767439689463,-0.5038833833201897,0.1103181535478577,2.0399963153468344e-6,1.3090161340152647e-5
YOR049C,226.37168937521736,0.06289329867117924,0.2290437447810738,0.7466615591372765,0.8539688157937393
YOR051C,2493.9621604837116,-0.8151536255075202,0.09966333119801755,6.089778478736451e-17,1.0231174840201951e-15
YOR052C,767.9332514349694,1.4331609934387635,0.1542045825994821,1.3735506140316681e-21,3.068116655660889e-20
YOR054C,1241.8768747994047,0.49169147462218216,0.12390673496812267,3.3013830926855964e-5,1.7714518742099146e-4
YOR056C,1532.2538117631675,-0.7185754536594371,0.11478240612933756,1.0055480480857755e-10,1.0920288838972041e-9
YOR057W,882.6013089243417,-0.0144041802763522,0.13372742534746124,0.9083831100862729,0.9553440785353972
YOR058C,836.2086826036839,-0.002319739650314731,0.13924118334054178,0.9826882838069979,0.9907281922752191
YOR059C,789.1200527584369,0.38902212231683225,0.1482720069546845,0.005014050424996244,0.016426586309001585
YOR060C,166.6774563100517,-0.008013773571594511,0.24456168704327266,0.9655034814575315,0.9828368772924329
YOR061W,1734.0499855354499,-0.24663379237639454,0.10795308571794363,0.017069595487020025,0.04750325841762958
YOR062C,376.75421192568706,0.6802949294930559,0.2070643852116516,2.6247345955583733e-4,0.0011887910837179514
YOR063W,71250.16948046102,-0.5117106706782804,0.06270521395493152,4.552417599152312e-17,7.692150883152202e-16
YOR064C,388.1245883501072,0.1801261948098428,0.18656012411426776,0.2789639533842285,0.44436802623090105
YOR065W,1851.2102781920892,0.43038838060149015,0.1063523590981295,2.8217750610973314e-5,1.5464691017928406e-4
YOR066W,1396.4927454006538,0.14275198865296823,0.11830794855825223,0.20863650494188496,0.35651390021509577
YOR067C,1848.394684701348,-0.20059135577396198,0.10462659998399583,0.04714227831073756,0.11115474418169509
YOR068C,0,NA,NA,NA,NA
YOR069W,1332.486678693055,0.15695255417571363,0.1205045390722055,0.17230463294048143,0.3094975389735056
YOR070C,733.3685340680795,0.2954768245530071,0.14784990358143357,0.033736310387322076,0.08433362541502258
YOR071C,841.0180778220265,-0.24602764500938362,0.13902674427932513,0.0606977936733056,0.13553006031483647
YOR072W,12.384962993807136,-0.11512109610206754,0.4141061663063949,0.4380582788616593,0.6030940990988078
YOR072W-B,0,NA,NA,NA,NA
YOR073W,781.45917337539845,-0.22779626140874215,0.14380674334138938,0.0907019321310449,0.18708264909995515
YOR074C,1125.634773526225,-0.024249418118219714,0.12770860098392012,0.8397894139603876,0.9165252258236363
YOR075W,540.87195806325,0.22846994350272848,0.16652542644822238,0.1347070832371527,0.25666160576720176
YOR076C,805.2523895836925,0.11245515468140875,0.1393709088858801,0.39444989239935685,0.5638402964579636
YOR077W,260.4079113614021,-0.018870824319470868,0.2105290130568332,0.9160657676191499,0.9590539667700854
YOR078W,861.7337658881695,-0.5948189287822099,0.1434907653211063,1.1584240492750949e-5,6.671119744702377e-5
YOR079C,491.65880782014756,-0.026926771900792235,0.16979765904712632,0.8634926705827068,0.9298481980744406
YOR080W,692.3978984016804,-0.10738581795795693,0.1592676889483256,0.4639046258298425,0.6293180534894366
YOR081C,1339.6091546775463,-0.03284515898246304,0.11593705125270008,0.7669717244785191,0.8690779611210366
YOR083W,238.6130339673378,-0.08926609828278576,0.2198253994994233,0.6332968072476246,0.7748947782811526
YOR084W,535.7673878571609,-0.05251174613441578,0.1613741175604714,0.723352738314975,0.8373794852460557
YOR085W,1838.9714152316512,-0.1819158255797,0.10448149102050015,0.06774295381579327,0.14861614533174589
YOR086C,5583.746914514533,0.14462485461277322,0.07827882223542865,0.06006099739635144,0.1344645792127124
YOR087W,1562.6904934899417,0.0485732917164915,0.11054733560308139,0.6509851338540759,0.7872968282070314
YOR089C,1373.864183032506,0.1425535831458367,0.11664958690362551,0.20352765018247818,0.3497685370166919
YOR090C,1513.8761883009633,0.02365353230689839,0.11062199969936125,0.8224600618146045,0.9048595120374483
YOR091W,1690.9642841501845,-0.4511273936300674,0.1098287763361872,1.9718451713912416e-5,1.1011336151225522e-4
YOR092W,1027.5856441423566,-0.044803029586676216,0.12740970942058796,0.7126166925873314,0.8309868768415054
YOR093C,928.3086098905343,-0.2303533996719194,0.1335582824376564,0.06853655677674418,0.15002229967054953
YOR094W,446.46140353930866,-0.03923698677171637,0.17366417805281517,0.8055455702907777,0.8937539469435025
YOR095C,1064.1052239025287,-0.8477529858617578,0.13578049342261408,1.1622095793473577e-10,1.2529341662543635e-9
YOR096W,17255.99456644775,-0.25253482821700396,0.06820547442612591,1.5734410907830608e-4,7.452676395460007e-4
YOR097C,390.16372767701444,0.4796107236009108,0.19866866640215594,0.006867747246313164,0.021680463335925444
YOR098C,2466.007583272147,-0.4290639680948501,0.09681347308489681,5.5851881287768635e-6,3.3601184082468465e-5
YOR099W,3725.8547041607135,-0.3031812948756499,0.08586814992845283,3.1840473531096934e-4,0.0014085766872684068
YOR100C,62.157482564323594,1.2236821285924662,0.5483948848903464,0.0018961605072702697,0.006962427466608206
YOR101W,972.8984060798686,-0.7378466871174179,0.13642954216219064,9.965208367242452e-9,8.75779936536941e-8
YOR103C,516.7995465276027,-0.07900879117201137,0.1643121775796323,0.600590974776601,0.7492458172747231
YOR104W,446.85900870074533,0.12649020228465369,0.17814479939997693,0.434029516246647,0.599970008745072
YOR105W,42.94968006911187,0.005457892218990624,0.34262761367116473,0.9812287333210798,0.9907281922752191
YOR106W,431.84724930363893,0.06572121350537061,0.1780702440800647,0.6854372396624857,0.8126303583212059
YOR107W,176.35367719162252,-0.5882050716125539,0.29193539674869495,0.012295630341675537,0.03575312234953681
YOR108W,3530.0021074707242,-0.7749158266917137,0.09071648114928124,2.677391515922315e-18,4.9339305529355915e-17
YOR109W,2389.7516578389077,-0.09170118414218938,0.10249269396822658,0.35533175596692,0.5247661820528243
YOR110W,796.5762595688072,0.19084313109459505,0.14126963367241174,0.15326481093652,0.28288030988815605
YOR111W,301.79898485229853,0.26063388914150726,0.21022813692053793,0.15461017089851123,0.28447306639267417
YOR112W,1031.1243993229778,-0.08147566732585433,0.12681460850797072,0.5002813909020695,0.6628082143674463
YOR113W,442.2040690468936,0.18864109558087544,0.18313441853500353,0.252755334100206,0.4135507552787508
YOR114W,198.31741417699948,-0.08994490893615105,0.2337219951010265,0.6432176979757461,0.7817507759610419
YOR115C,649.7214215450923,-0.03986127204459871,0.1504933728203697,0.7756321236399533,0.8742418721927788
YOR116C,2248.228954350657,-0.8585747308264248,0.1007588065554537,3.3366379936367567e-18,6.129643068061045e-17
YOR117W,4020.2045797687233,0.25500578929727563,0.08407696857704611,0.0020104414730418513,0.007345460574056876
YOR118W,1198.1718370061358,-0.23822478775801972,0.12171755416375332,0.040329798494377,0.09783239248251198
YOR119C,753.7943768923187,-0.6940304935714272,0.15140311699172826,1.0313339056072276e-6,6.915104692182932e-6
YOR120W,1192.4427951267967,2.3541927207201145,0.13849594640527224,4.758248201025583e-66,4.126380829624686e-64
YOR122C,3619.2574867933536,0.15963968905206752,0.08953828358172546,0.07005267161752025,0.1526609772832657
YOR123C,1927.0347797995692,-0.2861546249094,0.10477694849364139,0.004689961350921167,0.015528749065907987
YOR124C,2656.769590115422,0.26937283753264885,0.09392453225072597,0.003258197362407051,0.01126236216067666
YOR125C,486.83857837260246,0.2921226926498637,0.17478591473216218,0.06686488726066377,0.1469631905240903
YOR126C,374.01463081647694,0.07539819453602235,0.1878060712145417,0.6555742208235852,0.7900997539908664
YOR127W,1875.3630698729667,-0.21860074284816483,0.10455859050939426,0.03045397977597329,0.07767608941994572
YOR128C,2256.2819686310213,0.5954958613793224,0.10760815534449401,1.0933730915534696e-8,9.523812586249351e-8
YOR129C,452.5378475951087,-0.1855800379086339,0.17955480464359216,0.25244550050380604,0.413290148936964
YOR130C,749.432325771847,0.14521051058770718,0.14374657652174772,0.28863251319804617,0.45461162669040556
YOR131C,561.3957641005633,0.1879164029557442,0.162488084490925,0.20997198846988446,0.3583805545606103
YOR132W,1324.9945575183592,0.3158498779512971,0.1192469429281452,0.005867788655135826,0.018882356617997278
YOR133W,31938.96693445619,-0.4776849583580497,0.06837796549100128,1.2835917542558947e-12,1.631323399751511e-11
YOR134W,148.08454886729953,0.8519091268792716,0.3314744405609971,0.001590531195723849,0.0059741162173143555
YOR136W,3834.992462113885,0.20513959786988037,0.08538634514910366,0.014221459081128608,0.04058999219349402
YOR137C,607.260982691283,0.15825630264209364,0.15911298162215287,0.282844845132842,0.4490942519516342
YOR138C,1232.4481328341776,0.10284392134658572,0.11968959420225748,0.37043766848235354,0.5405768203515068
YOR140W,627.5815747014356,-0.38856013959427393,0.16179158468707938,0.009186149327848475,0.027822661831701314
YOR141C,1241.2127129522873,0.027218034690519328,0.12366654399521372,0.8191953020228941,0.9029918174495324
YOR142W,3458.977910778235,0.4671548764167306,0.08853683225368061,8.04251521871995e-8,6.12748220216945e-7
YOR142W-A,0,NA,NA,NA,NA
YOR142W-B,5462.225068914457,-0.11759474227369583,0.07807689229131295,0.12768763337769004,0.24615036744957114
YOR143C,427.9524457960018,-0.09273280502641057,0.17848676105455977,0.5717619720229073,0.7263421691122542
YOR144C,557.009720795747,-0.024330360136559138,0.15881325281700517,0.8654740648982395,0.9309924408436553
YOR145C,1914.3362356494702,-0.8853728653281107,0.10681110918383242,2.144651828607119e-17,3.6979566764023916e-16
YOR147W,739.6662010273756,-0.046852920684160686,0.14340146217622732,0.7290505122181656,0.8411682391998675
YOR148C,434.8540337399369,0.20468534609265354,0.17896929740207648,0.19876123369446314,0.3442659059623537
YOR149C,653.7368576319535,-0.17751779172013668,0.1516210223030361,0.20834823419864398,0.3561245034983778
YOR150W,504.28804034384086,0.1418352943362383,0.16807483743774854,0.35851573013425886,0.5281278844150766
YOR151C,5964.815025307217,-0.25637180105353047,0.07825949347628941,8.080377300219912e-4,0.0032771654016091343
YOR152C,227.3809636085715,0.6183656459347014,0.2602768376868868,0.0049672831815172035,0.01631870134897323
YOR153W,8707.175558401044,0.2864955519034973,0.07244770426428095,6.919561715172936e-5,3.508568824967739e-4
YOR154W,550.7445452250067,-0.4989406970412275,0.17269816472614624,0.0016086094200659798,0.00603049570891868
YOR155C,1339.9871448706788,0.8885452583484064,0.12183583911932062,5.709519728625858e-14,8.008279919028331e-13
YOR156C,433.6289169300532,0.22127854517019732,0.18183625424128066,0.17747080199953827,0.31539849997164443
YOR157C,2425.543994455306,0.26485484957108074,0.09753802568779069,0.005307251018571489,0.01730064082726151
YOR158W,871.4018831191545,0.16097422831139824,0.13596859624264085,0.21050054475678479,0.35897099838946206
YOR159C,176.09412558644294,-0.018558528627182526,0.2401350437810201,0.9230290271935484,0.9626285250411533
YOR160W,1110.4763192136186,-0.21419280186293518,0.12559612089323235,0.07320421025442005,0.1581014732776781
YOR161C,3457.4659359714683,1.3522405857599906,0.09025303182363305,9.530920966697775e-52,6.244871215624087e-50
YOR161C-C,0.27015761586719667,-0.0119206026345075,0.42423607750536446,0.7407938598217132,NA
YOR162C,694.2649872311032,0.5895938346640808,0.15703023037032948,6.0512623294927294e-5,3.1110979910216763e-4
YOR163W,1224.401326104658,1.6182605171665798,0.1309886069605978,3.86055627971121e-36,1.637820171327842e-34
YOR164C,1816.2506647321968,-0.07208958095387558,0.10476102244372533,0.46370190967278085,0.6293180534894366
YOR165W,2404.829457856795,-0.20725860653660105,0.09630909629941209,0.029184444639101505,0.07492410537082349
YOR166C,646.1919398834424,-0.08137913763023845,0.15061458629220031,0.5618766442618406,0.7173686270644738
YOR167C,5624.426280239294,-0.3561640431651044,0.08511417025581147,1.457370332450012e-5,8.279492148803199e-5
YOR168W,6358.698362056046,-0.6590422582444245,0.07917527416496,2.8585528116446496e-17,4.914544002993731e-16
YOR171C,1391.9782109053267,-0.02831713222628241,0.11431742113464285,0.7986067827944732,0.889066301328867
YOR172W,793.8899360575767,-0.006202113858751439,0.14092054676048918,0.9633567731137244,0.9818380385502303
YOR173W,1304.898122923217,2.7340072915876976,0.13191930345071887,1.3440033575121314e-96,1.7612417331664532e-94
YOR174W,521.6999532689467,0.08133041711844854,0.16397405733931367,0.5916169893788528,0.741501676167289
YOR175C,2947.318201466176,-0.15227921030363117,0.09335521279782108,0.10119229764113546,0.20387119207030266
YOR176W,2054.1715631360553,0.027202498318384543,0.1003551066652971,0.7816831442150802,0.8780217494663907
YOR177C,75.69357844329824,0.6273533023929859,0.4588443431936589,0.03192705828148987,0.08043666413000596
YOR178C,425.5407406256553,-0.22675826166664897,0.18603472153389175,0.17443848563284511,0.31236273550898275
YOR179C,255.6572941218746,0.17051748010397236,0.21788656527144928,0.3567932020304196,0.5262655108487705
YOR180C,202.00506562705607,-0.20572706705683105,0.24294753751794781,0.303413752033969,0.4719680547993445
YOR181W,469.2930966918873,-0.11832154946040223,0.33592881507716843,0.5688746873320296,0.72376570252362
YOR182C,3506.850026158244,-0.38681763185166695,0.09329606465366945,1.8999046843090393e-5,1.0619656799403227e-4
YOR183W,5.309518565167178,0.05023153133185902,0.41463136223506447,0.6336371179762821,0.7748979852148767
YOR184W,5016.366198682441,-0.015700767318670848,0.07946883092486727,0.8395843397291926,0.9165177436843851
YOR185C,1106.8793309895786,1.5117419543565258,0.1375955460904123,3.81278378664361e-29,1.2631452803279419e-27
YOR186W,18.08670314825091,0.14451705230989162,0.41134333601717943,0.4017897049600371,0.5702250876109962
YOR187W,4538.497885082375,0.15706711068384246,0.08210166125291292,0.05072320786191546,0.11771537062641303
YOR188W,1395.4388475604278,-0.4010865578073448,0.11897339734599825,4.1870805797935857e-4,0.0018035948998570326
YOR189W,270.6202494194288,0.2773899347275589,0.22923245970418138,0.15371985688433257,0.2832768737646591
YOR190W,161.4452432961753,0.2504960833090065,0.2681717555358405,0.23879686853938548,0.3962695714570563
YOR191W,1643.2252105551572,-0.23237664391098836,0.11139780318869391,0.03187467946978487,0.08039563080980383
YOR192C,160.35977708438634,-0.08036150934892311,0.2497760029800504,0.6890744282386084,0.8148128941895075
YOR192C-A,0,NA,NA,NA,NA
YOR192C-B,2228.624840656316,0.4221719642817698,0.10253885215141079,1.86277905807372e-5,1.045176794049546e-4
YOR192C-C,5.619567994123517,0.03981103937339914,0.4126488598561618,0.7052733582074282,0.8263139535716417
YOR193W,274.15250364348776,0.4272796564488049,0.2293908797227745,0.029562856208501097,0.07576365191722337
YOR194C,1682.5020465590312,0.17081704951586993,0.10876773363975625,0.1034667837717255,0.20753184486458004
YOR195W,1183.1370101859302,-0.2409043110488489,0.1294578398952105,0.04929771428339051,0.11521338356429797
YOR196C,1311.5363189676536,-0.2733940969143833,0.11809675545751874,0.015073528968645432,0.042632422219713244
YOR197W,3204.918705538876,-0.20304079176741013,0.0923061420369283,0.02464338806447743,0.06505016088461209
YOR198C,4884.5384734238605,-0.2165642011651296,0.08024974942339333,0.0056239351779722915,0.018225970192947895
YOR201C,443.9525321079971,-0.09051994164526106,0.17423742608852263,0.5644629371393699,0.7195499222461876
YOR202W,0.5860058514770644,-0.013862998266645886,0.42430435468692873,0.6578866597579343,NA
YOR204W,1214.5122859456662,-0.7272051663917252,0.12845110623144063,3.4865884670664793e-9,3.23276921230991e-8
YOR205C,594.4077167049553,-0.2647950022449266,0.16200385295866412,0.07572461583409919,0.16195420797443733
YOR206W,2972.107271622502,-1.09804530274953,0.09422310870331244,4.230434101348267e-32,1.6094754771387568e-30
YOR207C,2345.1949701613585,-0.8311349121772497,0.0998201616261885,1.7571710046383963e-17,3.0566482048237823e-16
YOR208W,554.4883285640893,-0.10022412975718534,0.16881895829516266,0.519186079460678,0.6782543886973013
YOR209C,3079.144745115575,-0.3148050025542095,0.09093685252603753,3.80993255506939e-4,0.0016483618692035359
YOR210W,381.2343898727142,-0.3015995651971227,0.193286275443227,0.07912574535135951,0.16784335263919678
YOR211C,1182.2626266259597,-0.06014834878710114,0.1223634265884802,0.6065734739762867,0.7538595115807688
YOR212W,2536.379238095858,-0.2778740909495776,0.09707463430309597,0.0029045483549918374,0.010219642988894311
YOR213C,351.77583460549175,-0.027901405904854418,0.18890419114071996,0.874562026642733,0.9346307124161283
YOR214C,4.713893259371611,-0.03201938168403955,0.4133408317529542,0.7455068414820714,0.8531445457441829
YOR215C,749.6458786205129,0.5228747158419024,0.15096278386898002,2.3808063670288055e-4,0.0010858171033541271
YOR216C,1318.8274935626134,-0.034852086787388395,0.11885059812343395,0.759111978727887,0.8641859726946621
YOR217W,2080.9641817625443,-0.3189896830210945,0.10221438716281898,0.0012516172455751488,0.004833521216212608
YOR219C,1489.1400961841132,0.024297161829643036,0.11179384313297412,0.8233515506572915,0.9053335995200537
YOR220W,639.1998984631033,1.032529060837063,0.1718204663683104,2.491967425758782e-10,2.619453103333251e-9
YOR221C,487.5788219118826,0.16743168304347061,0.16977544638000255,0.28212373213878755,0.4484322502486335
YOR222W,2028.942091481925,-0.1872607031492069,0.1012484333800286,0.05352208791556551,0.12304863642810518
YOR223W,310.11958366752674,0.6515941781033074,0.2281678915279307,0.0011306753693209775,0.004421480539048942
YOR224C,1898.184574424265,-0.40876695666279556,0.10504033474406922,5.6508946949392606e-5,2.9230987733383176e-4
YOR226C,675.2577443818655,0.13737348072983588,0.1561003822446043,0.34351089831102516,0.5141924076881134
YOR227W,2075.1908033274854,0.22747208512425537,0.10106539895047946,0.019883283971509732,0.05407798219502257
YOR228C,299.98041269179663,0.29525571920944604,0.2146103583581964,0.11030785275866099,0.21784507961079164
YOR229W,629.9131976972097,-0.7863000692643246,0.1660323454185436,4.644755817632506e-7,3.2568519686776322e-6
YOR230W,4814.889443792748,0.1539946366598323,0.08341814711993224,0.061191435287377444,0.13646679230402567
YOR231W,1042.6091456581964,-0.20066988343288394,0.12813580809243239,0.09905874830441777,0.20046308810952354
YOR232W,1756.3457430171075,-0.08093252780126584,0.10575614674470352,0.4282386612335233,0.5949930388171196
YOR233W,1130.4235479355289,-0.2524264059256969,0.1275641674001806,0.037141951682366225,0.09156609074870972
YOR234C,3770.5259801357834,-0.49773804873663224,0.08824445566079929,7.64286424217703e-9,6.818452410910431e-8
YOR235W,0.9732066925657753,0.014999376487240009,0.4228915955549538,0.6908611597677077,NA
YOR236W,509.66850956104366,-0.08098356646253442,0.16659924689651803,0.5956927348040486,0.7457124236716838
YOR237W,48.17618919740812,0.2574797271372784,0.39497188497612457,0.25496814626597275,0.41591899267785376
YOR238W,464.154574785147,0.05244496487985046,0.1758049618705573,0.7436567883853575,0.8522626511144855
YOR239W,3843.6293768095966,-0.4359660089692817,0.08806986659503485,4.101084437144679e-7,2.9032526921779317e-6
YOR241W,1759.875822981759,-0.23401729061726165,0.10650568156981963,0.024437944362055337,0.06459460237697909
YOR242C,92.0932012382539,-0.22393591418207417,0.32812212641626753,0.31609664108307284,0.4857764913370403
YOR243C,2656.846129060039,-1.0298523802172257,0.09595116338717098,7.654026526733846e-28,2.3508226264661193e-26
YOR244W,648.6453318099948,0.07282729229676606,0.15103302827830453,0.6068460406094471,0.7538595115807688
YOR245C,813.3420771157807,0.336320782144382,0.1450804693284445,0.013363381180539483,0.038478446690254554
YOR246C,1983.8340105785405,-0.25628295507067567,0.10261008109596395,0.010772281789366548,0.03184167704856869
YOR247W,5013.546582463124,-0.15989807819022736,0.08505391685068243,0.05756226930491212,0.13053901627117606
YOR249C,544.5375146068019,0.20833576327539347,0.16623829986119626,0.17350376627707764,0.3110829156995825
YOR250C,484.14051493441707,0.219121729168847,0.17198398134264628,0.16337930240259008,0.2965367024524696
YOR251C,1300.6637477311597,-0.19717044083139712,0.11770698763602216,0.08044705670072759,0.17015648972890624
YOR252W,553.5527053973798,-0.653971740991243,0.17351854568829989,4.548728300739756e-5,2.382224759277295e-4
YOR253W,1225.6510954970229,-0.10982790820557121,0.11975095912343846,0.33782769348645675,0.5084660307528421
YOR254C,4372.617668877735,-0.4596515588664777,0.08348069333353597,1.9156801122627296e-8,1.611521486735138e-7
YOR255W,1.6517407656316734,-0.04309074655200608,0.4249815860112577,0.3489793398676968,0.5191586210843865
YOR256C,1494.074541380616,0.1214365258908724,0.11483873002388127,0.27195057145910484,0.43531284470530435
YOR257W,403.62894019261023,0.2553428995184997,0.18638873008507695,0.1250228343340093,0.2414869485973314
YOR258W,114.36589988856872,0.16507596716611192,0.28884260985983895,0.44557580700967314,0.611202729457093
YOR259C,4098.76657132718,0.2700262697554887,0.08376609602946988,0.0010087016655341491,0.003989479357246732
YOR260W,2861.1414994197903,-0.49589449415063447,0.09331826116244474,4.832777496572943e-8,3.8202263937386925e-7
YOR261C,3466.8884551511055,0.2069052794787236,0.08730906407690005,0.01630237604287524,0.04578706031212679
YOR262W,708.4479722064148,-0.2526917967841989,0.14987502422780954,0.07026608384785707,0.15301296028464295
YOR264W,1298.245945500447,0.6484002680173503,0.13098235613045017,2.3896374078556687e-7,1.729041937929433e-6
YOR265W,383.3298669304288,0.12996237088799595,0.1849362155668001,0.42878683530068146,0.5950300014689975
YOR266W,326.3549210087885,-0.05011059506405838,0.19792620807872494,0.7736514252777986,0.8731453793983454
YOR267C,1449.7750359562272,0.04387263489091247,0.11260500824251966,0.6842674485532296,0.8122179649820261
YOR268C,1.4587345618968484,0.013495004653551575,0.42027016998800276,0.8225925140941563,NA
YOR269W,358.9863542655249,-0.23642453275859948,0.19410130317217633,0.17008902599138134,0.3060772005710027
YOR270C,12357.747747296167,-0.4458992803282772,0.07139434789387009,2.1083120947137162e-10,2.228085380381144e-9
YOR271C,2944.574428327694,-0.38773240699248657,0.09296449505309669,1.797125974599529e-5,1.0102623329088104e-4
YOR272W,1809.7059519936,-0.9150749826097675,0.10838434759567583,4.803045586241535e-18,8.74183945125504e-17
YOR273C,2564.064857299348,-0.42724601257381883,0.0969384888865414,5.957524084785636e-6,3.5666517287290246e-5
YOR274W,492.67204200173603,-0.0537039893233982,0.1675585991799534,0.7258880281235767,0.838503761379967
YOR275C,1179.9153081102127,0.08451178106966488,0.12077554732427855,0.4655768545413569,0.6307159915530396
YOR276W,2359.9592985840236,-0.4261698464697859,0.09932302966234682,1.120054942710519e-5,6.469112631894152e-5
YOR278W,464.0483016209833,-0.22102622569044028,0.1753449335769404,0.16413290064057176,0.29772122887648467
YOR279C,266.4584332196968,0.07962766883730035,0.20994462611292586,0.6639853317429192,0.7967893665568024
YOR280C,573.8074467027536,0.0801248023746241,0.15795336309428998,0.5909070743644778,0.7409268589256487
YOR281C,1329.7503441629426,-0.03742861001069131,0.11612952854325265,0.7369339959359942,0.8481069035976888
YOR283W,931.5777322908375,-0.21321166908825623,0.133070067058649,0.09096722333146694,0.18749867738051748
YOR284W,216.6609355087347,-0.14882302980691103,0.23033604665635887,0.4409227906733969,0.6060889735666717
YOR285W,2460.543601491037,1.1889875927595897,0.1048423193218413,1.001197703310183e-30,3.514323128821517e-29
YOR286W,631.4213860358176,0.2586685667197069,0.1559948664283727,0.07391061710485118,0.15889570144633883
YOR287C,358.8165416913187,-0.5921874308737013,0.21521176552252408,0.0018386587354717898,0.006772373868255555
YOR288C,731.74321805511,0.4902510070967635,0.15632167567073074,8.197812012093319e-4,0.003317947661998236
YOR289W,380.83714097681553,1.7540662538293865,0.21343701351519614,1.6164146961321557e-17,2.8284858940923805e-16
YOR290C,1927.8457351701243,-0.2607877435515363,0.11872103330174855,0.021408980921160205,0.057647835841133206
YOR291W,1870.837166679306,-0.1386478465695367,0.1036475455609517,0.1582623707185279,0.2896564866937179
YOR292C,415.76393816435757,0.6855437472743516,0.20150538901945994,1.6996107514175233e-4,8.011674341414176e-4
YOR293C-A,0.485527869331073,-0.0013922245776722228,0.42367561846448865,0.945064406982141,NA
YOR293W,8004.656360836681,-0.25472144441351124,0.07956530201938225,0.0011644207554887586,0.004535395769562225
YOR294W,831.0213994872353,-0.8408597392876537,0.14982842744477065,3.8896483542323416e-9,3.578355124010626e-8
YOR295W,199.52860619265334,-0.07611526840707036,0.23632969468764484,0.6963251068143532,0.8197702445366822
YOR296W,774.9330874515956,-0.30810549150444166,0.14502071908511568,0.02318420536543954,0.06169551400721885
YOR297C,224.35128649250998,-0.0904477729749871,0.2237569662588983,0.6325069284397163,0.774479517651372
YOR298C-A,4257.798083114559,0.9033323226957158,0.08990891600170599,1.6906985244542376e-24,4.4115261941179816e-23
YOR298W,95.61435776490477,-0.31152818619774675,0.34227487166959664,0.1833795473862795,0.32367231096584564
YOR299W,1554.6014420142262,-0.08271709878352991,0.11017194934418952,0.42846310943147436,0.5950300014689975
YOR301W,592.3260990387719,0.22704338448988076,0.16214667603941355,0.12876409111058515,0.24725556668157622
YOR302W,0,NA,NA,NA,NA
YOR303W,7268.390699197088,0.14698204773026127,0.31762418073605714,0.4866981670569691,0.6515457641623035
YOR304C-A,128.61952356759866,-0.19564248832598136,0.28122548821687954,0.3613533439034723,0.5307349113321983
YOR304W,1710.1879654944464,-0.20058295562979098,0.11508394693236242,0.06930709765484103,0.15131579225123937
YOR305W,534.3396272602732,-0.09698152397428292,0.16393707541091992,0.5196549428540072,0.6784919368620023
YOR306C,750.2943876847124,-0.5360993852061052,0.15051475016018573,1.4382776082723516e-4,6.862073669888396e-4
YOR307C,918.6935647988928,-0.04582876357916138,0.1319441834167594,0.71393255872529,0.831104921485679
YOR308C,467.4115369097142,-0.32790185176944914,0.17986768602610906,0.04358065742538817,0.1040466141042567
YOR310C,7115.69390406993,-1.1234341732431592,0.0757549254576343,1.2746445177937782e-50,8.082342711214956e-49
YOR311C,1241.1594101253677,-0.3369217692477457,0.12229716366724537,0.003876864752077813,0.013139006576438426
YOR312C,15874.404804002445,-0.33201691670375705,0.07075966747297012,1.4379842415621795e-6,9.474629131276171e-6
YOR313C,56.05592672531603,-0.7119531548291147,0.5428469551363341,0.025262050279711838,0.06632694145122917
YOR314W,4.504803072703547,-0.10615259031741793,0.4344229453614862,0.2299458817950898,0.3846782595590481
YOR315W,907.4632128744181,-0.8927353774912234,0.14097812815547814,3.434726684416316e-11,3.9177143632501e-10
YOR316C,1261.233073416084,-0.3188845661128748,0.122493252126296,0.006396520161169731,0.020323426395699302
YOR316C-A,3.26310845803192,-0.02550575080221859,0.4166008670532108,0.7560422156581962,0.8610237438656592
YOR317W,7209.717203399341,0.007367573840646444,0.07423108271963257,0.9120035113834236,0.9572952485987982
YOR319W,231.08116282303902,-0.017556260615281073,0.21941680559122997,0.923777314432404,0.9626285250411533
YOR320C,1593.6131969478415,0.13003409203625713,0.11239759711501669,0.22845742269664776,0.3830575552010611
YOR321W,1409.9368361378968,-0.044379052837590915,0.11425287958811557,0.6880916449363483,0.8141405357523367
YOR322C,1619.9654263494604,-0.16558658038856738,0.1090901647342491,0.12021437374097305,0.23334567542808363
YOR323C,4244.6281382252,-0.255732528022946,0.08320195522199877,0.0015272393829083612,0.005754716064543518
YOR324C,762.6341050664425,-0.17014375617369298,0.146542767667941,0.21312609773408692,0.3624435260422688
YOR326W,6336.517144340625,-0.14968278711249786,0.07618797423536872,0.04503024567297102,0.10688342600425729
YOR327C,713.0787468640963,0.08845127793930534,0.15106404712840588,0.5300404782050161,0.6877114851430098
YOR328W,677.6619222811917,0.8474577952139326,0.165346889429039,5.7046876199992104e-8,4.449807261261289e-7
YOR329C,1290.4403180808154,-0.09105590730639647,0.13537722185378268,0.47510780165441047,0.6407799848477453
YOR330C,1631.3513514211777,-0.19518905103590037,0.10895977717263006,0.06561784706826952,0.14465362398563938
YOR332W,7348.166771395176,-0.12326208964546269,0.07758055408693867,0.10460506997205124,0.2094443309212444
YOR334W,331.02943712446074,-0.42532090847164183,0.21061228596720782,0.02108815180827257,0.05688784593475908
YOR335C,8649.519732762303,-0.36828724522796497,0.07280575154022685,2.659780196780286e-7,1.9221475270114395e-6
YOR336W,1588.055164933983,0.018607033837947814,0.10887448486782716,0.8601535742436577,0.9283172817194086
YOR337W,755.6890293291409,-0.4290347884326055,0.148464844584381,0.0020043274958749745,0.007332207967229978
YOR338W,49.47277184408367,0.06211306067473913,0.3372469297715449,0.7664569280309764,0.8690245154006284
YOR339C,32.38196691024986,0.0031358339312121193,0.3591576286105856,0.9895230545511229,0.993735942215254
YOR340C,1427.7911896256373,-0.9048820502986729,0.11902575257678044,5.217515065993605e-15,7.769617763677851e-14
YOR341W,5830.071137987303,-1.1060757347872558,0.08026709853119486,4.4223135679990185e-44,2.3707621009536558e-42
YOR342C,1036.0927256864782,-0.46205508208878077,0.13117790580464816,2.0996552844913284e-4,9.718734075859784e-4
YOR343C,24.84269294004667,0.1697184254182051,0.40545472078409234,0.3751691509331023,0.5446510298012074
YOR343W-A,0,NA,NA,NA,NA
YOR343W-B,2310.79958221686,-0.2749636423232275,0.1016663196357612,0.0056172962469474615,0.0182206798505221
YOR344C,1301.317225937256,0.8895079841807115,0.12580063249395856,2.8867984358400443e-13,3.877779128963267e-12
YOR346W,1632.1287482319426,-0.4394136548516373,0.11180926998166588,4.4184650354578136e-5,2.3201859585124425e-4
YOR347C,1082.1037084393147,2.20739132656178,0.13723507702516663,2.0334037710107605e-59,1.5777607944276915e-57
YOR348C,332.5326093250448,2.5085220455879704,0.24939743434500664,4.195996044518722e-25,1.1247176670239502e-23
YOR349W,516.9903378869192,-0.10029486224021433,0.16423835312735266,0.5123821294444392,0.6720533922077413
YOR350C,446.75534008990724,-0.10482757164886403,0.17437020388948574,0.5083216064183136,0.6696989528705977
YOR351C,46.12304719680807,-0.10563034822022338,0.34828161533328833,0.6088650743105886,0.7552539636536686
YOR352W,402.06263576291997,0.47041493421584396,0.20094189375936777,0.00825324282863534,0.025335436210547943
YOR353C,935.0156710469421,-0.12572562638035054,0.1316707179204073,0.31616248495023924,0.4857764913370403
YOR354C,1314.5133845382215,0.04249291866722537,0.1162061461516547,0.7047473821441127,0.8258933450921766
YOR355W,2314.731087231729,-0.12439384751411638,0.09983277262324862,0.19878334912698223,0.3442659059623537
YOR356W,3005.307116409177,0.23913186818444884,0.09125790684735582,0.0076863460357553615,0.02389371775057953
YOR357C,608.4169222368143,0.4394679089950109,0.1651627153970349,0.003912316911134182,0.013228745885870568
YOR358W,378.10367952572767,0.3046806858268906,0.1938868093632847,0.07752223891057587,0.16497296235514047
YOR359W,634.01518270734,-1.1476144728412963,0.16705820690017303,7.745155811119041e-13,1.0060172647173785e-11
YOR360C,1110.551506857872,-0.342026574813572,0.1265681791098506,0.004501491722137649,0.014963526880183606
YOR361C,7276.4784217530705,-0.659639871114591,0.07517268831934383,6.663841183606258e-19,1.2800218716523161e-17
YOR362C,4003.413037535035,0.3120119937276145,0.08567979648340399,2.2620073391505215e-4,0.0010388673893279303
YOR363C,764.2747506832044,-0.24795939063117253,0.15121330853473977,0.07744712036950022,0.1648756927144198
YOR365C,285.88495075328393,-0.10609217418879806,0.20806312962365625,0.556801489948456,0.7136401621877951
YOR367W,671.8772473807905,0.35173268116134926,0.15978260194355595,0.01719587380379076,0.047787025363314854
YOR368W,464.67463245646184,-0.05208908176262934,0.17027121797513878,0.7356716095061342,0.8469846702963049
YOR369C,24193.187573743016,-0.2159188044420722,0.06565679344584559,8.670266823743259e-4,0.003490004331714266
YOR370C,3094.9833863403082,-0.3375776169897745,0.09267263344751393,1.9685093480561815e-4,9.169273005914141e-4
YOR371C,686.8489907064518,-0.26666302850132606,0.15313086691101752,0.0606366841333878,0.13544489633885903
YOR372C,756.5657225923376,-0.42788927807307187,0.15129328475037646,0.002413762615581546,0.008679242770783156
YOR373W,707.921181225642,-0.11321314017477209,0.15264529448026443,0.4248506642266135,0.5926296486189977
YOR374W,4162.739338752743,2.666478608912603,0.19502426819115584,6.203812720010706e-44,3.2958453702615435e-42
YOR375C,16379.511941517296,0.415996834163269,0.07271608345326994,2.817122228822731e-9,2.641108073667352e-8
YOR376W,2.5915201737230418,-0.005526225900192416,0.417324734537268,0.9377935620373089,0.970340612786041
YOR376W-A,4.914367963521309,-0.005411765005765836,0.4111745997332308,0.9534508114226141,0.9764907424104158
YOR377W,631.6812778617423,-0.10621196388420263,0.1523062518390964,0.453458200552401,0.619421591071927
YOR378W,224.35355067210526,-0.16892633167527815,0.22806564127798362,0.37956880311186714,0.5499549328851776
YOR380W,389.855316752654,-0.12481616078147544,0.18401009864543552,0.450319746474617,0.6161335371138784
YOR381W,256.9007157057901,-0.5330000213973608,0.24199668224959534,0.009681624365257088,0.02916603721102891
YOR381W-A,0.8561634673442611,-0.02835902853195314,0.42518230151871356,0.4460396813657458,NA
YOR382W,121.18702576404516,-0.038465311372386825,0.27009991771226055,0.8514415380600759,0.9238227079384184
YOR383C,187.01976811283618,0.3741152200860481,0.27555081234468354,0.08728153189952731,0.18161580579093597
YOR384W,476.72968338027874,-0.20788697632912964,0.1726067468682536,0.19474744290269033,0.33896861593777
YOR385W,279.79333555976257,0.004372155217621238,0.20772709727932567,0.982517521264199,0.9907281922752191
YOR386W,432.9475756223228,1.2137579618762981,0.20046915152129796,1.5861435366313962e-10,1.6883553132699175e-9
YOR387C,80.36973084348432,0.5749894742379772,0.43146086368713316,0.04060376017419541,0.09831394967811552
YOR388C,33.81921094000548,-0.019671978957396963,0.35642762155932034,0.9161185339691184,0.9590539667700854
YOR389W,283.9079601687903,-0.5133011853172759,0.22956646457252747,0.009540817347153506,0.028778618872718275
YOR390W,361.53665330612773,-0.13842421924155882,0.1968251987562588,0.4250096093091859,0.5926296486189977
YOR391C,11.43696681144697,0.15550734395329507,0.43865581545413795,0.24752514141006599,0.40727002201315826
YOR393W,23.289422212960712,0.10965054844882308,0.39033716531339496,0.540912879289515,0.6987433185477042
YOR394C-A,0.2930029257385322,-0.012786509536195124,0.4241748712917326,0.744154738948589,NA
YOR394W,1.243364308432972,0.01007926366405694,0.42243458723051475,0.756573919260578,NA
YOR396W,2058.6538326432333,-0.0808714659335206,0.10151989697373823,0.4120751978494522,0.581034275325701
YPL001W,578.7630325258976,0.3520906737283442,0.16409781252336986,0.019801818774754083,0.053909954590950764
YPL002C,375.5395143596884,0.29793363048361243,0.19570694457133697,0.08637882625283402,0.18011879010359344
YPL003W,942.9192060462684,0.8976855436892729,0.14293978839776686,6.051276961265618e-11,6.771229647169515e-10
YPL004C,10731.955912395228,1.0939736244102325,0.0721810891440927,4.878926780420824e-53,3.3070150832346665e-51
YPL005W,295.13313652632405,0.15781266567159058,0.20631707233093333,0.3807568908139427,0.550798465852646
YPL006W,2021.217325150894,0.38344082817459846,0.10795599956406014,2.3011287298091174e-4,0.001053895252695686
YPL007C,723.9894088254956,0.1356694753047099,0.14634191216336553,0.32515205341611747,0.495329800825328
YPL008W,915.8553356457435,-0.25559350750253945,0.13792268837441937,0.048985398756305545,0.11469903318138493
YPL009C,3435.088838157741,-0.3615326632120079,0.08817352337043491,2.6087266537803787e-5,1.4390702598075672e-4
YPL010W,1541.1086788663476,0.12079171512494191,0.1104478834696778,0.2545421263467787,0.41536507822291524
YPL011C,644.5174029505846,0.055234342674167866,0.15142668602933512,0.6973581513938304,0.8204050329508448
YPL012W,2750.5738795682178,-1.1739585070886784,0.09512440753943081,6.62973668004934e-36,2.792539800160783e-34
YPL013C,404.3173366976217,-0.05342214219394731,0.17954520555250056,0.742121982479961,0.8517503563029057
YPL014W,642.7712862642093,0.08698489298106805,0.15109027424695598,0.538671850836263,0.6964586503796192
YPL015C,1178.2826020709842,-0.0302804831055494,0.12310954053230794,0.7998964060321305,0.8898554805153573
YPL016W,867.8842561167137,-0.6521304090861431,0.14334510153178256,1.5859281827015636e-6,1.0379820747381931e-05
YPL017C,1200.4301691030598,2.0900959220132265,0.13084757169059125,1.3960174106244116e-58,1.0691317753833968e-56
YPL018W,649.6421868583885,2.069321042540462,0.17094604591232157,7.10315313372709e-35,2.949809438703426e-33
YPL019C,11108.38621835995,3.730223594752223,0.07541833954163293,0,0
YPL020C,968.50188969341,-0.5219058966924965,0.14478516164057267,1.2527958007291392e-4,6.055521997458798e-4
YPL021W,0,NA,NA,NA,NA
YPL022W,1578.0369608850501,-0.17828487878814184,0.10990753913483883,0.09407249335127568,0.19255310423202798
YPL023C,1651.6849154974177,0.059761806136947725,0.1087937923649003,0.5656777115161136,0.720786833364417
YPL024W,494.61069377518106,0.9291141689359982,0.19243004051928078,2.0443746272023426e-7,1.499462335399529e-6
YPL026C,869.5560447328301,0.6853846942772239,0.14737817737118916,1.0009068648052864e-6,6.737839933512299e-6
YPL027W,10.649339273716716,0.21778132139741022,0.4782661650055548,0.13016877488437054,0.24922248879647177
YPL028W,6626.872282154157,0.42825150017214664,0.07762363894762127,2.3084267172178117e-8,1.9172946973849909e-7
YPL029W,566.4376680969845,-0.10309279891064975,0.16021367855884033,0.48694424050270707,0.6517272324658338
YPL030W,854.2735741248165,-0.7161494871569833,0.14380198423123294,1.3116420882106557e-7,9.817429840767926e-7
YPL031C,1191.2667037819108,0.30510248287384684,0.12302581478611152,0.0087576153040965,0.026647914059988162
YPL032C,2345.5102568105904,-0.4821786392701092,0.1058831501542585,2.1849428449342757e-6,1.391773940864941e-5
YPL033C,8.148166583067157,-0.0480719834782242,0.4072130640978287,0.6969941553857137,0.8202303999819505
YPL034W,216.83242765961023,0.331499123116576,0.2479634019106481,0.10580812388001949,0.21117809898601372
YPL036W,290.0040373332754,-0.099076587968968,0.2078872720379614,0.5825068408769665,0.7346113859391512
YPL037C,7417.960277970496,-0.25533764226223615,0.074119809902897807,4.556341804333803e-4,0.0019484225975457895
YPL038W,323.6127812154006,0.057119669580068845,0.1949108951579649,0.7428843867818558,0.8521278406638014
YPL038W-A,1.2582598577471498,0.002489925908446337,0.4222392802648156,0.9680028863592535,NA
YPL039W,392.1526870129136,-0.13268981888893425,0.18554238543975768,0.42510147764259115,0.5926296486189977
YPL040C,577.3367717558366,-0.1196023277394018,0.1635240524423823,0.4123732942910988,0.5810669812269079
YPL041C,131.78169090105018,-0.06690689082249976,0.264384366377473,0.7452519329681376,0.8531445457441829
YPL042C,795.9744137881215,-0.15105182441500806,0.14028127170267252,0.2523685947654814,0.41327897898696025
YPL043W,2686.850690820598,-1.055933642646436,0.09687862635422671,2.335805607067232e-28,7.405508421976057e-27
YPL045W,938.971490456823,0.05514786987996534,0.1324657084538221,0.6620047637294997,0.7958903347019082
YPL046C,55.122089836458386,0.6574117066748592,0.5387241856751053,0.03339296092918994,0.08365262982133946
YPL047W,104.07170582657868,-0.12191228303200609,0.28848582362273023,0.5674966801559327,0.7224801215197614
YPL048W,5513.470787123813,0.04068745319390671,0.08630261788763982,0.6317675262738971,0.7738955343658436
YPL049C,2431.8135770775434,-0.07939254843914537,0.09683161336579318,0.39848382167137913,0.5671878098952746
YPL050C,3193.2266532165477,-0.19650137407452922,0.08889801060704289,0.0223710671245456,0.05980153346937689
YPL051W,306.5032699731171,0.04717333076461168,0.19970123289385455,0.7904018239475896,0.8842155939537819
YPL052W,233.30704446199064,-0.14573218274698196,0.22321318962938974,0.4422818057967235,0.607673767190885
YPL053C,2054.524312643695,-0.07892502715412722,0.10510646127612386,0.43094309999227604,0.5968908489924689
YPL054W,129.11963957443197,1.2454489259298465,0.36045971036471336,5.1856595495566154e-5,2.694258534249812e-4
YPL055C,490.5851475439016,0.3234656546267048,0.18240877993884366,0.04899556801490735,0.11469903318138493
YPL056C,43.661951132205,0.3649378107831062,0.45691895783712555,0.1366497946743015,0.259524585891902
YPL057C,926.4529464743006,1.0480746118314872,0.14169184241468571,2.022269516084232e-14,2.937271757721359e-13
YPL058C,1182.656921255761,-1.1586645887468623,0.13175238834124853,1.6797421937797768e-19,3.3577761751590996e-18
YPL059W,610.8187048906253,0.285373718700104,0.1597078296397296,0.05360242868779287,0.12318531643488487
YPL060C-A,148.83280138522184,0.19160864504978356,0.2749423259968438,0.36810174222391645,0.537833492045202
YPL060W,220.58709047971425,0.2999653030475225,0.25024052720556744,0.14381872372874874,0.2698472653027927
YPL061W,15234.218709192523,1.3298266207612455,0.0765576928931085,1.2710037279139411e-68,1.1711107786732048e-66
YPL062W,2.50742297283365,-0.011197941078440165,0.41737333242513064,0.8793553139833851,0.9368668991075016
YPL063W,2734.4567147638463,-0.1606439754558888,0.0940747941477169,0.08343953875528054,0.17496121863347056
YPL064C,744.7980525299913,-0.008106668306621087,0.14269767445973988,0.9492579891047079,0.9750109057448092
YPL065W,371.7073080569169,-0.026483867291031003,0.1848908218701914,0.8716681750181279,0.932571715507501
YPL066W,1053.3586762931382,0.00485304962327842,0.12572677835008622,0.9679554761535852,0.9836926678242668
YPL067C,341.5393367673947,0.4356383707534172,0.215767433787646,0.02047202545790824,0.05540318225116333
YPL068C,180.7693095479678,-0.415097110762548,0.28011461515822994,0.06135226920089323,0.13673255157886144
YPL069C,306.2109090843937,-0.0961684354234287,0.1999098093786182,0.5841516866613633,0.7357416694237632
YPL070W,651.0803562216065,0.14426470696301147,0.15230139950773983,0.3100746437342277,0.4794206014946882
YPL071C,217.2440083720683,0.18667034166698743,0.23516588642847377,0.34099662990114654,0.5116684800323311
YPL072W,451.12934959180416,-0.10174265454531671,0.17480554002852236,0.5209264792373542,0.6786226449820049
YPL074W,941.3613405266067,-0.24234579712691665,0.1362952812957596,0.05998691381337321,0.1343497268353444
YPL075W,2123.334341039266,-0.18570858497427947,0.1001793042573875,0.05455045574819628,0.12487734376828938
YPL076W,208.94647989648013,-0.13411659085870392,0.23292429008327836,0.4901288737195668,0.6538030259764319
YPL077C,146.05048518537404,0.14400316116143674,0.26227124328415036,0.48957196250925805,0.6534644325298992
YPL078C,3204.4214974422666,0.24179525826986822,0.09072334835383503,0.006510449082655459,0.020663142217663747
YPL079W,11187.055882320241,-0.25713277117491645,0.07277301044465263,3.126318243651336e-4,0.001388245382741862
YPL080C,2.4771091625474413,-0.07824827893845528,0.4335199012050081,0.09229428942465412,0.18976490387281256
YPL081W,2257.0423765764785,-0.1367155449168899,0.09855816826672412,0.15207217355870484,0.2812071519208788
YPL082C,1688.8985272494651,-0.4712325076701972,0.11148238333107655,1.1367473189427753e-5,6.552687135684796e-5
YPL083C,520.0952824749212,0.1703746577252773,0.16564514400537605,0.26364138735340115,0.4252443274679996
YPL084W,1796.4529168768295,0.11816259123512873,0.10957268833402431,0.2622918688050729,0.42411163979805727
YPL085W,2030.8773574435531,-0.15899001278178657,0.10476674342717518,0.11666531656319083,0.22795737964649976
YPL086C,1452.3557823535834,-0.7479316200498263,0.11793586433938602,5.021741011753838e-11,5.67302811232038e-10
YPL087W,1049.982381980028,0.5984473002806544,0.13232506218779866,2.1251169990477906e-6,1.3586114270472782e-5
YPL088W,251.98965910649332,0.5569947297785988,0.25134551751895845,0.008636187251909467,0.02634640259933271
YPL089C,886.2086558149365,-0.06754527116224744,0.13382056272863385,0.585546241697712,0.737025867084612
YPL090C,27667.473370337822,-0.4030261444708002,0.06675090589588076,1.7253613805744392e-9,1.665213757978309e-8
YPL091W,5142.432702129116,0.2914906407281833,0.09134552404845511,8.911062173762692e-4,0.003572300043417988
YPL092W,1029.6727606849186,0.3434692318536652,0.1314938252437245,0.0058693165475307806,0.018882356617997278
YPL093W,3537.6698694089737,-1.251257383175361,0.09181273335768146,2.106112110784741e-43,1.0894511506401418e-41
YPL094C,2759.9163631048527,-0.11446589732162922,0.09207192054842253,0.2119131483014413,0.3610076749215537
YPL095C,1214.6168311098993,-2.124176371967838,0.12888728950542028,4.475047283342272e-62,3.566128895928295e-60
YPL096C-A,33.631367605574695,0.16013076640063237,0.383863370871727,0.4303978978716672,0.5967684937101391
YPL096W,635.9437306739193,0.3201603572795199,0.15746929744284058,0.028160683654701285,0.07270733428711625
YPL097W,382.83085820987554,0.36130315437435395,0.19540632524801138,0.03778649245625734,0.09296076179163518
YPL098C,294.63474437946536,0.1415249826307081,0.20929954638630993,0.43745698232084196,0.6029965838134712
YPL099C,240.10112052151314,0.39508046630113497,0.24294990851755954,0.05149060409569106,0.11929033741916109
YPL100W,672.524359989091,0.29705121499674725,0.15307029121826057,0.03703600021252213,0.09138129424821882
YPL101W,1184.2267257082917,-0.2549685826963568,0.1237618461191322,0.030451082702001857,0.07767608941994572
YPL103C,469.6965088722917,-0.0320552919421455,0.1693646394860464,0.8358018437338743,0.9137655595818195
YPL104W,654.5012791482922,0.28372682015008815,0.15507541403804712,0.04873822488562963,0.11423263598988789
YPL105C,3229.3506003957073,-0.3064859907775,0.08923348084874781,4.2873838637040877e-4,0.0018444592225811667
YPL106C,16047.656180458396,0.06143544494995944,0.06765987533386682,0.3642755939836696,0.5338408904410603
YPL107W,380.35435395974025,0.16511702536564649,0.18761482230305934,0.32664992661381215,0.49636813814174935
YPL108W,179.98143868147204,-0.03224130967081444,0.239336944446671,0.8683913808406962,0.9323975686066795
YPL109C,314.16683204936305,0.7084920147474971,0.22564765956407107,4.0682950571149063e-4,0.001757563073392425
YPL110C,1433.6208965258222,1.642500535491929,0.12078062620440691,3.5804428767872812e-43,1.789311156306322e-41
YPL111W,1253.6264253935574,0.632884811728253,0.13458302030471686,7.910555163205596e-7,5.411664013622205e-6
YPL112C,1056.9067843221487,-0.05915732980007074,0.12647737176501322,0.6240556476287975,0.7682484646151889
YPL113C,212.87436900102728,0.1706934710087242,0.23691551932246793,0.38779526171755296,0.5577630874020512
YPL115C,1413.4615532873538,-0.054532235693026794,0.11329297837945862,0.6162014418052209,0.7621098788434119
YPL116W,1159.432478993688,0.14697599225800323,0.12362209701610642,0.2136837726759624,0.3631392528732421
YPL117C,2863.051334423341,-0.13589946130901576,0.0917385043180722,0.12233515177642611,0.23699421485728803
YPL118W,1303.8173140693468,0.18774945607662163,0.1197440447709087,0.09361834663256459,0.19188995137025838
YPL119C,166.24951382323212,0.21116413385582034,0.26079260826942435,0.3119602189475449,0.4819240776055532
YPL119C-A,8.608401390299905,0.059333744129810795,0.4085567225940158,0.6426906026236672,0.7814322646745908
YPL120W,448.9880992775063,0.5094558390713939,0.1883789503644585,0.002713106735774628,0.009609123375893683
YPL121C,7.036259789027594,0.031328860512335126,0.4082725296273371,0.7878855296899367,0.8827905120287252
YPL122C,899.5132005882167,-0.39413046913792676,0.14057576553790668,0.00287535206661872,0.010135057463748112
YPL123C,677.7799715850438,1.5558221083760848,0.1664531138722714,7.403161719356513e-22,1.6662765137040213e-20
YPL124W,154.09962923362588,0.047982713558449255,0.2515857704727807,0.8148053753608923,0.8991218747199067
YPL125W,1459.7618887968117,-0.17842328352421868,0.11317303523490663,0.1008444995054693,0.2033789376141424
YPL126W,2688.0232605191727,-0.9736871626872918,0.09675163414166867,1.6032103356744155e-24,4.2205943524428695e-23
YPL127C,1529.540415068204,0.24578626773863088,0.11325713285644705,0.023989911319916322,0.06363855467995796
YPL128C,740.672987387882,-0.3763164544442697,0.15021131345975783,0.007177562366855036,0.022513875147523482
YPL129W,2039.507171277135,-0.06485711111391466,0.10234384711579898,0.5106202324239433,0.6707791291165055
YPL130W,7.551721767290376,-0.0857755356810154,0.42055650933147115,0.44264238343837753,0.6080275180843494
YPL131W,49213.21035731514,-0.4292924072346511,0.06639199436976304,7.96345478185071e-11,8.728716142857554e-10
YPL132W,446.6237052667758,0.159561627751444,0.17535799013356493,0.3176313758342596,0.48745620544159546
YPL133C,444.525027861689,-0.07119039204522913,0.17391179377292054,0.6449231471737932,0.7828554546899666
YPL134C,437.4776271339239,0.5051548735393463,0.20001883598458067,0.0046228473219374205,0.015332356950205269
YPL135W,833.0035962106566,0.32027570425645946,0.31068136259406653,0.16086291234820965,0.2929612705736233
YPL137C,1912.5092594834605,-0.015749002400758084,0.10340278508819999,0.8757010009231727,0.9350006884743708
YPL138C,470.9070386037098,-0.0582890443296128,0.1697200293918452,0.7028818479022915,0.8241985001152938
YPL139C,782.0195977542389,0.03410883679159165,0.14209897318384535,0.7997450294321052,0.8898554805153573
YPL140C,612.1908718961786,0.02206766816695918,0.15382745078017954,0.8787720343641527,0.936833597436693
YPL141C,1026.6476993561446,0.020121168883903005,0.13067708736638642,0.8713251469613786,0.932571715507501
YPL143W,9096.703956717703,-0.21243602385216467,0.07730166059093614,0.004959512245493772,0.01631870134897323
YPL144W,260.5206521407676,0.1935428185066342,0.2176091146495205,0.30178079805708374,0.4701720914511553
YPL145C,3570.233602517271,-0.262127428577913,0.08661933172549402,0.001970999755078134,0.00721924568676755
YPL146C,1764.0900645492165,-0.9353769413729998,0.1109434435113,6.4005099709332695e-18,1.1507258322741918e-16
YPL147W,216.20594825221153,-0.07816655191077976,0.2262740424989281,0.6811014652729356,0.8100958734801332
YPL148C,98.89428017510562,0.21535332031101065,0.30853942415324725,0.3351062611730803,0.5055312412733831
YPL149W,338.74906275910024,3.2225283524532953e-4,0.19246529872724147,0.9992004089193801,0.9993698798164152
YPL150W,947.0611912472791,0.3687187684908626,0.13519339207441114,0.004150249004281999,0.0139060096296488
YPL151C,642.8178448343016,0.040762368772442936,0.15089043806166444,0.7738804384307024,0.8731453793983454
YPL152W,398.4285988843257,0.306160471090625,0.18968251021740215,0.07095304146266845,0.15411052873125447
YPL152W-A,0,NA,NA,NA,NA
YPL153C,598.1175583393497,-0.09552796447903032,0.1581845549064829,0.49547725585468677,0.6586630698320757
YPL154C,10066.359614693156,0.7581687091497074,0.07692082604460135,1.226521241446653e-23,3.0518125573041827e-22
YPL155C,701.1880521203555,0.08512503165066768,0.14699479860967,0.5340434625796127,0.6921438019410936
YPL156C,254.11158000871308,0.14977955916005672,0.21736872132405374,0.4238761640632235,0.5921814118646835
YPL157W,653.3527993473879,-0.3530074418597441,0.15596892586180308,0.014602981109484013,0.041460654599242766
YPL158C,1924.8777961610913,0.4196948600905037,0.10790412132244119,5.5599583363869595e-5,2.8785842238519664e-4
YPL159C,496.70970195419113,0.09339103232379022,0.1668879970974728,0.5435438684516312,0.7010800010439163
YPL160W,11016.41550293399,-0.6648245141003071,0.07197624032179724,7.693096976916366e-21,1.6496797408318477e-19
YPL161C,583.285290188853,-5.61585724171017e-4,0.15936472632999904,0.9893891963356835,0.993735942215254
YPL162C,368.79480726516846,0.2746239095808056,0.19420186111615778,0.11180932878116685,0.22013773486520982
YPL163C,1948.9810236599162,-0.27255033575319915,0.10323459964262426,0.0063311431119880725,0.02015915277073092
YPL164C,435.93635326082193,0.3969537620031308,0.18642204726821282,0.01784772796187465,0.04929651137759944
YPL165C,410.748157704643,0.8040686201187082,0.20007791530969243,1.1683264851121886e-5,6.721581739225928e-5
YPL166W,163.5417650693074,0.7179987516655892,0.31058524529443526,0.004314678673194736,0.014432025034503321
YPL167C,520.1751780864654,0.032370483126471075,0.16303365180891954,0.8310322760406751,0.9100459297700763
YPL168W,458.9578077826834,0.19668869269283965,0.17597988570313372,0.21815487053597055,0.36939735554455216
YPL169C,1821.5199695285646,-0.16142712386661914,0.10510753142034479,0.10731229530060302,0.2132144896858679
YPL170W,395.99712058538717,0.5757425616928373,0.20238499204280724,0.0014908342897985692,0.0056500320096029314
YPL171C,26.221899222573025,-0.08663090367408122,0.37637399307816166,0.6388911529805659,0.7789003781530695
YPL172C,470.1207606332312,-0.0022462346434476655,0.1721633227518246,0.9879966964737884,0.9932179541605746
YPL173W,472.9951121276217,0.04017857983237494,0.16903744959094477,0.7968457391959819,0.8882796453759367
YPL174C,597.539141202832,-0.19490425772449727,0.15781981579576937,0.1817214789794037,0.3213228070589336
YPL175W,511.53833665429045,-0.27148430306947163,0.17167296523519132,0.0824156635054145,0.1733875018520975
YPL176C,1591.332525658367,0.010478117880725167,0.10897378267821001,0.9187987129424979,0.9603254183307178
YPL177C,844.9892924082013,1.0116478732805938,0.14772510746540293,1.1277832219625652e-12,1.442632898028904e-11
YPL178W,1346.2961341381724,-0.058854948172419604,0.11522348478060891,0.5944303528636787,0.7443949439025512
YPL179W,1653.4607877492824,0.09564320834799293,0.10874583900127259,0.36455439474413265,0.5338408904410603
YPL180W,916.5148995173105,0.14693916193747467,0.13377380372774544,0.24686875884216591,0.4064168260447383
YPL181W,1318.619880305201,0.03709694924613879,0.11592116427503388,0.7401223599924582,0.8502827891828416
YPL183C,1711.8698519027203,-1.0016944622647992,0.1132914215977873,1.2194079699466676e-19,2.454214607090614e-18
YPL183W-A,147.3166343452677,0.019876582518741293,0.25628562701514157,0.925683353090791,0.9639808579904269
YPL184C,2003.4358132611906,-0.19355557880642396,0.1017342697379379,0.04948524594936785,0.11543294911527778
YPL186C,349.9708359801425,2.682427547277903,0.23573783362832726,3.2966781611631242e-31,1.1711151274927073e-29
YPL187W,20039.845919997624,-0.0018713898278597838,0.06747881033158734,0.9734992082637242,0.9879065274705183
YPL188W,793.765805267999,0.06275230267513485,0.1393231361721787,0.6323146761431985,0.774404910740694
YPL189C-A,46.85895974594606,0.2537941473389633,0.39475407110186017,0.2606681274193098,0.4219489287377628
YPL189W,87.84857818117786,-0.38829985412824136,0.36539200026331176,0.11536185070213355,0.22605490844151768
YPL190C,2292.09178239516,0.12028743725103794,0.09881103853840646,0.20627738663294357,0.35319911410408483
YPL191C,290.1239820743739,0.5389235601189053,0.2302398847379974,0.0070146987019009,0.022085252666903154
YPL192C,126.50975851786133,-0.04433233454223534,0.2665799964251485,0.8305273915658977,0.909996336292942
YPL193W,611.6608033059459,-0.40408324190799616,0.1628554147823154,0.0064715251810811645,0.020550664508796782
YPL194W,297.50179770456907,-0.053843150335517787,0.21277517771574098,0.7680975005096464,0.8696097289535399
YPL195W,2813.1480172381603,0.022908911770003027,0.09143790830496791,0.7963834655900947,0.8879321793504987
YPL196W,581.3271177793021,0.9877685635535718,0.17353597638333612,1.9261545466505284e-9,1.8439177535061955e-8
YPL198W,2886.202873502089,-0.24850123141154126,0.10109603582434963,0.011685170832509906,0.03419724684829326
YPL199C,1351.6681838713134,-0.1582897210160267,0.11596434223193061,0.15633783545194038,0.2868463645488775
YPL200W,9.258106885022016,-0.06732306258662914,0.408147365441578,0.6060777951215679,0.7538595115807688
YPL201C,110.87660559800572,-0.4268045396189231,0.34383326115652446,0.0815689320143715,0.17209731380635018
YPL202C,527.3588405252009,-0.2950751164045197,0.1731149107398826,0.06077374344270065,0.13560415813451943
YPL203W,1068.465649198934,0.6543357996818139,0.13497658083668593,3.6515673329386525e-7,2.600639198350149e-6
YPL204W,2963.4291319024505,-0.08230375443932433,0.09242231066637958,0.37324068291227497,0.5431886246628049
YPL206C,1539.2252268127954,0.5657966852920142,0.11453190870928968,2.9950050157099965e-7,2.1591130290515707e-6
YPL207W,3938.8493523186926,-0.44413525513481183,0.09541669538267686,1.5888588273366539e-6,1.038747284346369e-5
YPL208W,1084.883800206423,-0.0463355089881693,0.12691255463263765,0.7006132533451414,0.82241647487926
YPL209C,173.9045532312026,-0.11272917575720015,0.24981346292780565,0.5751773186189237,0.7289535026640432
YPL210C,2497.194701970564,-0.22743610174998588,0.0971517683329824,0.01721330300182392,0.04781292878085523
YPL211W,922.8790237192234,-0.7510965948585462,0.14155199981050437,2.7178835577810402e-8,2.235704651274936e-7
YPL212C,2008.8877099390602,-0.9120304040369847,0.10522370545992217,6.189321884653193e-19,1.1966698738950781e-17
YPL213W,289.862480152215,0.4055523345639664,0.2226669635529893,0.034762145458939735,0.08667753563271359
YPL214C,942.3041694844466,0.0629126745337634,0.1308285200564042,0.6217230318061971,0.7662070467212424
YPL215W,702.0850352715004,0.16496551674032178,0.15121887864535805,0.24222882890096387,0.4003428822951188
YPL216W,551.9259479033457,0.05843857897565384,0.16036521023959635,0.6948783503098057,0.8185572576462093
YPL217C,3380.2207820886365,-1.0789219911932972,0.09043054948868888,1.1228266664004145e-33,4.4738573322724627e-32
YPL218W,4128.326732348142,0.056623969551627254,0.08658606784415757,0.5136991026305487,0.6733237626611127
YPL219W,297.40697764266463,0.10045646028022066,0.20244583205943334,0.5739743889715779,0.7279860270575862
YPL220W,15915.256597332209,-0.40828021300548517,0.07291144438759403,1.164601194862502e-8,1.0084659685909212e-7
YPL221W,2941.765831852411,0.23470321780587322,0.09346571756446859,0.010412802809491408,0.030903018705370325
YPL222W,970.1672973012719,1.4259660764794793,0.13936385270006002,1.4268699184191538e-25,3.968986749489505e-24
YPL223C,133.98487756336417,2.8768567992649143,0.3822625682875802,3.180755804773966e-15,4.821829558033953e-14
YPL224C,820.0662454886144,0.18398109141093724,0.13927091006665654,0.1614490408851592,0.29348489337231315
YPL225W,1833.428442285237,0.2858478239626498,0.10723032993730983,0.0054601177557047,0.017759688033861343
YPL226W,6726.295392199423,-1.0349101056645293,0.07647538833531219,2.2270410888652742e-42,1.0677123008974408e-40
YPL227C,1211.2027564059622,0.06528307949822273,0.12066183631858772,0.5700869795038128,0.7245264909771518
YPL228W,978.5431744067491,0.2123128102749795,0.13085052646315945,0.08795342560393019,0.1826915642079522
YPL229W,172.4463598498099,0.28017076724079604,0.2647380739816742,0.18646457334643687,0.3275488796615842
YPL230W,458.17433958411846,2.1960215297112025,0.20955327082092726,6.2569776981967215e-27,1.8448698743133032e-25
YPL231W,26930.075013260615,-0.5843099787542844,0.06649018611682019,7.303461354000904e-19,1.3938029645483276e-17
YPL232W,1992.6005927672293,0.12943676271656424,0.10254662541810333,0.1944021421490842,0.33856746374871516
YPL233W,275.7932746908938,-0.06915942347928752,0.20765342721083546,0.7006648074942178,0.82241647487926
YPL234C,2542.3072861267747,-0.32033991700591363,0.09588335367950487,5.985206253687664e-4,0.0024820507227845397
YPL235W,2690.5971273400787,-0.22169912966291067,0.09387380179420456,0.014906855422707265,0.042221770618494116
YPL236C,325.73268700387837,0.22046649128617407,0.2047760297208359,0.21918735244278062,0.37088890024535937
YPL237W,7445.451539602495,-0.47731415773662306,0.08259924840008871,3.6687681102472033e-9,3.3910228128726896e-8
YPL239W,989.3820593024233,-0.36253264615800546,0.1345336606460515,0.004341211494245418,0.014496455531944983
YPL240C,7393.647618223255,2.3543338126030497,0.07740827197579823,2.3624599853022796e-204,9.28761768888503e-202
YPL241C,406.4636839575372,-0.10553736924956574,0.18001589210102345,0.5158078556695693,0.675187330717747
YPL242C,1965.3416372436145,0.009790753826660777,0.1022826982232861,0.9260558861312139,0.9639808579904269
YPL243W,2859.4953220668813,-0.25702360181561434,0.09654719451774496,0.006551917873755208,0.02078357165225092
YPL244C,1128.5376867835976,-0.37697816656703254,0.12838728939505825,0.002009229514201246,0.007345460574056876
YPL245W,865.0729209527051,-0.818279224612507,0.1437340666340747,2.028309117008059e-9,1.9385638351696146e-8
YPL246C,1767.6295646904512,-0.4400842501793689,0.10778550505744117,2.3268079402131237e-5,1.2907983465133388e-4
YPL247C,984.8956312656976,1.11809647983855,0.13810019531284218,7.557154160918609e-17,1.2660380138334385e-15
YPL248C,111.78646901487326,-0.18833970098767497,0.29246522252755414,0.3857740313364772,0.5557162012349381
YPL249C,1055.9913296450784,0.14103644788282135,0.12698441822979095,0.24426924245906953,0.40303741543960075
YPL249C-A,14567.229361858097,-0.21295425748830465,0.074873749371708,0.003687925924898091,0.0125781950139526
YPL250C,223.86055535577458,0.5102561231975999,0.25662498263613537,0.017287603941584177,0.04797411785577501
YPL252C,467.74448670394236,0.030144424252048142,0.17034512584065709,0.8461764139444867,0.920646183215985
YPL253C,512.8455473372487,-0.003747882759200423,0.16374578114385324,0.9847927663915292,0.9913490855942042
YPL254W,716.1843951027513,-0.052886957614914,0.14596531088276854,0.6987940907383619,0.8212014254850777
YPL255W,527.4039926036974,0.06524335292744461,0.1624957987130587,0.6649449314591153,0.7973119684453849
YPL256C,2250.5060776751825,-0.4440034132052802,0.10558527473853728,1.4904877711837972e-5,8.451352294875819e-5
YPL257W,70.78603102480004,0.2285197317145685,0.34468793396541225,0.3148858122906795,0.4845724517427289
YPL257W-A,0,NA,NA,NA,NA
YPL257W-B,6619.634640864233,0.0052888179860648785,0.07514520812358305,0.9415285712718011,0.9725843497294134
YPL258C,336.86707237141735,-0.3954421316851478,0.209462394108908,0.030858364992878737,0.07835006376633334
YPL259C,946.756217740784,-0.20670916830582564,0.13415715294628516,0.10313969218065204,0.20700597050252512
YPL260W,1797.6772909800975,0.15379317078509885,0.10876320607442012,0.14220769407413347,0.26706967259718634
YPL261C,1.498626374985991,0.013196478686430233,0.4223454169000781,0.6718164111912832,NA
YPL262W,3714.371496725139,0.15769210031556746,0.085287966708733,0.06739631004016577,0.1479657633309224
YPL263C,2867.1410368761035,-0.634591581849587,0.0931890716868618,3.1633033856987395e-12,3.8541322449308816e-11
YPL264C,213.83350521587693,0.30156475049831416,0.2480976844498882,0.14005939457493885,0.26429767993869263
YPL265W,4414.382487521751,0.6143690782078168,0.08818341465096698,1.0985467658223755e-12,1.4082891908814235e-11
YPL266W,1483.9086316139865,-0.5750602171776668,0.11547728550773333,2.2250237295076226e-7,1.6178748375963564e-6
YPL267W,410.5742689773574,0.08881175220836633,0.17944870185677286,0.5849720184670439,0.7364602888343634
YPL268W,850.4742869501529,0.43268701657984315,0.14198686627162424,0.001204919267043164,0.004671537750002327
YPL269W,513.2531963737499,-0.1583328440943861,0.16751042152977788,0.30258370480009333,0.47099682628986356
YPL270W,1767.2585000671031,0.1935984521883968,0.10963517777152859,0.06705325878071995,0.14732230515272188
YPL271W,466.4448085138761,0.38819542291111797,0.18085815393646526,0.017764053752741,0.0491574964710998
YPL272C,182.84956288196912,-0.10851134248594052,0.24050199239568706,0.5831628211254309,0.734967120362613
YPL273W,4032.434518135885,-0.4807709041830678,0.0847506953325484,6.8385802178172415e-9,6.119439688083198e-8
YPL274W,2333.47346007406,-0.554792973972912,0.10136062371219143,1.6932569811679475e-8,1.4397481628449988e-7
YPL275W,43.72114072087775,-0.4298694132004958,0.49352128198747264,0.09606363430872934,0.195745422086585
YPL276W,24.687017220343943,-0.08645899437977182,0.379262869112121,0.6349384979548542,0.7756851714190545
YPL277C,163.07129768884786,-0.7073645639629854,0.30909023364278226,0.004588049101947805,0.015225506783447498
YPL278C,10.511583574819623,-0.0719748007533571,0.40970779665561946,0.560657392997642,0.7167129084125503
YPL279C,339.2982761297427,-0.2835046387808434,0.20387044357741818,0.1135835113850917,0.2230447619417007
YPL280W,18.419609553982433,0.08316717345677473,0.3953845637471939,0.6029838327672741,0.7514361077406203
YPL281C,45.83360992306514,1.9346661068976074,0.6442813576451822,1.4668435663826954e-4,6.98705695554019e-4
YPL282C,0.1925249435925408,0.010034837227069857,0.42402251994226076,0.8510168722001032,NA
YPL283C,1621.9630809220564,-0.17229734155027673,0.1102056784395293,0.10199833588802568,0.20521466623394316
YPR001W,106.34996798917342,0.17060698104558486,0.29378916434483876,0.43415174754357244,0.5999983255834185
YPR002W,133.80906432793682,-0.308781637518075,0.2967372390009626,0.16868009754937965,0.30409860447835274
YPR003C,739.6664778390474,0.5168167607366158,0.15159328034230837,2.92969977210112e-4,0.0013108072500819655
YPR004C,1876.6689267183585,0.3698886409540069,0.10633710254003229,3.1608975815923974e-4,0.0014004367421976234
YPR005C,158.32065136698546,0.1645911689461729,0.25801624433638365,0.42831023397976475,0.5949930388171196
YPR006C,441.9810407737028,0.660193655942271,0.19179061133094935,1.5682652661512238e-4,7.43413205345158e-4
YPR007C,38.34239107066206,0.005436169993370791,0.3484072412370634,0.9809929584534018,0.9907281922752191
YPR008W,1633.5717606607434,-0.13167571304524722,0.109261118420765,0.21715083754985431,0.36797083018146287
YPR009W,389.2381066902992,-0.07187542215715054,0.18686169177854423,0.6670737289443198,0.7990521591681198
YPR010C,7468.455209048622,-1.1789830122892424,0.07547811992051852,5.741697766750296e-56,4.1800977445094436e-54
YPR010C-A,99.67139786354728,0.3954602165745525,0.34877489655115995,0.10671728365781707,0.2124617899156473
YPR011C,491.78951131215985,0.23103761270437495,0.17239456901935649,0.14114208007255086,0.2657454809028839
YPR013C,275.76279666600936,0.09616009542442275,0.20861588047296503,0.5975494308989673,0.7467151926279318
YPR014C,22.018756009641944,0.17466174111641025,0.41439838581785965,0.3476005804879105,0.5181498036241678
YPR015C,32.32955641508466,0.24216932061429094,0.42484684680280804,0.24901216991864153,0.4088518740161164
YPR016C,3017.0112527422134,-0.6014668997490495,0.0930318515325307,3.542439921976893e-11,4.032773787625046e-10
YPR017C,245.42773030928964,-0.2664634469729161,0.22855388957810072,0.16840149406314833,0.30378207723780537
YPR018W,991.4009655807786,-0.11360782048799226,0.12879152475148736,0.35218037931835516,0.5218853874147755
YPR019W,1931.0689825910617,5.646031542522878e-4,0.10409198571122498,0.9969535267380747,0.9979455648505398
YPR020W,359.7830027959655,0.04103192253178471,0.1911879906331739,0.8110273426702013,0.8971352916387502
YPR021C,1018.328579508965,-0.2399004830471882,0.13456025751041537,0.058801047802544165,0.13234724385175686
YPR022C,1192.3302119468565,-0.38317661095443023,0.1275286641931285,0.001555665766701948,0.005854346538762851
YPR023C,1824.5407956887,0.12560253125577242,0.10573506764257533,0.22539874437224025,0.3790723363521157
YPR024W,3047.505195284629,0.1940796151912014,0.0915856748658205,0.031641396106327414,0.08001256982805006
YPR025C,687.6994118270967,0.3265576402049145,0.1524847532948841,0.02145959159914021,0.05773139218071616
YPR026W,1000.4199598358095,1.6166252412429305,0.1411698850374379,1.9627281342693188e-31,7.144572720855662e-30
YPR027C,166.5246798181065,-0.2539715511749692,0.26460651087445813,0.22752098527819292,0.3822062676301729
YPR028W,4208.3578100553295,0.23569360932136776,0.0830787132669603,0.004064538664097042,0.013672894753097692
YPR029C,2188.284740484623,-0.06619256537428317,0.09855672124258825,0.48731293742818144,0.6520727007065998
YPR030W,246.5120360314313,0.48309782427046905,0.24452902908088867,0.019231463332185016,0.052527994103703124
YPR031W,584.8772036671488,-0.36526545014429745,0.1637498299532454,0.014244979231255357,0.04060060054456879
YPR032W,813.5361898354813,-0.21308575366521273,0.1429450816244501,0.11179649414181748,0.22013773486520982
YPR033C,6306.694104175594,-0.30575179598645225,0.07764573361552222,5.9110268137334305e-5,3.0443078707935407e-4
YPR034W,1445.4375348118424,-0.0534289861267961,0.1126332578196418,0.6211651783936449,0.7656795687682534
YPR035W,14542.296174765637,-0.08766709145648727,0.06953002187007404,0.20003315085521856,0.3458210174708953
YPR036W,8665.349209802573,-0.2714908449504984,0.07454142369322041,2.078234917643548e-4,9.634710148855347e-4
YPR036W-A,398.24907387170873,0.17743504510209043,0.20094060511898898,0.31435602612929897,0.48400978748941936
YPR037C,958.7717690862751,0.04145270249018724,0.133913957658677,0.7431978203199562,0.8521558519204319
YPR038W,231.2158820380238,-0.1374598244505925,0.22733091003451053,0.47239707464546776,0.6376117072978539
YPR040W,472.6212045893493,-0.006287111782076435,0.1733627252612762,0.9678874189758727,0.9836926678242668
YPR041W,4701.616897005951,-0.45720213242174135,0.08297009099017,1.7124824529815032e-8,1.4530228813283345e-7
YPR042C,642.3776465391152,-0.04449351118118146,0.15315605034460988,0.7539786086587164,0.8600022930871277
YPR043W,14259.261059574515,-0.3063996285003311,0.07404746827463955,3.024378743631776e-5,1.6347169066174686e-4
YPR045C,1090.5957189433511,0.20271094359331066,0.12717068504557189,0.0865081432655788,0.18032468039488095
YPR046W,238.52414784435027,0.2318493127019685,0.22778637726755865,0.2306402385935857,0.3856210623720938
YPR047W,418.01074280805994,0.28601364708978416,0.18561230978878018,0.08661639138020667,0.18048652295727163
YPR048W,733.4977193776705,-0.2743607110521084,0.14824233698346215,0.0469912381562163,0.11084293256288301
YPR049C,709.5484867984637,0.004495754936776075,0.14505892405057413,0.9706629558333962,0.9857068108402854
YPR051W,701.0932660736344,-0.26705757817158843,0.14980750416662666,0.055668967748629554,0.12694505135872716
YPR052C,1222.55106240167,-0.27573125124974374,0.1214125879321358,0.017433071103321256,0.04833230855490618
YPR053C,468.8710723258356,-0.22839773825063472,0.1793526908927907,0.1580269821785949,0.28931546535460234
YPR054W,407.26565525058896,0.09449500746755204,0.17973239080838552,0.5616389683651128,0.7173686270644738
YPR055W,1115.3862793609499,0.09749359114587207,0.12358289267193008,0.406934578810199,0.5754659979001783
YPR056W,513.4588412871949,-0.09904656922970662,0.16462498948158713,0.5124590806984666,0.6720533922077413
YPR057W,733.6205897781641,-0.13631351762306848,0.15037188810017732,0.3260811752535145,0.4961698506098934
YPR058W,973.7214120855574,-0.23944673151057067,0.1312759370326634,0.054195488196566076,0.12416114758941342
YPR060C,861.2436875434836,-0.09387924165996207,0.1364856165210749,0.4663066904900608,0.6308351809634982
YPR061C,137.78250660354013,0.3358664250136392,0.2959703953694292,0.13729023049066946,0.2603217007085138
YPR062W,2743.831110676238,-0.18152617361099557,0.09252984225448793,0.040926858759724,0.09891216643692313
YPR063C,1126.650718668024,-0.12429421552572796,0.12319939486487062,0.290280607303658,0.4563542365421678
YPR064W,10.206828358566831,0.0636630733379851,0.4062385395150466,0.6348558587424231,0.7756851714190545
YPR065W,962.814846637513,-0.46669622299133895,0.13710026568131864,3.1653655872779815e-4,0.0014013634285419112
YPR066W,234.29464802829727,0.21943099395210566,0.22860044914493066,0.25863534436035535,0.41946441850743
YPR067W,393.4401212086842,0.37777805828148386,0.19387526498865376,0.02924140057174426,0.07500501921338665
YPR068C,326.275581869288,0.0020411004214207665,0.1937331064228702,0.9921584141727747,0.9951961504298099
YPR069C,4499.375845877803,-0.031363995132596835,0.08220411211573724,0.712334558294563,0.8308221697513921
YPR070W,662.9884278686677,-0.212746322489269,0.1555532765677313,0.13931661018526903,0.2630643772854728
YPR071W,301.7494728826141,-0.10622011471352237,0.2015765530096651,0.5482369589689404,0.7054229428408993
YPR072W,2339.9810074211673,0.047205013114694196,0.09657033344218378,0.6085131999539397,0.7551351725859391
YPR073C,736.9272724497961,0.32073585872818555,0.1498977497461187,0.022603068237666196,0.06028507164066828
YPR074C,15952.446872675839,-0.4835957312521664,0.06821289709773215,6.518062379605288e-13,8.484992020426575e-12
YPR075C,1815.3720086185658,0.26686250848241444,0.10576079177632385,0.009323054775733948,0.02822282033496052
YPR078C,39.201157318578936,0.5067024665980724,0.5648153447983841,0.06628715849164796,0.1459109270717611
YPR079W,601.0035754152987,0.30818387551735127,0.16077099115016438,0.038137261610857766,0.09370040144585214
YPR080W,155668.75566865524,-0.2975821161360298,0.061099526454763235,7.294161175642372e-7,5.013248071417607e-6
YPR081C,597.5539206040955,0.25527389733394545,0.16043847667250427,0.08490710867059388,0.17767821853459623
YPR082C,401.79574258309276,0.052614054262139755,0.1821030917549817,0.7506586048911834,0.8573762915055798
YPR083W,343.5348657982713,0.17224644709183493,0.19535481475185354,0.3209814087620461,0.49113320380637937
YPR084W,563.2042087806927,0.20899184413038532,0.1634137408127523,0.16950649107247318,0.30521519934484714
YPR085C,423.77712683847597,-0.16765173456901908,0.18123778211550928,0.31045358759087993,0.4798806830991924
YPR086W,1759.2736932589933,-2.3478783173617088e-4,0.105361006573181,0.996837358953605,0.9979455648505398
YPR088C,3904.346130692331,-0.21860870096929577,0.08447762689322534,0.008147645485055704,0.025129009113689062
YPR089W,1539.0024540562713,-0.23432898791899356,0.11132454072042393,0.03001441162278631,0.07678741229482468
YPR091C,2095.1777296538794,0.27760555198234244,0.10435983936896483,0.005962845801538739,0.019099892282278076
YPR093C,236.1501565691244,0.5625808662646309,0.2596205093259383,0.00968409375261906,0.02916603721102891
YPR094W,129.08138607902842,0.16935720248177916,0.27855286164796683,0.4285527122831148,0.5950300014689975
YPR095C,1111.4283199674137,-0.16223977363758685,0.12509990637214055,0.17343710741212334,0.3110579751853076
YPR096C,3.4534824477208312,-0.03354999379923326,0.4216381685975153,0.44014963721241485,0.6051672675778994
YPR097W,1476.9431580640464,-0.30313674278468217,0.1167612815204348,0.0070680352107481866,0.02222944194015043
YPR098C,571.1374222873919,0.390797852769238,0.1661779167320564,0.010552731624263907,0.03127108461722827
YPR099C,165.250602453089,-0.09773740541812065,0.2534839887131522,0.6287521883835466,0.7718050905282628
YPR100W,638.5758832378343,0.1416246387876131,0.15247687693663725,0.3195397314719611,0.48930817878217464
YPR101W,344.2916045848253,0.08615157437994543,0.19218517501710838,0.6172583188052398,0.7627770968136
YPR102C,13982.0257915816,-0.23603947670294959,0.06801860312776387,5.493365215294083e-4,0.002302152096415707
YPR103W,3803.879200397009,0.13724812501323413,0.08580306089613238,0.10997754902078509,0.21733834000521773
YPR104C,1126.9074599007788,-0.3713691599870528,0.1332200818068892,0.0032290715722357653,0.011182855548473872
YPR105C,1481.6100616892438,-0.0891699989936128,0.11376473804982466,0.41512931292075356,0.5835560329663131
YPR106W,629.3864732462094,-0.10850138365137141,0.1529470077636352,0.44540993145749747,0.6111173489541327
YPR107C,321.8739664984187,0.5567470853631845,0.2234063452716344,0.00434507419784788,0.014500793743468564
YPR108W,3407.9317181069464,0.46821728626962805,0.08950830293125586,9.165739644331145e-8,6.938429612659919e-7
YPR109W,565.381094518282,0.11274883459700487,0.15929077819595108,0.45791096318113544,0.6237652429749014
YPR110C,3908.7885657980332,-0.725960463191226,0.08592614577550947,7.757493202030393e-18,1.3820524897997953e-16
YPR111W,449.4581992521332,-0.05179274047109986,0.17417861711019153,0.7440135879154437,0.8522626511144855
YPR112C,1867.9575930182925,-1.171285178147663,0.10767061121285885,1.953072857775897e-28,6.32817068258487e-27
YPR113W,3222.9339883400407,-0.01938287971134837,0.08816714803148994,0.8275332109019145,0.9080630239713039
YPR114W,1439.067175183245,-0.060177175484054525,0.11329125515771085,0.5810832987162938,0.7337576472226948
YPR115W,2665.242589368559,0.15223375978231415,0.09330371704148269,0.09466723453261028,0.1935017962006249
YPR116W,32.5990894093678,-0.31700522865848857,0.4634158176201313,0.16062928890738654,0.2927165997178178
YPR117W,1261.9092475105367,-0.3620446488591674,0.12137888017829812,0.001841517369739121,0.006778669119445442
YPR118W,2886.431405244611,-0.150685351242054,0.09111870025132862,0.08597739351071981,0.17940859502219206
YPR119W,1406.3140847715038,0.010993780203744806,0.11439357930131024,0.9204395537440913,0.9611886042905801
YPR120C,690.0506211732209,-0.11517135704058037,0.14990991234704884,0.4077156259879238,0.5764322815753504
YPR121W,354.85541349071434,-0.3062497718665268,0.19880506566312267,0.0819079730902979,0.172627347145635
YPR122W,1365.664607751206,-0.5665949807285658,0.11965436975642985,7.50352598360411e-7,5.151140014588293e-6
YPR124W,508.3085519114557,-0.3487824358921576,0.17307870501728573,0.026911796029742748,0.07009667013577428
YPR125W,924.1502977404027,0.03810857670085726,0.13157154536908627,0.7613035677850469,0.8660121796351122
YPR127W,930.1215923596151,0.49196221184818334,0.13823099155870128,1.6795632038884954e-4,7.923507370664366e-4
YPR128C,735.535426053006,-0.017409867811375022,0.14337135347684082,0.8961166703669841,0.9485550179777608
YPR129W,2222.2822887739867,-0.20545155899246825,0.09855844904059177,0.030761656835377498,0.07819029756819876
YPR131C,420.4711498112727,0.16438577516856373,0.18404124896977384,0.32241799378569985,0.49218195944972093
YPR132W,19005.817441060095,-0.12812906147340958,0.06651001828230399,0.04448547196734563,0.10590667266509374
YPR133C,1790.7887042245243,-0.09333504899422383,0.10583579568970003,0.3615345394652137,0.5308688195284773
YPR133W-A,42.435804881579294,-0.0940936125470114,0.3509457796355513,0.6443214578254106,0.7822861101083892
YPR134W,363.3144457392217,0.17802405330481794,0.19661160468749775,0.3099298079043168,0.4794206014946882
YPR135W,1120.3694927954098,-0.03170211275047536,0.12306265549563948,0.7870352705074608,0.8823473365365962
YPR137C-A,0,NA,NA,NA,NA
YPR137C-B,9412.665733055725,-0.26604055182098435,0.07777260241071028,4.889372831496253e-4,0.0020757834116150757
YPR137W,1615.9048953746837,-0.7979030967850239,0.11255575459764183,3.1904241611311184e-13,4.256545538052083e-12
YPR138C,1539.3187235240314,0.19460428850413852,0.11111910189185778,0.06905260746745982,0.15092780809325818
YPR139C,1026.8502071727207,-0.10295920571538796,0.12989802203479206,0.40357217314280125,0.571984241472433
YPR140W,712.0462727202589,0.3097395539886603,0.15373724459244478,0.030192609491196905,0.07717634077572091
YPR141C,732.6445279712966,-0.11122409027002696,0.14416813270523873,0.4108019460656557,0.5796584241993682
YPR143W,1074.382246925465,-0.6749262645214774,0.13141747870033552,6.896016795071014e-8,5.308852616257672e-7
YPR144C,1129.0966798644433,-0.7767986175746776,0.13309383153933427,1.4720912174680058e-9,1.4254387371771476e-8
YPR145C-A,1.9000570434276722,0.0010665669727639106,0.421613500982944,0.9811981168707384,0.9907281922752191
YPR145W,16775.265660318808,-0.5002590748928248,0.06719880529358933,6.826200996382137e-14,9.449320956728982e-13
YPR147C,647.043593109304,0.006207496091768518,0.1500572009579919,0.9660347423670841,0.9830382874441234
YPR148C,2807.947621899587,0.14584162884896146,0.0918867644569148,0.11094879177803399,0.21881773415219613
YPR149W,5996.40173604293,0.8309756216387392,0.08680833350583968,2.1009030959167684e-22,4.896848046095329e-21
YPR151C,70.41061994996694,1.6996035664792333,0.5533617701212051,1.0195498972457945e-4,5.026994769279641e-4
YPR152C,356.4932860126397,-0.3160665334598394,0.1991442591502717,0.07284308241525467,0.15751949285029584
YPR153W,49.4788566713439,-0.05118036403682842,0.3366896414422427,0.8016677984885763,0.8909602351464633
YPR154W,573.4679592748397,0.4851381847045599,0.16849762570401935,0.001771698556586203,0.006558509973753195
YPR155C,726.970002974479,0.6199520259186428,0.1540132998002116,1.8266009193531625e-5,1.0258538687071998e-4
YPR156C,2763.229016171653,-0.1139946057955504,0.09206667810883401,0.2120009459476582,0.3610076749215537
YPR157W,244.63251150806184,-0.02566705773292962,0.2149464923617912,0.8881615424281053,0.9430119941841082
YPR158C-C,0,NA,NA,NA,NA
YPR158C-D,8530.567236497642,-0.13924536339045554,0.07931656189169788,0.07424959336463181,0.15939201021886923
YPR158W,412.0280040917023,0.6660263324944226,0.19988441614034633,2.2911395464958922e-4,0.0010506104125728053
YPR158W-A,0,NA,NA,NA,NA
YPR158W-B,1536.2450310039085,-0.18171562911318195,0.11098280409681313,0.08601427825722147,0.1794220724735886
YPR159C-A,0,NA,NA,NA,NA
YPR159W,5103.2466078759135,-0.21880612573170663,0.07946396376777935,0.004966475418166298,0.01631870134897323
YPR160W,4120.232152142642,2.3738832441031428,0.09159279347812674,2.421538802337955e-149,5.949922632244551e-147
YPR161C,1334.8149766301503,-0.03681892655538123,0.11571754699118499,0.7391844760214562,0.8497019210718376
YPR162C,581.2797534163651,-0.011415917099564042,0.15701025090357235,0.9468038658247011,0.974384217908837
YPR163C,8706.461281620455,-0.7158517121660322,0.07399569263617203,1.0435845239049807e-22,2.4616071749870687e-21
YPR164W,1032.8669941309176,-0.24993279143803315,0.12925185405345893,0.04172915122522089,0.10060376319506442
YPR165W,4655.278783773414,0.19428814703552785,0.09033952420655726,0.028056284429092453,0.07250127488096328
YPR166C,199.38012497080106,0.12157603781258212,0.2344581727443274,0.5360204470524552,0.6940958665499185
YPR167C,230.92369967006033,0.5247914114171758,0.2540274864184258,0.013951843551772525,0.039958242556970655
YPR168W,162.75981039784133,-0.08327529554326855,0.26002958421499106,0.6815160695176135,0.8102621495857594
YPR169W,2152.952959108134,-0.47193226554330747,0.10260378257036691,2.0953413333104655e-6,1.3416099720447139e-5
YPR170W-B,819.5347268540611,-0.2996564693817161,0.1413088602549731,0.023965913044396218,0.0636035055008121
YPR171W,871.3887635004405,0.19176846230991645,0.1363578407633218,0.1378996664630612,0.2610575708291082
YPR172W,659.8007461416437,0.4250779678253731,0.1571673094195653,0.0035755782869887776,0.012258828580449315
YPR173C,3587.776493973308,-0.10375787471306791,0.08589553043331911,0.20586777476515256,0.35270257634808383
YPR174C,315.7866286556322,-0.3966172865159273,0.21381927634823342,0.03301973587166447,0.0828232166887305
YPR175W,748.309554437384,-0.25969243402328235,0.14578276597546488,0.05641917495897749,0.1285067109822674
YPR176C,819.3961955490458,0.18775337304926243,0.14013864022481276,0.15510662652041515,0.2851196311068853
YPR178W,585.2898141431838,0.26558893131489447,0.160873921843402,0.07376963279754874,0.15879113853939253
YPR179C,719.1847509003333,0.01597400605770958,0.14432558148954017,0.9060400585294885,0.9547745220065035
YPR180W,774.9641864507462,0.25795795540841465,0.14405389567297763,0.0574554504679128,0.1304136995416789
YPR181C,5707.199326621199,-0.0729792756734015,0.07779975880640727,0.33921075145743,0.5097670237880899
YPR182W,172.98341948061852,0.27537787353502635,0.2675130873887893,0.19693497613768074,0.3416878014762248
YPR183W,2408.625951649809,-0.03543202895146035,0.09823744121256325,0.7116974717782087,0.8307363402763454
YPR184W,1849.7658727337791,2.126115623444952,0.11161222763136794,5.1384501912095223e-82,5.7172529768985955e-80
YPR185W,1105.772901686193,0.05028968633341366,0.13491791248040402,0.6924677167416896,0.8166964251251487
YPR186C,415.1114722158379,-0.20421892082838008,0.1824827426142388,0.22242675534514675,0.3755083241541169
YPR187W,2408.625402834669,-0.4807690891115207,0.09780681252577653,3.6884797925772994e-7,2.6237593892434662e-6
YPR188C,644.9974643220421,0.3887735755800733,0.15886546886908465,0.00822635188598247,0.025292386377288124
YPR189W,1585.6021077288246,-0.23243112277513206,0.11289461825819962,0.0334825657752925,0.0838414821133333
YPR190C,1119.0770969902565,-0.8807383753903122,0.12944516926424254,1.770199545287378e-12,2.216319897783369e-11
YPR191W,2777.5848004112877,0.27211178921982887,0.09616459883970889,0.0036649734023137667,0.01252163855935358
YPR192W,145.71023587409996,0.7626363684934112,0.3325603363913796,0.003973270039077555,0.01341177642841462
YPR193C,22.859400546413585,0.24937689458866144,0.45552949840821566,0.20344134621551818,0.34976490339151917
YPR194C,417.06410194147867,0.18252733121217707,0.18099074239311536,0.26393132540696607,0.4253639493466298
YPR195C,33.21035888946989,0.0622005947320746,0.362070465717407,0.7497848157109799,0.8565441802107029
YPR196W,167.3568159927644,-0.20216465034290595,0.257161984088818,0.327219012516411,0.49681012276242936
YPR198W,1312.5193565349505,0.18044772139717208,0.12186069870486499,0.12019733464597783,0.23334567542808363
YPR199C,622.2606398811323,0.22417365226423994,0.15697047736259892,0.12347115663882624,0.2389594390217126
YPR200C,26.671581839814422,0.20933874727016052,0.4191140529598468,0.294897369678252,0.4620111022828512
YPR201W,105.28561852654784,0.24585117902182013,0.3097169323600762,0.27512310250927524,0.43979423569997184
YPR202W,234.60916447446772,-0.011842785282046233,0.23522504047889586,0.9491574087202889,0.9750109057448092
YPR203W,24.237941106978734,-0.0683025258044712,0.3784907539083583,0.6983847726771761,0.8208839953114028
YPR204W,5386.572250659235,0.1532596279978875,0.07839205258530797,0.04984319338579782,0.11613011117979048
