gene_id,baseMean,log2FoldChange,lfcSE,pvalue,padj
CaalfMp08,33.209615498777026,3.0747839399121712,0.7478272385558938,4.852551076859719e-6,9.856645713699442e-6
CaalfMp11,21.45950071805412,2.1581489757810903,0.9997048385234936,0.002995907758106461,0.004850292286933028
CaalfMr16,2551.781315482074,2.507187609499537,0.7503637855568922,5.8152424278433263e-5,1.0953355571479255e-4
CaalfMr17,977.1036308601431,2.0405978761384604,1.280823120201868,0.0059203448305138375,0.009250909189621723
orf19.1005,260.80556828284995,5.975807926747074,1.0684324030533343,2.2126542931314917e-10,5.817184592131804e-10
orf19.1007,1957.7060015131722,3.169041721234963,0.10968825688821388,1.5572442503605729e-184,3.669220037453365e-183
orf19.1010,759.5671757190435,1.8942140839441508,0.142992380134819,1.1416636810727473e-40,7.078995059203807e-40
orf19.1026,698.3983082209032,1.5435237838734202,0.14813001336301812,6.517881472181266e-26,2.9342214788968875e-25
orf19.1026.1,104.50727895641452,2.0588581596426163,0.3637336191816088,2.9443932976949093e-09,7.283990392554284e-9
orf19.1029,461.6865945568069,2.7002257587448772,0.19936943866373608,8.395543790513262e-43,5.382112466936839e-42
orf19.1030,8181.440917969776,5.177429122797116,0.08633438685044945,0,0
orf19.1031,3904.401713536391,-1.0336850891499196,0.08020405231882215,2.9376501065749455e-38,1.7436014510887794e-37
orf19.1033,3256.0176183824274,-2.556546720389694,0.09273449931339968,2.911291295104278e-168,6.1830281791262275e-167
orf19.1036,1386.7002523248834,-1.6939537155803603,0.11248295163920782,8.17417532911788e-52,6.16419695108841e-51
orf19.1042,22048.871924724364,1.2952318052713625,0.062487145819094286,1.1369609049647869e-95,1.3838565088889142e-94
orf19.1043,379.96369063227866,1.106776967839554,0.18862506088949105,2.325714709620763e-9,5.78786873131608e-9
orf19.1045,1009.288381202249,2.538567028258781,0.13389363652471767,5.192503441504865e-81,5.523337561968719e-80
orf19.1047,1597.7030113891005,2.4564971393524493,0.11172668651419118,6.1553008914338144e-108,8.160020969450687e-107
orf19.1048,1323.4664796796724,4.134000820088,0.13654376419867761,2.7758281719479015e-202,7.103389797394548e-201
orf19.1050,318.5463142865947,1.7895001869933036,0.20904457990641873,2.8069191416621577e-18,1.0255355834136052e-17
orf19.1051,8938.918658032111,-1.1161923565117813,0.08160979740925621,5.766876834542895e-43,3.7010428511677716e-42
orf19.1052,7434.686387934954,-1.000161171984108,0.07612963453866203,7.806144119111206e-40,4.755274524851743e-39
orf19.1064,16998.669206319955,-2.532519538571956,0.06445128153655659,0,0
orf19.1065,13147.902789664387,1.2350838776387125,0.06659209479321053,3.873375031402118e-77,3.9909824580981557e-76
orf19.1066,346.27190291337945,1.947319198445006,0.20592791141224331,7.156151936894034e-22,2.882775012513958e-21
orf19.107,1172.493446063943,2.546476052552858,0.12574508237116702,5.271922946045778e-92,6.199225400209008e-91
orf19.1077,1841.4951041091656,-2.5402823671423183,0.10694219802500537,1.4197156015374797e-125,2.1106438609523866e-124
orf19.1082,157.70039814783007,2.7556637739067757,0.3101659032942892,1.0578685423988502e-19,4.0300983396817697e-19
orf19.1083,299.51424255587807,1.4223446890067046,0.22699274189511953,1.169545601545864e-10,3.111479648935822e-10
orf19.1089,549.0562917513188,1.0632149588230655,0.16287653181071501,3.5479148486149894e-11,9.678104113041499e-11
orf19.1090,81.02355999728745,1.877463201987266,0.4113692526858534,1.098554841139009e-6,2.344284493531091e-6
orf19.1091,513.5571909528674,3.065437872342768,0.18383014768685102,2.516989372157767e-63,2.188869309157813e-62
orf19.1092,666.5113239662602,-1.2656795933317004,0.1561207810191765,2.0483633352816493e-16,6.973817156760424e-16
orf19.11,271.7211901119699,5.033502905897578,0.3261834742989518,2.259608469172214e-54,1.7504956924951989e-53
orf19.1108,4151.072458436405,-2.3690640456485674,0.08170861221202157,1.2658869579321329e-185,3.028428415834574e-184
orf19.111,800.2635383647955,-1.968394760311073,0.14116196229659067,7.54577078072926e-45,5.060772583767294e-44
orf19.1112,1208.2359071921003,-1.116772192544013,0.11866765173838786,2.1969227234511266e-21,8.742884311809328e-21
orf19.1115,549.4421644425729,-1.2455809407791754,0.16917574027504917,7.281517731689438e-14,2.2319978751432917e-13
orf19.1117,87.25584020560645,3.947076953150188,0.4789431541592526,2.1552450291525402e-17,7.633210415217505e-17
orf19.1119,1052.3003528598313,-1.1362851060638703,0.12293412116740177,1.197811053003416e-20,4.6891111065538115e-20
orf19.1121,931.2941327702348,1.3474368270434172,0.13009099993231876,1.441396657087632e-25,6.424040490260652e-25
orf19.1124,213.87446263718982,1.64876377352873,0.2508490599068242,1.4489202716808651e-11,4.020914745055699e-11
orf19.1124.2,2208.988665769077,2.165065289374375,0.09939706818247017,5.982482569118368e-106,7.814774301584747e-105
orf19.113,130.61908949860174,1.0014123349731316,0.30644129188361285,6.010275489869395e-4,0.001036975964596422
orf19.1144,2613.7050901934776,-1.894462125551969,0.09155127735728197,9.382751133729187e-96,1.1442558218555672e-94
orf19.1146,54.843301949329216,-3.6489048563434197,0.5977298631218043,1.2854015675590147e-10,3.413886596273282e-10
orf19.1148,17.10450019055232,-2.296313971088896,1.0651812857171346,0.002902222779328449,0.004703212830035513
orf19.1149,4152.53156285086,2.135061255889253,0.08080583447093116,9.641450362464867e-155,1.8466630694242521e-153
orf19.1152,7893.73335986992,1.7199667526823155,0.07021101616335232,2.848760183368631e-133,4.5261217773419163e-132
orf19.1153,25750.231822298865,2.6203983693543034,0.06437122259880275,0,0
orf19.1155,366.08880774896596,-5.047899148160044,0.29223213396998676,1.6467326114255977e-67,1.5054463288054806e-66
orf19.1158,246.22110349950563,-1.0936029918515167,0.23967654815007744,2.4404154119786357e-6,5.057402533154531e-6
orf19.1162.1,64.85196713256762,1.4509294214553892,0.44591693817261474,3.645360202757325e-4,6.43165558237263e-4
orf19.1164,4130.166417787676,2.2075599394737724,0.08158820880002406,2.2320171728163136e-162,4.539646653767121e-161
orf19.1166,6039.917361037496,-1.0082442110125012,0.07297861104539778,7.039456151285538e-44,4.621910011422386e-43
orf19.1167,101.01292602334001,2.1863889338716733,0.3751610396982874,1.0028186107161836e-9,2.5412335248830563e-9
orf19.1171,15557.130966380077,11.825180969687546,0.7812146178800186,4.183821609663036e-55,3.2860103309101883e-54
orf19.118,5064.437231117192,-1.020379835527738,0.08011269118629089,3.3218825557140733e-37,1.924103402400619e-36
orf19.1183,4610.572789699203,1.1613026426980149,0.07850352367237205,2.3077312353270383e-49,1.6833497468904238e-48
orf19.1196,1832.9564986913185,-1.1083379326458054,0.10041048434124156,1.5124611275985076e-28,7.270059492475042e-28
orf19.1199,5693.359583981536,2.3269679255863687,0.07739631015629901,1.4898623988472127e-199,3.781585698537397e-198
orf19.1200,184.43079628291338,-1.2394562098910689,0.2659543334098273,1.3818710439707615e-6,2.919933265161907e-6
orf19.1208,291.96633404968895,-1.3852644776109537,0.2190634546805414,9.276040894762625e-11,2.477313915607264e-10
orf19.1210,1673.7338975422247,-3.076993395296714,0.11438900094857368,2.449524108801418e-160,4.886526688612158e-159
orf19.1212,2712.24922711666,-1.2859467132230733,0.09000128365091258,1.3461264431880687e-46,9.277277606254196e-46
orf19.1219,114.90250709057871,-2.405181122235667,0.362869944110649,5.117312237003869e-12,1.4405995314631271e-11
orf19.122,940.1334246133972,-2.534692956882443,0.14088095445594298,2.783142425940695e-73,2.754031902943534e-72
orf19.1223,1035.9510846234184,-1.8247161803453222,0.12714393027753726,2.5363550566153942e-47,1.7774411867010685e-46
orf19.1224,1662.9416543075788,2.0567492367219673,0.10725447390035238,1.1915759930950108e-82,1.2917014758481334e-81
orf19.1234,367.3993776154778,-1.3586515447250527,0.19303392543696438,7.600225837694407e-13,2.222754572860135e-12
orf19.1235,3333.9997948942782,-1.6982836505644403,0.08809036891570869,2.0355191834732012e-83,2.233705058278852e-82
orf19.1237,370.80924716564715,1.132495232055522,0.18974040401267106,1.1691832343761434e-9,2.9556194799371007e-9
orf19.124,714.8066285406082,3.182289637048787,0.15993365007744992,5.457670740458264e-89,6.252788275857138e-88
orf19.1244,1613.9822619928034,-1.3441258587423752,0.10502600014433097,6.597839647617154e-38,3.879181804116903e-37
orf19.1247,365.9288957500701,1.0962890928370714,0.2042469220921054,3.822027375917317e-8,8.874949399489672e-8
orf19.1249,1050.3911529472855,1.0585159173926442,0.12180830930072097,2.1292024904358717e-18,7.815837948431266e-18
orf19.125,233.84867168963078,2.040776318548663,0.2462793526367863,2.4213044582526058e-17,8.551258505276736e-17
orf19.1250,1442.1644201877286,2.672924829173048,0.11735791058410576,7.179314098709989e-116,9.96169716274337e-115
orf19.1255,172.91951269605028,1.129009549287556,0.27056805909354875,1.4666696990234364e-5,2.8889229024297595e-5
orf19.1257,14.820234702973465,2.4374849373326763,1.074555767980178,0.002646082133389861,0.004304881928318471
orf19.1266,668.9371745201929,2.132201709626924,0.15405439599096127,3.005826250636406e-44,1.983972421667412e-43
orf19.1274,121.81043096298235,1.8559133101268395,0.33659759998137984,8.10548976136371e-9,1.9639378374060922e-8
orf19.1277,195.34482363315146,-4.009073690898311,0.332464329009804,2.1126984460850693e-34,1.1551391503813636e-33
orf19.1279,1933.9712230449895,-1.3699647558651415,0.10142478081953503,5.2457791627302574e-42,3.325344679399769e-41
orf19.1281,389.2865359408156,1.1747416260908852,0.18852598252437458,2.275656881463142e-10,5.972762323604817e-10
orf19.1287,3846.0484065605433,3.1790903713993264,0.08692850295640286,8.792887180945547e-294,3.6601858371882664e-292
orf19.1288,1316.7164635711522,1.4890667224314258,0.122309522422959,1.2542277045559712e-34,6.887772899953812e-34
orf19.1290,1765.9429471085982,-1.170628695715849,0.11106351175201158,2.8367185784329736e-26,1.287243517713335e-25
orf19.1295,19644.874884975423,-4.11420539037317,0.06795678111128911,0,0
orf19.1301,618.8485263257597,3.0285498154235477,0.1767703312160789,7.445709195301049e-67,6.728076442179413e-66
orf19.1304,497.9596952012311,1.6047210218526426,0.1704325736180728,1.3865087873517413e-21,5.549590300143765e-21
orf19.1306,913.0980435485961,2.152573630237091,0.14362948938614728,1.310663196324897e-51,9.824466984216875e-51
orf19.1310,185.77787413399727,-1.2788614087919496,0.2697200979973115,8.52243573815082e-7,1.8305500085660035e-6
orf19.1317,1718.5722834841067,-1.0813593236627859,0.10232540336473642,2.713800824866579e-26,1.2323616254885031e-25
orf19.1330,217.39261233728848,-2.646175875749618,0.2674249705980811,6.346285598719099e-24,2.7178468640879324e-23
orf19.1334,602.992893429755,-2.1103064313745725,0.16149379153174784,1.0309403168572509e-39,6.267956512616042e-39
orf19.134,40.595825538535465,-2.4629485413213086,0.6145658685493741,8.704507373427704e-6,1.745934598126649e-5
orf19.1340,3109.622041502091,-4.32832590909516,0.10422800476474231,0,0
orf19.1341,557.5908289446523,-2.0692059960459375,0.16539552000925614,1.3887687992131671e-36,7.933643533656922e-36
orf19.1342,13582.909261784604,-2.1140085430621363,0.06818022299654979,7.736529695502857e-212,2.1280568906925038e-210
orf19.1343,1237.3332276717028,-1.3363531929223942,0.12206734428948861,2.1489099914746167e-28,1.0313446569383171e-27
orf19.1344,741.9394789380758,3.1813336634790725,0.15829396674613658,8.578453183235556e-91,9.97464835681989e-90
orf19.135,1094.4372602733893,-1.1531300819813424,0.12069204954260905,5.387996915044089e-22,2.176109491431778e-21
orf19.1351,159.87799504679558,-1.008366718352884,0.2796422732866495,1.6861482336350718e-4,3.054339881293121e-4
orf19.1354,990.7633947112323,-4.8289344688973985,0.1768575250245912,6.232120869648785e-165,1.2885219440426164e-163
orf19.1360,105.09578934833874,1.4098830650626155,0.34852496012390766,1.8653869808497444e-5,3.647815943760039e-5
orf19.1362,215.6515405504353,2.2281588510280783,0.2569827972358402,8.119065898497416e-19,3.022984345272383e-18
orf19.1364,1446.5159597214592,-1.500388246398446,0.10971831214366809,4.878507397689055e-43,3.1500930911241424e-42
orf19.1367.1,356.14281280962655,1.3374717348088103,0.20148098719859936,1.2124127866269359e-11,3.376585833942278e-11
orf19.1368,1955.7615677599874,1.1471598933899578,0.09851088766037355,1.0575768007212556e-31,5.452939342447167e-31
orf19.1374,964.0872230653157,2.1891383317215176,0.13425066010104905,1.572969686362862e-60,1.3308431872154078e-59
orf19.1375,6856.4746848262,-2.132844490922371,0.08060210333969493,3.534655830297683e-155,6.832938391448524e-154
orf19.138,188.86418366858186,1.6838031480720064,0.2658981897525219,6.84477974583288e-11,1.8382281605583013e-10
orf19.1388,997.2691086405728,3.8167973579759185,0.15099212475196144,5.356725252021981e-142,9.290942353784791e-141
orf19.1395,3492.284130366956,1.0466268795221172,0.083680014388656,3.692875941771439e-36,2.0867255547892188e-35
orf19.1396,935.7977339191997,-1.1536256016366029,0.12914804728157328,1.9492730918494917e-19,7.385474020332661e-19
orf19.1404,621.5863199348111,2.0074575271898656,0.15703390304656342,4.503184196385752e-38,2.65513523344973e-37
orf19.1409.1,2661.963337128643,-4.557178432320032,0.11441875315953655,0,0
orf19.1413,316.5904940233012,-1.478241005709366,0.20765088160238018,3.7409914178864117e-13,1.1096793545502497e-12
orf19.1415,7447.258328712356,1.4656877323893975,0.0743052453955077,4.066656150043207e-87,4.5917180833399246e-86
orf19.1417,186.15127719385725,1.1603490441002415,0.26161748500980214,4.406883737625974e-6,8.97474952959445e-6
orf19.1421,299.2189604683439,1.772931033624769,0.22223420619743472,3.6668109283075362e-16,1.2369296291924502e-15
orf19.1422,1103.027844824488,-1.054459265797009,0.12030266865363173,1.0110730151243562e-18,3.7555859050782156e-18
orf19.1426,1426.6086581763168,-1.028371758666717,0.10891057123017925,2.0900126907225456e-21,8.322729107698709e-21
orf19.1439,463.1580656755787,-1.0908149919001378,0.1770979667489591,3.3832747170282146e-10,8.794824035438873e-10
orf19.1445,441.55096552707846,-2.2598863604742467,0.19357836445561474,2.674143643132178e-32,1.3937690240164706e-31
orf19.1446,1987.3213259016293,-2.14492633115792,0.1008425327040479,5.80665860310022e-101,7.384272162476127e-100
orf19.1448,3100.972769026366,1.0087989314610357,0.08502458520185889,1.0269907899755863e-32,5.406855390056965e-32
orf19.1449,320.03300241848603,2.752509609636623,0.23350306761725345,4.67453511132747e-33,2.4819555472048233e-32
orf19.1456,79.71622139201969,-1.0050547486921604,0.4040698769977863,0.006434326389587795,0.00998407902002639
orf19.1460,3222.7562599558505,-1.0250298634227186,0.08421430064625654,3.982272353053399e-34,2.160322204384485e-33
orf19.1465,116.16133947759116,1.9479028330298012,0.3458764099141148,3.8578605633767256e-9,9.491127406510747e-9
orf19.1466,276.9000919107985,1.032633302622619,0.2182795945673695,1.2223509294932437e-6,2.5942757320719965e-6
orf19.1467,4088.6942576778297,1.05711514977294,0.08010100783553813,8.8667205655532e-40,5.396082184338613e-39
orf19.1470,10759.297775923429,-4.161767961334315,0.0744367020752939,0,0
orf19.1473,425.0441210712891,-3.9202860258529966,0.22570245941197487,1.4410347059640565e-68,1.3469791473113127e-67
orf19.1474,4197.846684462171,-1.1580631848467622,0.08908580274653541,6.554358707462465e-39,3.9465203249176115e-38
orf19.1482,185.84036546856277,1.2823731340797828,0.26582659384368085,5.832801413872851e-7,1.2676648808987848e-6
orf19.1486,840.0662529857126,4.348540670813067,0.17282655710800127,1.3953522947142568e-140,2.393565859394456e-139
orf19.1490.1,270.76587692629283,6.267327890806269,0.43717492152777016,9.169595547668026e-47,6.3335126769512344e-46
orf19.1495,644.9968145528435,1.6902154092659265,0.15492213052219553,2.8387388222254814e-28,1.3572040739644643e-27
orf19.1497,178.56199333068247,-2.260049200005989,0.28504603266962675,4.0019961763642545e-16,1.347813598986969e-15
orf19.1502,260.879759287957,-1.8090061374358366,0.2410849300365772,1.3656582517565692e-14,4.304477599176183e-14
orf19.1507,406.14858789398136,-1.39605186248683,0.18461550909315871,1.506622520397346e-14,4.73206791617758e-14
orf19.1510,1688.6184377906063,-1.2032668162778768,0.10303006286581885,9.662955500024462e-32,4.986404474558077e-31
orf19.1516,1693.1426361256204,-1.191852376739139,0.10323881927936553,4.42990274442754e-31,2.2598294719122188e-30
orf19.1517,20324.91494760576,-2.0528750581064057,0.06303908771256053,2.6127691597913936e-233,8.452917426806976e-232
orf19.1522,1523.0604765353119,-4.14420431622172,0.13534331719547127,5.260165842543753e-207,1.3917150644425083e-205
orf19.1523,338.0595882640957,3.7500716449758444,0.24015054378123513,6.517757856230172e-56,5.20420461052445e-55
orf19.1527,356.79684073473516,2.846652010414127,0.22458736143710303,7.25769338353854e-38,4.263126762635432e-37
orf19.1528,722.4017112283906,1.1612021850854508,0.1423002475929822,1.6540850669469806e-16,5.640692057901117e-16
orf19.154,261.1500905709443,2.4189229419720304,0.24605938171646763,1.2001529216687711e-23,5.097792410135923e-23
orf19.1546,469.647411586938,-1.0032572385596707,0.1711939648433276,2.6159240558070935e-9,6.489403974755459e-9
orf19.1547,262.75600562954963,1.2413215805653612,0.22512334835460535,1.549759333888637e-8,3.6863608688764384e-8
orf19.1548,224.24208324448645,1.1138520009642296,0.2391988743747151,1.6438547183146523e-6,3.4432166592273363e-6
orf19.1552,2424.3675798969844,1.082912283926282,0.09253795759625937,4.2308712648348337e-32,2.195973414599227e-31
orf19.1557,368.10556285363043,2.1456333346808196,0.20266356397882235,6.329321852388852e-27,2.9123276084241707e-26
orf19.1559,16235.453208757886,-3.1657606038329393,0.06630148953581605,0,0
orf19.1562,278.68454088216953,-1.3762166679523637,0.21923990488394332,1.347439734680825e-10,3.574092482305467e-10
orf19.1566,866.2452860562192,2.225444076807938,0.13809784769935182,3.7456885770851775e-59,3.118410596709313e-58
orf19.1570,2574.0428452230694,-2.1199778817101094,0.09329540236929995,5.060028514576864e-115,6.943916053850095e-114
orf19.1575,1662.6488140969445,2.558138012562242,0.10916155547610187,2.0852732678558784e-122,3.0350690639841736e-121
orf19.1578,1152.0277613704163,1.5921181786294838,0.12089676846670104,3.731992917778379e-40,2.291304206352822e-39
orf19.158,637.2776276667161,1.3719232886995447,0.15210072573142455,7.492041482486518e-20,2.8629318859636367e-19
orf19.1582,367.6477885975287,2.295083460306707,0.2075795320089843,3.0813448059023833e-29,1.4984359009388228e-28
orf19.1584,1796.2987908689793,-1.5857815865186728,0.10254421872411344,1.86019873696221e-54,1.4446618051731394e-53
orf19.1585,10206.587195399552,2.235854296253775,0.07151395332739932,1.4934096452125475e-215,4.257922294386825e-214
orf19.1586,164.7993786443439,2.658068793487603,0.3023224892358875,2.0851917038471365e-19,7.890870908376679e-19
orf19.1587,106.10802498201701,-1.9291429686425614,0.35952453759127334,1.7541077863249634e-8,4.1487306885655576e-8
orf19.1588,975.9718934965183,1.2400865894046234,0.12692624427939986,6.130222806534097e-23,2.54164085019913e-22
orf19.1589,410.48435276066533,2.1006563126495106,0.1885740335998414,1.7351992135140704e-29,8.511063542169564e-29
orf19.1589.1,4863.460370024463,-2.5360692671754137,0.07917214298680082,5.7231836944850065e-226,1.7603723639588364e-224
orf19.1591,6323.289415123965,-1.8976721950086781,0.07599098045725734,2.5849272356842312e-138,4.338786467637726e-137
orf19.1598,2881.7766765653655,-2.0956477432248826,0.09006923911193332,1.813787954812112e-120,2.568093421733974e-119
orf19.1601,20348.502012281064,-3.4966328263413446,0.06637640725079738,0,0
orf19.1605,334.07386415538474,-1.7996260098176435,0.2058804117925375,5.87190356694623e-19,2.1954590342522315e-18
orf19.1607,3901.4764431483327,1.4285359998976626,0.08087355298642641,2.96331592661736e-70,2.8378749456746616e-69
orf19.1609,1682.2303339143,1.3326265484721422,0.10818896941688032,2.776070097309412e-35,1.5407805944533307e-34
orf19.1611,137.75176615129237,2.3634065960896944,0.3314150325112835,1.4112537704761695e-13,4.2776060887636906e-13
orf19.1613,13347.59004738231,-2.5048532824364735,0.07178239524591581,1.5644202026466893e-265,6.0297776205715604e-264
orf19.1616,178.21252271117967,-5.395877938474742,0.4489867647409654,9.7165679535498e-34,5.239227141793174e-33
orf19.1623,2100.3583072568254,1.0704031723994178,0.09553487962217347,2.2955175531095083e-29,1.1232924452676936e-28
orf19.1624,858.5532960956918,-1.4910834169949265,0.1362965742093398,2.4562016413531152e-28,1.1770163506223217e-27
orf19.1628,3948.350441531656,-1.1788990492515488,0.08196006976280276,2.956275407646838e-47,2.0624562732231127e-46
orf19.163,343.6716342244424,-1.0448089036174297,0.19909255797930953,8.16944558949903e-8,1.865765115611995e-7
orf19.1631,9026.73184637285,-2.817951388192279,0.08031863431180533,5.0978893735206875e-271,2.001963600519696e-269
orf19.1632,5657.963344311661,2.144333434648293,0.07617233099776698,4.481881795076342e-175,9.923712740587475e-174
orf19.1633,640.3879653084673,1.5966430021960303,0.15494862151022076,2.0427446453506798e-25,9.06531454553635e-25
orf19.1635,9260.893221873757,-3.224397324529495,0.07296915634297534,0,0
orf19.1639,64.52687397253602,1.8290854356701527,0.4637697425256718,1.7366750940082204e-5,3.404646557923808e-5
orf19.1641,264.95589239566823,3.9366081771097963,0.27580909704919193,3.8973166600702624e-47,2.7098936776702358e-46
orf19.1642,901.0289660905663,4.274527297385936,0.16453842889058015,9.345921989998998e-150,1.7316301752389836e-148
orf19.1643,1308.1743592047908,1.047194199583326,0.11320961052405352,1.1829856307918962e-20,4.6339788448335006e-20
orf19.1646,1613.4991345872813,3.2228461954315426,0.11478189072890224,2.320000908605145e-174,5.118758188456016e-173
orf19.1655.3,119.05378496066888,1.0804699903198796,0.32246319905020837,4.1977007788607376e-4,7.345976363006291e-4
orf19.1656,1195.8289595967453,1.6088151454680228,0.1236453389856438,2.6128875170862972e-39,1.5793678273656187e-38
orf19.1658,3667.288374435781,-1.1188117457680813,0.08156742618046008,4.133630824094601e-43,2.6802067357888565e-42
orf19.1659,583.4143415108848,-1.1964801753186514,0.15902075238244737,2.644027045921333e-14,8.23817608519601e-14
orf19.166,874.7366579442979,-1.780544318243443,0.1350944263069926,2.959106169988379e-40,1.8221557125648364e-39
orf19.1665,6769.497268076379,-1.1899152023423798,0.07610627140534072,2.0836954931675912e-55,1.6469107163719546e-54
orf19.1667.1,290.10549839733267,2.4409440484583325,0.22919761615024017,2.6731709694680036e-27,1.2428354082917508e-26
orf19.1669,1928.9068609731519,-1.1409728000792505,0.09958300360779151,1.1366965863832581e-30,5.770352427135824e-30
orf19.1672,4562.0267102763455,-1.3729076183327396,0.07779091987371273,4.0569016229062605e-70,3.8792180296212386e-69
orf19.1674,1656.0727042724866,-1.2022322113652102,0.1068994218085474,9.340197657426283e-30,4.632263238520232e-29
orf19.1678,218.49309932723435,-1.4226644393619265,0.24727333650267627,3.2475020970491312e-9,8.014783831610583e-9
orf19.168,628.7825769246584,2.1941175669013533,0.15696502456297928,3.359562409043759e-45,2.2629026625748903e-44
orf19.1680,5333.128380396446,-1.1265666315554423,0.07514989986877582,4.2447592321555737e-51,3.166580244394194e-50
orf19.1681,416.7469946545608,1.963228351375196,0.1863491146904762,1.5132897325101828e-26,6.917262876862066e-26
orf19.1684,584.0433618747663,-1.1214701515912762,0.15571165549556454,3.0793501446147035e-13,9.155934429987719e-13
orf19.1685,190.86813154771306,-3.0072239272619674,0.29548238216571754,3.11527839609394e-25,1.3766311610198559e-24
orf19.1687,1516.5704836812245,2.7119792545330434,0.11313508270937146,8.596439735540203e-128,1.2996651261189596e-126
orf19.1690,8589.3494812433255,-2.1542087288495204,0.07186038139867616,3.2429112498261694e-198,8.164813646739758e-197
orf19.1691,19630.64535470327,-9.952475000549276,0.2646246903050043,0,0
orf19.1698,929.7968893140898,-1.7292677367439064,0.1312134027908033,3.149972137661118e-40,1.9367898614970682e-39
orf19.17,165.05643141605688,1.644000213092022,0.28988869690794017,3.870096020837209e-9,9.517479146950584e-9
orf19.1700,4159.4374752199055,-4.399602444698925,0.0943632033222154,0,0
orf19.1701,760.3656418730188,-1.2060829622465556,0.139712951966618,2.7836065049835404e-18,1.0176135255923434e-17
orf19.1702,629.1246981073903,-1.0662211021076822,0.15518897807630702,3.3028037384913523e-12,9.408169043403286e-12
orf19.1704,876.3910752020812,1.265450396159195,0.13158461024042603,3.142252259366392e-22,1.279857997878914e-21
orf19.1706,642.7662353755514,-1.6047037222544098,0.1645563073719644,4.493927843406523e-23,1.8706723636153552e-22
orf19.1708,350.19746812840947,4.411842139262658,0.2575372156368069,1.3350957411291712e-66,1.2029347485729501e-65
orf19.1709,656.9678442933302,1.4804929554181194,0.1501347158380267,2.1635625213209087e-23,9.084925610711335e-23
orf19.171,3719.235781429258,1.9848010472746176,0.08629587448203764,9.079787862230761e-118,1.2711703007123066e-116
orf19.1715,1805.4958733657625,-1.0114019631677356,0.10302548777313177,6.39077106749176e-23,2.646152158184254e-22
orf19.1718,524.6459019570916,-1.3281028686372964,0.1680597186066099,1.067589461426363e-15,3.521409718513582e-15
orf19.172,384.3859020159521,2.822732152706768,0.21824083033831113,2.409812300398471e-39,1.459444035275272e-38
orf19.1720,577.4793929394772,1.4921952553303783,0.16026978407624368,4.35214069487566e-21,1.7166624446496287e-20
orf19.1721,1331.8224005720283,1.4723955768283916,0.3322527179337656,2.443090340565444e-6,5.061266120268956e-6
orf19.1722,66.8316449746653,2.236231134746836,0.48290075619700085,5.062432611841036e-7,1.106399342958888e-6
orf19.1724,26.51452490589012,-2.9887836368462937,0.8192567608983268,2.9351983782784065e-5,5.6531087828409535e-5
orf19.1725,284.8524148929171,-2.6190627096628787,0.2353093732247859,1.273769999065415e-29,6.277363752300278e-29
orf19.1728,33.90478814068557,1.5382356739636704,0.6170121980327793,0.0034338930056041985,0.0055246657889700115
orf19.1729,593.6117245094104,1.1026808525646343,0.15415010145167746,4.450896982966379e-13,1.3165040626073933e-12
orf19.173,1376.4097537040227,-1.151978181638555,0.11569138108423845,9.797066140879748e-24,4.175623275334686e-23
orf19.1735,381.1640869586724,2.71945592361185,0.21330651293483113,3.3354955653376915e-38,1.9741075175325636e-37
orf19.1737,12.463827918817845,-2.6693105832942923,1.2321697673934657,0.0031486887409857877,0.005082836736999808
orf19.1746,113.5808932781142,-2.8065090542130284,0.38278118398717154,2.5097425538560983e-14,7.823680732040678e-14
orf19.1747,607.1215680410612,-2.818549207121903,0.16967453146394895,7.33843740603933e-63,6.364055994904108e-62
orf19.1753,786.8340466443434,1.3999941811695402,0.1417669729556815,2.0470167834134182e-23,8.607119727699248e-23
orf19.176,238.6132984868684,-3.422342375880085,0.2816109991188461,5.354991511993552e-35,2.956371971784946e-34
orf19.1762,639.658124131475,1.0809962646353262,0.14941936251674817,2.4662333943612116e-13,7.37507725785029e-13
orf19.1763,201.01427783379114,1.2289897108994816,0.2572977485062841,7.755859154615368e-7,1.6710691705113302e-6
orf19.1766,88.88155387583102,3.9777211187014343,0.4755741405863928,7.850123799638307e-18,2.826768916086597e-17
orf19.1772,424.9043969643579,1.696770682104997,0.187858059984794,4.512101319653796e-20,1.7369642811293653e-19
orf19.1773,495.3441247838762,-1.4130278301102366,0.1746347370526486,2.0508398921011396e-16,6.978443752740881e-16
orf19.1774,127.77391378017562,3.219938064474807,0.37182045455625495,4.355753261438615e-19,1.634454529111942e-18
orf19.1779,39638.97636470766,1.574583502858852,0.06377655146986909,4.386030471828945e-135,7.094915612979258e-134
orf19.1785,3774.034415234104,1.0240083946732703,0.08290079340431572,2.613147569985481e-35,1.4529379721272792e-34
orf19.1789,208.65276142950194,-1.3974450732263994,0.2518681322688647,1.0620777932142702e-8,2.553567093118946e-8
orf19.1789.1,12387.704070617934,-2.8461516455105524,0.06803309203134589,0,0
orf19.1791,581.3802016900116,2.108644340901568,0.1657270611504419,7.658373446608568e-38,4.490036037617268e-37
orf19.1792,544.5136562858162,-1.2005287390610744,0.1617337397693052,5.0806567082950724e-14,1.5635101274812436e-13
orf19.1797,1193.0201642346199,3.5814614471506117,0.1496818032131829,5.461320271711733e-128,8.276816450623316e-127
orf19.1798,1062.0388423790164,1.567185589046845,0.12372066839406343,2.97461005264182e-37,1.7309846382754447e-36
orf19.18,4123.022696096271,1.0891303489929816,0.0794816082589999,3.785144223403719e-43,2.4619208886388356e-42
orf19.1800,1485.3421525603078,1.4705835830006035,0.10934974020314953,1.1135860107530575e-41,7.002246778592237e-41
orf19.1806,32.33820106995282,2.3631761067026713,0.6944748643803077,8.611225582744002e-5,1.6026376315545022e-4
orf19.1815,5646.88136868382,-1.8484381261766734,0.07727651906300136,1.7526255394604258e-125,2.599380966363634e-124
orf19.182,705.1366045022231,1.203282293384865,0.15052746243020199,5.159106931176147e-16,1.7281901114948423e-15
orf19.1823,409.7240894235915,-3.0964035577959423,0.2062556362940916,7.575906320296606e-52,5.719946682458526e-51
orf19.1825,382.02606617962186,-1.9338339875347337,0.19884954642559036,4.954531553624537e-23,2.0582897552116838e-22
orf19.1828,194.8811702409484,-1.0481164521548427,0.25561878561993817,2.2117782980336537e-5,4.2955967940659825e-5
orf19.1830,148.33923335097464,4.279264029859774,0.3966982642963972,4.3480044952057655e-28,2.0708573659851108e-27
orf19.1832,2791.931542337186,-3.313730446898917,0.09736403290974995,7.76237595150931e-255,2.8179229907688454e-253
orf19.1833,3264.7606336868866,2.083769256490894,0.08574335572595589,3.823378816299262e-131,5.953410805230073e-130
orf19.1835,785.4100334292926,-1.1996401951830888,0.13826164082796544,1.8930630451950973e-18,6.957201679928303e-18
orf19.1839,1757.991317115568,1.4680597742635566,0.10225975531447162,4.0479171889301986e-47,2.8114788573615307e-46
orf19.1841,86.39226707561346,-1.0561804934661714,0.3774354872088421,0.0025408824037724213,0.004141286799570608
orf19.1843,642.7446078036343,-1.2837581219311036,0.15030872542909562,5.673595286957514e-18,2.0512987244796016e-17
orf19.1847,2386.4441072815794,-3.487999761691872,0.10308268941387394,6.065631842375567e-252,2.1766554726317838e-250
orf19.1848.1,138.99434999710493,1.2639325148268512,0.30417029552845587,1.3582673594358219e-5,2.6804745234883918e-5
orf19.1852,1239.948290821137,1.0745204094442442,0.11461565672142532,4.081528609339024e-21,1.612978774475498e-20
orf19.1857,2107.767741685705,-2.5128569178083544,0.10097142997958233,1.4812401971945005e-137,2.459804199809165e-136
orf19.1860,13688.54355321566,3.1389975960046756,0.06792799810047431,0,0
orf19.1860.1,1259.2300288149345,-1.3872048144779663,0.11587042073095108,1.9186424100912493e-33,1.0292098976468866e-32
orf19.1862,2775.0414916975233,1.6513352019688883,0.08975937890909241,4.0957999418307356e-76,4.178786738037763e-75
orf19.1864,1573.8205556328257,-1.1466601899252697,0.10589487805518903,1.2305521006687438e-27,5.794545487613602e-27
orf19.1865,3472.243912664496,-1.0964131191892605,0.08268005111979805,2.0691470797570938e-40,1.2791836005943855e-39
orf19.1866,1632.8835874684473,1.0356392581173608,0.10550213819177447,5.081393190963234e-23,2.1095890348653212e-22
orf19.1867,439.7819186205191,-1.344895233485721,0.17857457088046708,1.982376436066967e-14,6.198276648373631e-14
orf19.1868,5285.38298747771,-1.7748813059365958,0.07623759629540038,1.8030731149990915e-120,2.558724665921438e-119
orf19.188,4358.083763979002,1.0911773723433684,0.07818586528866692,1.0671597936124703e-44,7.118959136021651e-44
orf19.1880,7537.868796008087,-1.4017956453381184,0.07065240195397596,5.112725841984116e-88,5.814910775473373e-87
orf19.1881,1794.0689890702406,-1.226688178499614,0.12084528366806711,1.2499545753888625e-24,5.473153133750391e-24
orf19.1883,1443.6885066944822,-1.3191916805583717,0.11233701671245146,3.327180214472399e-32,1.7283621679838319e-31
orf19.1886,1349.4527895256663,2.221743459801585,0.11820107401511804,1.2709119123778767e-79,1.338208091212051e-78
orf19.1889,3644.0719861075568,1.495379235230624,0.0822475766051741,3.206301952307563e-74,3.208357274071863e-73
orf19.1893,1354.1429876968243,-2.222709915142792,0.1157590064527607,6.643724128980921e-83,7.239688213151286e-82
orf19.1897,536.8428919915071,-1.0485206917619527,0.1621268185482668,5.6218016877268285e-11,1.514345545218564e-10
orf19.190,968.1643735681287,1.433722690002257,0.13346462389981426,2.1706778976801493e-27,1.012983018917403e-26
orf19.1902,922.2011630685772,2.8009026204039134,0.13894423104740378,3.2062139842742804e-91,3.7489887861064804e-90
orf19.1910,701.6378381752822,1.5625417656447802,0.14551641539329382,2.2546472059194032e-27,1.0509704495743098e-26
orf19.1911,6270.640684327206,1.0701936594929282,0.07244146146600602,6.188312348503791e-50,4.529873658154475e-49
orf19.1915,3023.117978385166,3.141949165607369,0.09384440995430117,2.7712601222032404e-247,9.6131934461316845e-246
orf19.1923,1192.3053678912136,2.2981656813969615,0.12121230638824684,3.4418748801788007e-81,3.667417534443078e-80
orf19.1925,1242.4126567395597,1.3278565221107268,0.11548860935246634,6.343052426112381e-31,3.230507287817757e-30
orf19.1927,140.07274280315434,1.5565346965762386,0.30813973336631506,1.3483995004965864e-7,3.043892437129677e-7
orf19.1938,232.8014716798855,1.0578709758290197,0.23929328645097314,5.15961021568093e-6,1.0470135257299877e-5
orf19.1941,445.0817009132372,-1.6322687986970343,0.1796532419162408,3.031791463661609e-20,1.175077957734518e-19
orf19.1943,118.11358359312105,2.774369395392674,0.36526282856883646,3.844550919475176e-15,1.2367530108811437e-14
orf19.1946,5077.504157042804,1.876917137943259,0.07924935213840027,1.4064572811311015e-124,2.071207373439292e-123
orf19.1948,792.3624813179196,-1.6915481936846226,0.1429162673880022,6.788133748513158e-33,3.585880467488677e-32
orf19.1950,365.8368481223613,2.1111103685641335,0.20774195492994976,4.979436300281386e-25,2.1926375358925935e-24
orf19.1953,1293.59796253239,1.6417177096331204,0.11432661661754738,2.850613590204298e-47,1.990965465015172e-46
orf19.1954,1138.808620312339,1.348688241983495,0.11960737805362777,7.885780336253887e-30,3.9171688480166477e-29
orf19.1957,638.940621789834,1.4211425234150485,0.1531780147864216,6.340351195389992e-21,2.4914507781003845e-20
orf19.1959,613.9262212891906,1.0419372670103022,0.15152247725837026,3.4351679806913316e-12,9.767390196464788e-12
orf19.1960,625.929923538141,-1.3609966091427694,0.17439038619372457,1.819414705938938e-15,5.950982411672461e-15
orf19.1963,3740.2965830647345,1.3045221773426394,0.08243161465823838,1.877375294429376e-56,1.5184367018674901e-55
orf19.1964,554.6482913053817,-3.9585568738423045,0.1983070106914509,1.5204164569448296e-89,1.7515646415430842e-88
orf19.1966,564.8582805132106,3.004109352996857,0.17431180079321293,1.9981840597979036e-67,1.8240732849967998e-66
orf19.1968,121.87387089914809,2.853209868200244,0.3635334675946148,4.935144519188373e-16,1.6540548780360815e-15
orf19.1971,2315.29947524302,2.6855332072114786,0.09779831172580732,7.609314757192849e-167,1.5890488743783328e-165
orf19.1972,562.7899089545497,-2.2352468079678625,0.17424609818786616,1.7532896584089596e-38,1.0466100025913521e-37
orf19.1974,13799.191170275502,1.6329680824193105,0.06594558912757736,1.0560660727729443e-135,1.730728755484059e-134
orf19.1975,722.1943845140413,2.1383018076988844,0.14737140825827602,2.075389230832741e-48,1.4843906480320316e-47
orf19.1976,201.75130812609433,3.4390598747381254,0.302119180838287,5.280951803547544e-31,2.691776576436805e-30
orf19.1979,19802.358698666354,3.1065832889750027,0.0644458214901184,0,0
orf19.198,40505.442639746136,-4.5463146957349565,0.0644806597326695,0,0
orf19.1980,7577.414483955103,7.5772647967732,0.24647060072603952,2.267684229454741e-209,6.129619189920088e-208
orf19.1986,7818.229732476894,-3.2125672727564383,0.07811246544259888,0,0
orf19.1988,583.3326802394995,-1.0919924736000106,0.15563374418505552,1.2053594721082637e-12,3.497334825206319e-12
orf19.1992,440.25779911510136,1.6260871400981283,0.17963255032382514,4.2481343388897487e-20,1.6373673340757772e-19
orf19.1994,685.7284346303411,-1.112102222668524,0.15157272272825523,1.0399166422472129e-13,3.170527106538866e-13
orf19.1996,13799.270439984995,-2.4226748897588153,0.06948013835114172,7.38516933104263e-269,2.882062331439386e-267
orf19.20,2905.465388949463,-1.7402615128524264,0.09311386762255945,1.2578529924556675e-78,1.3111909991474436e-77
orf19.2002,1542.074387296976,-1.0226844049842296,0.11628999748913148,5.81444005467247e-19,2.175276435073391e-18
orf19.2003,840.0839108000176,-1.5165409250740105,0.1355340212409533,1.5054882742426579e-29,7.413461186412583e-29
orf19.2007,1324.934783008344,-1.6540105366040847,0.11519983820489181,3.033657279569939e-47,2.1140799167003013e-46
orf19.2008,2245.8934824335242,1.8112949766079534,0.09524524285970927,3.124697833201028e-81,3.3351475676080715e-80
orf19.201,660.8690681215327,2.322878729356552,0.15476249018104354,1.0091009885502418e-51,7.582222108914212e-51
orf19.2012,1241.9223279558569,-1.1914127778631984,0.11787226650005735,2.6111609742257476e-24,1.1330152274541743e-23
orf19.2017,1020.2137265454894,1.7972038996637967,0.12772522048351093,1.4722684536992347e-45,9.992221983584806e-45
orf19.2018,99.81040058431039,1.4484798983971248,0.3595607302200619,1.9143761983235047e-5,3.738931805546438e-5
orf19.2018.1,106.98792507733728,1.0324143397898045,0.3432104720910082,0.0013648684308662348,0.0022805026712145494
orf19.2018.2,31.894810263215643,2.32749800303101,0.688044227343035,1.0088160782496703e-4,1.863623548103829e-4
orf19.202,3669.241300827076,-1.2304438006905614,0.08734049197766136,1.6439108517897433e-45,1.1145037305727641e-44
orf19.2020,10203.051785868396,2.290170518023013,0.07164358165219092,3.497996374668308e-225,1.070661243305339e-223
orf19.2021,11113.980163105936,1.5870298942476113,0.07797001316663257,9.476224925555687e-93,1.1227618298893683e-91
orf19.2023,41192.71385028298,-2.4014006196816893,0.060429099840494944,0,0
orf19.2028,1672.8137298721267,-1.417743444659392,0.11118603402298785,1.0357360942380118e-37,6.066731869063927e-37
orf19.2030,2043.228106320127,2.9337222346601886,0.10510101224785694,1.846335703141798e-172,4.059338074090629e-171
orf19.2032,286.84342265731505,1.2592520907862488,0.21478842020856184,1.99079772255468e-9,4.9662568835922576e-9
orf19.2038,138.127595685824,2.9507604566737737,0.3441068332464147,1.1717494499453313e-18,4.336931574071517e-18
orf19.204,221.14208798009562,1.2375651072046399,0.24230358438935237,1.4699083020306102e-7,3.308618398658663e-7
orf19.2041,1395.5070356714684,-1.2973841385696254,0.11129725023071668,8.976401214611548e-32,4.639788839737956e-31
orf19.2044,381.8936118912117,-1.614913077280016,0.19521751747852684,3.8032252192348105e-17,1.3326227984793577e-16
orf19.2045,1308.4541801076493,1.2743555901159274,0.11805227456536645,1.5067884221627797e-27,7.073975118785262e-27
orf19.2047,1010.2558563640896,1.2304300092642408,0.12467770226570875,2.680635975053825e-23,1.1210911606320218e-22
orf19.2048,930.2424639430782,3.6934947715302497,0.1518303237411972,1.1057710230744501e-131,1.7347824794162981e-130
orf19.2059,185.36457951898697,2.1374646148809897,0.2754637815366548,1.687653832209043e-15,5.5316065765423964e-15
orf19.2062,881.1122666520438,3.0023316343517443,0.143306431344891,2.5085776998807e-98,3.138989811233485e-97
orf19.2066,284.86067020705264,1.5383645482121062,0.21886303100365961,6.803565810788425e-13,1.995371767147155e-12
orf19.2067,765.896606572619,1.4824007577529061,0.14584742740565376,8.561066548856054e-25,3.761808552502267e-24
orf19.2070,1760.9709135295168,-1.0540862684421985,0.10170598848124447,2.298933316406472e-25,1.0180524558611356e-24
orf19.2076,470.67504545372236,1.321381610320955,0.17173657414320811,6.228528175202694e-15,1.9893058785660165e-14
orf19.2079,264.7835491355241,1.2964927640615282,0.22402108618612668,2.9875298709194857e-9,7.3877768372361454e-9
orf19.2081,1770.3560221345438,-1.2084668373427168,0.10185090397820702,1.0399321725154554e-32,5.470376145902699e-32
orf19.2082,78.37992014669248,1.3426657236689001,0.409870522291889,3.7432849169990757e-4,6.59511033344871e-4
orf19.2090,1881.0131978905133,3.2442017035022346,0.11182980893178023,4.18711304460165e-186,1.005551301942027e-184
orf19.2092,4727.606581059377,-1.3570680721796,0.0783965174382347,6.822110324712016e-68,6.264302480514975e-67
orf19.2098,45684.49627175105,-4.716375958492513,0.06390095426291359,0,0
orf19.21,293.62653200070935,1.1114885625975337,0.2107923385784292,6.969349651700206e-8,1.5940153562350214e-7
orf19.2107.1,1348.711289951641,-3.374594133395804,0.12810777802419443,6.121176040572072e-154,1.1652629023576836e-152
orf19.211,267.86794768626646,1.2272525729973074,0.22118832364492258,1.3124555453449513e-8,3.136231314632176e-8
orf19.2111.2,2147.2326298671437,-3.2917781018918024,0.10523406092877993,1.0162783483120514e-215,2.910844957275435e-214
orf19.2114,1574.2331274306352,2.893877229531946,0.11773163883826229,2.4302021172883e-134,3.900818000089498e-133
orf19.2123,105.50902804591311,1.178574672109919,0.3430470809614415,2.6900932209746357e-4,4.7881818904691066e-4
orf19.2127,703.743880214322,2.615497839970847,0.15357446375715111,7.323033598681265e-66,6.5508627206541295e-65
orf19.2137,677.0911233946479,-1.1502347756359717,0.14725317190123507,2.8349365298518516e-15,9.209856239539523e-15
orf19.2138,21455.897142404006,-3.1415144406176028,0.06376719260717621,0,0
orf19.2143,1614.666497205449,1.9538790982286498,0.10699643244643829,3.9494024715123145e-75,4.00325795976021e-74
orf19.2149,3852.6572876630653,1.188942573509075,0.08073305986114558,4.084485456298738e-49,2.965526417340619e-48
orf19.215,1664.9057382807716,1.2296534572441256,0.10331362914536447,4.793351109268227e-33,2.542878872240511e-32
orf19.2156,2148.4467238325055,3.6893478257066805,0.10773323426745063,5.081225500552042e-258,1.888522144371842e-256
orf19.2157,5215.177316547885,4.829418452211845,0.09241315819241136,0,0
orf19.2158,1278.5360039372651,1.8819336519472858,0.11576429416924926,4.8755455052383117e-60,4.103881357148219e-59
orf19.2160,256.8276694830295,5.916737997903308,0.4089517343455171,9.490683820473278e-48,6.734071565344903e-47
orf19.2165,769.6836134132596,1.9532935000668386,0.1431991743433694,5.255773877035924e-43,3.3866926819620544e-42
orf19.2167,1510.2233868404246,2.9483524682679625,0.11522681070198555,2.8531406061976444e-145,5.0610823707665035e-144
orf19.2169,9.804289253990413,-3.08920688795821,1.5288692878424823,0.004393179626620448,0.006967491386491764
orf19.2172,3375.7727867861304,1.1090747286013578,0.0850625434886808,4.68588462979816e-39,2.826924022073402e-38
orf19.2173,2286.3430542832407,1.4781250023121282,0.09379567491669322,2.057195087615915e-56,1.6595770190017794e-55
orf19.2177,72.71614660941538,1.3841997382801896,0.4245406932825891,3.7855005926584734e-4,6.663847110391742e-4
orf19.2178.1,133.2503175360265,1.2054931200999022,0.31453838358375247,5.4966581056965654e-5,1.0378328760801135e-4
orf19.2179,395.17766290664844,-2.5745450440382536,0.19961695105600533,7.094425641397445e-39,4.267590915692259e-38
orf19.2179.2,5449.641086845976,-3.8929860297057313,0.08343223292186937,0,0
orf19.2185,1139.0947333422475,3.9484598827715525,0.14265246047035218,1.3562139562085352e-169,2.910034344524431e-168
orf19.2191,456.24034993781424,1.3991479563744307,0.17464245427476305,4.738489092236771e-16,1.5889970940884212e-15
orf19.2193,1868.6876197826462,2.0378137589439738,0.10710778702677409,1.8016971408684634e-81,1.932954801990152e-80
orf19.2196,1052.3397542942814,-1.4795692658055926,0.12480034557867845,6.850881613190397e-33,3.615968283411736e-32
orf19.2199,946.7573041339463,1.2304576316249862,0.12741021686624382,1.711990896037102e-22,7.0188254463924255e-22
orf19.22,113.83227040140235,1.035618060014069,0.3335566637195833,9.963418271771787e-4,0.0016827585525816349
orf19.2202,254.30170783517167,1.7783146314862655,0.2319884427822099,4.696050027500883e-15,1.504470824613418e-14
orf19.2208,7765.251497082101,1.3174598207472625,0.07687669429547588,6.461121985048323e-66,5.7881270695325294e-65
orf19.2215,3318.4833582409574,1.7294274991969412,0.09045063968794222,4.4640723011139816e-82,4.814104913325682e-81
orf19.2216,1139.241658719644,-1.4008637195333284,0.1209082168392809,1.934086345934725e-31,9.9149713826079e-31
orf19.2220,20.412825512629464,5.70118153322552,1.509191996959613,2.101718504037632e-5,4.092026922111311e-5
orf19.2227,220.21538172067304,-2.129386992290053,0.255857513994296,1.7325191114983402e-17,6.174571536641345e-17
orf19.2232,7027.863574705711,-3.641974164644027,0.08149892902437449,0,0
orf19.2237,18.78440091969643,-1.9652307722750713,0.8934606607799681,0.004389883143075836,0.006964032099940427
orf19.2237.1,274.00596667068567,2.7552209532630427,0.23758232518138933,6.149559549246628e-32,3.1839013122301783e-31
orf19.2238,763.1818918953948,-2.7486842021682922,0.16231585214802552,3.119378361313279e-65,2.7745581891795034e-64
orf19.2241,9625.778917529755,3.7323631285789842,0.07200353431574069,0,0
orf19.2246,2083.6779402008324,1.5970977178517785,0.10196490251948997,7.585300606412597e-56,6.0334543931771025e-55
orf19.2247,17.82803210197282,4.587319429451175,1.255829234558262,5.2765620238050814e-5,9.983894932314826e-5
orf19.2251,195.65626834910748,1.7624224927426166,0.2633882361529314,5.754520773804906e-12,1.6177950342925632e-11
orf19.2256,986.7954191499161,1.869930267084723,0.12860482045442312,1.6571363970969038e-48,1.1866008788386544e-47
orf19.2257,2869.6773278103115,-1.1434076927430747,0.09059152885857304,6.614545059569264e-37,3.799560197971526e-36
orf19.2270,2998.7048903130985,1.9398087656736906,0.08988828796340739,4.763495387574765e-104,6.145302727276205e-103
orf19.2283,2501.719141733655,-1.4272298122990674,0.09125849639748083,1.4438130216859677e-55,1.1426069084166265e-54
orf19.2284,2243.9248499359232,-2.861920607038347,0.10286923858356628,2.5390487401539326e-171,5.523979210286117e-170
orf19.2285,163.95623368583168,2.2404647398100366,0.29440621371325326,4.9117071938078766e-15,1.5727538316993015e-14
orf19.2287,327.8978873791121,3.4297489955447467,0.23279076569254886,5.074057468275915e-50,3.718593290130846e-49
orf19.2296,30306.216642897707,1.4500093459318406,0.06102293987083357,4.296050970726268e-125,6.356526602183606e-124
orf19.2299,535.7259262381191,3.130117556087572,0.1850958273621058,4.0383560787832106e-65,3.586841444654675e-64
orf19.23,1748.6167621219242,2.4839217962927367,0.10635011241179403,1.7139747425798315e-121,2.471606995997337e-120
orf19.2306,1728.5765530678489,3.1567996157513414,0.11112532518446494,3.320578183367614e-178,7.4850867064792e-177
orf19.2308,1940.8011668876823,1.2457048672526618,0.10144283448570916,3.738990409825152e-35,2.071540028300643e-34
orf19.2309.2,19327.980203095,-3.555476167386526,0.06619348734201069,0,0
orf19.231,1328.5424399957017,-1.8479257442813792,0.11578313418937128,5.814132283283926e-58,4.8020425895270946e-57
orf19.2310.1,2074.612524023913,-2.384795317743323,0.10240082009174994,7.00161249580485e-121,1.0004134650756405e-119
orf19.2314,921.2996197989384,3.749810550670388,0.15430133634747525,1.7519170723526366e-131,2.741596541295705e-130
orf19.2319,1187.256716371404,2.1612734934789737,0.12181094002810262,2.7599140489323284e-71,2.6676320931166344e-70
orf19.2320,764.9888080289242,2.412574054038151,0.15340508195006533,1.0197823586995866e-56,8.280261440468423e-56
orf19.2329.1,6463.574882391814,-3.3027801616397237,0.07701059050147244,0,0
orf19.2330,546.7767186054383,1.1268753123786879,0.1615372088308159,1.5273177813144437e-12,4.40895618424752e-12
orf19.2333,2507.045849162775,-1.3665920110475145,0.09549871251849133,7.168275127418916e-47,4.9621629596012986e-46
orf19.2334,355.55252196159165,-1.0298308555281086,0.1945747775661187,6.577937936110269e-8,1.5072530081861475e-7
orf19.2335,1733.1342315451798,-1.8082578210190634,0.10417307544419101,3.724752235074803e-68,3.4404368277821106e-67
orf19.2337,2567.5956268837253,-1.230869751778147,0.09256914765400093,1.0341467840406187e-40,6.4187003176437606e-40
orf19.234,203.51627385585252,-1.0374734860218264,0.2560851841749089,2.751462453412781e-5,5.310705273295025e-5
orf19.2341,1661.5592788367464,1.5079773778659353,0.1085911977838723,2.4391494061209364e-44,1.6133526368452466e-43
orf19.2344,40359.53620220319,5.523336230396966,0.0662144243495822,0,0
orf19.2347,1163.6746025617983,-1.3124726078542721,0.11827361081390611,4.429359238969979e-29,2.14894476209235e-28
orf19.2351,4426.357511911922,-1.8369121720808106,0.07937509519759699,4.786230392286825e-119,6.730905984107869e-118
orf19.236,7137.8435965645185,-3.9862525854260182,0.07877221724903476,0,0
orf19.2362,374.61930635571287,2.238129514660653,0.19832148726204327,2.957711014858761e-30,1.4857560399660581e-29
orf19.2364,18784.625462184937,-2.839023594636554,0.06521554955560172,0,0
orf19.2365,1346.3493323422424,-1.4562176384700245,0.11272980606615765,1.2738315944355144e-38,7.633209669534886e-38
orf19.2366,55.569448932088804,1.7499776225735346,0.5945959667281698,4.1875289638006034e-4,7.332285712274528e-4
orf19.2372,10888.271143789643,1.0645669941455929,0.06980360485220308,1.1336535386838027e-52,8.642897064153435e-52
orf19.2376,65.84845475898906,1.6304177758887677,0.46657547659453197,1.1347422165838859e-4,2.0894516072986682e-4
orf19.238,27822.60176819453,1.6078708142996423,0.061750811477951965,2.488648846939238e-150,4.638544298593612e-149
orf19.2382,708.969102046866,-1.5352400167711422,0.14567330987763186,1.8722850292879467e-26,8.539479709915222e-26
orf19.2384,384.58361851766364,1.40500309204795,0.18846794380129708,3.438029385474141e-14,1.0658915334111488e-13
orf19.2385,586.7574868534723,2.5781338074220947,0.16647606691147745,6.53957453740495e-55,5.11693025207475e-54
orf19.2386,1135.4299884227737,3.5347244695666156,0.13936669604014348,6.3567479721309855e-143,1.1056137698603308e-141
orf19.239,2278.8417288063974,-1.6115122440848453,0.09497685058108071,4.474869907496989e-65,3.9689045031834095e-64
orf19.2393,2299.0319583742676,1.3433419589464097,0.09324113977624483,1.9384464350190622e-47,1.3630247230021424e-46
orf19.2396,3133.912646997414,1.8560934751735505,0.08829087717722162,9.550783713618022e-99,1.1999012778235599e-97
orf19.2397,11807.326166729985,-5.085248499192778,0.08050275211601061,0,0
orf19.2402,749.3987935308248,1.0312113485685528,0.1398213477166228,8.309936507877652e-14,2.5397573937928565e-13
orf19.2404,717.3656714862329,1.1056171139305273,0.14223426356628385,4.186148287833237e-15,1.343871974767647e-14
orf19.2407,11728.43657320727,-1.9608625915933886,0.07093147209563376,6.011615448598632e-169,1.2854974952414335e-167
orf19.2414,1207.784919347386,1.4004301796548404,0.11906516403954474,2.3010111643035213e-32,1.2012971329357181e-31
orf19.2417,917.6777110282588,-1.1895963300757448,0.1412150819426459,1.5046878364885918e-17,5.3779455357955165e-17
orf19.242,73.21063875316227,-1.3035245207153916,0.42297165000062004,7.520504307335712e-4,0.0012844099807167446
orf19.2422,5316.70939581481,-1.266466232028129,0.07522573775625885,5.815163746204816e-64,5.085417707465388e-63
orf19.2439.1,1876.7241102306966,1.2170467427049687,0.09932784944691612,7.814683464003455e-35,4.306697577161303e-34
orf19.2443,1183.528141527384,-1.2209411779036194,0.12235409107939077,7.586044608112031e-24,3.244333050209009e-23
orf19.2444,1526.50425576003,1.008397129284533,0.10645930712106004,1.501488894529641e-21,6.002110536135134e-21
orf19.2446,1284.2633882861408,-3.012206750084235,0.12889335356849269,8.00780727086153e-122,1.1574247360939674e-120
orf19.2451,1475.1999171943369,-4.2888434973232625,0.13784549277571048,1.7023544013258658e-213,4.809728905827468e-212
orf19.2452,684.9315493697814,-1.8690650376802083,0.159103767680776,9.756738494355711e-33,5.141019000738993e-32
orf19.2454,1372.1391957647425,-7.31974859308298,0.2827234272612478,1.156940735909618e-147,2.1061043600640394e-146
orf19.2455,754.2305952587625,-1.6169953951476776,0.14679329918127604,8.974694722151105e-29,4.330602306422836e-28
orf19.2461,2800.8576950992883,3.2180628012679287,0.09520956469559991,2.335428587478691e-251,8.33280920012397e-250
orf19.2462,230.41588150017984,1.525156637664603,0.24012556671684793,6.638212659507763e-11,1.7835197868316038e-10
orf19.2463,456.2578547294067,1.2695550711036496,0.17788669407447674,4.09672100995406e-13,1.2140448973020005e-12
orf19.2467,377.8512291847113,2.2039635237466464,0.19793494877867726,1.685034306059473e-29,8.278012751404682e-29
orf19.2478,189.53338699157598,-1.1222309169728473,0.26246274833676686,9.203449527999998e-6,1.8424603671956395e-5
orf19.2478.1,6402.631164293874,-2.567357844131356,0.07930737294535588,6.576383735760022e-231,2.0844132003089128e-229
orf19.2479,93.54680915629451,1.6969106067108815,0.37675218052382076,1.7679552617687824e-6,3.6932461206036394e-6
orf19.2481,22.005529501826683,-1.8892907630982443,0.8113550652061182,0.003483302987900563,0.0055998310649977125
orf19.2487,484.67904908010667,2.209121114325029,0.17606539662184925,7.944902821373913e-37,4.555369441382802e-36
orf19.2488,619.9340160761126,2.174958386846278,0.15867302991056237,1.9450684945780215e-43,1.270398292902214e-42
orf19.2489,3607.6927607126063,1.2242763488865873,0.08188725866705,7.079448275579359e-51,5.256132584151904e-50
orf19.2496,1058.9259260844685,1.2263770116215098,0.1238503476660211,2.2396118467324434e-23,9.397941109541248e-23
orf19.25,702.2980890310637,1.2100428662044298,0.14522462795409366,4.0122636564379374e-17,1.404292279753278e-16
orf19.2504,3878.8711837892893,3.7122660003243153,0.0901897129981741,0,0
orf19.251,23641.931408053122,4.1758775968533755,0.06482383635421242,0,0
orf19.2510,471.75638058713446,-1.3630670921227164,0.17240046836121656,1.0388166901291543e-15,3.4283147004050945e-15
orf19.2511.2,76.04395164991064,1.2933288745689824,0.41470198302350214,6.783379541361407e-4,0.0011655316966499897
orf19.2512,578.522938403009,-1.325978530445363,0.15901036600399393,3.285985624823149e-17,1.1565780293909664e-16
orf19.2515,1554.4269264991071,1.724356000559421,0.10719983329790451,9.197842261220996e-59,7.637144558386156e-58
orf19.2525,17332.570103105267,-2.4462675132069,0.06662105244775096,4.0930423569580283e-296,1.738568467812648e-294
orf19.2527,1221.0453842892925,3.7531386104226914,0.13465687837175006,6.911521515759431e-172,1.5142294857684871e-170
orf19.2529.1,505.2244685383545,-1.0777608862044084,0.1669716878762859,5.6666625050011734e-11,1.525113822466695e-10
orf19.2531,18261.784684841077,1.3830833665977094,0.0638858095874669,3.204984698614836e-104,4.14325558139773e-103
orf19.2534,1574.217019932586,-1.2534776893727912,0.1130291124048003,7.100593520154982e-29,3.4395737734559897e-28
orf19.2542,226.60569305943594,1.3371520715070517,0.2415462856691565,1.2487967226231628e-8,2.9921284482191205e-8
orf19.2546,4090.9274941219505,-2.7772008254629754,0.0852311744191301,2.557706962580856e-234,8.317876184559826e-233
orf19.2549,4064.9663941486156,-1.1043495288265925,0.0799072230035445,9.465431045629964e-44,6.201694800515582e-43
orf19.2551,34130.27195125696,-1.9070727763909285,0.06120565172309011,4.1969985699293726e-213,1.1804531112900451e-211
orf19.2552,257.41502559397736,-1.9982115776370244,0.2351606822509597,4.325964556251937e-18,1.5695132300544507e-17
orf19.2555,955.0458708211246,1.5420206716409692,0.12971482243317706,4.4801310436217394e-33,2.384819969000353e-32
orf19.2560,13444.95170585227,-2.9826623295547545,0.06789993147189828,0,0
orf19.2564,605.768790812524,3.455963791197173,0.17563531246114697,4.255450417334488e-87,4.796215235710567e-86
orf19.2570,1521.896486721866,1.3069956528066382,0.11635959404766621,9.408515319274757e-30,4.6624420359961574e-29
orf19.2573,7008.728839771378,-1.7355717300813847,0.07307074019433223,3.425585581085733e-126,5.104858321789813e-125
orf19.2575,568.1121657679585,2.210210168733566,0.16496991771241595,1.1808399045702747e-41,7.417670386455528e-41
orf19.258,284.8747381127411,5.3474411932348405,0.34045724597949373,3.8809602673104047e-56,3.122772668696671e-55
orf19.2582,1589.2882616758684,-1.669375217682917,0.10715235491432401,3.7093792720855036e-55,2.9170483847483483e-54
orf19.2584,322.12156970845876,-5.766982828804439,1.5244540563289377,6.303125489559685e-7,1.3651306124457394e-6
orf19.2587,8317.760098204439,-5.935403566014655,0.09459646625622717,0,0
orf19.259,393.13389675171294,2.35928113644355,0.1965219946652908,5.654207454361818e-34,3.064658970923194e-33
orf19.2590,1329.67730646399,-9.617331206508807,1.1414335402067983,3.300549266784173e-19,1.2444824650845638e-18
orf19.2591,3556.0878726913,-6.909755261554608,0.1605527636953513,0,0
orf19.2593,13726.592318388988,-3.979642727450532,0.07039069236752771,0,0
orf19.2594,1311.0345462203925,1.1388152086613264,0.11263780658630093,2.032270869972262e-24,8.855198403424148e-24
orf19.2600,501.3712721640858,-1.1081174633021122,0.16768827307463338,1.9670794755289206e-11,5.432306167714542e-11
orf19.2602,1047.864411969002,-4.626108862163709,0.1659607460177864,7.845306420988083e-172,1.7128004647779577e-170
orf19.2604,494.66644769211365,2.627588838256673,0.18533770691738408,1.5489664367257354e-46,1.0651703117748339e-45
orf19.2606,1462.1221270693625,-1.28930161851625,0.10961627917361012,3.322097678810602e-32,1.7271588598245964e-31
orf19.2607,3103.851997456006,-2.7829232079683868,0.09034264091730947,3.0538964249304436e-209,8.219193653993832e-208
orf19.2614,2230.0538866621227,-1.018446427464026,0.09419260058736953,1.599241722285314e-27,7.491121765903601e-27
orf19.2615,1242.549033527769,-1.127483821365572,0.11537050333779283,8.886843123582567e-23,3.6675114648810014e-22
orf19.2618,3778.1145910935566,-2.4127096878169616,0.08403048291097469,4.6963536197242145e-182,1.078089411821985e-180
orf19.2619,10524.169629363143,5.644547156579876,0.08934866540920428,0,0
orf19.262,641.5135688188185,-1.5962024055830688,0.15263099490022242,4.1561036075075694e-26,1.8777649005265748e-25
orf19.2620,254.52261475795225,4.335241432714676,0.31970228280857105,4.370099821689789e-43,2.8305916272438842e-42
orf19.2621,343.31405949702935,1.823890677320667,0.2025097982971454,5.807406483436403e-20,2.2259942346578823e-19
orf19.2623,890.1635732686631,-1.4999439853328091,0.13457041294203897,2.4571790341891396e-29,1.1995798193492563e-28
orf19.263.1,438.9207852592068,1.6900745569194064,0.18385912535848467,1.0435228362748572e-20,4.0902426802888945e-20
orf19.2633.1,422.39209233808765,-3.628119639677384,0.21735280924940015,1.6376658461844522e-63,1.4301518242763244e-62
orf19.2638.1,346.2500985297325,1.5925398355623448,0.20180561001752884,9.140613976343515e-16,3.02298695276954e-15
orf19.2639,281.82100135245514,-1.3747014992297262,0.21904930116067886,1.3579207674664841e-10,3.6003640221064657e-10
orf19.2640,1283.7900969131347,1.4162829660016405,0.11385203171023671,6.045910549407461e-36,3.404027544679909e-35
orf19.2641,308.46003362519497,-1.4046465802347938,0.21061465577024335,9.404953679677364e-12,2.627495784156844e-11
orf19.2643,767.6905104294256,1.5002567449735895,0.14029900995136158,3.5779680091296504e-27,1.6573317692140608e-26
orf19.265,695.1639479053878,1.6963192764081034,0.1501477486118042,3.798649748159728e-30,1.905122010241714e-29
orf19.2650,614.5949316034602,-1.1987084364865814,0.15993709800509828,2.8841345692086136e-14,8.972863104204576e-14
orf19.2652,387.0996472938544,3.9528366708440914,0.24434148053160037,4.876809684503489e-60,4.103881357148219e-59
orf19.2654,367.5409421161279,1.0811801303646367,0.1958728160382417,1.6939166956489804e-8,4.0124491075994814e-8
orf19.2657,285.4417167480952,-2.471065089814783,0.2310990953206291,1.7500389603162245e-27,8.191336782769496e-27
orf19.2661,4080.7293201286575,1.1446475312964517,0.08468570155839152,5.802188258626314e-42,3.6743269256453043e-41
orf19.2664,1875.04422583158,-1.7312059379150782,0.10096161098133687,1.80123441043565e-66,1.6205918816657346e-65
orf19.2665,2771.8041099465254,-1.2494470582625097,0.08818826327997596,6.469311472493377e-46,4.41468642997253e-45
orf19.2667,1141.574305363024,3.1522494489946733,0.13032894457551109,4.188375144080637e-130,6.489383225716995e-129
orf19.2668,493.32698728891455,-2.5534155871630024,0.18076205424532615,4.000165988942025e-46,2.7357104528974812e-45
orf19.2669,1188.0034287750977,-1.2316763362495708,0.11807443980942291,7.412727656049776e-26,3.3274673964324086e-25
orf19.2672,4649.924791306591,-1.9627630006484074,0.08115159478528945,6.154844515280594e-130,9.489098556398032e-129
orf19.2676,356.95148903167075,1.270018558350649,0.19650291688481278,4.3347553239406155e-11,1.1747487952554343e-10
orf19.2678,1378.6445764436887,-1.2400600187454724,0.11164826553647343,5.134820121484458e-29,2.489271493676161e-28
orf19.2681,15409.079954585877,10.18636919800194,0.31473374453943126,3.691756347973254e-231,1.1760880937114795e-229
orf19.2684,1219.9144472800863,-1.2506500961199885,0.11641720686793332,2.4567300678317002e-27,1.1430568214263141e-26
orf19.2685,351.96583325090955,-1.2755639969373789,0.1965283971177175,3.6347641389097654e-11,9.897717960467761e-11
orf19.2686,5733.320301958566,1.0109943645074797,0.08006998663998662,8.638587551066633e-37,4.9485633641156016e-36
orf19.2688,813.8624868237699,1.6453536393059636,0.13765484465447841,1.893819236346122e-33,1.0167676106401707e-32
orf19.2691,750.1314482303891,1.593160311060759,0.1425683326304107,1.7035136709851204e-29,8.362216479269726e-29
orf19.2693,5543.878569859295,3.971709744694185,0.08357979347976953,0,0
orf19.2701,261.8692993994632,2.3756771936213616,0.2378615220180684,2.8803837802292274e-24,1.2446447282872868e-23
orf19.2707.1,582.8569252077158,1.2303524974488111,0.15934494770464294,5.0832537007389805e-15,1.6268496210873497e-14
orf19.2708,879.7043641212387,1.407264326097641,0.13417592296749561,3.6571001453800686e-26,1.6547053121560254e-25
orf19.2712,2463.445755176549,3.746188343689838,0.10379750782658803,3.1390694912418225e-286,1.2645387034396089e-284
orf19.2715,800.1946401439848,1.543353026123805,0.1430093443179402,1.1552369495674894e-27,5.4481114147276464e-27
orf19.2717,1498.146918466326,3.0858242667086206,0.11717871540110376,6.833594737420115e-154,1.296929043782711e-152
orf19.272,1010.8932910496708,1.09095470032351,0.12378510099672492,6.632298672813023e-19,2.476798619201227e-18
orf19.2723,112.66912811328288,1.630493119958766,0.3419759372419219,5.371586384405916e-7,1.171504903396107e-6
orf19.2724,4660.880247733511,2.1809432481112574,0.0902681507800357,6.618452987426807e-130,1.0178724249628813e-128
orf19.2734,73.27981093363967,2.1204667278240765,0.4354867668038133,2.0899986326304612e-7,4.664028399622802e-7
orf19.2735,447.48459675793237,1.9825093531285574,0.18052833317006386,1.0562698059498094e-28,5.092933334633675e-28
orf19.2737,7069.232491274577,1.0005129386339817,0.07298048623706867,5.1951177062114635e-43,3.3510655947917746e-42
orf19.2738,115.08242297704297,-1.1192360847794105,0.3381313187702745,4.279417842252879e-4,7.482689724734521e-4
orf19.2742,272.3087659261147,1.7334973657832995,0.22411453978570212,2.845991613031466e-15,9.240962887035087e-15
orf19.2745,113.79817290074119,1.1012336005948546,0.32958780293271195,4.18666614841011e-4,7.332285712274528e-4
orf19.2746,2135.621254163414,-1.2060177070953577,0.09632506364721925,2.7089897671917955e-36,1.5377211005768702e-35
orf19.275,99.46756974772481,1.115797882149091,0.3603048787518243,9.101931793818906e-4,0.0015431024197829282
orf19.2758,3263.381978805388,-2.21530411812298,0.08843568096592178,2.9320809213978623e-139,4.9885322270322215e-138
orf19.276,1434.1914080283866,-2.8228752219619375,0.11750268227586859,1.935176261238789e-128,2.9399612105048655e-127
orf19.2760,969.0601326196954,-1.0615847076123857,0.12606922510866156,1.9351539199903213e-17,6.869301351006007e-17
orf19.2761,690.8479594954231,1.0388534224751322,0.14525206088934653,4.245544776760291e-13,1.25733671129066e-12
orf19.2762,35851.17984242847,2.006674376055919,0.060627649743211255,5.5091474586792185e-241,1.879733154753718e-239
orf19.2763,421.4528513858418,-2.098881968976144,0.19112820119811164,8.732020827205268e-29,4.216762416478707e-28
orf19.2768,4191.880808646306,1.4839096411309938,0.083923799899140325,1.931199013142701e-70,1.855139482778927e-69
orf19.2769,7532.383856481393,1.5613295748641978,0.07084201007061965,6.557816596441308e-108,8.675213311054985e-107
orf19.2770,297.959568023552,1.6889687612626283,0.21523500523211664,1.2133446235432625e-15,3.991635315808288e-15
orf19.2772,1314.1353294898995,-1.6044140952453338,0.11500067241955407,9.296236537008525e-45,6.214743141015121e-44
orf19.2779,62.0448519839803,-1.5356308371302803,0.4783509489132827,3.505213297860277e-4,6.194036858656796e-4
orf19.2781,162.2896270114696,1.298199916658868,0.2818873417461587,1.6217279700453056e-6,3.4014341434205197e-6
orf19.2787,20.836028830829076,-1.8504650619353027,0.8659065388013528,0.005054331685037105,0.007963473893861137
orf19.2795,1354.3837161027832,1.5062466237730028,0.11793691142138049,6.469861537579988e-38,3.8075226617011726e-37
orf19.2796,651.0050663281023,-1.7376528770047077,0.15769530879625218,7.503270962705558e-29,3.6318158055142254e-28
orf19.2798,270.99806319163395,-1.2073250142459064,0.22107961418567434,2.205639576337838e-8,5.1755030118953256e-8
orf19.280,206.8345990994718,1.4172061343272053,0.2513808639076823,6.20469142149163e-9,1.5115916205928107e-8
orf19.2803,5413.942179455005,-2.242248907412219,0.0768673739387057,8.04924541561855e-188,1.948042185082257e-186
orf19.2804,23.33509843226267,-5.775165137977917,1.456207573197842,2.757688036976992e-5,5.321076669618151e-5
orf19.2812,264.4662064593979,1.4653873663152472,0.22472646677576824,2.6806381150730522e-11,7.360556020455645e-11
orf19.2829,381.34032132590124,2.624890674767485,0.20312028935251397,4.902348042801946e-39,2.9546584149860376e-38
orf19.2830,428.568829173464,1.1899210517370467,0.17873891947563839,1.3104583713845753e-11,3.6431442880344114e-11
orf19.2831,1274.9801899502363,2.6019740608760062,0.12043212366440327,1.9214903359356086e-104,2.494342132553418e-103
orf19.2832,717.9579337485144,-1.090011199991107,0.1424970235943664,1.1033039106776918e-14,3.489883291930855e-14
orf19.2836,67.16495570577851,2.606008993133746,0.46986936680366853,4.236567609045835e-9,1.0394156444354497e-8
orf19.2844,1788.073181188022,-1.2589658569077948,0.10146290346373207,1.2156479089577026e-35,6.783293604586143e-35
orf19.2846,1430.5438783649386,2.8159413255908605,0.1166486434797203,1.4220752996382844e-129,2.1763328850346686e-128
orf19.2848,1068.7674116917103,-1.6252701075945024,0.12379706119431755,6.713032122166391e-40,4.0973775729039044e-39
orf19.2849,7147.585767368656,1.5457386671422682,0.07891810130420258,4.730463915542026e-86,5.283902806555351e-85
orf19.2859,716.6289321592628,1.7537254112422367,0.1492117004685934,1.7601683478672512e-32,9.204766469081337e-32
orf19.286,91.61602338006672,2.5372048020118445,0.40401954334759776,4.951274411608025e-11,1.3366086219662996e-10
orf19.2863,1036.0571349512954,1.477473433790519,0.1239746705212866,4.6226843302088996e-33,2.4565141240701592e-32
orf19.2864.1,13216.691201433796,-2.6114109039059947,0.06672211487377347,0,0
orf19.287,2703.733531377609,1.150443889568655,0.09030973822037709,1.7693410531568696e-37,1.0325014519543452e-36
orf19.2870,383.23739679146775,6.888863035603352,0.43547845226631776,3.5147116670112344e-56,2.8317238256539545e-55
orf19.2873,1973.675350421437,-2.0172941631097094,0.10095790888804256,1.624099228573677e-89,1.8675645641278158e-88
orf19.2877,188139.44657477812,-1.2391027415317277,0.06504742916691576,2.5180684882088207e-81,2.6968815849701332e-80
orf19.288,7266.187033525231,-3.3170397791245168,0.0761075422206724,0,0
orf19.2881,1334.091674889312,-2.422133821261414,0.11796315226317228,1.7805987342785493e-94,2.142207802858432e-93
orf19.2882,248.663243454379,2.1852749203493187,0.24255611803931645,3.6903796878784534e-20,1.4232693496672677e-19
orf19.2896,3880.5057348662804,2.1850035587763257,0.08379062542536238,1.1499230175132985e-150,2.156191988394305e-149
orf19.2898,666.6574466694791,1.2664875981047408,0.15353455698601942,5.494374063994474e-17,1.9176563250744269e-16
orf19.2899,37.9145080196182,1.3996641078141487,0.5752079377158955,0.004750251380081648,0.007497616182312894
orf19.2906,75.25418407665973,1.4264854289491125,0.41088429561656226,1.761634245747756e-4,3.1839234192300827e-4
orf19.2909,2149.812944774421,-1.41753479099073,0.0988175736703148,3.360628136343433e-47,2.3393268766252394e-46
orf19.2911,1569.4550348639402,-1.0497011856930063,0.10532559211739832,1.0669953532522881e-23,4.544555924766226e-23
orf19.2917,3913.6260266274066,3.19634019967174,0.08573561457575289,3.712518393960415e-305,1.6440400604176476e-303
orf19.2917.1,56.83718937515979,1.7738961625928877,0.4838264948266299,5.833420331610466e-5,1.0984281227556016e-4
orf19.2919,965.1023076199361,-1.0443264579456806,0.12689159221619306,9.859695152624911e-17,3.3935809449047805e-16
orf19.2934,338.53719385993287,3.286810244505561,0.23100162442752345,6.532111866516294e-47,4.526804272422613e-46
orf19.2935,17352.763312513445,-2.141583290346561,0.06496878762020215,6.635109460346313e-239,2.2516099712175205e-237
orf19.2946,131.46043748840762,1.5728877862248931,0.31563459615662715,1.9309531518421757e-7,4.3199109566831047e-7
orf19.2947,38948.204304699866,-3.3530101500054594,0.06138555274544587,0,0
orf19.2948,3467.77382644918,-1.2818265716748338,0.0836650680755092,2.366800813940641e-53,1.8199882120991822e-52
orf19.295,444.7467336869988,1.1791002114961042,0.177333545071923,1.514602013728514e-11,4.2013216231545277e-11
orf19.2951,12075.96756854903,-2.26325303489181,0.06706754977761067,2.665422322742309e-248,9.297707811845238e-247
orf19.2957,24.726547384374857,1.7839518422115008,0.7509524255263093,0.003437004242797487,0.005526823201655295
orf19.2959.1,650.5959283687426,1.2110158575794618,0.1538571120024016,1.5730638846085485e-15,5.158724209819211e-15
orf19.296,161.38865583217893,1.5517495348158623,0.2856576931252726,1.769581451422158e-8,4.1789964382299375e-8
orf19.2960,6935.158878451113,-1.0559867372408422,0.07302674575721137,1.3285171018479098e-47,9.383779167351074e-47
orf19.2964,2683.9178321864483,-1.4586761282700647,0.09413346412321406,1.0994272099424933e-54,8.559630297856519e-54
orf19.2965.1,196.46329397883824,1.4123502829823051,0.26219051076360156,2.4997151324283587e-8,5.852351438651171e-8
orf19.2968,272.9744524660284,3.5424098222898834,0.25709083183803216,4.4091280376267497e-44,2.9071378528977216e-43
orf19.297,1222.032881698189,1.0127073376815008,0.11653925074640228,2.156461525414393e-18,7.91124898042742e-18
orf19.2970,14226.969446213843,-3.972921574292937,0.07093241378294396,0,0
orf19.2972,570.4910950937165,-1.0290196259027962,0.15747831530992293,3.55676582405997e-11,9.698011268746922e-11
orf19.298,56.11917247575508,1.1397346735746712,0.46607927528807114,0.006426923067360627,0.009977550381054141
orf19.2986,93.39825787018466,1.2692882234386107,0.36721450715599474,2.2361294351557373e-4,4.0087258665266794e-4
orf19.2988,22183.72684103602,-3.534991590643922,0.064703178467873,0,0
orf19.2989,4257.437532796239,-2.4836122289782665,0.08156176691056481,1.9620411852868583e-204,5.104577150387976e-203
orf19.2990,3421.029963845373,1.496887799303805,0.08352894746836563,2.1457722908386125e-72,2.0967452557114705e-71
orf19.2991,117.79181819820157,-3.57921876211237,0.4448718629763234,3.7197039799118563e-17,1.3048220028409906e-16
orf19.2992,2090.8836968546702,-4.543133736016903,0.12250585219972915,6.11830275961232e-302,2.6529640577096756e-300
orf19.2994,11927.487340745682,-3.6880837227487855,0.07038150648093516,0,0
orf19.2994.1,7530.2209625566065,-3.4416770437965267,0.07493368377793341,0,0
orf19.2995,441.67328244767737,1.6913843441160852,0.1853513844314507,1.6525761151947306e-20,6.453211546764164e-20
orf19.2998,705.4896576547565,2.850254405722787,0.1565733885009934,6.5850842668071695e-75,6.6425308823819015e-74
orf19.30,3143.8276598973653,-1.052530697242831,0.0876063847924096,1.5508158032959145e-33,8.34047706785503e-33
orf19.300,6303.786867886134,-2.3153662204231025,0.0745381710160703,1.3236748349271851e-212,3.6733447419045975e-211
orf19.3001,257.7727726480957,-1.4947939742802483,0.22864813285897548,2.2056723267637597e-11,6.075085138205962e-11
orf19.3002,17763.459997029175,-3.3923692434189916,0.06565365743918368,0,0
orf19.3003.1,6992.453096856203,-3.7423503150260173,0.07752952305989098,0,0
orf19.3008,651.6990806325691,-1.601927453957898,0.15116036844273056,9.406073097766884e-27,4.312152747610603e-26
orf19.3010.1,20673.8852552861,-1.103490441153122,0.07722312658490739,7.459153369585797e-47,5.157802174938396e-46
orf19.3015,2015.550374148714,3.477192771312702,0.10802316090823698,1.864200269400026e-228,5.791077851807843e-227
orf19.3016,2183.3891561607893,2.5723468204182875,0.10002812972814754,1.1012862485646077e-146,1.9874079005888467e-145
orf19.3021,441.5714267318289,1.5866136597504144,0.17855803589605695,2.0193357785715684e-19,7.646290237356503e-19
orf19.3029,656.8629879198558,1.3433043836821315,0.1485763643743783,6.382477430407533e-20,2.44491957518188e-19
orf19.304,415.2958347273418,1.620519883176323,0.18384561755619416,3.743764900677547e-19,1.4090456925756845e-18
orf19.3048,1419.293100790852,-1.4211631164713692,0.1139036291935719,3.449056305969948e-36,1.9507162658040178e-35
orf19.305,820.3786683886459,-1.2008944588220585,0.13562973398096495,3.8770306481451565e-19,1.4574460786886428e-18
orf19.3051,1010.8024851903904,-1.1003460677852608,0.12430806766722552,4.3028795986605036e-19,1.6155851000623082e-18
orf19.3055,906.064697152869,-1.3083499632675728,0.13223631241195677,1.7044853998200872e-23,7.195947827232336e-23
orf19.3061.1,755.5454564117598,-2.8559362490277094,0.15531687911785658,2.01918260156445e-76,2.063465820649497e-75
orf19.3064.1,491.0097663000105,2.9184299898206683,0.18471075042902263,4.114452284405451e-57,3.353869460029717e-56
orf19.3066,2487.9838703889636,-1.7301512743671685,0.09254799654240863,1.5259516426864562e-78,1.5880070094890386e-77
orf19.3071,1550.0181557337057,-1.9590486975508097,0.10989254588291882,1.0012439184574592e-71,9.722810306140551e-71
orf19.3083,1034.6273155263323,-1.3808037425121618,0.13004637257188334,7.240725857024728e-27,3.329240961064978e-26
orf19.3087,12979.489744090879,-3.5275526601734666,0.06855202249918237,0,0
orf19.3088,319.12972030715025,3.881413083837221,0.2509319590409838,6.864365091445118e-55,5.350948268537244e-54
orf19.309,124.13729582234868,-1.0668699381692641,0.33143395938410425,6.140561380275086e-4,0.00105828499195246
orf19.3099,2964.083017798998,-2.8794038616249167,0.09441984199900946,2.9042627953385067e-205,7.587538449411562e-204
orf19.3100,1232.4359828541903,-1.230916990352955,0.11542704209428027,6.190173767132558e-27,2.850479581982763e-26
orf19.3104,3960.820032861028,2.4575302117122404,0.08249447132813915,8.863466358160555e-196,2.204919678898586e-194
orf19.3105,397.129877864715,1.9362588480923244,0.19180122032093552,1.3148886750249815e-24,5.7494151868739384e-24
orf19.3106,1141.4558564690733,-1.0322997693907932,0.11906652740606921,1.9994886405960705e-18,7.344004159930508e-18
orf19.3107,82.96700622984429,2.2242554904896386,0.41375237214080923,1.2796375840164165e-8,3.061324549654599e-8
orf19.3111,80.05193627567304,2.5343739789208275,0.43113280758253053,5.88032023630876e-10,1.5115981702557388e-9
orf19.3112,96.22615762969197,-3.1440200546197583,0.41915191009286484,7.60566230051765e-15,2.420476829991448e-14
orf19.3114,313.42952795268803,-1.5686485037160525,0.20988535322981472,2.4280990900437316e-14,7.576736990621218e-14
orf19.3115,1090.7296232070162,-1.898897226467588,0.12453046304934112,3.2871159604796244e-53,2.5245697487373646e-52
orf19.3123.2,202.93360789490333,-2.3805045844567045,0.2696923612617421,1.7234315295072936e-19,6.537731755919527e-19
orf19.313,538.1987396125907,1.3899611036560673,0.16248092734205702,4.585506748823456e-18,1.660783302764133e-17
orf19.3130,1320.786156831664,2.389107934493367,0.11841854827371637,2.619698593300617e-91,3.0689302094876275e-90
orf19.3131,1662.945039151033,3.3094331175172123,0.11415502614202198,1.9398549270094714e-185,4.588050819790583e-184
orf19.3138,5432.6647276383865,2.005894548804673,0.07655254518949205,4.686567700177698e-152,8.867554157548348e-151
orf19.3139,2710.7610560852477,3.102429260751348,0.0949361199192926,3.948103317169323e-235,1.2974714269686977e-233
orf19.3142,709.7227387389612,-2.032490651929218,0.15095605058699943,5.1158178921164456e-42,3.2462568006478745e-41
orf19.3148,828.4212708033175,-1.4625367999134735,0.1359773689627194,1.9710661745271518e-27,9.212078737834982e-27
orf19.3150,1019.8864113136544,2.5293391507577017,0.1343308470423643,5.894100110043436e-80,6.22720153758227e-79
orf19.3152,3813.858317222662,-3.372677782641534,0.09085443502291352,9.196661547454689e-303,4.015661167993502e-301
orf19.3156,1198.8354680638738,1.719184557678092,0.11918040294714677,9.99492344136596e-48,7.083802720532243e-47
orf19.3159,1100.1351137723905,2.597911403994361,0.13390015688234755,8.157564756038541e-85,9.079471361266427e-84
orf19.3160,21247.610530305043,1.4110207523210077,0.062379093378631414,1.2251510303823962e-113,1.6702714047396685e-112
orf19.3161,1127.523012559932,1.9328542840218534,0.12313624374339621,4.173364704598574e-56,3.3494202076495495e-55
orf19.3169,1159.0154045142976,1.4014514246836935,0.12008342668508215,6.529300623061949e-32,3.3777094523942674e-31
orf19.3170,787.2049482925767,1.605434812410269,0.1412814065372673,1.809602433850007e-30,9.134323037153956e-30
orf19.3175,5685.447040412355,-1.814218488655171,0.07603396814112556,1.908799484835319e-126,2.851326311797065e-125
orf19.3182,2286.2756375148547,-1.0182670447101425,0.09400246361460564,1.2322814869192783e-27,5.798316205217764e-27
orf19.319,70.04421256080772,1.1450078766184473,0.4231667427516409,0.00300080222202925,0.004855405305610426
orf19.3195,350.46974808275644,-2.225492803291784,0.2102393237431346,5.839007825105269e-27,2.6926709645463293e-26
orf19.320,1296.390736103722,3.6373241770655036,0.13231058975795182,2.050654257252873e-167,4.3257720210428845e-166
orf19.3203,489.57486395944215,-1.0220110552188373,0.16880363088588946,7.805932709563832e-10,1.991836691398307e-9
orf19.3207,801.8382813198378,-1.5742575407129407,0.1385005548389878,1.9372401462339735e-30,9.770700705238232e-30
orf19.321,942.7285344871241,-1.6414674580643425,0.12989221690569502,3.856881217560977e-37,2.2319153218211992e-36
orf19.3220,618.7378523759243,2.4410699342724946,0.16075526850059335,7.329053539966015e-53,5.608163027395564e-52
orf19.3221,3367.0565174152903,-2.7653469737822354,0.09168836132633033,7.649526397401987e-201,1.9495364418521636e-199
orf19.3225,3072.854398466461,-1.2307193137814898,0.08610327763752167,1.4863478550114918e-46,1.0232366049274261e-45
orf19.3227,523.2750076656001,-1.1309708054972223,0.16400858660773454,2.5935812876416816e-12,7.421778900107544e-12
orf19.323,1589.84215161669,1.2738737980683394,0.11834749388959659,1.8620316107757684e-27,8.70900777354599e-27
orf19.3231,525.7208377286566,-1.2591001542031894,0.16573621877194097,1.2974017956860647e-14,4.0934698394460785e-14
orf19.3234,257.66108241941845,1.3012630489718255,0.2269375543286515,4.085112360118784e-9,1.0034398731936149e-8
orf19.3240,1364.5817608764264,-1.332181258227466,0.11195338345125455,5.505722187165217e-33,2.913366892937256e-32
orf19.3243,3368.982525879006,-1.0028657169838466,0.08331211794216718,2.1375607716148695e-33,1.1446766258973624e-32
orf19.3264,123.89392675906032,-2.4193127044749883,0.3576511629546582,1.7684845117716254e-12,5.091017653988948e-12
orf19.3265,391.7741658754225,1.103424910199335,0.18488408954129232,1.296625014114177e-9,3.2724844737788685e-9
orf19.3268,18495.253597070856,1.668912686760763,0.06321719709792138,2.398435234336192e-154,4.579764404646845e-153
orf19.327,1690.2267387625834,-1.2729735267481685,0.10465416998405641,2.307590929879678e-34,1.2583928180060007e-33
orf19.3275,216.26520129145288,1.8409105040005482,0.2567363422680495,1.7366147017783766e-13,5.248510260360205e-13
orf19.3276,1093.4498757153651,2.9189389578537295,0.13359158845518906,8.407791245365463e-107,1.1029043810097048e-105
orf19.3278,14651.966978106277,-1.5331037763394497,0.06478118155195757,4.941501053537698e-124,7.259937077244561e-123
orf19.3281,265.05621325056705,-2.3660954104073353,0.2416569098754492,1.787926532071153e-23,7.53293742662097e-23
orf19.3282,1515.2289184703488,2.6135948598396186,0.11544938063617234,2.4219129002035725e-114,3.3163210852787515e-113
orf19.3287,898.9773530051109,2.6917132479382753,0.1389697637479228,2.1078875538112644e-84,2.3336258663116198e-83
orf19.3290,2150.5262191650627,1.0748479579050707,0.09951762508547626,1.5687723976733372e-27,7.353915053357595e-27
orf19.3291,1275.9941208012517,1.5288749420197787,0.1148352107093118,6.610156366122807e-41,4.110937883473188e-40
orf19.3292,880.1189260775152,1.1712884204474765,0.13410232518732781,1.2810455072668656e-18,4.733046241049887e-18
orf19.3293,2471.75319327569,-1.3545170581692285,0.09305930424279651,2.655118872387868e-48,1.896860668099525e-47
orf19.3294,6148.335949568966,-1.594205131376453,0.0734062213636782,2.5394241582090218e-105,3.310263975753055e-104
orf19.3296,385.17570593515535,-1.2799342689621478,0.18836973220054645,4.596658798939164e-12,1.2969805092385309e-11
orf19.330.1,239.49153561777072,1.290123666409854,0.23562422504979827,1.8346172381369692e-8,4.327672850369186e-8
orf19.3300,2070.92109712243,1.7299308974892935,0.10032566543273215,3.140414405142847e-67,2.858418009578999e-66
orf19.3304,865.9568979429694,2.4535350707743593,0.13945086981046753,4.448166736481693e-70,4.2403592523040754e-69
orf19.3306,43.28338983076416,-2.4250947111720476,0.5993092941509575,7.011240817530273e-6,1.413567570702584e-5
orf19.3308,881.5805570375276,-1.3206134485937515,0.13653072065973645,1.5205671929896305e-22,6.239685980944219e-22
orf19.3310,567.5563189473847,2.4170107878504754,0.16611900241377228,1.0263274375058395e-48,7.408541641371633e-48
orf19.3314,133.02773828733328,-1.1545562119741688,0.3134729054137754,1.048016049726439e-4,1.9326084508245378e-4
orf19.3315,779.0338690736645,-1.0354273596804398,0.1436257132319604,2.543850641093005e-13,7.596271354846831e-13
orf19.332.1,480.86163964079805,1.237676139710064,0.17096173812228208,1.9295710263159286e-13,5.817596083204566e-13
orf19.3325,6193.484154207841,-1.4925034118323055,0.07369349666719761,1.1352357390574226e-91,1.3324082621568697e-90
orf19.3325.3,3282.627391228448,-3.5003095822020915,0.09401620506269708,1.9907964741513454e-304,8.753896608873945e-303
orf19.3327,505.7616275130835,1.615876843126271,0.16951615075722534,4.108140806892114e-22,1.6678303769983328e-21
orf19.3334,12652.9098426359,-3.4343499616690085,0.06851126295020175,0,0
orf19.3335,12382.455478152997,1.3350325638165708,0.06794049247136874,2.3725617229213087e-86,2.6644380212087506e-85
orf19.334,1173.8594239020076,-1.207146582815062,0.12084214152491385,6.323785509386581e-24,2.710069781785162e-23
orf19.3340,6105.878542760116,2.252122722904695,0.0755244095762619,9.091479348442596e-197,2.2798071105090587e-195
orf19.3349,4352.787169624771,-1.483046404897499,0.08418773732042396,5.990414484196588e-70,5.701851835262727e-69
orf19.335,956.8641444268037,-1.0292332071537698,0.12709907268231285,2.9812781125572173e-16,1.0089485384719384e-15
orf19.3350,652.6144073735561,-1.3248311529260977,0.15252251635289393,1.5653337261316568e-18,5.769742494667099e-18
orf19.3351,578.0004901046334,2.868970282790633,0.1747988572253379,1.790637059813555e-61,1.5274231969229285e-60
orf19.3352,411.33678594397855,1.5611638879022758,0.18719626457684813,2.3457285830479218e-17,8.289037505688298e-17
orf19.3353,1280.2356316970365,1.4274893470270018,0.11612018836439168,3.615083372399936e-35,2.0046696782651155e-34
orf19.3355,3211.436347951522,1.426527642098007,0.08632599758572611,5.723271011789127e-62,4.92911782036018e-61
orf19.3356,646.978437252469,-1.1581518021690076,0.1503168110668849,6.270983862181578e-15,2.0018416787045898e-14
orf19.3358,12859.366747425996,2.2265738303893428,0.06616942249635048,5.392048476845267e-249,1.891457903900104e-247
orf19.3362,222.63137879896573,-1.201658480336463,0.24582031412428024,4.60155726796818e-7,1.0081446870594146e-6
orf19.3363,5963.159774085749,1.6066799884152785,0.07791681183174204,5.0886723723534725e-95,6.157688041274241e-94
orf19.3364,1338.3610596525914,2.3929833880244757,0.1166721929909482,2.981657793575297e-94,3.5802829352084914e-93
orf19.3365,798.536502771786,-3.4717740655064486,0.15856169172163861,3.4658386472488367e-107,4.565547787641716e-106
orf19.3366.1,541.5335859842869,1.1461685328124684,0.16138375466189261,6.130128024683792e-13,1.8004007237123986e-12
orf19.3369,168.63026780043964,2.1078777512568374,0.2898006540711399,6.878037095320799e-14,2.110391332834549e-13
orf19.3370,1192.6936925752607,1.0729841994620941,0.11613082099226757,1.364056405522437e-20,5.333229928667561e-20
orf19.3373,130.06003516532667,1.825411740892938,0.3211365049040981,3.24536094001363e-9,8.012666551777425e-9
orf19.3393,1685.9492805656557,3.5113383724890066,0.11683704061928112,2.1368159853862653e-199,5.401732393826656e-198
orf19.3395,421.1001665662979,1.8520364474124222,0.18686409259769285,8.931719244621184e-24,3.8094026614354285e-23
orf19.3396,1029.9440935313955,1.0036095622141357,0.12264379287049512,1.637056451612718e-16,5.591783634502085e-16
orf19.34,29883.02939051983,7.681996012165595,0.08543284482516693,0,0
orf19.3406,758.7211256527473,1.1727121213143596,0.13924909871641636,1.7697685631825555e-17,6.300133927315779e-17
orf19.3415,3037.5186290831057,1.1395034363471648,0.08623956736594851,4.558956955007415e-40,2.790796786967284e-39
orf19.3415.1,6883.276285290238,-2.53499906093496,0.07548356620505978,8.275121209973613e-250,2.9357873201747295e-248
orf19.3418,188.92731603272284,1.6477624491555547,0.2771085486904217,6.96329582282377e-10,1.7826494103202797e-9
orf19.3419,1966.668626415391,3.407742143546147,0.12323518436649253,2.4153148576690216e-170,5.2365367955851986e-169
orf19.342,82.20723293752316,-3.245222087285018,0.4585863006020376,1.8129303569208526e-13,5.473857421960253e-13
orf19.3431,731.7016060422176,-1.0501419097968085,0.14207166767149498,7.703936274086327e-14,2.3568534098674684e-13
orf19.3435,74.54471987493208,1.3119347808418491,0.43751047119704717,9.063500530492887e-4,0.0015370042724714174
orf19.3437,128.63647318961105,-1.4900560727148722,0.32641974491616416,1.5487805508774673e-6,3.2549935239578952e-6
orf19.3440,25.66719144949332,4.326175176033321,0.9683511478458339,1.2674442722685425e-6,2.685416367846888e-6
orf19.3442,1497.23463412133,1.0030601594345778,0.11559773587070837,2.165187620990425e-18,7.93859747825262e-18
orf19.3448,973.345304245099,1.3724977310279638,0.12710349112609023,1.387419815351275e-27,6.518472029385524e-27
orf19.3453,1074.5647820980075,-1.4941966534724829,0.12786821944010093,4.691591799247381e-32,2.4330813284468975e-31
orf19.3456,255.139481056167,-2.6215856514280107,0.24844966446156888,7.515455452483665e-27,3.4530172071602655e-26
orf19.3459,1085.0282084121554,-1.2607449045323678,0.12272358906630225,3.7772401823645466e-25,1.6656135380426716e-24
orf19.346,4152.123266151135,-4.533358266565322,0.09916446521088448,0,0
orf19.3461,37.97025365064201,-1.494811935241083,0.5894855070937988,0.0031313804157863754,0.00505751146305487
orf19.3463,1187.0231728413712,1.7937594664831111,0.12035317351219929,7.422807751028015e-51,5.504514441498685e-50
orf19.3465,12294.153922661646,-3.5993611972629243,0.06971317416419417,0,0
orf19.3467,3104.365254137344,-1.6752361912950282,0.08891172000451814,1.395367105690636e-79,1.466779832985241e-78
orf19.3473,906.5972293267033,-1.0155510442200122,0.13401193395396466,1.905755921999891e-14,5.970667324118072e-14
orf19.3478,610.711526259457,3.966628084220453,0.18733600502474787,1.989397240742362e-100,2.5196341523722735e-99
orf19.3483,2175.997416476527,5.443663942526585,0.14385661702928235,0,0
orf19.3487,49.566955078416214,-1.576702012572248,0.5137862963357056,5.926879262883039e-4,0.0010237187860979724
orf19.3490,956.0354443065328,-1.7117887683533697,0.12949991446976628,1.8253766325279655e-40,1.129598780327514e-39
orf19.3494,204.41003864838618,-1.6560629662639295,0.25978526518142886,5.2095088552692915e-11,1.405711896815102e-10
orf19.3504,6975.987777712058,-2.588946169921632,0.09168984661791806,9.860120561717258e-177,2.1988068852629485e-175
orf19.3505,2066.848076832236,-1.025465915166359,0.09925862579454556,2.708030888685396e-25,1.1983660431574496e-24
orf19.3507,13154.741620905594,1.7038664006885376,0.0661534689539787,1.1793156622074802e-146,2.122088471130693e-145
orf19.3526,1183.5489154051143,-1.097496751526094,0.11706981816973619,3.870753485837605e-21,1.5325925659841473e-20
orf19.3528,251.73442724165497,1.35324247442408,0.22962222386512635,1.5034568839494947e-9,3.777700114036477e-9
orf19.3529,143.70265668972723,-1.695676700004648,0.3143574815592518,1.7283695340019658e-8,4.090955030442864e-8
orf19.353,711.1115378020927,1.4087932152303182,0.14394985309040137,4.834182337962131e-23,2.0096294619331257e-22
orf19.3539,257.3250711428173,1.6563117061604928,0.23039796047719344,1.93166616550888e-13,5.821102093357841e-13
orf19.3540,2561.3702930525596,3.1984046058657594,0.09907318201918021,1.2463706821954255e-229,3.930474009913251e-228
orf19.3543,54.841411981255604,1.1651475534572884,0.4695022707935738,0.005657303056797826,0.008862067307236736
orf19.3544,435.8579552496161,1.3721140260601892,0.18808725008434465,1.0513156309108645e-13,3.200592296151847e-13
orf19.3547,1412.2885299472368,2.992298965438059,0.11956807526839214,4.549506589019377e-139,7.719325853760052e-138
orf19.3548.1,9671.462713530447,2.116063911126578,0.07914466472234864,1.9443141048048714e-158,3.8540626255243234e-157
orf19.3549,1281.8349918695023,-1.6186825124237163,0.11516100080747836,2.143339897138285e-45,1.4483781729146594e-44
orf19.3553,1011.006585060651,3.269068620361772,0.1404201746823546,7.724721477897126e-121,1.1012137193604944e-119
orf19.3554,7856.278219060129,-2.073639497937471,0.07186358802898746,1.241339639491504e-183,2.892136085442146e-182
orf19.3564,1083.7224124904055,1.5763731439278683,0.12218901451490392,1.4435407535442729e-38,8.625328674765971e-38
orf19.3567,894.1567736955471,-4.071692381323687,0.1648881089845495,1.2138552938914144e-135,1.984113208130364e-134
orf19.3569,431.0218649046268,-1.4368230744405217,0.18011225856191934,5.392802562395637e-16,1.803570390980094e-15
orf19.3572.3,4049.603591424439,-2.111754548807147,0.08151260136199778,1.2135039897620505e-148,2.2351383221457946e-147
orf19.3577.1,103.9986154938235,1.6145816272373905,0.3726839237375315,3.7735606722704773e-6,7.712639226728924e-6
orf19.3578,135.1807026389626,2.4631334520998305,0.32794829190247066,8.980018551828961e-15,2.849148162480693e-14
orf19.3585,432.96950826729665,2.9203678707064005,0.19652347316769722,6.041275890649552e-51,4.496034167010227e-50
orf19.359,16.773220761023882,3.9209874304565977,1.1738178342544474,1.0277401805925517e-4,1.896899109553619e-4
orf19.3591,8132.741502888086,-2.941846921681986,0.07372489191274775,0,0
orf19.36.1,214.4124252627172,2.368307710985663,0.26095265574475773,1.9109513789829625e-20,7.4342557073954e-20
orf19.360,768.8136817697248,1.0072143170420391,0.13802678549609748,2.0320202048744798e-13,6.111721656664861e-13
orf19.3600,88.94305836178134,1.7632738598557522,0.3882242812911168,1.3807367306987268e-6,2.918524084794465e-6
orf19.3601,818.9780304198855,1.2373103342607088,0.13726729416562733,8.915688095828745e-20,3.4007059542061503e-19
orf19.3606,756.7472654171403,2.1580747192500565,0.1483695852013357,1.1304838563765861e-48,8.150971361680605e-48
orf19.3609,704.8361691937796,1.8120980516865932,0.1485711191135784,8.783029200646457e-35,4.831826813113346e-34
orf19.3612,3140.985339650037,1.7818283658539344,0.08703510125525167,9.655631207825831e-94,1.1549762693805458e-92
orf19.3616,2473.8809909613515,-2.400192821699856,0.10219142111254415,6.256783387186397e-123,9.127886791960715e-122
orf19.362,1161.5438586221526,1.0109530304795518,0.12240176844160484,8.211868576903928e-17,2.8375709681343732e-16
orf19.3623,1013.9539483680835,-1.8930849585491742,0.12803376878437897,4.2293571941205296e-50,3.1031852315027716e-49
orf19.3629,1014.82106273746,-2.255883203082166,0.129743407647372,1.8639491597868257e-68,1.731919427635259e-67
orf19.3630,1898.193121639107,3.362614821607602,0.10921762131342834,3.29679979396103e-209,8.834857473602004e-208
orf19.3633,236.99018129647746,1.3125835520694558,0.23722394230864327,1.3010436472712487e-8,3.110151812236476e-8
orf19.3642,9032.2493731745,-1.3134922327813527,0.07742008522740694,1.3284550078826927e-64,1.1715922414151883e-63
orf19.3646,3259.859305745767,1.5658778585419684,0.0882355880255215,5.489376840396639e-71,5.289455091271082e-70
orf19.3647,1249.878300430417,-1.2186269899658049,0.12141237508076752,4.103010670776156e-24,1.7680606368755222e-23
orf19.3649,3124.0006485273825,3.350785450602858,0.09238843748473569,3.1860327100841036e-289,1.3087887001161279e-287
orf19.3655,72.08353905661538,2.5606580194905173,0.4522510773465708,2.2131672922499696e-9,5.512172545994739e-9
orf19.3664,78.13594026440582,5.0574909314362415,0.6193907459145209,6.523212050311392e-17,2.26913292713896e-16
orf19.3665,1121.3002013686619,3.521757164468776,0.1415147841899201,7.822621362960532e-138,1.3060012778161915e-136
orf19.3669,2016.0116028760199,-1.7509294993076245,0.09863196439206744,4.708169360137134e-71,4.543710894079793e-70
orf19.3674,313.74364861709506,1.6231970415400447,0.208676599118453,1.9684141350984372e-15,6.431594902958996e-15
orf19.3676,239.1413532183211,2.1320369196847606,0.25326420992111975,6.389464906224939e-18,2.3074504843532978e-17
orf19.3679,1289.812219997819,1.2607622134404517,0.1164849725527401,1.1417650259809917e-27,5.388647635846797e-27
orf19.3684,296.0444625522074,1.4850585626096313,0.21400065673120588,1.3673775534059131e-12,3.960067459863878e-12
orf19.3688,301.2857547612207,1.155950252362234,0.21428372278721786,3.2425588497061184e-8,7.543419321000374e-8
orf19.3690.2,2567.1145214319913,-4.027501638084297,0.10649729468405089,0,0
orf19.3694,1628.5309402515982,-1.8352511369725681,0.10901889810917773,2.9116000790260073e-64,2.556966370385146e-63
orf19.3697,289.62522393237555,-1.850728593635495,0.23540349642471572,7.345891309575216e-16,2.439773688137641e-15
orf19.3704,897.4106588500356,1.336310053191006,0.1460210008998393,1.901067295472374e-20,7.400414085367521e-20
orf19.3714,1001.1175426338896,-1.1185459025275255,0.13060999992241185,5.087639369051931e-18,1.840511020878346e-17
orf19.3721,149.6872025251436,-2.775660563312024,0.3232734983354453,1.2567641045936615e-18,4.648835941399776e-18
orf19.3722,5400.647299341029,-3.284296050927403,0.08174215407990658,0,0
orf19.3724,1538.7947622383394,3.4109710744645008,0.11854227586044562,5.555938191202989e-183,1.289638589809348e-181
orf19.3727,13890.175028976128,9.260041651243634,0.16411757749852615,0,0
orf19.3734,702.1695177100353,-1.261170372076857,0.14485696431893424,1.4459822044986508e-18,5.336118726294075e-18
orf19.3736,260.5582783597683,1.4236753300732314,0.23353431051057782,3.6484774695782005e-10,9.480271876839902e-10
orf19.3740,1210.2502723469875,2.6538021081082124,0.1264972502816102,1.3190845621796474e-98,1.653888354668618e-97
orf19.3742,528.5837508516937,2.2341301201474977,0.16962431649761203,2.5771523384729394e-40,1.588523119587861e-39
orf19.3746,114.01910772262576,-1.5086073833832352,0.3397330181733018,2.8771482477891198e-6,5.94274351941623e-6
orf19.3749,860.7746893973344,-2.248446432632675,0.1387263903334715,8.122027891082349e-60,6.798115569962224e-59
orf19.3751,1345.568095172481,-2.4706165426505815,0.11869102511551488,4.736368425691329e-97,5.856214742577556e-96
orf19.3752,1370.804643637253,-1.171458929942864,0.1136201777873129,2.949776753294259e-25,1.3044196917542035e-24
orf19.3756,938.0965603220118,2.4791782016435744,0.1411900700390296,6.462494208574058e-70,6.141828590309957e-69
orf19.3759,633.872322328279,2.409715475671407,0.1585259414385309,6.006083330130699e-53,4.607123380016718e-52
orf19.376,335.6541516037538,1.8266107674549945,0.2064590539124417,2.4302600816801882e-19,9.18555929177427e-19
orf19.377,2445.815440895527,1.3642746406986248,0.09389226615878128,2.7373248465920266e-48,1.9533550105280702e-47
orf19.3770,1801.0508021515009,-1.9985663009955104,0.10428426431350614,1.5425204727610884e-82,1.669237059258273e-81
orf19.3778,886.515944195174,2.8047414150272565,0.1417333370755222,5.137749173657918e-88,5.832746516421826e-87
orf19.3783,109.08427836682195,1.3026362895836539,0.34440975167506144,6.141167982240833e-5,1.1532467031913311e-4
orf19.3784,227.7582227894327,1.422158136664602,0.24927547926693278,3.96749288228462e-9,9.753159668104396e-9
orf19.3785,817.5803880536135,2.9232986709682347,0.14707574180711103,8.942313393211964e-89,1.02263378804424e-87
orf19.3788.1,3984.0748848457515,-3.431187081763246,0.25441372720680094,1.0855705241401675e-42,6.95210497716021e-42
orf19.3789,6953.161415818124,-3.6156718804935317,0.07709040223598546,0,0
orf19.3792,3757.1574122486527,-1.5766940284695885,0.08698468302666938,5.943541810734551e-74,5.928350649556955e-73
orf19.3794,745.8907114948416,2.6776094985004932,0.1540903371429068,1.623761287409429e-68,1.513248578893205e-67
orf19.3798,493.62772734333294,1.2878149055335923,0.16779313058344583,6.768084959586118e-15,2.1572191162662437e-14
orf19.3799,3812.9434390949427,-1.2003696368964107,0.08222415305092447,1.3113958416245545e-48,9.411903028854849e-48
orf19.3802,3032.934152217382,-1.6807064658493829,0.08751750279501501,9.186741186790173e-83,9.993381876361994e-82
orf19.3803,5743.480970944234,-1.0798683417317523,0.07479472091888681,1.419402328531307e-47,1.0014404677231051e-46
orf19.3804,515.4593771390471,-1.23951477766288,0.16515421836728547,2.8357274509984073e-14,8.831063443408507e-14
orf19.3810,1864.7949879729354,1.3380636930452736,0.10044232085249205,4.985912724380445e-41,3.1100938112918583e-40
orf19.3811,1046.3906563341698,-1.4755786040408465,0.12501307170544462,1.2645548457500337e-32,6.640774143703288e-32
orf19.3817,556.1258848606451,1.0379146734340103,0.15920195975715992,3.908733328861577e-11,1.0615976905355237e-10
orf19.3819,150.15815894725932,1.3433649262834593,0.29252221251893007,1.6955188541783188e-6,3.5490511986219986e-6
orf19.382,136865.8396625585,-1.5341868088918618,0.062117563856279374,4.2985382911486964e-133,6.794955212641129e-132
orf19.3820,1060.509678456313,1.1538168757626466,0.132718010254964,1.5708160758692619e-18,5.7865342641461186e-18
orf19.3829,230.91393757819355,1.2260937271412888,0.23723694361231595,1.0589693881245828e-7,2.407064018729485e-7
orf19.3831,1213.8331389537782,2.807337212007724,0.13517788719722917,7.734801989817922e-97,9.525858703042033e-96
orf19.3836,1184.92296692356,1.385840936927227,0.11786287320831298,2.787850985869109e-32,1.4518216476869653e-31
orf19.3838,19459.683018886546,1.1617886107334015,0.06407018422853546,7.94625967984992e-74,7.900707872767977e-73
orf19.3839,1240.859036456695,1.3942279402300775,0.11527149990267972,5.756807605567516e-34,3.1175634595978815e-33
orf19.3845,1065.970501220145,1.1189576079253947,0.12623609027733526,3.8232155824300515e-19,1.4380818130538096e-18
orf19.3846,3667.1896632950316,-2.1159440786282655,0.0837968367947065,2.1418863125083892e-141,3.6944580484260723e-140
orf19.385,17150.52650153339,-3.0175896600048775,0.06528928120622633,0,0
orf19.3852,757.987844006322,1.457796622914566,0.15382157414245792,7.939464213706639e-22,3.1942019684525935e-21
orf19.386,8888.88421251325,-3.3973967370488,0.07259104954053557,0,0
orf19.3861,9363.968293600228,1.2344615014820788,0.06803489261732619,6.130649348256199e-74,6.105227197848758e-73
orf19.3867,1038.8493794622198,2.8295480175730305,0.13329048209015643,5.0539401851907775e-101,6.440163778843104e-100
orf19.3869,3722.017089799291,-1.2586094973240556,0.08182740678603519,9.567953784890064e-54,7.375593016401673e-53
orf19.387,2275.1633698112446,-1.1918589892904243,0.09340864091125159,1.0597963602043073e-37,6.201844867025019e-37
orf19.3870,5370.343025510665,1.859884783479976,0.07873199596860297,1.3163419473705973e-124,1.943082534132863e-123
orf19.3879,74.6194938186275,1.3465458340911882,0.41145852018829954,3.9105752213446906e-4,6.876269130407279e-4
orf19.3884,737.5425039433055,1.6068295167165987,0.1427641401178872,6.88761075791537e-30,3.4322618972405084e-29
orf19.3887,443.35558981813654,1.7127406907519387,0.17885838009221705,2.859059470677038e-22,1.165272019249832e-21
orf19.3893,3381.8490723944738,-2.4941024955270374,0.08782182638087205,3.044416264895152e-178,6.887440274639613e-177
orf19.3894,325.6214926931812,1.40813915528975,0.20342915921126353,1.7399482156650243e-12,5.0111792705776804e-12
orf19.3895,5996.135008820605,-4.211405957666618,0.08334804096542414,0,0
orf19.3897,15.889672665005072,-2.4022526611307593,1.0417149304626603,0.0024729184309739707,0.004038949171593375
orf19.3898,353.92207841123434,1.1921191966662095,0.1947513518584319,4.383106752538599e-10,1.1332554270331682e-9
orf19.3902,139.64006575812195,-4.280319027870336,0.40778528656214974,1.3323747271452295e-26,6.099228589658954e-26
orf19.3908,47.61943269406603,2.5053845135576944,0.579634059567907,1.8305197136427999e-6,3.818832306042647e-6
orf19.3921,1120.661169174075,1.0710504185886294,0.12693894005826659,1.633945160178194e-17,5.833249617011231e-17
orf19.3922,4694.592792214559,2.2509776007929228,0.07881106293891824,2.0073917055069016e-180,4.5745086894836106e-179
orf19.3925,203.90585981612017,6.198154528003448,0.49291452793009666,2.033945262068643e-36,1.1576986523570289e-35
orf19.3926,2362.3822558558145,7.624328732812627,0.3281583453895249,1.3293425085827234e-120,1.8907550395422608e-119
orf19.3931,754.147708107535,-3.6141734684155344,0.16701176256267053,7.638326599379808e-105,9.9361898513599e-104
orf19.3931.2,21.365708606344175,-2.402925771051668,0.8640909458540293,7.037378268412064e-4,0.0012068494893700886
orf19.3932,10388.989086018619,2.7599601913358973,0.0689886507528732,0,0
orf19.3932.1,83.82469015448088,7.993441921901702,1.3301656286942243,8.679161377288323e-9,2.0980520185748466e-8
orf19.3934,2073.769336909567,1.5676338899024806,0.11282887072709151,1.5029576752805396e-44,9.994108332749403e-44
orf19.3936,3484.8807230009324,3.1758169320264598,0.09301127136239552,2.5507808314833012e-256,9.3688679481069e-255
orf19.394,2759.8494789745764,-2.242146130288191,0.09173255961582628,1.0701630052314401e-132,1.687398435521493e-131
orf19.3940.1,34.372702421425146,1.4963081137083933,0.6220011677073605,0.004445681351429067,0.007040029002871696
orf19.3941,2511.8180622281557,1.9240935625234936,0.09214497550111911,1.8736368466728103e-97,2.3397976941250054e-96
orf19.3942.1,5171.141950016841,-3.899446813010277,0.09560266629219819,0,0
orf19.3949,2630.575956616988,-1.1529263843959903,0.09435372065675356,2.2495754660255665e-34,1.2289019431201782e-33
orf19.3954.1,142.49630138395196,6.527589132293736,0.6461101154954159,6.509654438184881e-24,2.785900089926415e-23
orf19.3955,9109.444800273372,-2.595741183814562,0.07015071579780421,1.579436430941606e-300,6.801380051585785e-299
orf19.3962,2373.2199520053146,3.16861172641898,0.09984253466206713,6.311630120617099e-222,1.8856372475183335e-220
orf19.3969,310.67794069106384,-1.5632007495798421,0.2147413981008888,1.0080682228395131e-13,3.0764310769354444e-13
orf19.3970,351.1838821555133,2.5317124197193257,0.20832960166512376,1.0056025495301982e-34,5.5272731683684486e-34
orf19.3978,379.60938702745295,2.9522450180387962,0.20814504115146057,1.2650371739845026e-46,8.72805758492733e-46
orf19.398,1864.712145908501,3.847502804673573,0.11525961333173886,3.057762664522787e-245,1.0548436506784685e-243
orf19.3982,134.09536573203476,1.4393933603152307,0.31055699310526313,1.2548692221641054e-6,2.659675296399414e-6
orf19.3984,822.4276459104689,1.5946814863557888,0.14140320288541267,4.998256553671667e-30,2.5007302821414975e-29
orf19.3990,424.42136628636865,3.118809764922462,0.20076842140926313,2.199246602798719e-55,1.7360424510588117e-54
orf19.400,2122.5226344275584,-1.3332177971732795,0.09596292091800797,2.3029353275005466e-44,1.5248704331827584e-43
orf19.4002,719.1716787413086,-1.872357516747171,0.1468509805059609,7.559868809666254e-38,4.436449327777828e-37
orf19.4005,868.4748305508065,-1.0682094747104758,0.13360853422603397,6.474095458186475e-16,2.1536628684558524e-15
orf19.4010,1326.0772472600322,-1.3096276591743121,0.12108554086076695,1.257153914232264e-27,5.91089536179688e-27
orf19.4012,1115.7147167316798,-3.094574567305928,0.1326942381972631,3.335411618916949e-121,4.798688974312771e-120
orf19.4013,1245.6022598155205,-1.142455432910814,0.11495947147428431,1.0978746910416829e-23,4.672889959689344e-23
orf19.4022,340.4935714122094,1.022959675480221,0.19645512419973177,1.0791348454846474e-7,2.449334051329022e-7
orf19.4026,9289.197344506227,-2.0583168543802914,0.06897193304543033,2.3373359788865675e-196,5.837730340867091e-195
orf19.4029,2561.7715515752316,2.1394987558988676,0.09264246229694613,1.0846358006326753e-118,1.5219024582360505e-117
orf19.4035,7784.3417004972,-1.5986409385254476,0.08605100539064785,1.2035121825488283e-77,1.2421041434437824e-76
orf19.4040,20969.74636738915,-2.6929928456737886,0.06336054515588604,0,0
orf19.4041,41.54309043964221,1.3331868482408067,0.5752669389529643,0.006288946903586998,0.009768205091044084
orf19.4044,1690.5589740537002,1.261590892272881,0.11224177370280938,1.0132408724109755e-29,5.013213951928788e-29
orf19.405,4182.723817410088,1.1135847804307801,0.07962153971980665,7.581222866391585e-45,5.079093946110414e-44
orf19.4054,5027.002819982705,1.1457792176463415,0.07576930852616225,1.0044027778363977e-51,7.556013186518636e-51
orf19.4056,243.1298107131514,-5.682322554412781,0.4114615720876727,9.65299421783777e-44,6.317955544672855e-43
orf19.406,6715.0793347670815,-2.9232933953577818,0.07503237957428105,0,0
orf19.4060,16111.498771888544,-1.949752770091794,0.0709124194641437,6.736127147211215e-167,1.4114220774223766e-165
orf19.4066,693.6599490103636,-1.5161063977544413,0.14695460758275908,1.9773272070468558e-25,8.7812454344243e-25
orf19.4067,14.66307669610045,5.095769429075472,1.5978216220466361,1.8509906770512028e-4,3.3422746638252487e-4
orf19.4068,1161.0140845082421,-2.01994478241945,0.12449243126614995,5.697918969233919e-60,4.78196317794309e-59
orf19.4076,3093.9565403296847,-1.0517703395244973,0.08780308698348459,2.403013714401083e-33,1.2857255897789512e-32
orf19.4078,398.42490313905637,1.2135483952719135,0.1858564785458033,3.214560993255557e-11,8.787967969302845e-11
orf19.4079,356.7406646590171,-1.166598983127741,0.19423062966515608,9.033603200327397e-10,2.296653842949685e-9
orf19.4082,25124.51511328838,3.125586848406504,0.07985096790308122,0,0
orf19.4085,98.03084393699326,-1.908851010344741,0.4057940696414508,4.156487025743656e-7,9.131986273308723e-7
orf19.4088,3661.8264965968633,1.5782040413638625,0.08211537827307819,9.724015435493388e-83,1.055943519638621e-81
orf19.4092,271.3341791405703,1.449841548668294,0.2215603980125542,2.1597173982788403e-11,5.951136555539753e-11
orf19.4093,3480.5704091066996,3.165010804192647,0.08866083123944817,3.7610632255601777e-280,1.5053896654101123e-278
orf19.4095,15.695297934352604,3.8097773233784413,1.1965568003528153,1.7862443254727488e-4,3.22629724276883e-4
orf19.4096,780.8590853032703,2.571253396770557,0.14871829250889074,7.301948133727727e-68,6.695060814536846e-67
orf19.4099,9264.559618940333,-1.7722352998069515,0.06898604943678972,4.892605186757264e-146,8.753417417224172e-145
orf19.410.3,3889.426953499341,-1.5057088611643983,0.08402154681688917,1.249044689127451e-72,1.2224192850958939e-71
orf19.4101,146.35763164760363,1.5753905811053883,0.29899821940709015,4.259137445200963e-8,9.864263430205792e-8
orf19.412,1612.4296757971238,-2.147723457615514,0.1138489484945188,3.719637511704795e-80,3.943194672849701e-79
orf19.4120,468.53564801596974,1.186148913700246,0.17196893460476131,2.5719394884371085e-12,7.366600993486838e-12
orf19.4121,78.93552513793327,1.5473594024982147,0.4042953177967539,3.9289951723297084e-5,7.502338182271162e-5
orf19.4122,670.3473830663731,1.0427064658560365,0.14876847732018994,1.3735460197587527e-12,3.97608778274161e-12
orf19.4128,1157.38608069196,3.234647457577355,0.13089184197367684,9.389484873535968e-136,1.5428406197462786e-134
orf19.413.1,98.4072953389364,-1.7785067480728902,0.3823546930647186,7.267049957417006e-7,1.5679149942678573e-6
orf19.4132,2315.024032331211,1.9918696629252874,0.09651370704307717,2.5577215722034753e-95,3.107084337906323e-94
orf19.4133,902.2362905198194,1.9117359060950374,0.13785562504386914,2.0947204078131573e-44,1.3884749709538593e-43
orf19.4136,724.2390435053107,-1.2256732634579808,0.14311811114198464,4.950921189966014e-18,1.792089965805669e-17
orf19.414,467.955524148541,2.4137321972198036,0.1854349042929635,1.5265007013057617e-39,9.262847792957411e-39
orf19.4143,378.7573153739187,3.3877453364104153,0.21658834726040896,4.765962676765707e-56,3.820111804072539e-55
orf19.4146,811.579066419104,1.3701692027525953,0.1430962407505108,4.1993592032119996e-22,1.7037556117515093e-21
orf19.4149,4953.193467503794,-3.5382863007642986,0.08310015499214574,0,0
orf19.4149.1,6212.42768811786,-4.106502308256245,0.08353836519511304,0,0
orf19.416,112.10521238436162,3.040162181377026,0.3771414570636211,9.864428915762614e-17,3.3935809449047805e-16
orf19.4160,200.6639810746724,1.5875305482195174,0.2573496708954605,2.1400522333303972e-10,5.631051894190898e-10
orf19.4163,1576.2718442139108,-1.6979004871948389,0.11466178815251833,2.9148566833601447e-50,2.1462694729835783e-49
orf19.4167,213.89223256666295,2.340914455938839,0.26487308201860776,1.556208305332815e-19,5.917761667782033e-19
orf19.4168,391.0510548512059,2.0901453951603477,0.192823762080773,4.734869473082995e-28,2.249963850070793e-27
orf19.4170,175.9458657435726,1.304931772944859,0.2709418875473373,5.895014978776976e-7,1.2798495663241807e-6
orf19.4171,970.7963244559647,-1.402546565545047,0.13131955859111427,4.432641307233986e-27,2.0471458818320272e-26
orf19.4172,1328.6361278457616,-1.1103045363045405,0.11207572844175712,2.0423012564868008e-23,8.593078871633142e-23
orf19.4173,648.337998066344,2.231040157051482,0.15509674132584067,1.2303243200570702e-47,8.700051024276723e-47
orf19.4175,849.45912898567,1.323695296771102,0.13373835741404314,1.7875291078349355e-23,7.53293742662097e-23
orf19.4177,7279.645756464076,-3.7706384890028737,0.07748696784847758,0,0
orf19.4184,2855.5199866451917,-1.1159937368521262,0.08844726163950596,8.903686056823705e-37,5.095748463685355e-36
orf19.4189,3770.6593718302997,11.868511907360654,0.7072589758884311,6.618229660082368e-61,5.630003541901132e-60
orf19.419,700.1728931802606,1.9963600365885341,0.14887728552894286,1.2054283896141697e-41,7.56451745201093e-41
orf19.4191,1586.2723878114564,3.864553036872134,0.12408910404022316,7.478121696856213e-214,2.122426903416827e-212
orf19.4191.1,1072.8831076721372,-1.0553131606488235,0.12180564469997501,2.3693341729622938e-18,8.676904736643145e-18
orf19.4192,1358.5852589513795,-2.339729232374468,0.11632024074611652,9.400176332894715e-91,1.0909795729106804e-89
orf19.4192.1,835.2641550728805,1.6025467138799045,0.13588942791918954,1.5664546732454275e-32,8.205489076966819e-32
orf19.4193.1,5292.818593938918,-1.876471675430633,0.07610290909906639,7.393485842514188e-135,1.192892134383943e-133
orf19.4195.1,432.78464904430217,1.6176188011889112,0.18884413138401776,2.9420033214570582e-18,1.0736334739437681e-17
orf19.4197,3519.31088126788,1.3470096510684113,0.08383718278397834,2.3371637739690728e-58,1.9328808747897867e-57
orf19.4205.1,203.83966706363077,1.6570465851205947,0.2595938173114621,4.906395875086276e-11,1.3250664292404285e-10
orf19.4207,148.57228325498647,2.153257232729273,0.30766354099864185,4.971054232394697e-13,1.4661909601829235e-12
orf19.4211,249.69026839569466,-2.8807886845636346,0.25440498770746467,1.381634624140824e-30,6.985365662457737e-30
orf19.4216,18662.054713126883,1.2232662608774967,0.0638681537371477,5.778640622287842e-82,6.221005525097463e-81
orf19.4219,1422.9912353004083,1.3473543220077682,0.11161788628152407,5.977807047205522e-34,3.231638718852925e-33
orf19.4220,1342.134343473243,1.0140650226792778,0.1130901818515635,1.6541264135655825e-19,6.286284434755629e-19
orf19.4222,276.40008798033523,1.165013481996532,0.22167123316031342,6.885323565540132e-8,1.5759516254850654e-7
orf19.4223,5311.62765878052,-1.2512355397981605,0.07514558221970645,1.3424500794847404e-62,1.1593718252147605e-61
orf19.4225.1,638.4888530182399,1.5504180228604743,0.15519748319309534,5.2818229081392896e-24,2.271329355263204e-23
orf19.4229,328.36809647047227,1.210466487223192,0.20216351140417338,9.794646743038135e-10,2.4850781903100412e-9
orf19.4233,9642.32294560642,-2.16931712277231,0.06896546102254437,5.985851013091708e-218,1.738402498871843e-216
orf19.4234,449.3520410034706,1.1343172901001375,0.17455761007036547,4.2956212402741784e-11,1.1646486766943973e-10
orf19.4236,2931.896898012125,-1.0083875838905672,0.0870491168573096,2.3512737545465843e-31,1.2033896166712191e-30
orf19.4241,957.3633146703813,1.99997594149316,0.13212432568437635,1.997087684817361e-52,1.515165917861434e-51
orf19.4245,316.1322828791647,-1.021588682356922,0.21718677047456014,1.3295022473317035e-6,2.8130843891356005e-6
orf19.4248,4989.135318430581,2.079033925117049,0.07989741872762837,4.977482604964304e-150,9.249821840891998e-149
orf19.4250,352.14618436498773,1.3676251879376362,0.19634647012596487,1.287781184095147e-12,3.733011009048328e-12
orf19.4255,1260.5777504923342,-2.6870652092635563,0.12440305994780489,2.3240565219769894e-104,3.0106657517062906e-103
orf19.4257,2606.4316052321383,-3.096155238587459,0.10021790616263039,1.3768608872138629e-210,3.754200602516751e-209
orf19.426,1181.4612201381406,-1.150425026928448,0.11704377627408813,3.884644269977186e-23,1.6202884984460622e-22
orf19.4262,635.3390464211438,-1.1829763367498158,0.15259719068850522,4.203237345148606e-15,1.3479719559891061e-14
orf19.4263,256.95921463919143,-1.3666336227895888,0.22809692359357026,8.200621697179777e-10,2.0891343075149135e-9
orf19.4266,80.25315986169532,1.5769966844805718,0.40748088096170043,3.113798163427427e-5,5.982324840751032e-5
orf19.4268,1007.8824709802448,1.6944543212343905,0.13680386369310576,7.356315751909093e-36,4.1306506793993145e-35
orf19.4274,723.3085609197733,-3.7406610962661144,0.1745430814476518,6.297665492525872e-103,8.057914617895809e-102
orf19.4279,4064.806600554617,3.8109395495400578,0.08865938951622107,0,0
orf19.428,1089.27892076312,1.197267711100765,0.12062631240389687,1.6469062953144256e-23,6.959379802889803e-23
orf19.4283,845.8075999112655,-1.0549519491244428,0.1373895042468316,8.037087223539689e-15,2.5564733888834343e-14
orf19.429,1071.7620046874101,1.222620436082965,0.12139051588556166,4.4223467912274096e-24,1.904354025132686e-23
orf19.4301,1007.6523465046266,-1.9039406658810898,0.1279765990589612,1.0681691169702792e-50,7.902426500429412e-50
orf19.4304,1772.3919245277825,-1.3773843258327285,0.10220173418490659,8.25909336006418e-42,5.219613253060804e-41
orf19.4306,1539.6212758487766,1.5103658760249665,0.10753593757810566,2.766298648951587e-45,1.8673263528706715e-44
orf19.4308,2249.614978799157,-1.8629827101632477,0.09563282403444534,4.0283943275170196e-85,4.491659675181477e-84
orf19.4309,8926.216257555488,2.1798909114791067,0.07177439703992711,9.031685271880982e-203,2.320734273153286e-201
orf19.432,730.166178133105,1.366514297591197,0.14294579912591246,4.688698576706598e-22,1.8961291394401554e-21
orf19.4322,1561.561191969407,-1.0191174277433388,0.10545797581301058,2.405134632215175e-22,9.821884004938884e-22
orf19.4325,790.3512778392634,-1.3422308626081512,0.13817043397225898,1.0460091046191182e-22,4.3110764681463855e-22
orf19.4326,1278.081723203154,2.0506214755250722,0.11792371284824714,2.364560143931486e-68,2.1905509701347478e-67
orf19.4330,710.9195203994534,1.2831396838566187,0.14353314289661487,1.705555972751361e-19,6.473855011464741e-19
orf19.4334,64.79016733472726,2.540622395290399,0.4760929275324643,1.4088517217695433e-8,3.360149026252494e-8
orf19.4335,959.9109399853967,-2.671485540525836,0.13631310476285713,2.3248241062778143e-86,2.6155318413691304e-85
orf19.4336,9998.092275410923,-3.1305006783132074,0.07029453073094726,0,0
orf19.4337,1462.2182417386273,-1.3887510633717794,0.11042872391424982,1.0722783888415265e-36,6.131232838760524e-36
orf19.434,2713.689844325114,-1.7726326313663971,0.10097835632481746,9.925574621201245e-70,9.375989097546228e-69
orf19.4342,54.215347054185955,2.6934337344232975,0.551557672427251,1.1593951023744382e-7,2.6238720620608887e-7
orf19.4346,3989.0559602281146,-1.4901743925214386,0.08133611831554068,2.4717819647409037e-75,2.50956204680361e-74
orf19.4348,805.7807533081256,-1.0348927134207593,0.13871429002617766,4.5059894346159574e-14,1.3907759777430567e-13
orf19.4349,867.0921151933305,-2.4027201170964605,0.14304907067253256,3.808834101422997e-64,3.3355343799838977e-63
orf19.4355,4120.456163156192,6.635913882681941,0.13908556087939486,0,0
orf19.4358,219.3777650974952,1.1894033410600475,0.24213707413705746,4.2030044443470233e-7,9.230939061028075e-7
orf19.4363,1335.0831207839913,2.0142590617803955,0.11543669584074723,1.3573106682339207e-68,1.2706218609374215e-67
orf19.4367,1102.353328242778,-1.0337363794696122,0.12119612628194763,8.045108853307832e-18,2.895311797121274e-17
orf19.4368,2084.413204196507,1.1209594802444982,0.09652363523072229,1.676489867800704e-31,8.608554880384536e-31
orf19.437,13017.133438369303,-1.8255530737867314,0.065671696214106,2.6573571688544827e-170,5.741362685926432e-169
orf19.4375,631.3932994589685,1.267213480232633,0.15379275530114753,7.421252375497302e-17,2.5743499907002865e-16
orf19.4375.1,2568.055297131306,-1.5564107276089818,0.09545674240386796,2.7566067227316854e-60,2.3291275205326986e-59
orf19.4377,376.45397535500194,1.0721292620916925,0.18983878034915988,1.0055763822615002e-8,2.419583403021506e-8
orf19.4381,7115.285924425063,1.6985622363972364,0.07603967291262458,3.725726364771577e-111,5.0245000910655994e-110
orf19.4384.1,224.52242636379725,1.3779348595795478,0.24227579994500964,4.790904850015913e-9,1.1735743383091159e-8
orf19.4391,191.91021589504294,1.8717046208720034,0.2668276155848131,5.544333129644641e-13,1.632193119354132e-12
orf19.4399,801.9119429029445,2.501468170848786,0.1482798302638141,1.0240281512174234e-64,9.043892186989522e-64
orf19.4401,626.2525970381471,3.573391469316193,0.1763335235090458,3.1784578598336655e-92,3.7516617914558427e-91
orf19.4403,1171.0598098462067,-1.2062591564458103,0.12225951886940037,2.3984207180229234e-23,1.0044090518668768e-22
orf19.441,5366.741095329817,-1.0423826443450956,0.07678191435571488,3.207228816591301e-42,2.041379891008775e-41
orf19.4424,99310.06747954387,14.852759731059297,0.781197642769708,2.220288516143639e-84,2.4537135389028106e-83
orf19.4426,950.4654643068313,1.258877027936066,0.12870466187925428,5.40667780996575e-23,2.2431426076695113e-22
orf19.443,228.97113750211975,1.7414491448543152,0.24336514377173568,2.264809508012356e-13,6.788992111391815e-13
orf19.4430,1294.4595307098107,-1.4438210913151939,0.11896276004454347,2.3821224608793754e-34,1.2979033722278202e-33
orf19.4433,164.50755091659354,-1.4442602377756746,0.28434603335964803,1.2954395792279694e-7,2.9264561261575397e-7
orf19.4435,1014.247375219168,-1.192651837023009,0.12450995038209897,4.373501823758571e-22,1.770956250813782e-21
orf19.4436,506.85659317751663,1.352028682418877,0.16949172163692158,5.378740009473738e-16,1.7998313300725626e-15
orf19.4437,3094.741760541349,-1.2406055358858223,0.08708614139280933,2.392606672221956e-46,1.639894188952129e-45
orf19.4438,311.7096274262258,1.3047128197698654,0.20877722524280956,1.700143718045633e-10,4.494368067517753e-10
orf19.4439.1,71.26116394867786,2.059386731227477,0.4410798447869021,5.817620647688223e-7,1.2648058260503226e-6
orf19.4445,278.626723920986,1.433311605670697,0.21942522596765743,2.307561563558486e-11,6.347319120202284e-11
orf19.4450.2,117.58881856514562,1.6668586289931722,0.33716770532180507,2.098250439923169e-7,4.680770184666048e-7
orf19.4451,3432.13386600513,-1.4787720716657646,0.08837306893731214,2.3192012807781255e-63,2.019678214390323e-62
orf19.4459,349.9422759280305,-1.9483087950677018,0.6248092468893441,2.371823589737152e-4,4.243457448228876e-4
orf19.4464,167.0360242592027,1.472722798180371,0.2805075676810641,4.9888466707029895e-8,1.1507336022116537e-7
orf19.4476,4228.296153627462,6.591320200047024,0.1381257316564002,0,0
orf19.4477,18322.39095210552,3.8054201489511974,0.06621973286325622,0,0
orf19.4479,983.8414242579692,2.690480364061033,0.13483383893801384,1.8966424628510717e-89,2.1769550621400904e-88
orf19.449,1844.038204903478,-1.7695426040650868,0.10291186369304009,7.435024616051367e-67,6.728076442179413e-66
orf19.4490,7207.573297792371,-3.1678226333141453,0.07730358901895817,0,0
orf19.4490.2,2670.6703476025377,1.1931828256572923,0.08935479568887428,5.440052137950237e-41,3.386608728749878e-40
orf19.4492,4385.2628399857695,4.306328290310882,0.09221549431182934,0,0
orf19.4499,450.2679102264575,1.1413024619409067,0.17390668202933354,2.786474924396696e-11,7.634378862629649e-11
orf19.4504,444.39620739888176,1.3372486858434973,0.17634551995177886,1.3224599077393446e-14,4.170424072689125e-14
orf19.4506,11247.64733381356,-3.8345905354563583,0.07128691307873704,0,0
orf19.4513,4486.073119091664,-1.7543298414829152,0.07950900107190743,1.806127176860421e-108,2.4045752862082022e-107
orf19.4518,1046.3816844470975,-1.039108157986501,0.12404392129087903,2.7581178844083403e-17,9.729767271325241e-17
orf19.4522,260.0988565707865,1.835404484977248,0.22997610702506596,3.548548540346169e-16,1.1976830857254856e-15
orf19.4526,429.4443171369036,8.870315067661647,1.1108106682451704,2.464109725818777e-16,8.366449770534228e-16
orf19.4529,359.16385398882176,-1.3403343316322363,0.19494783249584816,2.6991661626401218e-12,7.706261325800146e-12
orf19.4532,1967.634786859474,2.115679375028347,0.10141174692854749,2.3052088765931677e-97,2.8672757421210634e-96
orf19.4540,855.3759350307184,-1.893468935841383,0.13668741687865676,2.902554273145439e-44,1.91783586047832e-43
orf19.4543,2543.8490124861455,1.4017561261706504,0.0909801699334581,5.774619691169324e-54,4.456949981663938e-53
orf19.4545,1318.8223510471835,-1.3657825525194576,0.11363383695074117,1.1305368100594711e-33,6.085406760354601e-33
orf19.4546,951.5482686891648,1.360673175139168,0.13142117393402905,1.277131353099279e-25,5.708237772907588e-25
orf19.4550,635.7728179228799,-2.112350069846543,0.15663819553562594,3.82594412188574e-42,2.4327082583558615e-41
orf19.4551,48.931672379021634,1.6708003082363028,0.5604265225718372,5.753623200916315e-4,9.946185843444483e-4
orf19.4555,71684.16027038856,3.0803936982394298,0.0742929768085416,0,0
orf19.4557,469.0084014461715,-2.1883265916973627,0.18103017258112294,2.2534180054881427e-34,1.2299250022961507e-33
orf19.4560,3163.1950188550773,-1.2976403683978492,0.08522718277748396,9.852421747252368e-53,7.520601636900218e-52
orf19.4563,514.900395813175,2.592845359010466,0.17853171888725694,1.2233715425657652e-48,8.800382386844053e-48
orf19.4568,96.83898144400793,1.4079553029522123,0.3761871767244275,5.9025590373046224e-5,1.1104422605884322e-4
orf19.4569,51.035712887058956,2.131246828514646,0.5620995315944997,2.020040656621259e-5,3.940372964680769e-5
orf19.457,2123.8707678663177,-1.0780408259101621,0.09546829895887357,7.546429367691114e-30,3.75457410134369e-29
orf19.4570,217.6260197913815,1.4507055539247962,0.24586908289682213,1.3055495393906892e-9,3.2923470613713503e-9
orf19.4573,188.89893337789545,1.1137526088697713,0.2592671474158937,8.75089975455549e-6,1.7541129395648307e-5
orf19.4578,453.3904388491207,1.440522989424022,0.17546404683386088,7.382054843195169e-17,2.562176233513654e-16
orf19.4581,463.3519825850881,-1.176992445303352,0.17531620664396408,8.895662497168989e-12,2.4885536125592815e-11
orf19.4582,538.536790656319,1.6265149046640512,0.1655032182924784,2.572441602732134e-23,1.0765633624302578e-22
orf19.4584,2115.5982167898287,3.2938209438063586,0.10485182650938743,2.1216358966454963e-217,6.133099323451147e-216
orf19.4591,2506.045946894102,1.0936345813141053,0.09053645053122518,5.961312748138118e-34,3.225514454018579e-33
orf19.4595,405.25878441837494,-1.112033572892414,0.18310201201312087,6.178335599676837e-10,1.5868995263012e-9
orf19.4599,61.170199262584525,1.6409027277420214,0.4699476953096233,1.2481238036058737e-4,2.2887768075521514e-4
orf19.4600,678.6545595192564,2.074996520681985,0.15502601047909273,1.417509163103762e-41,8.886473106847278e-41
orf19.4606,935.6751257878223,-1.073709437354945,0.12853377387352638,3.303588554368322e-17,1.1621187004775099e-16
orf19.4607,19.22916739807091,-5.39238584831571,1.4936957933343709,1.308887253234254e-4,2.3945772074991743e-4
orf19.4611,2459.24874171205,1.9927037805370027,0.092842883014538,7.845334772144999e-103,1.0017642191671447e-101
orf19.4622,2483.581144590772,-1.6228520730982614,0.09620559649925446,2.4844100484424927e-64,2.1848811749964682e-63
orf19.4623,1080.2785336013064,-1.194025884550419,0.13047249513842263,2.348202777129202e-20,9.118269987807673e-20
orf19.4627,1059.3308765365373,-1.0068270697475126,0.12199701922446977,8.488304382617896e-17,2.929849229688565e-16
orf19.4630,2208.413606917897,-1.85828575823892,0.1030623783815142,2.772159505339687e-73,2.7475180875144456e-72
orf19.4631,7234.048103844751,-4.987785031462115,0.09276966871474496,0,0
orf19.4632,6302.732131601559,-2.7568999638927965,0.07535898572194602,6.066916365948586e-296,2.5595828235799304e-294
orf19.4634,456.99145829189877,2.358619602991105,0.18593542099972438,1.1443426613084613e-37,6.690332937462577e-37
orf19.4635,2482.679766418255,-1.3207719764552053,0.10571630531873925,2.7384270997219554e-36,1.5530189655462206e-35
orf19.4640,1998.3751552811548,2.6117066790312506,0.10295360393435245,2.588156359597001e-143,4.539451772281932e-142
orf19.4647,108.20815161495061,-2.1543107198242533,0.3613377599939968,4.660319334502435e-10,1.202936499571443e-9
orf19.4650,4337.426274489995,-1.8304526045692198,0.07965861312796482,1.8897598472207728e-117,2.633852787063952e-116
orf19.4651,7454.998238049,2.4643153513134584,0.07667669634086628,9.454522908770063e-228,2.922477279324766e-226
orf19.4653,642.8118298759962,-5.18281843390128,0.2323917546335317,7.967471365573523e-111,1.069868628099808e-109
orf19.4654,53.14967014670453,-3.3363767294271724,0.5886035479152256,1.7328422994010469e-9,4.338358988556591e-9
orf19.4658,2465.512719082322,1.452158908897729,0.0921197482522249,2.0300784961010805e-56,1.63982019788553e-55
orf19.4660,14707.991792752631,-2.9298385347076232,0.06603551794184485,0,0
orf19.4664,413.533089596338,1.7534563431983292,0.1848856466448826,6.806883555634369e-22,2.7438464119677854e-21
orf19.4665,392.48006925621297,2.5508071942262363,0.19807357018811036,1.1740438887835523e-38,7.042007724845822e-38
orf19.4666,182.56664400849954,1.6194625144546844,0.26936534757648717,5.605165116501972e-10,1.4420540167877346e-9
orf19.4669,1272.0793874745148,-2.284018072937222,0.12410607616711505,1.797227259139451e-76,1.8396536075519233e-75
orf19.4673,50.11409377864894,2.3722181053898264,0.5804597072811719,4.619191952775286e-6,9.395437090988462e-6
orf19.4674.1,278.58605597225824,3.6253993781661187,0.26000454465401046,4.017662157586584e-45,2.69744973246996e-44
orf19.4679,584.6042166460463,-2.0693629374164746,0.16631036748679645,2.9783690343472937e-36,1.6875622731818969e-35
orf19.4683,3146.3805462471737,-1.3825026798117928,0.08779261829837501,4.0412621562600717e-56,3.247572831877463e-55
orf19.4684.2,684.665040577679,-4.258177090223873,0.18832465516317654,4.7110541250313816e-114,6.436722528817493e-113
orf19.4686,2409.0563931544993,-1.610308260206098,0.09419651479203997,5.086466904184606e-66,4.5632039295587185e-65
orf19.4688,4064.996755267089,1.5755019911994608,0.08150972794051765,3.53811088945652e-83,3.8757832269765806e-82
orf19.4690,85.25148868839149,-2.8731777255015967,0.4395838938074499,7.388846357201253e-12,2.0725946385608545e-11
orf19.4691,34.699389762443325,2.246640605118736,0.6454232251753446,7.918071682305684e-5,1.477598313936542e-4
orf19.4697,7253.932886693007,3.915302336696762,0.079729035123943,0,0
orf19.4698,162.36797863405127,1.7518544974816628,0.2870904211643395,2.8260395507610664e-10,7.377002907588671e-10
orf19.4701,147.34452797955217,1.172602559893116,0.3035680143029873,4.931173597399448e-5,9.344536553008241e-5
orf19.4702,169.12990953636944,-1.7430195161465913,0.2969960985634788,9.816703085920405e-10,2.4896626347882617e-9
orf19.4704,17187.205799070438,-3.3069733349460573,0.06614119546431228,0,0
orf19.4706,295.83067714789564,1.3080341408889613,0.21247433578693295,3.1206518199652715e-10,8.125667207615994e-10
orf19.4712,374.1300452977798,-1.5660384835731667,0.1939734998479666,2.1347651616267932e-16,7.256109781816929e-16
orf19.4715,2403.659919396016,-1.2165482629831679,0.09223427335594005,4.120020400623962e-40,2.5245738352792956e-39
orf19.4716,13794.454260777202,-1.349309897469619,0.06690452799607458,6.71419784960854e-91,7.821539435252934e-90
orf19.4718,9922.400679075661,-3.440411363917214,0.07232568976406661,0,0
orf19.4730,489.3540627319809,1.6277896630637567,0.1716607621850795,8.194176119869086e-22,3.294554777363978e-21
orf19.4731,649.1573253833428,-1.0281306603634668,0.14877322035891968,2.6608624132817004e-12,7.603855793378003e-12
orf19.4737,3913.111629640992,-1.6391016703202839,0.08367222560266564,2.5697478130876127e-86,2.880701139123708e-85
orf19.4739,908.6935011046833,1.3646248402311947,0.13316502907273225,4.686344336893766e-25,2.0650341594611627e-24
orf19.4740,199.6542354775482,1.3598817145728619,0.25835594089437597,5.1530144238459414e-8,1.1872849469555002e-7
orf19.4746,1201.5745898159012,2.445408903077388,0.12171825889392428,1.5090091155083017e-90,1.748098871471955e-89
orf19.4749,1675.3500923636193,1.4121798618811372,0.10392695149615316,2.0990874782949605e-42,1.3387847001505346e-41
orf19.475,1124.5508755587493,2.2771057476154613,0.12610023156847028,1.1664632168977328e-73,1.1579326432924394e-72
orf19.4751.1,232.04024684590647,1.5135665207542082,0.24338006006628707,1.5047747271262656e-10,3.984653687945887e-10
orf19.4758,2025.142770966186,1.1065346881376512,0.0975250590137554,4.395533221022363e-30,2.2009390081847345e-29
orf19.4759,3593.5756699490053,1.3113130172854626,0.08216886866461634,1.0052656715290822e-57,8.248198229996831e-57
orf19.4760,515.7745233203851,2.605896359057665,0.19177024196347547,4.133106014381421e-43,2.6802067357888565e-42
orf19.4764,1352.940485821232,-1.0388131675157122,0.11564709396038486,1.5393668959086616e-19,5.857286348600659e-19
orf19.4765,1076.1580171483947,-2.3760921573668536,0.12779431612026995,6.183008890413185e-78,6.413074337498327e-77
orf19.4767,54.47479692841762,-1.2334662887351127,0.4815883547762374,0.004034471324950948,0.006429616884378182
orf19.4769,197.74971899445094,-3.3563265180773527,0.2989384644754432,3.8186115025373504e-30,1.9135963259906274e-29
orf19.4771,485.06641769540875,-2.0844895502074197,0.17612877361864127,5.2288170571772224e-33,2.7715393637533596e-32
orf19.4772,494.44073033733946,1.3725169577117835,0.1738676873854192,9.135289075482628e-16,3.022826973360547e-15
orf19.4774,1423.600747430837,2.8974595384041426,0.11740972351664597,2.7167810185749494e-135,4.429133336809917e-134
orf19.4775,2014.9051220856995,1.1100214550285825,0.09677292655368026,1.0067140932473242e-30,5.1146646039351444e-30
orf19.4777,8190.427688693153,-1.060697855950556,0.07344110007670089,1.8270975489220077e-47,1.2861778010675327e-46
orf19.4780,3641.8372526996973,1.5458429538355196,0.08299758389170316,7.277808550193496e-78,7.536092303052767e-77
orf19.4783,52.22346980220179,-4.017589207362098,0.6850639544785413,3.8514464644602647e-10,9.982744592814401e-10
orf19.4784,4591.044316308401,-3.8223729455969937,0.08814398130119348,0,0
orf19.4788,4631.758506298972,-2.455166540106884,0.08304662592082096,5.405204353276322e-193,1.3339958886109627e-191
orf19.4789,197.36220544622086,-2.984302268509031,0.2879019365768309,4.6947105415143013e-26,2.119578642170304e-25
orf19.4793,265.986485149869,3.965152328917982,0.2749639339205836,5.032640215100955e-48,3.583102109816461e-47
orf19.4795,1332.029428732755,1.2276434115214057,0.1126068009166721,5.1901177580964325e-28,2.4644178921333936e-27
orf19.4799,1538.9826536747341,1.444035735137034,0.1073636968631923,7.124753556182559e-42,4.5072909022091083e-41
orf19.480,376.08838186370906,1.0477259543557995,0.19178561041178266,2.868363033773818e-8,6.69534907771354e-8
orf19.4801,260.014377542242,1.4294457265573894,0.22588771052697174,9.81113585813242e-11,2.616861695778677e-10
orf19.4802,123.75202365607811,-1.55850547054845,0.340744259481938,1.3095624624982569e-6,2.7718332257081746e-6
orf19.4811,2594.2500344182986,-1.4678824819917544,0.09185318617455322,5.936250689866523e-58,4.8964265928040375e-57
orf19.4812,705.8844954658946,-1.3913176904293434,0.151136753446991,1.2164999530791997e-20,4.759289290116869e-20
orf19.4813,6098.313319819062,1.736779548449011,0.0747559891796722,2.0372531846455338e-120,2.877965811069392e-119
orf19.4815,1292.0446264183608,3.3438206452292505,0.12808914133413918,3.106444822505286e-151,5.860012529221452e-150
orf19.4816,2193.438455718957,1.7193599476137622,0.09553064801765902,5.735034013713102e-73,5.666068414814021e-72
orf19.4818,423.87427680897395,1.6980965028363875,0.18235207668416722,3.934899045338429e-21,1.557003145696651e-20
orf19.4819,32.3312666097704,2.260509079130809,0.6718971991979088,1.1906169786780931e-4,2.1884640608966775e-4
orf19.482,3394.889153216598,-1.2633339130452121,0.08465405678786893,9.954056160719595e-51,7.372850138497407e-50
orf19.4822,14.85914975741964,-2.7985606517557073,1.1590199211471557,0.0014298620705119473,0.002382721849019642
orf19.4825,449.9695177546446,1.0920942497774861,0.17385728287598684,1.7549652399620774e-10,4.6334050563734504e-10
orf19.4826,12685.99078203529,1.8030700141758202,0.06616263441373395,5.999980091315144e-164,1.236431540929761e-162
orf19.4827,14943.47708856857,-1.684614724092355,0.06972603290624914,1.330825265559646e-129,2.041688687507231e-128
orf19.4829,2520.4212582936634,-1.2402410548195966,0.09203196213608261,9.730157756499543e-42,6.12450655560314e-41
orf19.4830,650.9132732910102,1.5365041397714447,0.15261979189929567,2.5141707869316542e-24,1.091688622642646e-23
orf19.4833,11587.488367736572,-1.5820302709382232,0.0670370252664992,4.636223033983929e-123,6.779526141497811e-122
orf19.4835,1485.1605319752384,2.2762038317904874,0.11310565514339713,6.216529049471767e-91,7.255328483159198e-90
orf19.4842,335.709567013962,1.6720054601993926,0.20283548089399542,5.4647785097709245e-17,1.9083935690721282e-16
orf19.486,651.7370111133055,-1.9610830196149451,0.15364882121885282,5.893633721242442e-38,3.4716838637205474e-37
orf19.4864,1272.7744190984106,1.1914712729355899,0.11358471757258949,2.88970922119788e-26,1.3103372822919074e-25
orf19.4867,2309.784839933907,-2.2068087510223355,0.09808292259017518,1.2175513357799023e-112,1.6491085771387657e-111
orf19.4870,1188.9899194176453,3.466107337641631,0.13458600136838905,2.7373898342527765e-147,4.968680850312308e-146
orf19.4873,1038.4490668806898,1.5557510791871312,0.12615131781976124,1.9116771819701284e-35,1.0638602784511125e-34
orf19.4879.2,2986.387200886992,1.0086787324105946,0.08704647979199674,2.695935706871215e-31,1.3764041335816735e-30
orf19.4886,90.76424569603724,5.507303397717112,1.2287526696941242,1.8273491839399758e-7,4.0984081553596297e-7
orf19.4889,751.1637748406584,-1.8745869331960043,0.1484457143152537,3.1971037051441577e-37,1.8560778724110546e-36
orf19.4894,208.20073126798144,1.7240954315620427,0.2541315474931202,3.208506223847161e-12,9.143730197034082e-12
orf19.4895,304.2212084391507,2.60486022466648,0.22708138887707854,2.4776857664825257e-31,1.266012268896636e-30
orf19.4896,938.5925986607609,2.53802636686821,0.13790549524424603,1.6848550855435257e-76,1.7274606164423274e-75
orf19.4899,268.51780244312874,1.2720497729743534,0.22468284489829848,6.0347706459757535e-9,1.4713435343019368e-8
orf19.4906,4709.823024429445,1.7190864685632572,0.08288087819838742,3.4798615105378107e-96,4.25210474986264e-95
orf19.4909,1702.3792227513586,-1.7025789843936914,0.106852587568777,9.84521921716515e-58,8.099281790774598e-57
orf19.4909.1,6756.903620177146,-2.9403042025931603,0.07704467499654645,0,0
orf19.4910,1739.1983879556692,-1.7720693401156877,0.1045908766801133,6.581265466745933e-65,5.8205979567084426e-64
orf19.4911,464.45036893079487,-1.0925981758431282,0.17212738013728068,1.1317616863403658e-10,3.012242101240087e-10
orf19.4914.1,69.93452284658682,-2.214806007531327,0.48373209047949806,5.847967895965362e-7,1.2705188428116813e-6
orf19.4921,829.3503323090315,1.2759849303059982,0.1367551663465964,4.535802604647366e-21,1.7868486727708612e-20
orf19.4929,446.36342470167403,-1.095685824890929,0.1756601680242019,2.2808706868079252e-10,5.98141813037744e-10
orf19.493,10040.977213576025,-4.187825993250821,0.0770349271085243,0,0
orf19.4931,5167.322686378945,-2.225584855079685,0.07781172974062889,1.0990869505846096e-180,2.513809128003774e-179
orf19.4931.1,5780.330170934063,-3.4725360232837876,0.08002966070449058,0,0
orf19.4933,503.4557653353572,1.6256924664833001,0.16906681686662042,2.315857579666086e-22,9.463491313766387e-22
orf19.4939,1105.7744811338994,-1.7012237002561619,0.1254859900009257,1.9100799787642315e-42,1.21948255494927e-41
orf19.494,1194.8548303956031,3.9412338021391196,0.1385607842621992,6.845183206707219e-179,1.5542299615519955e-177
orf19.4940,2621.278491614827,-2.9347528360607873,0.09604351371353467,5.884779583912387e-206,1.5438892320146614e-204
orf19.4943,2546.15088075531,3.1002768273725874,0.09738273333779025,2.3945112383882138e-223,7.222863851447346e-222
orf19.4945,2597.4398026319304,-1.7177738760126213,0.09554160310702493,7.025520363040123e-73,6.930070955264223e-72
orf19.4946,26.324488239612283,3.178699472231819,0.815227046290814,1.1099314947064847e-5,2.2057327348654648e-5
orf19.4950,1072.866380070086,-1.0269268693934048,0.12289077630947129,4.5414089657879085e-17,1.587713190502783e-16
orf19.4953,1920.0792972555007,1.5977888635896784,0.09932934811902505,8.878190317988057e-59,7.381547316313906e-58
orf19.496,976.952329229638,-1.4330132928584631,0.12755139425548292,9.808553584179092e-30,4.856828594735468e-29
orf19.4960,577.4141856270658,-1.598710866707,0.15959182449049553,3.923370190110912e-24,1.6918179189953408e-23
orf19.4962,218.95414945172996,2.095145577397582,0.2529448264293951,2.4847661278365455e-17,8.770423800006439e-17
orf19.4963,350.63001323073485,1.5398851655592642,0.21837293027876298,4.734298792554905e-13,1.3990043379419227e-12
orf19.4964,152.23842081601668,1.3193955921324392,0.2900724099743901,2.1275779656157635e-6,4.420830887622239e-6
orf19.4965,193.72428567265385,1.1660930520795458,0.25958045707236527,3.255358923021794e-6,6.701767594905401e-6
orf19.4966,2255.4100067310624,-3.495194658286361,0.10683846990700506,7.879559413412843e-236,2.617019626454776e-234
orf19.4969,3331.318041384179,-1.5602606990117258,0.08522147588563515,6.54779201553335e-75,6.615600864885152e-74
orf19.4970,655.8696078444049,3.6650471181200146,0.17796860089841762,2.6274830481579972e-95,3.185631874310395e-94
orf19.4979,833.8868385322951,2.2795149244291664,0.13968631575731022,1.350513872969328e-60,1.145734867231044e-59
orf19.498,1532.3767360655984,-1.0475513091642983,0.10615658557114788,3.146186690504937e-23,1.3140327555526976e-22
orf19.4980,88721.98574768085,3.3329855979802367,0.05911453096569291,0,0
orf19.4982,529.1998431317704,-1.5176371017101364,0.16585741045421754,1.9791781043401456e-20,7.694886726961313e-20
orf19.499,241.1210823987343,1.5217223515125606,0.23499275767092895,3.1833556652595316e-11,8.706470772615207e-11
orf19.50,1680.4287431943642,1.9257746768487731,0.10515877201124807,1.5630321429967526e-75,1.5895069545393686e-74
orf19.500,1059.3999159512205,2.7867366067227173,0.1324780079333496,3.867304261603582e-99,4.878272284737932e-98
orf19.5006.1,1146.8061402157007,1.0446218469314068,0.12114237965116584,3.598786317455335e-18,1.3094884479132349e-17
orf19.5009,1590.595367113616,1.0615941140932357,0.1066608022523302,1.2056865539705862e-23,5.1178156648486337e-23
orf19.501,2208.9222173644275,3.1734994702464214,0.10220164215622048,1.3602463644261052e-212,3.75813199091885e-211
orf19.5010,873.0125844902311,4.202638223096427,0.16635069435256403,8.397628571115714e-142,1.4524873351259426e-140
orf19.5015,1927.7912110794648,-1.9213407448628406,0.10103704444979607,2.865019760462964e-81,3.063216332933347e-80
orf19.5019,2291.9521163621453,1.0364449938377995,0.09886215667400297,4.057319356535672e-26,1.834460685170799e-25
orf19.5020,379.38952494963326,2.297888452562627,0.20698994932985781,1.818615893757852e-29,8.913216358417605e-29
orf19.5025,553.3461721576061,-2.735590240166849,0.17395034191100628,1.4285357628849702e-56,1.1584126368121758e-55
orf19.5026,1026.761274978367,-1.207613006726,0.1261081950985094,4.334098792055128e-22,1.756139705229865e-21
orf19.5034,1931.5776456903889,-1.1387399133139353,0.0994604911829551,1.1619219800168564e-30,5.893615632189481e-30
orf19.5037,193.31488069167926,1.0429361065915645,0.2610024052418873,3.324788453027356e-5,6.375914957218307e-5
orf19.5038,525.9609616562379,1.8555622528088491,0.16705061364944462,2.4711854175601376e-29,1.2054751365035545e-28
orf19.5042,35.89072966068159,-1.9211773304153013,0.6874828790785109,7.124735142410207e-4,0.001221159654933004
orf19.5049,616.5698198341574,3.222221677983247,0.17039415022977802,1.206243853889471e-80,1.280916092463581e-79
orf19.506,5784.290297124914,1.3308770685097044,0.07383006905027592,9.572028833498952e-73,9.397444659806204e-72
orf19.5063,2313.287890596949,1.1552733274099614,0.0926423765965636,6.1759829337958e-36,3.474129498974863e-35
orf19.5066,432.4017204262231,2.684344317848391,0.19601031783183984,1.3506152745229103e-43,8.8306196587655e-43
orf19.5067,510.4352932977829,3.6459165368579973,0.2017342015542654,3.971109183182604e-74,3.967296918366748e-73
orf19.5069,58.13142335347886,-2.764175726361081,0.5225305273856579,1.5897193899774964e-8,3.775659136941608e-8
orf19.5070,2398.3337201563695,2.9738751558153704,0.1077967590328734,9.729900015211716e-169,2.073498146586415e-167
orf19.5076.1,53.33554367742334,1.4523639595070863,0.4891595497016295,9.365818986898197e-4,0.001585688008519315
orf19.5079,21984.681241586644,1.1295920563937818,0.06275327234612381,9.863716836493933e-73,9.66861034961823e-72
orf19.5079.1,1272.879741757205,1.0726357252569665,0.11394882669487637,2.7794962703447562e-21,1.1040187475847747e-20
orf19.508,2018.331990301478,1.2152248151117868,0.09796673921688531,1.1719819381804041e-35,6.551347557742564e-35
orf19.5087,887.540320469026,-1.341524968607276,0.1316337459897681,8.345836876080934e-25,3.669817285510518e-24
orf19.5092,60.312690611296766,-1.2004591814209518,0.4531159034659058,0.0033179719865328817,0.005342294245464495
orf19.5094,2794.341875266352,-1.7997567765699343,0.09765306033444639,1.281374696754464e-76,1.315938093180078e-75
orf19.5097,1145.5937724440857,-1.7489671960301671,0.12231294550283399,6.299508645722978e-47,4.3704591093215865e-46
orf19.5100,6651.9150136813605,-1.1980567777712572,0.07451438839500947,1.6160130606851424e-58,1.3382474205461578e-57
orf19.5104,1066.0829005498913,1.0003036582542457,0.12467636815800713,5.919587906429572e-16,1.9734066677921117e-15
orf19.5106,1242.5570520132676,1.7519581271544893,0.11838653674206985,3.790143311929934e-50,2.784194687022413e-49
orf19.5110,1101.376980961786,1.010676523695491,0.12106102778068258,4.191474461459241e-17,1.4661942037731933e-16
orf19.5113,7743.809555138443,5.14152090274772,0.08519107760416285,0,0
orf19.512,2143.305982454648,2.5299120027530604,0.09953450625582975,5.6454912399515775e-143,9.846493659848505e-142
orf19.5126,941.3037736724611,-1.0119671072936893,0.12866116986623716,2.0623420196991935e-15,6.7349704869256085e-15
orf19.5134,203.79519382650025,1.4477881507586912,0.2590409064312357,7.83656631778411e-9,1.900253207310446e-8
orf19.5140,55.53662228219217,1.7895096078160928,0.4915405517575481,6.285161963635697e-5,1.1792232963023225e-4
orf19.5141,1050.2779575458555,5.0359660102995205,0.17370256324785088,1.5910100114026732e-185,3.777287646843457e-184
orf19.5142,297.4174770407275,1.3389804428136727,0.21145045990175687,9.922590602512142e-11,2.6454592537184377e-10
orf19.5144,74.51828291687686,2.128324984443739,0.4383848886854808,2.1216485091707834e-7,4.7278991046618023e-7
orf19.5147,957.278717537025,-1.0085609972838538,0.12645933117883437,8.362695030513574e-16,2.771585338138363e-15
orf19.515,114.52482265632692,2.9304833773020356,0.38702338277892423,3.3991333625002756e-15,1.0979057553247657e-14
orf19.5155,973.7001391821573,-1.1014755309020956,0.13071153624865112,1.7159000036120852e-17,6.11883473589598e-17
orf19.5158,2454.953663685135,3.299707825644158,0.10727212433135,4.48766954776559e-209,1.1974790024037754e-207
orf19.5168,1323.3979874575937,1.209919063022185,0.11240691231018399,2.442889064925534e-27,1.1374645280682352e-26
orf19.5169,600.5983123219521,-1.8048209770153276,0.16131064752037827,1.1149084075885962e-29,5.503152645836517e-29
orf19.5171,4722.78671190935,-1.6455589682460325,0.07877545843883815,1.9614744364164368e-97,2.4446000760447566e-96
orf19.5178,12923.88611907185,-2.3174405376895497,0.07262209059526971,2.0739447528805813e-222,6.225822613935746e-221
orf19.5180,3458.9140913938245,1.2167736798525313,0.0975238897928905,5.804008375999674e-36,3.2707787274135347e-35
orf19.5188,2843.12442514762,-3.0331675452025584,0.09812004109778429,6.740356673847125e-211,1.8459117136623444e-209
orf19.5190,724.5088398753427,2.1183677844588145,0.14703408362579895,9.440121895383771e-48,6.705815826481941e-47
orf19.5191,331.25675962190365,-1.676774757583531,0.20809370752398076,1.7887494706514682e-16,6.096589353028257e-16
orf19.5194.1,1086.4374615496224,1.111401150722463,0.12036342665588884,1.6831722493725816e-20,6.564476905110805e-20
orf19.5198,2140.616658544776,2.961772442798677,0.1017185993041643,2.8888339160753427e-187,6.964432035511367e-186
orf19.5200,697.490016928991,-1.1463020660490424,0.14455806050231357,1.0951294169036898e-15,3.61034217483983e-15
orf19.5201.1,988.897348970957,1.6128431016668057,0.12742140917691924,3.2152071882527498e-37,1.864043981750248e-36
orf19.5203,477.96754604774367,2.670363489826223,0.18513567994602131,5.177757669309742e-48,3.6822231078781357e-47
orf19.5204,533.9535276333451,2.590030944553264,0.1741028581640713,6.990357376643851e-51,5.19616564997193e-50
orf19.5206,345.03425854280727,2.067039166723674,0.2054958213336125,1.8204474246894738e-24,7.9433079802663e-24
orf19.5207,451.4689369913367,2.5922244978261144,0.18706169748152301,1.7556104141526955e-44,1.1649342641837865e-43
orf19.5210,411.4551620737053,2.242278571555279,0.19490249315097152,2.1456008670846186e-31,1.0990263998421952e-30
orf19.5210.1,293.24280217314873,1.7989491768003882,0.21999141829486793,7.524389715054362e-17,2.608677922309797e-16
orf19.5211,9756.919159987963,-2.297700545682559,0.06927278721030204,5.105343378046486e-242,1.7515254973913328e-240
orf19.5216,259.50887452519186,1.419662205485605,0.22663265259452156,1.3683186570436372e-10,3.6263929094144615e-10
orf19.5220,261.8594807568014,2.8039751921089495,0.24850625266912846,1.96889700769971e-30,9.922351021853906e-30
orf19.5224,2478.4754880697783,-1.2830305637773887,0.10882124200284733,1.4191791963150998e-32,7.446516724194524e-32
orf19.5225.2,6185.249149061308,-2.4699649589023847,0.07564403576373051,6.976947286344326e-236,2.329628815825346e-234
orf19.5226,1972.3462855961425,-1.6170923966538198,0.09888050203770057,1.2002243949973633e-60,1.0196192003215694e-59
orf19.5232,586.4003920367704,2.8632526295557446,0.17437809450521224,1.6841983698045645e-61,1.4385957073953078e-60
orf19.5238,1009.6605920096926,-1.3388216617279494,0.12519000103146852,6.19034323057115e-27,2.850479581982763e-26
orf19.5239,911.2626941182486,-1.4087917620730745,0.1366936186676436,2.2523932323159955e-25,9.981506985508217e-25
orf19.5242,486.1270318638091,-1.2383872838989856,0.1693394621275387,1.1928327040517497e-13,3.62259114985366e-13
orf19.5243,2199.9138014127557,-2.516327512095637,0.10079829339904954,1.7494465724734387e-138,2.944351589898693e-137
orf19.5250,262.5986084127824,1.508711977558809,0.24028067838867556,8.73909435179534e-11,2.337913673205231e-10
orf19.5254,79.63737391596956,1.0644235962587565,0.3910407727056129,0.0032329059357779693,0.005210703320340125
orf19.5258,267.27531466255505,-1.1481045942517902,0.2222038095254099,1.1502061329952113e-7,2.6049644883649254e-7
orf19.526,1116.3043330935768,1.8225466855159873,0.1266991127522457,1.146866422851788e-47,8.119086104633292e-47
orf19.5260,6319.718859821176,-1.4688768041548188,0.07414282234450516,6.567757490297842e-88,7.44266384199995e-87
orf19.5263,14238.225406763026,-1.7971276778988845,0.06556882660563144,5.486224546240211e-166,1.1418662022241291e-164
orf19.5267,597.2036221976442,-1.3867190342292264,0.16671000008158687,2.9658389337771224e-17,1.0450732676356859e-16
orf19.5271,162.2114452273638,-1.1371606673405061,0.28698183247160325,3.379396801495793e-5,6.474671257606546e-5
orf19.5274,1662.1565460991897,-2.069939266293067,0.10769298103564327,4.944497519525701e-83,5.397454984601133e-82
orf19.528,4618.032488486486,-1.1730788082122667,0.07754511298521255,5.692967195733641e-52,4.303497236096956e-51
orf19.5280,2098.0271846971045,-2.727779413605303,0.103119257432832,4.944438857847307e-155,9.528727230987217e-154
orf19.5281,3596.00817446692,-1.537828343112351,0.08863138413363301,6.239018324990306e-68,5.7373240679292294e-67
orf19.5288,2897.9009813796274,-1.790327070016627,0.08826154069859936,4.725622565747336e-92,5.56731835858988e-91
orf19.5288.1,360.0978338219782,1.207971745481887,0.19960457909743973,6.350995083891538e-10,1.629906013309444e-9
orf19.5290,237.63953049384338,1.7544476482805866,0.2524928120113776,8.499981278487018e-13,2.484732355003415e-12
orf19.5295,1009.8598578428821,2.0746541184884637,0.13077438431270072,2.1216333684423276e-57,1.7316965689612933e-56
orf19.5297,610.3399689265599,-1.6752754948800088,0.16658728839217232,2.04272453958851e-24,8.894541161220823e-24
orf19.5299,1220.6566763835076,4.165165800446309,0.1547536768687059,5.4405803601988014e-161,1.0923145906457015e-159
orf19.5305,559.6815532723172,-4.613005993228874,0.2256830219437483,8.620372008918383e-94,1.0331209755026178e-92
orf19.5308,70.64235607548814,1.4528148798994085,0.42582768459405834,2.1088552458004508e-4,3.791446056659377e-4
orf19.5316,638.4271907800039,-2.9812149882560086,0.16696881503825028,4.764512675286008e-72,4.6338967514775445e-71
orf19.5326,530.4221324479836,1.8384561441590712,0.16603527837195176,4.346447633589534e-29,2.1103591776153226e-28
orf19.5338,2961.253475046355,1.3075377521276397,0.0863916301140913,5.5683690715551096e-52,4.214411694883649e-51
orf19.5341,14333.88273445244,-3.260380960013258,0.06736152853830013,0,0
orf19.5342.1,886.6904472487306,1.3336633580216963,0.13227618222690238,2.857435173541384e-24,1.2355834642377011e-23
orf19.5342.2,1027.0470339894675,3.6048928878124564,0.14385909510787664,1.4745318482335408e-139,2.515567448188587e-138
orf19.535,3200.2989564219756,3.103560365589185,0.09212034432396196,9.81059054249534e-250,3.4608659518271696e-248
orf19.5353,64.50421536560921,2.5765969504353703,0.4835562107631492,1.3632597001356549e-8,3.255140943650872e-8
orf19.5356,1202.0888974105223,1.9133150045818612,0.11867043452803214,3.1739832652370986e-59,2.645974834197656e-58
orf19.5360,379.0569892875861,1.1392951419638677,0.19242991996724035,1.5571870735222129e-9,3.909560147596581e-9
orf19.5362,57.87619775324564,1.5174267525785214,0.4791803437947204,4.445527151658284e-4,7.757929439618313e-4
orf19.5364,1477.7330664640456,1.7246271319845934,0.11093209919964672,4.597083154053587e-55,3.606053670089271e-54
orf19.5369,4911.989590333194,-1.1261613257642067,0.07712393345202632,1.321321922037264e-48,9.472254972675863e-48
orf19.5379,3588.9571334225816,-1.141492964704982,0.08246492424000293,7.053790843490015e-44,4.626456935583156e-43
orf19.5381,1117.804219188239,-1.1057109559444713,0.12019050792688471,1.8379299297838596e-20,7.159098241778178e-20
orf19.5382,17.04494678235095,-2.785505370219693,1.209592323942154,0.001145381930383112,0.0019271799443040017
orf19.5383,3314.213557345617,-1.6652097907717154,0.08659907347630696,4.847218377419867e-83,5.300530919196086e-82
orf19.5384,2525.733221973781,-2.7533412281378316,0.10130045434573204,1.0683536552695543e-163,2.1871476142633106e-162
orf19.5389,1154.1063977009458,-1.0936443460871768,0.12099793478384398,8.113386363208313e-20,3.0984699970564347e-19
orf19.539,2025.3650796895834,1.7322454841874464,0.09797442666371933,1.5563125234661354e-70,1.4973213245797458e-69
orf19.5399,54.20136354158856,-2.9843867163191065,0.5529157894858602,8.364769552449185e-9,2.0244039180423532e-8
orf19.5406,1137.1538049719386,-1.0150100778636066,0.11906617707807515,9.271449308755164e-18,3.332811138967602e-17
orf19.5407,1419.0947000438987,3.0036170156781337,0.11828583288374626,4.538670367379901e-143,7.938223466084062e-142
orf19.541,3163.51848358659,-4.074425051335061,0.09963763177682226,0,0
orf19.5417,4444.893853325162,2.228363590408429,0.08103887640539664,3.1220893972842668e-167,6.563746194155879e-166
orf19.542,20206.617007511282,-1.6478498188430843,0.06292930071356041,1.0523189982983489e-150,1.9791204293297864e-149
orf19.542.2,652.4064296042022,1.0829479679154037,0.15495658494313586,1.4153416855156592e-12,4.089492588782867e-12
orf19.5420,2154.2190333137028,-1.0962832332251444,0.0982022387108946,2.9808336989565103e-29,1.4506878890323032e-28
orf19.5428,293.4291340002077,1.2793268195820964,0.21276270951803886,7.83364700813014e-10,1.9980919901456124e-9
orf19.543,5089.748735204614,1.901064798776569,0.07701913294115403,3.537007685528733e-135,5.751321871989951e-134
orf19.5430,1079.7902888333742,2.8220758235432086,0.1331854477439193,1.3537355826111634e-100,1.71803353207807e-99
orf19.5431,276.8815573900139,1.4665737177583398,0.24032248513362475,3.009201372961854e-10,7.838737326981151e-10
orf19.5436,1329.840949957095,2.0855895726769305,0.11597742312429993,8.731514246007803e-73,8.599302042913678e-72
orf19.5437,14457.540901693339,2.353925629273173,0.06648872770429137,2.9986543024762985e-275,1.1925858257746503e-273
orf19.5438,589.7830370160303,2.581941783729452,0.16510039926241257,6.269256038282138e-56,5.018619833722266e-55
orf19.5443,1727.8278951857812,-1.1549862758573177,0.10216089076030242,7.594977593117912e-30,3.7757197525022485e-29
orf19.5446,135.67485649614653,2.7077792754185235,0.3330707575694093,6.144124881295761e-17,2.1396495124824725e-16
orf19.5447,621.8593385770695,1.5450183648572944,0.15590271533137443,1.198522874507186e-23,5.094334124181667e-23
orf19.5454,1115.8089865844506,2.512586557648465,0.14452268144011268,7.001116720556188e-69,6.563809730203128e-68
orf19.5455,7593.653224535351,2.891388201336687,0.07685285007602413,0,0
orf19.5457,2405.881296001592,1.4688173152765995,0.09527947280071096,4.381741702671615e-54,3.39028441034468e-53
orf19.5466,9809.680526772987,-4.453204911912735,0.08221181118423694,0,0
orf19.5480,6640.4978509173225,-2.466554451965394,0.07556789931738232,2.6813967049501274e-233,8.630227332839482e-232
orf19.5484,11279.322737879194,-2.215606066536242,0.06725576488531897,8.689278312000281e-239,2.932748852979987e-237
orf19.5486,1993.6748576659752,-1.3765522627070979,0.09793110533712339,3.727914069245306e-45,2.505607690889956e-44
orf19.5486.1,187.52528583145124,1.2777668705825234,0.26219577913251385,4.6751498347538195e-7,1.0239086484813344e-6
orf19.5491,110.74468124254551,-1.3010249268517264,0.3396781245307259,5.122695625305543e-5,9.698639018922926e-5
orf19.5491.1,2692.038486587304,1.469299887006171,0.09048424986799718,6.589460066762115e-60,5.522763578102368e-59
orf19.5492,415.3721514196123,1.1042926409088276,0.18012014344854274,5.168574741901955e-10,1.3324764941550705e-9
orf19.5496,518.8465073723665,-1.7385174471205707,0.16882173043773782,1.952815747335586e-25,8.684744676897007e-25
orf19.550,7388.600530474102,-1.489054532644526,0.07186583990001245,1.2003561230310247e-96,1.4724997312781373e-95
orf19.5500,1092.4787453835766,3.5273062775693558,0.1375929081376895,7.430253161598975e-146,1.3255571640292573e-144
orf19.5502,543.5199879736288,1.2558589305509036,0.16090223618497002,2.5280685001180632e-15,8.238653295791852e-15
orf19.5504,1212.7792420280573,-1.2583791850630115,0.12134935773236463,1.2696686103229254e-25,5.678947566516007e-25
orf19.5505,6905.238320660915,-3.3296196183829014,0.07957755865720016,0,0
orf19.5507,605.065596406196,2.4383620766218277,0.1624367935960715,1.0394744578175635e-51,7.801055906986619e-51
orf19.5508,107.4710036609113,-1.8177702055758846,0.3594530320803185,9.669904420120475e-8,2.2020015754643415e-7
orf19.5513,349.81727285570446,1.051479946781497,0.19840971245547612,6.200165102106422e-8,1.4227795258196435e-7
orf19.5514,1401.844956713132,-2.1355739666566573,0.13501467861954378,1.4138543530943253e-57,1.157025764183613e-56
orf19.5517,2499.674067603567,2.7703031122763915,0.09634755982374721,1.7926878940380798e-182,4.145756744582878e-181
orf19.5519,4961.8599884734385,-1.191735790598859,0.07651312576412533,4.939735672193922e-55,3.8699761025318506e-54
orf19.5521,1863.8761728784305,1.6531188550599478,0.1028593145707425,1.1283298006510104e-58,9.356296514296028e-58
orf19.5532,52.695331618681394,1.7243597067708591,0.5006754692775237,1.3783667462525641e-4,2.515791278456887e-4
orf19.5536,146.5429227875212,2.059987252409824,0.31514940946905967,1.1624128743830775e-11,3.2387800034127334e-11
orf19.554,280.1729337486885,1.2006227629029702,0.21905861519318348,1.9242213373814178e-8,4.535612695586852e-8
orf19.5542,37.82117909859245,1.58144657911191,0.6263376748896984,0.00252983115573472,0.004125428502587515
orf19.5550,900.2887890685776,2.333924005752949,0.14392825945245805,5.247559419641344e-60,4.40992745844422e-59
orf19.5552,340.7116839444523,-1.168348245852304,0.20013858488118022,2.4793838820364327e-9,6.1629271335332356e-9
orf19.5558,937.921738167548,-1.002040135806135,0.1303375460762663,8.184388765489347e-15,2.6020022124091388e-14
orf19.5561,1413.6661799588003,-1.2192693166133903,0.11400777961597144,3.776194617722349e-27,1.7465599402265444e-26
orf19.5564,349.42725673076404,-1.535434838221476,0.20642332697071453,3.0282443650054474e-14,9.411825691933306e-14
orf19.5566,259.05713787585296,1.0426507442265494,0.22292590782205643,1.5934208888582439e-6,3.3454337693446117e-6
orf19.5567,319.0873110343888,1.9114745660713226,0.21389212288129564,8.772897762410629e-20,3.3482868966070884e-19
orf19.557,859.0908170393744,-2.3946859071692517,0.14016532693588712,3.2249111129642846e-66,2.8973158258056106e-65
orf19.5572,1480.9288972323736,1.0760726370958733,0.10828881498873785,1.6473355779422052e-23,6.959379802889803e-23
orf19.5573,135.86699162585393,1.460551249596297,0.3086141118403247,7.645275371255195e-7,1.6483805047692484e-6
orf19.5576,1129.5355651633024,-1.6280167761320217,0.12096134253783035,9.516669640943102e-42,5.996174090620457e-41
orf19.5578,620.7018883558746,-1.2847748542299262,0.15286200358252217,1.8125356040727968e-17,6.4450297903363e-17
orf19.5592,434.94212149477767,3.788493631934926,0.2131263458238713,1.3432211788932154e-71,1.3023405343182044e-70
orf19.5595,978.7559802961066,-1.2845099103361517,0.12712689551426423,2.06259267846495e-24,8.97479350824749e-24
orf19.5597.1,469.39006355079306,1.5382840673980598,0.17553607739202565,6.149072075368768e-19,2.2977143051228357e-18
orf19.5599,1005.5421779367622,-1.2080318471602782,0.12473627482521944,1.5143563079102799e-22,6.220816306968282e-22
orf19.5604,1423.7411391243372,4.29572847659108,0.13553701010965338,2.3547718442154886e-221,7.0015216168007194e-220
orf19.5608,231.07345784399152,1.9396342903893378,0.24511274155341556,5.734249945779991e-16,1.914687522002688e-15
orf19.5609,391.87094564809934,1.0735482070446731,0.18482204125749538,3.505955736402136e-9,8.642395427593739e-9
orf19.5611,49.52686448404603,3.3350213534263884,0.591821161247088,2.0754151387717366e-9,5.175276408342941e-9
orf19.5612,12779.59832963194,3.149597630491895,0.07646997462851503,0,0
orf19.5614,2995.2940973592285,1.4654473386438283,0.08641409721796146,6.104965963733495e-65,5.407008152844247e-64
orf19.5620,22778.45389720169,-2.4037037209039536,0.06358446391779253,0,0
orf19.5621,1488.6358075311362,-1.3285011016245867,0.10801111619669153,3.7596430017176256e-35,2.081135718326672e-34
orf19.5625,52.9762473940014,-2.074649088660392,0.5167489815603193,1.0925873340574983e-5,2.1726481891258022e-5
orf19.5627,2966.5380152774114,1.2272407914515666,0.0899441211821951,1.1155760681307022e-42,7.129638658554867e-42
orf19.5628,1374.2288341827348,2.4117517304696112,0.11596614827100124,7.784206735255528e-97,9.567832058058172e-96
orf19.563,1059.4079440291368,4.3435083061679425,0.1536128406930723,8.660140118376236e-177,1.9381331505068536e-175
orf19.5639,18757.163710006673,-3.4864721791203475,0.06616589496473643,0,0
orf19.5642,6507.767839602142,1.2303107821599604,0.07388022357061055,7.084424717617263e-63,6.152315429318803e-62
orf19.5645,7307.502421384729,-1.4509592430954628,0.07092941838071866,1.864126120017777e-93,2.2212983766013358e-92
orf19.5655,87.60772167224732,2.968702529333988,0.4290951971878089,5.451565253441068e-13,1.6056402567210391e-12
orf19.5664,1230.492962413797,-3.10991912763836,0.1369090698806677,1.8627005141133703e-115,2.5674838874445662e-114
orf19.5673,782.2867736799586,-1.2580219680830087,0.13862172217514782,4.949790605991263e-20,1.901938002695966e-19
orf19.5674,1572.2428846352943,-5.4693535335189996,0.16808979683726416,4.644067456218768e-233,1.4870542152117942e-231
orf19.5677,342.76712650548234,1.9207464559994036,0.21081756088199893,1.6747436571385717e-20,6.535687121983276e-20
orf19.5678,660.8316738782631,2.201059923875228,0.1572161388966148,3.0662025635444034e-45,2.0675344283770253e-44
orf19.5683,1409.3649430600667,4.387098787528741,0.13761074428042322,6.546107253654902e-224,1.9938484727717663e-222
orf19.5685,13091.662590804737,-2.2911558730330985,0.06632264526894728,2.812715240468167e-262,1.0579875880411588e-260
orf19.5686,6242.568229040497,2.623392954733306,0.07656611031724486,2.584693593120446e-258,9.66396814098447e-257
orf19.5698,2660.4688986443343,1.192818331494948,0.08946386904010656,7.153163876399798e-41,4.4442144521632175e-40
orf19.5700,2251.3196229606588,1.2264524307613216,0.09894150461491676,9.054206996818822e-36,5.074907404680136e-35
orf19.5702,1148.8380859392764,-1.0553641225264108,0.11824956530678654,2.462948313368274e-19,9.303478081470964e-19
orf19.5720,3083.2399928049563,-2.046926409848432,0.08774236497622664,4.891659693457243e-121,7.021499569183224e-120
orf19.5722,1331.9125657655807,1.8535699232514657,0.11642531301147617,1.364959730292113e-57,1.1184788131160045e-56
orf19.5730,1721.9229366802304,1.0689264773821698,0.10222989267993543,6.921585170661019e-26,3.111474284061008e-25
orf19.5732,2067.4630355254417,3.475362401450385,0.10782010712998026,2.060114953749676e-229,6.431678885606488e-228
orf19.5735.3,186.96264229567976,2.1671081095478817,0.27625270825713544,8.535227969259159e-16,2.827265964989612e-15
orf19.5746,5575.593623821686,-1.5128667907699689,0.07636357183281536,7.669405144061661e-88,8.67531987672482e-87
orf19.5749,3913.8034425407113,1.9926761402522963,0.08944347130580915,7.19338236868534e-111,9.680060239239497e-110
orf19.5753,342.73400850551957,1.8071056021937348,0.20190417337848895,9.31825993288489e-20,3.552088829116804e-19
orf19.5755,1599.5904818407068,3.222446332580093,0.1162104831121407,3.623572530207714e-170,7.801926509867918e-169
orf19.5759,2769.206189107614,1.2108302558101867,0.09587308412589111,6.476957662889465e-37,3.723952453690775e-36
orf19.5760,201.81319847109492,1.9543868211622848,0.2866149985504419,1.4614067608641375e-12,4.220640062366177e-12
orf19.5763,526.0247592910224,2.357962423644128,0.17108587839766726,6.01429870261298e-44,3.957142370823545e-43
orf19.5767,366.9234784635127,1.4765522743162518,0.19404929734817672,9.666262126639567e-15,3.063763488260784e-14
orf19.5771,2075.2351236477716,-1.0518976921295045,0.0978619400805168,3.231210077909295e-27,1.498935789484817e-26
orf19.5773,3632.9578735936184,-1.067342726699784,0.08171949976186717,2.969230361836725e-39,1.7930246014805138e-38
orf19.5775,292.7570353988629,-1.2137374767147315,0.2169608163394418,9.624637290797967e-9,2.318527594280189e-8
orf19.5779,7632.181287736764,-1.8392756100380632,0.07670098540356966,3.365232623656031e-127,5.0632560246043996e-126
orf19.5789,1326.5237882610306,1.1886057372104368,0.12029215417657442,2.1536982992319972e-23,9.049590969316683e-23
orf19.579,1173.2387274785315,-1.5021188671950647,0.11884940881437257,5.105846164048347e-37,2.9492047593263532e-36
orf19.5791,9423.406826497569,1.8828248985391594,0.06956485520984808,6.157683821720227e-162,1.2402767026716483e-160
orf19.58,1241.9736761552856,1.7036460422288566,0.11632592095824601,4.394289478736673e-49,3.186753020352124e-48
orf19.5801,10575.591763557757,-2.5198592266253432,0.06928138302017206,8.295609404595251e-290,3.430316895516076e-288
orf19.5802,595.500465217356,1.6394218408277612,0.15742812384236338,6.51255637549861e-26,2.9339395388609904e-25
orf19.5804,3824.0584356589025,-1.1136242597791721,0.08122403589882418,4.510247645008761e-43,2.915319492281026e-42
orf19.5805,9833.049862793128,-2.6484904284264608,0.07022567807107025,0,0
orf19.5806,35760.355002905635,1.0843994623762176,0.06364077687259816,2.1884939996839393e-65,1.9521366477180737e-64
orf19.5809,4139.770947796053,-2.9471701400938257,0.08507874003489493,2.389249666703205e-263,9.041499950845341e-262
orf19.5811,2149.4725591807687,-1.4974432276498006,0.09588842003137754,1.3642724433732128e-55,1.0810300934546117e-54
orf19.5813,543.232217795276,-1.1467413641290893,0.16091265049933634,4.899075082408779e-13,1.445643894827997e-12
orf19.5818,2855.8069739949756,-1.123531820849289,0.098357428985344,1.7873252127930434e-30,9.029173647799161e-30
orf19.5823,6530.478708047488,1.5141467613559338,0.07414038391857497,1.5290875969665634e-93,1.8255493222675378e-92
orf19.5824,569.6209415376859,2.049099989920571,0.16277912360418306,5.30431832321933e-37,3.0610132726600276e-36
orf19.5826,73.6675869349799,3.4711920654909307,0.535577578747435,5.173540035680015e-12,1.45577214884119e-11
orf19.5827,237.19298835960637,-1.7728346612901145,0.24120047264375655,5.040044521893765e-14,1.5525425749730966e-13
orf19.5832,1478.9665390676505,2.1580848541509448,0.1115620468649357,4.499884945933592e-84,4.964184028694232e-83
orf19.5834,2633.1968080393194,-1.1317342354634792,0.09002318104034361,1.5994500932751317e-36,9.128854097266839e-36
orf19.5842,316.94465991190634,-2.801851269450263,0.2265531223317928,5.4196226723510086e-36,3.056921767494101e-35
orf19.5845,342.6318372825629,3.1039130583139913,0.22158225639560258,1.8370874569882784e-45,1.2441186639300228e-44
orf19.5847,1340.4241127055807,1.226239046638489,0.11201844321733256,2.6524332316712624e-28,1.2691029194295297e-27
orf19.5850,2082.2798382597266,3.728981378415642,0.10911742612074413,1.4684605081585837e-256,5.425483676297157e-255
orf19.5859,85.15580935871036,1.0039289829878895,0.37614867585687756,0.004101736151473884,0.006528483438644642
orf19.5861.1,149.4843528972069,1.6426926273881695,0.29812620062708656,1.0348717572378133e-8,2.4891137335103646e-8
orf19.5862,772.2201374457336,-1.547150406011809,0.14077930818533838,1.3752026246841422e-28,6.61538150117703e-28
orf19.5863,91.73659086705861,3.8215270574331925,0.45665423042345965,7.589962104263904e-18,2.734663784132938e-17
orf19.5865,590.0854479992597,1.080509664738923,0.16205625035935248,1.5706351889661145e-11,4.350952138378181e-11
orf19.5870,1637.7468742462365,-2.7817841066685713,0.11239594744259071,4.040367958474376e-136,6.656479560082851e-135
orf19.5873,2093.9236808447995,-1.8489388173351171,0.09812789858103474,6.6261648208431304e-80,6.988813030632518e-79
orf19.5876,1045.1072476218653,1.5670808584493452,0.12393291442259158,4.2607444419507275e-37,2.463341508846328e-36
orf19.5877,5225.5339128583755,-2.8587203158934504,0.07880670173523056,1.4613548565894078e-286,5.925129691262508e-285
orf19.5879,260.3841256460234,-2.513742814943815,0.24237781463888505,5.249659828821455e-26,2.368415893870026e-25
orf19.588,140.47191318517508,1.3866678616501207,0.3083602610867851,2.4894539673166095e-6,5.155605496492508e-6
orf19.5884,807.4531548821138,1.4663922485658567,0.1406462681511546,6.955779397717785e-26,3.1245961553489104e-25
orf19.5885,1563.2000369679336,1.7320448673581559,0.11117679599500621,2.560587847961826e-55,2.0187260760951568e-54
orf19.59,1735.4610464242273,4.34949224248184,0.125452986789742,2.5386642882586137e-264,9.724797433059376e-263
orf19.5901,2622.676559566106,-2.0371380373259353,0.09194665445800962,1.9200881101735165e-109,2.5727532532024544e-108
orf19.5902,24.699523300602177,-2.5880658789264395,0.8436829466430846,2.1831491109030883e-4,3.9171215656548514e-4
orf19.5904,16766.1712943136,-2.501443928959384,0.06669551133738515,0,0
orf19.5905,99.8685407271783,2.5396129406141283,0.4066026756320574,4.530754206617233e-11,1.2262691489431297e-10
orf19.5906,3175.9265703244846,1.0539071069125874,0.08930740372997877,2.2313582816343236e-32,1.1659080427217336e-31
orf19.5912,3047.115915905003,3.0094173508808373,0.09194959701996126,2.042278340519761e-236,6.855906429142682e-235
orf19.5915,57.43704146706371,1.5490917405975988,0.47390562576572126,3.1470010579814423e-4,5.580765295664904e-4
orf19.5917,1446.7996231646896,-1.186032782083459,0.10941494842511292,1.0469090523811825e-27,4.94844823850727e-27
orf19.5925,1008.6570370740885,4.597808532360865,0.1671521187035337,1.5472485346664983e-167,3.274921983205972e-166
orf19.5926,113.12845277384189,2.2036687427140462,0.3585837300432707,1.4041330319922556e-10,3.7197312905216987e-10
orf19.5927,8345.67644066208,-3.803661106430499,0.07494429433746924,0,0
orf19.5928,3272.298609124859,-4.249804517995299,0.10863126073532169,0,0
orf19.5932,585.8736528643116,-2.374951808138388,0.1676445354244029,2.4964586015429636e-46,1.7091981916704237e-45
orf19.5938,1599.6517630547992,-1.3184180074853404,0.10528110584785619,2.3589753379611e-36,1.3402585996568797e-35
orf19.5940,613.3230505136478,1.002132304791981,0.1534233470287257,3.602857105207969e-11,9.819397540339834e-11
orf19.5943.1,10805.230803768154,-1.6677882855832369,0.06707256330412259,5.010890140839672e-137,8.299203723979553e-136
orf19.5947,3209.238035216795,-1.2794148442350193,0.0860080499366823,3.0319173648129914e-50,2.229834160882487e-49
orf19.5949,22069.539751507105,-1.6957927008011298,0.0633653053133722,1.2101039354466429e-157,2.376065714757496e-156
orf19.5959,1253.5076564841206,3.505010345999452,0.13137055593471028,8.318298087508888e-158,1.6384685570474917e-156
orf19.596.1,301.86047383717727,1.8275845008890517,0.2147724770355835,4.488131093869964e-18,1.6274036324113853e-17
orf19.5964.2,5397.762646436104,-2.926253179136239,0.07902814690803857,9.73805043440443e-300,4.164684035097347e-298
orf19.5965,1793.389563276398,-1.1761684521985822,0.10322913773162677,2.6006919908625277e-30,1.3074654421051226e-29
orf19.597,11083.827995436704,-2.112798082985959,0.06796719481828657,6.499023215831764e-213,1.819726500432894e-211
orf19.5978,60.748222151431854,-1.388283500935147,0.4588297613003612,8.401634273349357e-4,0.0014274776708243099
orf19.5982,6441.566587317372,-3.600438926694998,0.07883835205757393,0,0
orf19.5986,102.04324953573666,2.2525718346062735,0.3715428936147145,2.3614617572632633e-10,6.184969468268379e-10
orf19.5987,780.5966934755187,1.7569796695718929,0.14168825649862807,6.90022487891975e-36,3.8780381767754205e-35
orf19.5989,2100.6131512136267,-1.048600591395762,0.09552736832972894,2.5810495719944495e-28,1.2358952091666673e-27
orf19.5991,1355.2221187825603,2.659998621319543,0.1212130030092142,1.3648057302202085e-107,1.8016589808657466e-106
orf19.5994,156.01023235926314,-1.2697245389682061,0.28701343919084416,3.9995753435904224e-6,8.158558786468017e-6
orf19.5996.1,5884.176546815153,-3.7759181343637858,0.08154347062014111,0,0
orf19.5999,1579.4348826399341,-1.771794548344161,0.10729851113204107,8.082588551835387e-62,6.95147147626173e-61
orf19.600,1424.049680179606,1.8975114924107428,0.11161851691297943,1.9609218388381035e-65,1.7516446297146093e-64
orf19.6002,9976.622573969866,-4.049518851694014,0.0736576172658221,0,0
orf19.6007,1033.299944873885,-1.110041673825901,0.12482629282906028,3.5319065947103667e-19,1.3309127807707621e-18
orf19.6008,627.6489784260939,-1.5644938685660166,0.15339541636494541,6.3897196323801005e-25,2.8116567571938936e-24
orf19.6010,2705.7641276973454,-2.8509925324212153,0.0984048442074329,1.3742954757905393e-185,3.27522937054814e-184
orf19.6014,735.4143184430898,3.369636988485089,0.1624546758148906,1.6996735671858981e-96,2.0809336771585778e-95
orf19.6016,918.5107170733207,-1.0315141784377801,0.1286356240311475,5.804279032188405e-16,1.9359999079585683e-15
orf19.6017,97.87597743867383,-2.605599360076912,0.39625866127399134,6.8136350043199766e-12,1.9129647916804827e-11
orf19.6021,1259.49057653813,1.8203774630155924,0.11618873508540398,6.816055242502473e-56,5.435434091211423e-55
orf19.6022,988.3366671439496,-3.825381736737206,0.15837709466551644,4.9020892584810756e-130,7.576397358899959e-129
orf19.6023,403.9068451903388,1.0038448937790745,0.1821832544378513,2.262295439856767e-8,5.3044584027283715e-8
orf19.6025,213.88520730942852,-1.10178924827086,0.27198334965373616,2.2255428908424242e-5,4.320985637568438e-5
orf19.6026,1204.9097265783707,-1.7426135202977246,0.11896375888850766,3.763909324027249e-49,2.7391433355741424e-48
orf19.603,1543.5460298914218,3.307169284587595,0.11729661417249779,8.531328322693163e-176,1.8957158023806446e-174
orf19.6032,2327.6504930803712,-1.6669859919033425,0.09655640061742246,2.4387948811459405e-67,2.2230416405657302e-66
orf19.6034,4194.911716339518,-1.1595468315995574,0.07900438320207816,3.797507110563682e-49,2.7603765306588625e-48
orf19.6036,617.8735943197782,-1.6357712963747546,0.1555026744619685,2.078222351926532e-26,9.458032336318707e-26
orf19.6037,6152.38213589242,5.296652502545714,0.09588935308707681,0,0
orf19.6038,686.8536986139184,1.351634000281124,0.14706552672284465,1.5697316367799006e-20,6.133544643337734e-20
orf19.604,338.1492470222647,1.9430265827632103,0.20465019031204815,5.4462716980663755e-22,2.1982236898982837e-21
orf19.6045,2817.738827742115,-2.8317588948104824,0.0953128895203133,6.113005834221041e-195,1.5146670011458802e-193
orf19.6052,1224.1939574224398,1.8603330088284555,0.11991322900213629,6.76485130098651e-55,5.279966440419971e-54
orf19.6054,962.1273404601802,1.130431331281852,0.12793060985906732,4.848525831510043e-19,1.818269987504427e-18
orf19.6056,2644.294093843588,1.576758612529553,0.09100976062423428,8.762066220974844e-68,8.022044205830929e-67
orf19.6065,2178.120977049044,-1.1675134522149069,0.09487619087043596,4.249088547925406e-35,2.3499830729181784e-34
orf19.6073,5336.948405189566,-1.1418689498952908,0.0752335399951673,1.75190458902222e-52,1.3307654810042264e-51
orf19.6074,1532.6732572702756,1.7722954152681556,0.11247069757838024,1.4476574391447312e-56,1.1723959857353697e-55
orf19.6077,5000.047981110142,1.4348467292510239,0.07634465822117574,3.002448992851525e-79,3.1508052960277177e-78
orf19.6078,640.5258166492617,1.5856277856845928,0.15202111239793348,5.890792186001412e-26,2.655747755190817e-25
orf19.6080,724.4423993172985,-1.03462014733872,0.14176051587806554,1.6282704619750445e-13,4.928221407936102e-13
orf19.6083,73.32621888446108,4.78730579728831,0.6109175156732992,8.28401366973262e-16,2.7469666146473965e-15
orf19.6085,11932.23293930475,-4.105525133181667,0.07169808960566361,0,0
orf19.6086,5702.681218318372,-2.982312271180474,0.07781090363917653,0,0
orf19.6090,5262.164351165582,2.930323337935941,0.0784664455647046,4.3474343559296177e-306,1.9529050444909738e-304
orf19.6100,1395.1176228478407,1.2890231176265825,0.11337657318670073,2.489107655389277e-30,1.2523761644037586e-29
orf19.6112,3539.4663481314938,1.086308945363071,0.08211584935584113,2.308475566582877e-40,1.4243203001722812e-39
orf19.6117,10306.956502355524,3.3894042184939632,0.07140485023214342,0,0
orf19.6119,1291.8530581275938,-1.5603247209772644,0.11463362314852184,1.1035864545102103e-42,7.060239571682124e-42
orf19.6124,2093.7419552721713,-2.496088899358236,0.10960506193970009,7.508820314271158e-116,1.0395803557053018e-114
orf19.6126,6165.53242389593,1.1590424323853683,0.07274080144953614,1.6634971614785836e-57,1.35953877961679e-56
orf19.6132,826.6677237140018,1.2301891418826294,0.1371690887183611,1.353258912427658e-19,5.152285761706278e-19
orf19.6143,580.9315624821884,3.29485641910648,0.17604864855215385,4.819702974491636e-79,5.049366673276136e-78
orf19.6147,4232.3777238996845,1.3880876949958265,0.08329352506735042,8.208039766147309e-63,7.108321816896504e-62
orf19.6152,756.6637020295165,1.3932376427040525,0.140223801228011,1.1261158053426459e-23,4.7898277170023716e-23
orf19.6155,1060.0190125533973,-1.2045403153027252,0.12233059701582093,3.4862383484006703e-23,1.4550850432763225e-22
orf19.6175,587.8755148863215,2.69037853271601,0.16652838843783674,1.5675195232912768e-59,1.308501591367745e-58
orf19.6178,870.4619787706067,1.4529747331774343,0.15053269351115067,1.3268799787238322e-22,5.457864681918055e-22
orf19.6181,59.37971350418086,1.7721020097544122,0.47336903152613174,4.3278856916473104e-5,8.246358943742999e-5
orf19.6189,1312.031690238418,1.5514453013691556,0.11644177109653868,5.28254931404221e-41,3.2918401114650257e-40
orf19.6191,631.3909892346838,1.1907421917592125,0.15051675722259972,1.1695636480685537e-15,3.851664250284836e-15
orf19.6192,761.6381406146243,3.868582282537733,0.17052747674317018,4.375591406333594e-115,6.017883863688758e-114
orf19.6194,269.480837821616,1.0613372022676992,0.2190757667585242,6.790083690365433e-7,1.4675417986376518e-6
orf19.6196,343.3524848808402,2.6841774868004986,0.2125617029953014,2.6357390156994426e-37,1.536653073205165e-36
orf19.6197,543.0017108319132,-1.2363967480803124,0.16876994412469973,9.896001172111672e-14,3.0215467637489136e-13
orf19.6200,26.428235265919565,-5.199853167556168,1.1804286921775773,3.4802988349572524e-6,7.136612783406595e-6
orf19.6202,401.6386708722298,-1.2646436750682104,0.18655118513838234,4.9890506009484676e-12,1.405125482738937e-11
orf19.6217,6264.661261425517,-1.1785808339692665,0.07378216495672094,9.996664405316415e-58,8.213049019315223e-57
orf19.6219,559.1711119738743,-1.1324400017402634,0.15871651690687155,5.841879791710414e-13,1.7173586355668465e-12
orf19.6220.4,5212.915300073337,-3.538870011421189,0.08243641046319482,0,0
orf19.6222.1,150.07848689928366,-5.256463137420813,0.9353427220391819,4.442945922078754e-10,1.1482514212524726e-9
orf19.6230,673.1779601454807,1.1108964876109855,0.14741075646592683,2.3139391946986826e-14,7.22773203186522e-14
orf19.6232,1831.6927655325837,-1.4537775345489081,0.10088547493591331,2.1209760114415591e-47,1.4896933875636777e-46
orf19.6234,930.8593026802841,2.319715692421829,0.13395990626911125,6.236174470508124e-68,5.7373240679292294e-67
orf19.6235,258.1226699643383,1.7070234352383102,0.23070864006894945,3.7471026302143e-14,1.1599855638600935e-13
orf19.6236,1923.7753664410495,4.123973148561191,0.13509662548223322,1.7761169489689365e-206,4.6793562149206915e-205
orf19.6240,1332.9673761952406,-2.2461243151666994,0.11659250588267564,1.927223169187653e-83,2.1185882866914976e-82
orf19.6242,350.420395445641,-3.6641874203263782,0.23769139529000882,1.4565566830529493e-54,1.1325952589019447e-53
orf19.6245,3279.494020704864,-1.2032028888151294,0.08794591004819668,5.7673201380304956e-43,3.7010428511677716e-42
orf19.6247,712.0358663054459,-2.5250218531516486,0.1538492533432852,2.3457011004683367e-61,1.9981661215994946e-60
orf19.6253,10809.329340748902,-2.1371680078516597,0.06770445526242201,1.9077416690216698e-219,5.59245961566728e-218
orf19.6257,15850.668814798719,-1.115779922596982,0.06399651875960477,4.281500956148049e-68,3.948846672110549e-67
orf19.6259,609.8032572539287,2.0683038641802787,0.15787830712826223,6.640667823651629e-40,4.057175136094009e-39
orf19.6264.4,357.461016143548,-2.449540809960553,0.21234215328290781,1.2027012964902632e-31,6.190986723235947e-31
orf19.6265,4162.656588265907,-3.3556989981764596,0.08870789616453498,0,0
orf19.6265.1,5245.072242535797,-3.207251022342032,0.08041243916610782,0,0
orf19.6275,534.315449078867,2.2060712292044484,0.16980821214757152,2.516092349106883e-39,1.5223333941689319e-38
orf19.6285,2057.216614347698,-1.5150427590716677,0.10727041594167704,9.540751570889684e-46,6.489373944295772e-45
orf19.6286.2,1691.3285592619657,-2.6695751569299424,0.10937644467803423,2.0607647831535565e-132,3.241162545594662e-131
orf19.6294,1328.4309057503572,-3.2480037280876592,0.1290759490834626,8.763239652916545e-141,1.5073737849259202e-139
orf19.6297,279.78941833798945,1.2087209298960004,0.22373156788463694,2.887829911090848e-8,6.735752695125609e-8
orf19.6298,1139.3256027816117,3.3757226031832803,0.13563736657071715,9.330189031284473e-138,1.5535386749690732e-136
orf19.6304,118.7515058302279,-1.252473158351736,0.32731244260673503,5.4097489886311625e-5,1.0220415335858692e-4
orf19.6312,8032.437301795486,-2.6862066028388094,0.07176936992220527,7.02912887411743e-306,3.1349914778563737e-304
orf19.6313.2,283.00517834982867,1.1071115348442346,0.2241652046963577,3.836786266058994e-7,8.450403331665734e-7
orf19.6315,307.1586375118452,-2.1890557889822473,0.22047493135706853,5.656935390315269e-24,2.425954984692894e-23
orf19.6316,616.5751853921984,-1.6220129607126008,0.15987599835719393,9.69524950722149e-25,4.2512035058350406e-24
orf19.6316.4,296.2432091385345,4.20463873170207,0.28465376364890627,1.7263824227324506e-50,1.2726720008903685e-49
orf19.6321,488.06579187997266,-2.5247596388165747,0.2086095798934118,6.602686035368782e-35,3.641976290180448e-34
orf19.6322,7068.106730111372,1.8008394627196045,0.07223777160201275,3.0806759760745427e-138,5.15703506557894e-137
orf19.6323,507.72685867703166,1.3475751187398954,0.1743511504505325,3.8760184629899884e-15,1.2462337426832897e-14
orf19.6329,481.104160420186,-1.2217483358358328,0.1705388447325832,3.556696208309266e-13,1.0560157453486951e-12
orf19.6340,898.7594202413112,1.4241483021974295,0.13100021651038388,5.938369422328734e-28,2.8154273859544885e-27
orf19.6342,28.816143760789313,-1.5947191964179475,0.680553634505218,0.004621150359637116,0.007304927302677001
orf19.6343,638.2085547858256,-1.4278345377574622,0.15217766411964675,2.3314596246262206e-21,9.272378277812817e-21
orf19.6349,619.4826380757864,1.0012093104906823,0.1510802205111332,1.992961795621799e-11,5.498918891675879e-11
orf19.6350,107.38867132804053,4.773267582563427,0.4923131847564614,6.235625575223916e-23,2.5836261507430744e-22
orf19.6355,1585.5580307671971,1.8775021834069676,0.10800398013853563,2.672563227746171e-68,2.472219969488458e-67
orf19.6357,514.515116458961,-1.4016278854243236,0.16821339428913748,2.910202442827237e-17,1.0260476596845436e-16
orf19.6360,363.18022247163736,1.3936846020705425,0.19394910309024932,2.55989240465029e-13,7.640520159960045e-13
orf19.6366,113.04188498789574,3.2733950790619235,0.40985827565998567,9.547184497077299e-17,3.2916963003727585e-16
orf19.6369,2281.471898902212,2.4004572575421195,0.09688874840676957,2.776114356580183e-136,4.585729640869488e-135
orf19.6375,4564.4846548228425,-3.1529130090183304,0.08305080102559427,0,0
orf19.6378,932.115175609767,1.6766037858290557,0.12996074112324493,1.3179441502752007e-38,7.889974376144154e-38
orf19.638,2442.0561881959825,4.055871105971012,0.1065842487464586,0,0
orf19.6385,20822.63302394864,1.1460728051849771,0.06286907204780204,1.4969749290457976e-74,1.500338917650395e-73
orf19.6392,571.9943312616494,1.2670221922581455,0.16631483256235544,1.2886695038390617e-14,4.067973903928767e-14
orf19.6396,3445.051863275519,-1.3754838990971596,0.08331487886222258,1.2187720159104008e-61,1.0467692527296483e-60
orf19.6399,789.8461727347869,1.0725098541160776,0.13839919078312368,5.980210123691268e-15,1.9119524839901833e-14
orf19.640,224.3494894505692,1.2825521211078992,0.24250470204425248,5.1847582006328926e-8,1.194158251742965e-7
orf19.6403.1,2479.6829534818366,-3.839085797379677,0.10880357357652115,6.582616315497608e-274,2.6013833084789283e-272
orf19.6408,1996.1447094657226,1.65886990737887,0.09837345779453452,3.093871579500055e-64,2.713221087415498e-63
orf19.6411,1924.9922398040435,-1.115539159886913,0.09847374646229759,5.327779876829794e-30,2.663463374773838e-29
orf19.6415.1,264.471700426881,-2.6877469829180125,0.2451064702196892,7.900135603084682e-29,3.8179912310882938e-28
orf19.6417,1338.6236110183659,1.9176330329511562,0.11652078094038776,1.648783786983772e-61,1.410274789852969e-60
orf19.6418,1391.6854216792774,2.874476070562118,0.1184092228840909,8.35971131212516e-131,1.2984586426096891e-129
orf19.6420,246.2210698863274,3.8214493722181273,0.28031146667999546,3.193600021219868e-43,2.079336656151914e-42
orf19.6431,200.90756088952807,1.355218113721771,0.2578086306500289,5.575446774527978e-8,1.2831953431681788e-7
orf19.6435,2183.9636715581464,1.6534299760886135,0.11139191633363889,1.6025051466591499e-50,1.1841469983123943e-49
orf19.6443,434.98285788240366,1.62336834081997,0.1831432290022218,2.2645702502411314e-19,8.564492212298985e-19
orf19.6445,1084.7401871811721,1.6525442079196342,0.12284183878468122,8.90368810759908e-42,5.62129712273495e-41
orf19.6449,90.31396481150772,1.5255074415764986,0.39256838092483026,2.9207415143406868e-5,5.6270009304360533e-5
orf19.6455,598.7001175211774,1.2504636123241093,0.15492318229931745,3.10633064160424e-16,1.0507003535307083e-15
orf19.6463,1398.6682939194109,1.6735412458948504,0.11165044618894103,2.5104789115558245e-51,1.879548000450188e-50
orf19.6469,200.7054196303133,-1.2946521647986002,0.26389953642521286,3.5985022441580784e-7,7.942399438855793e-7
orf19.6470,2033.8074777713505,1.6641735759192056,0.10233398432856047,4.866858804265522e-60,4.103881357148219e-59
orf19.6472,32352.39648326567,1.4053447245047699,0.06354658863264667,4.580449566426949e-109,6.1111810027286045e-108
orf19.6477,450.2675156706671,1.3144370248279904,0.175156519687864,2.4545704174452204e-14,7.655513329934043e-14
orf19.6481,733.995973931974,-1.4384080037185094,0.14387675405308015,5.604697124781247e-24,2.4068589303393472e-23
orf19.6489,2424.829859069368,5.925782144070411,0.3006216174838504,2.596666537867607e-88,2.95868355154112e-87
orf19.6492,591.6593296810008,1.0841053102276967,0.15429456442312992,1.1346208674225657e-12,3.3043715933705696e-12
orf19.6493,15.299587206254762,2.430278733043454,1.091487642395821,0.0024983095040626503,0.004078286155128677
orf19.6500,2544.408037374128,-2.013954873856489,0.09581307942580229,8.043455860945288e-99,1.0125673063657738e-97
orf19.6507,4575.679855124353,1.0139490590349012,0.07827376398512993,1.3544572983735384e-38,8.100796332417983e-38
orf19.6511,2133.142572536835,-1.6997160909447884,0.09675617386990093,9.603309413597178e-70,9.085312724015269e-69
orf19.6514,1030.318817674146,1.5422022364593908,0.12689183425261932,1.6247214315292381e-34,8.898912823218038e-34
orf19.6515,25389.297267060072,1.1936031012750035,0.06297632784253906,4.802564288570648e-80,5.082578206412733e-79
orf19.6517,707.6005603456596,1.0341587426236858,0.14266510897754722,2.4304870411512325e-13,7.275149129888924e-13
orf19.6522,268.4727920647753,1.3054306330493377,0.22154925032152684,1.604400728200348e-9,4.02009640593997e-9
orf19.6526,413.43355373458,-1.2534071124056587,0.18443993502041542,4.596761478130796e-12,1.2969805092385309e-11
orf19.6532,131.46365397061246,1.7643183314886595,0.32051087194466266,9.402395615411519e-9,2.2658648484225983e-8
orf19.6534.2,3478.342355220317,-1.0658564941052189,0.08259909986957602,2.3059783286477716e-38,1.3712884461025415e-37
orf19.6536,2098.4617725866915,-3.340341412843705,0.10749990134494387,6.651479148012919e-213,1.8540998125086013e-211
orf19.6541,14166.912591409147,-3.4611234395074137,0.06848153303893342,0,0
orf19.6548,3129.5630408310876,2.130787048657107,0.0868860276365911,1.6866609484629134e-133,2.686609939337355e-132
orf19.655,51773.38332201806,8.815809339753535,0.09006043833150064,0,0
orf19.656,808.039267323025,2.539808386017372,0.1440315632058323,2.1523242031085947e-70,2.0643797733041576e-69
orf19.6562,555.9165488502532,-1.4218292086953395,0.16293156485952004,1.1116153711021186e-18,4.119244140748741e-18
orf19.6565,894.7606987499673,-1.132633213710636,0.13080111429369345,2.2640934401104576e-18,8.296361173738085e-18
orf19.6566,363.8763726838721,-1.4879159382539646,0.19587875229088889,1.0287097326303803e-14,3.257233047943253e-14
orf19.6568,1205.5141149834485,-1.4130582405517853,0.11852719882984844,3.180171919160423e-33,1.697178928481853e-32
orf19.657,10107.686233785322,1.5037254493280654,0.0806992498240538,4.248779364479595e-78,4.4142060485541746e-77
orf19.6570,83.10926616425701,-1.5470272360177741,0.42694627253462397,7.188641484197674e-5,1.345096716431833e-4
orf19.6573,3103.7244666180486,-1.1885890544414295,0.08882391983058954,3.250436426193409e-41,2.0336397840833314e-40
orf19.6577,1429.3298310144103,1.2169198427894192,0.10891074766541087,2.343201240510653e-29,1.1448316545969105e-28
orf19.6579,231.5431973658387,-2.058647602057013,0.2523350050002343,6.51899634817408e-17,2.2689305015607e-16
orf19.658,1407.8775973086927,-2.292416085619419,0.11449033935660326,6.122329268113016e-90,7.079226657425495e-89
orf19.6581,687.4762885314747,-1.0027475797813643,0.1461074374722539,3.862974053264123e-12,1.095386466329754e-11
orf19.6584,2714.397520030936,-1.160928712063414,0.09008571194854549,2.6169762173798383e-38,1.5547478117335595e-37
orf19.6588,836.0371808709018,1.0901959823223248,0.13846623071048564,1.7880038221227308e-15,5.854376436987064e-15
orf19.6589,1150.1058154913705,3.1234792879459143,0.12980126564557848,8.500990899209508e-129,1.2946387115771748e-127
orf19.6592,679.1065677620725,2.8807123070284413,0.15856253726000016,1.31237395678511e-74,1.3174377791264031e-73
orf19.6596,5403.439624221986,1.2852951030154147,0.07555321095091197,2.5242966056906e-65,2.2484604858676327e-64
orf19.6601.1,3447.8334968900244,2.7980392916527173,0.08786668466940198,2.094145001472878e-223,6.347495819998374e-222
orf19.6604,1475.7764661240067,1.1417829963105777,0.10998142195203635,1.4382356781685461e-25,6.414531124631716e-25
orf19.6606,192.52873558956978,-1.2482590105553713,0.2593998690756431,6.48830360953339e-7,1.4047492280834426e-6
orf19.661,1726.6967836634408,3.7403294167183496,0.11826106595498347,1.6374841111496875e-220,4.822854146235212e-219
orf19.6627,854.6408989547114,1.7804545410142636,0.13536675344436697,5.752843056294583e-40,3.518193148237353e-39
orf19.6629,837.4665887255093,1.3667117732122616,0.13455755528384397,1.280317755924141e-24,5.602175240357629e-24
orf19.663,2226.316231612915,-1.7538646096064843,0.09554044951921335,7.134561697382337e-76,7.267243595180312e-75
orf19.6632,7412.848973963213,-3.1589286473072646,0.07512370938922852,0,0
orf19.6645,5232.211689473444,-1.16222971350206,0.08089878671003178,2.5725833241485915e-47,1.800808326904014e-46
orf19.6648,1432.2515636085411,3.2755738508419125,0.12743194915406228,9.908498563754515e-147,1.793294638611107e-145
orf19.6652,874.9153795479833,3.4376972825181267,0.14970662008994254,1.2651104882356655e-117,1.7671923688016768e-116
orf19.6653,664.7249922326329,1.2308580935982272,0.14751556701915042,3.315512912622899e-17,1.1656566794153933e-16
orf19.6654,2443.277745242492,2.4567561098600947,0.09596251406765063,2.3288459213575904e-145,4.142824482323873e-144
orf19.6656,2422.88336222318,1.5361785123297917,0.09224849211554935,9.337828184336472e-63,8.075540053046667e-62
orf19.6659,1885.697688548141,1.0239208320948545,0.10093993146403775,2.0857918132324225e-24,9.069417884278027e-24
orf19.6662,57.85443580374275,-1.1449908878255404,0.46641477704625495,0.0059966096629807415,0.009356029669078397
orf19.6663,7115.745880318768,-2.987219706305262,0.07717274673342077,0,0
orf19.667.1,3251.684557704119,-2.558147235283653,0.08870794160473908,1.0385589996176665e-183,2.428749960154573e-182
orf19.6672,1569.2938778425523,1.4132399054753604,0.10599393828540667,3.7042277403472893e-41,2.3152350361089562e-40
orf19.6675,234.59415329146904,3.14403264954413,0.26621197366301547,4.518661486539053e-33,2.4032812880706856e-32
orf19.6676,1055.180275189578,2.685684627704081,0.13436846778231937,8.407914352861088e-90,9.704069726296605e-89
orf19.6678,49.9847502843826,-2.072119926207928,0.5312004716687359,1.7699205789621087e-5,3.4676448368495155e-5
orf19.6679,502.3500962389818,1.0680514876322162,0.16534688042127288,5.7542587448932e-11,1.548022042357309e-10
orf19.668,1655.606625523783,-2.391057324408076,0.10929602393730607,8.350875269975842e-107,1.097744530225877e-105
orf19.6681,626.5573291885428,2.1923332959825976,0.1607101745937214,3.904383158242533e-43,2.5368333444397898e-42
orf19.6685,355.7516141421987,1.3918559140116729,0.19764322180228594,7.109740280876605e-13,2.0832106200747783e-12
orf19.6686,860.1067392920718,3.279186666130577,0.15068983128599633,5.78932189850728e-106,7.578307323748315e-105
orf19.6687,7.358857981311452,5.382193507580413,2.890044949752628,8.263844784375177e-4,0.0014055964814393518
orf19.6688,176.23408606849222,2.5015079102942464,0.28836840612768827,6.686542521504028e-19,2.4955631502851854e-18
orf19.6690,458.0680302391452,-1.9289427969411461,0.1848592649746912,3.52678420024457e-26,1.5968992419381504e-25
orf19.6691,1407.3535312323315,1.548427182685135,0.11282255492799764,2.119672575870228e-43,1.3829922219157476e-42
orf19.6692,2046.0980388794287,-1.2765798747304486,0.10065998367293137,3.0988609088814492e-37,1.8016096382733493e-36
orf19.670.2,14.636382898475308,-3.930096030835261,1.3424310364017165,4.709134169402791e-4,8.199619005507815e-4
orf19.6701,4999.779924588085,-1.59473973763807,0.07653804532963783,6.362967157181639e-97,7.851851171826513e-96
orf19.6702,12291.314038554165,-3.4052647056686762,0.06910434371547079,0,0
orf19.6703,816.4236300143841,-1.79644965908454,0.13890243358148535,7.500246986327545e-39,4.507366908818979e-38
orf19.6704,14.56408477151757,-4.818676148509682,1.5767232927859127,6.001311433249184e-4,0.0010357155497293506
orf19.6707,1044.3762504225365,1.7797390399471182,0.12517776485756735,2.0335492545465687e-46,1.3968626562583911e-45
orf19.6709,560.8223475377847,1.83535877788609,0.16304782482298133,5.4143465515635695e-30,2.704574389437034e-29
orf19.6710,1775.8002369691014,1.8274480882780662,0.10396807467703363,9.503754369803025e-70,9.00477121169197e-69
orf19.6713,1492.054169731671,-1.6751913302406203,0.10911330604004785,1.0706239767422136e-53,8.242880531169399e-53
orf19.6720,413.39927667154126,1.780708852402612,0.18577283026410588,2.662182110535404e-22,1.0857390658512778e-21
orf19.6722,1134.2850230802255,1.5761783376357112,0.12275496020137705,3.034709179920166e-38,1.7994989667066966e-37
orf19.6727,445.5274966930649,1.4786741077934993,0.17859857396113119,3.7809194103699723e-17,1.3255508589753007e-16
orf19.673,534.9131730738609,1.8742176430272754,0.1665469976450571,5.610389198805233e-30,2.79802477295047e-29
orf19.6730,680.6603359021826,2.0983045738082176,0.15101401464027825,1.4401186931458256e-44,9.586461748403557e-44
orf19.6731,114.81315190604272,2.48403791579378,0.3565142300316545,5.104400559276546e-13,1.5048100610067402e-12
orf19.6731.1,610.8701447121595,1.9536394535365713,0.1650846326470242,5.475980168793052e-33,2.900086528748415e-32
orf19.6732,389.63812618805406,1.6228128809264373,0.19238951903061854,9.693757363715456e-18,3.482613405008016e-17
orf19.6734,3397.4786230092227,-1.304701959182135,0.08725880577118322,5.766006276429598e-51,4.296293936757329e-50
orf19.674,1253.3111634608595,1.7611476731240736,0.11701043669257348,9.402922893861873e-52,7.082249764689208e-51
orf19.6741,191.7598431263955,-2.209623071809807,0.28098464022657565,6.228996177692933e-16,2.075445684819353e-15
orf19.6747,1603.5254207904343,1.1079951152179113,0.10453821055701606,1.604962988662585e-26,7.330935553188866e-26
orf19.6749,9401.90239287532,-1.1555630251660496,0.06949906750207617,1.876597426088129e-62,1.6184356807312538e-61
orf19.6755,2300.5308359330784,-2.600211140955104,0.0979966469733959,3.393685128038876e-156,6.64268650140274e-155
orf19.6763,51133.91650452654,1.1417118387272112,0.07203496327084787,5.787105689589258e-57,4.7050374903379335e-56
orf19.6766,930.38695967604,4.60448707976132,0.1712244243591838,3.2119354135539284e-160,6.387046089882398e-159
orf19.6769,426.2709883609076,-3.262114409524578,0.20517581221464049,8.156090666371379e-58,6.718552786388244e-57
orf19.677,2756.6266107940887,1.5698455325374105,0.08953697587022202,2.608781059023773e-69,2.45689727489358e-68
orf19.6773,1702.0520350165857,-1.4765139624119112,0.10361921772514986,2.1345316357356235e-46,1.4646170915970584e-45
orf19.6777,36.334268524291986,1.7918415080687824,0.6086578762213719,7.07583229792315e-4,0.0012131108420711737
orf19.6778,1719.8147011668077,-1.3237093419691242,0.10270554480332024,2.2292677571989994e-38,1.3282011332013886e-37
orf19.6779,2810.7133508991205,-2.2237084928719955,0.09310027827724797,7.117695933491039e-127,1.0683387838634146e-125
orf19.6781,468.3642814597837,1.6776978853381783,0.1748521269001015,2.1800630710185084e-22,8.920258070406007e-22
orf19.6783,2312.672511248558,-1.469094646823828,0.09376419651044024,1.2972772255396407e-55,1.0292501901231915e-54
orf19.6785,4426.3182527725385,-3.6440476369399932,0.08626933082400783,0,0
orf19.6786,288.4220880476449,-2.2183429433613155,0.23618825008534686,9.847572490123573e-22,3.954227821757658e-21
orf19.6789,565.4231764899703,-1.7049631920840442,0.16181013472636188,1.685905781104346e-26,7.695026094455803e-26
orf19.679,226.46842850626382,1.3413665823463383,0.2627890671807216,1.1241290685011327e-7,2.547753867049391e-7
orf19.6791,3575.8760108913984,1.5579591802116695,0.09071562673826045,1.0225868088587677e-66,9.226924905367262e-66
orf19.6793,932.5621554051312,2.8968850736339498,0.14080532895556028,5.753304707815916e-95,6.948478645184251e-94
orf19.68.2,93.24403551477036,1.4942842682126385,0.37197129189581934,1.8922027917044913e-5,3.69793872657366e-5
orf19.6804,828.9773675728675,-1.2023716899492414,0.13946344100322597,2.924961729695145e-18,1.0680386573226015e-17
orf19.6807,2229.650553711299,1.6504777573183727,0.09475040583259024,1.7905014340534878e-68,1.6661536444456004e-67
orf19.6810,2347.3227470691177,-1.6677890929771273,0.09477966846375856,7.67139928321647e-70,7.279668255988396e-69
orf19.6817,2966.58752754528,1.0500427261076162,0.08789911885931821,3.658309584876481e-33,1.950681899911934e-32
orf19.6824,1882.942916888008,8.60389337245071,0.33561097725067107,3.51073690000761e-144,6.174941184126061e-143
orf19.6826,558.5986985503403,1.7305029575549071,0.1626414445185329,5.3464498603022675e-27,2.4673490707854664e-26
orf19.6827,296.86381294601074,1.4498069032938175,0.21276797596568287,3.4226672282528106e-12,9.736279805562893e-12
orf19.6828,870.8395129277962,4.959431803415413,0.18561795334345327,5.2617201545960884e-158,1.0396892609271512e-156
orf19.6831,1160.010116329881,2.1760075737392115,0.1217130898518277,3.239415887355647e-72,3.1555246178859066e-71
orf19.6832,2464.139348773376,-1.387309028579264,0.09828016373285936,8.907474550959014e-46,6.071863656789092e-45
orf19.6838,384.3213713793864,1.4326137552012697,0.18978999689498088,1.6118005776179308e-14,5.057328043540884e-14
orf19.6840,594.2990317018837,1.0100244787172745,0.15535721313021972,4.551318237082478e-11,1.2313011729784657e-10
orf19.6844,1904.6829278805205,-5.023281406216858,0.13859506363863563,3.626588418734464e-288,1.4800273259201303e-286
orf19.685.1,120.1909653431226,3.071813912123053,0.37371517184204556,2.194872860160696e-17,7.760354552006447e-17
orf19.6851,234.27698681032152,-1.4217354571067355,0.24126694822039077,1.3012956787253284e-9,3.2829455426104845e-9
orf19.6855,1802.5181420327588,1.0131457348101849,0.10016345779778153,2.84962181779992e-24,1.2337842996668829e-23
orf19.6861,409.636034552437,-1.2463682898431274,0.18980704663985387,2.133535770575116e-11,5.881588234645043e-11
orf19.6862,515.3459274521539,2.074276014135206,0.17093777332486912,1.5007020960047581e-34,8.234080744686916e-34
orf19.6863,4106.711323649167,-1.34795455625976,0.08612942720675461,7.957292299448903e-56,6.3212892007326906e-55
orf19.6869,639.9761495169224,1.6251159784518745,0.15474304908681155,2.5677447040763342e-26,1.167734736507839e-25
orf19.687.1,7930.16287602372,-2.8311729837370714,0.07320649241814964,0,0
orf19.6873,14202.005479302714,-3.2789222402293734,0.06815204183366341,0,0
orf19.6880,998.9147060618277,-1.0108599246455023,0.1296490786324497,3.400624168478695e-15,1.0979057553247657e-14
orf19.6882.1,4051.0156685410034,-3.6497772901996544,0.0885478070531268,0,0
orf19.6886,1253.8669276414125,4.1520068562463806,0.14674229837161037,2.8540442259516316e-177,6.410306527641003e-176
orf19.6887,1694.7387983649244,1.4738002556868866,0.1078454018835695,5.2647052908694214e-43,3.388950498576151e-42
orf19.689,9799.990338231912,6.743750360206385,0.22189626579177735,2.187297349572584e-204,5.667006079141583e-203
orf19.6896,492.32910762679774,-2.1054817981659983,0.17528555400904788,6.04830425796309e-34,3.2662887630394686e-33
orf19.6899,437.18262085476834,-3.00106307174935,0.19768652789506727,9.58609954316101e-53,7.326267508873605e-52
orf19.69,40.078063540304356,-2.82246629140349,0.6561683939053788,1.8016541591211815e-6,3.7611262352232223e-6
orf19.6902,1011.3086256638262,3.2567407585731156,0.13904103286411906,3.3968732327269665e-122,4.921131430428579e-121
orf19.6903,706.2147712257013,2.0206518213895435,0.14944957186287947,2.4631467028218447e-42,1.569376327797918e-41
orf19.6905,1057.5198408158612,-1.0827308588559124,0.12240848166583738,4.870991583955903e-19,1.825598526423809e-18
orf19.6906,8518.127040358995,-2.23234096051304,0.070466174339934,5.42987930828623e-221,1.6068325308502003e-219
orf19.691,4514.562173272561,1.596020235290671,0.07809040012164539,2.167716001068092e-93,2.578136897270317e-92
orf19.6910,170.53842460965924,-1.555596472783038,0.28602734404627816,1.5671846435125765e-8,3.723554381313747e-8
orf19.6912,1172.2765635157364,-1.0083104293872132,0.11905376676227086,1.449350851891136e-17,5.192052047738527e-17
orf19.6917,164.99395962421096,2.039966363239393,0.28909633850121313,3.729643538429383e-13,1.1068390805110773e-12
orf19.6920,385.36586956659033,2.7993589951358357,0.20347427598830933,6.666105785812763e-44,4.381385739643673e-43
orf19.6923.1,817.0896131038617,1.01587524474154,0.13446586782846806,2.4138093165752817e-14,7.535912686348029e-14
orf19.6936,972.7376521957398,-1.2538104352053332,0.13219065178338085,8.9018049157728e-22,3.576761254445647e-21
orf19.6937,6064.760359154475,-1.9096191259668651,0.08127975199017261,2.745854327906964e-122,3.987235912430485e-121
orf19.6938,2172.2924778580386,2.4365873966386573,0.09901728038931921,1.749836269708458e-134,2.8159736257885597e-133
orf19.6941,2178.992454983317,1.0991333807404042,0.09428443058202625,1.2555932087224637e-31,6.457927508453924e-31
orf19.6943,584.0927586876605,2.960883824981065,0.17057868897185854,2.3454950081712807e-68,2.1761175083241423e-67
orf19.6944,2734.855449157205,1.181647287388942,0.08979438745761087,7.1804757455004126e-40,4.3784072807524e-39
orf19.6947,2691.988142320019,1.4694674489281663,0.08917999573964396,1.4970688947238633e-61,1.282263124644143e-60
orf19.6948,2097.2120180645525,1.1478031967854954,0.09785213261027417,5.662119490887585e-32,2.933964655693119e-31
orf19.695,732.2413328438234,1.9507320369314693,0.1473958253170912,1.2415493966881842e-40,7.690708762818475e-40
orf19.6955,1160.1547992883607,2.94499117410027,0.13076927338471572,3.0106102450774806e-113,4.095479383499736e-112
orf19.6966,794.8704543962913,-1.7411990178459726,0.14081645212932595,1.0766310768151362e-35,6.029134030164762e-35
orf19.697,1007.5373069911077,-1.1945743670382603,0.12849871872880092,6.418393065632839e-21,2.5205312139504057e-20
orf19.6971,176.56604963293285,-1.4278181739862674,0.2738850587725538,6.537864551901982e-8,1.4986206410453735e-7
orf19.6973,1930.5258812386144,-2.5483142141551274,0.1097783755989707,3.6299526238584696e-120,5.11634857412467e-119
orf19.6975,10551.726934545122,-3.4299164338306753,0.07291383529655661,0,0
orf19.6978,21.405721857644703,-3.1450084049850173,1.0483116987897956,1.6517604299828373e-4,2.992917041443075e-4
orf19.6983,270.46993295338785,-2.5289081514804987,0.23765223250121742,2.9988935091409226e-27,1.3922000796338973e-26
orf19.6984,446.99496230851514,-1.0043915186541783,0.17538041565120574,5.757015545942215e-9,1.4047207920618675e-8
orf19.6985,2223.8459240811985,-1.9974510606454665,0.09787497304497167,2.6563795163829485e-93,3.153314391691089e-92
orf19.6989,58.49946756051136,2.086999504398061,0.5061584521172952,5.918800948165779e-6,1.198346080426301e-5
orf19.6990,514.7641505868424,1.3176163347202747,0.16806778043321846,1.828632229057512e-15,5.977999810594295e-15
orf19.6994,18458.684847850764,-3.2683616187302325,0.06517149869845947,0,0
orf19.6996,107.950895990186,-1.3476704736100253,0.34595344961935154,3.6335226452705915e-5,6.955154934723965e-5
orf19.6997,34.540602600326245,1.938185294018411,0.6361067037265131,4.3546191462622106e-4,7.605662083709438e-4
orf19.700,904.7404952429076,-1.2437895828284717,0.1334628856981544,4.730991850402663e-21,1.8625670311421327e-20
orf19.7009,112.10340916749024,1.6432769479240705,0.34176737345930885,4.4704163867917396e-7,9.801011207558856e-7
orf19.7011,1495.6853759875667,3.0019095507951903,0.11590014472092316,7.715758889411491e-149,1.4253609025291523e-147
orf19.7015,16841.29266057118,-3.67999566861147,0.0674616862048696,0,0
orf19.7016,3546.0535245864485,1.6496770835534014,0.08295118220741082,9.031701957176366e-89,1.0309679528447756e-87
orf19.7018,7711.952270903218,-2.519977257483097,0.0723853367196169,2.2901449939576877e-266,8.881779715696771e-265
orf19.7019,455.98436928561136,-1.022021815314315,0.1743674540924494,2.5316812370730287e-9,6.285414570291845e-9
orf19.7020,1659.6252631930206,-1.0793189136203556,0.10362186674788804,1.0913449761895714e-25,4.884844466901566e-25
orf19.7029,152.79548237392322,3.8593680028175377,0.35510665274655917,2.148126112907726e-28,1.0313446569383171e-27
orf19.7032,716.0790769227815,1.3536230222288028,0.14376001099079583,1.887975181599078e-21,7.527788655111522e-21
orf19.704,4760.450264607448,1.348995215061135,0.07691694185994528,3.010834022782448e-69,2.831272234676748e-68
orf19.7043,43.47646716536913,1.7306452446859284,0.552064566318301,4.0833671986413534e-4,7.163963132429506e-4
orf19.7048.1,875.786761502486,-2.55425157256881,0.14039052216164574,7.974117024204253e-75,8.03070753211796e-74
orf19.7050,1019.4257993615053,3.300962558437488,0.13851968886975655,1.3439503364588096e-126,2.0123803119541504e-125
orf19.7053,619.1817781422546,-1.187610684999645,0.15230075501905108,2.9623447364598446e-15,9.603780132115923e-15
orf19.7056,129.98811110104577,1.630916883921616,0.3190672328366152,9.227696964044661e-8,2.1043732594410103e-7
orf19.7057,3835.8873421961466,-1.3027193873471516,0.08413002809150219,1.9615077922042905e-54,1.521447783170632e-53
orf19.706,1504.697066380397,2.014904272804298,0.11039981253336743,4.452084136022642e-75,4.5054802828728324e-74
orf19.7060,1517.7911082425612,1.6738310259682592,0.11467208855097882,6.952711822614168e-49,5.036279886357641e-48
orf19.7062,2627.790062014699,2.531379999423476,0.10091847878580516,7.20621391050114e-140,1.2327561549909349e-138
orf19.7063,475.25491258065136,1.4409985983458244,0.17627138360859543,1.0279707615622359e-16,3.532553349033902e-16
orf19.7064,1925.834460060302,-1.2477862628026712,0.09878843517303265,6.8013794930544025e-37,3.903291687006589e-36
orf19.7068,634.5346256133837,2.420852210082846,0.15981138168946848,1.2523573822362033e-52,9.536243286198601e-52
orf19.7069,948.5060146717327,1.512212805596218,0.1283826231812945,1.7472478559556453e-32,9.144858015580091e-32
orf19.7071,714.5057869819005,8.024322453739765,0.5753934067447072,9.772263906604442e-45,6.525990998164507e-44
orf19.7077,1188.3000772972691,4.585481795927789,0.15900565696960822,5.648575648291458e-184,1.3259288100726265e-182
orf19.7078,1235.5621249823926,2.828763449014937,0.12423747034978029,1.2728293947592285e-115,1.758306801078899e-114
orf19.7080,1310.4125090816628,1.8302977246224243,0.12112761028467105,2.951573033982789e-52,2.236604614585987e-51
orf19.7085,9611.26396665433,4.7250429600993025,0.07735116174492637,0,0
orf19.7088,568.5145313372141,1.7580377381803711,0.16126940327824715,3.021302635529406e-28,1.4422793315172485e-27
orf19.7095,2448.19938418006,-1.5259503238422978,0.09415803353222955,1.440202245856573e-59,1.2038317032300456e-58
orf19.7098,3948.7229354556366,-1.3482810587085838,0.08185914792267135,1.4201976483644082e-61,1.2180925984048578e-60
orf19.7100,1291.0301427651038,-2.1373033386131186,0.11736491358550727,8.924055730121907e-75,8.972915294505827e-74
orf19.7104,1508.2366993231597,-1.5776874653784578,0.11536674888519693,4.467211512126655e-43,2.8904941639086876e-42
orf19.7107,1550.4750940483507,3.9736126494751742,0.12657308373473883,2.4892837448395864e-217,7.16271322708681e-216
orf19.7108,7659.823217780522,1.3653325265648422,0.07281321554604679,7.437325727133479e-79,7.765662515087198e-78
orf19.7110,538.9049887110666,1.119409983152076,0.16064029397577848,1.6563487512239104e-12,4.777016906532146e-12
orf19.7111.1,5172.649421155465,7.27953066282402,0.24978827128897826,2.80530343370879e-188,6.842310406280346e-187
orf19.712,380.33043233422995,-1.974031656628608,0.2003711754445324,1.3501267914159152e-23,5.72314438941003e-23
orf19.7140,3768.774159494722,1.0594747153027324,0.0861710630901456,4.950406217911211e-35,2.7354280021803186e-34
orf19.7148,438.6404832969867,1.5105318563917873,0.17824424331460897,7.534795662502398e-18,2.7163547411469385e-17
orf19.7150,6628.383790494703,1.0158266011182162,0.07176360628469305,9.503863068375239e-46,6.471332715260086e-45
orf19.7153,1264.5775513556434,-1.4001506020965093,0.11549092274471512,3.2688177926498163e-34,1.7779179701485588e-33
orf19.7154,1440.3882126593871,2.704558203790843,0.11604462178249272,5.92090152535272e-121,8.479382826674858e-120
orf19.716,933.8677939199489,-2.5477792389783973,0.14618609990175485,5.298954211116692e-69,4.9754391119116735e-68
orf19.7160,1296.5097604099478,3.005616623977386,0.1247171165933885,2.9258950854272846e-129,4.466818805234221e-128
orf19.7166,4617.139248082162,3.4501329682968174,0.08402695667376835,0,0
orf19.7167,16.370348765083605,-2.2151094095566473,0.9953501713338474,0.00338947552780222,0.0054546095864940886
orf19.718,316.0801027861205,1.2138036325578598,0.20481724849250246,1.3134834227249549e-9,3.309681392854971e-9
orf19.7182,769.9771094210728,1.4108725448069692,0.14302697621829297,2.281733431530104e-23,9.568262959351221e-23
orf19.7184,760.5825213335735,1.0738044455628373,0.14341954914616828,3.5806700092889023e-14,1.109013072321424e-13
orf19.7186,1223.179728156,-1.4396646127478827,0.11649594943365411,1.6464933155500404e-35,9.171011830771145e-35
orf19.7187,1749.187917738811,2.2065813577695934,0.10470242782032625,2.661200664392999e-99,3.363671447058681e-98
orf19.7188,2675.8881438415556,-2.1826127211408255,0.09264369518577892,2.0793498801441728e-123,3.0477607163427735e-122
orf19.7194,384.1209589766392,1.7435565216462956,0.19179304807304995,2.681612251631546e-20,1.0406455499805701e-19
orf19.7197,1394.9544512915334,4.159236769907728,0.13486390579045018,9.821259445705362e-210,2.6662584338688815e-208
orf19.7199,922.5490936499531,1.1761722689834686,0.13007737203981867,6.558092313074709e-20,2.5106516494689443e-19
orf19.720,66.97537380121035,2.958914247944387,0.4912506365823588,2.1993815577105994e-10,5.784725546059387e-10
orf19.7200,965.7172566534769,2.2327480628320893,0.13369978661970044,2.277641032006686e-63,1.9862556709287356e-62
orf19.7209,36.19604089981142,3.1896845810817553,0.6866884561886943,4.0990228112719296e-7,9.008904763668401e-7
orf19.7210,1212.8540241762423,1.4063647365235832,0.11733151877539028,1.6125410619756213e-33,8.664979682423218e-33
orf19.7215,1959.8716285413198,1.8589631048415631,0.09991618706521395,7.421615393177962e-78,7.672279224338277e-77
orf19.7215.3,1625.2915594577453,1.6403455165438556,0.10549012385293535,2.7172044314589625e-55,2.1394986721349005e-54
orf19.7217,18628.688781094985,-2.1764265215342538,0.06661888558750058,1.902008478799936e-234,6.217874838548063e-233
orf19.7218,2001.3203442297245,-1.035264569994149,0.11560774410055293,1.6745167609366355e-19,6.359904291537927e-19
orf19.7221,5467.151320045497,-2.057940679469512,0.07604447492793717,5.576706860147922e-162,1.1268918328402467e-160
orf19.7224,4509.549599008153,-1.6358996726962018,0.07839269260735984,3.1310402045716486e-97,3.8867226714404325e-96
orf19.7225,248.87159118974455,1.0530169850386193,0.2271873624990588,1.8912494860669801e-6,3.938946561374992e-6
orf19.7227,139.112469751023,2.9105662102568806,0.35809784892159646,3.425675686720072e-17,1.2037095660033838e-16
orf19.7231,1676.3068595311051,5.999462429709055,0.436641950480433,8.340939496287397e-45,5.58208212377476e-44
orf19.7232,1042.9585818672501,-1.0584060609573416,0.1293602390020337,1.3122594319047097e-16,4.492186344743973e-16
orf19.7242,3091.716238629686,-1.1879933706702008,0.08548661943814286,4.982750475230517e-44,3.2818875492974e-43
orf19.7244,4878.418443938761,-2.4463788003488034,0.07982562051019762,4.292523327222635e-207,1.1405325810714098e-205
orf19.7247,2288.019216130063,1.601696523883323,0.10223567727701646,6.344476863972114e-56,5.072332079211508e-55
orf19.725,79.49463080952388,-1.2232349105821927,0.4123413974935371,0.001164888967939971,0.0019584186095361277
orf19.7258,2930.075105186495,1.6691780797855211,0.08739444682256871,7.663717148052927e-82,8.236187585618327e-81
orf19.7269,2832.117083895763,-2.7814099533877714,0.10193790760456584,4.49448332642351e-165,9.323439830627375e-164
orf19.727,399.39645233358084,-1.8629085809106456,0.19524484032713152,3.151769229616817e-22,1.282897462172582e-21
orf19.7271,1519.5476508232157,1.073149367849873,0.11000016506304452,9.847345174482602e-23,4.0612168605990334e-22
orf19.7279.1,405.72268864598203,-3.028703945500812,0.20632203583253306,1.097682612074938e-49,8.016292666427969e-49
orf19.728,746.825239350128,-1.1142979652720795,0.14265745279681413,2.807555394224787e-15,9.125651161655164e-15
orf19.7283,92.8739731988079,4.475707474740536,0.5127356566098673,3.6310531129359197e-19,1.3674484702757469e-18
orf19.7284,14422.934285098168,2.237706767213028,0.06560449310995717,9.972645145160484e-256,3.641473467039887e-254
orf19.7285,1089.8164132604568,-1.2275944325624772,0.12176917872788263,2.7646386906261994e-24,1.1979461474163767e-23
orf19.7288,1045.8423870825386,1.8023879319983804,0.12507072198487323,1.7916803990493993e-47,1.2626695724226242e-46
orf19.7291,946.4060248800275,1.3829954240830717,0.12862038012934215,2.2554458719243676e-27,1.0509704495743098e-26
orf19.7293,549.6618800133359,-1.3040163536636065,0.162356618789731,4.279700684123497e-16,1.43823740966992e-15
orf19.7296,308.0255385197402,1.1746751569989669,0.2073719720016753,6.536908388621472e-9,1.5900450322770733e-8
orf19.7297,18248.077277406734,-1.6266423895360778,0.0648095763276941,5.356251795069971e-139,9.063532847809457e-138
orf19.7298,713.2937765995733,-1.0290699339658835,0.14394692226206007,4.810300066558009e-13,1.4201188470727283e-12
orf19.73,690.3245845183292,1.0119989595333947,0.14552338529216707,2.0853288916109028e-12,5.992081729967085e-12
orf19.730,1382.8263763931309,-1.10257645768451,0.11026355856937366,8.884195340425263e-24,3.7917235615594895e-23
orf19.7306,2080.383780571183,2.7626797681492286,0.10152254981461327,8.470029987039469e-164,1.739699580232712e-162
orf19.7310,19445.201346735885,2.6384758065310843,0.07200890320549837,1.0444249025831029e-295,4.3767712025026135e-294
orf19.7311,522.679678962801,1.8773879477214679,0.17117305797768367,1.2382674679380302e-28,5.961250632077918e-28
orf19.7312,10801.361200591718,-3.318761588563994,0.07374132794630137,0,0
orf19.7313,455.60801410833494,-1.8438373859249237,0.17889864042431225,1.6191642101605733e-25,7.206030882567798e-25
orf19.7314,392.3582095581547,1.356989424823842,0.18799462234864867,2.0725067201978716e-13,6.227493725175895e-13
orf19.7316,443.06968902010243,1.1753028764233888,0.1810294175520039,3.899819369611586e-11,1.0596376041712247e-10
orf19.7320,54.859019438043454,2.0116568162822523,0.5158686385115093,1.699426485240527e-5,3.33371629715421e-5
orf19.7322,2382.3449927314286,2.5269841395221473,0.0977768988975022,4.1335607887397915e-148,7.568901338677789e-147
orf19.7324,409.0477110702617,1.4254883876306381,0.18640481772107445,7.396553444095953e-15,2.3563305971905676e-14
orf19.7327,1253.7940951875714,-1.3728155872063854,0.11549048916810739,5.558487719561547e-33,2.9387974022813125e-32
orf19.7328,2766.8334984666253,-1.9458952775142315,0.09016295893100867,5.93613929638822e-104,7.64232036425733e-103
orf19.733,1937.638301929211,3.0859791612672907,0.10744032464201791,2.6455706631908343e-182,6.095551004045597e-181
orf19.7330,42.273208753322365,3.363317561558803,0.6542400827167562,2.8605189420169427e-8,6.679536377694013e-8
orf19.7331,580.6217174122215,3.0112792080759414,0.1719997130172148,1.6838748533777127e-69,1.5882348314940239e-68
orf19.7332,1849.5654816335186,1.4350113505561264,0.10164724425520583,1.0756772639513193e-45,7.308518864104504e-45
orf19.7341,1284.648591023194,1.053440242111071,0.11280739694230334,5.68246463075752e-21,2.234339367408687e-20
orf19.7341.1,366.2165827045927,1.6444737226557231,0.2004757114980209,6.566260842628723e-17,2.2828358965130147e-16
orf19.7350,30773.61148306914,2.4760644514660846,0.06229293040918922,0,0
orf19.7353,959.9338556200853,-1.3884481907507702,0.12829219938891778,9.940450212474908e-28,4.7056990998251196e-27
orf19.7354,1068.4275686548337,1.4661987175265778,0.12313121433894257,3.9021646024902176e-33,2.0789347933403515e-32
orf19.7361,522.866821004047,1.0306023777271673,0.16440970516535824,2.0297881373667145e-10,5.34993547054359e-10
orf19.7366,511.89882711781655,2.0718150813913225,0.17073899219647953,1.5405815528367431e-34,8.445470777798617e-34
orf19.7368,2247.2263938631904,-1.3656842886205962,0.09811055515531744,1.4177721897568994e-44,9.447779672190053e-44
orf19.7370,498.6196853488945,-2.6613944152103333,0.1809106282823697,8.138318947273516e-50,5.950311886039325e-49
orf19.7374,2562.8550079898123,-1.4839163840580274,0.09075823010204517,1.5012853192749037e-60,1.271916625990841e-59
orf19.7377,755.4328804260797,-2.155490175208965,0.1482044631078851,1.1525895217133632e-48,8.300771595822652e-48
orf19.738,4020.1186479863586,-1.1538911036970707,0.08646022374441992,3.731729603389251e-41,2.330091964356248e-40
orf19.7381,802.7522489204772,-1.4137270257145398,0.13932489700704906,1.240286372117292e-24,5.434630250877454e-24
orf19.7384,1993.4673862891987,3.34227782344848,0.1097481076324117,2.2702901774233705e-204,5.857723912327077e-203
orf19.7385,503.99400515646613,4.595718840488243,0.23888644906967074,1.3560483415685173e-83,1.4933273094803917e-82
orf19.7387,847.4580596215817,1.755871068155617,0.1366478652071394,3.5280295925077483e-38,2.086081134054771e-37
orf19.7393,1305.4212791472412,-1.002926149362211,0.12475600195728204,6.278405839804069e-16,2.090792856732619e-15
orf19.7394,2024.071797718003,-1.4859717333244549,0.09780972577495757,1.4352330069580346e-52,1.0915462722833091e-51
orf19.7396,1134.45425939608,4.040092374097022,0.15777643268668223,4.174016770258272e-146,7.489241584336969e-145
orf19.7398.1,21373.01510878515,1.1591128393994832,0.0643498709436,9.139820225972304e-73,8.98724999857812e-72
orf19.74,668.1029172544693,-1.2495363475496515,0.14807209212569042,1.493728455177972e-17,5.34489425451648e-17
orf19.740,1345.4913781681544,1.1924586651862248,0.11127126053221491,3.712910909583996e-27,1.718563062968308e-26
orf19.7402,1937.1047605260126,-1.3517280316428275,0.09876781988164783,5.439407014420278e-43,3.497801997738436e-42
orf19.7410,1100.6126086356448,-1.2542662371441133,0.12063893454371293,1.329985132218749e-25,5.940219717863998e-25
orf19.7411,283.14790791908626,2.2197800506474326,0.22549910302586734,1.490399142378431e-23,6.31346828019737e-23
orf19.7417,15561.951605867358,1.6094564946219847,0.06551098650034455,4.551378489398895e-134,7.26823715800683e-133
orf19.742,112.83858760081276,1.9021086239754459,0.3532141802642523,1.558043189042536e-8,3.704654102201673e-8
orf19.7420,1069.4614867872715,1.0436119998325746,0.12183275080629798,6.617372747771583e-18,2.386994537093343e-17
orf19.7422,1473.5687483717654,3.220247948147381,0.11850735092359431,1.863247738365753e-163,3.8019996334495953e-162
orf19.7424,1860.6079690872098,3.517095646828583,0.3280885921968157,3.8993888260504614e-28,1.8586094526609985e-27
orf19.7434,97.67685529874697,2.2494969303335925,0.378982330845055,5.22681470427505e-10,1.3463791672233254e-9
orf19.7441,270.4758835585112,1.7987028919597399,0.22690911249737641,5.585901342025951e-16,1.8661513097704674e-15
orf19.7442,529.6865006606685,2.5973091475290437,0.17397021916641953,3.093351549166657e-51,2.310393190549833e-50
orf19.7448,12524.527712413468,-2.325453374160498,0.06711187776521646,9.90022543869324e-264,3.769329734097597e-262
orf19.7452,210.43091140418386,-1.353601508278243,0.2602195509114145,6.94398096921855e-8,1.588795059428385e-7
orf19.7454,1121.2381886848077,-1.2002705530431463,0.11981949108341874,5.497753390868216e-24,2.362558305064084e-23
orf19.7459,3035.0460549573586,-1.7891905145430638,0.08789861037494967,1.1437345494664845e-92,1.3525527513008956e-91
orf19.7460,319.21819174045754,1.174465787465673,0.2039565543312161,4.0716556172417744e-9,1.0005280469916426e-8
orf19.7468,795.0072689880018,-1.4136933343969655,0.14666928468257417,1.5209484405824955e-22,6.239685980944219e-22
orf19.7469,8728.034685990704,-3.0128084237701596,0.26332375406694697,1.6876237955691915e-31,8.658605570693534e-31
orf19.7473,573.8516726303585,-1.3061778400847845,0.1578755707474416,5.5292402315061045e-17,1.9287472628784422e-16
orf19.7475,1979.5277342895124,2.289447146537776,0.10395610456453312,2.7065924716117435e-108,3.5957368920731334e-107
orf19.7488,283.19637317624654,2.8990243087671597,0.23686711742974503,2.6200281023177144e-35,1.4554675685829013e-34
orf19.7491,408.38093014732533,-1.374431507749999,0.1842610961065659,3.345001982285361e-14,1.0380811320770275e-13
orf19.7494,514.8914644477485,-1.0329915426621457,0.16587970325174375,2.542906275708011e-10,6.646256502938811e-10
orf19.7499,2688.947148202117,-1.0681342647925838,0.0890513846597125,1.9794132900689634e-33,1.0608975607888934e-32
orf19.750,75.9396982622506,1.2045182846933764,0.4103148387332199,0.0013837612344529194,0.002310833150019799
orf19.7501,7821.592231402743,1.769396721806921,0.07070417326524298,8.351915195449734e-139,1.4094421210915714e-137
orf19.7502,2956.0616138608507,4.38423393854861,0.10440899597555456,0,0
orf19.7504,935.3838876396369,3.0073663441814813,0.13997801489080025,2.9715848621321505e-103,3.81781396690394e-102
orf19.7507,603.7209859799885,-1.219819119173675,0.1611066938176739,1.575941374145543e-14,4.947299115216074e-14
orf19.7509.1,5068.685734930453,1.1947805478312445,0.07606950743941296,7.422084052853711e-56,5.911159799237063e-55
orf19.7509.2,1215.281914869779,1.5582296869087073,0.12402638444913532,5.721169734642525e-37,3.295478212463831e-36
orf19.751,195.82786395909494,2.620889848152713,0.27696870383607375,4.55577893344906e-22,1.8435699067048567e-21
orf19.7512,806.4519464570328,1.7553649104983033,0.13869947446313038,3.1984942195936815e-37,1.8560778724110546e-36
orf19.7513,561.9898244977478,1.9670649962314493,0.16283424805049448,3.304866680949221e-34,1.7959606227891156e-33
orf19.7514,957.2208236219514,3.6121891902377405,0.14868444667909367,2.294194759335757e-131,3.581238019323117e-130
orf19.7520,1820.7050183197086,1.961436614071069,0.10235386031939095,1.748784832464256e-82,1.8891717117485836e-81
orf19.753,1554.0576652684006,1.2316132068376024,0.10577821905866662,1.1215888199037349e-31,5.7782183098010895e-31
orf19.7531,1274.8182560763075,1.0700931864416947,0.11318220142740809,1.843518915468356e-21,7.35993101546318e-21
orf19.7534,11247.087242573227,-1.3119538003740643,0.06730208354146038,1.3183782750860404e-84,1.462158783239296e-83
orf19.7538,2263.332780851435,-1.1744377215559245,0.09477300112326961,1.347495487054491e-35,7.512287340328787e-35
orf19.7539,388.4657044774055,2.5732353278055022,0.2018012145893543,4.4037120183145034e-38,2.5989393045704876e-37
orf19.7539.1,441.36035279075463,1.2091816579256032,0.17923809215955164,6.721331778194649e-12,1.8878990383737018e-11
orf19.7544,3775.505016467135,1.9087210328221387,0.08624641703545861,2.328028840438805e-109,3.112679246188415e-108
orf19.7546,520.6266205550885,1.5266272234557756,0.16909883459277733,5.648453437450557e-20,2.1663970063538868e-19
orf19.7549,980.2947740665425,-1.7298013526090423,0.12868206665198725,8.944362328198926e-42,5.64127256336102e-41
orf19.7550,75.90580149916349,1.8664511675124262,0.4236323285223257,2.3577303849906126e-6,4.890919775375876e-6
orf19.7552,1720.893834592781,2.897908131122907,0.11212752128421313,2.9262476405436066e-148,5.373967725751258e-147
orf19.756,257.26866855733454,-3.3216772358502737,0.27046104634617246,1.1424685330840965e-35,6.392090968259049e-35
orf19.7566,562.6751895445875,-1.1236645768697964,0.15990711534783955,1.1599094003802855e-12,3.3717291880700665e-12
orf19.7567,549.2076739986784,1.635520660346413,0.16301379072610767,3.1896671412042223e-24,1.3763843558866045e-23
orf19.7569,4755.978183301393,2.339697224507659,0.07928997845583277,1.1019073060978231e-192,2.708783157194806e-191
orf19.7571,2486.2093138334913,-1.223595436180518,0.0932877912795703,1.476407213699397e-39,8.967594010057427e-39
orf19.7572,1747.003638431592,-1.143135946473502,0.10546189630641552,1.0162167019076185e-27,4.807012944478159e-27
orf19.7576,132.53306592788996,1.6295719995032063,0.31594900584718905,7.266068526351595e-8,1.661271764135458e-7
orf19.7585,611.0820816240692,-2.391862051301944,0.18273832499512352,3.1514710110202136e-40,1.9367898614970682e-39
orf19.7586,2754.3647221583255,-1.5699171146487756,0.08903486607849856,4.3760576414201264e-70,4.177997540218237e-69
orf19.7595,756.1579453981958,1.0315333605937387,0.13893312174089464,6.73112181157762e-14,2.0663286426494918e-13
orf19.7596,5116.195340305976,7.439972122681233,0.15133537666191868,0,0
orf19.7597,90.38766474552062,6.385717892564702,0.7840893911749669,3.894212301177082e-16,1.3122213496249164e-15
orf19.7599,1090.9664553122852,2.22239490604571,0.1248964769315421,1.4733680630089455e-71,1.4263116566554815e-70
orf19.76,1736.0966197120313,3.3054796225673817,0.11236662310559571,4.42029651797945e-191,1.0823659395397524e-189
orf19.7600,26497.21516771893,1.5310699695975154,0.06228158382554515,3.3929207422552717e-134,5.43215310631844e-133
orf19.7601,335.3286856580987,1.6809997081277097,0.2060468526402022,9.597626004541486e-17,3.3072614112779825e-16
orf19.7602,2914.0143517772317,1.5930351215360834,0.08888839282808525,2.4804479974846606e-72,2.4199870775459718e-71
orf19.7603,610.2032202994891,2.8020372347271776,0.1664879440460426,2.016389369207006e-64,1.775787760413053e-63
orf19.7604,1466.6526795814311,-1.0781842647413742,0.1092731605833487,2.3279765827167424e-23,9.755628041935127e-23
orf19.7618,1098.9316015687716,3.349375583389383,0.13585107146428885,3.7692601408802925e-135,6.11305462848222e-134
orf19.762,7197.527074572078,10.284360124438004,0.30191485304909405,9.760096695408314e-253,3.522661489371648e-251
orf19.7620,224.04550321595377,1.1832829666814606,0.24220321368885328,4.811481183070985e-7,1.0522903154849469e-6
orf19.7624,917.3726712312567,1.8937701017916848,0.1319991332400665,2.744631852593904e-47,1.919090849674842e-46
orf19.7634,1069.4543702569679,-1.8234838202317272,0.1251651142265329,9.41359289825006e-49,6.810947167633068e-48
orf19.7635,1785.8609180313385,2.86991304741184,0.10855744646463407,6.880211269525072e-155,1.3218473589819862e-153
orf19.7637,1989.730223307022,-2.7901191659594726,0.10936363504935898,1.328790831307638e-144,2.3504164166246153e-143
orf19.7638,5458.11646803863,-2.2752427196447953,0.07759223613896994,4.2712085085219816e-188,1.0377208531988814e-186
orf19.764,921.7241965998874,-1.0095538007934526,0.12860396884309117,2.3319063749333767e-15,7.603354258529506e-15
orf19.7645,6729.601834266834,-1.5940111654951974,0.07646507514685005,4.3952683796286e-97,5.445249159206543e-96
orf19.7650,1058.2896569105762,3.0759613576071705,0.13463121204852904,1.5055937996874724e-116,2.093747814086543e-115
orf19.7655,7934.093957326726,-1.3270912125386507,0.07650064412540213,3.751568409239811e-67,3.4097224377428497e-66
orf19.7657,481.21941103788413,4.184197476723299,0.21553087242976404,9.662786207367971e-85,1.0735664960641569e-83
orf19.7664,1168.9195313573327,3.5459967170104476,0.1337691148874185,9.548827027241076e-156,1.863214873690415e-154
orf19.767,2209.684450709283,-1.612279818976477,0.10178680062638404,4.60981918285937e-57,3.7527654469066376e-56
orf19.7680,2131.839833401479,1.868884052335902,0.10115896588135552,4.504764838920833e-77,4.633896483397312e-76
orf19.769,2358.169975377268,1.4277044306357318,0.0926377070271701,5.1965313012200687e-54,4.015735327328974e-53
orf19.772.1,125.88211089143138,1.9978275122825762,0.33507256130086244,4.992307757708175e-10,1.2880979189723077e-9
orf19.773,310.6230761739563,2.5372096196044494,0.22082771637537046,2.4741200557054425e-31,1.265225686144536e-30
orf19.781,150.23408054321052,2.0362632880962352,0.30243810150399214,3.525903445767852e-12,1.0020819806724837e-11
orf19.787,1099.9907311764862,1.0693602188763076,0.12439969984900935,4.320129152132888e-18,1.5683073503440554e-17
orf19.789,32658.292623650486,-2.72844903936092,0.06611474620452297,0,0
orf19.791,1901.311313400764,-1.0437259332605884,0.09879832037787102,2.613006647598419e-26,1.1874536759537502e-25
orf19.792,252.10848036592571,1.9882859707592924,0.23803631942073422,1.419218652501004e-17,5.087027133304402e-17
orf19.797,11309.232242785505,-4.231341125979128,0.07600960280560676,0,0
orf19.8,339.44006325814985,-1.5364115895507302,0.2022990289714713,9.949359439122242e-15,3.151892457528122e-14
orf19.804.1,1981.0539375960352,1.8443147900122254,0.10714899240118898,4.150245919748372e-67,3.7665894655390746e-66
orf19.809,1150.4271750458909,3.778757395088062,0.1427215312683985,1.5404386987620143e-155,2.9871115636863405e-154
orf19.81,240.65885377034277,1.2050061915635615,0.24924813161992287,5.404960869706759e-7,1.1779607563856545e-6
orf19.810,677.6600829805076,1.1902658085684832,0.15066103783950702,1.2920460586774085e-15,4.24607136335881e-15
orf19.813,4784.71458185854,3.1932219189297406,0.08182604983766743,0,0
orf19.820,1596.9007979564901,1.1811376900558064,0.10466941149900344,6.903352000181505e-30,3.4373628300744276e-29
orf19.822,6477.047289074291,7.525025349583088,0.28510012351878805,1.3968471734476012e-155,2.717107087541066e-154
orf19.827.1,4186.2002973973185,-2.0502166991926085,0.091716781187799315,1.8340835121476483e-111,2.4787916558116703e-110
orf19.8278,209.80955623461884,5.6113423454279925,0.7665061897759975,6.564030611918692e-15,2.093248577161405e-14
orf19.828,627.9703191378514,-1.5940940055151607,0.1540963158213702,1.3605137380913572e-25,6.072228578014607e-25
orf19.834,463.5600505995293,-2.1691060402749174,0.18139975698125735,1.1106572232409003e-33,5.983557982671425e-33
orf19.835,1998.844924678021,-1.1347444631114187,0.10315877211749389,2.1988445513611474e-28,1.0544996450613674e-27
orf19.836,163.27416656736963,-1.4047779848654631,0.2884586000534778,3.8836789645199893e-7,8.54464110446188e-7
orf19.836.1,227.2554415109407,2.2409294159948145,0.264828839480104,3.7729787274754195e-18,1.372072170900205e-17
orf19.838.1,6142.503811515438,-2.418662413626804,0.07492055457422687,1.8782491472583456e-229,5.893360640945281e-228
orf19.84,2418.0402699197853,-2.365162382687176,0.09662869967256356,4.046627166740317e-133,6.412979702823994e-132
orf19.840,8283.360995631343,-3.2596900400120923,0.07462413414235318,0,0
orf19.842,3424.436324655878,2.2415764899170343,0.08784125854607891,2.074006762122174e-144,3.6582198369183203e-143
orf19.85,1182.806568944565,-2.8582627088685997,0.12710798805060541,7.441011434660757e-113,1.0100364216961253e-111
orf19.851,415.1259024263055,-1.3436308783669524,0.18261116704898353,7.414416013523924e-14,2.2714177085549706e-13
orf19.852,450.60420730491643,1.4448754251588636,0.17780872802120964,1.5833528259496375e-16,5.411305443475389e-16
orf19.853,220.3342560326698,2.53223366201908,0.26117420623533477,4.785706685434117e-23,1.9908029676116342e-22
orf19.86,2287.361556881271,2.1277204972429176,0.09908709260633469,4.742245784888202e-103,6.080201782513744e-102
orf19.862,398.48599179937844,1.2874683253120134,0.1847472062484566,1.4095626158785534e-12,4.0746800803452256e-12
orf19.864,1612.2102299908197,-1.4206048993171467,0.11034568001978526,2.093715667451238e-38,1.2486304324322377e-37
orf19.87,117.71328477490468,2.043582812873081,0.3429558310602767,5.209484737962694e-10,1.3424689518711951e-9
orf19.88,24412.42059869616,-1.2463822639306337,0.06349010795492942,4.62195677326968e-86,5.171953063135463e-85
orf19.882,6163.18315422367,2.439634142768017,0.07455350354734522,8.30073060379948e-236,2.7423154439219025e-234
orf19.886,8063.4496565897225,-1.0524167555521784,0.07056747750119735,1.6551612399414439e-50,1.2216107307558363e-49
orf19.898,2237.1816040534,-1.978231653173549,0.09619943204620961,1.1448844698868181e-94,1.3800499285662726e-93
orf19.9,505.8006580741338,-2.6202440559598883,0.1791769723522689,3.002534716066869e-49,2.1876110580071797e-48
orf19.906,2283.1410720404624,-1.7636625980936051,0.10239235292596437,4.279299033386246e-67,3.878075930981672e-66
orf19.908,3185.469742160782,-2.3164483240681983,0.08886657944948664,1.4454169712647355e-150,2.7021507690350326e-149
orf19.909.1,563.7215876571505,1.1827092040105567,0.1588688485309762,4.6902120944599943e-14,1.446921161947046e-13
orf19.910,754.1911844535676,1.3057975072454926,0.14219330119340778,1.7080795586479233e-20,6.657458654305639e-20
orf19.920,786.0189465178569,1.9813794775158875,0.14151606386791993,3.707986857780861e-45,2.494899778015484e-44
orf19.921,478.9667295204844,-2.559655377788608,0.18262388264804513,1.916931068894764e-45,1.2967841380475522e-44
orf19.922,15515.00780917439,-3.16357813076418,0.07386307217779094,0,0
orf19.923,3641.282369466997,-3.5006437949041866,0.0907654117214683,0,0
orf19.926,1382.3892209193007,-1.6912706511822997,0.11290447586660188,2.768028896741679e-51,2.0698889139227597e-50
orf19.93,4780.187357215745,3.2285246982847937,0.08175310853597122,0,0
orf19.938,12.138734087593605,-3.6710857438628435,1.4894630532289852,0.0013156551502940157,0.002201809369722818
orf19.94,1714.4106647940057,1.3962566666771377,0.10399513380080942,2.0584354712708058e-41,1.2891545719774235e-40
orf19.940,817.0173843877019,-1.0296866287189832,0.1359006877665934,1.9603016469745186e-14,6.132326394643734e-14
orf19.941,3874.9445184431315,1.016768105191928,0.0853576628144423,8.421084943594478e-33,4.4409843232942495e-32
orf19.944,2853.454911938843,-2.4912744618977256,0.09248113021316096,1.077920542726269e-160,2.1572230348662898e-159
orf19.946,1580.8355504252888,-1.117062390289485,0.1075670907571872,1.4851121874074616e-25,6.614151567883159e-25
orf19.951,443.27144764974383,-1.3388692631159338,0.17771112138990866,1.9548215332213554e-14,6.118248447836663e-14
orf19.962,1068.1756929891292,4.1720773882065165,0.1541898575394932,2.805931208287853e-162,5.6883878131653745e-161
orf19.964,1811.4870069458239,-1.0722909058218346,0.10094602107438949,1.4018924070201297e-26,6.412759113138234e-26
orf19.966,770.7803040189743,1.5135152095699103,0.13973084071046368,8.445486990367617e-28,4.0010334421741574e-27
orf19.967,1179.410010343424,1.4967707081020956,0.11848468795544516,6.0166872027609526e-37,3.462506441846948e-36
orf19.968,8249.709025555545,1.7041004779615039,0.07110810662734661,1.4037772421282564e-127,2.11719446856252e-126
orf19.969,5683.622085974933,2.3894405519338355,0.075878721406594,1.9285921195359838e-218,5.627163174945179e-217
orf19.97,2676.7956871968518,-1.6631762254988267,0.09554004439017233,1.6211907425709938e-68,1.5131113597329276e-67
orf19.970,603.8212367157836,3.212394322852568,0.1717659725341675,6.172501860383548e-79,6.455795915617232e-78
orf19.976,1556.1828173825993,-1.3899101558573896,0.11090958630787856,1.768240745563974e-36,1.0083009329042423e-35
orf19.978,3936.778097163871,-1.2065491106887725,0.08264357418368622,1.284077895315241e-48,9.22644692560226e-48
orf19.979,22977.340789157064,-1.6138641462444399,0.06225465432915398,4.844498168913169e-148,8.84475045809761e-147
orf19.984,34.69881496219242,1.5799284588661198,0.6121187655749561,0.002571996412634104,0.0041898110097801575
orf19.985,697.1890868595725,-1.4189570316549356,0.14759928438979028,2.558044884317368e-22,1.0439498207632448e-21
orf19.988,1861.1672849036868,1.409692934068601,0.10108995993643187,1.7125243443668901e-44,1.1375534049177512e-43
orf19.994,310.01927026157944,1.5868598004492556,0.20945816733719821,1.0861826873647888e-14,3.4374681702512625e-14
orf19.996,343.80769432286075,3.0449041994969788,0.23981895435499243,3.929037382606176e-38,2.3209942684004694e-37
RDN18,53176.40574733765,2.0923049063593355,0.5162680173653647,6.583870807196727e-6,1.3304106576095912e-5
RDN5,62.76089391635954,1.5527145396851736,0.4864381893472787,3.594902888675249e-4,6.346218161404652e-4
RDN58,662.5462409859878,1.210973249191562,0.4234106895202737,0.0015995476749605011,0.0026499272174193072
snR10c,285.8953423210177,-1.9084369724929096,0.22257443576479424,2.578986873942997e-18,9.433622753895765e-18
snR17A,2784.1123450763416,2.2516070544520943,0.2607126373768159,7.521391443279981e-19,2.8021222059570527e-18
snR190,19.318392083639427,2.93643769648059,0.9553289200391898,2.3533953197498516e-4,4.2116940030146384e-4
snR66,23.514725356901614,3.673632417258015,0.9529929926521727,1.0951753729721592e-5,2.177101250823993e-5
