a21_orf19,a22_orf19,a22_id
orf19.13534,orf19.13534,C1_00010W_A
orf19.6115,orf19.6115,C1_00010W_A
orf19.13533,orf19.13533,C1_00020C_A
orf19.6114,orf19.6114,C1_00020C_A
orf19.13532,orf19.13532,C1_00030C_A
orf19.6113,orf19.6113,C1_00030C_A
orf19.13531,orf19.13531,C1_00040W_A
orf19.6112,orf19.6112,C1_00040W_A
orf19.13529,orf19.13529,C1_00050C_A
orf19.6110,orf19.6110,C1_00050C_A
orf19.13528,orf19.13528,C1_00060W_A
orf19.6109,orf19.6109,C1_00060W_A
orf19.13524,orf19.13524,C1_00070W_A
orf19.6105,orf19.6105,C1_00070W_A
orf19.13521,orf19.13521,C1_00080C_A
orf19.6102,orf19.6102,C1_00080C_A
orf19.13522,orf19.13522,C1_00090W_A
orf19.6103,orf19.6103,C1_00090W_A
orf19.13519,orf19.13519,C1_00100C_A
orf19.6100,orf19.6100,C1_00100C_A
orf19.13518,orf19.13518,C1_00110W_A
orf19.6099,orf19.6099,C1_00110W_A
orf19.6096,orf19.6096,C1_00120C_A
orf19.13513,orf19.13513,C1_00130C_A
orf19.6094,orf19.6094,C1_00130C_A
orf19.13511,orf19.13511,C1_00140W_A
orf19.6092,orf19.6092,C1_00140W_A
orf19.13510,orf19.13510,C1_00150C_A
orf19.6091,orf19.6091,C1_00150C_A
orf19.13509,orf19.13509,C1_00160C_A
orf19.6090,orf19.6090,C1_00160C_A
orf19.13505,orf19.13505,C1_00170W_A
orf19.6086,orf19.6086,C1_00170W_A
orf19.13504,orf19.13504,C1_00180W_A
orf19.6085,orf19.6085,C1_00180W_A
orf19.13503,orf19.13503,C1_00190C_A
orf19.6084,orf19.6084,C1_00190C_A
orf19.13502,orf19.13502,C1_00200C_A
orf19.6083,orf19.6083,C1_00200C_A
orf19.13501,orf19.13501,C1_00210C_A
orf19.6082,orf19.6082,C1_00210C_A
orf19.13500,orf19.13500,C1_00220W_A
orf19.6081,orf19.6081,C1_00220W_A
orf19.13499,orf19.13499,C1_00230C_A
orf19.6080,orf19.6080,C1_00230C_A
orf19.6079,orf19.6079,C1_00270W_A
orf19.6078,orf19.6078,C1_00290W_A
orf19.13498,orf19.13498,C1_00310W_A
orf19.6077,orf19.6077,C1_00310W_A
orf19.13497,orf19.13497,C1_00320W_A
orf19.6076,orf19.6076,C1_00320W_A
orf19.13496,orf19.13496,C1_00330C_A
orf19.6075,orf19.6075,C1_00330C_A
orf19.13495,orf19.13495,C1_00340W_A
orf19.6074,orf19.6074,C1_00340W_A
orf19.13494,orf19.13494,C1_00350C_A
orf19.6073,orf19.6073,C1_00350C_A
orf19.13493,orf19.13493,C1_00360W_A
orf19.6072,orf19.6072,C1_00360W_A
orf19.13492,orf19.13492,C1_00380C_A
orf19.6071,orf19.6071,C1_00380C_A
orf19.13491,orf19.13491,C1_00390W_A
orf19.6070,orf19.6070,C1_00390W_A
orf19.13489,orf19.13489,C1_00400W_A
orf19.6068,orf19.6068,C1_00400W_A
orf19.13487,orf19.13487,C1_00410C_A
orf19.6066,orf19.6066,C1_00410C_A
orf19.13486,orf19.13486,C1_00420W_A
orf19.6065,orf19.6065,C1_00420W_A
orf19.13485,orf19.13485,C1_00430W_A
orf19.6064,orf19.6064,C1_00430W_A
orf19.13484,orf19.13484,C1_00440W_A
orf19.6063,orf19.6063,C1_00440W_A
orf19.13483,orf19.13483,C1_00460W_A
orf19.6062,orf19.6062,C1_00460W_A
orf19.13482,orf19.13482,C1_00470C_A
orf19.6061,orf19.6061,C1_00470C_A
orf19.13481,orf19.13481,C1_00480C_A
orf19.6060,orf19.6060,C1_00480C_A
orf19.13480,orf19.13480,C1_00490C_A
orf19.6059,orf19.6059,C1_00490C_A
orf19.13479,orf19.13479,C1_00500C_A
orf19.6058,orf19.6058,C1_00500C_A
orf19.13478,orf19.13478,C1_00510W_A
orf19.6057,orf19.6057,C1_00510W_A
orf19.13477,orf19.13477,C1_00520W_A
orf19.6056,orf19.6056,C1_00520W_A
orf19.13476,orf19.13476,C1_00530C_A
orf19.6055,orf19.6055,C1_00530C_A
orf19.13475,orf19.13475,C1_00540C_A
orf19.6054,orf19.6054,C1_00540C_A
orf19.13474,orf19.13474,C1_00550W_A
orf19.6053,orf19.6053,C1_00550W_A
orf19.13473,orf19.13473,C1_00560W_A
orf19.6052,orf19.6052,C1_00560W_A
orf19.13470,orf19.13470,C1_00570C_A
orf19.6049,orf19.6049,C1_00570C_A
orf19.13469,orf19.13469,C1_00580W_A
orf19.6048,orf19.6048,C1_00580W_A
orf19.13468,orf19.13468,C1_00590W_A
orf19.6047,orf19.6047,C1_00590W_A
orf19.13467,orf19.13467,C1_00600W_A
orf19.6046,orf19.6046,C1_00600W_A
orf19.13466,orf19.13466,C1_00610W_A
orf19.6045,orf19.6045,C1_00610W_A
orf19.13465,orf19.13465,C1_00620W_A
orf19.6044,orf19.6044,C1_00620W_A
orf19.13464,orf19.13464,C1_00630W_A
orf19.6043,orf19.6043,C1_00630W_A
orf19.13462,orf19.13462,C1_00640C_A
orf19.6041,orf19.6041,C1_00640C_A
orf19.13461,orf19.13461,C1_00650C_A
orf19.6040,orf19.6040,C1_00650C_A
orf19.13460,orf19.13460,C1_00660C_A
orf19.6039,orf19.6039,C1_00660C_A
orf19.13459,orf19.13459,C1_00670C_A
orf19.6038,orf19.6038,C1_00670C_A
orf19.13458,orf19.13458,C1_00680W_A
orf19.6037,orf19.6037,C1_00680W_A
orf19.13457,orf19.13457,C1_00690W_A
orf19.6036,orf19.6036,C1_00690W_A
orf19.13456,orf19.13456,C1_00700W_A
orf19.6035,orf19.6035,C1_00700W_A
orf19.13455,orf19.13455,C1_00710C_A
orf19.6034,orf19.6034,C1_00710C_A
orf19.13454,orf19.13454,C1_00730C_A
orf19.6033,orf19.6033,C1_00730C_A
orf19.13453,orf19.13453,C1_00740C_A
orf19.6032,orf19.6032,C1_00740C_A
orf19.13452,orf19.13452,C1_00750C_A
orf19.6031,orf19.6031,C1_00750C_A
orf19.13451,orf19.13451,C1_00760W_A
orf19.6030,orf19.6030,C1_00760W_A
orf19.13450,orf19.13450,C1_00770C_A
orf19.6029,orf19.6029,C1_00770C_A
orf19.13449,orf19.13449,C1_00780C_A
orf19.6028,orf19.6028,C1_00780C_A
orf19.13448,orf19.13448,C1_00790W_A
orf19.6027,orf19.6027,C1_00790W_A
orf19.13447,orf19.13447,C1_00800C_A
orf19.6026,orf19.6026,C1_00800C_A
orf19.13446,orf19.13446,C1_00810W_A
orf19.6025,orf19.6025,C1_00810W_A
orf19.13445,orf19.13445,C1_00820W_A
orf19.6024,orf19.6024,C1_00820W_A
orf19.13444,orf19.13444,C1_00830W_A
orf19.6023,orf19.6023,C1_00830W_A
orf19.13443,orf19.13443,C1_00840C_A
orf19.6022,orf19.6022,C1_00840C_A
orf19.13442,orf19.13442,C1_00850W_A
orf19.6021,orf19.6021,C1_00850W_A
orf19.13441,orf19.13441,C1_00860W_A
orf19.6020,orf19.6020,C1_00860W_A
orf19.13439,orf19.13439,C1_00870W_A
orf19.6018,orf19.6018,C1_00870W_A
orf19.6019,orf19.6019,C1_00870W_A
orf19.13438,orf19.13438,C1_00880W_A
orf19.6017,orf19.6017,C1_00880W_A
orf19.13437,orf19.13437,C1_00890W_A
orf19.6016,orf19.6016,C1_00890W_A
orf19.13435,orf19.13435,C1_00900W_A
orf19.6014,orf19.6014,C1_00900W_A
orf19.13434,orf19.13434,C1_00910W_A
orf19.6013,orf19.6013,C1_00910W_A
orf19.13433,orf19.13433,C1_00920W_A
orf19.6012,orf19.6012,C1_00920W_A
orf19.13432,orf19.13432,C1_00930C_A
orf19.6011,orf19.6011,C1_00930C_A
orf19.13431,orf19.13431,C1_00950C_A
orf19.6010,orf19.6010,C1_00950C_A
orf19.13430,orf19.13430,C1_00960C_A
orf19.6009,orf19.6009,C1_00960C_A
orf19.10798,orf19.10798,C1_00990C_A
orf19.3288,orf19.3288,C1_00990C_A
orf19.10799,orf19.10799,C1_01000C_A
orf19.3289,orf19.3289,C1_01000C_A
orf19.10800,orf19.10800,C1_01010W_A
orf19.3290,orf19.3290,C1_01010W_A
orf19.10801,orf19.10801,C1_01030W_A
orf19.3291,orf19.3291,C1_01030W_A
orf19.10802,orf19.10802,C1_01040W_A
orf19.3292,orf19.3292,C1_01040W_A
orf19.10803,orf19.10803,C1_01050C_A
orf19.3293,orf19.3293,C1_01050C_A
orf19.10804,orf19.10804,C1_01060W_A
orf19.3294,orf19.3294,C1_01060W_A
orf19.10805,orf19.10805,C1_01070C_A
orf19.3295,orf19.3295,C1_01070C_A
orf19.10806,orf19.10806,C1_01080W_A
orf19.3296,orf19.3296,C1_01080W_A
orf19.10807,orf19.10807,C1_01090C_A
orf19.3297,orf19.3297,C1_01090C_A
orf19.10808,orf19.10808,C1_01100W_A
orf19.3298,orf19.3298,C1_01100W_A
orf19.10810,orf19.10810,C1_01110C_A
orf19.3300,orf19.3300,C1_01110C_A
orf19.10811,orf19.10811,C1_01130W_A
orf19.3301,orf19.3301,C1_01130W_A
orf19.10812,orf19.10812,C1_01140C_A
orf19.3302,orf19.3302,C1_01140C_A
orf19.10813,orf19.10813,C1_01150C_A
orf19.3303,orf19.3303,C1_01150C_A
orf19.10814,orf19.10814,C1_01160C_A
orf19.3304,orf19.3304,C1_01160C_A
orf19.10815,orf19.10815,C1_01170C_A
orf19.3305,orf19.3305,C1_01170C_A
orf19.10816,orf19.10816,C1_01180C_A
orf19.3306,orf19.3306,C1_01180C_A
orf19.10817,orf19.10817,C1_01190C_A
orf19.3307,orf19.3307,C1_01190C_A
orf19.10818,orf19.10818,C1_01200W_A
orf19.3308,orf19.3308,C1_01200W_A
orf19.10819,orf19.10819,C1_01210W_A
orf19.3309,orf19.3309,C1_01210W_A
orf19.10820,orf19.10820,C1_01220C_A
orf19.3310,orf19.3310,C1_01220C_A
orf19.10821,orf19.10821,C1_01240W_A
orf19.3311,orf19.3311,C1_01240W_A
orf19.10822,orf19.10822,C1_01250W_A
orf19.3312,orf19.3312,C1_01250W_A
orf19.10824,orf19.10824,C1_01260C_A
orf19.3314,orf19.3314,C1_01260C_A
orf19.10825,orf19.10825,C1_01270W_A
orf19.3315,orf19.3315,C1_01270W_A
orf19.10827,orf19.10827,C1_01280C_A
orf19.3317,orf19.3317,C1_01280C_A
orf19.10828,orf19.10828,C1_01290C_A
orf19.3318,orf19.3318,C1_01290C_A
orf19.10829,orf19.10829,C1_01300W_A
orf19.3319,orf19.3319,C1_01300W_A
orf19.10830,orf19.10830,C1_01310W_A
orf19.3320,orf19.3320,C1_01310W_A
orf19.10831,orf19.10831,C1_01320W_A
orf19.3321,orf19.3321,C1_01320W_A
orf19.10832,orf19.10832,C1_01330C_A
orf19.3322,orf19.3322,C1_01330C_A
orf19.10833,orf19.10833,C1_01340C_A
orf19.3323,orf19.3323,C1_01340C_A
orf19.10834,orf19.10834,C1_01350C_A
orf19.3324,orf19.3324,C1_01350C_A
orf19.10835,orf19.10835,C1_01360C_A
orf19.3325,orf19.3325,C1_01360C_A
orf19.10837,orf19.10837,C1_01380C_A
orf19.3327,orf19.3327,C1_01380C_A
orf19.10838,orf19.10838,C1_01390C_A
orf19.3328,orf19.3328,C1_01390C_A
orf19.10839,orf19.10839,C1_01400C_A
orf19.3329,orf19.3329,C1_01400C_A
orf19.10840,orf19.10840,C1_01420C_A
orf19.3330,orf19.3330,C1_01420C_A
orf19.10841,orf19.10841,C1_01440C_A
orf19.10842,orf19.10842,C1_01450W_A
orf19.3331,orf19.3331,C1_01450W_A
orf19.10843,orf19.10843,C1_01460W_A
orf19.3332,orf19.3332,C1_01460W_A
orf19.10844,orf19.10844,C1_01470W_A
orf19.3333,orf19.3333,C1_01470W_A
orf19.10845,orf19.10845,C1_01480C_A
orf19.3334,orf19.3334,C1_01480C_A
orf19.10846,orf19.10846,C1_01490W_A
orf19.3335,orf19.3335,C1_01490W_A
orf19.3336,orf19.3336,C1_01500W_A
orf19.10847,orf19.10847,C1_01510W_A
orf19.3337,orf19.3337,C1_01510W_A
orf19.3338,orf19.3338,C1_01510W_A
orf19.10848,orf19.10848,C1_01520C_A
orf19.3340,orf19.3340,C1_01520C_A
orf19.10849,orf19.10849,C1_01530C_A
orf19.3341,orf19.3341,C1_01530C_A
orf19.10850,orf19.10850,C1_01540W_A
orf19.3342,orf19.3342,C1_01540W_A
orf19.10852,orf19.10852,C1_01550W_A
orf19.3344,orf19.3344,C1_01550W_A
orf19.10853,orf19.10853,C1_01560W_A
orf19.3345,orf19.3345,C1_01560W_A
orf19.10855,orf19.10855,C1_01570C_A
orf19.3347,orf19.3347,C1_01570C_A
orf19.10856,orf19.10856,C1_01580W_A
orf19.3348,orf19.3348,C1_01580W_A
orf19.10857,orf19.10857,C1_01590C_A
orf19.3349,orf19.3349,C1_01590C_A
orf19.10858,orf19.10858,C1_01600W_A
orf19.3350,orf19.3350,C1_01600W_A
orf19.10859,orf19.10859,C1_01610C_A
orf19.3351,orf19.3351,C1_01610C_A
orf19.10860,orf19.10860,C1_01620C_A
orf19.3352,orf19.3352,C1_01620C_A
orf19.10861,orf19.10861,C1_01630W_A
orf19.3353,orf19.3353,C1_01630W_A
orf19.10862,orf19.10862,C1_01640W_A
orf19.3354,orf19.3354,C1_01640W_A
orf19.10863,orf19.10863,C1_01650W_A
orf19.3355,orf19.3355,C1_01650W_A
orf19.10864,orf19.10864,C1_01670C_A
orf19.3356,orf19.3356,C1_01670C_A
orf19.10865,orf19.10865,C1_01680C_A
orf19.3357,orf19.3357,C1_01680C_A
orf19.10866,orf19.10866,C1_01690C_A
orf19.3358,orf19.3358,C1_01690C_A
orf19.10867,orf19.10867,C1_01700W_A
orf19.3359,orf19.3359,C1_01700W_A
orf19.10868,orf19.10868,C1_01710W_A
orf19.3360,orf19.3360,C1_01710W_A
orf19.10869,orf19.10869,C1_01740W_A
orf19.12026,orf19.12026,C1_01740W_A
orf19.3361,orf19.3361,C1_01740W_A
orf19.361,orf19.361,C1_01740W_A
orf19.4551,orf19.4551,C1_01740W_A
orf19.12025,orf19.12025,C1_01750W_A
orf19.4550,orf19.4550,C1_01750W_A
orf19.12024,orf19.12024,C1_01760W_A
orf19.4549,orf19.4549,C1_01760W_A
orf19.12023,orf19.12023,C1_01770W_A
orf19.4548,orf19.4548,C1_01770W_A
orf19.12021,orf19.12021,C1_01780C_A
orf19.4546,orf19.4546,C1_01780C_A
orf19.12020,orf19.12020,C1_01790W_A
orf19.4545,orf19.4545,C1_01790W_A
orf19.12019,orf19.12019,C1_01800W_A
orf19.4544,orf19.4544,C1_01800W_A
orf19.12018,orf19.12018,C1_01810C_A
orf19.4543,orf19.4543,C1_01810C_A
orf19.12017,orf19.12017,C1_01820C_A
orf19.4542,orf19.4542,C1_01820C_A
orf19.12015,orf19.12015,C1_01830C_A
orf19.4540,orf19.4540,C1_01830C_A
orf19.12014,orf19.12014,C1_01840C_A
orf19.4539,orf19.4539,C1_01840C_A
orf19.12013,orf19.12013,C1_01850C_A
orf19.4538,orf19.4538,C1_01850C_A
orf19.12012,orf19.12012,C1_01860W_A
orf19.4537,orf19.4537,C1_01860W_A
orf19.12011,orf19.12011,C1_01870C_A
orf19.4536,orf19.4536,C1_01870C_A
orf19.12010,orf19.12010,C1_01880C_A
orf19.4535,orf19.4535,C1_01880C_A
orf19.12009,orf19.12009,C1_01890C_A
orf19.4534,orf19.4534,C1_01890C_A
orf19.12008,orf19.12008,C1_01900C_A
orf19.4533,orf19.4533,C1_01900C_A
orf19.12007,orf19.12007,C1_01910W_A
orf19.4532,orf19.4532,C1_01910W_A
orf19.12006,orf19.12006,C1_01920W_A
orf19.4531,orf19.4531,C1_01920W_A
orf19.12004,orf19.12004,C1_01940C_A
orf19.4529,orf19.4529,C1_01940C_A
orf19.12003,orf19.12003,C1_01950C_A
orf19.4528,orf19.4528,C1_01950C_A
orf19.12002,orf19.12002,C1_01980W_A
orf19.4527,orf19.4527,C1_01980W_A
orf19.12001,orf19.12001,C1_01990W_A
orf19.4526,orf19.4526,C1_01990W_A
orf19.12000,orf19.12000,C1_02000W_A
orf19.4525,orf19.4525,C1_02000W_A
orf19.11999,orf19.11999,C1_02010C_A
orf19.4524,orf19.4524,C1_02010C_A
orf19.11998,orf19.11998,C1_02020W_A
orf19.4523,orf19.4523,C1_02020W_A
orf19.11997,orf19.11997,C1_02030C_A
orf19.4522,orf19.4522,C1_02030C_A
orf19.11145,orf19.11145,C1_02040C_A
orf19.3661,orf19.3661,C1_02040C_A
orf19.11147,orf19.11147,C1_02050C_A
orf19.3663,orf19.3663,C1_02050C_A
orf19.11148,orf19.11148,C1_02070W_A
orf19.3664,orf19.3664,C1_02070W_A
orf19.11149,orf19.11149,C1_02080W_A
orf19.3665,orf19.3665,C1_02080W_A
orf19.11150,orf19.11150,C1_02090C_A
orf19.3666,orf19.3666,C1_02090C_A
orf19.11151,orf19.11151,C1_02100W_A
orf19.3667,orf19.3667,C1_02100W_A
orf19.11152,orf19.11152,C1_02110C_A
orf19.3668,orf19.3668,C1_02110C_A
orf19.11153,orf19.11153,C1_02120C_A
orf19.3669,orf19.3669,C1_02120C_A
orf19.11154,orf19.11154,C1_02130C_A
orf19.3670,orf19.3670,C1_02130C_A
orf19.11155,orf19.11155,C1_02140C_A
orf19.3671,orf19.3671,C1_02140C_A
orf19.11156,orf19.11156,C1_02150W_A
orf19.3672,orf19.3672,C1_02150W_A
orf19.11157,orf19.11157,C1_02160W_A
orf19.3673,orf19.3673,C1_02160W_A
orf19.11158,orf19.11158,C1_02170C_A
orf19.3674,orf19.3674,C1_02170C_A
orf19.11159,orf19.11159,C1_02180W_A
orf19.3675,orf19.3675,C1_02180W_A
orf19.11160,orf19.11160,C1_02190W_A
orf19.3676,orf19.3676,C1_02190W_A
orf19.11161,orf19.11161,C1_02200C_A
orf19.3677,orf19.3677,C1_02200C_A
orf19.11162,orf19.11162,C1_02210W_A
orf19.3678,orf19.3678,C1_02210W_A
orf19.11163,orf19.11163,C1_02220C_A
orf19.3679,orf19.3679,C1_02220C_A
orf19.11164,orf19.11164,C1_02230W_A
orf19.3680,orf19.3680,C1_02230W_A
orf19.11165,orf19.11165,C1_02240W_A
orf19.3681,orf19.3681,C1_02240W_A
orf19.11166,orf19.11166,C1_02250W_A
orf19.3682,orf19.3682,C1_02250W_A
orf19.11167,orf19.11167,C1_02260C_A
orf19.3683,orf19.3683,C1_02260C_A
orf19.11168,orf19.11168,C1_02270C_A
orf19.3684,orf19.3684,C1_02270C_A
orf19.11169,orf19.11169,C1_02280C_A
orf19.3685,orf19.3685,C1_02280C_A
orf19.11170,orf19.11170,C1_02290C_A
orf19.3686,orf19.3686,C1_02290C_A
orf19.11171,orf19.11171,C1_02300W_A
orf19.3687,orf19.3687,C1_02300W_A
orf19.11172,orf19.11172,C1_02310C_A
orf19.3688,orf19.3688,C1_02310C_A
orf19.11173,orf19.11173,C1_02320C_A
orf19.11174,orf19.11174,C1_02320C_A
orf19.3689,orf19.3689,C1_02320C_A
orf19.3690,orf19.3690,C1_02320C_A
orf19.11175,orf19.11175,C1_02350W_A
orf19.3691,orf19.3691,C1_02350W_A
orf19.11177,orf19.11177,C1_02360C_A
orf19.3693,orf19.3693,C1_02360C_A
orf19.11178,orf19.11178,C1_02370C_A
orf19.3694,orf19.3694,C1_02370C_A
orf19.10442,orf19.10442,C1_02380C_A
orf19.2925,orf19.2925,C1_02380C_A
orf19.10443,orf19.10443,C1_02390W_A
orf19.2926,orf19.2926,C1_02390W_A
orf19.10444,orf19.10444,C1_02400C_A
orf19.2927,orf19.2927,C1_02400C_A
orf19.10445,orf19.10445,C1_02410C_A
orf19.2928,orf19.2928,C1_02410C_A
orf19.10446,orf19.10446,C1_02420C_A
orf19.2929,orf19.2929,C1_02420C_A
orf19.10447,orf19.10447,C1_02430C_A
orf19.2930,orf19.2930,C1_02430C_A
orf19.10450,orf19.10450,C1_02440C_A
orf19.2933,orf19.2933,C1_02440C_A
orf19.10451,orf19.10451,C1_02450C_A
orf19.2934,orf19.2934,C1_02450C_A
orf19.10452,orf19.10452,C1_02460W_A
orf19.2935,orf19.2935,C1_02460W_A
orf19.10453,orf19.10453,C1_02470W_A
orf19.2936,orf19.2936,C1_02470W_A
orf19.10454,orf19.10454,C1_02480W_A
orf19.2937,orf19.2937,C1_02480W_A
orf19.10455,orf19.10455,C1_02490C_A
orf19.2938,orf19.2938,C1_02490C_A
orf19.10456,orf19.10456,C1_02500W_A
orf19.2939,orf19.2939,C1_02500W_A
orf19.10457,orf19.10457,C1_02510W_A
orf19.2940,orf19.2940,C1_02510W_A
orf19.10458,orf19.10458,C1_02520W_A
orf19.2941,orf19.2941,C1_02520W_A
orf19.10459,orf19.10459,C1_02530C_A
orf19.10460,orf19.10460,C1_02530C_A
orf19.2942,orf19.2942,C1_02530C_A
orf19.2943,orf19.2943,C1_02530C_A
orf19.10462,orf19.10462,C1_02570C_A
orf19.2945,orf19.2945,C1_02570C_A
orf19.10463,orf19.10463,C1_02580W_A
orf19.2946,orf19.2946,C1_02580W_A
orf19.10464,orf19.10464,C1_02590C_A
orf19.2947,orf19.2947,C1_02590C_A
orf19.10465,orf19.10465,C1_02600W_A
orf19.2948,orf19.2948,C1_02600W_A
orf19.10466,orf19.10466,C1_02610W_A
orf19.2949,orf19.2949,C1_02610W_A
orf19.10468,orf19.10468,C1_02620C_A
orf19.2951,orf19.2951,C1_02620C_A
orf19.10469,orf19.10469,C1_02630C_A
orf19.2952,orf19.2952,C1_02630C_A
orf19.10470,orf19.10470,C1_02640C_A
orf19.2953,orf19.2953,C1_02640C_A
orf19.10471,orf19.10471,C1_02650W_A
orf19.2954,orf19.2954,C1_02650W_A
orf19.10473,orf19.10473,C1_02660C_A
orf19.2956,orf19.2956,C1_02660C_A
orf19.10474,orf19.10474,C1_02670C_A
orf19.2957,orf19.2957,C1_02670C_A
orf19.10475,orf19.10475,C1_02680C_A
orf19.2958,orf19.2958,C1_02680C_A
orf19.10476,orf19.10476,C1_02690C_A
orf19.2959,orf19.2959,C1_02690C_A
orf19.10477,orf19.10477,C1_02710W_A
orf19.2960,orf19.2960,C1_02710W_A
orf19.10478,orf19.10478,C1_02720W_A
orf19.2961,orf19.2961,C1_02720W_A
orf19.10479,orf19.10479,C1_02730W_A
orf19.2962,orf19.2962,C1_02730W_A
orf19.10480,orf19.10480,C1_02740C_A
orf19.2963,orf19.2963,C1_02740C_A
orf19.10481,orf19.10481,C1_02750C_A
orf19.2964,orf19.2964,C1_02750C_A
orf19.10482,orf19.10482,C1_02760W_A
orf19.2965,orf19.2965,C1_02760W_A
orf19.10483,orf19.10483,C1_02780W_A
orf19.2966,orf19.2966,C1_02780W_A
orf19.10484,orf19.10484,C1_02790W_A
orf19.2967,orf19.2967,C1_02790W_A
orf19.2968,orf19.2968,C1_02800W_A
orf19.10486,orf19.10486,C1_02810W_A
orf19.2969,orf19.2969,C1_02810W_A
orf19.10487,orf19.10487,C1_02820W_A
orf19.2970,orf19.2970,C1_02820W_A
orf19.10488,orf19.10488,C1_02830W_A
orf19.2971,orf19.2971,C1_02830W_A
orf19.10489,orf19.10489,C1_02840W_A
orf19.2972,orf19.2972,C1_02840W_A
orf19.10490,orf19.10490,C1_02850W_A
orf19.2973,orf19.2973,C1_02850W_A
orf19.10491,orf19.10491,C1_02860C_A
orf19.2974,orf19.2974,C1_02860C_A
orf19.10492,orf19.10492,C1_02870W_A
orf19.2975,orf19.2975,C1_02870W_A
orf19.10494,orf19.10494,C1_02880C_A
orf19.2977,orf19.2977,C1_02880C_A
orf19.10495,orf19.10495,C1_02890C_A
orf19.2978,orf19.2978,C1_02890C_A
orf19.10497,orf19.10497,C1_02900C_A
orf19.2980,orf19.2980,C1_02900C_A
orf19.10499,orf19.10499,C1_02910C_A
orf19.2982,orf19.2982,C1_02910C_A
orf19.10500,orf19.10500,C1_02920W_A
orf19.2983,orf19.2983,C1_02920W_A
orf19.10501,orf19.10501,C1_02930C_A
orf19.2984,orf19.2984,C1_02930C_A
orf19.10502,orf19.10502,C1_02940C_A
orf19.2985,orf19.2985,C1_02940C_A
orf19.10503,orf19.10503,C1_02950W_A
orf19.2986,orf19.2986,C1_02950W_A
orf19.10504,orf19.10504,C1_02960C_A
orf19.2987,orf19.2987,C1_02960C_A
orf19.10505,orf19.10505,C1_02970W_A
orf19.2988,orf19.2988,C1_02970W_A
orf19.10506,orf19.10506,C1_02980W_A
orf19.2989,orf19.2989,C1_02980W_A
orf19.10507,orf19.10507,C1_02990C_A
orf19.2990,orf19.2990,C1_02990C_A
orf19.10508,orf19.10508,C1_03000W_A
orf19.2991,orf19.2991,C1_03000W_A
orf19.10509,orf19.10509,C1_03010W_A
orf19.2992,orf19.2992,C1_03010W_A
orf19.10511,orf19.10511,C1_03020C_A
orf19.2994,orf19.2994,C1_03020C_A
orf19.10512,orf19.10512,C1_03040W_A
orf19.2995,orf19.2995,C1_03040W_A
orf19.10513,orf19.10513,C1_03050W_A
orf19.2996,orf19.2996,C1_03050W_A
orf19.10515,orf19.10515,C1_03060C_A
orf19.2998,orf19.2998,C1_03060C_A
orf19.10518,orf19.10518,C1_03070C_A
orf19.3000,orf19.3000,C1_03070C_A
orf19.10519,orf19.10519,C1_03080C_A
orf19.3001,orf19.3001,C1_03080C_A
orf19.10520,orf19.10520,C1_03090W_A
orf19.3002,orf19.3002,C1_03090W_A
orf19.10521,orf19.10521,C1_03100W_A
orf19.3003,orf19.3003,C1_03100W_A
orf19.10522,orf19.10522,C1_03120W_A
orf19.3004,orf19.3004,C1_03120W_A
orf19.10524,orf19.10524,C1_03130C_A
orf19.3006,orf19.3006,C1_03130C_A
orf19.10525,orf19.10525,C1_03140W_A
orf19.3007,orf19.3007,C1_03140W_A
orf19.10526,orf19.10526,C1_03160C_A
orf19.3008,orf19.3008,C1_03160C_A
orf19.10527,orf19.10527,C1_03170C_A
orf19.3009,orf19.3009,C1_03170C_A
orf19.10528,orf19.10528,C1_03180W_A
orf19.3010,orf19.3010,C1_03180W_A
orf19.10530,orf19.10530,C1_03200C_A
orf19.3012,orf19.3012,C1_03200C_A
orf19.10531,orf19.10531,C1_03210C_A
orf19.3013,orf19.3013,C1_03210C_A
orf19.10532,orf19.10532,C1_03220C_A
orf19.3014,orf19.3014,C1_03220C_A
orf19.10533,orf19.10533,C1_03230C_A
orf19.3015,orf19.3015,C1_03230C_A
orf19.10534,orf19.10534,C1_03240W_A
orf19.3016,orf19.3016,C1_03240W_A
orf19.10536,orf19.10536,C1_03250C_A
orf19.3018,orf19.3018,C1_03250C_A
orf19.10537,orf19.10537,C1_03260W_A
orf19.3019,orf19.3019,C1_03260W_A
orf19.10539,orf19.10539,C1_03270W_A
orf19.3021,orf19.3021,C1_03270W_A
orf19.10540,orf19.10540,C1_03280W_A
orf19.3022,orf19.3022,C1_03280W_A
orf19.10541,orf19.10541,C1_03290W_A
orf19.3023,orf19.3023,C1_03290W_A
orf19.10544,orf19.10544,C1_03300C_A
orf19.3026,orf19.3026,C1_03300C_A
orf19.10545,orf19.10545,C1_03310W_A
orf19.3027,orf19.3027,C1_03310W_A
orf19.10547,orf19.10547,C1_03320C_A
orf19.3029,orf19.3029,C1_03320C_A
orf19.10548,orf19.10548,C1_03330C_A
orf19.3030,orf19.3030,C1_03330C_A
orf19.10549,orf19.10549,C1_03340C_A
orf19.3031,orf19.3031,C1_03340C_A
orf19.10552,orf19.10552,C1_03350C_A
orf19.3034,orf19.3034,C1_03350C_A
orf19.10553,orf19.10553,C1_03360W_A
orf19.3035,orf19.3035,C1_03360W_A
orf19.10555,orf19.10555,C1_03370W_A
orf19.3037,orf19.3037,C1_03370W_A
orf19.10556,orf19.10556,C1_03380W_A
orf19.3038,orf19.3038,C1_03380W_A
orf19.10558,orf19.10558,C1_03390W_A
orf19.3040,orf19.3040,C1_03390W_A
orf19.10559,orf19.10559,C1_03400W_A
orf19.3041,orf19.3041,C1_03400W_A
orf19.10560,orf19.10560,C1_03410W_A
orf19.3042,orf19.3042,C1_03410W_A
orf19.10561,orf19.10561,C1_03430W_A
orf19.3043,orf19.3043,C1_03430W_A
orf19.10563,orf19.10563,C1_03440C_A
orf19.3045,orf19.3045,C1_03440C_A
orf19.10565,orf19.10565,C1_03450C_A
orf19.3047,orf19.3047,C1_03450C_A
orf19.10566,orf19.10566,C1_03460C_A
orf19.3048,orf19.3048,C1_03460C_A
orf19.10567,orf19.10567,C1_03470C_A
orf19.3049,orf19.3049,C1_03470C_A
orf19.10568,orf19.10568,C1_03480C_A
orf19.3050,orf19.3050,C1_03480C_A
orf19.10569,orf19.10569,C1_03490W_A
orf19.3051,orf19.3051,C1_03490W_A
orf19.10570,orf19.10570,C1_03500W_A
orf19.3052,orf19.3052,C1_03500W_A
orf19.10571,orf19.10571,C1_03510C_A
orf19.3053,orf19.3053,C1_03510C_A
orf19.10572,orf19.10572,C1_03520W_A
orf19.3054,orf19.3054,C1_03520W_A
orf19.10573,orf19.10573,C1_03530W_A
orf19.3055,orf19.3055,C1_03530W_A
orf19.10575,orf19.10575,C1_03540C_A
orf19.3057,orf19.3057,C1_03540C_A
orf19.10576,orf19.10576,C1_03550C_A
orf19.3058,orf19.3058,C1_03550C_A
orf19.10577,orf19.10577,C1_03560C_A
orf19.3059,orf19.3059,C1_03560C_A
orf19.10578,orf19.10578,C1_03600W_A
orf19.3060,orf19.3060,C1_03600W_A
orf19.10579,orf19.10579,C1_03610C_A
orf19.3061,orf19.3061,C1_03610C_A
orf19.10580,orf19.10580,C1_03630W_A
orf19.3062,orf19.3062,C1_03630W_A
orf19.10581,orf19.10581,C1_03640C_A
orf19.3063,orf19.3063,C1_03640C_A
orf19.10582,orf19.10582,C1_03650C_A
orf19.3064,orf19.3064,C1_03650C_A
orf19.10583,orf19.10583,C1_03670C_A
orf19.3065,orf19.3065,C1_03670C_A
orf19.10584,orf19.10584,C1_03680W_A
orf19.3066,orf19.3066,C1_03680W_A
orf19.71,orf19.71,C1_03690W_A
orf19.1133,orf19.1133,C1_03710C_A
orf19.8726,orf19.8726,C1_03710C_A
orf19.1037,orf19.1037,C1_03720C_A
orf19.1038,orf19.1038,C1_03720C_A
orf19.8639,orf19.8639,C1_03720C_A
orf19.8640,orf19.8640,C1_03720C_A
orf19.1036,orf19.1036,C1_03730C_A
orf19.8638,orf19.8638,C1_03730C_A
orf19.1035,orf19.1035,C1_03740W_A
orf19.8637,orf19.8637,C1_03740W_A
orf19.1034,orf19.1034,C1_03750W_A
orf19.8636,orf19.8636,C1_03750W_A
orf19.1033,orf19.1033,C1_03760C_A
orf19.8635,orf19.8635,C1_03760C_A
orf19.1032,orf19.1032,C1_03770W_A
orf19.8634,orf19.8634,C1_03770W_A
orf19.1031,orf19.1031,C1_03780C_A
orf19.8633,orf19.8633,C1_03780C_A
orf19.1030,orf19.1030,C1_03790C_A
orf19.8632,orf19.8632,C1_03790C_A
orf19.1029,orf19.1029,C1_03800W_A
orf19.8631,orf19.8631,C1_03800W_A
orf19.1028,orf19.1028,C1_03810C_A
orf19.8630,orf19.8630,C1_03810C_A
orf19.1027,orf19.1027,C1_03820W_A
orf19.8629,orf19.8629,C1_03820W_A
orf19.1026,orf19.1026,C1_03830C_A
orf19.8628,orf19.8628,C1_03830C_A
orf19.11937,orf19.11937,C1_03860C_A
orf19.4457,orf19.4457,C1_03860C_A
orf19.11939,orf19.11939,C1_03870C_A
orf19.4459,orf19.4459,C1_03870C_A
orf19.11941,orf19.11941,C1_03880C_A
orf19.4461,orf19.4461,C1_03880C_A
orf19.11943,orf19.11943,C1_03890W_A
orf19.4463,orf19.4463,C1_03890W_A
orf19.11944,orf19.11944,C1_03900W_A
orf19.4464,orf19.4464,C1_03900W_A
orf19.11945,orf19.11945,C1_03910C_A
orf19.4465,orf19.4465,C1_03910C_A
orf19.11947,orf19.11947,C1_03920C_A
orf19.4466,orf19.4466,C1_03920C_A
orf19.11948,orf19.11948,C1_03930W_A
orf19.4467,orf19.4467,C1_03930W_A
orf19.11949,orf19.11949,C1_03940W_A
orf19.4468,orf19.4468,C1_03940W_A
orf19.4470,orf19.4470,C1_03950C_A
orf19.11951,orf19.11951,C1_03960C_A
orf19.4471,orf19.4471,C1_03960C_A
orf19.11952,orf19.11952,C1_03970W_A
orf19.4472,orf19.4472,C1_03970W_A
orf19.11953,orf19.11953,C1_03980W_A
orf19.4473,orf19.4473,C1_03980W_A
orf19.11954,orf19.11954,C1_03990W_A
orf19.4474,orf19.4474,C1_03990W_A
orf19.11955,orf19.11955,C1_04000C_A
orf19.4475,orf19.4475,C1_04000C_A
orf19.11957,orf19.11957,C1_04010C_A
orf19.4476,orf19.4476,C1_04010C_A
orf19.4477,orf19.4477,C1_04020C_A
orf19.11958,orf19.11958,C1_04030W_A
orf19.4478,orf19.4478,C1_04030W_A
orf19.11959,orf19.11959,C1_04040C_A
orf19.11960,orf19.11960,C1_04040C_A
orf19.4479,orf19.4479,C1_04040C_A
orf19.4480,orf19.4480,C1_04040C_A
orf19.11961,orf19.11961,C1_04050C_A
orf19.4481,orf19.4481,C1_04050C_A
orf19.11962,orf19.11962,C1_04060W_A
orf19.11963,orf19.11963,C1_04060W_A
orf19.4482,orf19.4482,C1_04060W_A
orf19.4483,orf19.4483,C1_04060W_A
orf19.1039,orf19.1039,C1_04070C_A
orf19.8641,orf19.8641,C1_04070C_A
orf19.1040,orf19.1040,C1_04080W_A
orf19.8642,orf19.8642,C1_04080W_A
orf19.1041,orf19.1041,C1_04090C_A
orf19.8643,orf19.8643,C1_04090C_A
orf19.1042,orf19.1042,C1_04100C_A
orf19.8644,orf19.8644,C1_04100C_A
orf19.1043,orf19.1043,C1_04110W_A
orf19.8645,orf19.8645,C1_04110W_A
orf19.1045,orf19.1045,C1_04120C_A
orf19.8647,orf19.8647,C1_04120C_A
orf19.1047,orf19.1047,C1_04130W_A
orf19.8649,orf19.8649,C1_04130W_A
orf19.1048,orf19.1048,C1_04140W_A
orf19.8650,orf19.8650,C1_04140W_A
orf19.1049,orf19.1049,C1_04150C_A
orf19.8651,orf19.8651,C1_04150C_A
orf19.1050,orf19.1050,C1_04160C_A
orf19.8652,orf19.8652,C1_04160C_A
orf19.1051,orf19.1051,C1_04170C_A
orf19.8653,orf19.8653,C1_04170C_A
orf19.1052,orf19.1052,C1_04180W_A
orf19.8654,orf19.8654,C1_04180W_A
orf19.1053,orf19.1053,C1_04190C_A
orf19.8655,orf19.8655,C1_04190C_A
orf19.1054,orf19.1054,C1_04200C_A
orf19.8656,orf19.8656,C1_04200C_A
orf19.1055,orf19.1055,C1_04210C_A
orf19.8657,orf19.8657,C1_04210C_A
orf19.1057,orf19.1057,C1_04220C_A
orf19.8659,orf19.8659,C1_04220C_A
orf19.1058,orf19.1058,C1_04230W_A
orf19.8660,orf19.8660,C1_04230W_A
orf19.1059,orf19.1059,C1_04240C_A
orf19.8661,orf19.8661,C1_04240C_A
orf19.1060,orf19.1060,C1_04250C_A
orf19.8662,orf19.8662,C1_04250C_A
orf19.1061,orf19.1061,C1_04260W_A
orf19.8663,orf19.8663,C1_04260W_A
orf19.1062,orf19.1062,C1_04270C_A
orf19.8664,orf19.8664,C1_04270C_A
orf19.1063,orf19.1063,C1_04280C_A
orf19.8665,orf19.8665,C1_04280C_A
orf19.1064,orf19.1064,C1_04290C_A
orf19.8666,orf19.8666,C1_04290C_A
orf19.1065,orf19.1065,C1_04300C_A
orf19.8667,orf19.8667,C1_04300C_A
orf19.1066,orf19.1066,C1_04310C_A
orf19.8668,orf19.8668,C1_04310C_A
orf19.1067,orf19.1067,C1_04320W_A
orf19.8669,orf19.8669,C1_04320W_A
orf19.1069,orf19.1069,C1_04330W_A
orf19.8671,orf19.8671,C1_04330W_A
orf19.1070,orf19.1070,C1_04340C_A
orf19.8672,orf19.8672,C1_04340C_A
orf19.1071,orf19.1071,C1_04350C_A
orf19.12670,orf19.12670,C1_04350C_A
orf19.5203,orf19.5203,C1_04350C_A
orf19.8673,orf19.8673,C1_04350C_A
orf19.12668,orf19.12668,C1_04370C_A
orf19.5201,orf19.5201,C1_04370C_A
orf19.12667,orf19.12667,C1_04380W_A
orf19.5200,orf19.5200,C1_04380W_A
orf19.12665,orf19.12665,C1_04390C_A
orf19.5198,orf19.5198,C1_04390C_A
orf19.12664,orf19.12664,C1_04400C_A
orf19.5197,orf19.5197,C1_04400C_A
orf19.12663,orf19.12663,C1_04410C_A
orf19.5196,orf19.5196,C1_04410C_A
orf19.12662,orf19.12662,C1_04420C_A
orf19.5195,orf19.5195,C1_04420C_A
orf19.12660,orf19.12660,C1_04450C_A
orf19.14127,orf19.14127,C1_04450C_A
orf19.5193,orf19.5193,C1_04450C_A
orf19.6837,orf19.6837,C1_04450C_A
orf19.14128,orf19.14128,C1_04460C_A
orf19.6838,orf19.6838,C1_04460C_A
orf19.14130,orf19.14130,C1_04470C_A
orf19.6840,orf19.6840,C1_04470C_A
orf19.14132,orf19.14132,C1_04480C_A
orf19.6842,orf19.6842,C1_04480C_A
orf19.14133,orf19.14133,C1_04490W_A
orf19.6843,orf19.6843,C1_04490W_A
orf19.14134,orf19.14134,C1_04500W_A
orf19.6844,orf19.6844,C1_04500W_A
orf19.14135,orf19.14135,C1_04510W_A
orf19.6845,orf19.6845,C1_04510W_A
orf19.14136,orf19.14136,C1_04520C_A
orf19.6846,orf19.6846,C1_04520C_A
orf19.14137,orf19.14137,C1_04530C_A
orf19.6847,orf19.6847,C1_04530C_A
orf19.14138,orf19.14138,C1_04540C_A
orf19.6848,orf19.6848,C1_04540C_A
orf19.14139,orf19.14139,C1_04550W_A
orf19.6849,orf19.6849,C1_04550W_A
orf19.14140,orf19.14140,C1_04560W_A
orf19.6850,orf19.6850,C1_04560W_A
orf19.14141,orf19.14141,C1_04570C_A
orf19.6851,orf19.6851,C1_04570C_A
orf19.14142,orf19.14142,C1_04580C_A
orf19.6852,orf19.6852,C1_04580C_A
orf19.14143,orf19.14143,C1_04600C_A
orf19.6853,orf19.6853,C1_04600C_A
orf19.14144,orf19.14144,C1_04610W_A
orf19.6854,orf19.6854,C1_04610W_A
orf19.14145,orf19.14145,C1_04620W_A
orf19.6855,orf19.6855,C1_04620W_A
orf19.783,orf19.783,C1_04630C_A
orf19.8405,orf19.8405,C1_04630C_A
orf19.782,orf19.782,C1_04640W_A
orf19.8404,orf19.8404,C1_04640W_A
orf19.781,orf19.781,C1_04650W_A
orf19.8403,orf19.8403,C1_04650W_A
orf19.780,orf19.780,C1_04660W_A
orf19.8402,orf19.8402,C1_04660W_A
orf19.779,orf19.779,C1_04670W_A
orf19.8401,orf19.8401,C1_04670W_A
orf19.778,orf19.778,C1_04680W_A
orf19.8400,orf19.8400,C1_04680W_A
orf19.776,orf19.776,C1_04690C_A
orf19.8398,orf19.8398,C1_04690C_A
orf19.775,orf19.775,C1_04700C_A
orf19.8397,orf19.8397,C1_04700C_A
orf19.773,orf19.773,C1_04710C_A
orf19.8395,orf19.8395,C1_04710C_A
orf19.772,orf19.772,C1_04730C_A
orf19.8394,orf19.8394,C1_04730C_A
orf19.771,orf19.771,C1_04740W_A
orf19.8393,orf19.8393,C1_04740W_A
orf19.769,orf19.769,C1_04750W_A
orf19.8391,orf19.8391,C1_04750W_A
orf19.768,orf19.768,C1_04760C_A
orf19.8389,orf19.8389,C1_04760C_A
orf19.767,orf19.767,C1_04770C_A
orf19.8387,orf19.8387,C1_04770C_A
orf19.764,orf19.764,C1_04780C_A
orf19.765,orf19.765,C1_04780C_A
orf19.8384,orf19.8384,C1_04780C_A
orf19.8385,orf19.8385,C1_04780C_A
orf19.763,orf19.763,C1_04790W_A
orf19.8383,orf19.8383,C1_04790W_A
orf19.762,orf19.762,C1_04800C_A
orf19.8382,orf19.8382,C1_04800C_A
orf19.761,orf19.761,C1_04810W_A
orf19.8381,orf19.8381,C1_04810W_A
orf19.760,orf19.760,C1_04820C_A
orf19.8380,orf19.8380,C1_04820C_A
orf19.759,orf19.759,C1_04830W_A
orf19.8379,orf19.8379,C1_04830W_A
orf19.758,orf19.758,C1_04840C_A
orf19.8378,orf19.8378,C1_04840C_A
orf19.757,orf19.757,C1_04860W_A
orf19.8377,orf19.8377,C1_04860W_A
orf19.756,orf19.756,C1_04870W_A
orf19.8376,orf19.8376,C1_04870W_A
orf19.755,orf19.755,C1_04880C_A
orf19.8375,orf19.8375,C1_04880C_A
orf19.754,orf19.754,C1_04890W_A
orf19.8374,orf19.8374,C1_04890W_A
orf19.753,orf19.753,C1_04900W_A
orf19.8373,orf19.8373,C1_04900W_A
orf19.752,orf19.752,C1_04910C_A
orf19.8372,orf19.8372,C1_04910C_A
orf19.751,orf19.751,C1_04930C_A
orf19.8371,orf19.8371,C1_04930C_A
orf19.750,orf19.750,C1_04940C_A
orf19.8370,orf19.8370,C1_04940C_A
orf19.48,orf19.48,C1_04950C_A
orf19.749,orf19.749,C1_04950C_A
orf19.7710,orf19.7710,C1_04950C_A
orf19.8369,orf19.8369,C1_04950C_A
orf19.50,orf19.50,C1_04960C_A
orf19.7711,orf19.7711,C1_04960C_A
orf19.51,orf19.51,C1_04970W_A
orf19.7712,orf19.7712,C1_04970W_A
orf19.52,orf19.52,C1_04980C_A
orf19.7713,orf19.7713,C1_04980C_A
orf19.53,orf19.53,C1_04990C_A
orf19.7714,orf19.7714,C1_04990C_A
orf19.54,orf19.54,C1_05000W_A
orf19.7715,orf19.7715,C1_05000W_A
orf19.55,orf19.55,C1_05010C_A
orf19.7716,orf19.7716,C1_05010C_A
orf19.56,orf19.56,C1_05020C_A
orf19.7717,orf19.7717,C1_05020C_A
orf19.57,orf19.57,C1_05030C_A
orf19.7718,orf19.7718,C1_05030C_A
orf19.58,orf19.58,C1_05050C_A
orf19.7719,orf19.7719,C1_05050C_A
orf19.59,orf19.59,C1_05060W_A
orf19.7720,orf19.7720,C1_05060W_A
orf19.11547,orf19.11547,C1_05070C_A
orf19.4064,orf19.4064,C1_05070C_A
orf19.60,orf19.60,C1_05070C_A
orf19.7721,orf19.7721,C1_05070C_A
orf19.11546,orf19.11546,C1_05080W_A
orf19.4063,orf19.4063,C1_05080W_A
orf19.11544,orf19.11544,C1_05090W_A
orf19.4062,orf19.4062,C1_05090W_A
orf19.11543,orf19.11543,C1_05100W_A
orf19.4061,orf19.4061,C1_05100W_A
orf19.11542,orf19.11542,C1_05110C_A
orf19.4060,orf19.4060,C1_05110C_A
orf19.11541,orf19.11541,C1_05120W_A
orf19.4059,orf19.4059,C1_05120W_A
orf19.4057,orf19.4057,C1_05130W_A
orf19.11538,orf19.11538,C1_05140W_A
orf19.4056,orf19.4056,C1_05140W_A
orf19.450,orf19.450,C1_05150C_A
orf19.8080,orf19.8080,C1_05150C_A
orf19.449,orf19.449,C1_05160C_A
orf19.8079,orf19.8079,C1_05160C_A
orf19.448,orf19.448,C1_05170C_A
orf19.8078,orf19.8078,C1_05170C_A
orf19.446,orf19.446,C1_05200C_A
orf19.8076,orf19.8076,C1_05200C_A
orf19.445,orf19.445,C1_05210C_A
orf19.8075,orf19.8075,C1_05210C_A
orf19.444,orf19.444,C1_05220C_A
orf19.8074,orf19.8074,C1_05220C_A
orf19.443,orf19.443,C1_05230W_A
orf19.8073,orf19.8073,C1_05230W_A
orf19.441,orf19.441,C1_05240C_A
orf19.8071,orf19.8071,C1_05240C_A
orf19.442,orf19.442,C1_05250W_A
orf19.440,orf19.440,C1_05260C_A
orf19.8070,orf19.8070,C1_05260C_A
orf19.439,orf19.439,C1_05270C_A
orf19.8069,orf19.8069,C1_05270C_A
orf19.438,orf19.438,C1_05280W_A
orf19.8068,orf19.8068,C1_05280W_A
orf19.437,orf19.437,C1_05290W_A
orf19.8067,orf19.8067,C1_05290W_A
orf19.434,orf19.434,C1_05300C_A
orf19.8064,orf19.8064,C1_05300C_A
orf19.433,orf19.433,C1_05320C_A
orf19.8063,orf19.8063,C1_05320C_A
orf19.432,orf19.432,C1_05330C_A
orf19.8062,orf19.8062,C1_05330C_A
orf19.431,orf19.431,C1_05340C_A
orf19.8061,orf19.8061,C1_05340C_A
orf19.430,orf19.430,C1_05350W_A
orf19.8060,orf19.8060,C1_05350W_A
orf19.429,orf19.429,C1_05360C_A
orf19.8059,orf19.8059,C1_05360C_A
orf19.428,orf19.428,C1_05370C_A
orf19.8058,orf19.8058,C1_05370C_A
orf19.427,orf19.427,C1_05380C_A
orf19.8057,orf19.8057,C1_05380C_A
orf19.426,orf19.426,C1_05390C_A
orf19.8056,orf19.8056,C1_05390C_A
orf19.425,orf19.425,C1_05400C_A
orf19.8055,orf19.8055,C1_05400C_A
orf19.424,orf19.424,C1_05410C_A
orf19.8054,orf19.8054,C1_05410C_A
orf19.423,orf19.423,C1_05420W_A
orf19.8053,orf19.8053,C1_05420W_A
orf19.422,orf19.422,C1_05430W_A
orf19.8052,orf19.8052,C1_05430W_A
orf19.419,orf19.419,C1_05440C_A
orf19.8049,orf19.8049,C1_05440C_A
orf19.420,orf19.420,C1_05450W_A
orf19.418,orf19.418,C1_05460W_A
orf19.8048,orf19.8048,C1_05460W_A
orf19.417,orf19.417,C1_05470W_A
orf19.8047,orf19.8047,C1_05470W_A
orf19.416,orf19.416,C1_05480C_A
orf19.8046,orf19.8046,C1_05480C_A
orf19.415,orf19.415,C1_05490C_A
orf19.8045,orf19.8045,C1_05490C_A
orf19.414,orf19.414,C1_05500W_A
orf19.8044,orf19.8044,C1_05500W_A
orf19.413,orf19.413,C1_05520W_A
orf19.8043,orf19.8043,C1_05520W_A
orf19.412,orf19.412,C1_05530C_A
orf19.8042,orf19.8042,C1_05530C_A
orf19.411,orf19.411,C1_05540C_A
orf19.8041,orf19.8041,C1_05540C_A
orf19.10031,orf19.10031,C1_05600W_A
orf19.2495,orf19.2495,C1_05600W_A
orf19.10030,orf19.10030,C1_05610W_A
orf19.2494,orf19.2494,C1_05610W_A
orf19.10028,orf19.10028,C1_05620C_A
orf19.2492,orf19.2492,C1_05620C_A
orf19.10025,orf19.10025,C1_05630C_A
orf19.2489,orf19.2489,C1_05630C_A
orf19.10024,orf19.10024,C1_05640C_A
orf19.2488,orf19.2488,C1_05640C_A
orf19.10023,orf19.10023,C1_05650W_A
orf19.2487,orf19.2487,C1_05650W_A
orf19.10021,orf19.10021,C1_05660C_A
orf19.2485,orf19.2485,C1_05660C_A
orf19.10020,orf19.10020,C1_05670W_A
orf19.2484,orf19.2484,C1_05670W_A
orf19.10019,orf19.10019,C1_05680C_A
orf19.2483,orf19.2483,C1_05680C_A
orf19.10017,orf19.10017,C1_05690C_A
orf19.2481,orf19.2481,C1_05690C_A
orf19.10016,orf19.10016,C1_05710C_A
orf19.2479,orf19.2479,C1_05710C_A
orf19.10015,orf19.10015,C1_05740C_A
orf19.2478,orf19.2478,C1_05740C_A
orf19.10013,orf19.10013,C1_05750C_A
orf19.2476,orf19.2476,C1_05750C_A
orf19.10012,orf19.10012,C1_05760C_A
orf19.2475,orf19.2475,C1_05760C_A
orf19.10011,orf19.10011,C1_05770C_A
orf19.2474,orf19.2474,C1_05770C_A
orf19.10010,orf19.10010,C1_05780W_A
orf19.2473,orf19.2473,C1_05780W_A
orf19.10009,orf19.10009,C1_05800C_A
orf19.2472,orf19.2472,C1_05800C_A
orf19.10008,orf19.10008,C1_05810W_A
orf19.2471,orf19.2471,C1_05810W_A
orf19.10006,orf19.10006,C1_05820C_A
orf19.2469,orf19.2469,C1_05820C_A
orf19.10005,orf19.10005,C1_05830W_A
orf19.2468,orf19.2468,C1_05830W_A
orf19.10004,orf19.10004,C1_05840W_A
orf19.2467,orf19.2467,C1_05840W_A
orf19.10002,orf19.10002,C1_05850W_A
orf19.2465,orf19.2465,C1_05850W_A
orf19.10000,orf19.10000,C1_05860W_A
orf19.2463,orf19.2463,C1_05860W_A
orf19.2462,orf19.2462,C1_05870W_A
orf19.9999,orf19.9999,C1_05870W_A
orf19.2461,orf19.2461,C1_05880W_A
orf19.9998,orf19.9998,C1_05880W_A
orf19.2460,orf19.2460,C1_05890W_A
orf19.9997,orf19.9997,C1_05890W_A
orf19.2459,orf19.2459,C1_05900W_A
orf19.9996,orf19.9996,C1_05900W_A
orf19.2458,orf19.2458,C1_05910W_A
orf19.9995,orf19.9995,C1_05910W_A
orf19.2457,orf19.2457,C1_05920W_A
orf19.9993,orf19.9993,C1_05920W_A
orf19.2455,orf19.2455,C1_05930C_A
orf19.2456,orf19.2456,C1_05930C_A
orf19.9992,orf19.9992,C1_05930C_A
orf19.2454,orf19.2454,C1_05940W_A
orf19.9990,orf19.9990,C1_05940W_A
orf19.2452,orf19.2452,C1_05950C_A
orf19.9988,orf19.9988,C1_05950C_A
orf19.2451,orf19.2451,C1_05960W_A
orf19.9987,orf19.9987,C1_05960W_A
orf19.2449,orf19.2449,C1_05970W_A
orf19.9985,orf19.9985,C1_05970W_A
orf19.2447,orf19.2447,C1_05980W_A
orf19.9983,orf19.9983,C1_05980W_A
orf19.2446,orf19.2446,C1_05990C_A
orf19.9982,orf19.9982,C1_05990C_A
orf19.2445,orf19.2445,C1_06000W_A
orf19.9981,orf19.9981,C1_06000W_A
orf19.2444,orf19.2444,C1_06010W_A
orf19.9980,orf19.9980,C1_06010W_A
orf19.2443,orf19.2443,C1_06020W_A
orf19.9979,orf19.9979,C1_06020W_A
orf19.2442,orf19.2442,C1_06030C_A
orf19.9978,orf19.9978,C1_06030C_A
orf19.2440,orf19.2440,C1_06040W_A
orf19.2441,orf19.2441,C1_06040W_A
orf19.9976,orf19.9976,C1_06040W_A
orf19.9977,orf19.9977,C1_06040W_A
orf19.2439,orf19.2439,C1_06060C_A
orf19.9975,orf19.9975,C1_06060C_A
orf19.2438,orf19.2438,C1_06070W_A
orf19.9974,orf19.9974,C1_06070W_A
orf19.2437,orf19.2437,C1_06080C_A
orf19.9973,orf19.9973,C1_06080C_A
orf19.2436,orf19.2436,C1_06090C_A
orf19.9972,orf19.9972,C1_06090C_A
orf19.2435,orf19.2435,C1_06100C_A
orf19.9971,orf19.9971,C1_06100C_A
orf19.2434,orf19.2434,C1_06110C_A
orf19.9970,orf19.9970,C1_06110C_A
orf19.2433,orf19.2433,C1_06120C_A
orf19.9969,orf19.9969,C1_06120C_A
orf19.2432,orf19.2432,C1_06130C_A
orf19.9968,orf19.9968,C1_06130C_A
orf19.2431,orf19.2431,C1_06140C_A
orf19.9967,orf19.9967,C1_06140C_A
orf19.2430,orf19.2430,C1_06150W_A
orf19.9966,orf19.9966,C1_06150W_A
orf19.2429,orf19.2429,C1_06160W_A
orf19.380,orf19.380,C1_06160W_A
orf19.9965,orf19.9965,C1_06160W_A
orf19.2661,orf19.2661,C1_06180W_A
orf19.381,orf19.381,C1_06180W_A
orf19.631,orf19.631,C1_06180W_A
orf19.2662,orf19.2662,C1_06190C_A
orf19.1829,orf19.1829,C1_06200W_A
orf19.2663,orf19.2663,C1_06200W_A
orf19.9388,orf19.9388,C1_06200W_A
orf19.1828,orf19.1828,C1_06210W_A
orf19.9387,orf19.9387,C1_06210W_A
orf19.1827,orf19.1827,C1_06220C_A
orf19.9386,orf19.9386,C1_06220C_A
orf19.1826,orf19.1826,C1_06230C_A
orf19.9385,orf19.9385,C1_06230C_A
orf19.1825,orf19.1825,C1_06250W_A
orf19.9384,orf19.9384,C1_06250W_A
orf19.1824,orf19.1824,C1_06260W_A
orf19.9383,orf19.9383,C1_06260W_A
orf19.1823,orf19.1823,C1_06270W_A
orf19.9382,orf19.9382,C1_06270W_A
orf19.1822,orf19.1822,C1_06280C_A
orf19.9381,orf19.9381,C1_06280C_A
orf19.1821,orf19.1821,C1_06290C_A
orf19.9380,orf19.9380,C1_06290C_A
orf19.13660,orf19.13660,C1_06320W_A
orf19.177,orf19.177,C1_06320W_A
orf19.6281,orf19.6281,C1_06320W_A
orf19.7810,orf19.7810,C1_06320W_A
orf19.13659,orf19.13659,C1_06330W_A
orf19.6280,orf19.6280,C1_06330W_A
orf19.13656,orf19.13656,C1_06340W_A
orf19.13658,orf19.13658,C1_06340W_A
orf19.6277,orf19.6277,C1_06340W_A
orf19.6279,orf19.6279,C1_06340W_A
orf19.13655,orf19.13655,C1_06350W_A
orf19.6276,orf19.6276,C1_06350W_A
orf19.13654,orf19.13654,C1_06360W_A
orf19.6275,orf19.6275,C1_06360W_A
orf19.13653,orf19.13653,C1_06370C_A
orf19.6274,orf19.6274,C1_06370C_A
orf19.13652,orf19.13652,C1_06380C_A
orf19.6273,orf19.6273,C1_06380C_A
orf19.13651,orf19.13651,C1_06390W_A
orf19.6272,orf19.6272,C1_06390W_A
orf19.13650,orf19.13650,C1_06400C_A
orf19.6271,orf19.6271,C1_06400C_A
orf19.13648,orf19.13648,C1_06410W_A
orf19.13649,orf19.13649,C1_06410W_A
orf19.6269,orf19.6269,C1_06410W_A
orf19.6270,orf19.6270,C1_06410W_A
orf19.13647,orf19.13647,C1_06420C_A
orf19.6268,orf19.6268,C1_06420C_A
orf19.13646,orf19.13646,C1_06430C_A
orf19.6267,orf19.6267,C1_06430C_A
orf19.13645,orf19.13645,C1_06440C_A
orf19.6266,orf19.6266,C1_06440C_A
orf19.13644,orf19.13644,C1_06460C_A
orf19.6265,orf19.6265,C1_06460C_A
orf19.13643,orf19.13643,C1_06500W_A
orf19.6264,orf19.6264,C1_06500W_A
orf19.13642,orf19.13642,C1_06510C_A
orf19.6263,orf19.6263,C1_06510C_A
orf19.13640,orf19.13640,C1_06520C_A
orf19.6261,orf19.6261,C1_06520C_A
orf19.13639,orf19.13639,C1_06530C_A
orf19.6260,orf19.6260,C1_06530C_A
orf19.13638,orf19.13638,C1_06540C_A
orf19.6259,orf19.6259,C1_06540C_A
orf19.13636,orf19.13636,C1_06550W_A
orf19.6257,orf19.6257,C1_06550W_A
orf19.13634,orf19.13634,C1_06560W_A
orf19.6255,orf19.6255,C1_06560W_A
orf19.13633,orf19.13633,C1_06570W_A
orf19.6254,orf19.6254,C1_06570W_A
orf19.13632,orf19.13632,C1_06580W_A
orf19.6253,orf19.6253,C1_06580W_A
orf19.13630,orf19.13630,C1_06590C_A
orf19.6252,orf19.6252,C1_06590C_A
orf19.13628,orf19.13628,C1_06600W_A
orf19.6250,orf19.6250,C1_06600W_A
orf19.13627,orf19.13627,C1_06610C_A
orf19.6249,orf19.6249,C1_06610C_A
orf19.13626,orf19.13626,C1_06620C_A
orf19.6248,orf19.6248,C1_06620C_A
orf19.13625,orf19.13625,C1_06630W_A
orf19.6247,orf19.6247,C1_06630W_A
orf19.13624,orf19.13624,C1_06650W_A
orf19.6246,orf19.6246,C1_06650W_A
orf19.13623,orf19.13623,C1_06660W_A
orf19.6245,orf19.6245,C1_06660W_A
orf19.13622,orf19.13622,C1_06670W_A
orf19.6244,orf19.6244,C1_06670W_A
orf19.13621,orf19.13621,C1_06680W_A
orf19.6243,orf19.6243,C1_06680W_A
orf19.6242,orf19.6242,C1_06690W_A
orf19.13620,orf19.13620,C1_06700W_A
orf19.6240,orf19.6240,C1_06700W_A
orf19.6241,orf19.6241,C1_06700W_A
orf19.13619,orf19.13619,C1_06710W_A
orf19.6239,orf19.6239,C1_06710W_A
orf19.13618,orf19.13618,C1_06720C_A
orf19.6238,orf19.6238,C1_06720C_A
orf19.13617,orf19.13617,C1_06730W_A
orf19.6237,orf19.6237,C1_06730W_A
orf19.13616,orf19.13616,C1_06740C_A
orf19.6236,orf19.6236,C1_06740C_A
orf19.13615,orf19.13615,C1_06750W_A
orf19.6235,orf19.6235,C1_06750W_A
orf19.13614,orf19.13614,C1_06760C_A
orf19.6234,orf19.6234,C1_06760C_A
orf19.13613,orf19.13613,C1_06770W_A
orf19.6233,orf19.6233,C1_06770W_A
orf19.13612,orf19.13612,C1_06780W_A
orf19.6232,orf19.6232,C1_06780W_A
orf19.13611,orf19.13611,C1_06790C_A
orf19.6231,orf19.6231,C1_06790C_A
orf19.13610,orf19.13610,C1_06800W_A
orf19.6230,orf19.6230,C1_06800W_A
orf19.13609,orf19.13609,C1_06810W_A
orf19.6229,orf19.6229,C1_06810W_A
orf19.13607,orf19.13607,C1_06820W_A
orf19.6227,orf19.6227,C1_06820W_A
orf19.13605,orf19.13605,C1_06850W_A
orf19.6225,orf19.6225,C1_06850W_A
orf19.13604,orf19.13604,C1_06860W_A
orf19.6224,orf19.6224,C1_06860W_A
orf19.13603,orf19.13603,C1_06880C_A
orf19.6222,orf19.6222,C1_06880C_A
orf19.6223,orf19.6223,C1_06880C_A
orf19.13601,orf19.13601,C1_06910C_A
orf19.6220,orf19.6220,C1_06910C_A
orf19.13600,orf19.13600,C1_06920C_A
orf19.6219,orf19.6219,C1_06920C_A
orf19.13597,orf19.13597,C1_06930W_A
orf19.13598,orf19.13598,C1_06930W_A
orf19.6216,orf19.6216,C1_06930W_A
orf19.6217,orf19.6217,C1_06930W_A
orf19.13595,orf19.13595,C1_06940C_A
orf19.6214,orf19.6214,C1_06940C_A
orf19.13594,orf19.13594,C1_06960W_A
orf19.6213,orf19.6213,C1_06960W_A
orf19.13592,orf19.13592,C1_06970C_A
orf19.6211,orf19.6211,C1_06970C_A
orf19.13590,orf19.13590,C1_06980C_A
orf19.6209,orf19.6209,C1_06980C_A
orf19.13589,orf19.13589,C1_07000W_A
orf19.6208,orf19.6208,C1_07000W_A
orf19.13586,orf19.13586,C1_07010W_A
orf19.6205,orf19.6205,C1_07010W_A
orf19.13584,orf19.13584,C1_07020C_A
orf19.6203,orf19.6203,C1_07020C_A
orf19.13583,orf19.13583,C1_07030C_A
orf19.6202,orf19.6202,C1_07030C_A
orf19.13580,orf19.13580,C1_07040C_A
orf19.6200,orf19.6200,C1_07040C_A
orf19.13579,orf19.13579,C1_07050C_A
orf19.6199,orf19.6199,C1_07050C_A
orf19.13577,orf19.13577,C1_07070C_A
orf19.6197,orf19.6197,C1_07070C_A
orf19.13576,orf19.13576,C1_07080W_A
orf19.6196,orf19.6196,C1_07080W_A
orf19.13575,orf19.13575,C1_07090C_A
orf19.6195,orf19.6195,C1_07090C_A
orf19.13574,orf19.13574,C1_07100C_A
orf19.6194,orf19.6194,C1_07100C_A
orf19.13573,orf19.13573,C1_07110W_A
orf19.6193,orf19.6193,C1_07110W_A
orf19.735,orf19.735,C1_07110W_A
orf19.8354,orf19.8354,C1_07110W_A
orf19.11936,orf19.11936,C1_07120W_A
orf19.4456,orf19.4456,C1_07120W_A
orf19.11935,orf19.11935,C1_07130C_A
orf19.4455,orf19.4455,C1_07130C_A
orf19.11931,orf19.11931,C1_07140C_A
orf19.4451,orf19.4451,C1_07140C_A
orf19.11930,orf19.11930,C1_07170C_A
orf19.4450,orf19.4450,C1_07170C_A
orf19.11929,orf19.11929,C1_07180W_A
orf19.4449,orf19.4449,C1_07180W_A
orf19.11928,orf19.11928,C1_07190W_A
orf19.4448,orf19.4448,C1_07190W_A
orf19.11927,orf19.11927,C1_07200W_A
orf19.4447,orf19.4447,C1_07200W_A
orf19.11926,orf19.11926,C1_07210C_A
orf19.4446,orf19.4446,C1_07210C_A
orf19.11925,orf19.11925,C1_07220W_A
orf19.4445,orf19.4445,C1_07220W_A
orf19.11924,orf19.11924,C1_07230W_A
orf19.4444,orf19.4444,C1_07230W_A
orf19.11923,orf19.11923,C1_07240W_A
orf19.4443,orf19.4443,C1_07240W_A
orf19.11922,orf19.11922,C1_07250C_A
orf19.4442,orf19.4442,C1_07250C_A
orf19.11921,orf19.11921,C1_07260C_A
orf19.4441,orf19.4441,C1_07260C_A
orf19.11920,orf19.11920,C1_07270W_A
orf19.4440,orf19.4440,C1_07270W_A
orf19.11919,orf19.11919,C1_07290W_A
orf19.4439,orf19.4439,C1_07290W_A
orf19.11918,orf19.11918,C1_07330W_A
orf19.4438,orf19.4438,C1_07330W_A
orf19.11916,orf19.11916,C1_07340W_A
orf19.4437,orf19.4437,C1_07340W_A
orf19.11915,orf19.11915,C1_07350C_A
orf19.4436,orf19.4436,C1_07350C_A
orf19.11914,orf19.11914,C1_07360W_A
orf19.4435,orf19.4435,C1_07360W_A
orf19.11912,orf19.11912,C1_07370C_A
orf19.4433,orf19.4433,C1_07370C_A
orf19.11910,orf19.11910,C1_07380C_A
orf19.4432,orf19.4432,C1_07380C_A
orf19.11908,orf19.11908,C1_07390W_A
orf19.4430,orf19.4430,C1_07390W_A
orf19.11906,orf19.11906,C1_07400C_A
orf19.4428,orf19.4428,C1_07400C_A
orf19.11905,orf19.11905,C1_07410C_A
orf19.4427,orf19.4427,C1_07410C_A
orf19.11904,orf19.11904,C1_07420C_A
orf19.4426,orf19.4426,C1_07420C_A
orf19.11902,orf19.11902,C1_07430W_A
orf19.4424,orf19.4424,C1_07430W_A
orf19.11901,orf19.11901,C1_07440W_A
orf19.4423,orf19.4423,C1_07440W_A
orf19.10317,orf19.10317,C1_07460C_A
orf19.2799,orf19.2799,C1_07460C_A
orf19.10316,orf19.10316,C1_07470C_A
orf19.2798,orf19.2798,C1_07470C_A
orf19.10315,orf19.10315,C1_07480C_A
orf19.2797,orf19.2797,C1_07480C_A
orf19.10314,orf19.10314,C1_07490C_A
orf19.2796,orf19.2796,C1_07490C_A
orf19.10313,orf19.10313,C1_07500C_A
orf19.2795,orf19.2795,C1_07500C_A
orf19.10312,orf19.10312,C1_07510W_A
orf19.2794,orf19.2794,C1_07510W_A
orf19.10310,orf19.10310,C1_07520C_A
orf19.2792,orf19.2792,C1_07520C_A
orf19.2800,orf19.2800,C1_07530W_A
orf19.10309,orf19.10309,C1_07540C_A
orf19.2791,orf19.2791,C1_07540C_A
orf19.10306,orf19.10306,C1_07550W_A
orf19.2790,orf19.2790,C1_07550W_A
orf19.10305,orf19.10305,C1_07560W_A
orf19.2789,orf19.2789,C1_07560W_A
orf19.10304,orf19.10304,C1_07570C_A
orf19.2788,orf19.2788,C1_07570C_A
orf19.10303,orf19.10303,C1_07580C_A
orf19.2787,orf19.2787,C1_07580C_A
orf19.10302,orf19.10302,C1_07590C_A
orf19.2786,orf19.2786,C1_07590C_A
orf19.10301,orf19.10301,C1_07600W_A
orf19.2785,orf19.2785,C1_07600W_A
orf19.10300,orf19.10300,C1_07610C_A
orf19.2784,orf19.2784,C1_07610C_A
orf19.10299,orf19.10299,C1_07620C_A
orf19.2783,orf19.2783,C1_07620C_A
orf19.10298,orf19.10298,C1_07630W_A
orf19.2782,orf19.2782,C1_07630W_A
orf19.10297,orf19.10297,C1_07640C_A
orf19.2781,orf19.2781,C1_07640C_A
orf19.10295,orf19.10295,C1_07650W_A
orf19.10296,orf19.10296,C1_07650W_A
orf19.2779,orf19.2779,C1_07650W_A
orf19.2780,orf19.2780,C1_07650W_A
orf19.10294,orf19.10294,C1_07660W_A
orf19.1226,orf19.1226,C1_07660W_A
orf19.2778,orf19.2778,C1_07660W_A
orf19.8812,orf19.8812,C1_07660W_A
orf19.1227,orf19.1227,C1_07670W_A
orf19.8813,orf19.8813,C1_07670W_A
orf19.1228,orf19.1228,C1_07680W_A
orf19.8814,orf19.8814,C1_07680W_A
orf19.1229,orf19.1229,C1_07690C_A
orf19.1230,orf19.1230,C1_07690C_A
orf19.1231,orf19.1231,C1_07690C_A
orf19.8815,orf19.8815,C1_07690C_A
orf19.8816,orf19.8816,C1_07690C_A
orf19.1232,orf19.1232,C1_07700C_A
orf19.8817,orf19.8817,C1_07700C_A
orf19.1233,orf19.1233,C1_07710C_A
orf19.8818,orf19.8818,C1_07710C_A
orf19.4712,orf19.4712,C1_07770W_A
orf19.12514,orf19.12514,C1_07780W_A
orf19.4713,orf19.4713,C1_07780W_A
orf19.5047,orf19.5047,C1_07780W_A
orf19.12516,orf19.12516,C1_07790C_A
orf19.5049,orf19.5049,C1_07790C_A
orf19.12517,orf19.12517,C1_07800W_A
orf19.5050,orf19.5050,C1_07800W_A
orf19.12518,orf19.12518,C1_07810C_A
orf19.5051,orf19.5051,C1_07810C_A
orf19.12519,orf19.12519,C1_07820W_A
orf19.5052,orf19.5052,C1_07820W_A
orf19.12520,orf19.12520,C1_07830C_A
orf19.5053,orf19.5053,C1_07830C_A
orf19.12521,orf19.12521,C1_07840W_A
orf19.5054,orf19.5054,C1_07840W_A
orf19.12523,orf19.12523,C1_07850C_A
orf19.5056,orf19.5056,C1_07850C_A
orf19.12524,orf19.12524,C1_07860W_A
orf19.5057,orf19.5057,C1_07860W_A
orf19.12525,orf19.12525,C1_07870C_A
orf19.5058,orf19.5058,C1_07870C_A
orf19.12526,orf19.12526,C1_07880C_A
orf19.12527,orf19.12527,C1_07880C_A
orf19.5059,orf19.5059,C1_07880C_A
orf19.5060,orf19.5060,C1_07880C_A
orf19.12528,orf19.12528,C1_07890C_A
orf19.5061,orf19.5061,C1_07890C_A
orf19.5062,orf19.5062,C1_07890C_A
orf19.12529,orf19.12529,C1_07900W_A
orf19.5063,orf19.5063,C1_07900W_A
orf19.12530,orf19.12530,C1_07910C_A
orf19.5064,orf19.5064,C1_07910C_A
orf19.12531,orf19.12531,C1_07930C_A
orf19.5065,orf19.5065,C1_07930C_A
orf19.12532,orf19.12532,C1_07950C_A
orf19.5066,orf19.5066,C1_07950C_A
orf19.12533,orf19.12533,C1_07960W_A
orf19.5067,orf19.5067,C1_07960W_A
orf19.12534,orf19.12534,C1_07970C_A
orf19.5068,orf19.5068,C1_07970C_A
orf19.12535,orf19.12535,C1_07980C_A
orf19.5069,orf19.5069,C1_07980C_A
orf19.12536,orf19.12536,C1_07990C_A
orf19.5070,orf19.5070,C1_07990C_A
orf19.12537,orf19.12537,C1_08000W_A
orf19.5071,orf19.5071,C1_08000W_A
orf19.12539,orf19.12539,C1_08010W_A
orf19.5073,orf19.5073,C1_08010W_A
orf19.12540,orf19.12540,C1_08020W_A
orf19.5074,orf19.5074,C1_08020W_A
orf19.12542,orf19.12542,C1_08030W_A
orf19.5076,orf19.5076,C1_08030W_A
orf19.12543,orf19.12543,C1_08050W_A
orf19.5077,orf19.5077,C1_08050W_A
orf19.12544,orf19.12544,C1_08060W_A
orf19.5078,orf19.5078,C1_08060W_A
orf19.12545,orf19.12545,C1_08070W_A
orf19.5079,orf19.5079,C1_08070W_A
orf19.12547,orf19.12547,C1_08090C_A
orf19.5081,orf19.5081,C1_08090C_A
orf19.12549,orf19.12549,C1_08100W_A
orf19.5083,orf19.5083,C1_08100W_A
orf19.12551,orf19.12551,C1_08110W_A
orf19.5085,orf19.5085,C1_08110W_A
orf19.12553,orf19.12553,C1_08120W_A
orf19.5087,orf19.5087,C1_08120W_A
orf19.12555,orf19.12555,C1_08130C_A
orf19.5089,orf19.5089,C1_08130C_A
orf19.12556,orf19.12556,C1_08140W_A
orf19.5090,orf19.5090,C1_08140W_A
orf19.12558,orf19.12558,C1_08150C_A
orf19.5092,orf19.5092,C1_08150C_A
orf19.12559,orf19.12559,C1_08160W_A
orf19.5093,orf19.5093,C1_08160W_A
orf19.12560,orf19.12560,C1_08170C_A
orf19.5094,orf19.5094,C1_08170C_A
orf19.12561,orf19.12561,C1_08180C_A
orf19.5095,orf19.5095,C1_08180C_A
orf19.12563,orf19.12563,C1_08190C_A
orf19.5097,orf19.5097,C1_08190C_A
orf19.12564,orf19.12564,C1_08200W_A
orf19.5098,orf19.5098,C1_08200W_A
orf19.12566,orf19.12566,C1_08210C_A
orf19.5100,orf19.5100,C1_08210C_A
orf19.12567,orf19.12567,C1_08220W_A
orf19.5101,orf19.5101,C1_08220W_A
orf19.12568,orf19.12568,C1_08230C_A
orf19.5102,orf19.5102,C1_08230C_A
orf19.12569,orf19.12569,C1_08240C_A
orf19.5103,orf19.5103,C1_08240C_A
orf19.12570,orf19.12570,C1_08260C_A
orf19.5104,orf19.5104,C1_08260C_A
orf19.12571,orf19.12571,C1_08270C_A
orf19.5105,orf19.5105,C1_08270C_A
orf19.12572,orf19.12572,C1_08290C_A
orf19.5106,orf19.5106,C1_08290C_A
orf19.12573,orf19.12573,C1_08300W_A
orf19.5107,orf19.5107,C1_08300W_A
orf19.12576,orf19.12576,C1_08310W_A
orf19.5110,orf19.5110,C1_08310W_A
orf19.12578,orf19.12578,C1_08320W_A
orf19.5112,orf19.5112,C1_08320W_A
orf19.12579,orf19.12579,C1_08330C_A
orf19.5113,orf19.5113,C1_08330C_A
orf19.12580,orf19.12580,C1_08340C_A
orf19.5114,orf19.5114,C1_08340C_A
orf19.12583,orf19.12583,C1_08360C_A
orf19.5117,orf19.5117,C1_08360C_A
orf19.12584,orf19.12584,C1_08370W_A
orf19.5118,orf19.5118,C1_08370W_A
orf19.382,orf19.382,C1_08380W_A
orf19.8012,orf19.8012,C1_08380W_A
orf19.384,orf19.384,C1_08390C_A
orf19.8014,orf19.8014,C1_08390C_A
orf19.385,orf19.385,C1_08400C_A
orf19.8015,orf19.8015,C1_08400C_A
orf19.386,orf19.386,C1_08410C_A
orf19.8016,orf19.8016,C1_08410C_A
orf19.387,orf19.387,C1_08420W_A
orf19.8017,orf19.8017,C1_08420W_A
orf19.388,orf19.388,C1_08430W_A
orf19.8018,orf19.8018,C1_08430W_A
orf19.389,orf19.389,C1_08440C_A
orf19.8019,orf19.8019,C1_08440C_A
orf19.390,orf19.390,C1_08450C_A
orf19.8020,orf19.8020,C1_08450C_A
orf19.391,orf19.391,C1_08460C_A
orf19.8021,orf19.8021,C1_08460C_A
orf19.392,orf19.392,C1_08470W_A
orf19.8022,orf19.8022,C1_08470W_A
orf19.393,orf19.393,C1_08480C_A
orf19.8023,orf19.8023,C1_08480C_A
orf19.394,orf19.394,C1_08490W_A
orf19.8024,orf19.8024,C1_08490W_A
orf19.395,orf19.395,C1_08500C_A
orf19.8025,orf19.8025,C1_08500C_A
orf19.396,orf19.396,C1_08510W_A
orf19.8026,orf19.8026,C1_08510W_A
orf19.397,orf19.397,C1_08520C_A
orf19.8027,orf19.8027,C1_08520C_A
orf19.398,orf19.398,C1_08530W_A
orf19.8028,orf19.8028,C1_08530W_A
orf19.399,orf19.399,C1_08540C_A
orf19.8029,orf19.8029,C1_08540C_A
orf19.400,orf19.400,C1_08550C_A
orf19.8030,orf19.8030,C1_08550C_A
orf19.401,orf19.401,C1_08560W_A
orf19.8031,orf19.8031,C1_08560W_A
orf19.403,orf19.403,C1_08570C_A
orf19.8033,orf19.8033,C1_08570C_A
orf19.405,orf19.405,C1_08580C_A
orf19.8035,orf19.8035,C1_08580C_A
orf19.406,orf19.406,C1_08590C_A
orf19.8036,orf19.8036,C1_08590C_A
orf19.407,orf19.407,C1_08600C_A
orf19.8037,orf19.8037,C1_08600C_A
orf19.409,orf19.409,C1_08610C_A
orf19.8039,orf19.8039,C1_08610C_A
orf19.12183,orf19.12183,C1_08620W_A
orf19.4720,orf19.4720,C1_08620W_A
orf19.72,orf19.72,C1_08620W_A
orf19.12184,orf19.12184,C1_08630W_A
orf19.4721,orf19.4721,C1_08630W_A
orf19.12185,orf19.12185,C1_08640W_A
orf19.4722,orf19.4722,C1_08640W_A
orf19.12186,orf19.12186,C1_08650C_A
orf19.4723,orf19.4723,C1_08650C_A
orf19.12187,orf19.12187,C1_08660C_A
orf19.4724,orf19.4724,C1_08660C_A
orf19.12188,orf19.12188,C1_08670W_A
orf19.4725,orf19.4725,C1_08670W_A
orf19.12189,orf19.12189,C1_08680C_A
orf19.4726,orf19.4726,C1_08680C_A
orf19.12190,orf19.12190,C1_08690W_A
orf19.4727,orf19.4727,C1_08690W_A
orf19.12191,orf19.12191,C1_08700W_A
orf19.4728,orf19.4728,C1_08700W_A
orf19.4729,orf19.4729,C1_08700W_A
orf19.12192,orf19.12192,C1_08710W_A
orf19.4730,orf19.4730,C1_08710W_A
orf19.12193,orf19.12193,C1_08730W_A
orf19.4731,orf19.4731,C1_08730W_A
orf19.12194,orf19.12194,C1_08740C_A
orf19.4732,orf19.4732,C1_08740C_A
orf19.12195,orf19.12195,C1_08750W_A
orf19.4733,orf19.4733,C1_08750W_A
orf19.12196,orf19.12196,C1_08760W_A
orf19.4734,orf19.4734,C1_08760W_A
orf19.12197,orf19.12197,C1_08770W_A
orf19.4735,orf19.4735,C1_08770W_A
orf19.12198,orf19.12198,C1_08780W_A
orf19.4736,orf19.4736,C1_08780W_A
orf19.12199,orf19.12199,C1_08790W_A
orf19.4737,orf19.4737,C1_08790W_A
orf19.12200,orf19.12200,C1_08800W_A
orf19.4738,orf19.4738,C1_08800W_A
orf19.12201,orf19.12201,C1_08810C_A
orf19.4739,orf19.4739,C1_08810C_A
orf19.12202,orf19.12202,C1_08820C_A
orf19.4740,orf19.4740,C1_08820C_A
orf19.12203,orf19.12203,C1_08830C_A
orf19.4741,orf19.4741,C1_08830C_A
orf19.12204,orf19.12204,C1_08840W_A
orf19.4742,orf19.4742,C1_08840W_A
orf19.12205,orf19.12205,C1_08850C_A
orf19.4743,orf19.4743,C1_08850C_A
orf19.12206,orf19.12206,C1_08860C_A
orf19.4744,orf19.4744,C1_08860C_A
orf19.12208,orf19.12208,C1_08870C_A
orf19.4746,orf19.4746,C1_08870C_A
orf19.12209,orf19.12209,C1_08880W_A
orf19.4747,orf19.4747,C1_08880W_A
orf19.12210,orf19.12210,C1_08890C_A
orf19.4748,orf19.4748,C1_08890C_A
orf19.12211,orf19.12211,C1_08900W_A
orf19.4749,orf19.4749,C1_08900W_A
orf19.12212,orf19.12212,C1_08910C_A
orf19.4750,orf19.4750,C1_08910C_A
orf19.12214,orf19.12214,C1_08920W_A
orf19.4751,orf19.4751,C1_08920W_A
orf19.12215,orf19.12215,C1_08940C_A
orf19.4752,orf19.4752,C1_08940C_A
orf19.12217,orf19.12217,C1_08950W_A
orf19.4753,orf19.4753,C1_08950W_A
orf19.12218,orf19.12218,C1_08980C_A
orf19.4754,orf19.4754,C1_08980C_A
orf19.12219,orf19.12219,C1_08990C_A
orf19.4755,orf19.4755,C1_08990C_A
orf19.12220,orf19.12220,C1_09000W_A
orf19.4756,orf19.4756,C1_09000W_A
orf19.12221,orf19.12221,C1_09010W_A
orf19.4757,orf19.4757,C1_09010W_A
orf19.12222,orf19.12222,C1_09020W_A
orf19.4758,orf19.4758,C1_09020W_A
orf19.12223,orf19.12223,C1_09030C_A
orf19.4759,orf19.4759,C1_09030C_A
orf19.12224,orf19.12224,C1_09040C_A
orf19.4760,orf19.4760,C1_09040C_A
orf19.12225,orf19.12225,C1_09050W_A
orf19.4761,orf19.4761,C1_09050W_A
orf19.12227,orf19.12227,C1_09060C_A
orf19.4763,orf19.4763,C1_09060C_A
orf19.12228,orf19.12228,C1_09070W_A
orf19.4764,orf19.4764,C1_09070W_A
orf19.12229,orf19.12229,C1_09080C_A
orf19.4765,orf19.4765,C1_09080C_A
orf19.12230,orf19.12230,C1_09090C_A
orf19.4766,orf19.4766,C1_09090C_A
orf19.12231,orf19.12231,C1_09100W_A
orf19.4767,orf19.4767,C1_09100W_A
orf19.12232,orf19.12232,C1_09110W_A
orf19.4768,orf19.4768,C1_09110W_A
orf19.12233,orf19.12233,C1_09120W_A
orf19.4769,orf19.4769,C1_09120W_A
orf19.4770,orf19.4770,C1_09120W_A
orf19.12234,orf19.12234,C1_09130W_A
orf19.4771,orf19.4771,C1_09130W_A
orf19.12235,orf19.12235,C1_09140C_A
orf19.4772,orf19.4772,C1_09140C_A
orf19.12237,orf19.12237,C1_09150W_A
orf19.4773,orf19.4773,C1_09150W_A
orf19.4774,orf19.4774,C1_09160W_A
orf19.12238,orf19.12238,C1_09170W_A
orf19.4775,orf19.4775,C1_09170W_A
orf19.12240,orf19.12240,C1_09180W_A
orf19.4776,orf19.4776,C1_09180W_A
orf19.12241,orf19.12241,C1_09190C_A
orf19.4777,orf19.4777,C1_09190C_A
orf19.12242,orf19.12242,C1_09200W_A
orf19.4778,orf19.4778,C1_09200W_A
orf19.12243,orf19.12243,C1_09210C_A
orf19.4779,orf19.4779,C1_09210C_A
orf19.12244,orf19.12244,C1_09220W_A
orf19.4780,orf19.4780,C1_09220W_A
orf19.12245,orf19.12245,C1_09230C_A
orf19.4781,orf19.4781,C1_09230C_A
orf19.12247,orf19.12247,C1_09240C_A
orf19.4783,orf19.4783,C1_09240C_A
orf19.12248,orf19.12248,C1_09250W_A
orf19.4784,orf19.4784,C1_09250W_A
orf19.12249,orf19.12249,C1_09260C_A
orf19.4785,orf19.4785,C1_09260C_A
orf19.12250,orf19.12250,C1_09270W_A
orf19.4786,orf19.4786,C1_09270W_A
orf19.12251,orf19.12251,C1_09280W_A
orf19.4787,orf19.4787,C1_09280W_A
orf19.12252,orf19.12252,C1_09290C_A
orf19.4788,orf19.4788,C1_09290C_A
orf19.12253,orf19.12253,C1_09300C_A
orf19.4789,orf19.4789,C1_09300C_A
orf19.12255,orf19.12255,C1_09310C_A
orf19.4791,orf19.4791,C1_09310C_A
orf19.12256,orf19.12256,C1_09320C_A
orf19.4792,orf19.4792,C1_09320C_A
orf19.12257,orf19.12257,C1_09330W_A
orf19.4793,orf19.4793,C1_09330W_A
orf19.12259,orf19.12259,C1_09340C_A
orf19.4795,orf19.4795,C1_09340C_A
orf19.4796,orf19.4796,C1_09350W_A
orf19.12261,orf19.12261,C1_09360C_A
orf19.4798,orf19.4798,C1_09360C_A
orf19.12262,orf19.12262,C1_09370W_A
orf19.4799,orf19.4799,C1_09370W_A
orf19.12263,orf19.12263,C1_09380W_A
orf19.4800,orf19.4800,C1_09380W_A
orf19.12264,orf19.12264,C1_09390W_A
orf19.4801,orf19.4801,C1_09390W_A
orf19.12265,orf19.12265,C1_09400C_A
orf19.4802,orf19.4802,C1_09400C_A
orf19.12266,orf19.12266,C1_09410W_A
orf19.4803,orf19.4803,C1_09410W_A
orf19.12267,orf19.12267,C1_09420W_A
orf19.4804,orf19.4804,C1_09420W_A
orf19.12268,orf19.12268,C1_09430W_A
orf19.4805,orf19.4805,C1_09430W_A
orf19.12270,orf19.12270,C1_09440W_A
orf19.4807,orf19.4807,C1_09440W_A
orf19.12271,orf19.12271,C1_09450C_A
orf19.4808,orf19.4808,C1_09450C_A
orf19.12272,orf19.12272,C1_09460W_A
orf19.4809,orf19.4809,C1_09460W_A
orf19.12274,orf19.12274,C1_09470C_A
orf19.4811,orf19.4811,C1_09470C_A
orf19.12275,orf19.12275,C1_09480W_A
orf19.4812,orf19.4812,C1_09480W_A
orf19.12276,orf19.12276,C1_09490C_A
orf19.4813,orf19.4813,C1_09490C_A
orf19.12277,orf19.12277,C1_09500W_A
orf19.4814,orf19.4814,C1_09500W_A
orf19.12278,orf19.12278,C1_09510W_A
orf19.4815,orf19.4815,C1_09510W_A
orf19.12279,orf19.12279,C1_09520C_A
orf19.4816,orf19.4816,C1_09520C_A
orf19.12280,orf19.12280,C1_09530W_A
orf19.4817,orf19.4817,C1_09530W_A
orf19.12281,orf19.12281,C1_09540W_A
orf19.4818,orf19.4818,C1_09540W_A
orf19.12282,orf19.12282,C1_09550W_A
orf19.4819,orf19.4819,C1_09550W_A
orf19.12283,orf19.12283,C1_09570W_A
orf19.4820,orf19.4820,C1_09570W_A
orf19.12284,orf19.12284,C1_09580C_A
orf19.4821,orf19.4821,C1_09580C_A
orf19.12285,orf19.12285,C1_09590C_A
orf19.4822,orf19.4822,C1_09590C_A
orf19.12286,orf19.12286,C1_09600C_A
orf19.4823,orf19.4823,C1_09600C_A
orf19.12287,orf19.12287,C1_09610W_A
orf19.4824,orf19.4824,C1_09610W_A
orf19.12288,orf19.12288,C1_09620C_A
orf19.4825,orf19.4825,C1_09620C_A
orf19.12289,orf19.12289,C1_09630W_A
orf19.4826,orf19.4826,C1_09630W_A
orf19.12290,orf19.12290,C1_09640W_A
orf19.4827,orf19.4827,C1_09640W_A
orf19.12291,orf19.12291,C1_09650W_A
orf19.4828,orf19.4828,C1_09650W_A
orf19.12292,orf19.12292,C1_09660W_A
orf19.4829,orf19.4829,C1_09660W_A
orf19.12293,orf19.12293,C1_09670C_A
orf19.4830,orf19.4830,C1_09670C_A
orf19.12294,orf19.12294,C1_09680W_A
orf19.4831,orf19.4831,C1_09680W_A
orf19.12296,orf19.12296,C1_09690W_A
orf19.4833,orf19.4833,C1_09690W_A
orf19.12297,orf19.12297,C1_09700W_A
orf19.4834,orf19.4834,C1_09700W_A
orf19.12298,orf19.12298,C1_09710C_A
orf19.4835,orf19.4835,C1_09710C_A
orf19.12299,orf19.12299,C1_09720W_A
orf19.4836,orf19.4836,C1_09720W_A
orf19.12300,orf19.12300,C1_09730W_A
orf19.4837,orf19.4837,C1_09730W_A
orf19.12302,orf19.12302,C1_09750W_A
orf19.4839,orf19.4839,C1_09750W_A
orf19.12304,orf19.12304,C1_09760C_A
orf19.4841,orf19.4841,C1_09760C_A
orf19.12305,orf19.12305,C1_09770W_A
orf19.4842,orf19.4842,C1_09770W_A
orf19.12306,orf19.12306,C1_09780C_A
orf19.4843,orf19.4843,C1_09780C_A
orf19.12307,orf19.12307,C1_09790C_A
orf19.4844,orf19.4844,C1_09790C_A
orf19.12308,orf19.12308,C1_09800C_A
orf19.4845,orf19.4845,C1_09800C_A
orf19.12309,orf19.12309,C1_09810W_A
orf19.4846,orf19.4846,C1_09810W_A
orf19.4847,orf19.4847,C1_09820C_A
orf19.12311,orf19.12311,C1_09830W_A
orf19.4848,orf19.4848,C1_09830W_A
orf19.12312,orf19.12312,C1_09840C_A
orf19.4849,orf19.4849,C1_09840C_A
orf19.12313,orf19.12313,C1_09850C_A
orf19.4850,orf19.4850,C1_09850C_A
orf19.12314,orf19.12314,C1_09860C_A
orf19.4851,orf19.4851,C1_09860C_A
orf19.12316,orf19.12316,C1_09870W_A
orf19.4853,orf19.4853,C1_09870W_A
orf19.12318,orf19.12318,C1_09880C_A
orf19.4855,orf19.4855,C1_09880C_A
orf19.12319,orf19.12319,C1_09900W_A
orf19.4856,orf19.4856,C1_09900W_A
orf19.12320,orf19.12320,C1_09910C_A
orf19.4857,orf19.4857,C1_09910C_A
orf19.12321,orf19.12321,C1_09920W_A
orf19.12322,orf19.12322,C1_09920W_A
orf19.12323,orf19.12323,C1_09920W_A
orf19.4858,orf19.4858,C1_09920W_A
orf19.4859,orf19.4859,C1_09920W_A
orf19.4860,orf19.4860,C1_09920W_A
orf19.12324,orf19.12324,C1_09930W_A
orf19.4861,orf19.4861,C1_09930W_A
orf19.12326,orf19.12326,C1_09950C_A
orf19.4862,orf19.4862,C1_09950C_A
orf19.12327,orf19.12327,C1_09970C_A
orf19.4863,orf19.4863,C1_09970C_A
orf19.12328,orf19.12328,C1_09980C_A
orf19.4864,orf19.4864,C1_09980C_A
orf19.12329,orf19.12329,C1_09990W_A
orf19.4865,orf19.4865,C1_09990W_A
orf19.12330,orf19.12330,C1_10000C_A
orf19.4866,orf19.4866,C1_10000C_A
orf19.12331,orf19.12331,C1_10010C_A
orf19.4867,orf19.4867,C1_10010C_A
orf19.12333,orf19.12333,C1_10020W_A
orf19.4869,orf19.4869,C1_10020W_A
orf19.12334,orf19.12334,C1_10030W_A
orf19.4870,orf19.4870,C1_10030W_A
orf19.12335,orf19.12335,C1_10040W_A
orf19.4871,orf19.4871,C1_10040W_A
orf19.12336,orf19.12336,C1_10050W_A
orf19.4872,orf19.4872,C1_10050W_A
orf19.12337,orf19.12337,C1_10060C_A
orf19.4873,orf19.4873,C1_10060C_A
orf19.12338,orf19.12338,C1_10070C_A
orf19.4874,orf19.4874,C1_10070C_A
orf19.12339,orf19.12339,C1_10080W_A
orf19.4875,orf19.4875,C1_10080W_A
orf19.12342,orf19.12342,C1_10090C_A
orf19.4878,orf19.4878,C1_10090C_A
orf19.12344,orf19.12344,C1_10110W_A
orf19.4880,orf19.4880,C1_10110W_A
orf19.4881,orf19.4881,C1_10110W_A
orf19.12345,orf19.12345,C1_10120C_A
orf19.4882,orf19.4882,C1_10120C_A
orf19.12346,orf19.12346,C1_10140C_A
orf19.4883,orf19.4883,C1_10140C_A
orf19.12348,orf19.12348,C1_10150W_A
orf19.4884,orf19.4884,C1_10150W_A
orf19.12349,orf19.12349,C1_10160W_A
orf19.4885,orf19.4885,C1_10160W_A
orf19.12350,orf19.12350,C1_10170W_A
orf19.4886,orf19.4886,C1_10170W_A
orf19.12352,orf19.12352,C1_10180C_A
orf19.4887,orf19.4887,C1_10180C_A
orf19.12353,orf19.12353,C1_10190W_A
orf19.4888,orf19.4888,C1_10190W_A
orf19.12354,orf19.12354,C1_10200C_A
orf19.4889,orf19.4889,C1_10200C_A
orf19.12355,orf19.12355,C1_10210C_A
orf19.4890,orf19.4890,C1_10210C_A
orf19.12357,orf19.12357,C1_10220C_A
orf19.4892,orf19.4892,C1_10220C_A
orf19.12358,orf19.12358,C1_10230C_A
orf19.4893,orf19.4893,C1_10230C_A
orf19.12359,orf19.12359,C1_10240C_A
orf19.4894,orf19.4894,C1_10240C_A
orf19.12360,orf19.12360,C1_10250C_A
orf19.4895,orf19.4895,C1_10250C_A
orf19.12361,orf19.12361,C1_10260C_A
orf19.4896,orf19.4896,C1_10260C_A
orf19.12362,orf19.12362,C1_10270C_A
orf19.4897,orf19.4897,C1_10270C_A
orf19.12363,orf19.12363,C1_10280C_A
orf19.4898,orf19.4898,C1_10280C_A
orf19.12365,orf19.12365,C1_10290W_A
orf19.4899,orf19.4899,C1_10290W_A
orf19.12366,orf19.12366,C1_10300W_A
orf19.4900,orf19.4900,C1_10300W_A
orf19.12367,orf19.12367,C1_10310W_A
orf19.4901,orf19.4901,C1_10310W_A
orf19.4902,orf19.4902,C1_10310W_A
orf19.12368,orf19.12368,C1_10320W_A
orf19.4903,orf19.4903,C1_10320W_A
orf19.12369,orf19.12369,C1_10330C_A
orf19.4904,orf19.4904,C1_10330C_A
orf19.12370,orf19.12370,C1_10340W_A
orf19.4905,orf19.4905,C1_10340W_A
orf19.12372,orf19.12372,C1_10350C_A
orf19.4906,orf19.4906,C1_10350C_A
orf19.12373,orf19.12373,C1_10360C_A
orf19.4907,orf19.4907,C1_10360C_A
orf19.12374,orf19.12374,C1_10370W_A
orf19.4908,orf19.4908,C1_10370W_A
orf19.12375,orf19.12375,C1_10380C_A
orf19.4909,orf19.4909,C1_10380C_A
orf19.12376,orf19.12376,C1_10400C_A
orf19.4910,orf19.4910,C1_10400C_A
orf19.12377,orf19.12377,C1_10410W_A
orf19.4911,orf19.4911,C1_10410W_A
orf19.8596,orf19.8596,C1_10410W_A
orf19.981,orf19.981,C1_10410W_A
orf19.12378,orf19.12378,C1_10420C_A
orf19.4912,orf19.4912,C1_10420C_A
orf19.8598,orf19.8598,C1_10420C_A
orf19.983,orf19.983,C1_10420C_A
orf19.8599,orf19.8599,C1_10430W_A
orf19.984,orf19.984,C1_10430W_A
orf19.8600,orf19.8600,C1_10440W_A
orf19.985,orf19.985,C1_10440W_A
orf19.8601,orf19.8601,C1_10450W_A
orf19.986,orf19.986,C1_10450W_A
orf19.8603,orf19.8603,C1_10460W_A
orf19.988,orf19.988,C1_10460W_A
orf19.8604,orf19.8604,C1_10470W_A
orf19.989,orf19.989,C1_10470W_A
orf19.8606,orf19.8606,C1_10480W_A
orf19.991,orf19.991,C1_10480W_A
orf19.8607,orf19.8607,C1_10490W_A
orf19.992,orf19.992,C1_10490W_A
orf19.8608,orf19.8608,C1_10500W_A
orf19.993,orf19.993,C1_10500W_A
orf19.8609,orf19.8609,C1_10510W_A
orf19.994,orf19.994,C1_10510W_A
orf19.8611,orf19.8611,C1_10520W_A
orf19.996,orf19.996,C1_10520W_A
orf19.8612,orf19.8612,C1_10530W_A
orf19.997,orf19.997,C1_10530W_A
orf19.8613,orf19.8613,C1_10540C_A
orf19.998,orf19.998,C1_10540C_A
orf19.999,orf19.999,C1_10550C_A
orf19.1002,orf19.1002,C1_10560C_A
orf19.8618,orf19.8618,C1_10560C_A
orf19.1003,orf19.1003,C1_10570C_A
orf19.1005,orf19.1005,C1_10570C_A
orf19.8619,orf19.8619,C1_10570C_A
orf19.1830,orf19.1830,C1_10580C_A
orf19.9389,orf19.9389,C1_10580C_A
orf19.1831,orf19.1831,C1_10600C_A
orf19.1832,orf19.1832,C1_10610W_A
orf19.9390,orf19.9390,C1_10610W_A
orf19.1833,orf19.1833,C1_10620W_A
orf19.9391,orf19.9391,C1_10620W_A
orf19.1834,orf19.1834,C1_10630C_A
orf19.9392,orf19.9392,C1_10630C_A
orf19.1835,orf19.1835,C1_10640C_A
orf19.9393,orf19.9393,C1_10640C_A
orf19.1836,orf19.1836,C1_10650W_A
orf19.9394,orf19.9394,C1_10650W_A
orf19.1837,orf19.1837,C1_10660W_A
orf19.9395,orf19.9395,C1_10660W_A
orf19.1839,orf19.1839,C1_10670C_A
orf19.9397,orf19.9397,C1_10670C_A
orf19.1840,orf19.1840,C1_10680C_A
orf19.2353,orf19.2353,C1_10680C_A
orf19.9398,orf19.9398,C1_10680C_A
orf19.9889,orf19.9889,C1_10680C_A
orf19.2352,orf19.2352,C1_10690W_A
orf19.9888,orf19.9888,C1_10690W_A
orf19.2351,orf19.2351,C1_10700C_A
orf19.9887,orf19.9887,C1_10700C_A
orf19.2350,orf19.2350,C1_10710C_A
orf19.9886,orf19.9886,C1_10710C_A
orf19.2347,orf19.2347,C1_10720C_A
orf19.9883,orf19.9883,C1_10720C_A
orf19.2346,orf19.2346,C1_10730W_A
orf19.9882,orf19.9882,C1_10730W_A
orf19.2344,orf19.2344,C1_10740C_A
orf19.9880,orf19.9880,C1_10740C_A
orf19.2343,orf19.2343,C1_10760W_A
orf19.9879,orf19.9879,C1_10760W_A
orf19.2342,orf19.2342,C1_10770W_A
orf19.9878,orf19.9878,C1_10770W_A
orf19.2341,orf19.2341,C1_10780C_A
orf19.9877,orf19.9877,C1_10780C_A
orf19.2340,orf19.2340,C1_10790W_A
orf19.9876,orf19.9876,C1_10790W_A
orf19.2337,orf19.2337,C1_10800C_A
orf19.9873,orf19.9873,C1_10800C_A
orf19.2336,orf19.2336,C1_10810W_A
orf19.9872,orf19.9872,C1_10810W_A
orf19.2335,orf19.2335,C1_10820C_A
orf19.9871,orf19.9871,C1_10820C_A
orf19.2334,orf19.2334,C1_10830W_A
orf19.9870,orf19.9870,C1_10830W_A
orf19.2333,orf19.2333,C1_10840C_A
orf19.9869,orf19.9869,C1_10840C_A
orf19.2332,orf19.2332,C1_10850W_A
orf19.9868,orf19.9868,C1_10850W_A
orf19.2331,orf19.2331,C1_10860C_A
orf19.9867,orf19.9867,C1_10860C_A
orf19.2330,orf19.2330,C1_10880W_A
orf19.9866,orf19.9866,C1_10880W_A
orf19.2328,orf19.2328,C1_10890C_A
orf19.9864,orf19.9864,C1_10890C_A
orf19.2326,orf19.2326,C1_10910C_A
orf19.9862,orf19.9862,C1_10910C_A
orf19.2325,orf19.2325,C1_10920W_A
orf19.9861,orf19.9861,C1_10920W_A
orf19.2324,orf19.2324,C1_10930C_A
orf19.9860,orf19.9860,C1_10930C_A
orf19.2320,orf19.2320,C1_10950C_A
orf19.9856,orf19.9856,C1_10950C_A
orf19.2319,orf19.2319,C1_10970W_A
orf19.9855,orf19.9855,C1_10970W_A
orf19.2317,orf19.2317,C1_10980W_A
orf19.9853,orf19.9853,C1_10980W_A
orf19.2315,orf19.2315,C1_10990C_A
orf19.9851,orf19.9851,C1_10990C_A
orf19.2314,orf19.2314,C1_11000C_A
orf19.9850,orf19.9850,C1_11000C_A
orf19.2313,orf19.2313,C1_11010C_A
orf19.9849,orf19.9849,C1_11010C_A
orf19.2312,orf19.2312,C1_11020W_A
orf19.9848,orf19.9848,C1_11020W_A
orf19.2311,orf19.2311,C1_11030W_A
orf19.9847,orf19.9847,C1_11030W_A
orf19.2310,orf19.2310,C1_11050W_A
orf19.9846,orf19.9846,C1_11050W_A
orf19.2309,orf19.2309,C1_11070W_A
orf19.9845,orf19.9845,C1_11070W_A
orf19.2308,orf19.2308,C1_11080W_A
orf19.9844,orf19.9844,C1_11080W_A
orf19.2307,orf19.2307,C1_11090C_A
orf19.9843,orf19.9843,C1_11090C_A
orf19.2306,orf19.2306,C1_11100W_A
orf19.9842,orf19.9842,C1_11100W_A
orf19.2305,orf19.2305,C1_11110C_A
orf19.9841,orf19.9841,C1_11110C_A
orf19.2304,orf19.2304,C1_11120C_A
orf19.9840,orf19.9840,C1_11120C_A
orf19.2303,orf19.2303,C1_11130W_A
orf19.9839,orf19.9839,C1_11130W_A
orf19.2302,orf19.2302,C1_11140W_A
orf19.9838,orf19.9838,C1_11140W_A
orf19.2301,orf19.2301,C1_11150W_A
orf19.9837,orf19.9837,C1_11150W_A
orf19.2299,orf19.2299,C1_11160C_A
orf19.9835,orf19.9835,C1_11160C_A
orf19.2298,orf19.2298,C1_11170W_A
orf19.9834,orf19.9834,C1_11170W_A
orf19.2297,orf19.2297,C1_11190W_A
orf19.9833,orf19.9833,C1_11190W_A
orf19.2296,orf19.2296,C1_11200W_A
orf19.682,orf19.682,C1_11200W_A
orf19.8300,orf19.8300,C1_11200W_A
orf19.9831,orf19.9831,C1_11200W_A
orf19.681,orf19.681,C1_11210C_A
orf19.8298,orf19.8298,C1_11210C_A
orf19.680,orf19.680,C1_11220C_A
orf19.8297,orf19.8297,C1_11220C_A
orf19.679,orf19.679,C1_11230W_A
orf19.8296,orf19.8296,C1_11230W_A
orf19.677,orf19.677,C1_11240C_A
orf19.8294,orf19.8294,C1_11240C_A
orf19.676,orf19.676,C1_11250W_A
orf19.8293,orf19.8293,C1_11250W_A
orf19.675,orf19.675,C1_11270W_A
orf19.8292,orf19.8292,C1_11270W_A
orf19.674,orf19.674,C1_11280W_A
orf19.8291,orf19.8291,C1_11280W_A
orf19.673,orf19.673,C1_11290W_A
orf19.8290,orf19.8290,C1_11290W_A
orf19.672,orf19.672,C1_11300C_A
orf19.8289,orf19.8289,C1_11300C_A
orf19.671,orf19.671,C1_11310C_A
orf19.8288,orf19.8288,C1_11310C_A
orf19.670,orf19.670,C1_11330C_A
orf19.8287,orf19.8287,C1_11330C_A
orf19.669,orf19.669,C1_11340W_A
orf19.8286,orf19.8286,C1_11340W_A
orf19.668,orf19.668,C1_11350C_A
orf19.8285,orf19.8285,C1_11350C_A
orf19.666,orf19.666,C1_11370C_A
orf19.667,orf19.667,C1_11370C_A
orf19.8283,orf19.8283,C1_11370C_A
orf19.8284,orf19.8284,C1_11370C_A
orf19.665,orf19.665,C1_11380W_A
orf19.8282,orf19.8282,C1_11380W_A
orf19.664,orf19.664,C1_11390W_A
orf19.8281,orf19.8281,C1_11390W_A
orf19.663,orf19.663,C1_11400C_A
orf19.8280,orf19.8280,C1_11400C_A
orf19.8278,orf19.8278,C1_11410C_A
orf19.661,orf19.661,C1_11420W_A
orf19.8277,orf19.8277,C1_11420W_A
orf19.660,orf19.660,C1_11430W_A
orf19.8276,orf19.8276,C1_11430W_A
orf19.658,orf19.658,C1_11440C_A
orf19.8274,orf19.8274,C1_11440C_A
orf19.657,orf19.657,C1_11450C_A
orf19.8272,orf19.8272,C1_11450C_A
orf19.656,orf19.656,C1_11470C_A
orf19.8271,orf19.8271,C1_11470C_A
orf19.1172,orf19.1172,C1_11480W_A
orf19.655,orf19.655,C1_11480W_A
orf19.8269,orf19.8269,C1_11480W_A
orf19.8765,orf19.8765,C1_11480W_A
orf19.1171,orf19.1171,C1_11490C_A
orf19.8764,orf19.8764,C1_11490C_A
orf19.1170,orf19.1170,C1_11500C_A
orf19.8763,orf19.8763,C1_11500C_A
orf19.1169,orf19.1169,C1_11510C_A
orf19.8762,orf19.8762,C1_11510C_A
orf19.1168,orf19.1168,C1_11520C_A
orf19.8761,orf19.8761,C1_11520C_A
orf19.1167,orf19.1167,C1_11530C_A
orf19.8760,orf19.8760,C1_11530C_A
orf19.1166,orf19.1166,C1_11540C_A
orf19.8759,orf19.8759,C1_11540C_A
orf19.1164,orf19.1164,C1_11550W_A
orf19.8757,orf19.8757,C1_11550W_A
orf19.1163,orf19.1163,C1_11560C_A
orf19.8756,orf19.8756,C1_11560C_A
orf19.1162,orf19.1162,C1_11580W_A
orf19.8755,orf19.8755,C1_11580W_A
orf19.1161,orf19.1161,C1_11590W_A
orf19.8753,orf19.8753,C1_11590W_A
orf19.1160,orf19.1160,C1_11600W_A
orf19.8752,orf19.8752,C1_11600W_A
orf19.1159,orf19.1159,C1_11610C_A
orf19.8751,orf19.8751,C1_11610C_A
orf19.1158,orf19.1158,C1_11620W_A
orf19.8750,orf19.8750,C1_11620W_A
orf19.1156,orf19.1156,C1_11630C_A
orf19.8748,orf19.8748,C1_11630C_A
orf19.1155,orf19.1155,C1_11640C_A
orf19.8747,orf19.8747,C1_11640C_A
orf19.1154,orf19.1154,C1_11650W_A
orf19.8746,orf19.8746,C1_11650W_A
orf19.1153,orf19.1153,C1_11660W_A
orf19.8745,orf19.8745,C1_11660W_A
orf19.1151,orf19.1151,C1_11670W_A
orf19.1152,orf19.1152,C1_11670W_A
orf19.8744,orf19.8744,C1_11670W_A
orf19.1150,orf19.1150,C1_11690W_A
orf19.8743,orf19.8743,C1_11690W_A
orf19.1149,orf19.1149,C1_11700C_A
orf19.8742,orf19.8742,C1_11700C_A
orf19.1148,orf19.1148,C1_11710C_A
orf19.8740,orf19.8740,C1_11710C_A
orf19.1146,orf19.1146,C1_11720W_A
orf19.1144,orf19.1144,C1_11730W_A
orf19.8737,orf19.8737,C1_11730W_A
orf19.1143,orf19.1143,C1_11740W_A
orf19.8736,orf19.8736,C1_11740W_A
orf19.1142,orf19.1142,C1_11750W_A
orf19.8735,orf19.8735,C1_11750W_A
orf19.1140,orf19.1140,C1_11760C_A
orf19.8733,orf19.8733,C1_11760C_A
orf19.1139,orf19.1139,C1_11770C_A
orf19.8732,orf19.8732,C1_11770C_A
orf19.1137,orf19.1137,C1_11790W_A
orf19.8730,orf19.8730,C1_11790W_A
orf19.1136,orf19.1136,C1_11800C_A
orf19.8729,orf19.8729,C1_11800C_A
orf19.1135,orf19.1135,C1_11810W_A
orf19.3491,orf19.3491,C1_11810W_A
orf19.8728,orf19.8728,C1_11810W_A
orf19.12747,orf19.12747,C1_11850W_A
orf19.5282,orf19.5282,C1_11850W_A
orf19.12746,orf19.12746,C1_11860W_A
orf19.5281,orf19.5281,C1_11860W_A
orf19.12745,orf19.12745,C1_11870W_A
orf19.5280,orf19.5280,C1_11870W_A
orf19.12744,orf19.12744,C1_11880W_A
orf19.5279,orf19.5279,C1_11880W_A
orf19.12743,orf19.12743,C1_11890W_A
orf19.5278,orf19.5278,C1_11890W_A
orf19.12742,orf19.12742,C1_11900C_A
orf19.5277,orf19.5277,C1_11900C_A
orf19.12741,orf19.12741,C1_11910W_A
orf19.5276,orf19.5276,C1_11910W_A
orf19.12740,orf19.12740,C1_11920W_A
orf19.5275,orf19.5275,C1_11920W_A
orf19.12739,orf19.12739,C1_11930W_A
orf19.5274,orf19.5274,C1_11930W_A
orf19.12736,orf19.12736,C1_11940C_A
orf19.5271,orf19.5271,C1_11940C_A
orf19.12735,orf19.12735,C1_11950W_A
orf19.5270,orf19.5270,C1_11950W_A
orf19.12734,orf19.12734,C1_11970C_A
orf19.5269,orf19.5269,C1_11970C_A
orf19.12733,orf19.12733,C1_11980W_A
orf19.5268,orf19.5268,C1_11980W_A
orf19.12732,orf19.12732,C1_11990W_A
orf19.5267,orf19.5267,C1_11990W_A
orf19.12731,orf19.12731,C1_12000C_A
orf19.5266,orf19.5266,C1_12000C_A
orf19.12730,orf19.12730,C1_12010C_A
orf19.5265,orf19.5265,C1_12010C_A
orf19.12729,orf19.12729,C1_12020W_A
orf19.5264,orf19.5264,C1_12020W_A
orf19.12728,orf19.12728,C1_12030W_A
orf19.5263,orf19.5263,C1_12030W_A
orf19.12727,orf19.12727,C1_12040W_A
orf19.5262,orf19.5262,C1_12040W_A
orf19.12725,orf19.12725,C1_12050W_A
orf19.12726,orf19.12726,C1_12050W_A
orf19.5260,orf19.5260,C1_12050W_A
orf19.5261,orf19.5261,C1_12050W_A
orf19.12724,orf19.12724,C1_12060C_A
orf19.5259,orf19.5259,C1_12060C_A
orf19.12723,orf19.12723,C1_12070C_A
orf19.5258,orf19.5258,C1_12070C_A
orf19.12722,orf19.12722,C1_12080W_A
orf19.5257,orf19.5257,C1_12080W_A
orf19.12721,orf19.12721,C1_12090C_A
orf19.5256,orf19.5256,C1_12090C_A
orf19.12720,orf19.12720,C1_12100C_A
orf19.5255,orf19.5255,C1_12100C_A
orf19.12719,orf19.12719,C1_12110C_A
orf19.5254,orf19.5254,C1_12110C_A
orf19.12718,orf19.12718,C1_12120W_A
orf19.5253,orf19.5253,C1_12120W_A
orf19.12716,orf19.12716,C1_12130C_A
orf19.5251,orf19.5251,C1_12130C_A
orf19.12715,orf19.12715,C1_12140W_A
orf19.5250,orf19.5250,C1_12140W_A
orf19.12714,orf19.12714,C1_12150C_A
orf19.5249,orf19.5249,C1_12150C_A
orf19.12713,orf19.12713,C1_12160W_A
orf19.5248,orf19.5248,C1_12160W_A
orf19.12712,orf19.12712,C1_12170C_A
orf19.5247,orf19.5247,C1_12170C_A
orf19.12711,orf19.12711,C1_12180C_A
orf19.5246,orf19.5246,C1_12180C_A
orf19.12710,orf19.12710,C1_12190W_A
orf19.5245,orf19.5245,C1_12190W_A
orf19.12709,orf19.12709,C1_12200W_A
orf19.5244,orf19.5244,C1_12200W_A
orf19.12708,orf19.12708,C1_12210W_A
orf19.5243,orf19.5243,C1_12210W_A
orf19.12707,orf19.12707,C1_12220W_A
orf19.5242,orf19.5242,C1_12220W_A
orf19.12706,orf19.12706,C1_12230W_A
orf19.5241,orf19.5241,C1_12230W_A
orf19.12703,orf19.12703,C1_12240C_A
orf19.5239,orf19.5239,C1_12240C_A
orf19.12702,orf19.12702,C1_12250C_A
orf19.5238,orf19.5238,C1_12250C_A
orf19.12701,orf19.12701,C1_12260W_A
orf19.5237,orf19.5237,C1_12260W_A
orf19.12700,orf19.12700,C1_12270W_A
orf19.5236,orf19.5236,C1_12270W_A
orf19.12699,orf19.12699,C1_12280C_A
orf19.5235,orf19.5235,C1_12280C_A
orf19.12698,orf19.12698,C1_12290C_A
orf19.5234,orf19.5234,C1_12290C_A
orf19.5233,orf19.5233,C1_12300W_A
orf19.12697,orf19.12697,C1_12310C_A
orf19.5232,orf19.5232,C1_12310C_A
orf19.12696,orf19.12696,C1_12330W_A
orf19.5231,orf19.5231,C1_12330W_A
orf19.12695,orf19.12695,C1_12340C_A
orf19.5230,orf19.5230,C1_12340C_A
orf19.12694,orf19.12694,C1_12350W_A
orf19.5229,orf19.5229,C1_12350W_A
orf19.12693,orf19.12693,C1_12360C_A
orf19.5228,orf19.5228,C1_12360C_A
orf19.12692,orf19.12692,C1_12370W_A
orf19.5227,orf19.5227,C1_12370W_A
orf19.12691,orf19.12691,C1_12380C_A
orf19.5226,orf19.5226,C1_12380C_A
orf19.5225,orf19.5225,C1_12400C_A
orf19.12690,orf19.12690,C1_12410C_A
orf19.5224,orf19.5224,C1_12410C_A
orf19.5223,orf19.5223,C1_12420C_A
orf19.12688,orf19.12688,C1_12430W_A
orf19.5221,orf19.5221,C1_12430W_A
orf19.5222,orf19.5222,C1_12430W_A
orf19.12687,orf19.12687,C1_12440W_A
orf19.5220,orf19.5220,C1_12440W_A
orf19.12686,orf19.12686,C1_12450C_A
orf19.5219,orf19.5219,C1_12450C_A
orf19.69,orf19.69,C1_12470W_A
orf19.7723,orf19.7723,C1_12470W_A
orf19.11251,orf19.11251,C1_12490W_A
orf19.3767,orf19.3767,C1_12490W_A
orf19.11249,orf19.11249,C1_12510W_A
orf19.3765,orf19.3765,C1_12510W_A
orf19.11248,orf19.11248,C1_12520W_A
orf19.3764,orf19.3764,C1_12520W_A
orf19.11247,orf19.11247,C1_12530C_A
orf19.3763,orf19.3763,C1_12530C_A
orf19.11246,orf19.11246,C1_12540W_A
orf19.3762,orf19.3762,C1_12540W_A
orf19.11245,orf19.11245,C1_12550C_A
orf19.3761,orf19.3761,C1_12550C_A
orf19.11244,orf19.11244,C1_12560C_A
orf19.3760,orf19.3760,C1_12560C_A
orf19.11243,orf19.11243,C1_12570C_A
orf19.3759,orf19.3759,C1_12570C_A
orf19.11242,orf19.11242,C1_12580W_A
orf19.3758,orf19.3758,C1_12580W_A
orf19.11241,orf19.11241,C1_12590W_A
orf19.3757,orf19.3757,C1_12590W_A
orf19.11240,orf19.11240,C1_12600C_A
orf19.3756,orf19.3756,C1_12600C_A
orf19.11239,orf19.11239,C1_12610W_A
orf19.13720,orf19.13720,C1_12610W_A
orf19.3755,orf19.3755,C1_12610W_A
orf19.6363,orf19.6363,C1_12610W_A
orf19.13719,orf19.13719,C1_12620W_A
orf19.6362,orf19.6362,C1_12620W_A
orf19.13717,orf19.13717,C1_12630C_A
orf19.6360,orf19.6360,C1_12630C_A
orf19.13716,orf19.13716,C1_12640W_A
orf19.6359,orf19.6359,C1_12640W_A
orf19.13715,orf19.13715,C1_12650C_A
orf19.6358,orf19.6358,C1_12650C_A
orf19.13714,orf19.13714,C1_12660W_A
orf19.6357,orf19.6357,C1_12660W_A
orf19.13713,orf19.13713,C1_12670C_A
orf19.6356,orf19.6356,C1_12670C_A
orf19.13712,orf19.13712,C1_12680W_A
orf19.6355,orf19.6355,C1_12680W_A
orf19.13711,orf19.13711,C1_12690C_A
orf19.6354,orf19.6354,C1_12690C_A
orf19.13710,orf19.13710,C1_12700W_A
orf19.6353,orf19.6353,C1_12700W_A
orf19.13708,orf19.13708,C1_12710C_A
orf19.6351,orf19.6351,C1_12710C_A
orf19.13707,orf19.13707,C1_12720C_A
orf19.6350,orf19.6350,C1_12720C_A
orf19.13706,orf19.13706,C1_12730W_A
orf19.6349,orf19.6349,C1_12730W_A
orf19.13704,orf19.13704,C1_12740W_A
orf19.6348,orf19.6348,C1_12740W_A
orf19.13703,orf19.13703,C1_12750C_A
orf19.6347,orf19.6347,C1_12750C_A
orf19.13702,orf19.13702,C1_12760W_A
orf19.6346,orf19.6346,C1_12760W_A
orf19.13701,orf19.13701,C1_12770W_A
orf19.6345,orf19.6345,C1_12770W_A
orf19.13700,orf19.13700,C1_12780W_A
orf19.6344,orf19.6344,C1_12780W_A
orf19.13699,orf19.13699,C1_12790C_A
orf19.6343,orf19.6343,C1_12790C_A
orf19.13698,orf19.13698,C1_12800W_A
orf19.6342,orf19.6342,C1_12800W_A
orf19.13697,orf19.13697,C1_12810W_A
orf19.6341,orf19.6341,C1_12810W_A
orf19.13696,orf19.13696,C1_12820C_A
orf19.6340,orf19.6340,C1_12820C_A
orf19.12379,orf19.12379,C1_12830C_A
orf19.4913,orf19.4913,C1_12830C_A
orf19.12380,orf19.12380,C1_12840W_A
orf19.4914,orf19.4914,C1_12840W_A
orf19.12382,orf19.12382,C1_12860C_A
orf19.4916,orf19.4916,C1_12860C_A
orf19.12383,orf19.12383,C1_12870C_A
orf19.4917,orf19.4917,C1_12870C_A
orf19.12384,orf19.12384,C1_12880C_A
orf19.4918,orf19.4918,C1_12880C_A
orf19.12385,orf19.12385,C1_12890W_A
orf19.12386,orf19.12386,C1_12890W_A
orf19.4919,orf19.4919,C1_12890W_A
orf19.4920,orf19.4920,C1_12890W_A
orf19.12387,orf19.12387,C1_12900W_A
orf19.4921,orf19.4921,C1_12900W_A
orf19.12388,orf19.12388,C1_12920C_A
orf19.4922,orf19.4922,C1_12920C_A
orf19.12389,orf19.12389,C1_12930C_A
orf19.4923,orf19.4923,C1_12930C_A
orf19.12390,orf19.12390,C1_12950W_A
orf19.4924,orf19.4924,C1_12950W_A
orf19.12393,orf19.12393,C1_12960C_A
orf19.4927,orf19.4927,C1_12960C_A
orf19.12394,orf19.12394,C1_12970C_A
orf19.4928,orf19.4928,C1_12970C_A
orf19.12395,orf19.12395,C1_13010W_A
orf19.4929,orf19.4929,C1_13010W_A
orf19.12396,orf19.12396,C1_13020C_A
orf19.4930,orf19.4930,C1_13020C_A
orf19.12397,orf19.12397,C1_13030C_A
orf19.4931,orf19.4931,C1_13030C_A
orf19.12398,orf19.12398,C1_13060C_A
orf19.4932,orf19.4932,C1_13060C_A
orf19.12399,orf19.12399,C1_13070C_A
orf19.4933,orf19.4933,C1_13070C_A
orf19.12400,orf19.12400,C1_13080W_A
orf19.4934,orf19.4934,C1_13080W_A
orf19.12402,orf19.12402,C1_13090W_A
orf19.4936,orf19.4936,C1_13090W_A
orf19.12403,orf19.12403,C1_13110C_A
orf19.12404,orf19.12404,C1_13110C_A
orf19.4937,orf19.4937,C1_13110C_A
orf19.4938,orf19.4938,C1_13110C_A
orf19.12405,orf19.12405,C1_13120C_A
orf19.4939,orf19.4939,C1_13120C_A
orf19.12406,orf19.12406,C1_13130C_A
orf19.4940,orf19.4940,C1_13130C_A
orf19.12407,orf19.12407,C1_13140C_A
orf19.4941,orf19.4941,C1_13140C_A
orf19.12408,orf19.12408,C1_13150W_A
orf19.4942,orf19.4942,C1_13150W_A
orf19.12409,orf19.12409,C1_13160W_A
orf19.4943,orf19.4943,C1_13160W_A
orf19.12411,orf19.12411,C1_13170C_A
orf19.4945,orf19.4945,C1_13170C_A
orf19.12412,orf19.12412,C1_13180W_A
orf19.4946,orf19.4946,C1_13180W_A
orf19.4947,orf19.4947,C1_13190W_A
orf19.12413,orf19.12413,C1_13200C_A
orf19.4948,orf19.4948,C1_13200C_A
orf19.4949,orf19.4949,C1_13210C_A
orf19.12414,orf19.12414,C1_13220C_A
orf19.4950,orf19.4950,C1_13220C_A
orf19.12415,orf19.12415,C1_13240W_A
orf19.4951,orf19.4951,C1_13240W_A
orf19.12417,orf19.12417,C1_13250W_A
orf19.4952,orf19.4952,C1_13250W_A
orf19.12418,orf19.12418,C1_13270W_A
orf19.4953,orf19.4953,C1_13270W_A
orf19.12419,orf19.12419,C1_13280C_A
orf19.4954,orf19.4954,C1_13280C_A
orf19.12420,orf19.12420,C1_13290W_A
orf19.4955,orf19.4955,C1_13290W_A
orf19.12421,orf19.12421,C1_13300C_A
orf19.4956,orf19.4956,C1_13300C_A
orf19.12423,orf19.12423,C1_13310W_A
orf19.4958,orf19.4958,C1_13310W_A
orf19.12424,orf19.12424,C1_13320C_A
orf19.4959,orf19.4959,C1_13320C_A
orf19.12425,orf19.12425,C1_13330C_A
orf19.4960,orf19.4960,C1_13330C_A
orf19.12426,orf19.12426,C1_13350W_A
orf19.4961,orf19.4961,C1_13350W_A
orf19.12427,orf19.12427,C1_13360C_A
orf19.4962,orf19.4962,C1_13360C_A
orf19.12428,orf19.12428,C1_13370W_A
orf19.4963,orf19.4963,C1_13370W_A
orf19.12429,orf19.12429,C1_13380W_A
orf19.4964,orf19.4964,C1_13380W_A
orf19.12430,orf19.12430,C1_13390W_A
orf19.4965,orf19.4965,C1_13390W_A
orf19.12431,orf19.12431,C1_13400C_A
orf19.4966,orf19.4966,C1_13400C_A
orf19.12432,orf19.12432,C1_13410W_A
orf19.4967,orf19.4967,C1_13410W_A
orf19.12434,orf19.12434,C1_13420C_A
orf19.4969,orf19.4969,C1_13420C_A
orf19.12435,orf19.12435,C1_13430C_A
orf19.4970,orf19.4970,C1_13430C_A
orf19.12437,orf19.12437,C1_13440C_A
orf19.4972,orf19.4972,C1_13440C_A
orf19.12440,orf19.12440,C1_13450W_A
orf19.4975,orf19.4975,C1_13450W_A
orf19.12443,orf19.12443,C1_13460W_A
orf19.4976,orf19.4976,C1_13460W_A
orf19.12446,orf19.12446,C1_13470W_A
orf19.4979,orf19.4979,C1_13470W_A
orf19.12447,orf19.12447,C1_13480W_A
orf19.4980,orf19.4980,C1_13480W_A
orf19.12448,orf19.12448,C1_13490C_A
orf19.4981,orf19.4981,C1_13490C_A
orf19.12449,orf19.12449,C1_13510C_A
orf19.4982,orf19.4982,C1_13510C_A
orf19.12450,orf19.12450,C1_13520C_A
orf19.4983,orf19.4983,C1_13520C_A
orf19.12452,orf19.12452,C1_13540W_A
orf19.4985,orf19.4985,C1_13540W_A
orf19.12454,orf19.12454,C1_13550C_A
orf19.4987,orf19.4987,C1_13550C_A
orf19.12455,orf19.12455,C1_13560W_A
orf19.4988,orf19.4988,C1_13560W_A
orf19.12458,orf19.12458,C1_13570W_A
orf19.4991,orf19.4991,C1_13570W_A
orf19.12460,orf19.12460,C1_13580W_A
orf19.12461,orf19.12461,C1_13580W_A
orf19.4993,orf19.4993,C1_13580W_A
orf19.4994,orf19.4994,C1_13580W_A
orf19.12462,orf19.12462,C1_13590W_A
orf19.4995,orf19.4995,C1_13590W_A
orf19.12463,orf19.12463,C1_13600W_A
orf19.4996,orf19.4996,C1_13600W_A
orf19.12464,orf19.12464,C1_13610C_A
orf19.4997,orf19.4997,C1_13610C_A
orf19.12465,orf19.12465,C1_13620W_A
orf19.4998,orf19.4998,C1_13620W_A
orf19.12467,orf19.12467,C1_13630W_A
orf19.5000,orf19.5000,C1_13630W_A
orf19.12468,orf19.12468,C1_13640W_A
orf19.5001,orf19.5001,C1_13640W_A
orf19.12470,orf19.12470,C1_13650C_A
orf19.5003,orf19.5003,C1_13650C_A
orf19.12471,orf19.12471,C1_13660W_A
orf19.5004,orf19.5004,C1_13660W_A
orf19.12472,orf19.12472,C1_13670W_A
orf19.5005,orf19.5005,C1_13670W_A
orf19.12473,orf19.12473,C1_13680C_A
orf19.5006,orf19.5006,C1_13680C_A
orf19.12474,orf19.12474,C1_13700W_A
orf19.5007,orf19.5007,C1_13700W_A
orf19.12476,orf19.12476,C1_13720W_A
orf19.5009,orf19.5009,C1_13720W_A
orf19.12477,orf19.12477,C1_13730C_A
orf19.5010,orf19.5010,C1_13730C_A
orf19.12478,orf19.12478,C1_13740W_A
orf19.5011,orf19.5011,C1_13740W_A
orf19.12479,orf19.12479,C1_13750C_A
orf19.5012,orf19.5012,C1_13750C_A
orf19.12480,orf19.12480,C1_13760W_A
orf19.5013,orf19.5013,C1_13760W_A
orf19.12481,orf19.12481,C1_13770C_A
orf19.5014,orf19.5014,C1_13770C_A
orf19.12482,orf19.12482,C1_13780W_A
orf19.5015,orf19.5015,C1_13780W_A
orf19.12483,orf19.12483,C1_13790C_A
orf19.5016,orf19.5016,C1_13790C_A
orf19.12484,orf19.12484,C1_13800C_A
orf19.5017,orf19.5017,C1_13800C_A
orf19.12486,orf19.12486,C1_13810W_A
orf19.5019,orf19.5019,C1_13810W_A
orf19.12487,orf19.12487,C1_13820C_A
orf19.5020,orf19.5020,C1_13820C_A
orf19.12488,orf19.12488,C1_13830C_A
orf19.5021,orf19.5021,C1_13830C_A
orf19.12489,orf19.12489,C1_13840W_A
orf19.5022,orf19.5022,C1_13840W_A
orf19.12490,orf19.12490,C1_13850C_A
orf19.5023,orf19.5023,C1_13850C_A
orf19.12491,orf19.12491,C1_13860C_A
orf19.5024,orf19.5024,C1_13860C_A
orf19.12492,orf19.12492,C1_13870W_A
orf19.5025,orf19.5025,C1_13870W_A
orf19.12493,orf19.12493,C1_13880C_A
orf19.5026,orf19.5026,C1_13880C_A
orf19.12494,orf19.12494,C1_13900C_A
orf19.5027,orf19.5027,C1_13900C_A
orf19.12496,orf19.12496,C1_13910C_A
orf19.5029,orf19.5029,C1_13910C_A
orf19.12497,orf19.12497,C1_13920W_A
orf19.5030,orf19.5030,C1_13920W_A
orf19.12498,orf19.12498,C1_13930W_A
orf19.5031,orf19.5031,C1_13930W_A
orf19.12499,orf19.12499,C1_13940W_A
orf19.5032,orf19.5032,C1_13940W_A
orf19.12500,orf19.12500,C1_13950C_A
orf19.5033,orf19.5033,C1_13950C_A
orf19.12501,orf19.12501,C1_13960W_A
orf19.5034,orf19.5034,C1_13960W_A
orf19.12502,orf19.12502,C1_13970C_A
orf19.5035,orf19.5035,C1_13970C_A
orf19.7205,orf19.7205,C1_13980C_A
orf19.7206,orf19.7206,C1_13990W_A
orf19.7207,orf19.7207,C1_14000C_A
orf19.7208,orf19.7208,C1_14010W_A
orf19.7209,orf19.7209,C1_14020W_A
orf19.7210,orf19.7210,C1_14030W_A
orf19.7212,orf19.7212,C1_14040W_A
orf19.7213,orf19.7213,C1_14050C_A
orf19.7214,orf19.7214,C1_14060W_A
orf19.7215,orf19.7215,C1_14080W_A
orf19.7216,orf19.7216,C1_14100W_A
orf19.7217,orf19.7217,C1_14110C_A
orf19.7218,orf19.7218,C1_14120C_A
orf19.7219,orf19.7219,C1_14130W_A
orf19.7221,orf19.7221,C1_14140C_A
orf19.7222,orf19.7222,C1_14150C_A
orf19.7223,orf19.7223,C1_14160W_A
orf19.7224,orf19.7224,C1_14170W_A
orf19.7225,orf19.7225,C1_14180W_A
orf19.7227,orf19.7227,C1_14190C_A
orf19.7228,orf19.7228,C1_14200W_A
orf19.7229,orf19.7229,C1_14210C_A
orf19.7231,orf19.7231,C1_14220C_A
orf19.7232,orf19.7232,C1_14230C_A
orf19.7233,orf19.7233,C1_14230C_A
orf19.7234,orf19.7234,C1_14240W_A
orf19.7235,orf19.7235,C1_14250C_A
orf19.7236,orf19.7236,C1_14260C_A
orf19.7237,orf19.7237,C1_14270W_A
orf19.7238,orf19.7238,C1_14280C_A
orf19.7239,orf19.7239,C1_14290C_A
orf19.7242,orf19.7242,C1_14300C_A
orf19.7243,orf19.7243,C1_14310W_A
orf19.7244,orf19.7244,C1_14320C_A
orf19.7245,orf19.7245,C1_14330W_A
orf19.7247,orf19.7247,C1_14340C_A
orf19.7250,orf19.7250,C1_14350W_A
orf19.7251,orf19.7251,C1_14360C_A
orf19.7252,orf19.7252,C1_14370W_A
orf19.7254,orf19.7254,C1_14380C_A
orf19.7255,orf19.7255,C1_14390W_A
orf19.7257,orf19.7257,C1_14400C_A
orf19.7256,orf19.7256,C1_14410W_A
orf19.7258,orf19.7258,C1_14420W_A
orf19.7260,orf19.7260,C1_14430C_A
orf19.7261,orf19.7261,C1_14440C_A
orf19.7263,orf19.7263,C1_14450C_A
orf19.7264,orf19.7264,C1_14460W_A
orf19.7265,orf19.7265,C1_14470W_A
orf19.7266,orf19.7266,C1_14480W_A
orf19.7267,orf19.7267,C1_14490C_A
orf19.7269,orf19.7269,C1_14500C_A
orf19.7270,orf19.7270,C1_14520W_A
orf19.7271,orf19.7271,C1_14530W_A
orf19.7272,orf19.7272,C1_14550C_A
orf19.7273,orf19.7273,C1_14560C_A
orf19.7274,orf19.7274,C1_14560C_A
orf19.7275,orf19.7275,C1_14570C_A
orf19.7277,orf19.7277,C1_14580C_A
orf19.7278,orf19.7278,C1_14630C_A
orf19.1925,orf19.1925,C2_00010W_A
orf19.9481,orf19.9481,C2_00010W_A
orf19.1923,orf19.1923,C2_00030W_A
orf19.9479,orf19.9479,C2_00030W_A
orf19.1920,orf19.1920,C2_00050C_A
orf19.9476,orf19.9476,C2_00050C_A
orf19.1917,orf19.1917,C2_00060C_A
orf19.9473,orf19.9473,C2_00060C_A
orf19.1915,orf19.1915,C2_00070C_A
orf19.9471,orf19.9471,C2_00070C_A
orf19.1914,orf19.1914,C2_00080C_A
orf19.9470,orf19.9470,C2_00080C_A
orf19.1913,orf19.1913,C2_00090W_A
orf19.9469,orf19.9469,C2_00090W_A
orf19.1911,orf19.1911,C2_00100C_A
orf19.9467,orf19.9467,C2_00100C_A
orf19.1910,orf19.1910,C2_00110W_A
orf19.9466,orf19.9466,C2_00110W_A
orf19.1907,orf19.1907,C2_00120C_A
orf19.9463,orf19.9463,C2_00120C_A
orf19.1906,orf19.1906,C2_00130W_A
orf19.9462,orf19.9462,C2_00130W_A
orf19.2119,orf19.2119,C2_00140W_A
orf19.9667,orf19.9667,C2_00140W_A
orf19.2117,orf19.2117,C2_00150W_A
orf19.9665,orf19.9665,C2_00150W_A
orf19.2116,orf19.2116,C2_00160C_A
orf19.9664,orf19.9664,C2_00160C_A
orf19.2115,orf19.2115,C2_00170C_A
orf19.9663,orf19.9663,C2_00170C_A
orf19.2114,orf19.2114,C2_00180C_A
orf19.9662,orf19.9662,C2_00180C_A
orf19.2113,orf19.2113,C2_00190C_A
orf19.9661,orf19.9661,C2_00190C_A
orf19.2112,orf19.2112,C2_00200W_A
orf19.9660,orf19.9660,C2_00200W_A
orf19.2111,orf19.2111,C2_00220C_A
orf19.9659,orf19.9659,C2_00220C_A
orf19.2110,orf19.2110,C2_00230W_A
orf19.9658,orf19.9658,C2_00230W_A
orf19.2108,orf19.2108,C2_00240C_A
orf19.9656,orf19.9656,C2_00240C_A
orf19.2107,orf19.2107,C2_00260C_A
orf19.9655,orf19.9655,C2_00260C_A
orf19.2106,orf19.2106,C2_00270C_A
orf19.9654,orf19.9654,C2_00270C_A
orf19.2105,orf19.2105,C2_00280C_A
orf19.9653,orf19.9653,C2_00280C_A
orf19.2104,orf19.2104,C2_00290W_A
orf19.9652,orf19.9652,C2_00290W_A
orf19.2102,orf19.2102,C2_00300C_A
orf19.9650,orf19.9650,C2_00300C_A
orf19.2103,orf19.2103,C2_00310W_A
orf19.2101,orf19.2101,C2_00320W_A
orf19.9649,orf19.9649,C2_00320W_A
orf19.2099,orf19.2099,C2_00330C_A
orf19.9647,orf19.9647,C2_00330C_A
orf19.2098,orf19.2098,C2_00340C_A
orf19.9645,orf19.9645,C2_00340C_A
orf19.2097,orf19.2097,C2_00350W_A
orf19.9644,orf19.9644,C2_00350W_A
orf19.2095,orf19.2095,C2_00360C_A
orf19.9642,orf19.9642,C2_00360C_A
orf19.2094,orf19.2094,C2_00370W_A
orf19.9641,orf19.9641,C2_00370W_A
orf19.2093,orf19.2093,C2_00380C_A
orf19.9640,orf19.9640,C2_00380C_A
orf19.2092,orf19.2092,C2_00390C_A
orf19.9639,orf19.9639,C2_00390C_A
orf19.2091,orf19.2091,C2_00400C_A
orf19.9638,orf19.9638,C2_00400C_A
orf19.2090,orf19.2090,C2_00410C_A
orf19.9637,orf19.9637,C2_00410C_A
orf19.2089,orf19.2089,C2_00420W_A
orf19.9636,orf19.9636,C2_00420W_A
orf19.2088,orf19.2088,C2_00430C_A
orf19.9635,orf19.9635,C2_00430C_A
orf19.2087,orf19.2087,C2_00440W_A
orf19.9634,orf19.9634,C2_00440W_A
orf19.2084,orf19.2084,C2_00450C_A
orf19.9631,orf19.9631,C2_00450C_A
orf19.2082,orf19.2082,C2_00460W_A
orf19.9629,orf19.9629,C2_00460W_A
orf19.2081,orf19.2081,C2_00470W_A
orf19.9628,orf19.9628,C2_00470W_A
orf19.2079,orf19.2079,C2_00480C_A
orf19.9626,orf19.9626,C2_00480C_A
orf19.2078,orf19.2078,C2_00490W_A
orf19.9625,orf19.9625,C2_00490W_A
orf19.2077,orf19.2077,C2_00500W_A
orf19.9624,orf19.9624,C2_00500W_A
orf19.2076,orf19.2076,C2_00510W_A
orf19.9623,orf19.9623,C2_00510W_A
orf19.2075,orf19.2075,C2_00520W_A
orf19.9622,orf19.9622,C2_00520W_A
orf19.2074,orf19.2074,C2_00530W_A
orf19.9621,orf19.9621,C2_00530W_A
orf19.2073,orf19.2073,C2_00540W_A
orf19.9620,orf19.9620,C2_00540W_A
orf19.2072,orf19.2072,C2_00550W_A
orf19.9619,orf19.9619,C2_00550W_A
orf19.2071,orf19.2071,C2_00560W_A
orf19.9618,orf19.9618,C2_00560W_A
orf19.2070,orf19.2070,C2_00570W_A
orf19.9617,orf19.9617,C2_00570W_A
orf19.2069,orf19.2069,C2_00580C_A
orf19.9616,orf19.9616,C2_00580C_A
orf19.2068,orf19.2068,C2_00590W_A
orf19.9615,orf19.9615,C2_00590W_A
orf19.2067,orf19.2067,C2_00600C_A
orf19.9614,orf19.9614,C2_00600C_A
orf19.2066,orf19.2066,C2_00620C_A
orf19.9613,orf19.9613,C2_00620C_A
orf19.2065,orf19.2065,C2_00630C_A
orf19.9612,orf19.9612,C2_00630C_A
orf19.2064,orf19.2064,C2_00640W_A
orf19.9611,orf19.9611,C2_00640W_A
orf19.2063,orf19.2063,C2_00650W_A
orf19.9610,orf19.9610,C2_00650W_A
orf19.2062,orf19.2062,C2_00660C_A
orf19.9609,orf19.9609,C2_00660C_A
orf19.2061,orf19.2061,C2_00670C_A
orf19.9608,orf19.9608,C2_00670C_A
orf19.2060,orf19.2060,C2_00680C_A
orf19.9607,orf19.9607,C2_00680C_A
orf19.2059,orf19.2059,C2_00690W_A
orf19.9606,orf19.9606,C2_00690W_A
orf19.2057,orf19.2057,C2_00700W_A
orf19.9604,orf19.9604,C2_00700W_A
orf19.2055,orf19.2055,C2_00710W_A
orf19.9602,orf19.9602,C2_00710W_A
orf19.2054,orf19.2054,C2_00720C_A
orf19.9601,orf19.9601,C2_00720C_A
orf19.2051,orf19.2051,C2_00730C_A
orf19.2053,orf19.2053,C2_00730C_A
orf19.9599,orf19.9599,C2_00730C_A
orf19.2050,orf19.2050,C2_00740C_A
orf19.9598,orf19.9598,C2_00740C_A
orf19.2049,orf19.2049,C2_00750W_A
orf19.9597,orf19.9597,C2_00750W_A
orf19.2048,orf19.2048,C2_00760C_A
orf19.9596,orf19.9596,C2_00760C_A
orf19.2047,orf19.2047,C2_00770W_A
orf19.9595,orf19.9595,C2_00770W_A
orf19.2046,orf19.2046,C2_00780W_A
orf19.9594,orf19.9594,C2_00780W_A
orf19.2045,orf19.2045,C2_00790C_A
orf19.9593,orf19.9593,C2_00790C_A
orf19.2044,orf19.2044,C2_00800C_A
orf19.9592,orf19.9592,C2_00800C_A
orf19.2043,orf19.2043,C2_00810C_A
orf19.9591,orf19.9591,C2_00810C_A
orf19.2042,orf19.2042,C2_00820W_A
orf19.9590,orf19.9590,C2_00820W_A
orf19.2041,orf19.2041,C2_00830C_A
orf19.9589,orf19.9589,C2_00830C_A
orf19.2040,orf19.2040,C2_00840W_A
orf19.9588,orf19.9588,C2_00840W_A
orf19.2039,orf19.2039,C2_00850W_A
orf19.9587,orf19.9587,C2_00850W_A
orf19.2038,orf19.2038,C2_00860C_A
orf19.9586,orf19.9586,C2_00860C_A
orf19.2037,orf19.2037,C2_00870W_A
orf19.9585,orf19.9585,C2_00870W_A
orf19.2036,orf19.2036,C2_00880W_A
orf19.9584,orf19.9584,C2_00880W_A
orf19.2035,orf19.2035,C2_00890W_A
orf19.9583,orf19.9583,C2_00890W_A
orf19.2034,orf19.2034,C2_00900W_A
orf19.9582,orf19.9582,C2_00900W_A
orf19.2033,orf19.2033,C2_00910W_A
orf19.9581,orf19.9581,C2_00910W_A
orf19.2032,orf19.2032,C2_00920W_A
orf19.9580,orf19.9580,C2_00920W_A
orf19.2031,orf19.2031,C2_00930C_A
orf19.9579,orf19.9579,C2_00930C_A
orf19.2030,orf19.2030,C2_00940W_A
orf19.9578,orf19.9578,C2_00940W_A
orf19.2029,orf19.2029,C2_00950C_A
orf19.9577,orf19.9577,C2_00950C_A
orf19.2028,orf19.2028,C2_00960C_A
orf19.9576,orf19.9576,C2_00960C_A
orf19.2026,orf19.2026,C2_00970C_A
orf19.9575,orf19.9575,C2_00970C_A
orf19.2025,orf19.2025,C2_00980W_A
orf19.2024,orf19.2024,C2_00990W_A
orf19.2023,orf19.2023,C2_01000W_A
orf19.9572,orf19.9572,C2_01000W_A
orf19.2021,orf19.2021,C2_01010W_A
orf19.2022,orf19.2022,C2_01010W_A
orf19.9571,orf19.9571,C2_01010W_A
orf19.2020,orf19.2020,C2_01020W_A
orf19.9570,orf19.9570,C2_01020W_A
orf19.2019,orf19.2019,C2_01030W_A
orf19.9569,orf19.9569,C2_01030W_A
orf19.2018,orf19.2018,C2_01060C_A
orf19.9568,orf19.9568,C2_01060C_A
orf19.2017,orf19.2017,C2_01070W_A
orf19.9567,orf19.9567,C2_01070W_A
orf19.2016,orf19.2016,C2_01090C_A
orf19.9566,orf19.9566,C2_01090C_A
orf19.2014,orf19.2014,C2_01110C_A
orf19.2015,orf19.2015,C2_01110C_A
orf19.9565,orf19.9565,C2_01110C_A
orf19.2013,orf19.2013,C2_01120W_A
orf19.9564,orf19.9564,C2_01120W_A
orf19.2012,orf19.2012,C2_01130W_A
orf19.9563,orf19.9563,C2_01130W_A
orf19.2010,orf19.2010,C2_01140C_A
orf19.9561,orf19.9561,C2_01140C_A
orf19.2009,orf19.2009,C2_01150W_A
orf19.9560,orf19.9560,C2_01150W_A
orf19.2008,orf19.2008,C2_01160W_A
orf19.9559,orf19.9559,C2_01160W_A
orf19.2007,orf19.2007,C2_01170C_A
orf19.9558,orf19.9558,C2_01170C_A
orf19.2006,orf19.2006,C2_01190C_A
orf19.9557,orf19.9557,C2_01190C_A
orf19.2005,orf19.2005,C2_01200C_A
orf19.9556,orf19.9556,C2_01200C_A
orf19.2003,orf19.2003,C2_01210C_A
orf19.9554,orf19.9554,C2_01210C_A
orf19.2002,orf19.2002,C2_01220W_A
orf19.9553,orf19.9553,C2_01220W_A
orf19.2001,orf19.2001,C2_01230W_A
orf19.9552,orf19.9552,C2_01230W_A
orf19.2000,orf19.2000,C2_01240C_A
orf19.9551,orf19.9551,C2_01240C_A
orf19.1999,orf19.1999,C2_01250W_A
orf19.9550,orf19.9550,C2_01250W_A
orf19.1998,orf19.1998,C2_01260W_A
orf19.9549,orf19.9549,C2_01260W_A
orf19.1996,orf19.1996,C2_01270W_A
orf19.1997,orf19.1997,C2_01270W_A
orf19.9548,orf19.9548,C2_01270W_A
orf19.1995,orf19.1995,C2_01300C_A
orf19.9547,orf19.9547,C2_01300C_A
orf19.1994,orf19.1994,C2_01310W_A
orf19.9546,orf19.9546,C2_01310W_A
orf19.1993,orf19.1993,C2_01320W_A
orf19.9545,orf19.9545,C2_01320W_A
orf19.1992,orf19.1992,C2_01330C_A
orf19.9544,orf19.9544,C2_01330C_A
orf19.1991,orf19.1991,C2_01340W_A
orf19.9542,orf19.9542,C2_01340W_A
orf19.1990,orf19.1990,C2_01350C_A
orf19.9541,orf19.9541,C2_01350C_A
orf19.1989,orf19.1989,C2_01360C_A
orf19.9540,orf19.9540,C2_01360C_A
orf19.1441,orf19.1441,C2_01370C_A
orf19.9016,orf19.9016,C2_01370C_A
orf19.1442,orf19.1442,C2_01380W_A
orf19.1443,orf19.1443,C2_01380W_A
orf19.9017,orf19.9017,C2_01380W_A
orf19.9018,orf19.9018,C2_01380W_A
orf19.1444,orf19.1444,C2_01390W_A
orf19.9019,orf19.9019,C2_01390W_A
orf19.1445,orf19.1445,C2_01400C_A
orf19.9020,orf19.9020,C2_01400C_A
orf19.1446,orf19.1446,C2_01410C_A
orf19.9021,orf19.9021,C2_01410C_A
orf19.1447,orf19.1447,C2_01420C_A
orf19.9022,orf19.9022,C2_01420C_A
orf19.1448,orf19.1448,C2_01430W_A
orf19.9023,orf19.9023,C2_01430W_A
orf19.1449,orf19.1449,C2_01450C_A
orf19.9024,orf19.9024,C2_01450C_A
orf19.1450,orf19.1450,C2_01460C_A
orf19.9025,orf19.9025,C2_01460C_A
orf19.1451,orf19.1451,C2_01470W_A
orf19.9026,orf19.9026,C2_01470W_A
orf19.1453,orf19.1453,C2_01480W_A
orf19.9028,orf19.9028,C2_01480W_A
orf19.1457,orf19.1457,C2_01490C_A
orf19.9032,orf19.9032,C2_01490C_A
orf19.1456,orf19.1456,C2_01500W_A
orf19.1458,orf19.1458,C2_01510C_A
orf19.9033,orf19.9033,C2_01510C_A
orf19.1459,orf19.1459,C2_01520W_A
orf19.9034,orf19.9034,C2_01520W_A
orf19.1460,orf19.1460,C2_01530C_A
orf19.9035,orf19.9035,C2_01530C_A
orf19.1461,orf19.1461,C2_01540W_A
orf19.9036,orf19.9036,C2_01540W_A
orf19.1462,orf19.1462,C2_01550W_A
orf19.9037,orf19.9037,C2_01550W_A
orf19.1464,orf19.1464,C2_01560W_A
orf19.9039,orf19.9039,C2_01560W_A
orf19.1465,orf19.1465,C2_01570W_A
orf19.9040,orf19.9040,C2_01570W_A
orf19.1466,orf19.1466,C2_01580W_A
orf19.9041,orf19.9041,C2_01580W_A
orf19.1467,orf19.1467,C2_01590W_A
orf19.9042,orf19.9042,C2_01590W_A
orf19.1468,orf19.1468,C2_01600C_A
orf19.9043,orf19.9043,C2_01600C_A
orf19.1470,orf19.1470,C2_01610C_A
orf19.9045,orf19.9045,C2_01610C_A
orf19.1471,orf19.1471,C2_01620W_A
orf19.9046,orf19.9046,C2_01620W_A
orf19.1473,orf19.1473,C2_01630W_A
orf19.9048,orf19.9048,C2_01630W_A
orf19.1474,orf19.1474,C2_01640W_A
orf19.9049,orf19.9049,C2_01640W_A
orf19.1476,orf19.1476,C2_01650W_A
orf19.9051,orf19.9051,C2_01650W_A
orf19.1477,orf19.1477,C2_01660C_A
orf19.9052,orf19.9052,C2_01660C_A
orf19.1478,orf19.1478,C2_01670C_A
orf19.9053,orf19.9053,C2_01670C_A
orf19.1479,orf19.1479,C2_01680C_A
orf19.9054,orf19.9054,C2_01680C_A
orf19.1480,orf19.1480,C2_01690W_A
orf19.9055,orf19.9055,C2_01690W_A
orf19.1481,orf19.1481,C2_01700C_A
orf19.9056,orf19.9056,C2_01700C_A
orf19.1482,orf19.1482,C2_01710W_A
orf19.9057,orf19.9057,C2_01710W_A
orf19.1483,orf19.1483,C2_01720C_A
orf19.9058,orf19.9058,C2_01720C_A
orf19.1484,orf19.1484,C2_01730W_A
orf19.9059,orf19.9059,C2_01730W_A
orf19.1485,orf19.1485,C2_01740C_A
orf19.9060,orf19.9060,C2_01740C_A
orf19.1486,orf19.1486,C2_01750C_A
orf19.9061,orf19.9061,C2_01750C_A
orf19.1488,orf19.1488,C2_01760C_A
orf19.9065,orf19.9065,C2_01760C_A
orf19.1490,orf19.1490,C2_01780W_A
orf19.9067,orf19.9067,C2_01780W_A
orf19.1491,orf19.1491,C2_01820C_A
orf19.9068,orf19.9068,C2_01820C_A
orf19.1492,orf19.1492,C2_01830W_A
orf19.9069,orf19.9069,C2_01830W_A
orf19.1493,orf19.1493,C2_01840C_A
orf19.9070,orf19.9070,C2_01840C_A
orf19.1494,orf19.1494,C2_01850W_A
orf19.9071,orf19.9071,C2_01850W_A
orf19.1495,orf19.1495,C2_01860C_A
orf19.9072,orf19.9072,C2_01860C_A
orf19.1496,orf19.1496,C2_01870C_A
orf19.9073,orf19.9073,C2_01870C_A
orf19.1497,orf19.1497,C2_01880C_A
orf19.1499,orf19.1499,C2_01890W_A
orf19.9075,orf19.9075,C2_01890W_A
orf19.1500,orf19.1500,C2_01900C_A
orf19.9076,orf19.9076,C2_01900C_A
orf19.1502,orf19.1502,C2_01910W_A
orf19.9078,orf19.9078,C2_01910W_A
orf19.1504,orf19.1504,C2_01920C_A
orf19.9080,orf19.9080,C2_01920C_A
orf19.1505,orf19.1505,C2_01930C_A
orf19.9081,orf19.9081,C2_01930C_A
orf19.1506,orf19.1506,C2_01940C_A
orf19.9082,orf19.9082,C2_01940C_A
orf19.1507,orf19.1507,C2_01950C_A
orf19.9083,orf19.9083,C2_01950C_A
orf19.1508,orf19.1508,C2_01960C_A
orf19.1509,orf19.1509,C2_01970C_A
orf19.9084,orf19.9084,C2_01970C_A
orf19.1510,orf19.1510,C2_01980C_A
orf19.9085,orf19.9085,C2_01980C_A
orf19.1513,orf19.1513,C2_01990C_A
orf19.9088,orf19.9088,C2_01990C_A
orf19.1514,orf19.1514,C2_02000W_A
orf19.9089,orf19.9089,C2_02000W_A
orf19.1515,orf19.1515,C2_02010C_A
orf19.9090,orf19.9090,C2_02010C_A
orf19.1516,orf19.1516,C2_02020W_A
orf19.9091,orf19.9091,C2_02020W_A
orf19.1517,orf19.1517,C2_02030W_A
orf19.9092,orf19.9092,C2_02030W_A
orf19.1519,orf19.1519,C2_02040W_A
orf19.9094,orf19.9094,C2_02040W_A
orf19.1522,orf19.1522,C2_02050C_A
orf19.9097,orf19.9097,C2_02050C_A
orf19.1523,orf19.1523,C2_02060C_A
orf19.9098,orf19.9098,C2_02060C_A
orf19.1524,orf19.1524,C2_02070W_A
orf19.9100,orf19.9100,C2_02070W_A
orf19.1525,orf19.1525,C2_02090W_A
orf19.9101,orf19.9101,C2_02090W_A
orf19.1526,orf19.1526,C2_02100W_A
orf19.9102,orf19.9102,C2_02100W_A
orf19.1527,orf19.1527,C2_02110C_A
orf19.9103,orf19.9103,C2_02110C_A
orf19.1528,orf19.1528,C2_02120W_A
orf19.9104,orf19.9104,C2_02120W_A
orf19.1529,orf19.1529,C2_02130C_A
orf19.9105,orf19.9105,C2_02130C_A
orf19.1530,orf19.1530,C2_02140C_A
orf19.1531,orf19.1531,C2_02150C_A
orf19.9106,orf19.9106,C2_02150C_A
orf19.1532,orf19.1532,C2_02160W_A
orf19.9107,orf19.9107,C2_02160W_A
orf19.1533,orf19.1533,C2_02170W_A
orf19.9108,orf19.9108,C2_02170W_A
orf19.1534,orf19.1534,C2_02180W_A
orf19.9109,orf19.9109,C2_02180W_A
orf19.1535,orf19.1535,C2_02190C_A
orf19.9110,orf19.9110,C2_02190C_A
orf19.1536,orf19.1536,C2_02200W_A
orf19.1537,orf19.1537,C2_02200W_A
orf19.9111,orf19.9111,C2_02200W_A
orf19.1538,orf19.1538,C2_02210C_A
orf19.9112,orf19.9112,C2_02210C_A
orf19.1539,orf19.1539,C2_02220C_A
orf19.9113,orf19.9113,C2_02220C_A
orf19.1541,orf19.1541,C2_02230C_A
orf19.9115,orf19.9115,C2_02230C_A
orf19.1542,orf19.1542,C2_02240C_A
orf19.9116,orf19.9116,C2_02240C_A
orf19.1543,orf19.1543,C2_02250C_A
orf19.9117,orf19.9117,C2_02250C_A
orf19.1544,orf19.1544,C2_02260W_A
orf19.9118,orf19.9118,C2_02260W_A
orf19.1545,orf19.1545,C2_02270C_A
orf19.9119,orf19.9119,C2_02270C_A
orf19.1546,orf19.1546,C2_02280W_A
orf19.9120,orf19.9120,C2_02280W_A
orf19.1547,orf19.1547,C2_02290C_A
orf19.9121,orf19.9121,C2_02290C_A
orf19.1548,orf19.1548,C2_02300W_A
orf19.9122,orf19.9122,C2_02300W_A
orf19.1549,orf19.1549,C2_02310W_A
orf19.9123,orf19.9123,C2_02310W_A
orf19.1552,orf19.1552,C2_02320C_A
orf19.9126,orf19.9126,C2_02320C_A
orf19.1551,orf19.1551,C2_02330W_A
orf19.9125,orf19.9125,C2_02330W_A
orf19.1553,orf19.1553,C2_02340C_A
orf19.9127,orf19.9127,C2_02340C_A
orf19.1555,orf19.1555,C2_02350C_A
orf19.1556,orf19.1556,C2_02350C_A
orf19.9129,orf19.9129,C2_02350C_A
orf19.1557,orf19.1557,C2_02360C_A
orf19.9130,orf19.9130,C2_02360C_A
orf19.1559,orf19.1559,C2_02370C_A
orf19.9132,orf19.9132,C2_02370C_A
orf19.1560,orf19.1560,C2_02380W_A
orf19.9133,orf19.9133,C2_02380W_A
orf19.1562,orf19.1562,C2_02390W_A
orf19.9135,orf19.9135,C2_02390W_A
orf19.1563,orf19.1563,C2_02400W_A
orf19.9136,orf19.9136,C2_02400W_A
orf19.1564,orf19.1564,C2_02410W_A
orf19.9137,orf19.9137,C2_02410W_A
orf19.1565,orf19.1565,C2_02420C_A
orf19.9138,orf19.9138,C2_02420C_A
orf19.1566,orf19.1566,C2_02430W_A
orf19.9139,orf19.9139,C2_02430W_A
orf19.1567,orf19.1567,C2_02440W_A
orf19.1568,orf19.1568,C2_02440W_A
orf19.9140,orf19.9140,C2_02440W_A
orf19.9141,orf19.9141,C2_02440W_A
orf19.1569,orf19.1569,C2_02450C_A
orf19.9142,orf19.9142,C2_02450C_A
orf19.1570,orf19.1570,C2_02460W_A
orf19.9143,orf19.9143,C2_02460W_A
orf19.1571,orf19.1571,C2_02470C_A
orf19.1572,orf19.1572,C2_02470C_A
orf19.9144,orf19.9144,C2_02470C_A
orf19.9145,orf19.9145,C2_02470C_A
orf19.1573,orf19.1573,C2_02490C_A
orf19.9146,orf19.9146,C2_02490C_A
orf19.1574,orf19.1574,C2_02500W_A
orf19.9147,orf19.9147,C2_02500W_A
orf19.1575,orf19.1575,C2_02510W_A
orf19.9148,orf19.9148,C2_02510W_A
orf19.1576,orf19.1576,C2_02520W_A
orf19.9149,orf19.9149,C2_02520W_A
orf19.1577,orf19.1577,C2_02530W_A
orf19.9150,orf19.9150,C2_02530W_A
orf19.1578,orf19.1578,C2_02540W_A
orf19.9151,orf19.9151,C2_02540W_A
orf19.1580,orf19.1580,C2_02550C_A
orf19.9153,orf19.9153,C2_02550C_A
orf19.1581,orf19.1581,C2_02560W_A
orf19.9154,orf19.9154,C2_02560W_A
orf19.1582,orf19.1582,C2_02570W_A
orf19.1583,orf19.1583,C2_02570W_A
orf19.9155,orf19.9155,C2_02570W_A
orf19.9156,orf19.9156,C2_02570W_A
orf19.1584,orf19.1584,C2_02580W_A
orf19.9157,orf19.9157,C2_02580W_A
orf19.1585,orf19.1585,C2_02590W_A
orf19.9158,orf19.9158,C2_02590W_A
orf19.1586,orf19.1586,C2_02600C_A
orf19.9159,orf19.9159,C2_02600C_A
orf19.1587,orf19.1587,C2_02610C_A
orf19.9160,orf19.9160,C2_02610C_A
orf19.1588,orf19.1588,C2_02620W_A
orf19.9161,orf19.9161,C2_02620W_A
orf19.1589,orf19.1589,C2_02630W_A
orf19.9162,orf19.9162,C2_02630W_A
orf19.13264,orf19.13264,C2_02650C_A
orf19.5842,orf19.5842,C2_02650C_A
orf19.13263,orf19.13263,C2_02660W_A
orf19.5841,orf19.5841,C2_02660W_A
orf19.13262,orf19.13262,C2_02670C_A
orf19.5840,orf19.5840,C2_02670C_A
orf19.13261,orf19.13261,C2_02680W_A
orf19.5839,orf19.5839,C2_02680W_A
orf19.13260,orf19.13260,C2_02690W_A
orf19.5838,orf19.5838,C2_02690W_A
orf19.13259,orf19.13259,C2_02700C_A
orf19.5837,orf19.5837,C2_02700C_A
orf19.13257,orf19.13257,C2_02710C_A
orf19.5835,orf19.5835,C2_02710C_A
orf19.13256,orf19.13256,C2_02720W_A
orf19.5834,orf19.5834,C2_02720W_A
orf19.13255,orf19.13255,C2_02730W_A
orf19.5833,orf19.5833,C2_02730W_A
orf19.13254,orf19.13254,C2_02740C_A
orf19.5832,orf19.5832,C2_02740C_A
orf19.13253,orf19.13253,C2_02750C_A
orf19.5831,orf19.5831,C2_02750C_A
orf19.13252,orf19.13252,C2_02760W_A
orf19.5830,orf19.5830,C2_02760W_A
orf19.13250,orf19.13250,C2_02770W_A
orf19.5828,orf19.5828,C2_02770W_A
orf19.13249,orf19.13249,C2_02780C_A
orf19.5827,orf19.5827,C2_02780C_A
orf19.13248,orf19.13248,C2_02790C_A
orf19.5826,orf19.5826,C2_02790C_A
orf19.13247,orf19.13247,C2_02810C_A
orf19.5825,orf19.5825,C2_02810C_A
orf19.13246,orf19.13246,C2_02820C_A
orf19.5824,orf19.5824,C2_02820C_A
orf19.13245,orf19.13245,C2_02830C_A
orf19.5823,orf19.5823,C2_02830C_A
orf19.13243,orf19.13243,C2_02840C_A
orf19.5821,orf19.5821,C2_02840C_A
orf19.13242,orf19.13242,C2_02850W_A
orf19.5820,orf19.5820,C2_02850W_A
orf19.13240,orf19.13240,C2_02860W_A
orf19.5818,orf19.5818,C2_02860W_A
orf19.13239,orf19.13239,C2_02870W_A
orf19.5817,orf19.5817,C2_02870W_A
orf19.13238,orf19.13238,C2_02880C_A
orf19.5816,orf19.5816,C2_02880C_A
orf19.13237,orf19.13237,C2_02890W_A
orf19.5815,orf19.5815,C2_02890W_A
orf19.13236,orf19.13236,C2_02900W_A
orf19.5814,orf19.5814,C2_02900W_A
orf19.13235,orf19.13235,C2_02920W_A
orf19.5813,orf19.5813,C2_02920W_A
orf19.13234,orf19.13234,C2_02930C_A
orf19.5812,orf19.5812,C2_02930C_A
orf19.13233,orf19.13233,C2_02940W_A
orf19.5811,orf19.5811,C2_02940W_A
orf19.13231,orf19.13231,C2_02950W_A
orf19.5809,orf19.5809,C2_02950W_A
orf19.13230,orf19.13230,C2_02960C_A
orf19.5808,orf19.5808,C2_02960C_A
orf19.13228,orf19.13228,C2_02970C_A
orf19.5806,orf19.5806,C2_02970C_A
orf19.13227,orf19.13227,C2_02980C_A
orf19.5805,orf19.5805,C2_02980C_A
orf19.13226,orf19.13226,C2_02990C_A
orf19.5804,orf19.5804,C2_02990C_A
orf19.13224,orf19.13224,C2_03000C_A
orf19.5802,orf19.5802,C2_03000C_A
orf19.13223,orf19.13223,C2_03010C_A
orf19.5801,orf19.5801,C2_03010C_A
orf19.13221,orf19.13221,C2_03020C_A
orf19.5799,orf19.5799,C2_03020C_A
orf19.13220,orf19.13220,C2_03030W_A
orf19.5798,orf19.5798,C2_03030W_A
orf19.13219,orf19.13219,C2_03040W_A
orf19.5797,orf19.5797,C2_03040W_A
orf19.13218,orf19.13218,C2_03050W_A
orf19.5796,orf19.5796,C2_03050W_A
orf19.13215,orf19.13215,C2_03060W_A
orf19.5793,orf19.5793,C2_03060W_A
orf19.13214,orf19.13214,C2_03070C_A
orf19.5792,orf19.5792,C2_03070C_A
orf19.13213,orf19.13213,C2_03080W_A
orf19.5791,orf19.5791,C2_03080W_A
orf19.13211,orf19.13211,C2_03090C_A
orf19.5789,orf19.5789,C2_03090C_A
orf19.13210,orf19.13210,C2_03100W_A
orf19.5788,orf19.5788,C2_03100W_A
orf19.13207,orf19.13207,C2_03110W_A
orf19.5785,orf19.5785,C2_03110W_A
orf19.13206,orf19.13206,C2_03120W_A
orf19.5784,orf19.5784,C2_03120W_A
orf19.13205,orf19.13205,C2_03130W_A
orf19.5783,orf19.5783,C2_03130W_A
orf19.13204,orf19.13204,C2_03140C_A
orf19.5782,orf19.5782,C2_03140C_A
orf19.13202,orf19.13202,C2_03150C_A
orf19.5780,orf19.5780,C2_03150C_A
orf19.13201,orf19.13201,C2_03160C_A
orf19.5779,orf19.5779,C2_03160C_A
orf19.13199,orf19.13199,C2_03170W_A
orf19.5777,orf19.5777,C2_03170W_A
orf19.13198,orf19.13198,C2_03180C_A
orf19.5776,orf19.5776,C2_03180C_A
orf19.8529,orf19.8529,C2_03180C_A
orf19.8530,orf19.8530,C2_03180C_A
orf19.911,orf19.911,C2_03180C_A
orf19.912,orf19.912,C2_03180C_A
orf19.8528,orf19.8528,C2_03200W_A
orf19.910,orf19.910,C2_03200W_A
orf19.8527,orf19.8527,C2_03220C_A
orf19.909,orf19.909,C2_03220C_A
orf19.8526,orf19.8526,C2_03230C_A
orf19.907,orf19.907,C2_03230C_A
orf19.908,orf19.908,C2_03230C_A
orf19.8525,orf19.8525,C2_03240C_A
orf19.906,orf19.906,C2_03240C_A
orf19.8524,orf19.8524,C2_03250W_A
orf19.905,orf19.905,C2_03250W_A
orf19.8523,orf19.8523,C2_03260W_A
orf19.904,orf19.904,C2_03260W_A
orf19.8522,orf19.8522,C2_03270W_A
orf19.903,orf19.903,C2_03270W_A
orf19.8519,orf19.8519,C2_03280W_A
orf19.900,orf19.900,C2_03280W_A
orf19.8518,orf19.8518,C2_03290W_A
orf19.899,orf19.899,C2_03290W_A
orf19.8517,orf19.8517,C2_03300W_A
orf19.898,orf19.898,C2_03300W_A
orf19.8516,orf19.8516,C2_03310C_A
orf19.897,orf19.897,C2_03310C_A
orf19.8515,orf19.8515,C2_03320W_A
orf19.896,orf19.896,C2_03320W_A
orf19.8514,orf19.8514,C2_03330C_A
orf19.895,orf19.895,C2_03330C_A
orf19.8513,orf19.8513,C2_03340W_A
orf19.894,orf19.894,C2_03340W_A
orf19.8512,orf19.8512,C2_03350W_A
orf19.893,orf19.893,C2_03350W_A
orf19.8510,orf19.8510,C2_03360W_A
orf19.891,orf19.891,C2_03360W_A
orf19.8508,orf19.8508,C2_03370W_A
orf19.889,orf19.889,C2_03370W_A
orf19.8505,orf19.8505,C2_03380W_A
orf19.886,orf19.886,C2_03380W_A
orf19.8501,orf19.8501,C2_03390C_A
orf19.8503,orf19.8503,C2_03390C_A
orf19.882,orf19.882,C2_03390C_A
orf19.884,orf19.884,C2_03390C_A
orf19.8500,orf19.8500,C2_03400C_A
orf19.881,orf19.881,C2_03400C_A
orf19.8499,orf19.8499,C2_03410W_A
orf19.880,orf19.880,C2_03410W_A
orf19.8498,orf19.8498,C2_03420C_A
orf19.879,orf19.879,C2_03420C_A
orf19.8497,orf19.8497,C2_03430W_A
orf19.878,orf19.878,C2_03430W_A
orf19.8495,orf19.8495,C2_03440W_A
orf19.876,orf19.876,C2_03440W_A
orf19.8494,orf19.8494,C2_03450W_A
orf19.875,orf19.875,C2_03450W_A
orf19.8493,orf19.8493,C2_03460C_A
orf19.874,orf19.874,C2_03460C_A
orf19.8492,orf19.8492,C2_03480C_A
orf19.873,orf19.873,C2_03480C_A
orf19.8491,orf19.8491,C2_03490C_A
orf19.872,orf19.872,C2_03490C_A
orf19.8490,orf19.8490,C2_03500W_A
orf19.871,orf19.871,C2_03500W_A
orf19.8487,orf19.8487,C2_03520C_A
orf19.868,orf19.868,C2_03520C_A
orf19.8486,orf19.8486,C2_03530W_A
orf19.867,orf19.867,C2_03530W_A
orf19.8485,orf19.8485,C2_03540W_A
orf19.866,orf19.866,C2_03540W_A
orf19.8483,orf19.8483,C2_03550C_A
orf19.864,orf19.864,C2_03550C_A
orf19.8482,orf19.8482,C2_03560C_A
orf19.863,orf19.863,C2_03560C_A
orf19.8481,orf19.8481,C2_03570C_A
orf19.862,orf19.862,C2_03570C_A
orf19.8480,orf19.8480,C2_03590C_A
orf19.861,orf19.861,C2_03590C_A
orf19.8479,orf19.8479,C2_03600W_A
orf19.860,orf19.860,C2_03600W_A
orf19.8477,orf19.8477,C2_03610W_A
orf19.857,orf19.857,C2_03610W_A
orf19.859,orf19.859,C2_03610W_A
orf19.8476,orf19.8476,C2_03620W_A
orf19.856,orf19.856,C2_03620W_A
orf19.8475,orf19.8475,C2_03630W_A
orf19.855,orf19.855,C2_03630W_A
orf19.8474,orf19.8474,C2_03640W_A
orf19.854,orf19.854,C2_03640W_A
orf19.8473,orf19.8473,C2_03670W_A
orf19.853,orf19.853,C2_03670W_A
orf19.8472,orf19.8472,C2_03680W_A
orf19.852,orf19.852,C2_03680W_A
orf19.8471,orf19.8471,C2_03690C_A
orf19.851,orf19.851,C2_03690C_A
orf19.8470,orf19.8470,C2_03700W_A
orf19.850,orf19.850,C2_03700W_A
orf19.8469,orf19.8469,C2_03710W_A
orf19.849,orf19.849,C2_03710W_A
orf19.8468,orf19.8468,C2_03720W_A
orf19.848,orf19.848,C2_03720W_A
orf19.8467,orf19.8467,C2_03750W_A
orf19.847,orf19.847,C2_03750W_A
orf19.846,orf19.846,C2_03760C_A
orf19.8466,orf19.8466,C2_03760C_A
orf19.844,orf19.844,C2_03770C_A
orf19.8464,orf19.8464,C2_03770C_A
orf19.843,orf19.843,C2_03780C_A
orf19.8463,orf19.8463,C2_03780C_A
orf19.842,orf19.842,C2_03790C_A
orf19.8462,orf19.8462,C2_03790C_A
orf19.841,orf19.841,C2_03800C_A
orf19.8461,orf19.8461,C2_03800C_A
orf19.840,orf19.840,C2_03810C_A
orf19.8460,orf19.8460,C2_03810C_A
orf19.839,orf19.839,C2_03830W_A
orf19.8458,orf19.8458,C2_03830W_A
orf19.837,orf19.837,C2_03870W_A
orf19.8457,orf19.8457,C2_03870W_A
orf19.836,orf19.836,C2_03890W_A
orf19.8456,orf19.8456,C2_03890W_A
orf19.835,orf19.835,C2_03900C_A
orf19.8455,orf19.8455,C2_03900C_A
orf19.834,orf19.834,C2_03910C_A
orf19.8454,orf19.8454,C2_03910C_A
orf19.832,orf19.832,C2_03920C_A
orf19.833,orf19.833,C2_03920C_A
orf19.8452,orf19.8452,C2_03920C_A
orf19.8453,orf19.8453,C2_03920C_A
orf19.831,orf19.831,C2_03930C_A
orf19.8451,orf19.8451,C2_03930C_A
orf19.829,orf19.829,C2_03940C_A
orf19.8449,orf19.8449,C2_03940C_A
orf19.828,orf19.828,C2_03950W_A
orf19.8448,orf19.8448,C2_03950W_A
orf19.827,orf19.827,C2_03970W_A
orf19.8447,orf19.8447,C2_03970W_A
orf19.826,orf19.826,C2_03980C_A
orf19.8446,orf19.8446,C2_03980C_A
orf19.825,orf19.825,C2_03990W_A
orf19.8445,orf19.8445,C2_03990W_A
orf19.823,orf19.823,C2_04000C_A
orf19.8443,orf19.8443,C2_04000C_A
orf19.822,orf19.822,C2_04010C_A
orf19.8442,orf19.8442,C2_04010C_A
orf19.820,orf19.820,C2_04020C_A
orf19.8440,orf19.8440,C2_04020C_A
orf19.819,orf19.819,C2_04030C_A
orf19.8439,orf19.8439,C2_04030C_A
orf19.816,orf19.816,C2_04040C_A
orf19.8436,orf19.8436,C2_04040C_A
orf19.815,orf19.815,C2_04050C_A
orf19.8435,orf19.8435,C2_04050C_A
orf19.814,orf19.814,C2_04060C_A
orf19.8434,orf19.8434,C2_04060C_A
orf19.813,orf19.813,C2_04080W_A
orf19.8433,orf19.8433,C2_04080W_A
orf19.812,orf19.812,C2_04090W_A
orf19.8432,orf19.8432,C2_04090W_A
orf19.811,orf19.811,C2_04100W_A
orf19.8431,orf19.8431,C2_04100W_A
orf19.810,orf19.810,C2_04110W_A
orf19.8430,orf19.8430,C2_04110W_A
orf19.809,orf19.809,C2_04120C_A
orf19.8429,orf19.8429,C2_04120C_A
orf19.808,orf19.808,C2_04130W_A
orf19.8428,orf19.8428,C2_04130W_A
orf19.807,orf19.807,C2_04140W_A
orf19.8426,orf19.8426,C2_04140W_A
orf19.806,orf19.806,C2_04150C_A
orf19.8424,orf19.8424,C2_04150C_A
orf19.805,orf19.805,C2_04160W_A
orf19.8423,orf19.8423,C2_04160W_A
orf19.804,orf19.804,C2_04180C_A
orf19.8422,orf19.8422,C2_04180C_A
orf19.802,orf19.802,C2_04190C_A
orf19.803,orf19.803,C2_04190C_A
orf19.8421,orf19.8421,C2_04190C_A
orf19.801,orf19.801,C2_04200W_A
orf19.8420,orf19.8420,C2_04200W_A
orf19.799,orf19.799,C2_04210W_A
orf19.8419,orf19.8419,C2_04210W_A
orf19.798,orf19.798,C2_04220C_A
orf19.8418,orf19.8418,C2_04220C_A
orf19.797,orf19.797,C2_04230W_A
orf19.8417,orf19.8417,C2_04230W_A
orf19.796,orf19.796,C2_04240C_A
orf19.8415,orf19.8415,C2_04240C_A
orf19.795,orf19.795,C2_04250W_A
orf19.8414,orf19.8414,C2_04250W_A
orf19.794,orf19.794,C2_04260W_A
orf19.8413,orf19.8413,C2_04260W_A
orf19.793,orf19.793,C2_04270W_A
orf19.8412,orf19.8412,C2_04270W_A
orf19.1593,orf19.1593,C2_04280W_A
orf19.1594,orf19.1594,C2_04280W_A
orf19.791,orf19.791,C2_04280W_A
orf19.792,orf19.792,C2_04280W_A
orf19.8410,orf19.8410,C2_04280W_A
orf19.8411,orf19.8411,C2_04280W_A
orf19.1593,orf19.1593,C2_04290W_A
orf19.791,orf19.791,C2_04290W_A
orf19.8410,orf19.8410,C2_04290W_A
orf19.1592,orf19.1592,C2_04300C_A
orf19.1591,orf19.1591,C2_04310W_A
orf19.1590,orf19.1590,C2_04320W_A
orf19.11996,orf19.11996,C2_04330C_A
orf19.4521,orf19.4521,C2_04330C_A
orf19.11995,orf19.11995,C2_04340C_A
orf19.4520,orf19.4520,C2_04340C_A
orf19.11994,orf19.11994,C2_04350C_A
orf19.4519,orf19.4519,C2_04350C_A
orf19.11993,orf19.11993,C2_04360W_A
orf19.4518,orf19.4518,C2_04360W_A
orf19.11992,orf19.11992,C2_04370W_A
orf19.4517,orf19.4517,C2_04370W_A
orf19.11991,orf19.11991,C2_04380C_A
orf19.4516,orf19.4516,C2_04380C_A
orf19.11990,orf19.11990,C2_04390W_A
orf19.4515,orf19.4515,C2_04390W_A
orf19.11988,orf19.11988,C2_04400W_A
orf19.4513,orf19.4513,C2_04400W_A
orf19.11987,orf19.11987,C2_04410W_A
orf19.4511,orf19.4511,C2_04410W_A
orf19.4512,orf19.4512,C2_04410W_A
orf19.11986,orf19.11986,C2_04420W_A
orf19.4510,orf19.4510,C2_04420W_A
orf19.11985,orf19.11985,C2_04430W_A
orf19.4509,orf19.4509,C2_04430W_A
orf19.11984,orf19.11984,C2_04440W_A
orf19.4508,orf19.4508,C2_04440W_A
orf19.11983,orf19.11983,C2_04450W_A
orf19.4507,orf19.4507,C2_04450W_A
orf19.11982,orf19.11982,C2_04460W_A
orf19.4506,orf19.4506,C2_04460W_A
orf19.11981,orf19.11981,C2_04470W_A
orf19.4505,orf19.4505,C2_04470W_A
orf19.11980,orf19.11980,C2_04480W_A
orf19.4504,orf19.4504,C2_04480W_A
orf19.11979,orf19.11979,C2_04490W_A
orf19.4503,orf19.4503,C2_04490W_A
orf19.11978,orf19.11978,C2_04500W_A
orf19.4502,orf19.4502,C2_04500W_A
orf19.11975,orf19.11975,C2_04510W_A
orf19.4499,orf19.4499,C2_04510W_A
orf19.11974,orf19.11974,C2_04520C_A
orf19.4498,orf19.4498,C2_04520C_A
orf19.11973,orf19.11973,C2_04530W_A
orf19.4497,orf19.4497,C2_04530W_A
orf19.11972,orf19.11972,C2_04540C_A
orf19.4496,orf19.4496,C2_04540C_A
orf19.11971,orf19.11971,C2_04550C_A
orf19.4495,orf19.4495,C2_04550C_A
orf19.11970,orf19.11970,C2_04560W_A
orf19.4494,orf19.4494,C2_04560W_A
orf19.11968,orf19.11968,C2_04570W_A
orf19.4492,orf19.4492,C2_04570W_A
orf19.11967,orf19.11967,C2_04580W_A
orf19.4491,orf19.4491,C2_04580W_A
orf19.11966,orf19.11966,C2_04600C_A
orf19.4490,orf19.4490,C2_04600C_A
orf19.11964,orf19.11964,C2_04620W_A
orf19.4488,orf19.4488,C2_04620W_A
orf19.144,orf19.144,C2_04640C_A
orf19.7784,orf19.7784,C2_04640C_A
orf19.145,orf19.145,C2_04650C_A
orf19.146,orf19.146,C2_04650C_A
orf19.7785,orf19.7785,C2_04650C_A
orf19.7786,orf19.7786,C2_04650C_A
orf19.147,orf19.147,C2_04660C_A
orf19.148,orf19.148,C2_04660C_A
orf19.7787,orf19.7787,C2_04660C_A
orf19.7788,orf19.7788,C2_04660C_A
orf19.149,orf19.149,C2_04670W_A
orf19.150,orf19.150,C2_04680W_A
orf19.7790,orf19.7790,C2_04680W_A
orf19.151,orf19.151,C2_04690C_A
orf19.153,orf19.153,C2_04690C_A
orf19.7792,orf19.7792,C2_04690C_A
orf19.154,orf19.154,C2_04700C_A
orf19.7793,orf19.7793,C2_04700C_A
orf19.155,orf19.155,C2_04710C_A
orf19.7794,orf19.7794,C2_04710C_A
orf19.156,orf19.156,C2_04720C_A
orf19.157,orf19.157,C2_04720C_A
orf19.195,orf19.195,C2_04720C_A
orf19.7795,orf19.7795,C2_04720C_A
orf19.7796,orf19.7796,C2_04720C_A
orf19.7825,orf19.7825,C2_04720C_A
orf19.194,orf19.194,C2_04730W_A
orf19.7824,orf19.7824,C2_04730W_A
orf19.193,orf19.193,C2_04740C_A
orf19.7823,orf19.7823,C2_04740C_A
orf19.192,orf19.192,C2_04750W_A
orf19.7822,orf19.7822,C2_04750W_A
orf19.191,orf19.191,C2_04760W_A
orf19.7821,orf19.7821,C2_04760W_A
orf19.190,orf19.190,C2_04770W_A
orf19.7820,orf19.7820,C2_04770W_A
orf19.187,orf19.187,C2_04780W_A
orf19.188,orf19.188,C2_04780W_A
orf19.7818,orf19.7818,C2_04780W_A
orf19.185,orf19.185,C2_04790C_A
orf19.7816,orf19.7816,C2_04790C_A
orf19.184,orf19.184,C2_04800C_A
orf19.7814,orf19.7814,C2_04800C_A
orf19.183,orf19.183,C2_04810W_A
orf19.7813,orf19.7813,C2_04810W_A
orf19.182,orf19.182,C2_04820W_A
orf19.7812,orf19.7812,C2_04820W_A
orf19.181,orf19.181,C2_04830W_A
orf19.4128,orf19.4128,C2_04830W_A
orf19.7811,orf19.7811,C2_04830W_A
orf19.4127,orf19.4127,C2_04850C_A
orf19.4125,orf19.4125,C2_04860W_A
orf19.4123,orf19.4123,C2_04870C_A
orf19.11004,orf19.11004,C2_04880C_A
orf19.3521,orf19.3521,C2_04880C_A
orf19.11005,orf19.11005,C2_04910W_A
orf19.3522,orf19.3522,C2_04910W_A
orf19.11006,orf19.11006,C2_04930C_A
orf19.3523,orf19.3523,C2_04930C_A
orf19.3524,orf19.3524,C2_04930C_A
orf19.11009,orf19.11009,C2_04940C_A
orf19.3526,orf19.3526,C2_04940C_A
orf19.11011,orf19.11011,C2_04950C_A
orf19.3527,orf19.3527,C2_04950C_A
orf19.11012,orf19.11012,C2_04960C_A
orf19.3528,orf19.3528,C2_04960C_A
orf19.11013,orf19.11013,C2_04970W_A
orf19.3529,orf19.3529,C2_04970W_A
orf19.11014,orf19.11014,C2_04980C_A
orf19.3530,orf19.3530,C2_04980C_A
orf19.11015,orf19.11015,C2_04990W_A
orf19.3531,orf19.3531,C2_04990W_A
orf19.11016,orf19.11016,C2_05000C_A
orf19.3532,orf19.3532,C2_05000C_A
orf19.11017,orf19.11017,C2_05020W_A
orf19.3533,orf19.3533,C2_05020W_A
orf19.11018,orf19.11018,C2_05030C_A
orf19.3534,orf19.3534,C2_05030C_A
orf19.11019,orf19.11019,C2_05040C_A
orf19.3535,orf19.3535,C2_05040C_A
orf19.11020,orf19.11020,C2_05050C_A
orf19.3536,orf19.3536,C2_05050C_A
orf19.11021,orf19.11021,C2_05060C_A
orf19.3537,orf19.3537,C2_05060C_A
orf19.11022,orf19.11022,C2_05070W_A
orf19.3538,orf19.3538,C2_05070W_A
orf19.11023,orf19.11023,C2_05080C_A
orf19.3539,orf19.3539,C2_05080C_A
orf19.11024,orf19.11024,C2_05090W_A
orf19.3540,orf19.3540,C2_05090W_A
orf19.11025,orf19.11025,C2_05100C_A
orf19.3541,orf19.3541,C2_05100C_A
orf19.11026,orf19.11026,C2_05110W_A
orf19.3542,orf19.3542,C2_05110W_A
orf19.11027,orf19.11027,C2_05120C_A
orf19.3543,orf19.3543,C2_05120C_A
orf19.11028,orf19.11028,C2_05130W_A
orf19.3544,orf19.3544,C2_05130W_A
orf19.11029,orf19.11029,C2_05140W_A
orf19.3545,orf19.3545,C2_05140W_A
orf19.11030,orf19.11030,C2_05150W_A
orf19.3546,orf19.3546,C2_05150W_A
orf19.11031,orf19.11031,C2_05160C_A
orf19.3547,orf19.3547,C2_05160C_A
orf19.11032,orf19.11032,C2_05170W_A
orf19.3548,orf19.3548,C2_05170W_A
orf19.11033,orf19.11033,C2_05190W_A
orf19.3549,orf19.3549,C2_05190W_A
orf19.11034,orf19.11034,C2_05200C_A
orf19.3550,orf19.3550,C2_05200C_A
orf19.3551,orf19.3551,C2_05210W_A
orf19.11035,orf19.11035,C2_05220C_A
orf19.3552,orf19.3552,C2_05220C_A
orf19.11036,orf19.11036,C2_05230C_A
orf19.3553,orf19.3553,C2_05230C_A
orf19.11037,orf19.11037,C2_05250C_A
orf19.3554,orf19.3554,C2_05250C_A
orf19.11038,orf19.11038,C2_05260W_A
orf19.3555,orf19.3555,C2_05260W_A
orf19.11040,orf19.11040,C2_05270W_A
orf19.3556,orf19.3556,C2_05270W_A
orf19.11041,orf19.11041,C2_05280C_A
orf19.3557,orf19.3557,C2_05280C_A
orf19.11042,orf19.11042,C2_05290C_A
orf19.3558,orf19.3558,C2_05290C_A
orf19.11043,orf19.11043,C2_05300C_A
orf19.11044,orf19.11044,C2_05300C_A
orf19.3559,orf19.3559,C2_05300C_A
orf19.3560,orf19.3560,C2_05300C_A
orf19.11045,orf19.11045,C2_05320W_A
orf19.3561,orf19.3561,C2_05320W_A
orf19.11047,orf19.11047,C2_05330C_A
orf19.3563,orf19.3563,C2_05330C_A
orf19.11048,orf19.11048,C2_05340C_A
orf19.3564,orf19.3564,C2_05340C_A
orf19.11049,orf19.11049,C2_05350C_A
orf19.3565,orf19.3565,C2_05350C_A
orf19.11051,orf19.11051,C2_05360C_A
orf19.3567,orf19.3567,C2_05360C_A
orf19.11052,orf19.11052,C2_05370C_A
orf19.3568,orf19.3568,C2_05370C_A
orf19.11053,orf19.11053,C2_05380W_A
orf19.3569,orf19.3569,C2_05380W_A
orf19.11055,orf19.11055,C2_05390C_A
orf19.3571,orf19.3571,C2_05390C_A
orf19.11056,orf19.11056,C2_05400W_A
orf19.3572,orf19.3572,C2_05400W_A
orf19.11057,orf19.11057,C2_05440W_A
orf19.3573,orf19.3573,C2_05440W_A
orf19.11058,orf19.11058,C2_05450C_A
orf19.3574,orf19.3574,C2_05450C_A
orf19.11059,orf19.11059,C2_05460W_A
orf19.3575,orf19.3575,C2_05460W_A
orf19.11061,orf19.11061,C2_05470W_A
orf19.3577,orf19.3577,C2_05470W_A
orf19.11062,orf19.11062,C2_05490W_A
orf19.3578,orf19.3578,C2_05490W_A
orf19.11063,orf19.11063,C2_05500W_A
orf19.3579,orf19.3579,C2_05500W_A
orf19.11065,orf19.11065,C2_05510C_A
orf19.3581,orf19.3581,C2_05510C_A
orf19.11066,orf19.11066,C2_05520W_A
orf19.3582,orf19.3582,C2_05520W_A
orf19.11067,orf19.11067,C2_05530C_A
orf19.3583,orf19.3583,C2_05530C_A
orf19.14156,orf19.14156,C2_05540C_A
orf19.6866,orf19.6866,C2_05540C_A
orf19.6867,orf19.6867,C2_05550W_A
orf19.14157,orf19.14157,C2_05560W_A
orf19.6868,orf19.6868,C2_05560W_A
orf19.14158,orf19.14158,C2_05570C_A
orf19.6869,orf19.6869,C2_05570C_A
orf19.14160,orf19.14160,C2_05580W_A
orf19.6871,orf19.6871,C2_05580W_A
orf19.14161,orf19.14161,C2_05590C_A
orf19.6872,orf19.6872,C2_05590C_A
orf19.14162,orf19.14162,C2_05610C_A
orf19.6873,orf19.6873,C2_05610C_A
orf19.14163,orf19.14163,C2_05640W_A
orf19.6874,orf19.6874,C2_05640W_A
orf19.14164,orf19.14164,C2_05650W_A
orf19.6875,orf19.6875,C2_05650W_A
orf19.14166,orf19.14166,C2_05660W_A
orf19.6877,orf19.6877,C2_05660W_A
orf19.14168,orf19.14168,C2_05670C_A
orf19.6879,orf19.6879,C2_05670C_A
orf19.14169,orf19.14169,C2_05680W_A
orf19.6880,orf19.6880,C2_05680W_A
orf19.14170,orf19.14170,C2_05690C_A
orf19.6881,orf19.6881,C2_05690C_A
orf19.14171,orf19.14171,C2_05700W_A
orf19.6882,orf19.6882,C2_05700W_A
orf19.14172,orf19.14172,C2_05720C_A
orf19.6883,orf19.6883,C2_05720C_A
orf19.14173,orf19.14173,C2_05730C_A
orf19.6884,orf19.6884,C2_05730C_A
orf19.14174,orf19.14174,C2_05740W_A
orf19.6885,orf19.6885,C2_05740W_A
orf19.14175,orf19.14175,C2_05750W_A
orf19.6886,orf19.6886,C2_05750W_A
orf19.14176,orf19.14176,C2_05760C_A
orf19.6887,orf19.6887,C2_05760C_A
orf19.14177,orf19.14177,C2_05770W_A
orf19.6888,orf19.6888,C2_05770W_A
orf19.14178,orf19.14178,C2_05780C_A
orf19.6889,orf19.6889,C2_05780C_A
orf19.14180,orf19.14180,C2_05790C_A
orf19.6891,orf19.6891,C2_05790C_A
orf19.14182,orf19.14182,C2_05800C_A
orf19.6893,orf19.6893,C2_05800C_A
orf19.6894,orf19.6894,C2_05800C_A
orf19.12671,orf19.12671,C2_05810W_A
orf19.14183,orf19.14183,C2_05810W_A
orf19.5204,orf19.5204,C2_05810W_A
orf19.6895,orf19.6895,C2_05810W_A
orf19.12672,orf19.12672,C2_05820W_A
orf19.5205,orf19.5205,C2_05820W_A
orf19.12673,orf19.12673,C2_05830C_A
orf19.5206,orf19.5206,C2_05830C_A
orf19.12674,orf19.12674,C2_05840W_A
orf19.12675,orf19.12675,C2_05840W_A
orf19.5207,orf19.5207,C2_05840W_A
orf19.5208,orf19.5208,C2_05840W_A
orf19.12676,orf19.12676,C2_05850C_A
orf19.5209,orf19.5209,C2_05850C_A
orf19.12677,orf19.12677,C2_05860C_A
orf19.5210,orf19.5210,C2_05860C_A
orf19.12678,orf19.12678,C2_05890C_A
orf19.5211,orf19.5211,C2_05890C_A
orf19.12679,orf19.12679,C2_05900W_A
orf19.5212,orf19.5212,C2_05900W_A
orf19.12680,orf19.12680,C2_05910W_A
orf19.5213,orf19.5213,C2_05910W_A
orf19.12681,orf19.12681,C2_05940C_A
orf19.5214,orf19.5214,C2_05940C_A
orf19.12682,orf19.12682,C2_05950C_A
orf19.5215,orf19.5215,C2_05950C_A
orf19.12683,orf19.12683,C2_05960C_A
orf19.5216,orf19.5216,C2_05960C_A
orf19.12684,orf19.12684,C2_05970C_A
orf19.5217,orf19.5217,C2_05970C_A
orf19.11605,orf19.11605,C2_05980C_A
orf19.12685,orf19.12685,C2_05980C_A
orf19.4122,orf19.4122,C2_05980C_A
orf19.5218,orf19.5218,C2_05980C_A
orf19.11603,orf19.11603,C2_05990C_A
orf19.4121,orf19.4121,C2_05990C_A
orf19.11602,orf19.11602,C2_06000W_A
orf19.4120,orf19.4120,C2_06000W_A
orf19.11601,orf19.11601,C2_06010W_A
orf19.4119,orf19.4119,C2_06010W_A
orf19.11600,orf19.11600,C2_06020W_A
orf19.4118,orf19.4118,C2_06020W_A
orf19.11599,orf19.11599,C2_06030W_A
orf19.4117,orf19.4117,C2_06030W_A
orf19.11597,orf19.11597,C2_06040C_A
orf19.4116,orf19.4116,C2_06040C_A
orf19.11596,orf19.11596,C2_06060C_A
orf19.4115,orf19.4115,C2_06060C_A
orf19.11595,orf19.11595,C2_06070W_A
orf19.4114,orf19.4114,C2_06070W_A
orf19.11593,orf19.11593,C2_06080C_A
orf19.4112,orf19.4112,C2_06080C_A
orf19.11591,orf19.11591,C2_06090W_A
orf19.4110,orf19.4110,C2_06090W_A
orf19.11590,orf19.11590,C2_06100W_A
orf19.4109,orf19.4109,C2_06100W_A
orf19.11588,orf19.11588,C2_06110W_A
orf19.4107,orf19.4107,C2_06110W_A
orf19.11587,orf19.11587,C2_06120C_A
orf19.4106,orf19.4106,C2_06120C_A
orf19.11586,orf19.11586,C2_06130W_A
orf19.4105,orf19.4105,C2_06130W_A
orf19.11585,orf19.11585,C2_06140C_A
orf19.4104,orf19.4104,C2_06140C_A
orf19.11583,orf19.11583,C2_06150C_A
orf19.4102,orf19.4102,C2_06150C_A
orf19.11582,orf19.11582,C2_06160W_A
orf19.4101,orf19.4101,C2_06160W_A
orf19.11580,orf19.11580,C2_06170C_A
orf19.12932,orf19.12932,C2_06170C_A
orf19.4099,orf19.4099,C2_06170C_A
orf19.5477,orf19.5477,C2_06170C_A
orf19.12934,orf19.12934,C2_06180C_A
orf19.5479,orf19.5479,C2_06180C_A
orf19.12935,orf19.12935,C2_06190W_A
orf19.5480,orf19.5480,C2_06190W_A
orf19.12938,orf19.12938,C2_06200C_A
orf19.5483,orf19.5483,C2_06200C_A
orf19.12939,orf19.12939,C2_06210C_A
orf19.5484,orf19.5484,C2_06210C_A
orf19.12940,orf19.12940,C2_06220C_A
orf19.5485,orf19.5485,C2_06220C_A
orf19.12941,orf19.12941,C2_06230W_A
orf19.5486,orf19.5486,C2_06230W_A
orf19.12942,orf19.12942,C2_06250C_A
orf19.5487,orf19.5487,C2_06250C_A
orf19.12943,orf19.12943,C2_06260W_A
orf19.5488,orf19.5488,C2_06260W_A
orf19.12944,orf19.12944,C2_06270W_A
orf19.12945,orf19.12945,C2_06270W_A
orf19.5489,orf19.5489,C2_06270W_A
orf19.5490,orf19.5490,C2_06270W_A
orf19.12946,orf19.12946,C2_06280C_A
orf19.5491,orf19.5491,C2_06280C_A
orf19.12947,orf19.12947,C2_06300W_A
orf19.5492,orf19.5492,C2_06300W_A
orf19.12948,orf19.12948,C2_06310C_A
orf19.5493,orf19.5493,C2_06310C_A
orf19.12950,orf19.12950,C2_06320W_A
orf19.5495,orf19.5495,C2_06320W_A
orf19.12951,orf19.12951,C2_06330C_A
orf19.5496,orf19.5496,C2_06330C_A
orf19.12953,orf19.12953,C2_06340W_A
orf19.5498,orf19.5498,C2_06340W_A
orf19.12954,orf19.12954,C2_06350C_A
orf19.5499,orf19.5499,C2_06350C_A
orf19.12955,orf19.12955,C2_06360C_A
orf19.5500,orf19.5500,C2_06360C_A
orf19.17,orf19.17,C2_06370C_A
orf19.7688,orf19.7688,C2_06370C_A
orf19.18,orf19.18,C2_06390C_A
orf19.19,orf19.19,C2_06390C_A
orf19.7689,orf19.7689,C2_06390C_A
orf19.7690,orf19.7690,C2_06390C_A
orf19.20,orf19.20,C2_06420C_A
orf19.7691,orf19.7691,C2_06420C_A
orf19.21,orf19.21,C2_06430C_A
orf19.7692,orf19.7692,C2_06430C_A
orf19.22,orf19.22,C2_06440C_A
orf19.7693,orf19.7693,C2_06440C_A
orf19.23,orf19.23,C2_06460W_A
orf19.7694,orf19.7694,C2_06460W_A
orf19.24,orf19.24,C2_06470W_A
orf19.7695,orf19.7695,C2_06470W_A
orf19.25,orf19.25,C2_06480W_A
orf19.7696,orf19.7696,C2_06480W_A
orf19.26,orf19.26,C2_06490W_A
orf19.7697,orf19.7697,C2_06490W_A
orf19.27,orf19.27,C2_06510W_A
orf19.7698,orf19.7698,C2_06510W_A
orf19.28,orf19.28,C2_06520C_A
orf19.7699,orf19.7699,C2_06520C_A
orf19.29,orf19.29,C2_06530W_A
orf19.7700,orf19.7700,C2_06530W_A
orf19.30,orf19.30,C2_06540C_A
orf19.7701,orf19.7701,C2_06540C_A
orf19.31,orf19.31,C2_06550W_A
orf19.7702,orf19.7702,C2_06550W_A
orf19.33,orf19.33,C2_06570C_A
orf19.7704,orf19.7704,C2_06570C_A
orf19.34,orf19.34,C2_06590C_A
orf19.7705,orf19.7705,C2_06590C_A
orf19.35,orf19.35,C2_06600W_A
orf19.7708,orf19.7708,C2_06600W_A
orf19.36,orf19.36,C2_06620W_A
orf19.7709,orf19.7709,C2_06620W_A
orf19.1295,orf19.1295,C2_06640C_A
orf19.8875,orf19.8875,C2_06640C_A
orf19.1296,orf19.1296,C2_06650C_A
orf19.82,orf19.82,C2_06650C_A
orf19.8876,orf19.8876,C2_06650C_A
orf19.81,orf19.81,C2_06660W_A
orf19.1223,orf19.1223,C2_06670C_A
orf19.8809,orf19.8809,C2_06670C_A
orf19.1224,orf19.1224,C2_06680W_A
orf19.8810,orf19.8810,C2_06680W_A
orf19.1225,orf19.1225,C2_06690C_A
orf19.8811,orf19.8811,C2_06690C_A
orf19.10662,orf19.10662,C2_06700W_A
orf19.3152,orf19.3152,C2_06700W_A
orf19.10661,orf19.10661,C2_06710W_A
orf19.3151,orf19.3151,C2_06710W_A
orf19.10660,orf19.10660,C2_06720W_A
orf19.3150,orf19.3150,C2_06720W_A
orf19.10659,orf19.10659,C2_06730W_A
orf19.3149,orf19.3149,C2_06730W_A
orf19.10658,orf19.10658,C2_06740W_A
orf19.3148,orf19.3148,C2_06740W_A
orf19.10657,orf19.10657,C2_06750C_A
orf19.3147,orf19.3147,C2_06750C_A
orf19.10656,orf19.10656,C2_06760C_A
orf19.2227,orf19.2227,C2_06760C_A
orf19.3146,orf19.3146,C2_06760C_A
orf19.9769,orf19.9769,C2_06760C_A
orf19.2228,orf19.2228,C2_06770W_A
orf19.9770,orf19.9770,C2_06770W_A
orf19.2229,orf19.2229,C2_06780C_A
orf19.9771,orf19.9771,C2_06780C_A
orf19.2230,orf19.2230,C2_06790W_A
orf19.9772,orf19.9772,C2_06790W_A
orf19.2231,orf19.2231,C2_06800C_A
orf19.9773,orf19.9773,C2_06800C_A
orf19.2232,orf19.2232,C2_06810C_A
orf19.9774,orf19.9774,C2_06810C_A
orf19.2233,orf19.2233,C2_06820C_A
orf19.9775,orf19.9775,C2_06820C_A
orf19.2236,orf19.2236,C2_06830C_A
orf19.9778,orf19.9778,C2_06830C_A
orf19.2237,orf19.2237,C2_06840W_A
orf19.9779,orf19.9779,C2_06840W_A
orf19.2238,orf19.2238,C2_06860W_A
orf19.2239,orf19.2239,C2_06860W_A
orf19.9780,orf19.9780,C2_06860W_A
orf19.9781,orf19.9781,C2_06860W_A
orf19.2241,orf19.2241,C2_06870C_A
orf19.2242,orf19.2242,C2_06880C_A
orf19.9783,orf19.9783,C2_06880C_A
orf19.2244,orf19.2244,C2_06890C_A
orf19.9785,orf19.9785,C2_06890C_A
orf19.2245,orf19.2245,C2_06910W_A
orf19.2246,orf19.2246,C2_06920C_A
orf19.9786,orf19.9786,C2_06920C_A
orf19.2247,orf19.2247,C2_06930C_A
orf19.9787,orf19.9787,C2_06930C_A
orf19.2248,orf19.2248,C2_06940C_A
orf19.9788,orf19.9788,C2_06940C_A
orf19.2249,orf19.2249,C2_06950C_A
orf19.9789,orf19.9789,C2_06950C_A
orf19.2250,orf19.2250,C2_06960W_A
orf19.9790,orf19.9790,C2_06960W_A
orf19.2251,orf19.2251,C2_06970W_A
orf19.9791,orf19.9791,C2_06970W_A
orf19.2252,orf19.2252,C2_06980W_A
orf19.9792,orf19.9792,C2_06980W_A
orf19.2253,orf19.2253,C2_06990W_A
orf19.9793,orf19.9793,C2_06990W_A
orf19.2256,orf19.2256,C2_07000W_A
orf19.9796,orf19.9796,C2_07000W_A
orf19.2257,orf19.2257,C2_07010W_A
orf19.9797,orf19.9797,C2_07010W_A
orf19.2258,orf19.2258,C2_07020C_A
orf19.9798,orf19.9798,C2_07020C_A
orf19.2259,orf19.2259,C2_07030C_A
orf19.9799,orf19.9799,C2_07030C_A
orf19.2260,orf19.2260,C2_07040W_A
orf19.9800,orf19.9800,C2_07040W_A
orf19.2261,orf19.2261,C2_07060W_A
orf19.9801,orf19.9801,C2_07060W_A
orf19.2262,orf19.2262,C2_07070W_A
orf19.9802,orf19.9802,C2_07070W_A
orf19.2263,orf19.2263,C2_07080C_A
orf19.9803,orf19.9803,C2_07080C_A
orf19.2264,orf19.2264,C2_07090C_A
orf19.9804,orf19.9804,C2_07090C_A
orf19.2265,orf19.2265,C2_07100W_A
orf19.9805,orf19.9805,C2_07100W_A
orf19.2266,orf19.2266,C2_07110C_A
orf19.9806,orf19.9806,C2_07110C_A
orf19.2267,orf19.2267,C2_07120W_A
orf19.9807,orf19.9807,C2_07120W_A
orf19.2268,orf19.2268,C2_07130C_A
orf19.9808,orf19.9808,C2_07130C_A
orf19.2269,orf19.2269,C2_07140W_A
orf19.9809,orf19.9809,C2_07140W_A
orf19.2270,orf19.2270,C2_07160W_A
orf19.9810,orf19.9810,C2_07160W_A
orf19.2272,orf19.2272,C2_07170C_A
orf19.9812,orf19.9812,C2_07170C_A
orf19.2274,orf19.2274,C2_07180W_A
orf19.9814,orf19.9814,C2_07180W_A
orf19.2275,orf19.2275,C2_07190C_A
orf19.9815,orf19.9815,C2_07190C_A
orf19.2276,orf19.2276,C2_07200W_A
orf19.9816,orf19.9816,C2_07200W_A
orf19.2277,orf19.2277,C2_07210C_A
orf19.9817,orf19.9817,C2_07210C_A
orf19.2278,orf19.2278,C2_07220W_A
orf19.9818,orf19.9818,C2_07220W_A
orf19.2280,orf19.2280,C2_07230C_A
orf19.9820,orf19.9820,C2_07230C_A
orf19.2281,orf19.2281,C2_07240C_A
orf19.9821,orf19.9821,C2_07240C_A
orf19.2282,orf19.2282,C2_07250C_A
orf19.9822,orf19.9822,C2_07250C_A
orf19.2283,orf19.2283,C2_07260C_A
orf19.9823,orf19.9823,C2_07260C_A
orf19.2284,orf19.2284,C2_07270W_A
orf19.9824,orf19.9824,C2_07270W_A
orf19.2285,orf19.2285,C2_07280W_A
orf19.9825,orf19.9825,C2_07280W_A
orf19.2286,orf19.2286,C2_07290W_A
orf19.9826,orf19.9826,C2_07290W_A
orf19.2287,orf19.2287,C2_07300C_A
orf19.9827,orf19.9827,C2_07300C_A
orf19.2288,orf19.2288,C2_07310W_A
orf19.9828,orf19.9828,C2_07310W_A
orf19.2289,orf19.2289,C2_07320W_A
orf19.9829,orf19.9829,C2_07320W_A
orf19.1903,orf19.1903,C2_07330W_A
orf19.1905,orf19.1905,C2_07330W_A
orf19.2290,orf19.2290,C2_07330W_A
orf19.9459,orf19.9459,C2_07330W_A
orf19.9461,orf19.9461,C2_07330W_A
orf19.9830,orf19.9830,C2_07330W_A
orf19.1902,orf19.1902,C2_07340W_A
orf19.9458,orf19.9458,C2_07340W_A
orf19.1901,orf19.1901,C2_07350W_A
orf19.9457,orf19.9457,C2_07350W_A
orf19.1900,orf19.1900,C2_07360W_A
orf19.9456,orf19.9456,C2_07360W_A
orf19.1897,orf19.1897,C2_07370W_A
orf19.9453,orf19.9453,C2_07370W_A
orf19.1896,orf19.1896,C2_07380W_A
orf19.9452,orf19.9452,C2_07380W_A
orf19.1893,orf19.1893,C2_07390C_A
orf19.9449,orf19.9449,C2_07390C_A
orf19.1891,orf19.1891,C2_07400C_A
orf19.9447,orf19.9447,C2_07400C_A
orf19.1890,orf19.1890,C2_07410W_A
orf19.9446,orf19.9446,C2_07410W_A
orf19.1889,orf19.1889,C2_07420W_A
orf19.9445,orf19.9445,C2_07420W_A
orf19.1888,orf19.1888,C2_07430C_A
orf19.9444,orf19.9444,C2_07430C_A
orf19.1887,orf19.1887,C2_07440C_A
orf19.9443,orf19.9443,C2_07440C_A
orf19.1886,orf19.1886,C2_07450C_A
orf19.9442,orf19.9442,C2_07450C_A
orf19.1885,orf19.1885,C2_07460W_A
orf19.9441,orf19.9441,C2_07460W_A
orf19.1883,orf19.1883,C2_07470W_A
orf19.9439,orf19.9439,C2_07470W_A
orf19.1881,orf19.1881,C2_07480W_A
orf19.9437,orf19.9437,C2_07480W_A
orf19.1880,orf19.1880,C2_07490W_A
orf19.9436,orf19.9436,C2_07490W_A
orf19.1878,orf19.1878,C2_07500C_A
orf19.9434,orf19.9434,C2_07500C_A
orf19.1877,orf19.1877,C2_07510W_A
orf19.9433,orf19.9433,C2_07510W_A
orf19.1876,orf19.1876,C2_07520C_A
orf19.9432,orf19.9432,C2_07520C_A
orf19.1874,orf19.1874,C2_07530C_A
orf19.1875,orf19.1875,C2_07530C_A
orf19.9430,orf19.9430,C2_07530C_A
orf19.9431,orf19.9431,C2_07530C_A
orf19.1873,orf19.1873,C2_07540W_A
orf19.9429,orf19.9429,C2_07540W_A
orf19.1872,orf19.1872,C2_07550W_A
orf19.9428,orf19.9428,C2_07550W_A
orf19.1871,orf19.1871,C2_07560W_A
orf19.9427,orf19.9427,C2_07560W_A
orf19.1868,orf19.1868,C2_07570W_A
orf19.9424,orf19.9424,C2_07570W_A
orf19.1867,orf19.1867,C2_07580W_A
orf19.9423,orf19.9423,C2_07580W_A
orf19.1866,orf19.1866,C2_07590W_A
orf19.9422,orf19.9422,C2_07590W_A
orf19.1865,orf19.1865,C2_07600C_A
orf19.9421,orf19.9421,C2_07600C_A
orf19.1864,orf19.1864,C2_07610C_A
orf19.9420,orf19.9420,C2_07610C_A
orf19.1863,orf19.1863,C2_07620W_A
orf19.9419,orf19.9419,C2_07620W_A
orf19.1862,orf19.1862,C2_07630C_A
orf19.9418,orf19.9418,C2_07630C_A
orf19.1861,orf19.1861,C2_07640W_A
orf19.2218,orf19.2218,C2_07640W_A
orf19.9417,orf19.9417,C2_07640W_A
orf19.9763,orf19.9763,C2_07640W_A
orf19.2217,orf19.2217,C2_07650C_A
orf19.9762,orf19.9762,C2_07650C_A
orf19.2216,orf19.2216,C2_07660W_A
orf19.9761,orf19.9761,C2_07660W_A
orf19.2215,orf19.2215,C2_07670C_A
orf19.9760,orf19.9760,C2_07670C_A
orf19.2214,orf19.2214,C2_07680W_A
orf19.9759,orf19.9759,C2_07680W_A
orf19.2213,orf19.2213,C2_07690W_A
orf19.9758,orf19.9758,C2_07690W_A
orf19.2212,orf19.2212,C2_07700C_A
orf19.9757,orf19.9757,C2_07700C_A
orf19.2211,orf19.2211,C2_07710W_A
orf19.9756,orf19.9756,C2_07710W_A
orf19.2210,orf19.2210,C2_07720C_A
orf19.9755,orf19.9755,C2_07720C_A
orf19.2209,orf19.2209,C2_07730W_A
orf19.9754,orf19.9754,C2_07730W_A
orf19.2208,orf19.2208,C2_07740W_A
orf19.9753,orf19.9753,C2_07740W_A
orf19.2204,orf19.2204,C2_07760W_A
orf19.9749,orf19.9749,C2_07760W_A
orf19.2203,orf19.2203,C2_07780W_A
orf19.2202,orf19.2202,C2_07790C_A
orf19.9748,orf19.9748,C2_07790C_A
orf19.2201,orf19.2201,C2_07800W_A
orf19.9747,orf19.9747,C2_07800W_A
orf19.2200,orf19.2200,C2_07810W_A
orf19.9746,orf19.9746,C2_07810W_A
orf19.2199,orf19.2199,C2_07820C_A
orf19.9745,orf19.9745,C2_07820C_A
orf19.2198,orf19.2198,C2_07830W_A
orf19.9744,orf19.9744,C2_07830W_A
orf19.2197,orf19.2197,C2_07840W_A
orf19.9743,orf19.9743,C2_07840W_A
orf19.2196,orf19.2196,C2_07860W_A
orf19.9742,orf19.9742,C2_07860W_A
orf19.2195,orf19.2195,C2_07870C_A
orf19.2194,orf19.2194,C2_07880W_A
orf19.9740,orf19.9740,C2_07880W_A
orf19.2193,orf19.2193,C2_07890W_A
orf19.9739,orf19.9739,C2_07890W_A
orf19.2192,orf19.2192,C2_07900W_A
orf19.9738,orf19.9738,C2_07900W_A
orf19.2191,orf19.2191,C2_07920W_A
orf19.9737,orf19.9737,C2_07920W_A
orf19.2190,orf19.2190,C2_07930C_A
orf19.9736,orf19.9736,C2_07930C_A
orf19.2187,orf19.2187,C2_07940C_A
orf19.9733,orf19.9733,C2_07940C_A
orf19.2186,orf19.2186,C2_07950W_A
orf19.9732,orf19.9732,C2_07950W_A
orf19.2185,orf19.2185,C2_07960C_A
orf19.9731,orf19.9731,C2_07960C_A
orf19.2184,orf19.2184,C2_07980W_A
orf19.9730,orf19.9730,C2_07980W_A
orf19.2183,orf19.2183,C2_08000C_A
orf19.9729,orf19.9729,C2_08000C_A
orf19.2182,orf19.2182,C2_08010W_A
orf19.9728,orf19.9728,C2_08010W_A
orf19.2180,orf19.2180,C2_08020C_A
orf19.9726,orf19.9726,C2_08020C_A
orf19.2181,orf19.2181,C2_08030W_A
orf19.2179,orf19.2179,C2_08050C_A
orf19.9725,orf19.9725,C2_08050C_A
orf19.2178,orf19.2178,C2_08070C_A
orf19.9724,orf19.9724,C2_08070C_A
orf19.2176,orf19.2176,C2_08080C_A
orf19.9722,orf19.9722,C2_08080C_A
orf19.2177,orf19.2177,C2_08090W_A
orf19.2175,orf19.2175,C2_08100W_A
orf19.9721,orf19.9721,C2_08100W_A
orf19.2174,orf19.2174,C2_08110W_A
orf19.9720,orf19.9720,C2_08110W_A
orf19.2173,orf19.2173,C2_08120W_A
orf19.9719,orf19.9719,C2_08120W_A
orf19.2172,orf19.2172,C2_08130W_A
orf19.9718,orf19.9718,C2_08130W_A
orf19.2170,orf19.2170,C2_08140C_A
orf19.9716,orf19.9716,C2_08140C_A
orf19.2169,orf19.2169,C2_08150W_A
orf19.9715,orf19.9715,C2_08150W_A
orf19.2168,orf19.2168,C2_08170W_A
orf19.9714,orf19.9714,C2_08170W_A
orf19.2167,orf19.2167,C2_08180C_A
orf19.9713,orf19.9713,C2_08180C_A
orf19.2166,orf19.2166,C2_08190W_A
orf19.9712,orf19.9712,C2_08190W_A
orf19.1125,orf19.1125,C2_08200W_A
orf19.2165,orf19.2165,C2_08200W_A
orf19.9711,orf19.9711,C2_08200W_A
orf19.2164,orf19.2164,C2_08240W_A
orf19.2219,orf19.2219,C2_08240W_A
orf19.9710,orf19.9710,C2_08240W_A
orf19.9764,orf19.9764,C2_08240W_A
orf19.2220,orf19.2220,C2_08260W_A
orf19.9765,orf19.9765,C2_08260W_A
orf19.2221,orf19.2221,C2_08270C_A
orf19.2222,orf19.2222,C2_08270C_A
orf19.9766,orf19.9766,C2_08270C_A
orf19.9767,orf19.9767,C2_08270C_A
orf19.2660,orf19.2660,C2_08280W_A
orf19.1354,orf19.1354,C2_08290C_A
orf19.2659,orf19.2659,C2_08290C_A
orf19.8934,orf19.8934,C2_08290C_A
orf19.1353,orf19.1353,C2_08300C_A
orf19.8933,orf19.8933,C2_08300C_A
orf19.1352,orf19.1352,C2_08310W_A
orf19.2658,orf19.2658,C2_08310W_A
orf19.8932,orf19.8932,C2_08310W_A
orf19.1351,orf19.1351,C2_08320C_A
orf19.8931,orf19.8931,C2_08320C_A
orf19.1350,orf19.1350,C2_08330W_A
orf19.8930,orf19.8930,C2_08330W_A
orf19.1349,orf19.1349,C2_08340C_A
orf19.8929,orf19.8929,C2_08340C_A
orf19.12588,orf19.12588,C2_08350C_A
orf19.1348,orf19.1348,C2_08350C_A
orf19.5122,orf19.5122,C2_08350C_A
orf19.8928,orf19.8928,C2_08350C_A
orf19.12587,orf19.12587,C2_08360C_A
orf19.1347,orf19.1347,C2_08360C_A
orf19.5121,orf19.5121,C2_08360C_A
orf19.8927,orf19.8927,C2_08360C_A
orf19.12585,orf19.12585,C2_08370C_A
orf19.1435,orf19.1435,C2_08370C_A
orf19.5119,orf19.5119,C2_08370C_A
orf19.9009,orf19.9009,C2_08370C_A
orf19.1434,orf19.1434,C2_08380C_A
orf19.9008,orf19.9008,C2_08380C_A
orf19.1433,orf19.1433,C2_08390W_A
orf19.9007,orf19.9007,C2_08390W_A
orf19.11121,orf19.11121,C2_08420W_A
orf19.3639,orf19.3639,C2_08420W_A
orf19.11120,orf19.11120,C2_08430C_A
orf19.3638,orf19.3638,C2_08430C_A
orf19.11119,orf19.11119,C2_08440W_A
orf19.3637,orf19.3637,C2_08440W_A
orf19.11117,orf19.11117,C2_08450W_A
orf19.3635,orf19.3635,C2_08450W_A
orf19.11115,orf19.11115,C2_08460C_A
orf19.3633,orf19.3633,C2_08460C_A
orf19.11114,orf19.11114,C2_08470C_A
orf19.3631,orf19.3631,C2_08470C_A
orf19.11113,orf19.11113,C2_08480W_A
orf19.3630,orf19.3630,C2_08480W_A
orf19.11112,orf19.11112,C2_08490W_A
orf19.3629,orf19.3629,C2_08490W_A
orf19.11111,orf19.11111,C2_08500W_A
orf19.3628,orf19.3628,C2_08500W_A
orf19.11110,orf19.11110,C2_08510W_A
orf19.3627,orf19.3627,C2_08510W_A
orf19.11109,orf19.11109,C2_08530C_A
orf19.3626,orf19.3626,C2_08530C_A
orf19.11108,orf19.11108,C2_08540C_A
orf19.3625,orf19.3625,C2_08540C_A
orf19.11107,orf19.11107,C2_08550C_A
orf19.3624,orf19.3624,C2_08550C_A
orf19.11106,orf19.11106,C2_08560W_A
orf19.3623,orf19.3623,C2_08560W_A
orf19.11105,orf19.11105,C2_08570W_A
orf19.3622,orf19.3622,C2_08570W_A
orf19.11104,orf19.11104,C2_08580W_A
orf19.3621,orf19.3621,C2_08580W_A
orf19.11101,orf19.11101,C2_08590W_A
orf19.3618,orf19.3618,C2_08590W_A
orf19.11100,orf19.11100,C2_08600W_A
orf19.3617,orf19.3617,C2_08600W_A
orf19.11099,orf19.11099,C2_08610W_A
orf19.3616,orf19.3616,C2_08610W_A
orf19.11098,orf19.11098,C2_08620W_A
orf19.3615,orf19.3615,C2_08620W_A
orf19.11096,orf19.11096,C2_08630C_A
orf19.3613,orf19.3613,C2_08630C_A
orf19.11095,orf19.11095,C2_08640C_A
orf19.3612,orf19.3612,C2_08640C_A
orf19.11094,orf19.11094,C2_08650W_A
orf19.3611,orf19.3611,C2_08650W_A
orf19.11093,orf19.11093,C2_08660C_A
orf19.3610,orf19.3610,C2_08660C_A
orf19.11092,orf19.11092,C2_08670C_A
orf19.3609,orf19.3609,C2_08670C_A
orf19.11091,orf19.11091,C2_08680W_A
orf19.3608,orf19.3608,C2_08680W_A
orf19.11090,orf19.11090,C2_08690C_A
orf19.3607,orf19.3607,C2_08690C_A
orf19.11089,orf19.11089,C2_08700C_A
orf19.3606,orf19.3606,C2_08700C_A
orf19.11088,orf19.11088,C2_08710W_A
orf19.3605,orf19.3605,C2_08710W_A
orf19.11087,orf19.11087,C2_08720W_A
orf19.3604,orf19.3604,C2_08720W_A
orf19.11086,orf19.11086,C2_08730W_A
orf19.3603,orf19.3603,C2_08730W_A
orf19.11084,orf19.11084,C2_08740W_A
orf19.3601,orf19.3601,C2_08740W_A
orf19.11083,orf19.11083,C2_08750W_A
orf19.3600,orf19.3600,C2_08750W_A
orf19.11082,orf19.11082,C2_08760C_A
orf19.3599,orf19.3599,C2_08760C_A
orf19.11076,orf19.11076,C2_08770C_A
orf19.3594,orf19.3594,C2_08770C_A
orf19.11075,orf19.11075,C2_08780W_A
orf19.3593,orf19.3593,C2_08780W_A
orf19.11074,orf19.11074,C2_08790W_A
orf19.3592,orf19.3592,C2_08790W_A
orf19.11073,orf19.11073,C2_08800C_A
orf19.3591,orf19.3591,C2_08800C_A
orf19.11072,orf19.11072,C2_08810C_A
orf19.3590,orf19.3590,C2_08810C_A
orf19.11071,orf19.11071,C2_08820C_A
orf19.3589,orf19.3589,C2_08820C_A
orf19.3586,orf19.3586,C2_08830W_A
orf19.3588,orf19.3588,C2_08830W_A
orf19.11069,orf19.11069,C2_08840W_A
orf19.3585,orf19.3585,C2_08840W_A
orf19.11068,orf19.11068,C2_08850C_A
orf19.225,orf19.225,C2_08850C_A
orf19.3584,orf19.3584,C2_08850C_A
orf19.7855,orf19.7855,C2_08850C_A
orf19.223,orf19.223,C2_08860W_A
orf19.7854,orf19.7854,C2_08860W_A
orf19.220,orf19.220,C2_08870C_A
orf19.7851,orf19.7851,C2_08870C_A
orf19.218,orf19.218,C2_08880W_A
orf19.7850,orf19.7850,C2_08880W_A
orf19.217,orf19.217,C2_08890W_A
orf19.7849,orf19.7849,C2_08890W_A
orf19.216,orf19.216,C2_08910C_A
orf19.7848,orf19.7848,C2_08910C_A
orf19.215,orf19.215,C2_08920W_A
orf19.7847,orf19.7847,C2_08920W_A
orf19.213,orf19.213,C2_08930W_A
orf19.7845,orf19.7845,C2_08930W_A
orf19.212,orf19.212,C2_08940C_A
orf19.7844,orf19.7844,C2_08940C_A
orf19.211,orf19.211,C2_08950W_A
orf19.7843,orf19.7843,C2_08950W_A
orf19.210,orf19.210,C2_08960C_A
orf19.7842,orf19.7842,C2_08960C_A
orf19.209,orf19.209,C2_08970C_A
orf19.7841,orf19.7841,C2_08970C_A
orf19.207,orf19.207,C2_08980C_A
orf19.7838,orf19.7838,C2_08980C_A
orf19.206,orf19.206,C2_08990C_A
orf19.7836,orf19.7836,C2_08990C_A
orf19.204,orf19.204,C2_09000C_A
orf19.7834,orf19.7834,C2_09000C_A
orf19.203,orf19.203,C2_09010W_A
orf19.7833,orf19.7833,C2_09010W_A
orf19.202,orf19.202,C2_09020W_A
orf19.7832,orf19.7832,C2_09020W_A
orf19.201,orf19.201,C2_09030W_A
orf19.7831,orf19.7831,C2_09030W_A
orf19.200,orf19.200,C2_09040W_A
orf19.7830,orf19.7830,C2_09040W_A
orf19.199,orf19.199,C2_09050C_A
orf19.7829,orf19.7829,C2_09050C_A
orf19.198,orf19.198,C2_09060C_A
orf19.7828,orf19.7828,C2_09060C_A
orf19.11549,orf19.11549,C2_09070C_A
orf19.196,orf19.196,C2_09070C_A
orf19.4066,orf19.4066,C2_09070C_A
orf19.7826,orf19.7826,C2_09070C_A
orf19.11550,orf19.11550,C2_09080C_A
orf19.4067,orf19.4067,C2_09080C_A
orf19.11551,orf19.11551,C2_09100C_A
orf19.4068,orf19.4068,C2_09100C_A
orf19.4069,orf19.4069,C2_09110C_A
orf19.4070,orf19.4070,C2_09120C_A
orf19.11553,orf19.11553,C2_09130C_A
orf19.4072,orf19.4072,C2_09130C_A
orf19.11557,orf19.11557,C2_09140C_A
orf19.4076,orf19.4076,C2_09140C_A
orf19.11558,orf19.11558,C2_09150W_A
orf19.4077,orf19.4077,C2_09150W_A
orf19.11559,orf19.11559,C2_09160W_A
orf19.4078,orf19.4078,C2_09160W_A
orf19.11560,orf19.11560,C2_09170W_A
orf19.4079,orf19.4079,C2_09170W_A
orf19.11561,orf19.11561,C2_09180W_A
orf19.4080,orf19.4080,C2_09180W_A
orf19.11562,orf19.11562,C2_09210W_A
orf19.4081,orf19.4081,C2_09210W_A
orf19.11563,orf19.11563,C2_09220W_A
orf19.4082,orf19.4082,C2_09220W_A
orf19.11565,orf19.11565,C2_09230C_A
orf19.4084,orf19.4084,C2_09230C_A
orf19.11566,orf19.11566,C2_09240C_A
orf19.4085,orf19.4085,C2_09240C_A
orf19.11567,orf19.11567,C2_09250W_A
orf19.4086,orf19.4086,C2_09250W_A
orf19.11569,orf19.11569,C2_09260C_A
orf19.4088,orf19.4088,C2_09260C_A
orf19.11570,orf19.11570,C2_09270C_A
orf19.4089,orf19.4089,C2_09270C_A
orf19.11571,orf19.11571,C2_09280C_A
orf19.4090,orf19.4090,C2_09280C_A
orf19.11572,orf19.11572,C2_09300W_A
orf19.4091,orf19.4091,C2_09300W_A
orf19.11573,orf19.11573,C2_09310C_A
orf19.4092,orf19.4092,C2_09310C_A
orf19.11574,orf19.11574,C2_09320C_A
orf19.4093,orf19.4093,C2_09320C_A
orf19.11575,orf19.11575,C2_09330C_A
orf19.4094,orf19.4094,C2_09330C_A
orf19.11576,orf19.11576,C2_09340W_A
orf19.4095,orf19.4095,C2_09340W_A
orf19.11577,orf19.11577,C2_09350W_A
orf19.4096,orf19.4096,C2_09350W_A
orf19.11578,orf19.11578,C2_09360W_A
orf19.4097,orf19.4097,C2_09360W_A
orf19.11581,orf19.11581,C2_09370C_A
orf19.4100,orf19.4100,C2_09370C_A
orf19.564,orf19.564,C2_09370C_A
orf19.563,orf19.563,C2_09380W_A
orf19.1597,orf19.1597,C2_09390W_A
orf19.9165,orf19.9165,C2_09390W_A
orf19.1598,orf19.1598,C2_09400C_A
orf19.9166,orf19.9166,C2_09400C_A
orf19.1599,orf19.1599,C2_09410W_A
orf19.9167,orf19.9167,C2_09410W_A
orf19.1600,orf19.1600,C2_09420W_A
orf19.9168,orf19.9168,C2_09420W_A
orf19.1601,orf19.1601,C2_09430W_A
orf19.9169,orf19.9169,C2_09430W_A
orf19.1604,orf19.1604,C2_09460C_A
orf19.9172,orf19.9172,C2_09460C_A
orf19.1605,orf19.1605,C2_09470C_A
orf19.9173,orf19.9173,C2_09470C_A
orf19.1406,orf19.1406,C2_09480W_A
orf19.8984,orf19.8984,C2_09480W_A
orf19.1405,orf19.1405,C2_09490W_A
orf19.8983,orf19.8983,C2_09490W_A
orf19.1404,orf19.1404,C2_09500W_A
orf19.8982,orf19.8982,C2_09500W_A
orf19.1403,orf19.1403,C2_09510C_A
orf19.8981,orf19.8981,C2_09510C_A
orf19.1402,orf19.1402,C2_09520C_A
orf19.8980,orf19.8980,C2_09520C_A
orf19.1401,orf19.1401,C2_09530W_A
orf19.1400,orf19.1400,C2_09560C_A
orf19.8978,orf19.8978,C2_09560C_A
orf19.1397,orf19.1397,C2_09570C_A
orf19.8975,orf19.8975,C2_09570C_A
orf19.1396,orf19.1396,C2_09580W_A
orf19.8974,orf19.8974,C2_09580W_A
orf19.1395,orf19.1395,C2_09590C_A
orf19.8973,orf19.8973,C2_09590C_A
orf19.1394,orf19.1394,C2_09600C_A
orf19.8972,orf19.8972,C2_09600C_A
orf19.1393,orf19.1393,C2_09610W_A
orf19.8971,orf19.8971,C2_09610W_A
orf19.1392,orf19.1392,C2_09620W_A
orf19.8970,orf19.8970,C2_09620W_A
orf19.1391,orf19.1391,C2_09630C_A
orf19.8969,orf19.8969,C2_09630C_A
orf19.1390,orf19.1390,C2_09640W_A
orf19.8968,orf19.8968,C2_09640W_A
orf19.1389,orf19.1389,C2_09650W_A
orf19.8967,orf19.8967,C2_09650W_A
orf19.1388,orf19.1388,C2_09660W_A
orf19.8966,orf19.8966,C2_09660W_A
orf19.1387,orf19.1387,C2_09670C_A
orf19.8965,orf19.8965,C2_09670C_A
orf19.1386,orf19.1386,C2_09680W_A
orf19.8964,orf19.8964,C2_09680W_A
orf19.1383,orf19.1383,C2_09690C_A
orf19.1384,orf19.1384,C2_09690C_A
orf19.8963,orf19.8963,C2_09690C_A
orf19.1382,orf19.1382,C2_09700W_A
orf19.8962,orf19.8962,C2_09700W_A
orf19.1381,orf19.1381,C2_09710C_A
orf19.8961,orf19.8961,C2_09710C_A
orf19.1378,orf19.1378,C2_09720W_A
orf19.8958,orf19.8958,C2_09720W_A
orf19.1377,orf19.1377,C2_09730C_A
orf19.8957,orf19.8957,C2_09730C_A
orf19.1376,orf19.1376,C2_09740W_A
orf19.8956,orf19.8956,C2_09740W_A
orf19.1375,orf19.1375,C2_09750W_A
orf19.8955,orf19.8955,C2_09750W_A
orf19.1374,orf19.1374,C2_09760W_A
orf19.8954,orf19.8954,C2_09760W_A
orf19.1373,orf19.1373,C2_09770C_A
orf19.8953,orf19.8953,C2_09770C_A
orf19.1372,orf19.1372,C2_09780C_A
orf19.8952,orf19.8952,C2_09780C_A
orf19.1371,orf19.1371,C2_09790W_A
orf19.8951,orf19.8951,C2_09790W_A
orf19.1370,orf19.1370,C2_09800C_A
orf19.8950,orf19.8950,C2_09800C_A
orf19.1369,orf19.1369,C2_09810C_A
orf19.8949,orf19.8949,C2_09810C_A
orf19.1368,orf19.1368,C2_09820W_A
orf19.8948,orf19.8948,C2_09820W_A
orf19.1367,orf19.1367,C2_09840W_A
orf19.8947,orf19.8947,C2_09840W_A
orf19.1366,orf19.1366,C2_09850C_A
orf19.8946,orf19.8946,C2_09850C_A
orf19.1365,orf19.1365,C2_09860C_A
orf19.8945,orf19.8945,C2_09860C_A
orf19.1364,orf19.1364,C2_09870W_A
orf19.8944,orf19.8944,C2_09870W_A
orf19.1363,orf19.1363,C2_09880C_A
orf19.8943,orf19.8943,C2_09880C_A
orf19.1362,orf19.1362,C2_09890W_A
orf19.8942,orf19.8942,C2_09890W_A
orf19.1361,orf19.1361,C2_09900C_A
orf19.8941,orf19.8941,C2_09900C_A
orf19.1360,orf19.1360,C2_09920W_A
orf19.8940,orf19.8940,C2_09920W_A
orf19.1359,orf19.1359,C2_09930W_A
orf19.8939,orf19.8939,C2_09930W_A
orf19.1358,orf19.1358,C2_09940W_A
orf19.8938,orf19.8938,C2_09940W_A
orf19.1357,orf19.1357,C2_09950W_A
orf19.8937,orf19.8937,C2_09950W_A
orf19.1356,orf19.1356,C2_09960W_A
orf19.8936,orf19.8936,C2_09960W_A
orf19.1355,orf19.1355,C2_09970C_A
orf19.8935,orf19.8935,C2_09970C_A
orf19.1785,orf19.1785,C2_09980W_A
orf19.9351,orf19.9351,C2_09980W_A
orf19.1783,orf19.1783,C2_09990C_A
orf19.1784,orf19.1784,C2_09990C_A
orf19.9349,orf19.9349,C2_09990C_A
orf19.9350,orf19.9350,C2_09990C_A
orf19.1782,orf19.1782,C2_10010C_A
orf19.9348,orf19.9348,C2_10010C_A
orf19.1780,orf19.1780,C2_10020C_A
orf19.9346,orf19.9346,C2_10020C_A
orf19.1779,orf19.1779,C2_10030C_A
orf19.9345,orf19.9345,C2_10030C_A
orf19.1778,orf19.1778,C2_10040W_A
orf19.1777,orf19.1777,C2_10050W_A
orf19.9344,orf19.9344,C2_10050W_A
orf19.1776,orf19.1776,C2_10060C_A
orf19.9343,orf19.9343,C2_10060C_A
orf19.1774,orf19.1774,C2_10070W_A
orf19.1775,orf19.1775,C2_10070W_A
orf19.1773,orf19.1773,C2_10080W_A
orf19.9342,orf19.9342,C2_10080W_A
orf19.1772,orf19.1772,C2_10090C_A
orf19.9341,orf19.9341,C2_10090C_A
orf19.1771,orf19.1771,C2_10100W_A
orf19.9340,orf19.9340,C2_10100W_A
orf19.1770,orf19.1770,C2_10110W_A
orf19.9339,orf19.9339,C2_10110W_A
orf19.1769,orf19.1769,C2_10120W_A
orf19.9338,orf19.9338,C2_10120W_A
orf19.1768,orf19.1768,C2_10130W_A
orf19.9337,orf19.9337,C2_10130W_A
orf19.1767,orf19.1767,C2_10140W_A
orf19.9336,orf19.9336,C2_10140W_A
orf19.1766,orf19.1766,C2_10150W_A
orf19.9335,orf19.9335,C2_10150W_A
orf19.1765,orf19.1765,C2_10160W_A
orf19.9334,orf19.9334,C2_10160W_A
orf19.1764,orf19.1764,C2_10170C_A
orf19.9333,orf19.9333,C2_10170C_A
orf19.1763,orf19.1763,C2_10180W_A
orf19.9332,orf19.9332,C2_10180W_A
orf19.1762,orf19.1762,C2_10190C_A
orf19.9331,orf19.9331,C2_10190C_A
orf19.1761,orf19.1761,C2_10200W_A
orf19.9330,orf19.9330,C2_10200W_A
orf19.1760,orf19.1760,C2_10210C_A
orf19.9329,orf19.9329,C2_10210C_A
orf19.1759,orf19.1759,C2_10220C_A
orf19.9328,orf19.9328,C2_10220C_A
orf19.1757,orf19.1757,C2_10230W_A
orf19.9326,orf19.9326,C2_10230W_A
orf19.1756,orf19.1756,C2_10240W_A
orf19.9325,orf19.9325,C2_10240W_A
orf19.1755,orf19.1755,C2_10250C_A
orf19.9324,orf19.9324,C2_10250C_A
orf19.1754,orf19.1754,C2_10260C_A
orf19.9323,orf19.9323,C2_10260C_A
orf19.1753,orf19.1753,C2_10270W_A
orf19.9322,orf19.9322,C2_10270W_A
orf19.1751,orf19.1751,C2_10280C_A
orf19.9320,orf19.9320,C2_10280C_A
orf19.1750,orf19.1750,C2_10290W_A
orf19.9319,orf19.9319,C2_10290W_A
orf19.1748,orf19.1748,C2_10300C_A
orf19.9316,orf19.9316,C2_10300C_A
orf19.1747,orf19.1747,C2_10310C_A
orf19.9315,orf19.9315,C2_10310C_A
orf19.1746,orf19.1746,C2_10320C_A
orf19.9313,orf19.9313,C2_10320C_A
orf19.1745,orf19.1745,C2_10330C_A
orf19.9312,orf19.9312,C2_10330C_A
orf19.1744,orf19.1744,C2_10340W_A
orf19.9311,orf19.9311,C2_10340W_A
orf19.1743,orf19.1743,C2_10350C_A
orf19.9310,orf19.9310,C2_10350C_A
orf19.1742,orf19.1742,C2_10360C_A
orf19.9309,orf19.9309,C2_10360C_A
orf19.3490,orf19.3490,C2_10420W_A
orf19.12776,orf19.12776,C2_10430C_A
orf19.5316,orf19.5316,C2_10430C_A
orf19.12778,orf19.12778,C2_10440C_A
orf19.12779,orf19.12779,C2_10440C_A
orf19.5318,orf19.5318,C2_10440C_A
orf19.5319,orf19.5319,C2_10440C_A
orf19.12780,orf19.12780,C2_10450W_A
orf19.5320,orf19.5320,C2_10450W_A
orf19.12781,orf19.12781,C2_10460C_A
orf19.5321,orf19.5321,C2_10460C_A
orf19.12782,orf19.12782,C2_10470C_A
orf19.5322,orf19.5322,C2_10470C_A
orf19.12783,orf19.12783,C2_10480W_A
orf19.5323,orf19.5323,C2_10480W_A
orf19.12785,orf19.12785,C2_10530C_A
orf19.5325,orf19.5325,C2_10530C_A
orf19.12786,orf19.12786,C2_10540W_A
orf19.5326,orf19.5326,C2_10540W_A
orf19.12788,orf19.12788,C2_10550C_A
orf19.12789,orf19.12789,C2_10550C_A
orf19.12793,orf19.12793,C2_10550C_A
orf19.5328,orf19.5328,C2_10550C_A
orf19.5329,orf19.5329,C2_10550C_A
orf19.5333,orf19.5333,C2_10550C_A
orf19.12794,orf19.12794,C2_10560C_A
orf19.5334,orf19.5334,C2_10560C_A
orf19.12795,orf19.12795,C2_10570W_A
orf19.5335,orf19.5335,C2_10570W_A
orf19.12797,orf19.12797,C2_10580W_A
orf19.5337,orf19.5337,C2_10580W_A
orf19.12798,orf19.12798,C2_10590W_A
orf19.5338,orf19.5338,C2_10590W_A
orf19.12799,orf19.12799,C2_10600W_A
orf19.5339,orf19.5339,C2_10600W_A
orf19.12800,orf19.12800,C2_10610W_A
orf19.5340,orf19.5340,C2_10610W_A
orf19.12801,orf19.12801,C2_10620W_A
orf19.5341,orf19.5341,C2_10620W_A
orf19.12802,orf19.12802,C2_10630W_A
orf19.5342,orf19.5342,C2_10630W_A
orf19.12803,orf19.12803,C2_10660W_A
orf19.5343,orf19.5343,C2_10660W_A
orf19.12805,orf19.12805,C2_10670W_A
orf19.5345,orf19.5345,C2_10670W_A
orf19.12806,orf19.12806,C2_10680W_A
orf19.5346,orf19.5346,C2_10680W_A
orf19.12808,orf19.12808,C2_10690W_A
orf19.5348,orf19.5348,C2_10690W_A
orf19.12810,orf19.12810,C2_10700C_A
orf19.5350,orf19.5350,C2_10700C_A
orf19.12811,orf19.12811,C2_10710W_A
orf19.5351,orf19.5351,C2_10710W_A
orf19.12812,orf19.12812,C2_10720C_A
orf19.5352,orf19.5352,C2_10720C_A
orf19.12813,orf19.12813,C2_10730W_A
orf19.5353,orf19.5353,C2_10730W_A
orf19.12816,orf19.12816,C2_10740C_A
orf19.5356,orf19.5356,C2_10740C_A
orf19.12817,orf19.12817,C2_10750C_A
orf19.5357,orf19.5357,C2_10750C_A
orf19.12818,orf19.12818,C2_10760C_A
orf19.5358,orf19.5358,C2_10760C_A
orf19.12820,orf19.12820,C2_10770W_A
orf19.5360,orf19.5360,C2_10770W_A
orf19.12822,orf19.12822,C2_10780C_A
orf19.5362,orf19.5362,C2_10780C_A
orf19.12823,orf19.12823,C2_10790C_A
orf19.5363,orf19.5363,C2_10790C_A
orf19.12824,orf19.12824,C2_10810W_A
orf19.5364,orf19.5364,C2_10810W_A
orf19.12825,orf19.12825,C2_10820C_A
orf19.12826,orf19.12826,C2_10820C_A
orf19.5365,orf19.5365,C2_10820C_A
orf19.5366,orf19.5366,C2_10820C_A
orf19.12827,orf19.12827,C2_10840W_A
orf19.5367,orf19.5367,C2_10840W_A
orf19.12828,orf19.12828,C2_10850C_A
orf19.5368,orf19.5368,C2_10850C_A
orf19.12829,orf19.12829,C2_10860C_A
orf19.5369,orf19.5369,C2_10860C_A
orf19.12830,orf19.12830,C2_10870W_A
orf19.5370,orf19.5370,C2_10870W_A
orf19.12929,orf19.12929,C3_00010C_A
orf19.5474,orf19.5474,C3_00010C_A
orf19.5475,orf19.5475,C3_00020W_A
orf19.12924,orf19.12924,C3_00030C_A
orf19.5469,orf19.5469,C3_00030C_A
orf19.5472,orf19.5472,C3_00040W_A
orf19.12923,orf19.12923,C3_00050C_A
orf19.5468,orf19.5468,C3_00050C_A
orf19.12922,orf19.12922,C3_00060W_A
orf19.5467,orf19.5467,C3_00060W_A
orf19.12921,orf19.12921,C3_00090W_A
orf19.5466,orf19.5466,C3_00090W_A
orf19.12920,orf19.12920,C3_00100W_A
orf19.5465,orf19.5465,C3_00100W_A
orf19.12918,orf19.12918,C3_00110C_A
orf19.5463,orf19.5463,C3_00110C_A
orf19.5464,orf19.5464,C3_00120W_A
orf19.12914,orf19.12914,C3_00130C_A
orf19.5459,orf19.5459,C3_00130C_A
orf19.5462,orf19.5462,C3_00140W_A
orf19.5461,orf19.5461,C3_00150W_A
orf19.12912,orf19.12912,C3_00160C_A
orf19.5457,orf19.5457,C3_00160C_A
orf19.12910,orf19.12910,C3_00170C_A
orf19.5455,orf19.5455,C3_00170C_A
orf19.12909,orf19.12909,C3_00180C_A
orf19.5454,orf19.5454,C3_00180C_A
orf19.5451,orf19.5451,C3_00190W_A
orf19.12905,orf19.12905,C3_00200C_A
orf19.5450,orf19.5450,C3_00200C_A
orf19.12904,orf19.12904,C3_00210C_A
orf19.5449,orf19.5449,C3_00210C_A
orf19.12902,orf19.12902,C3_00220W_A
orf19.5447,orf19.5447,C3_00220W_A
orf19.5446,orf19.5446,C3_00230C_A
orf19.12900,orf19.12900,C3_00240C_A
orf19.5445,orf19.5445,C3_00240C_A
orf19.12899,orf19.12899,C3_00250C_A
orf19.5444,orf19.5444,C3_00250C_A
orf19.12898,orf19.12898,C3_00260C_A
orf19.5443,orf19.5443,C3_00260C_A
orf19.12897,orf19.12897,C3_00270C_A
orf19.5442,orf19.5442,C3_00270C_A
orf19.12896,orf19.12896,C3_00280C_A
orf19.5441,orf19.5441,C3_00280C_A
orf19.12895,orf19.12895,C3_00290W_A
orf19.5440,orf19.5440,C3_00290W_A
orf19.12894,orf19.12894,C3_00300W_A
orf19.5439,orf19.5439,C3_00300W_A
orf19.12893,orf19.12893,C3_00310C_A
orf19.5438,orf19.5438,C3_00310C_A
orf19.12892,orf19.12892,C3_00320W_A
orf19.5437,orf19.5437,C3_00320W_A
orf19.12891,orf19.12891,C3_00330W_A
orf19.5436,orf19.5436,C3_00330W_A
orf19.12888,orf19.12888,C3_00340W_A
orf19.5433,orf19.5433,C3_00340W_A
orf19.12887,orf19.12887,C3_00350W_A
orf19.5432,orf19.5432,C3_00350W_A
orf19.12886,orf19.12886,C3_00360W_A
orf19.5431,orf19.5431,C3_00360W_A
orf19.12885,orf19.12885,C3_00370C_A
orf19.5430,orf19.5430,C3_00370C_A
orf19.12884,orf19.12884,C3_00380C_A
orf19.5429,orf19.5429,C3_00380C_A
orf19.12883,orf19.12883,C3_00390W_A
orf19.5428,orf19.5428,C3_00390W_A
orf19.12881,orf19.12881,C3_00400C_A
orf19.5426,orf19.5426,C3_00400C_A
orf19.5424,orf19.5424,C3_00410C_A
orf19.12880,orf19.12880,C3_00420W_A
orf19.5425,orf19.5425,C3_00420W_A
orf19.12878,orf19.12878,C3_00430W_A
orf19.5423,orf19.5423,C3_00430W_A
orf19.12877,orf19.12877,C3_00440W_A
orf19.5422,orf19.5422,C3_00440W_A
orf19.12875,orf19.12875,C3_00450C_A
orf19.5420,orf19.5420,C3_00450C_A
orf19.12874,orf19.12874,C3_00460W_A
orf19.5419,orf19.5419,C3_00460W_A
orf19.12873,orf19.12873,C3_00470W_A
orf19.5418,orf19.5418,C3_00470W_A
orf19.12872,orf19.12872,C3_00480C_A
orf19.5417,orf19.5417,C3_00480C_A
orf19.12871,orf19.12871,C3_00490W_A
orf19.5416,orf19.5416,C3_00490W_A
orf19.12868,orf19.12868,C3_00500C_A
orf19.5413,orf19.5413,C3_00500C_A
orf19.12867,orf19.12867,C3_00510W_A
orf19.5412,orf19.5412,C3_00510W_A
orf19.12866,orf19.12866,C3_00520W_A
orf19.5411,orf19.5411,C3_00520W_A
orf19.12865,orf19.12865,C3_00530C_A
orf19.5410,orf19.5410,C3_00530C_A
orf19.12864,orf19.12864,C3_00540C_A
orf19.5409,orf19.5409,C3_00540C_A
orf19.12863,orf19.12863,C3_00550C_A
orf19.5408,orf19.5408,C3_00550C_A
orf19.12862,orf19.12862,C3_00560C_A
orf19.5407,orf19.5407,C3_00560C_A
orf19.12861,orf19.12861,C3_00570C_A
orf19.5406,orf19.5406,C3_00570C_A
orf19.12856,orf19.12856,C3_00580W_A
orf19.12859,orf19.12859,C3_00580W_A
orf19.5401,orf19.5401,C3_00580W_A
orf19.5404,orf19.5404,C3_00580W_A
orf19.5402,orf19.5402,C3_00590W_A
orf19.12854,orf19.12854,C3_00600W_A
orf19.5399,orf19.5399,C3_00600W_A
orf19.5400,orf19.5400,C3_00600W_A
orf19.12852,orf19.12852,C3_00610W_A
orf19.5397,orf19.5397,C3_00610W_A
orf19.12850,orf19.12850,C3_00630W_A
orf19.5395,orf19.5395,C3_00630W_A
orf19.12848,orf19.12848,C3_00640W_A
orf19.5393,orf19.5393,C3_00640W_A
orf19.12847,orf19.12847,C3_00650W_A
orf19.5392,orf19.5392,C3_00650W_A
orf19.12846,orf19.12846,C3_00660W_A
orf19.5391,orf19.5391,C3_00660W_A
orf19.12844,orf19.12844,C3_00670C_A
orf19.5389,orf19.5389,C3_00670C_A
orf19.12845,orf19.12845,C3_00680C_A
orf19.5390,orf19.5390,C3_00680C_A
orf19.12843,orf19.12843,C3_00690C_A
orf19.5388,orf19.5388,C3_00690C_A
orf19.12842,orf19.12842,C3_00700W_A
orf19.5387,orf19.5387,C3_00700W_A
orf19.12839,orf19.12839,C3_00710W_A
orf19.5384,orf19.5384,C3_00710W_A
orf19.12838,orf19.12838,C3_00720W_A
orf19.5383,orf19.5383,C3_00720W_A
orf19.12836,orf19.12836,C3_00730W_A
orf19.5381,orf19.5381,C3_00730W_A
orf19.5382,orf19.5382,C3_00740W_A
orf19.12835,orf19.12835,C3_00750W_A
orf19.5380,orf19.5380,C3_00750W_A
orf19.12834,orf19.12834,C3_00760W_A
orf19.5379,orf19.5379,C3_00760W_A
orf19.12833,orf19.12833,C3_00770C_A
orf19.5378,orf19.5378,C3_00770C_A
orf19.12832,orf19.12832,C3_00780W_A
orf19.3067,orf19.3067,C3_00780W_A
orf19.5377,orf19.5377,C3_00780W_A
orf19.12831,orf19.12831,C3_00790W_A
orf19.3068,orf19.3068,C3_00790W_A
orf19.5376,orf19.5376,C3_00790W_A
orf19.1812,orf19.1812,C3_00800W_A
orf19.3071,orf19.3071,C3_00800W_A
orf19.1288,orf19.1288,C3_00810C_A
orf19.1809,orf19.1809,C3_00810C_A
orf19.1289,orf19.1289,C3_00820W_A
orf19.6154,orf19.6154,C3_00820W_A
orf19.6155,orf19.6155,C3_00830C_A
orf19.6156,orf19.6156,C3_00840C_A
orf19.6160,orf19.6160,C3_00850C_A
orf19.6163,orf19.6163,C3_00860W_A
orf19.6164,orf19.6164,C3_00870W_A
orf19.6165,orf19.6165,C3_00880W_A
orf19.6166,orf19.6166,C3_00890C_A
orf19.6167,orf19.6167,C3_00900C_A
orf19.6168,orf19.6168,C3_00910W_A
orf19.6169,orf19.6169,C3_00920W_A
orf19.10032,orf19.10032,C3_00930W_A
orf19.2496,orf19.2496,C3_00930W_A
orf19.10034,orf19.10034,C3_00940W_A
orf19.2498,orf19.2498,C3_00940W_A
orf19.10035,orf19.10035,C3_00950C_A
orf19.2499,orf19.2499,C3_00950C_A
orf19.10036,orf19.10036,C3_00960W_A
orf19.2500,orf19.2500,C3_00960W_A
orf19.10037,orf19.10037,C3_00980W_A
orf19.2501,orf19.2501,C3_00980W_A
orf19.10039,orf19.10039,C3_00990C_A
orf19.2503,orf19.2503,C3_00990C_A
orf19.10040,orf19.10040,C3_01000W_A
orf19.2504,orf19.2504,C3_01000W_A
orf19.10041,orf19.10041,C3_01010W_A
orf19.2505,orf19.2505,C3_01010W_A
orf19.10042,orf19.10042,C3_01020W_A
orf19.2506,orf19.2506,C3_01020W_A
orf19.10043,orf19.10043,C3_01030W_A
orf19.2507,orf19.2507,C3_01030W_A
orf19.10044,orf19.10044,C3_01040C_A
orf19.2508,orf19.2508,C3_01040C_A
orf19.10045,orf19.10045,C3_01050C_A
orf19.2509,orf19.2509,C3_01050C_A
orf19.10046,orf19.10046,C3_01070C_A
orf19.10047,orf19.10047,C3_01070C_A
orf19.2510,orf19.2510,C3_01070C_A
orf19.2511,orf19.2511,C3_01070C_A
orf19.10048,orf19.10048,C3_01100W_A
orf19.2512,orf19.2512,C3_01100W_A
orf19.10049,orf19.10049,C3_01110C_A
orf19.2513,orf19.2513,C3_01110C_A
orf19.10050,orf19.10050,C3_01120W_A
orf19.2514,orf19.2514,C3_01120W_A
orf19.10051,orf19.10051,C3_01130C_A
orf19.2515,orf19.2515,C3_01130C_A
orf19.10052,orf19.10052,C3_01140W_A
orf19.2516,orf19.2516,C3_01140W_A
orf19.158,orf19.158,C3_01150C_A
orf19.10663,orf19.10663,C3_01160W_A
orf19.3153,orf19.3153,C3_01160W_A
orf19.10664,orf19.10664,C3_01170W_A
orf19.3154,orf19.3154,C3_01170W_A
orf19.10665,orf19.10665,C3_01180C_A
orf19.3156,orf19.3156,C3_01180C_A
orf19.10667,orf19.10667,C3_01190C_A
orf19.3158,orf19.3158,C3_01190C_A
orf19.10668,orf19.10668,C3_01200W_A
orf19.1732,orf19.1732,C3_01200W_A
orf19.1733,orf19.1733,C3_01200W_A
orf19.3159,orf19.3159,C3_01200W_A
orf19.9300,orf19.9300,C3_01200W_A
orf19.9301,orf19.9301,C3_01200W_A
orf19.1730,orf19.1730,C3_01210C_A
orf19.1731,orf19.1731,C3_01210C_A
orf19.9298,orf19.9298,C3_01210C_A
orf19.9299,orf19.9299,C3_01210C_A
orf19.1729,orf19.1729,C3_01220W_A
orf19.9297,orf19.9297,C3_01220W_A
orf19.1728,orf19.1728,C3_01230C_A
orf19.9296,orf19.9296,C3_01230C_A
orf19.1727,orf19.1727,C3_01250W_A
orf19.9295,orf19.9295,C3_01250W_A
orf19.1725,orf19.1725,C3_01260C_A
orf19.9293,orf19.9293,C3_01260C_A
orf19.1724,orf19.1724,C3_01270W_A
orf19.9292,orf19.9292,C3_01270W_A
orf19.1723,orf19.1723,C3_01280W_A
orf19.9291,orf19.9291,C3_01280W_A
orf19.1722,orf19.1722,C3_01290W_A
orf19.9290,orf19.9290,C3_01290W_A
orf19.1721,orf19.1721,C3_01300C_A
orf19.9289,orf19.9289,C3_01300C_A
orf19.1720,orf19.1720,C3_01310W_A
orf19.9288,orf19.9288,C3_01310W_A
orf19.1719,orf19.1719,C3_01320C_A
orf19.9287,orf19.9287,C3_01320C_A
orf19.1718,orf19.1718,C3_01330W_A
orf19.9286,orf19.9286,C3_01330W_A
orf19.1717,orf19.1717,C3_01340W_A
orf19.9285,orf19.9285,C3_01340W_A
orf19.1716,orf19.1716,C3_01350C_A
orf19.9284,orf19.9284,C3_01350C_A
orf19.1715,orf19.1715,C3_01360C_A
orf19.9283,orf19.9283,C3_01360C_A
orf19.1714,orf19.1714,C3_01370C_A
orf19.9282,orf19.9282,C3_01370C_A
orf19.1712,orf19.1712,C3_01390C_A
orf19.1713,orf19.1713,C3_01390C_A
orf19.9279,orf19.9279,C3_01390C_A
orf19.9280,orf19.9280,C3_01390C_A
orf19.1711,orf19.1711,C3_01400W_A
orf19.9278,orf19.9278,C3_01400W_A
orf19.1710,orf19.1710,C3_01410C_A
orf19.9277,orf19.9277,C3_01410C_A
orf19.1709,orf19.1709,C3_01420C_A
orf19.9276,orf19.9276,C3_01420C_A
orf19.1708,orf19.1708,C3_01430W_A
orf19.9275,orf19.9275,C3_01430W_A
orf19.1707,orf19.1707,C3_01440C_A
orf19.9274,orf19.9274,C3_01440C_A
orf19.1706,orf19.1706,C3_01450C_A
orf19.9273,orf19.9273,C3_01450C_A
orf19.1704,orf19.1704,C3_01460C_A
orf19.9271,orf19.9271,C3_01460C_A
orf19.1702,orf19.1702,C3_01470W_A
orf19.9269,orf19.9269,C3_01470W_A
orf19.1701,orf19.1701,C3_01480C_A
orf19.9268,orf19.9268,C3_01480C_A
orf19.1700,orf19.1700,C3_01490W_A
orf19.9267,orf19.9267,C3_01490W_A
orf19.1699,orf19.1699,C3_01500C_A
orf19.9266,orf19.9266,C3_01500C_A
orf19.1698,orf19.1698,C3_01510W_A
orf19.9265,orf19.9265,C3_01510W_A
orf19.1697,orf19.1697,C3_01520C_A
orf19.9264,orf19.9264,C3_01520C_A
orf19.1693,orf19.1693,C3_01530C_A
orf19.1694,orf19.1694,C3_01530C_A
orf19.9261,orf19.9261,C3_01530C_A
orf19.1691,orf19.1691,C3_01540W_A
orf19.9259,orf19.9259,C3_01540W_A
orf19.1690,orf19.1690,C3_01550C_A
orf19.9258,orf19.9258,C3_01550C_A
orf19.1687,orf19.1687,C3_01560W_A
orf19.9255,orf19.9255,C3_01560W_A
orf19.1686,orf19.1686,C3_01570W_A
orf19.9254,orf19.9254,C3_01570W_A
orf19.1685,orf19.1685,C3_01580W_A
orf19.1684,orf19.1684,C3_01590W_A
orf19.9253,orf19.9253,C3_01590W_A
orf19.1683,orf19.1683,C3_01600W_A
orf19.9252,orf19.9252,C3_01600W_A
orf19.1682,orf19.1682,C3_01610W_A
orf19.9251,orf19.9251,C3_01610W_A
orf19.1681,orf19.1681,C3_01620W_A
orf19.9250,orf19.9250,C3_01620W_A
orf19.1680,orf19.1680,C3_01630W_A
orf19.9249,orf19.9249,C3_01630W_A
orf19.1679,orf19.1679,C3_01640C_A
orf19.9248,orf19.9248,C3_01640C_A
orf19.1678,orf19.1678,C3_01660W_A
orf19.9247,orf19.9247,C3_01660W_A
orf19.1677,orf19.1677,C3_01670W_A
orf19.9246,orf19.9246,C3_01670W_A
orf19.1676,orf19.1676,C3_01680C_A
orf19.9245,orf19.9245,C3_01680C_A
orf19.1675,orf19.1675,C3_01690W_A
orf19.9244,orf19.9244,C3_01690W_A
orf19.1674,orf19.1674,C3_01700W_A
orf19.9243,orf19.9243,C3_01700W_A
orf19.1673,orf19.1673,C3_01710C_A
orf19.9242,orf19.9242,C3_01710C_A
orf19.1672,orf19.1672,C3_01720C_A
orf19.9241,orf19.9241,C3_01720C_A
orf19.1671,orf19.1671,C3_01730C_A
orf19.9240,orf19.9240,C3_01730C_A
orf19.1670,orf19.1670,C3_01750C_A
orf19.9239,orf19.9239,C3_01750C_A
orf19.1669,orf19.1669,C3_01760W_A
orf19.9238,orf19.9238,C3_01760W_A
orf19.1668,orf19.1668,C3_01770C_A
orf19.9237,orf19.9237,C3_01770C_A
orf19.1667,orf19.1667,C3_01790C_A
orf19.9236,orf19.9236,C3_01790C_A
orf19.1666,orf19.1666,C3_01800C_A
orf19.9235,orf19.9235,C3_01800C_A
orf19.1665,orf19.1665,C3_01810C_A
orf19.9234,orf19.9234,C3_01810C_A
orf19.1664,orf19.1664,C3_01820W_A
orf19.9233,orf19.9233,C3_01820W_A
orf19.1663,orf19.1663,C3_01830C_A
orf19.9232,orf19.9232,C3_01830C_A
orf19.1662,orf19.1662,C3_01850W_A
orf19.9231,orf19.9231,C3_01850W_A
orf19.1661,orf19.1661,C3_01860C_A
orf19.9230,orf19.9230,C3_01860C_A
orf19.1659,orf19.1659,C3_01880W_A
orf19.9228,orf19.9228,C3_01880W_A
orf19.1657,orf19.1657,C3_01890C_A
orf19.1658,orf19.1658,C3_01890C_A
orf19.9226,orf19.9226,C3_01890C_A
orf19.9227,orf19.9227,C3_01890C_A
orf19.1656,orf19.1656,C3_01900C_A
orf19.9225,orf19.9225,C3_01900C_A
orf19.1655,orf19.1655,C3_01930W_A
orf19.9224,orf19.9224,C3_01930W_A
orf19.1654,orf19.1654,C3_01940C_A
orf19.9223,orf19.9223,C3_01940C_A
orf19.1653,orf19.1653,C3_01950C_A
orf19.9222,orf19.9222,C3_01950C_A
orf19.1652,orf19.1652,C3_01960C_A
orf19.9221,orf19.9221,C3_01960C_A
orf19.1651,orf19.1651,C3_01970C_A
orf19.9220,orf19.9220,C3_01970C_A
orf19.1650,orf19.1650,C3_01980C_A
orf19.9219,orf19.9219,C3_01980C_A
orf19.1649,orf19.1649,C3_01990W_A
orf19.9218,orf19.9218,C3_01990W_A
orf19.1648,orf19.1648,C3_02000W_A
orf19.9217,orf19.9217,C3_02000W_A
orf19.1647,orf19.1647,C3_02010C_A
orf19.9216,orf19.9216,C3_02010C_A
orf19.1646,orf19.1646,C3_02020W_A
orf19.9215,orf19.9215,C3_02020W_A
orf19.1643,orf19.1643,C3_02030W_A
orf19.9211,orf19.9211,C3_02030W_A
orf19.1642,orf19.1642,C3_02040C_A
orf19.9209,orf19.9209,C3_02040C_A
orf19.1641,orf19.1641,C3_02060W_A
orf19.9208,orf19.9208,C3_02060W_A
orf19.1639,orf19.1639,C3_02070C_A
orf19.1640,orf19.1640,C3_02070C_A
orf19.9207,orf19.9207,C3_02070C_A
orf19.1638,orf19.1638,C3_02080W_A
orf19.9206,orf19.9206,C3_02080W_A
orf19.1637,orf19.1637,C3_02090C_A
orf19.9205,orf19.9205,C3_02090C_A
orf19.1636,orf19.1636,C3_02100W_A
orf19.9204,orf19.9204,C3_02100W_A
orf19.1635,orf19.1635,C3_02110W_A
orf19.9203,orf19.9203,C3_02110W_A
orf19.1634,orf19.1634,C3_02120W_A
orf19.9202,orf19.9202,C3_02120W_A
orf19.1633,orf19.1633,C3_02130W_A
orf19.9201,orf19.9201,C3_02130W_A
orf19.1632,orf19.1632,C3_02140C_A
orf19.9200,orf19.9200,C3_02140C_A
orf19.1631,orf19.1631,C3_02150C_A
orf19.9199,orf19.9199,C3_02150C_A
orf19.1630,orf19.1630,C3_02160C_A
orf19.9198,orf19.9198,C3_02160C_A
orf19.1628,orf19.1628,C3_02170C_A
orf19.9196,orf19.9196,C3_02170C_A
orf19.1626,orf19.1626,C3_02180C_A
orf19.9194,orf19.9194,C3_02180C_A
orf19.1625,orf19.1625,C3_02190C_A
orf19.9193,orf19.9193,C3_02190C_A
orf19.1624,orf19.1624,C3_02210C_A
orf19.9192,orf19.9192,C3_02210C_A
orf19.1623,orf19.1623,C3_02220W_A
orf19.9191,orf19.9191,C3_02220W_A
orf19.1622,orf19.1622,C3_02230C_A
orf19.9190,orf19.9190,C3_02230C_A
orf19.1621,orf19.1621,C3_02240C_A
orf19.9189,orf19.9189,C3_02240C_A
orf19.1620,orf19.1620,C3_02250C_A
orf19.9188,orf19.9188,C3_02250C_A
orf19.1619,orf19.1619,C3_02260C_A
orf19.9187,orf19.9187,C3_02260C_A
orf19.1618,orf19.1618,C3_02280C_A
orf19.9186,orf19.9186,C3_02280C_A
orf19.1617,orf19.1617,C3_02290W_A
orf19.9184,orf19.9184,C3_02290W_A
orf19.1616,orf19.1616,C3_02300W_A
orf19.9183,orf19.9183,C3_02300W_A
orf19.1614,orf19.1614,C3_02310W_A
orf19.9181,orf19.9181,C3_02310W_A
orf19.1613,orf19.1613,C3_02320W_A
orf19.9180,orf19.9180,C3_02320W_A
orf19.1611,orf19.1611,C3_02330C_A
orf19.9179,orf19.9179,C3_02330C_A
orf19.1610,orf19.1610,C3_02340W_A
orf19.9178,orf19.9178,C3_02340W_A
orf19.1609,orf19.1609,C3_02350W_A
orf19.9177,orf19.9177,C3_02350W_A
orf19.1608,orf19.1608,C3_02360C_A
orf19.9176,orf19.9176,C3_02360C_A
orf19.1607,orf19.1607,C3_02370C_A
orf19.9175,orf19.9175,C3_02370C_A
orf19.1606,orf19.1606,C3_02390W_A
orf19.9174,orf19.9174,C3_02390W_A
orf19.227,orf19.227,C3_02400C_A
orf19.7857,orf19.7857,C3_02400C_A
orf19.229,orf19.229,C3_02410C_A
orf19.7859,orf19.7859,C3_02410C_A
orf19.230,orf19.230,C3_02420C_A
orf19.7860,orf19.7860,C3_02420C_A
orf19.231,orf19.231,C3_02430W_A
orf19.7861,orf19.7861,C3_02430W_A
orf19.232,orf19.232,C3_02440C_A
orf19.7862,orf19.7862,C3_02440C_A
orf19.234,orf19.234,C3_02460C_A
orf19.7864,orf19.7864,C3_02460C_A
orf19.236,orf19.236,C3_02470C_A
orf19.7866,orf19.7866,C3_02470C_A
orf19.238,orf19.238,C3_02480C_A
orf19.7868,orf19.7868,C3_02480C_A
orf19.239,orf19.239,C3_02490C_A
orf19.7869,orf19.7869,C3_02490C_A
orf19.240,orf19.240,C3_02500W_A
orf19.7870,orf19.7870,C3_02500W_A
orf19.242,orf19.242,C3_02510C_A
orf19.7872,orf19.7872,C3_02510C_A
orf19.243,orf19.243,C3_02540C_A
orf19.7873,orf19.7873,C3_02540C_A
orf19.244,orf19.244,C3_02550C_A
orf19.7874,orf19.7874,C3_02550C_A
orf19.245,orf19.245,C3_02560W_A
orf19.7875,orf19.7875,C3_02560W_A
orf19.246,orf19.246,C3_02570W_A
orf19.7877,orf19.7877,C3_02570W_A
orf19.247,orf19.247,C3_02580C_A
orf19.7878,orf19.7878,C3_02580C_A
orf19.248,orf19.248,C3_02590W_A
orf19.7879,orf19.7879,C3_02590W_A
orf19.250,orf19.250,C3_02600C_A
orf19.7881,orf19.7881,C3_02600C_A
orf19.251,orf19.251,C3_02610C_A
orf19.7882,orf19.7882,C3_02610C_A
orf19.252,orf19.252,C3_02620C_A
orf19.253,orf19.253,C3_02620C_A
orf19.7884,orf19.7884,C3_02620C_A
orf19.7885,orf19.7885,C3_02620C_A
orf19.254,orf19.254,C3_02630C_A
orf19.7886,orf19.7886,C3_02630C_A
orf19.255,orf19.255,C3_02640C_A
orf19.7887,orf19.7887,C3_02640C_A
orf19.257,orf19.257,C3_02650W_A
orf19.7889,orf19.7889,C3_02650W_A
orf19.258,orf19.258,C3_02660W_A
orf19.7890,orf19.7890,C3_02660W_A
orf19.259,orf19.259,C3_02670W_A
orf19.7891,orf19.7891,C3_02670W_A
orf19.260,orf19.260,C3_02680C_A
orf19.7892,orf19.7892,C3_02680C_A
orf19.261,orf19.261,C3_02690C_A
orf19.7894,orf19.7894,C3_02690C_A
orf19.262,orf19.262,C3_02700W_A
orf19.263,orf19.263,C3_02700W_A
orf19.7895,orf19.7895,C3_02700W_A
orf19.264,orf19.264,C3_02720W_A
orf19.7896,orf19.7896,C3_02720W_A
orf19.265,orf19.265,C3_02750W_A
orf19.7897,orf19.7897,C3_02750W_A
orf19.267,orf19.267,C3_02760C_A
orf19.7899,orf19.7899,C3_02760C_A
orf19.268,orf19.268,C3_02770C_A
orf19.7900,orf19.7900,C3_02770C_A
orf19.269,orf19.269,C3_02780W_A
orf19.7901,orf19.7901,C3_02780W_A
orf19.270,orf19.270,C3_02790W_A
orf19.7902,orf19.7902,C3_02790W_A
orf19.271,orf19.271,C3_02800W_A
orf19.7903,orf19.7903,C3_02800W_A
orf19.272,orf19.272,C3_02810C_A
orf19.7904,orf19.7904,C3_02810C_A
orf19.273,orf19.273,C3_02820C_A
orf19.7905,orf19.7905,C3_02820C_A
orf19.274,orf19.274,C3_02830W_A
orf19.7906,orf19.7906,C3_02830W_A
orf19.275,orf19.275,C3_02840W_A
orf19.7907,orf19.7907,C3_02840W_A
orf19.276,orf19.276,C3_02850C_A
orf19.7908,orf19.7908,C3_02850C_A
orf19.277,orf19.277,C3_02860W_A
orf19.7909,orf19.7909,C3_02860W_A
orf19.278,orf19.278,C3_02870C_A
orf19.7910,orf19.7910,C3_02870C_A
orf19.279,orf19.279,C3_02880W_A
orf19.7911,orf19.7911,C3_02880W_A
orf19.280,orf19.280,C3_02890C_A
orf19.7912,orf19.7912,C3_02890C_A
orf19.281,orf19.281,C3_02900W_A
orf19.7913,orf19.7913,C3_02900W_A
orf19.284,orf19.284,C3_02910W_A
orf19.7916,orf19.7916,C3_02910W_A
orf19.285,orf19.285,C3_02920W_A
orf19.7917,orf19.7917,C3_02920W_A
orf19.286,orf19.286,C3_02930W_A
orf19.7918,orf19.7918,C3_02930W_A
orf19.287,orf19.287,C3_02940C_A
orf19.7919,orf19.7919,C3_02940C_A
orf19.288,orf19.288,C3_02950C_A
orf19.7920,orf19.7920,C3_02950C_A
orf19.290,orf19.290,C3_02960C_A
orf19.7922,orf19.7922,C3_02960C_A
orf19.291,orf19.291,C3_02970C_A
orf19.7923,orf19.7923,C3_02970C_A
orf19.292,orf19.292,C3_02980C_A
orf19.7924,orf19.7924,C3_02980C_A
orf19.295,orf19.295,C3_02990C_A
orf19.7927,orf19.7927,C3_02990C_A
orf19.296,orf19.296,C3_03000W_A
orf19.7928,orf19.7928,C3_03000W_A
orf19.297,orf19.297,C3_03010C_A
orf19.7929,orf19.7929,C3_03010C_A
orf19.298,orf19.298,C3_03020W_A
orf19.299,orf19.299,C3_03030C_A
orf19.7931,orf19.7931,C3_03030C_A
orf19.300,orf19.300,C3_03040W_A
orf19.7932,orf19.7932,C3_03040W_A
orf19.7933,orf19.7933,C3_03040W_A
orf19.301,orf19.301,C3_03050C_A
orf19.7933,orf19.7933,C3_03050C_A
orf19.302,orf19.302,C3_03060W_A
orf19.7934,orf19.7934,C3_03060W_A
orf19.304,orf19.304,C3_03070W_A
orf19.7936,orf19.7936,C3_03070W_A
orf19.305,orf19.305,C3_03080W_A
orf19.7937,orf19.7937,C3_03080W_A
orf19.306,orf19.306,C3_03090W_A
orf19.7938,orf19.7938,C3_03090W_A
orf19.307,orf19.307,C3_03100C_A
orf19.7939,orf19.7939,C3_03100C_A
orf19.308,orf19.308,C3_03110W_A
orf19.7940,orf19.7940,C3_03110W_A
orf19.309,orf19.309,C3_03120C_A
orf19.7941,orf19.7941,C3_03120C_A
orf19.310,orf19.310,C3_03130C_A
orf19.312,orf19.312,C3_03130C_A
orf19.7943,orf19.7943,C3_03130C_A
orf19.313,orf19.313,C3_03140C_A
orf19.7944,orf19.7944,C3_03140C_A
orf19.314,orf19.314,C3_03150W_A
orf19.7946,orf19.7946,C3_03150W_A
orf19.315,orf19.315,C3_03160C_A
orf19.7947,orf19.7947,C3_03160C_A
orf19.316,orf19.316,C3_03170W_A
orf19.7948,orf19.7948,C3_03170W_A
orf19.317,orf19.317,C3_03180C_A
orf19.7949,orf19.7949,C3_03180C_A
orf19.318,orf19.318,C3_03190C_A
orf19.7950,orf19.7950,C3_03190C_A
orf19.319,orf19.319,C3_03200C_A
orf19.7951,orf19.7951,C3_03200C_A
orf19.320,orf19.320,C3_03210W_A
orf19.7952,orf19.7952,C3_03210W_A
orf19.321,orf19.321,C3_03230C_A
orf19.7953,orf19.7953,C3_03230C_A
orf19.322,orf19.322,C3_03240C_A
orf19.7954,orf19.7954,C3_03240C_A
orf19.323,orf19.323,C3_03250W_A
orf19.7955,orf19.7955,C3_03250W_A
orf19.325,orf19.325,C3_03260W_A
orf19.7957,orf19.7957,C3_03260W_A
orf19.326,orf19.326,C3_03270W_A
orf19.7958,orf19.7958,C3_03270W_A
orf19.327,orf19.327,C3_03280C_A
orf19.7959,orf19.7959,C3_03280C_A
orf19.328,orf19.328,C3_03290C_A
orf19.7960,orf19.7960,C3_03290C_A
orf19.329,orf19.329,C3_03300C_A
orf19.7961,orf19.7961,C3_03300C_A
orf19.331,orf19.331,C3_03310C_A
orf19.7963,orf19.7963,C3_03310C_A
orf19.332,orf19.332,C3_03330C_A
orf19.7964,orf19.7964,C3_03330C_A
orf19.333,orf19.333,C3_03360W_A
orf19.7965,orf19.7965,C3_03360W_A
orf19.334,orf19.334,C3_03370C_A
orf19.7966,orf19.7966,C3_03370C_A
orf19.335,orf19.335,C3_03380W_A
orf19.7967,orf19.7967,C3_03380W_A
orf19.336,orf19.336,C3_03390C_A
orf19.7969,orf19.7969,C3_03390C_A
orf19.337,orf19.337,C3_03400C_A
orf19.7970,orf19.7970,C3_03400C_A
orf19.338,orf19.338,C3_03410C_A
orf19.7971,orf19.7971,C3_03410C_A
orf19.339,orf19.339,C3_03420C_A
orf19.7972,orf19.7972,C3_03420C_A
orf19.340,orf19.340,C3_03430C_A
orf19.7973,orf19.7973,C3_03430C_A
orf19.341,orf19.341,C3_03440C_A
orf19.7974,orf19.7974,C3_03440C_A
orf19.342,orf19.342,C3_03450C_A
orf19.7975,orf19.7975,C3_03450C_A
orf19.344,orf19.344,C3_03460C_A
orf19.7977,orf19.7977,C3_03460C_A
orf19.345,orf19.345,C3_03470W_A
orf19.7978,orf19.7978,C3_03470W_A
orf19.346,orf19.346,C3_03480C_A
orf19.7979,orf19.7979,C3_03480C_A
orf19.347,orf19.347,C3_03490W_A
orf19.7980,orf19.7980,C3_03490W_A
orf19.348,orf19.348,C3_03500W_A
orf19.7981,orf19.7981,C3_03500W_A
orf19.349,orf19.349,C3_03510C_A
orf19.7982,orf19.7982,C3_03510C_A
orf19.350,orf19.350,C3_03520C_A
orf19.7983,orf19.7983,C3_03520C_A
orf19.351,orf19.351,C3_03530W_A
orf19.7984,orf19.7984,C3_03530W_A
orf19.352,orf19.352,C3_03540W_A
orf19.7985,orf19.7985,C3_03540W_A
orf19.353,orf19.353,C3_03550C_A
orf19.7986,orf19.7986,C3_03550C_A
orf19.354,orf19.354,C3_03560W_A
orf19.7987,orf19.7987,C3_03560W_A
orf19.355,orf19.355,C3_03570C_A
orf19.7988,orf19.7988,C3_03570C_A
orf19.356,orf19.356,C3_03580C_A
orf19.7989,orf19.7989,C3_03580C_A
orf19.357,orf19.357,C3_03590W_A
orf19.7990,orf19.7990,C3_03590W_A
orf19.359,orf19.359,C3_03600C_A
orf19.7992,orf19.7992,C3_03600C_A
orf19.360,orf19.360,C3_03610W_A
orf19.7993,orf19.7993,C3_03610W_A
orf19.14219,orf19.14219,C3_03620C_A
orf19.6957,orf19.6957,C3_03620C_A
orf19.14220,orf19.14220,C3_03630W_A
orf19.6958,orf19.6958,C3_03630W_A
orf19.14218,orf19.14218,C3_03640W_A
orf19.6956,orf19.6956,C3_03640W_A
orf19.14217,orf19.14217,C3_03650W_A
orf19.6955,orf19.6955,C3_03650W_A
orf19.14215,orf19.14215,C3_03660W_A
orf19.6953,orf19.6953,C3_03660W_A
orf19.14214,orf19.14214,C3_03670W_A
orf19.6952,orf19.6952,C3_03670W_A
orf19.14213,orf19.14213,C3_03680W_A
orf19.6951,orf19.6951,C3_03680W_A
orf19.14212,orf19.14212,C3_03690W_A
orf19.6950,orf19.6950,C3_03690W_A
orf19.14211,orf19.14211,C3_03700C_A
orf19.6949,orf19.6949,C3_03700C_A
orf19.14210,orf19.14210,C3_03710W_A
orf19.6948,orf19.6948,C3_03710W_A
orf19.14209,orf19.14209,C3_03720W_A
orf19.6947,orf19.6947,C3_03720W_A
orf19.14206,orf19.14206,C3_03730C_A
orf19.6944,orf19.6944,C3_03730C_A
orf19.14205,orf19.14205,C3_03740W_A
orf19.6943,orf19.6943,C3_03740W_A
orf19.14204,orf19.14204,C3_03750C_A
orf19.6942,orf19.6942,C3_03750C_A
orf19.14203,orf19.14203,C3_03760W_A
orf19.6941,orf19.6941,C3_03760W_A
orf19.14201,orf19.14201,C3_03770C_A
orf19.6939,orf19.6939,C3_03770C_A
orf19.6940,orf19.6940,C3_03780W_A
orf19.14200,orf19.14200,C3_03790W_A
orf19.6938,orf19.6938,C3_03790W_A
orf19.14199,orf19.14199,C3_03800W_A
orf19.6937,orf19.6937,C3_03800W_A
orf19.14198,orf19.14198,C3_03810W_A
orf19.6936,orf19.6936,C3_03810W_A
orf19.14196,orf19.14196,C3_03820C_A
orf19.6934,orf19.6934,C3_03820C_A
orf19.14195,orf19.14195,C3_03830W_A
orf19.6933,orf19.6933,C3_03830W_A
orf19.14193,orf19.14193,C3_03840C_A
orf19.6931,orf19.6931,C3_03840C_A
orf19.14192,orf19.14192,C3_03850C_A
orf19.6930,orf19.6930,C3_03850C_A
orf19.14191,orf19.14191,C3_03860W_A
orf19.6929,orf19.6929,C3_03860W_A
orf19.14190,orf19.14190,C3_03870C_A
orf19.6928,orf19.6928,C3_03870C_A
orf19.14189,orf19.14189,C3_03880C_A
orf19.6927,orf19.6927,C3_03880C_A
orf19.14188,orf19.14188,C3_03890W_A
orf19.6926,orf19.6926,C3_03890W_A
orf19.14187,orf19.14187,C3_03900C_A
orf19.6925,orf19.6925,C3_03900C_A
orf19.14186,orf19.14186,C3_03910W_A
orf19.6924,orf19.6924,C3_03910W_A
orf19.14185,orf19.14185,C3_03930W_A
orf19.6923,orf19.6923,C3_03930W_A
orf19.10331,orf19.10331,C3_03940C_A
orf19.2813,orf19.2813,C3_03940C_A
orf19.14184,orf19.14184,C3_03970W_A
orf19.6922,orf19.6922,C3_03970W_A
orf19.10330,orf19.10330,C3_03980C_A
orf19.2812,orf19.2812,C3_03980C_A
orf19.10328,orf19.10328,C3_03990C_A
orf19.2810,orf19.2810,C3_03990C_A
orf19.10327,orf19.10327,C3_04000C_A
orf19.2809,orf19.2809,C3_04000C_A
orf19.10326,orf19.10326,C3_04020C_A
orf19.2808,orf19.2808,C3_04020C_A
orf19.10323,orf19.10323,C3_04030C_A
orf19.10324,orf19.10324,C3_04030C_A
orf19.2805,orf19.2805,C3_04030C_A
orf19.2806,orf19.2806,C3_04030C_A
orf19.10322,orf19.10322,C3_04040W_A
orf19.2804,orf19.2804,C3_04040W_A
orf19.10321,orf19.10321,C3_04060C_A
orf19.2803,orf19.2803,C3_04060C_A
orf19.10320,orf19.10320,C3_04070C_A
orf19.2802,orf19.2802,C3_04070C_A
orf19.8533,orf19.8533,C3_04070C_A
orf19.8534,orf19.8534,C3_04070C_A
orf19.918,orf19.918,C3_04070C_A
orf19.919,orf19.919,C3_04070C_A
orf19.13276,orf19.13276,C3_04090W_A
orf19.5854,orf19.5854,C3_04090W_A
orf19.13277,orf19.13277,C3_04110C_A
orf19.5855,orf19.5855,C3_04110C_A
orf19.13278,orf19.13278,C3_04120C_A
orf19.5856,orf19.5856,C3_04120C_A
orf19.13279,orf19.13279,C3_04130W_A
orf19.5857,orf19.5857,C3_04130W_A
orf19.13280,orf19.13280,C3_04140C_A
orf19.5858,orf19.5858,C3_04140C_A
orf19.13281,orf19.13281,C3_04160W_A
orf19.5859,orf19.5859,C3_04160W_A
orf19.13282,orf19.13282,C3_04170W_A
orf19.5860,orf19.5860,C3_04170W_A
orf19.13283,orf19.13283,C3_04180W_A
orf19.5861,orf19.5861,C3_04180W_A
orf19.13284,orf19.13284,C3_04200W_A
orf19.5862,orf19.5862,C3_04200W_A
orf19.13285,orf19.13285,C3_04210W_A
orf19.5863,orf19.5863,C3_04210W_A
orf19.13286,orf19.13286,C3_04220C_A
orf19.5864,orf19.5864,C3_04220C_A
orf19.13287,orf19.13287,C3_04230W_A
orf19.5865,orf19.5865,C3_04230W_A
orf19.13288,orf19.13288,C3_04240C_A
orf19.5866,orf19.5866,C3_04240C_A
orf19.13289,orf19.13289,C3_04250W_A
orf19.5867,orf19.5867,C3_04250W_A
orf19.13290,orf19.13290,C3_04260W_A
orf19.5869,orf19.5869,C3_04260W_A
orf19.13291,orf19.13291,C3_04270C_A
orf19.5870,orf19.5870,C3_04270C_A
orf19.13292,orf19.13292,C3_04290C_A
orf19.13293,orf19.13293,C3_04290C_A
orf19.5871,orf19.5871,C3_04290C_A
orf19.5872,orf19.5872,C3_04290C_A
orf19.13294,orf19.13294,C3_04300C_A
orf19.5873,orf19.5873,C3_04300C_A
orf19.13295,orf19.13295,C3_04310C_A
orf19.5874,orf19.5874,C3_04310C_A
orf19.13296,orf19.13296,C3_04320W_A
orf19.5875,orf19.5875,C3_04320W_A
orf19.13297,orf19.13297,C3_04330C_A
orf19.5876,orf19.5876,C3_04330C_A
orf19.13298,orf19.13298,C3_04340W_A
orf19.5877,orf19.5877,C3_04340W_A
orf19.13300,orf19.13300,C3_04350C_A
orf19.5879,orf19.5879,C3_04350C_A
orf19.13301,orf19.13301,C3_04360W_A
orf19.13302,orf19.13302,C3_04360W_A
orf19.5880,orf19.5880,C3_04360W_A
orf19.5881,orf19.5881,C3_04360W_A
orf19.13305,orf19.13305,C3_04370C_A
orf19.5884,orf19.5884,C3_04370C_A
orf19.13306,orf19.13306,C3_04380C_A
orf19.5885,orf19.5885,C3_04380C_A
orf19.13307,orf19.13307,C3_04390W_A
orf19.5886,orf19.5886,C3_04390W_A
orf19.13308,orf19.13308,C3_04400C_A
orf19.5887,orf19.5887,C3_04400C_A
orf19.13311,orf19.13311,C3_04410C_A
orf19.5890,orf19.5890,C3_04410C_A
orf19.13310,orf19.13310,C3_04420W_A
orf19.13312,orf19.13312,C3_04420W_A
orf19.13313,orf19.13313,C3_04420W_A
orf19.5889,orf19.5889,C3_04420W_A
orf19.5891,orf19.5891,C3_04420W_A
orf19.5892,orf19.5892,C3_04420W_A
orf19.13314,orf19.13314,C3_04430W_A
orf19.5893,orf19.5893,C3_04430W_A
orf19.13315,orf19.13315,C3_04440C_A
orf19.13316,orf19.13316,C3_04440C_A
orf19.5894,orf19.5894,C3_04440C_A
orf19.5895,orf19.5895,C3_04440C_A
orf19.13317,orf19.13317,C3_04450C_A
orf19.5896,orf19.5896,C3_04450C_A
orf19.13318,orf19.13318,C3_04460W_A
orf19.5897,orf19.5897,C3_04460W_A
orf19.13322,orf19.13322,C3_04470W_A
orf19.5901,orf19.5901,C3_04470W_A
orf19.13323,orf19.13323,C3_04480C_A
orf19.5902,orf19.5902,C3_04480C_A
orf19.13324,orf19.13324,C3_04490W_A
orf19.5903,orf19.5903,C3_04490W_A
orf19.13325,orf19.13325,C3_04500C_A
orf19.5904,orf19.5904,C3_04500C_A
orf19.13326,orf19.13326,C3_04510W_A
orf19.5905,orf19.5905,C3_04510W_A
orf19.13327,orf19.13327,C3_04520C_A
orf19.5906,orf19.5906,C3_04520C_A
orf19.13329,orf19.13329,C3_04530C_A
orf19.5908,orf19.5908,C3_04530C_A
orf19.13331,orf19.13331,C3_04540C_A
orf19.5910,orf19.5910,C3_04540C_A
orf19.13332,orf19.13332,C3_04550C_A
orf19.5911,orf19.5911,C3_04550C_A
orf19.13333,orf19.13333,C3_04560W_A
orf19.5912,orf19.5912,C3_04560W_A
orf19.13336,orf19.13336,C3_04570C_A
orf19.13337,orf19.13337,C3_04570C_A
orf19.5915,orf19.5915,C3_04570C_A
orf19.5916,orf19.5916,C3_04570C_A
orf19.13338,orf19.13338,C3_04580C_A
orf19.5917,orf19.5917,C3_04580C_A
orf19.13339,orf19.13339,C3_04600C_A
orf19.5918,orf19.5918,C3_04600C_A
orf19.13340,orf19.13340,C3_04610W_A
orf19.5919,orf19.5919,C3_04610W_A
orf19.13341,orf19.13341,C3_04620C_A
orf19.5920,orf19.5920,C3_04620C_A
orf19.13342,orf19.13342,C3_04630W_A
orf19.5921,orf19.5921,C3_04630W_A
orf19.13345,orf19.13345,C3_04640W_A
orf19.5924,orf19.5924,C3_04640W_A
orf19.13346,orf19.13346,C3_04650W_A
orf19.5925,orf19.5925,C3_04650W_A
orf19.13347,orf19.13347,C3_04660C_A
orf19.5926,orf19.5926,C3_04660C_A
orf19.13348,orf19.13348,C3_04670C_A
orf19.5927,orf19.5927,C3_04670C_A
orf19.13349,orf19.13349,C3_04680W_A
orf19.5928,orf19.5928,C3_04680W_A
orf19.13350,orf19.13350,C3_04690C_A
orf19.5929,orf19.5929,C3_04690C_A
orf19.13351,orf19.13351,C3_04700W_A
orf19.5930,orf19.5930,C3_04700W_A
orf19.13352,orf19.13352,C3_04710W_A
orf19.5931,orf19.5931,C3_04710W_A
orf19.13353,orf19.13353,C3_04720C_A
orf19.5932,orf19.5932,C3_04720C_A
orf19.13354,orf19.13354,C3_04730C_A
orf19.5933,orf19.5933,C3_04730C_A
orf19.13355,orf19.13355,C3_04740C_A
orf19.5934,orf19.5934,C3_04740C_A
orf19.13356,orf19.13356,C3_04750W_A
orf19.5935,orf19.5935,C3_04750W_A
orf19.13359,orf19.13359,C3_04760C_A
orf19.5938,orf19.5938,C3_04760C_A
orf19.13361,orf19.13361,C3_04770C_A
orf19.5940,orf19.5940,C3_04770C_A
orf19.13362,orf19.13362,C3_04780C_A
orf19.5941,orf19.5941,C3_04780C_A
orf19.13363,orf19.13363,C3_04790W_A
orf19.5942,orf19.5942,C3_04790W_A
orf19.13364,orf19.13364,C3_04800C_A
orf19.5943,orf19.5943,C3_04800C_A
orf19.13368,orf19.13368,C3_04820C_A
orf19.5947,orf19.5947,C3_04820C_A
orf19.13370,orf19.13370,C3_04830C_A
orf19.13372,orf19.13372,C3_04830C_A
orf19.5949,orf19.5949,C3_04830C_A
orf19.5951,orf19.5951,C3_04830C_A
orf19.13373,orf19.13373,C3_04840C_A
orf19.5952,orf19.5952,C3_04840C_A
orf19.13374,orf19.13374,C3_04860W_A
orf19.5953,orf19.5953,C3_04860W_A
orf19.13375,orf19.13375,C3_04870W_A
orf19.5954,orf19.5954,C3_04870W_A
orf19.13377,orf19.13377,C3_04880W_A
orf19.5956,orf19.5956,C3_04880W_A
orf19.13379,orf19.13379,C3_04890W_A
orf19.5958,orf19.5958,C3_04890W_A
orf19.13380,orf19.13380,C3_04900W_A
orf19.5959,orf19.5959,C3_04900W_A
orf19.13381,orf19.13381,C3_04910C_A
orf19.5960,orf19.5960,C3_04910C_A
orf19.13382,orf19.13382,C3_04920C_A
orf19.5961,orf19.5961,C3_04920C_A
orf19.13383,orf19.13383,C3_04930C_A
orf19.5962,orf19.5962,C3_04930C_A
orf19.13384,orf19.13384,C3_04940W_A
orf19.5963,orf19.5963,C3_04940W_A
orf19.13385,orf19.13385,C3_04950W_A
orf19.5964,orf19.5964,C3_04950W_A
orf19.13386,orf19.13386,C3_04970C_A
orf19.5965,orf19.5965,C3_04970C_A
orf19.13387,orf19.13387,C3_04980W_A
orf19.5966,orf19.5966,C3_04980W_A
orf19.13388,orf19.13388,C3_04990W_A
orf19.5967,orf19.5967,C3_04990W_A
orf19.13389,orf19.13389,C3_05000W_A
orf19.5968,orf19.5968,C3_05000W_A
orf19.13391,orf19.13391,C3_05010C_A
orf19.5970,orf19.5970,C3_05010C_A
orf19.13392,orf19.13392,C3_05020W_A
orf19.5971,orf19.5971,C3_05020W_A
orf19.13394,orf19.13394,C3_05030W_A
orf19.5973,orf19.5973,C3_05030W_A
orf19.13395,orf19.13395,C3_05040C_A
orf19.5974,orf19.5974,C3_05040C_A
orf19.13396,orf19.13396,C3_05050W_A
orf19.5975,orf19.5975,C3_05050W_A
orf19.13397,orf19.13397,C3_05060W_A
orf19.5976,orf19.5976,C3_05060W_A
orf19.13398,orf19.13398,C3_05070W_A
orf19.5977,orf19.5977,C3_05070W_A
orf19.13399,orf19.13399,C3_05080W_A
orf19.5978,orf19.5978,C3_05080W_A
orf19.13401,orf19.13401,C3_05090C_A
orf19.5980,orf19.5980,C3_05090C_A
orf19.13403,orf19.13403,C3_05100C_A
orf19.5982,orf19.5982,C3_05100C_A
orf19.13405,orf19.13405,C3_05110W_A
orf19.5984,orf19.5984,C3_05110W_A
orf19.13406,orf19.13406,C3_05120C_A
orf19.5985,orf19.5985,C3_05120C_A
orf19.13407,orf19.13407,C3_05130C_A
orf19.5986,orf19.5986,C3_05130C_A
orf19.13408,orf19.13408,C3_05140C_A
orf19.5987,orf19.5987,C3_05140C_A
orf19.13410,orf19.13410,C3_05150W_A
orf19.5989,orf19.5989,C3_05150W_A
orf19.13412,orf19.13412,C3_05160C_A
orf19.5991,orf19.5991,C3_05160C_A
orf19.13413,orf19.13413,C3_05170W_A
orf19.5992,orf19.5992,C3_05170W_A
orf19.13415,orf19.13415,C3_05180W_A
orf19.5994,orf19.5994,C3_05180W_A
orf19.13416,orf19.13416,C3_05190C_A
orf19.5995,orf19.5995,C3_05190C_A
orf19.13420,orf19.13420,C3_05210C_A
orf19.5999,orf19.5999,C3_05210C_A
orf19.13421,orf19.13421,C3_05220W_A
orf19.6000,orf19.6000,C3_05220W_A
orf19.13422,orf19.13422,C3_05230W_A
orf19.6001,orf19.6001,C3_05230W_A
orf19.13423,orf19.13423,C3_05240C_A
orf19.6002,orf19.6002,C3_05240C_A
orf19.13424,orf19.13424,C3_05250C_A
orf19.6003,orf19.6003,C3_05250C_A
orf19.13426,orf19.13426,C3_05270C_A
orf19.6005,orf19.6005,C3_05270C_A
orf19.13428,orf19.13428,C3_05280C_A
orf19.6007,orf19.6007,C3_05280C_A
orf19.13429,orf19.13429,C3_05290C_A
orf19.6008,orf19.6008,C3_05290C_A
orf19.6966,orf19.6966,C3_05300C_A
orf19.6967,orf19.6967,C3_05310W_A
orf19.6968,orf19.6968,C3_05320W_A
orf19.6970,orf19.6970,C3_05330C_A
orf19.6971,orf19.6971,C3_05340W_A
orf19.6972,orf19.6972,C3_05350C_A
orf19.6973,orf19.6973,C3_05360C_A
orf19.6975,orf19.6975,C3_05370C_A
orf19.6976,orf19.6976,C3_05380W_A
orf19.6977,orf19.6977,C3_05390C_A
orf19.6978,orf19.6978,C3_05400C_A
orf19.6979,orf19.6979,C3_05410W_A
orf19.6980,orf19.6980,C3_05420W_A
orf19.6981,orf19.6981,C3_05430W_A
orf19.6982,orf19.6982,C3_05440C_A
orf19.6983,orf19.6983,C3_05450C_A
orf19.6984,orf19.6984,C3_05460W_A
orf19.6985,orf19.6985,C3_05470W_A
orf19.6986,orf19.6986,C3_05510W_A
orf19.6987,orf19.6987,C3_05520C_A
orf19.6988,orf19.6988,C3_05530W_A
orf19.6989,orf19.6989,C3_05540C_A
orf19.6990,orf19.6990,C3_05550C_A
orf19.6991,orf19.6991,C3_05560W_A
orf19.6992,orf19.6992,C3_05570W_A
orf19.6993,orf19.6993,C3_05580C_A
orf19.6994,orf19.6994,C3_05590C_A
orf19.6995,orf19.6995,C3_05600W_A
orf19.6996,orf19.6996,C3_05610W_A
orf19.6997,orf19.6997,C3_05620W_A
orf19.6998,orf19.6998,C3_05630W_A
orf19.6999,orf19.6999,C3_05640W_A
orf19.7001,orf19.7001,C3_05650W_A
orf19.7002,orf19.7002,C3_05660C_A
orf19.7348,orf19.7348,C3_05670C_A
orf19.7347,orf19.7347,C3_05680W_A
orf19.7349,orf19.7349,C3_05700W_A
orf19.7350,orf19.7350,C3_05710W_A
orf19.7353,orf19.7353,C3_05720C_A
orf19.7354,orf19.7354,C3_05730C_A
orf19.7355,orf19.7355,C3_05740C_A
orf19.7356,orf19.7356,C3_05750C_A
orf19.7357,orf19.7357,C3_05760W_A
orf19.7358,orf19.7358,C3_05770C_A
orf19.7359,orf19.7359,C3_05780C_A
orf19.7360,orf19.7360,C3_05790C_A
orf19.7361,orf19.7361,C3_05800W_A
orf19.7362,orf19.7362,C3_05810C_A
orf19.7363,orf19.7363,C3_05830W_A
orf19.7364,orf19.7364,C3_05840W_A
orf19.7365,orf19.7365,C3_05850W_A
orf19.7366,orf19.7366,C3_05860C_A
orf19.7367,orf19.7367,C3_05870C_A
orf19.7368,orf19.7368,C3_05880C_A
orf19.7369,orf19.7369,C3_05890W_A
orf19.7370,orf19.7370,C3_05900W_A
orf19.7371,orf19.7371,C3_05910W_A
orf19.7372,orf19.7372,C3_05920W_A
orf19.7374,orf19.7374,C3_05930W_A
orf19.7375,orf19.7375,C3_05940C_A
orf19.7376,orf19.7376,C3_05950W_A
orf19.7377,orf19.7377,C3_05960W_A
orf19.7378,orf19.7378,C3_05970C_A
orf19.7379,orf19.7379,C3_05980C_A
orf19.7380,orf19.7380,C3_05990C_A
orf19.7381,orf19.7381,C3_06000W_A
orf19.7382,orf19.7382,C3_06010W_A
orf19.7383,orf19.7383,C3_06020W_A
orf19.7384,orf19.7384,C3_06030W_A
orf19.7385,orf19.7385,C3_06040W_A
orf19.7386,orf19.7386,C3_06050C_A
orf19.7387,orf19.7387,C3_06060W_A
orf19.7388,orf19.7388,C3_06070C_A
orf19.7389,orf19.7389,C3_06080W_A
orf19.7390,orf19.7390,C3_06080W_A
orf19.7391,orf19.7391,C3_06090C_A
orf19.7392,orf19.7392,C3_06100C_A
orf19.7393,orf19.7393,C3_06110C_A
orf19.7394,orf19.7394,C3_06120C_A
orf19.7395,orf19.7395,C3_06130W_A
orf19.7396,orf19.7396,C3_06140W_A
orf19.7397,orf19.7397,C3_06150W_A
orf19.7417,orf19.7417,C3_06180C_A
orf19.7414,orf19.7414,C3_06190C_A
orf19.7413,orf19.7413,C3_06200C_A
orf19.7412,orf19.7412,C3_06210C_A
orf19.7411,orf19.7411,C3_06220C_A
orf19.7410,orf19.7410,C3_06230W_A
orf19.7409,orf19.7409,C3_06250W_A
orf19.7406,orf19.7406,C3_06260C_A
orf19.7405,orf19.7405,C3_06270C_A
orf19.7404,orf19.7404,C3_06280W_A
orf19.7403,orf19.7403,C3_06290W_A
orf19.7402,orf19.7402,C3_06300W_A
orf19.7401,orf19.7401,C3_06310C_A
orf19.7400,orf19.7400,C3_06320W_A
orf19.7419,orf19.7419,C3_06340W_A
orf19.7420,orf19.7420,C3_06350W_A
orf19.7421,orf19.7421,C3_06360C_A
orf19.7422,orf19.7422,C3_06370C_A
orf19.7424,orf19.7424,C3_06380W_A
orf19.7398,orf19.7398,C3_06390W_A
orf19.7425,orf19.7425,C3_06400C_A
orf19.7426,orf19.7426,C3_06410C_A
orf19.7427,orf19.7427,C3_06420C_A
orf19.7428,orf19.7428,C3_06430W_A
orf19.7433,orf19.7433,C3_06440W_A
orf19.7434,orf19.7434,C3_06450W_A
orf19.7436,orf19.7436,C3_06470W_A
orf19.7437,orf19.7437,C3_06490W_A
orf19.7438,orf19.7438,C3_06500W_A
orf19.7440,orf19.7440,C3_06510C_A
orf19.7441,orf19.7441,C3_06520C_A
orf19.7442,orf19.7442,C3_06530W_A
orf19.7443,orf19.7443,C3_06540C_A
orf19.7444,orf19.7444,C3_06550C_A
orf19.7445,orf19.7445,C3_06560W_A
orf19.7446,orf19.7446,C3_06570C_A
orf19.7447,orf19.7447,C3_06580W_A
orf19.7448,orf19.7448,C3_06590W_A
orf19.7449,orf19.7449,C3_06600C_A
orf19.7450,orf19.7450,C3_06610W_A
orf19.7451,orf19.7451,C3_06620W_A
orf19.7452,orf19.7452,C3_06630W_A
orf19.7453,orf19.7453,C3_06640W_A
orf19.7454,orf19.7454,C3_06650C_A
orf19.7455,orf19.7455,C3_06660C_A
orf19.7456,orf19.7456,C3_06670C_A
orf19.7457,orf19.7457,C3_06680C_A
orf19.7458,orf19.7458,C3_06690C_A
orf19.7459,orf19.7459,C3_06700C_A
orf19.14124,orf19.14124,C3_06710W_A
orf19.14125,orf19.14125,C3_06710W_A
orf19.6832,orf19.6832,C3_06710W_A
orf19.6833,orf19.6833,C3_06710W_A
orf19.14123,orf19.14123,C3_06720W_A
orf19.6831,orf19.6831,C3_06720W_A
orf19.14122,orf19.14122,C3_06730W_A
orf19.6830,orf19.6830,C3_06730W_A
orf19.14121,orf19.14121,C3_06740W_A
orf19.6829,orf19.6829,C3_06740W_A
orf19.14120,orf19.14120,C3_06760W_A
orf19.6828,orf19.6828,C3_06760W_A
orf19.14119,orf19.14119,C3_06770W_A
orf19.6827,orf19.6827,C3_06770W_A
orf19.14118,orf19.14118,C3_06780C_A
orf19.6826,orf19.6826,C3_06780C_A
orf19.14116,orf19.14116,C3_06790W_A
orf19.6824,orf19.6824,C3_06790W_A
orf19.14114,orf19.14114,C3_06800C_A
orf19.6822,orf19.6822,C3_06800C_A
orf19.14113,orf19.14113,C3_06810W_A
orf19.6821,orf19.6821,C3_06810W_A
orf19.14112,orf19.14112,C3_06820C_A
orf19.6820,orf19.6820,C3_06820C_A
orf19.14110,orf19.14110,C3_06830C_A
orf19.6818,orf19.6818,C3_06830C_A
orf19.14109,orf19.14109,C3_06850W_A
orf19.6817,orf19.6817,C3_06850W_A
orf19.14108,orf19.14108,C3_06860C_A
orf19.6816,orf19.6816,C3_06860C_A
orf19.14106,orf19.14106,C3_06870W_A
orf19.6814,orf19.6814,C3_06870W_A
orf19.14105,orf19.14105,C3_06880W_A
orf19.6813,orf19.6813,C3_06880W_A
orf19.14104,orf19.14104,C3_06890W_A
orf19.6812,orf19.6812,C3_06890W_A
orf19.14103,orf19.14103,C3_06900W_A
orf19.6811,orf19.6811,C3_06900W_A
orf19.14102,orf19.14102,C3_06910C_A
orf19.6810,orf19.6810,C3_06910C_A
orf19.14101,orf19.14101,C3_06920W_A
orf19.6809,orf19.6809,C3_06920W_A
orf19.14099,orf19.14099,C3_06940W_A
orf19.6807,orf19.6807,C3_06940W_A
orf19.14097,orf19.14097,C3_06950W_A
orf19.6805,orf19.6805,C3_06950W_A
orf19.14096,orf19.14096,C3_06970W_A
orf19.6804,orf19.6804,C3_06970W_A
orf19.14095,orf19.14095,C3_06980W_A
orf19.6803,orf19.6803,C3_06980W_A
orf19.14094,orf19.14094,C3_06990W_A
orf19.6802,orf19.6802,C3_06990W_A
orf19.14093,orf19.14093,C3_07000W_A
orf19.6801,orf19.6801,C3_07000W_A
orf19.14092,orf19.14092,C3_07010W_A
orf19.6800,orf19.6800,C3_07010W_A
orf19.14090,orf19.14090,C3_07020W_A
orf19.6798,orf19.6798,C3_07020W_A
orf19.14089,orf19.14089,C3_07030C_A
orf19.6797,orf19.6797,C3_07030C_A
orf19.14088,orf19.14088,C3_07040C_A
orf19.6796,orf19.6796,C3_07040C_A
orf19.14087,orf19.14087,C3_07050W_A
orf19.6795,orf19.6795,C3_07050W_A
orf19.14086,orf19.14086,C3_07060W_A
orf19.6794,orf19.6794,C3_07060W_A
orf19.14085,orf19.14085,C3_07070C_A
orf19.6793,orf19.6793,C3_07070C_A
orf19.14084,orf19.14084,C3_07080W_A
orf19.6792,orf19.6792,C3_07080W_A
orf19.14083,orf19.14083,C3_07090W_A
orf19.6791,orf19.6791,C3_07090W_A
orf19.14082,orf19.14082,C3_07100C_A
orf19.6790,orf19.6790,C3_07100C_A
orf19.14081,orf19.14081,C3_07110W_A
orf19.6789,orf19.6789,C3_07110W_A
orf19.14080,orf19.14080,C3_07120W_A
orf19.6788,orf19.6788,C3_07120W_A
orf19.14079,orf19.14079,C3_07130W_A
orf19.6787,orf19.6787,C3_07130W_A
orf19.14078,orf19.14078,C3_07140C_A
orf19.6786,orf19.6786,C3_07140C_A
orf19.14077,orf19.14077,C3_07150C_A
orf19.6785,orf19.6785,C3_07150C_A
orf19.14076,orf19.14076,C3_07160W_A
orf19.6784,orf19.6784,C3_07160W_A
orf19.14075,orf19.14075,C3_07170C_A
orf19.6783,orf19.6783,C3_07170C_A
orf19.14074,orf19.14074,C3_07180C_A
orf19.6782,orf19.6782,C3_07180C_A
orf19.14073,orf19.14073,C3_07200C_A
orf19.6781,orf19.6781,C3_07200C_A
orf19.14072,orf19.14072,C3_07210W_A
orf19.6780,orf19.6780,C3_07210W_A
orf19.14071,orf19.14071,C3_07220C_A
orf19.6779,orf19.6779,C3_07220C_A
orf19.14070,orf19.14070,C3_07230W_A
orf19.6778,orf19.6778,C3_07230W_A
orf19.14069,orf19.14069,C3_07240W_A
orf19.6777,orf19.6777,C3_07240W_A
orf19.14068,orf19.14068,C3_07250W_A
orf19.6776,orf19.6776,C3_07250W_A
orf19.14064,orf19.14064,C3_07260C_A
orf19.14065,orf19.14065,C3_07260C_A
orf19.6772,orf19.6772,C3_07260C_A
orf19.6773,orf19.6773,C3_07260C_A
orf19.14063,orf19.14063,C3_07270C_A
orf19.6771,orf19.6771,C3_07270C_A
orf19.14062,orf19.14062,C3_07280C_A
orf19.6770,orf19.6770,C3_07280C_A
orf19.14061,orf19.14061,C3_07290W_A
orf19.6769,orf19.6769,C3_07290W_A
orf19.14058,orf19.14058,C3_07300W_A
orf19.6766,orf19.6766,C3_07300W_A
orf19.14055,orf19.14055,C3_07310C_A
orf19.6763,orf19.6763,C3_07310C_A
orf19.14051,orf19.14051,C3_07320W_A
orf19.14052,orf19.14052,C3_07320W_A
orf19.6759,orf19.6759,C3_07320W_A
orf19.6760,orf19.6760,C3_07320W_A
orf19.14050,orf19.14050,C3_07330W_A
orf19.6758,orf19.6758,C3_07330W_A
orf19.14049,orf19.14049,C3_07340W_A
orf19.6757,orf19.6757,C3_07340W_A
orf19.14048,orf19.14048,C3_07350W_A
orf19.6756,orf19.6756,C3_07350W_A
orf19.14047,orf19.14047,C3_07360W_A
orf19.6755,orf19.6755,C3_07360W_A
orf19.14046,orf19.14046,C3_07370W_A
orf19.6754,orf19.6754,C3_07370W_A
orf19.14045,orf19.14045,C3_07380W_A
orf19.6753,orf19.6753,C3_07380W_A
orf19.14044,orf19.14044,C3_07390C_A
orf19.6752,orf19.6752,C3_07390C_A
orf19.14043,orf19.14043,C3_07400W_A
orf19.6751,orf19.6751,C3_07400W_A
orf19.14041,orf19.14041,C3_07410C_A
orf19.6749,orf19.6749,C3_07410C_A
orf19.14040,orf19.14040,C3_07420W_A
orf19.6748,orf19.6748,C3_07420W_A
orf19.14039,orf19.14039,C3_07430W_A
orf19.6747,orf19.6747,C3_07430W_A
orf19.14037,orf19.14037,C3_07440W_A
orf19.6745,orf19.6745,C3_07440W_A
orf19.14036,orf19.14036,C3_07450C_A
orf19.6744,orf19.6744,C3_07450C_A
orf19.14034,orf19.14034,C3_07460W_A
orf19.6742,orf19.6742,C3_07460W_A
orf19.14033,orf19.14033,C3_07470W_A
orf19.6741,orf19.6741,C3_07470W_A
orf19.14032,orf19.14032,C3_07480W_A
orf19.6740,orf19.6740,C3_07480W_A
orf19.14031,orf19.14031,C3_07490W_A
orf19.6739,orf19.6739,C3_07490W_A
orf19.14030,orf19.14030,C3_07500W_A
orf19.6738,orf19.6738,C3_07500W_A
orf19.14029,orf19.14029,C3_07540C_A
orf19.6737,orf19.6737,C3_07540C_A
orf19.14028,orf19.14028,C3_07550C_A
orf19.6736,orf19.6736,C3_07550C_A
orf19.14026,orf19.14026,C3_07560W_A
orf19.6734,orf19.6734,C3_07560W_A
orf19.14024,orf19.14024,C3_07570C_A
orf19.6732,orf19.6732,C3_07570C_A
orf19.14023,orf19.14023,C3_07590W_A
orf19.6731,orf19.6731,C3_07590W_A
orf19.14022,orf19.14022,C3_07600W_A
orf19.6730,orf19.6730,C3_07600W_A
orf19.14021,orf19.14021,C3_07610W_A
orf19.6729,orf19.6729,C3_07610W_A
orf19.14019,orf19.14019,C3_07620C_A
orf19.6727,orf19.6727,C3_07620C_A
orf19.14018,orf19.14018,C3_07630C_A
orf19.6726,orf19.6726,C3_07630C_A
orf19.14016,orf19.14016,C3_07640C_A
orf19.14017,orf19.14017,C3_07640C_A
orf19.6724,orf19.6724,C3_07640C_A
orf19.6725,orf19.6725,C3_07640C_A
orf19.14015,orf19.14015,C3_07650C_A
orf19.6723,orf19.6723,C3_07650C_A
orf19.14014,orf19.14014,C3_07660W_A
orf19.6722,orf19.6722,C3_07660W_A
orf19.14012,orf19.14012,C3_07670W_A
orf19.6720,orf19.6720,C3_07670W_A
orf19.14011,orf19.14011,C3_07680W_A
orf19.6719,orf19.6719,C3_07680W_A
orf19.14010,orf19.14010,C3_07690C_A
orf19.6718,orf19.6718,C3_07690C_A
orf19.14009,orf19.14009,C3_07700W_A
orf19.6717,orf19.6717,C3_07700W_A
orf19.14008,orf19.14008,C3_07710W_A
orf19.6716,orf19.6716,C3_07710W_A
orf19.14007,orf19.14007,C3_07720C_A
orf19.6715,orf19.6715,C3_07720C_A
orf19.14005,orf19.14005,C3_07730W_A
orf19.6713,orf19.6713,C3_07730W_A
orf19.14004,orf19.14004,C3_07740W_A
orf19.6712,orf19.6712,C3_07740W_A
orf19.14002,orf19.14002,C3_07750W_A
orf19.6710,orf19.6710,C3_07750W_A
orf19.14001,orf19.14001,C3_07760C_A
orf19.6709,orf19.6709,C3_07760C_A
orf19.6170,orf19.6170,C3_07770C_A
orf19.6171,orf19.6171,C3_07780C_A
orf19.6173,orf19.6173,C3_07790W_A
orf19.6175,orf19.6175,C3_07800C_A
orf19.6176,orf19.6176,C3_07810C_A
orf19.6177,orf19.6177,C3_07820W_A
orf19.6178,orf19.6178,C3_07830W_A
orf19.6179,orf19.6179,C3_07840C_A
orf19.6180,orf19.6180,C3_07850W_A
orf19.6182,orf19.6182,C3_07860C_A
orf19.6181,orf19.6181,C3_07870W_A
orf19.6184,orf19.6184,C3_07880C_A
orf19.6183,orf19.6183,C3_07890W_A
orf19.6186,orf19.6186,C3_07900C_A
orf19.6185,orf19.6185,C3_07910W_A
orf19.6187,orf19.6187,C3_07920W_A
orf19.6188,orf19.6188,C3_07930C_A
orf19.6189,orf19.6189,C3_07940W_A
orf19.6190,orf19.6190,C3_07950C_A
orf19.6191,orf19.6191,C3_07970C_A
orf19.6192,orf19.6192,C3_07980C_A
orf19.362,orf19.362,C4_00010W_A
orf19.7994,orf19.7994,C4_00010W_A
orf19.364,orf19.364,C4_00020W_A
orf19.7996,orf19.7996,C4_00020W_A
orf19.366,orf19.366,C4_00030C_A
orf19.7997,orf19.7997,C4_00030C_A
orf19.367,orf19.367,C4_00040W_A
orf19.8001,orf19.8001,C4_00040W_A
orf19.371,orf19.371,C4_00050W_A
orf19.8003,orf19.8003,C4_00050W_A
orf19.372,orf19.372,C4_00060W_A
orf19.8004,orf19.8004,C4_00060W_A
orf19.374,orf19.374,C4_00070C_A
orf19.8006,orf19.8006,C4_00070C_A
orf19.376,orf19.376,C4_00080C_A
orf19.8008,orf19.8008,C4_00080C_A
orf19.13077,orf19.13077,C4_00090W_A
orf19.377,orf19.377,C4_00090W_A
orf19.5632,orf19.5632,C4_00090W_A
orf19.8010,orf19.8010,C4_00090W_A
orf19.13078,orf19.13078,C4_00100C_A
orf19.378,orf19.378,C4_00100C_A
orf19.5633,orf19.5633,C4_00100C_A
orf19.8011,orf19.8011,C4_00100C_A
orf19.13079,orf19.13079,C4_00110C_A
orf19.5634,orf19.5634,C4_00110C_A
orf19.13080,orf19.13080,C4_00120W_A
orf19.5635,orf19.5635,C4_00120W_A
orf19.13081,orf19.13081,C4_00130W_A
orf19.5636,orf19.5636,C4_00130W_A
orf19.13084,orf19.13084,C4_00140C_A
orf19.5639,orf19.5639,C4_00140C_A
orf19.13085,orf19.13085,C4_00150C_A
orf19.5640,orf19.5640,C4_00150C_A
orf19.13086,orf19.13086,C4_00160C_A
orf19.5641,orf19.5641,C4_00160C_A
orf19.13087,orf19.13087,C4_00170W_A
orf19.5642,orf19.5642,C4_00170W_A
orf19.13088,orf19.13088,C4_00180W_A
orf19.5643,orf19.5643,C4_00180W_A
orf19.13089,orf19.13089,C4_00190W_A
orf19.5644,orf19.5644,C4_00190W_A
orf19.13090,orf19.13090,C4_00200C_A
orf19.5645,orf19.5645,C4_00200C_A
orf19.13091,orf19.13091,C4_00210W_A
orf19.5646,orf19.5646,C4_00210W_A
orf19.13092,orf19.13092,C4_00220C_A
orf19.5647,orf19.5647,C4_00220C_A
orf19.13093,orf19.13093,C4_00230W_A
orf19.5648,orf19.5648,C4_00230W_A
orf19.13095,orf19.13095,C4_00240C_A
orf19.5650,orf19.5650,C4_00240C_A
orf19.5649,orf19.5649,C4_00250W_A
orf19.13096,orf19.13096,C4_00260W_A
orf19.5651,orf19.5651,C4_00260W_A
orf19.13098,orf19.13098,C4_00270W_A
orf19.5653,orf19.5653,C4_00270W_A
orf19.13099,orf19.13099,C4_00280W_A
orf19.5654,orf19.5654,C4_00280W_A
orf19.13100,orf19.13100,C4_00290C_A
orf19.13101,orf19.13101,C4_00290C_A
orf19.5655,orf19.5655,C4_00290C_A
orf19.5656,orf19.5656,C4_00290C_A
orf19.13102,orf19.13102,C4_00300C_A
orf19.5657,orf19.5657,C4_00300C_A
orf19.13103,orf19.13103,C4_00310C_A
orf19.5658,orf19.5658,C4_00310C_A
orf19.13105,orf19.13105,C4_00320C_A
orf19.5660,orf19.5660,C4_00320C_A
orf19.13106,orf19.13106,C4_00340W_A
orf19.5661,orf19.5661,C4_00340W_A
orf19.13107,orf19.13107,C4_00350W_A
orf19.5662,orf19.5662,C4_00350W_A
orf19.13108,orf19.13108,C4_00360C_A
orf19.5663,orf19.5663,C4_00360C_A
orf19.13109,orf19.13109,C4_00370W_A
orf19.5664,orf19.5664,C4_00370W_A
orf19.13110,orf19.13110,C4_00380W_A
orf19.5665,orf19.5665,C4_00380W_A
orf19.13111,orf19.13111,C4_00390W_A
orf19.5666,orf19.5666,C4_00390W_A
orf19.13112,orf19.13112,C4_00400W_A
orf19.5667,orf19.5667,C4_00400W_A
orf19.13114,orf19.13114,C4_00410W_A
orf19.5669,orf19.5669,C4_00410W_A
orf19.13116,orf19.13116,C4_00420C_A
orf19.5671,orf19.5671,C4_00420C_A
orf19.13117,orf19.13117,C4_00430W_A
orf19.5672,orf19.5672,C4_00430W_A
orf19.13118,orf19.13118,C4_00440C_A
orf19.5673,orf19.5673,C4_00440C_A
orf19.13119,orf19.13119,C4_00450C_A
orf19.5674,orf19.5674,C4_00450C_A
orf19.13120,orf19.13120,C4_00460C_A
orf19.5675,orf19.5675,C4_00460C_A
orf19.13121,orf19.13121,C4_00470C_A
orf19.5676,orf19.5676,C4_00470C_A
orf19.13122,orf19.13122,C4_00480W_A
orf19.5677,orf19.5677,C4_00480W_A
orf19.13123,orf19.13123,C4_00490W_A
orf19.5678,orf19.5678,C4_00490W_A
orf19.11668,orf19.11668,C4_00510C_A
orf19.4191,orf19.4191,C4_00510C_A
orf19.11667,orf19.11667,C4_00520W_A
orf19.4190,orf19.4190,C4_00520W_A
orf19.11666,orf19.11666,C4_00530C_A
orf19.4189,orf19.4189,C4_00530C_A
orf19.11665,orf19.11665,C4_00540C_A
orf19.4188,orf19.4188,C4_00540C_A
orf19.11664,orf19.11664,C4_00560C_A
orf19.4187,orf19.4187,C4_00560C_A
orf19.11663,orf19.11663,C4_00570C_A
orf19.4186,orf19.4186,C4_00570C_A
orf19.11662,orf19.11662,C4_00580W_A
orf19.4185,orf19.4185,C4_00580W_A
orf19.11660,orf19.11660,C4_00590C_A
orf19.4184,orf19.4184,C4_00590C_A
orf19.11659,orf19.11659,C4_00600C_A
orf19.4183,orf19.4183,C4_00600C_A
orf19.11658,orf19.11658,C4_00610W_A
orf19.4182,orf19.4182,C4_00610W_A
orf19.11657,orf19.11657,C4_00620C_A
orf19.4181,orf19.4181,C4_00620C_A
orf19.11656,orf19.11656,C4_00630C_A
orf19.4180,orf19.4180,C4_00630C_A
orf19.11655,orf19.11655,C4_00640W_A
orf19.4179,orf19.4179,C4_00640W_A
orf19.11653,orf19.11653,C4_00650W_A
orf19.4177,orf19.4177,C4_00650W_A
orf19.11652,orf19.11652,C4_00660W_A
orf19.4176,orf19.4176,C4_00660W_A
orf19.11651,orf19.11651,C4_00670W_A
orf19.4175,orf19.4175,C4_00670W_A
orf19.11650,orf19.11650,C4_00680W_A
orf19.4174,orf19.4174,C4_00680W_A
orf19.11649,orf19.11649,C4_00690C_A
orf19.1174,orf19.1174,C4_00690C_A
orf19.4173,orf19.4173,C4_00690C_A
orf19.11648,orf19.11648,C4_00700C_A
orf19.4172,orf19.4172,C4_00700C_A
orf19.11647,orf19.11647,C4_00710W_A
orf19.4171,orf19.4171,C4_00710W_A
orf19.11646,orf19.11646,C4_00720W_A
orf19.4170,orf19.4170,C4_00720W_A
orf19.11645,orf19.11645,C4_00730C_A
orf19.4169,orf19.4169,C4_00730C_A
orf19.11644,orf19.11644,C4_00740W_A
orf19.4168,orf19.4168,C4_00740W_A
orf19.11643,orf19.11643,C4_00750C_A
orf19.4167,orf19.4167,C4_00750C_A
orf19.11642,orf19.11642,C4_00760W_A
orf19.4166,orf19.4166,C4_00760W_A
orf19.11640,orf19.11640,C4_00770C_A
orf19.4164,orf19.4164,C4_00770C_A
orf19.11639,orf19.11639,C4_00780C_A
orf19.4163,orf19.4163,C4_00780C_A
orf19.11638,orf19.11638,C4_00790C_A
orf19.4162,orf19.4162,C4_00790C_A
orf19.11637,orf19.11637,C4_00800W_A
orf19.4161,orf19.4161,C4_00800W_A
orf19.11636,orf19.11636,C4_00810C_A
orf19.4160,orf19.4160,C4_00810C_A
orf19.11635,orf19.11635,C4_00820W_A
orf19.4159,orf19.4159,C4_00820W_A
orf19.11633,orf19.11633,C4_00830W_A
orf19.4157,orf19.4157,C4_00830W_A
orf19.11632,orf19.11632,C4_00840W_A
orf19.12182,orf19.12182,C4_00840W_A
orf19.4156,orf19.4156,C4_00840W_A
orf19.4711,orf19.4711,C4_00840W_A
orf19.12178,orf19.12178,C4_00850C_A
orf19.4707,orf19.4707,C4_00850C_A
orf19.12177,orf19.12177,C4_00860C_A
orf19.4706,orf19.4706,C4_00860C_A
orf19.12176,orf19.12176,C4_00880W_A
orf19.4705,orf19.4705,C4_00880W_A
orf19.12175,orf19.12175,C4_00890W_A
orf19.4704,orf19.4704,C4_00890W_A
orf19.4703,orf19.4703,C4_00910C_A
orf19.12172,orf19.12172,C4_00920C_A
orf19.4702,orf19.4702,C4_00920C_A
orf19.12171,orf19.12171,C4_00940W_A
orf19.4701,orf19.4701,C4_00940W_A
orf19.12169,orf19.12169,C4_00950C_A
orf19.12170,orf19.12170,C4_00950C_A
orf19.4699,orf19.4699,C4_00950C_A
orf19.4700,orf19.4700,C4_00950C_A
orf19.12168,orf19.12168,C4_00960W_A
orf19.4698,orf19.4698,C4_00960W_A
orf19.12167,orf19.12167,C4_00970C_A
orf19.4697,orf19.4697,C4_00970C_A
orf19.12160,orf19.12160,C4_00980C_A
orf19.4691,orf19.4691,C4_00980C_A
orf19.12159,orf19.12159,C4_00990W_A
orf19.4690,orf19.4690,C4_00990W_A
orf19.12158,orf19.12158,C4_01000C_A
orf19.4689,orf19.4689,C4_01000C_A
orf19.12157,orf19.12157,C4_01010C_A
orf19.4688,orf19.4688,C4_01010C_A
orf19.12155,orf19.12155,C4_01020C_A
orf19.4686,orf19.4686,C4_01020C_A
orf19.12154,orf19.12154,C4_01030W_A
orf19.4685,orf19.4685,C4_01030W_A
orf19.12152,orf19.12152,C4_01060W_A
orf19.4683,orf19.4683,C4_01060W_A
orf19.12151,orf19.12151,C4_01070W_A
orf19.4682,orf19.4682,C4_01070W_A
orf19.12150,orf19.12150,C4_01080W_A
orf19.4681,orf19.4681,C4_01080W_A
orf19.12149,orf19.12149,C4_01090C_A
orf19.4680,orf19.4680,C4_01090C_A
orf19.12148,orf19.12148,C4_01100C_A
orf19.4679,orf19.4679,C4_01100C_A
orf19.12147,orf19.12147,C4_01120C_A
orf19.4678,orf19.4678,C4_01120C_A
orf19.4677,orf19.4677,C4_01130C_A
orf19.12146,orf19.12146,C4_01140C_A
orf19.4676,orf19.4676,C4_01140C_A
orf19.12145,orf19.12145,C4_01150W_A
orf19.4675,orf19.4675,C4_01150W_A
orf19.12143,orf19.12143,C4_01170C_A
orf19.12144,orf19.12144,C4_01170C_A
orf19.4673,orf19.4673,C4_01170C_A
orf19.4674,orf19.4674,C4_01170C_A
orf19.12142,orf19.12142,C4_01180W_A
orf19.4672,orf19.4672,C4_01180W_A
orf19.12140,orf19.12140,C4_01190W_A
orf19.4670,orf19.4670,C4_01190W_A
orf19.12139,orf19.12139,C4_01200C_A
orf19.4669,orf19.4669,C4_01200C_A
orf19.12138,orf19.12138,C4_01220C_A
orf19.4668,orf19.4668,C4_01220C_A
orf19.12136,orf19.12136,C4_01230C_A
orf19.4666,orf19.4666,C4_01230C_A
orf19.12135,orf19.12135,C4_01240C_A
orf19.4665,orf19.4665,C4_01240C_A
orf19.12134,orf19.12134,C4_01250W_A
orf19.4664,orf19.4664,C4_01250W_A
orf19.12132,orf19.12132,C4_01260W_A
orf19.4662,orf19.4662,C4_01260W_A
orf19.12130,orf19.12130,C4_01270W_A
orf19.4660,orf19.4660,C4_01270W_A
orf19.12129,orf19.12129,C4_01280C_A
orf19.4659,orf19.4659,C4_01280C_A
orf19.12128,orf19.12128,C4_01290W_A
orf19.4658,orf19.4658,C4_01290W_A
orf19.12127,orf19.12127,C4_01300W_A
orf19.4657,orf19.4657,C4_01300W_A
orf19.12126,orf19.12126,C4_01310W_A
orf19.4656,orf19.4656,C4_01310W_A
orf19.12125,orf19.12125,C4_01320C_A
orf19.4655,orf19.4655,C4_01320C_A
orf19.12124,orf19.12124,C4_01330W_A
orf19.4654,orf19.4654,C4_01330W_A
orf19.12123,orf19.12123,C4_01340W_A
orf19.4653,orf19.4653,C4_01340W_A
orf19.12122,orf19.12122,C4_01350W_A
orf19.4652,orf19.4652,C4_01350W_A
orf19.12120,orf19.12120,C4_01360W_A
orf19.4651,orf19.4651,C4_01360W_A
orf19.12119,orf19.12119,C4_01370W_A
orf19.4650,orf19.4650,C4_01370W_A
orf19.12118,orf19.12118,C4_01380W_A
orf19.4649,orf19.4649,C4_01380W_A
orf19.12116,orf19.12116,C4_01390W_A
orf19.4647,orf19.4647,C4_01390W_A
orf19.4646,orf19.4646,C4_01400W_A
orf19.12115,orf19.12115,C4_01410W_A
orf19.4645,orf19.4645,C4_01410W_A
orf19.12113,orf19.12113,C4_01420W_A
orf19.4643,orf19.4643,C4_01420W_A
orf19.12112,orf19.12112,C4_01430C_A
orf19.4642,orf19.4642,C4_01430C_A
orf19.12111,orf19.12111,C4_01440W_A
orf19.4641,orf19.4641,C4_01440W_A
orf19.12110,orf19.12110,C4_01450W_A
orf19.4640,orf19.4640,C4_01450W_A
orf19.12108,orf19.12108,C4_01460C_A
orf19.4639,orf19.4639,C4_01460C_A
orf19.12107,orf19.12107,C4_01470W_A
orf19.4637,orf19.4637,C4_01470W_A
orf19.4638,orf19.4638,C4_01470W_A
orf19.4636,orf19.4636,C4_01480C_A
orf19.12105,orf19.12105,C4_01490W_A
orf19.4635,orf19.4635,C4_01490W_A
orf19.12104,orf19.12104,C4_01500W_A
orf19.4634,orf19.4634,C4_01500W_A
orf19.12103,orf19.12103,C4_01510W_A
orf19.4633,orf19.4633,C4_01510W_A
orf19.12102,orf19.12102,C4_01520C_A
orf19.4632,orf19.4632,C4_01520C_A
orf19.12101,orf19.12101,C4_01530C_A
orf19.4631,orf19.4631,C4_01530C_A
orf19.12100,orf19.12100,C4_01550C_A
orf19.4630,orf19.4630,C4_01550C_A
orf19.12099,orf19.12099,C4_01560C_A
orf19.4629,orf19.4629,C4_01560C_A
orf19.12098,orf19.12098,C4_01650C_A
orf19.4628,orf19.4628,C4_01650C_A
orf19.12097,orf19.12097,C4_01660W_A
orf19.4627,orf19.4627,C4_01660W_A
orf19.12096,orf19.12096,C4_01670C_A
orf19.4626,orf19.4626,C4_01670C_A
orf19.12095,orf19.12095,C4_01680W_A
orf19.4625,orf19.4625,C4_01680W_A
orf19.12094,orf19.12094,C4_01690C_A
orf19.4624,orf19.4624,C4_01690C_A
orf19.12093,orf19.12093,C4_01710C_A
orf19.4623,orf19.4623,C4_01710C_A
orf19.12092,orf19.12092,C4_01720C_A
orf19.4622,orf19.4622,C4_01720C_A
orf19.12091,orf19.12091,C4_01730C_A
orf19.4621,orf19.4621,C4_01730C_A
orf19.12090,orf19.12090,C4_01740W_A
orf19.4620,orf19.4620,C4_01740W_A
orf19.12088,orf19.12088,C4_01750C_A
orf19.4618,orf19.4618,C4_01750C_A
orf19.12087,orf19.12087,C4_01760W_A
orf19.4617,orf19.4617,C4_01760W_A
orf19.12086,orf19.12086,C4_01770W_A
orf19.4616,orf19.4616,C4_01770W_A
orf19.12085,orf19.12085,C4_01780C_A
orf19.4615,orf19.4615,C4_01780C_A
orf19.12084,orf19.12084,C4_01790W_A
orf19.4614,orf19.4614,C4_01790W_A
orf19.12082,orf19.12082,C4_01800W_A
orf19.4612,orf19.4612,C4_01800W_A
orf19.12081,orf19.12081,C4_01820C_A
orf19.4611,orf19.4611,C4_01820C_A
orf19.12080,orf19.12080,C4_01830C_A
orf19.4610,orf19.4610,C4_01830C_A
orf19.12079,orf19.12079,C4_01840C_A
orf19.4609,orf19.4609,C4_01840C_A
orf19.12078,orf19.12078,C4_01850C_A
orf19.4608,orf19.4608,C4_01850C_A
orf19.12077,orf19.12077,C4_01860C_A
orf19.4607,orf19.4607,C4_01860C_A
orf19.12076,orf19.12076,C4_01870C_A
orf19.4606,orf19.4606,C4_01870C_A
orf19.12075,orf19.12075,C4_01880W_A
orf19.4605,orf19.4605,C4_01880W_A
orf19.12073,orf19.12073,C4_01890C_A
orf19.4603,orf19.4603,C4_01890C_A
orf19.12072,orf19.12072,C4_01900C_A
orf19.4602,orf19.4602,C4_01900C_A
orf19.12071,orf19.12071,C4_01910W_A
orf19.4601,orf19.4601,C4_01910W_A
orf19.12069,orf19.12069,C4_01930C_A
orf19.4600,orf19.4600,C4_01930C_A
orf19.12068,orf19.12068,C4_01940W_A
orf19.4599,orf19.4599,C4_01940W_A
orf19.12066,orf19.12066,C4_01950W_A
orf19.4597,orf19.4597,C4_01950W_A
orf19.12065,orf19.12065,C4_01960C_A
orf19.4596,orf19.4596,C4_01960C_A
orf19.12064,orf19.12064,C4_01970W_A
orf19.4595,orf19.4595,C4_01970W_A
orf19.12063,orf19.12063,C4_01980C_A
orf19.4594,orf19.4594,C4_01980C_A
orf19.12062,orf19.12062,C4_02000C_A
orf19.4593,orf19.4593,C4_02000C_A
orf19.12061,orf19.12061,C4_02010C_A
orf19.4592,orf19.4592,C4_02010C_A
orf19.12060,orf19.12060,C4_02020W_A
orf19.4591,orf19.4591,C4_02020W_A
orf19.12059,orf19.12059,C4_02030W_A
orf19.4590,orf19.4590,C4_02030W_A
orf19.12058,orf19.12058,C4_02040W_A
orf19.4589,orf19.4589,C4_02040W_A
orf19.12056,orf19.12056,C4_02050W_A
orf19.4587,orf19.4587,C4_02050W_A
orf19.12054,orf19.12054,C4_02060C_A
orf19.4585,orf19.4585,C4_02060C_A
orf19.12053,orf19.12053,C4_02070W_A
orf19.4584,orf19.4584,C4_02070W_A
orf19.12052,orf19.12052,C4_02080W_A
orf19.4583,orf19.4583,C4_02080W_A
orf19.12051,orf19.12051,C4_02090C_A
orf19.4582,orf19.4582,C4_02090C_A
orf19.12050,orf19.12050,C4_02100C_A
orf19.4581,orf19.4581,C4_02100C_A
orf19.12049,orf19.12049,C4_02110W_A
orf19.4580,orf19.4580,C4_02110W_A
orf19.12048,orf19.12048,C4_02120W_A
orf19.4579,orf19.4579,C4_02120W_A
orf19.12047,orf19.12047,C4_02130W_A
orf19.4578,orf19.4578,C4_02130W_A
orf19.12046,orf19.12046,C4_02150C_A
orf19.4577,orf19.4577,C4_02150C_A
orf19.12044,orf19.12044,C4_02160C_A
orf19.4575,orf19.4575,C4_02160C_A
orf19.12043,orf19.12043,C4_02170C_A
orf19.4574,orf19.4574,C4_02170C_A
orf19.12042,orf19.12042,C4_02180C_A
orf19.4573,orf19.4573,C4_02180C_A
orf19.12040,orf19.12040,C4_02190C_A
orf19.4571,orf19.4571,C4_02190C_A
orf19.12039,orf19.12039,C4_02200C_A
orf19.4570,orf19.4570,C4_02200C_A
orf19.12038,orf19.12038,C4_02210W_A
orf19.4569,orf19.4569,C4_02210W_A
orf19.12037,orf19.12037,C4_02220C_A
orf19.4568,orf19.4568,C4_02220C_A
orf19.12036,orf19.12036,C4_02230C_A
orf19.4567,orf19.4567,C4_02230C_A
orf19.12035,orf19.12035,C4_02240C_A
orf19.4566,orf19.4566,C4_02240C_A
orf19.12034,orf19.12034,C4_02250C_A
orf19.4565,orf19.4565,C4_02250C_A
orf19.12032,orf19.12032,C4_02260C_A
orf19.4563,orf19.4563,C4_02260C_A
orf19.12029,orf19.12029,C4_02270C_A
orf19.4560,orf19.4560,C4_02270C_A
orf19.10291,orf19.10291,C4_02280W_A
orf19.12027,orf19.12027,C4_02280W_A
orf19.2775,orf19.2775,C4_02280W_A
orf19.4558,orf19.4558,C4_02280W_A
orf19.10290,orf19.10290,C4_02290W_A
orf19.2774,orf19.2774,C4_02290W_A
orf19.10288,orf19.10288,C4_02300W_A
orf19.2772,orf19.2772,C4_02300W_A
orf19.10287,orf19.10287,C4_02310W_A
orf19.2771,orf19.2771,C4_02310W_A
orf19.10286,orf19.10286,C4_02330C_A
orf19.2770,orf19.2770,C4_02330C_A
orf19.10285,orf19.10285,C4_02340W_A
orf19.2769,orf19.2769,C4_02340W_A
orf19.10284,orf19.10284,C4_02360W_A
orf19.2768,orf19.2768,C4_02360W_A
orf19.10283,orf19.10283,C4_02370C_A
orf19.2767,orf19.2767,C4_02370C_A
orf19.10282,orf19.10282,C4_02380W_A
orf19.2766,orf19.2766,C4_02380W_A
orf19.10281,orf19.10281,C4_02390W_A
orf19.2765,orf19.2765,C4_02390W_A
orf19.10279,orf19.10279,C4_02400C_A
orf19.2763,orf19.2763,C4_02400C_A
orf19.10278,orf19.10278,C4_02410C_A
orf19.2762,orf19.2762,C4_02410C_A
orf19.10277,orf19.10277,C4_02420C_A
orf19.2761,orf19.2761,C4_02420C_A
orf19.10276,orf19.10276,C4_02430W_A
orf19.2760,orf19.2760,C4_02430W_A
orf19.10272,orf19.10272,C4_02440C_A
orf19.10273,orf19.10273,C4_02440C_A
orf19.2758,orf19.2758,C4_02440C_A
orf19.2759,orf19.2759,C4_02440C_A
orf19.10271,orf19.10271,C4_02450W_A
orf19.2757,orf19.2757,C4_02450W_A
orf19.10270,orf19.10270,C4_02460W_A
orf19.2756,orf19.2756,C4_02460W_A
orf19.10269,orf19.10269,C4_02470C_A
orf19.2755,orf19.2755,C4_02470C_A
orf19.10268,orf19.10268,C4_02480C_A
orf19.2754,orf19.2754,C4_02480C_A
orf19.10267,orf19.10267,C4_02490W_A
orf19.2753,orf19.2753,C4_02490W_A
orf19.10266,orf19.10266,C4_02500C_A
orf19.2752,orf19.2752,C4_02500C_A
orf19.10265,orf19.10265,C4_02510W_A
orf19.2751,orf19.2751,C4_02510W_A
orf19.10263,orf19.10263,C4_02520C_A
orf19.2749,orf19.2749,C4_02520C_A
orf19.10262,orf19.10262,C4_02530W_A
orf19.2748,orf19.2748,C4_02530W_A
orf19.10261,orf19.10261,C4_02540W_A
orf19.2747,orf19.2747,C4_02540W_A
orf19.10260,orf19.10260,C4_02550C_A
orf19.2746,orf19.2746,C4_02550C_A
orf19.10259,orf19.10259,C4_02560C_A
orf19.2745,orf19.2745,C4_02560C_A
orf19.10257,orf19.10257,C4_02570C_A
orf19.2743,orf19.2743,C4_02570C_A
orf19.10256,orf19.10256,C4_02580W_A
orf19.2742,orf19.2742,C4_02580W_A
orf19.10255,orf19.10255,C4_02590C_A
orf19.2740,orf19.2740,C4_02590C_A
orf19.10253,orf19.10253,C4_02600C_A
orf19.2739,orf19.2739,C4_02600C_A
orf19.10252,orf19.10252,C4_02610C_A
orf19.2738,orf19.2738,C4_02610C_A
orf19.10251,orf19.10251,C4_02620C_A
orf19.2737,orf19.2737,C4_02620C_A
orf19.10250,orf19.10250,C4_02630C_A
orf19.2736,orf19.2736,C4_02630C_A
orf19.10249,orf19.10249,C4_02640C_A
orf19.2735,orf19.2735,C4_02640C_A
orf19.10248,orf19.10248,C4_02660W_A
orf19.2734,orf19.2734,C4_02660W_A
orf19.10246,orf19.10246,C4_02670W_A
orf19.10247,orf19.10247,C4_02670W_A
orf19.2732,orf19.2732,C4_02670W_A
orf19.2733,orf19.2733,C4_02670W_A
orf19.10245,orf19.10245,C4_02680C_A
orf19.2731,orf19.2731,C4_02680C_A
orf19.10244,orf19.10244,C4_02690W_A
orf19.2730,orf19.2730,C4_02690W_A
orf19.10242,orf19.10242,C4_02700W_A
orf19.2728,orf19.2728,C4_02700W_A
orf19.10241,orf19.10241,C4_02710C_A
orf19.2727,orf19.2727,C4_02710C_A
orf19.10240,orf19.10240,C4_02720C_A
orf19.2726,orf19.2726,C4_02720C_A
orf19.2725,orf19.2725,C4_02730C_A
orf19.10239,orf19.10239,C4_02740W_A
orf19.2724,orf19.2724,C4_02740W_A
orf19.10238,orf19.10238,C4_02750W_A
orf19.2723,orf19.2723,C4_02750W_A
orf19.10237,orf19.10237,C4_02760C_A
orf19.2722,orf19.2722,C4_02760C_A
orf19.10236,orf19.10236,C4_02770C_A
orf19.2721,orf19.2721,C4_02770C_A
orf19.10235,orf19.10235,C4_02780W_A
orf19.2720,orf19.2720,C4_02780W_A
orf19.10232,orf19.10232,C4_02790C_A
orf19.2717,orf19.2717,C4_02790C_A
orf19.10230,orf19.10230,C4_02800W_A
orf19.2715,orf19.2715,C4_02800W_A
orf19.10228,orf19.10228,C4_02820W_A
orf19.10229,orf19.10229,C4_02820W_A
orf19.2713,orf19.2713,C4_02820W_A
orf19.2714,orf19.2714,C4_02820W_A
orf19.10227,orf19.10227,C4_02830C_A
orf19.2712,orf19.2712,C4_02830C_A
orf19.10226,orf19.10226,C4_02850W_A
orf19.2711,orf19.2711,C4_02850W_A
orf19.10225,orf19.10225,C4_02860W_A
orf19.2710,orf19.2710,C4_02860W_A
orf19.10224,orf19.10224,C4_02870C_A
orf19.2709,orf19.2709,C4_02870C_A
orf19.10223,orf19.10223,C4_02880C_A
orf19.2708,orf19.2708,C4_02880C_A
orf19.10221,orf19.10221,C4_02900C_A
orf19.2706,orf19.2706,C4_02900C_A
orf19.10219,orf19.10219,C4_02910W_A
orf19.2704,orf19.2704,C4_02910W_A
orf19.10218,orf19.10218,C4_02920W_A
orf19.2703,orf19.2703,C4_02920W_A
orf19.10216,orf19.10216,C4_02930W_A
orf19.2701,orf19.2701,C4_02930W_A
orf19.10214,orf19.10214,C4_02940W_A
orf19.2699,orf19.2699,C4_02940W_A
orf19.10213,orf19.10213,C4_02950C_A
orf19.2698,orf19.2698,C4_02950C_A
orf19.10212,orf19.10212,C4_02960W_A
orf19.2697,orf19.2697,C4_02960W_A
orf19.10210,orf19.10210,C4_02970C_A
orf19.2695,orf19.2695,C4_02970C_A
orf19.10209,orf19.10209,C4_02980W_A
orf19.2694,orf19.2694,C4_02980W_A
orf19.10208,orf19.10208,C4_02990C_A
orf19.2693,orf19.2693,C4_02990C_A
orf19.10206,orf19.10206,C4_03000C_A
orf19.2691,orf19.2691,C4_03000C_A
orf19.10205,orf19.10205,C4_03020W_A
orf19.2690,orf19.2690,C4_03020W_A
orf19.10203,orf19.10203,C4_03030C_A
orf19.2688,orf19.2688,C4_03030C_A
orf19.10201,orf19.10201,C4_03050C_A
orf19.2686,orf19.2686,C4_03050C_A
orf19.10200,orf19.10200,C4_03070W_A
orf19.2685,orf19.2685,C4_03070W_A
orf19.10199,orf19.10199,C4_03080W_A
orf19.2684,orf19.2684,C4_03080W_A
orf19.10197,orf19.10197,C4_03090W_A
orf19.2682,orf19.2682,C4_03090W_A
orf19.10196,orf19.10196,C4_03100W_A
orf19.2681,orf19.2681,C4_03100W_A
orf19.10195,orf19.10195,C4_03110W_A
orf19.2680,orf19.2680,C4_03110W_A
orf19.10193,orf19.10193,C4_03120C_A
orf19.2678,orf19.2678,C4_03120C_A
orf19.10192,orf19.10192,C4_03130W_A
orf19.2677,orf19.2677,C4_03130W_A
orf19.10191,orf19.10191,C4_03140C_A
orf19.2676,orf19.2676,C4_03140C_A
orf19.10190,orf19.10190,C4_03150W_A
orf19.2675,orf19.2675,C4_03150W_A
orf19.10189,orf19.10189,C4_03160C_A
orf19.2674,orf19.2674,C4_03160C_A
orf19.10188,orf19.10188,C4_03170W_A
orf19.2673,orf19.2673,C4_03170W_A
orf19.10187,orf19.10187,C4_03180W_A
orf19.2672,orf19.2672,C4_03180W_A
orf19.10186,orf19.10186,C4_03190W_A
orf19.2671,orf19.2671,C4_03190W_A
orf19.10185,orf19.10185,C4_03200C_A
orf19.2670,orf19.2670,C4_03200C_A
orf19.2669,orf19.2669,C4_03230C_A
orf19.2668,orf19.2668,C4_03250C_A
orf19.10184,orf19.10184,C4_03270W_A
orf19.2667,orf19.2667,C4_03270W_A
orf19.10182,orf19.10182,C4_03280W_A
orf19.10183,orf19.10183,C4_03280W_A
orf19.2665,orf19.2665,C4_03280W_A
orf19.2666,orf19.2666,C4_03280W_A
orf19.10181,orf19.10181,C4_03290W_A
orf19.2664,orf19.2664,C4_03290W_A
orf19.67,orf19.67,C4_03290W_A
orf19.1440,orf19.1440,C4_03320W_A
orf19.9015,orf19.9015,C4_03320W_A
orf19.1439,orf19.1439,C4_03330W_A
orf19.9013,orf19.9013,C4_03330W_A
orf19.1438,orf19.1438,C4_03340C_A
orf19.9012,orf19.9012,C4_03340C_A
orf19.10870,orf19.10870,C4_03350C_A
orf19.3362,orf19.3362,C4_03350C_A
orf19.10871,orf19.10871,C4_03360C_A
orf19.3363,orf19.3363,C4_03360C_A
orf19.10872,orf19.10872,C4_03370C_A
orf19.3364,orf19.3364,C4_03370C_A
orf19.10873,orf19.10873,C4_03380C_A
orf19.3365,orf19.3365,C4_03380C_A
orf19.10874,orf19.10874,C4_03390W_A
orf19.3366,orf19.3366,C4_03390W_A
orf19.10875,orf19.10875,C4_03410W_A
orf19.3367,orf19.3367,C4_03410W_A
orf19.3368,orf19.3368,C4_03420C_A
orf19.10876,orf19.10876,C4_03430W_A
orf19.3369,orf19.3369,C4_03430W_A
orf19.10878,orf19.10878,C4_03440C_A
orf19.3370,orf19.3370,C4_03440C_A
orf19.10879,orf19.10879,C4_03450C_A
orf19.10880,orf19.10880,C4_03450C_A
orf19.3371,orf19.3371,C4_03450C_A
orf19.3372,orf19.3372,C4_03450C_A
orf19.10881,orf19.10881,C4_03460C_A
orf19.3373,orf19.3373,C4_03460C_A
orf19.10882,orf19.10882,C4_03470C_A
orf19.3374,orf19.3374,C4_03470C_A
orf19.3375,orf19.3375,C4_03480C_A
orf19.10885,orf19.10885,C4_03490C_A
orf19.3376,orf19.3376,C4_03490C_A
orf19.10886,orf19.10886,C4_03500C_A
orf19.3378,orf19.3378,C4_03500C_A
orf19.10888,orf19.10888,C4_03510C_A
orf19.3380,orf19.3380,C4_03510C_A
orf19.10892,orf19.10892,C4_03520C_A
orf19.1327,orf19.1327,C4_03520C_A
orf19.3384,orf19.3384,C4_03520C_A
orf19.8907,orf19.8907,C4_03520C_A
orf19.1326,orf19.1326,C4_03530W_A
orf19.8906,orf19.8906,C4_03530W_A
orf19.1325,orf19.1325,C4_03540C_A
orf19.8905,orf19.8905,C4_03540C_A
orf19.1324,orf19.1324,C4_03550W_A
orf19.8904,orf19.8904,C4_03550W_A
orf19.1323,orf19.1323,C4_03560W_A
orf19.8903,orf19.8903,C4_03560W_A
orf19.1321,orf19.1321,C4_03570W_A
orf19.8901,orf19.8901,C4_03570W_A
orf19.1318,orf19.1318,C4_03580W_A
orf19.8898,orf19.8898,C4_03580W_A
orf19.1317,orf19.1317,C4_03590C_A
orf19.8897,orf19.8897,C4_03590C_A
orf19.1314,orf19.1314,C4_03600C_A
orf19.8894,orf19.8894,C4_03600C_A
orf19.1312,orf19.1312,C4_03620C_A
orf19.1313,orf19.1313,C4_03620C_A
orf19.8892,orf19.8892,C4_03620C_A
orf19.8893,orf19.8893,C4_03620C_A
orf19.1311,orf19.1311,C4_03670W_A
orf19.8891,orf19.8891,C4_03670W_A
orf19.1310,orf19.1310,C4_03680C_A
orf19.8890,orf19.8890,C4_03680C_A
orf19.1309,orf19.1309,C4_03690C_A
orf19.8889,orf19.8889,C4_03690C_A
orf19.1308,orf19.1308,C4_03700W_A
orf19.8888,orf19.8888,C4_03700W_A
orf19.1307,orf19.1307,C4_03710C_A
orf19.8887,orf19.8887,C4_03710C_A
orf19.1306,orf19.1306,C4_03720C_A
orf19.8886,orf19.8886,C4_03720C_A
orf19.1305,orf19.1305,C4_03730C_A
orf19.8885,orf19.8885,C4_03730C_A
orf19.1304,orf19.1304,C4_03740W_A
orf19.8884,orf19.8884,C4_03740W_A
orf19.1303,orf19.1303,C4_03750C_A
orf19.8883,orf19.8883,C4_03750C_A
orf19.1302,orf19.1302,C4_03760W_A
orf19.8882,orf19.8882,C4_03760W_A
orf19.1301,orf19.1301,C4_03770W_A
orf19.8881,orf19.8881,C4_03770W_A
orf19.1300,orf19.1300,C4_03780C_A
orf19.8880,orf19.8880,C4_03780C_A
orf19.1299,orf19.1299,C4_03790W_A
orf19.8879,orf19.8879,C4_03790W_A
orf19.1298,orf19.1298,C4_03800C_A
orf19.8878,orf19.8878,C4_03800C_A
orf19.12503,orf19.12503,C4_03810W_A
orf19.1297,orf19.1297,C4_03810W_A
orf19.5036,orf19.5036,C4_03810W_A
orf19.8877,orf19.8877,C4_03810W_A
orf19.12504,orf19.12504,C4_03820C_A
orf19.5037,orf19.5037,C4_03820C_A
orf19.12505,orf19.12505,C4_03830W_A
orf19.5038,orf19.5038,C4_03830W_A
orf19.12506,orf19.12506,C4_03840C_A
orf19.5039,orf19.5039,C4_03840C_A
orf19.12507,orf19.12507,C4_03850W_A
orf19.5040,orf19.5040,C4_03850W_A
orf19.12508,orf19.12508,C4_03860C_A
orf19.5041,orf19.5041,C4_03860C_A
orf19.12509,orf19.12509,C4_03870C_A
orf19.5042,orf19.5042,C4_03870C_A
orf19.12510,orf19.12510,C4_03880W_A
orf19.5043,orf19.5043,C4_03880W_A
orf19.12512,orf19.12512,C4_03890W_A
orf19.5045,orf19.5045,C4_03890W_A
orf19.12513,orf19.12513,C4_03900C_A
orf19.5046,orf19.5046,C4_03900C_A
orf19.1596,orf19.1596,C4_03910W_A
orf19.9164,orf19.9164,C4_03910W_A
orf19.1595,orf19.1595,C4_03920W_A
orf19.9163,orf19.9163,C4_03920W_A
orf19.789,orf19.789,C4_03940C_A
orf19.8408,orf19.8408,C4_03940C_A
orf19.787,orf19.787,C4_03950C_A
orf19.8406,orf19.8406,C4_03950C_A
orf19.1207,orf19.1207,C4_03970W_A
orf19.1208,orf19.1208,C4_03990C_A
orf19.12772,orf19.12772,C4_04000W_A
orf19.5312,orf19.5312,C4_04000W_A
orf19.12771,orf19.12771,C4_04010W_A
orf19.5311,orf19.5311,C4_04010W_A
orf19.12768,orf19.12768,C4_04020C_A
orf19.5308,orf19.5308,C4_04020C_A
orf19.12767,orf19.12767,C4_04030W_A
orf19.5307,orf19.5307,C4_04030W_A
orf19.12766,orf19.12766,C4_04040W_A
orf19.5306,orf19.5306,C4_04040W_A
orf19.12765,orf19.12765,C4_04050C_A
orf19.5305,orf19.5305,C4_04050C_A
orf19.12764,orf19.12764,C4_04060W_A
orf19.5304,orf19.5304,C4_04060W_A
orf19.12763,orf19.12763,C4_04070C_A
orf19.5303,orf19.5303,C4_04070C_A
orf19.12761,orf19.12761,C4_04080C_A
orf19.5302,orf19.5302,C4_04080C_A
orf19.12759,orf19.12759,C4_04090C_A
orf19.5300,orf19.5300,C4_04090C_A
orf19.12758,orf19.12758,C4_04100C_A
orf19.5299,orf19.5299,C4_04100C_A
orf19.12756,orf19.12756,C4_04120C_A
orf19.5297,orf19.5297,C4_04120C_A
orf19.12755,orf19.12755,C4_04130W_A
orf19.5296,orf19.5296,C4_04130W_A
orf19.12754,orf19.12754,C4_04140W_A
orf19.5295,orf19.5295,C4_04140W_A
orf19.12753,orf19.12753,C4_04150C_A
orf19.5294,orf19.5294,C4_04150C_A
orf19.12751,orf19.12751,C4_04160W_A
orf19.5293,orf19.5293,C4_04160W_A
orf19.12750,orf19.12750,C4_04170C_A
orf19.5292,orf19.5292,C4_04170C_A
orf19.12749,orf19.12749,C4_04180C_A
orf19.5291,orf19.5291,C4_04180C_A
orf19.12773,orf19.12773,C4_04190C_A
orf19.1430,orf19.1430,C4_04190C_A
orf19.5313,orf19.5313,C4_04190C_A
orf19.9006,orf19.9006,C4_04190C_A
orf19.12748,orf19.12748,C4_04200C_A
orf19.5290,orf19.5290,C4_04200C_A
orf19.1429,orf19.1429,C4_04210C_A
orf19.9005,orf19.9005,C4_04210C_A
orf19.1428,orf19.1428,C4_04220W_A
orf19.9004,orf19.9004,C4_04220W_A
orf19.1427,orf19.1427,C4_04230W_A
orf19.9003,orf19.9003,C4_04230W_A
orf19.1426,orf19.1426,C4_04240C_A
orf19.9002,orf19.9002,C4_04240C_A
orf19.1424,orf19.1424,C4_04250W_A
orf19.9000,orf19.9000,C4_04250W_A
orf19.1422,orf19.1422,C4_04260C_A
orf19.8998,orf19.8998,C4_04260C_A
orf19.1421,orf19.1421,C4_04270W_A
orf19.8997,orf19.8997,C4_04270W_A
orf19.1420,orf19.1420,C4_04280C_A
orf19.8996,orf19.8996,C4_04280C_A
orf19.1418,orf19.1418,C4_04290W_A
orf19.1419,orf19.1419,C4_04290W_A
orf19.8994,orf19.8994,C4_04290W_A
orf19.8995,orf19.8995,C4_04290W_A
orf19.1417,orf19.1417,C4_04300C_A
orf19.8993,orf19.8993,C4_04300C_A
orf19.1416,orf19.1416,C4_04310W_A
orf19.8992,orf19.8992,C4_04310W_A
orf19.1415,orf19.1415,C4_04320W_A
orf19.8991,orf19.8991,C4_04320W_A
orf19.1414,orf19.1414,C4_04330C_A
orf19.8990,orf19.8990,C4_04330C_A
orf19.1413,orf19.1413,C4_04340C_A
orf19.8989,orf19.8989,C4_04340C_A
orf19.1412,orf19.1412,C4_04350W_A
orf19.8988,orf19.8988,C4_04350W_A
orf19.1411,orf19.1411,C4_04360W_A
orf19.8987,orf19.8987,C4_04360W_A
orf19.1409,orf19.1409,C4_04370C_A
orf19.8985,orf19.8985,C4_04370C_A
orf19.11327,orf19.11327,C4_04410C_A
orf19.3846,orf19.3846,C4_04410C_A
orf19.11326,orf19.11326,C4_04420W_A
orf19.3845,orf19.3845,C4_04420W_A
orf19.11325,orf19.11325,C4_04430W_A
orf19.3844,orf19.3844,C4_04430W_A
orf19.11324,orf19.11324,C4_04440W_A
orf19.3843,orf19.3843,C4_04440W_A
orf19.11322,orf19.11322,C4_04450C_A
orf19.3841,orf19.3841,C4_04450C_A
orf19.11321,orf19.11321,C4_04460C_A
orf19.3840,orf19.3840,C4_04460C_A
orf19.11320,orf19.11320,C4_04470W_A
orf19.3839,orf19.3839,C4_04470W_A
orf19.11319,orf19.11319,C4_04480C_A
orf19.3838,orf19.3838,C4_04480C_A
orf19.11317,orf19.11317,C4_04500C_A
orf19.3836,orf19.3836,C4_04500C_A
orf19.11314,orf19.11314,C4_04510W_A
orf19.11316,orf19.11316,C4_04510W_A
orf19.3833,orf19.3833,C4_04510W_A
orf19.3835,orf19.3835,C4_04510W_A
orf19.11312,orf19.11312,C4_04520W_A
orf19.3831,orf19.3831,C4_04520W_A
orf19.11310,orf19.11310,C4_04530C_A
orf19.3829,orf19.3829,C4_04530C_A
orf19.11309,orf19.11309,C4_04540C_A
orf19.3828,orf19.3828,C4_04540C_A
orf19.11308,orf19.11308,C4_04550C_A
orf19.3827,orf19.3827,C4_04550C_A
orf19.11307,orf19.11307,C4_04560C_A
orf19.3826,orf19.3826,C4_04560C_A
orf19.11306,orf19.11306,C4_04570W_A
orf19.3825,orf19.3825,C4_04570W_A
orf19.11304,orf19.11304,C4_04580W_A
orf19.3823,orf19.3823,C4_04580W_A
orf19.11303,orf19.11303,C4_04590W_A
orf19.3822,orf19.3822,C4_04590W_A
orf19.11302,orf19.11302,C4_04600C_A
orf19.3821,orf19.3821,C4_04600C_A
orf19.11301,orf19.11301,C4_04620C_A
orf19.3820,orf19.3820,C4_04620C_A
orf19.11300,orf19.11300,C4_04630C_A
orf19.3819,orf19.3819,C4_04630C_A
orf19.11299,orf19.11299,C4_04640C_A
orf19.3818,orf19.3818,C4_04640C_A
orf19.11298,orf19.11298,C4_04650W_A
orf19.3817,orf19.3817,C4_04650W_A
orf19.11296,orf19.11296,C4_04660C_A
orf19.3815,orf19.3815,C4_04660C_A
orf19.11294,orf19.11294,C4_04670C_A
orf19.11295,orf19.11295,C4_04670C_A
orf19.3813,orf19.3813,C4_04670C_A
orf19.3814,orf19.3814,C4_04670C_A
orf19.11293,orf19.11293,C4_04700W_A
orf19.3812,orf19.3812,C4_04700W_A
orf19.11292,orf19.11292,C4_04710W_A
orf19.3811,orf19.3811,C4_04710W_A
orf19.11291,orf19.11291,C4_04720W_A
orf19.3810,orf19.3810,C4_04720W_A
orf19.11290,orf19.11290,C4_04730W_A
orf19.3809,orf19.3809,C4_04730W_A
orf19.11287,orf19.11287,C4_04750W_A
orf19.3806,orf19.3806,C4_04750W_A
orf19.11285,orf19.11285,C4_04760C_A
orf19.3804,orf19.3804,C4_04760C_A
orf19.11284,orf19.11284,C4_04770C_A
orf19.3803,orf19.3803,C4_04770C_A
orf19.11283,orf19.11283,C4_04780W_A
orf19.3802,orf19.3802,C4_04780W_A
orf19.11282,orf19.11282,C4_04790W_A
orf19.3801,orf19.3801,C4_04790W_A
orf19.11280,orf19.11280,C4_04800W_A
orf19.3799,orf19.3799,C4_04800W_A
orf19.11279,orf19.11279,C4_04810C_A
orf19.3798,orf19.3798,C4_04810C_A
orf19.11278,orf19.11278,C4_04820C_A
orf19.3797,orf19.3797,C4_04820C_A
orf19.11277,orf19.11277,C4_04830W_A
orf19.3796,orf19.3796,C4_04830W_A
orf19.11275,orf19.11275,C4_04840C_A
orf19.3795,orf19.3795,C4_04840C_A
orf19.11274,orf19.11274,C4_04850C_A
orf19.3794,orf19.3794,C4_04850C_A
orf19.11273,orf19.11273,C4_04860W_A
orf19.3793,orf19.3793,C4_04860W_A
orf19.11272,orf19.11272,C4_04870C_A
orf19.3792,orf19.3792,C4_04870C_A
orf19.11270,orf19.11270,C4_04880W_A
orf19.3791,orf19.3791,C4_04880W_A
orf19.3789,orf19.3789,C4_04890C_A
orf19.11268,orf19.11268,C4_04910C_A
orf19.3788,orf19.3788,C4_04910C_A
orf19.11267,orf19.11267,C4_04920W_A
orf19.3787,orf19.3787,C4_04920W_A
orf19.11265,orf19.11265,C4_04930C_A
orf19.3785,orf19.3785,C4_04930C_A
orf19.3784,orf19.3784,C4_04940W_A
orf19.11264,orf19.11264,C4_04950W_A
orf19.3783,orf19.3783,C4_04950W_A
orf19.11263,orf19.11263,C4_04980W_A
orf19.3782,orf19.3782,C4_04980W_A
orf19.11262,orf19.11262,C4_04990C_A
orf19.3781,orf19.3781,C4_04990C_A
orf19.11261,orf19.11261,C4_05000W_A
orf19.3780,orf19.3780,C4_05000W_A
orf19.11259,orf19.11259,C4_05010W_A
orf19.11260,orf19.11260,C4_05010W_A
orf19.3778,orf19.3778,C4_05010W_A
orf19.3779,orf19.3779,C4_05010W_A
orf19.11258,orf19.11258,C4_05020W_A
orf19.3777,orf19.3777,C4_05020W_A
orf19.11257,orf19.11257,C4_05030C_A
orf19.3775,orf19.3775,C4_05030C_A
orf19.3776,orf19.3776,C4_05030C_A
orf19.11256,orf19.11256,C4_05050C_A
orf19.3774,orf19.3774,C4_05050C_A
orf19.11255,orf19.11255,C4_05060W_A
orf19.3772,orf19.3772,C4_05060W_A
orf19.3773,orf19.3773,C4_05060W_A
orf19.11254,orf19.11254,C4_05070C_A
orf19.3770,orf19.3770,C4_05070C_A
orf19.3771,orf19.3771,C4_05070C_A
orf19.11253,orf19.11253,C4_05080C_A
orf19.3769,orf19.3769,C4_05080C_A
orf19.11252,orf19.11252,C4_05090C_A
orf19.3768,orf19.3768,C4_05090C_A
orf19.736,orf19.736,C4_05090C_A
orf19.8355,orf19.8355,C4_05090C_A
orf19.738,orf19.738,C4_05100C_A
orf19.8357,orf19.8357,C4_05100C_A
orf19.740,orf19.740,C4_05110C_A
orf19.8359,orf19.8359,C4_05110C_A
orf19.741,orf19.741,C4_05120C_A
orf19.8360,orf19.8360,C4_05120C_A
orf19.742,orf19.742,C4_05130C_A
orf19.8361,orf19.8361,C4_05130C_A
orf19.744,orf19.744,C4_05140C_A
orf19.8363,orf19.8363,C4_05140C_A
orf19.745,orf19.745,C4_05150W_A
orf19.8364,orf19.8364,C4_05150W_A
orf19.746,orf19.746,C4_05160C_A
orf19.8365,orf19.8365,C4_05160C_A
orf19.747,orf19.747,C4_05170C_A
orf19.8367,orf19.8367,C4_05170C_A
orf19.14146,orf19.14146,C4_05180C_A
orf19.14147,orf19.14147,C4_05180C_A
orf19.6856,orf19.6856,C4_05180C_A
orf19.6857,orf19.6857,C4_05180C_A
orf19.748,orf19.748,C4_05180C_A
orf19.8368,orf19.8368,C4_05180C_A
orf19.14148,orf19.14148,C4_05190C_A
orf19.6858,orf19.6858,C4_05190C_A
orf19.14149,orf19.14149,C4_05200C_A
orf19.6859,orf19.6859,C4_05200C_A
orf19.14150,orf19.14150,C4_05210W_A
orf19.6860,orf19.6860,C4_05210W_A
orf19.14151,orf19.14151,C4_05220C_A
orf19.6861,orf19.6861,C4_05220C_A
orf19.14152,orf19.14152,C4_05230C_A
orf19.6862,orf19.6862,C4_05230C_A
orf19.14153,orf19.14153,C4_05240C_A
orf19.6863,orf19.6863,C4_05240C_A
orf19.14154,orf19.14154,C4_05250W_A
orf19.6864,orf19.6864,C4_05250W_A
orf19.1222,orf19.1222,C4_05260W_A
orf19.14155,orf19.14155,C4_05260W_A
orf19.2631,orf19.2631,C4_05260W_A
orf19.6865,orf19.6865,C4_05260W_A
orf19.2630,orf19.2630,C4_05270C_A
orf19.1293,orf19.1293,C4_05280W_A
orf19.1294,orf19.1294,C4_05280W_A
orf19.2629,orf19.2629,C4_05280W_A
orf19.1291,orf19.1291,C4_05290W_A
orf19.1786,orf19.1786,C4_05290W_A
orf19.1787,orf19.1787,C4_05290W_A
orf19.9352,orf19.9352,C4_05290W_A
orf19.9353,orf19.9353,C4_05290W_A
orf19.1290,orf19.1290,C4_05300W_A
orf19.1788,orf19.1788,C4_05300W_A
orf19.9354,orf19.9354,C4_05300W_A
orf19.1789,orf19.1789,C4_05310W_A
orf19.9355,orf19.9355,C4_05310W_A
orf19.1790,orf19.1790,C4_05320W_A
orf19.9356,orf19.9356,C4_05320W_A
orf19.1791,orf19.1791,C4_05330C_A
orf19.9357,orf19.9357,C4_05330C_A
orf19.1792,orf19.1792,C4_05340W_A
orf19.9358,orf19.9358,C4_05340W_A
orf19.1793,orf19.1793,C4_05350W_A
orf19.9359,orf19.9359,C4_05350W_A
orf19.1794,orf19.1794,C4_05360C_A
orf19.9360,orf19.9360,C4_05360C_A
orf19.1795,orf19.1795,C4_05370W_A
orf19.9361,orf19.9361,C4_05370W_A
orf19.1796,orf19.1796,C4_05390W_A
orf19.9362,orf19.9362,C4_05390W_A
orf19.1797,orf19.1797,C4_05400C_A
orf19.9363,orf19.9363,C4_05400C_A
orf19.1798,orf19.1798,C4_05420C_A
orf19.9364,orf19.9364,C4_05420C_A
orf19.1799,orf19.1799,C4_05430C_A
orf19.9365,orf19.9365,C4_05430C_A
orf19.1800,orf19.1800,C4_05440C_A
orf19.9366,orf19.9366,C4_05440C_A
orf19.1801,orf19.1801,C4_05450C_A
orf19.9367,orf19.9367,C4_05450C_A
orf19.1802,orf19.1802,C4_05460C_A
orf19.9368,orf19.9368,C4_05460C_A
orf19.1234,orf19.1234,C4_05530W_A
orf19.8819,orf19.8819,C4_05530W_A
orf19.1235,orf19.1235,C4_05540W_A
orf19.8820,orf19.8820,C4_05540W_A
orf19.1236,orf19.1236,C4_05550C_A
orf19.8821,orf19.8821,C4_05550C_A
orf19.1237,orf19.1237,C4_05560C_A
orf19.8822,orf19.8822,C4_05560C_A
orf19.1238,orf19.1238,C4_05570C_A
orf19.8823,orf19.8823,C4_05570C_A
orf19.1239,orf19.1239,C4_05580C_A
orf19.8824,orf19.8824,C4_05580C_A
orf19.1240,orf19.1240,C4_05590W_A
orf19.8825,orf19.8825,C4_05590W_A
orf19.1244,orf19.1244,C4_05600W_A
orf19.8829,orf19.8829,C4_05600W_A
orf19.1246,orf19.1246,C4_05610C_A
orf19.8830,orf19.8830,C4_05610C_A
orf19.1247,orf19.1247,C4_05620C_A
orf19.8831,orf19.8831,C4_05620C_A
orf19.1248,orf19.1248,C4_05630W_A
orf19.8832,orf19.8832,C4_05630W_A
orf19.1249,orf19.1249,C4_05640C_A
orf19.8833,orf19.8833,C4_05640C_A
orf19.1250,orf19.1250,C4_05650W_A
orf19.8834,orf19.8834,C4_05650W_A
orf19.1251,orf19.1251,C4_05660C_A
orf19.8835,orf19.8835,C4_05660C_A
orf19.1252,orf19.1252,C4_05670W_A
orf19.8836,orf19.8836,C4_05670W_A
orf19.1253,orf19.1253,C4_05680W_A
orf19.8838,orf19.8838,C4_05680W_A
orf19.1254,orf19.1254,C4_05690W_A
orf19.8839,orf19.8839,C4_05690W_A
orf19.1255,orf19.1255,C4_05700W_A
orf19.1256,orf19.1256,C4_05700W_A
orf19.8841,orf19.8841,C4_05700W_A
orf19.8842,orf19.8842,C4_05700W_A
orf19.1257,orf19.1257,C4_05720W_A
orf19.1258,orf19.1258,C4_05730W_A
orf19.8843,orf19.8843,C4_05730W_A
orf19.1259,orf19.1259,C4_05740C_A
orf19.8844,orf19.8844,C4_05740C_A
orf19.1260,orf19.1260,C4_05750C_A
orf19.8845,orf19.8845,C4_05750C_A
orf19.1261,orf19.1261,C4_05760W_A
orf19.8846,orf19.8846,C4_05760W_A
orf19.1263,orf19.1263,C4_05770C_A
orf19.8848,orf19.8848,C4_05770C_A
orf19.1264,orf19.1264,C4_05780C_A
orf19.8849,orf19.8849,C4_05780C_A
orf19.1265,orf19.1265,C4_05790W_A
orf19.8850,orf19.8850,C4_05790W_A
orf19.1266,orf19.1266,C4_05800C_A
orf19.8852,orf19.8852,C4_05800C_A
orf19.1267,orf19.1267,C4_05810W_A
orf19.8853,orf19.8853,C4_05810W_A
orf19.1268,orf19.1268,C4_05830W_A
orf19.8854,orf19.8854,C4_05830W_A
orf19.1270,orf19.1270,C4_05840W_A
orf19.8856,orf19.8856,C4_05840W_A
orf19.1272,orf19.1272,C4_05850C_A
orf19.8858,orf19.8858,C4_05850C_A
orf19.1273,orf19.1273,C4_05860W_A
orf19.8859,orf19.8859,C4_05860W_A
orf19.1274,orf19.1274,C4_05870C_A
orf19.8861,orf19.8861,C4_05870C_A
orf19.1275,orf19.1275,C4_05880W_A
orf19.8862,orf19.8862,C4_05880W_A
orf19.1276,orf19.1276,C4_05890W_A
orf19.8863,orf19.8863,C4_05890W_A
orf19.1277,orf19.1277,C4_05900C_A
orf19.8864,orf19.8864,C4_05900C_A
orf19.11881,orf19.11881,C4_05910C_A
orf19.1278,orf19.1278,C4_05910C_A
orf19.4403,orf19.4403,C4_05910C_A
orf19.8865,orf19.8865,C4_05910C_A
orf19.11882,orf19.11882,C4_05920C_A
orf19.4404,orf19.4404,C4_05920C_A
orf19.11883,orf19.11883,C4_05940W_A
orf19.4405,orf19.4405,C4_05940W_A
orf19.11884,orf19.11884,C4_05960W_A
orf19.4406,orf19.4406,C4_05960W_A
orf19.11885,orf19.11885,C4_05970W_A
orf19.4407,orf19.4407,C4_05970W_A
orf19.11887,orf19.11887,C4_05980C_A
orf19.4409,orf19.4409,C4_05980C_A
orf19.11888,orf19.11888,C4_06000W_A
orf19.4410,orf19.4410,C4_06000W_A
orf19.11889,orf19.11889,C4_06010C_A
orf19.4411,orf19.4411,C4_06010C_A
orf19.11890,orf19.11890,C4_06020C_A
orf19.4412,orf19.4412,C4_06020C_A
orf19.11891,orf19.11891,C4_06030W_A
orf19.4413,orf19.4413,C4_06030W_A
orf19.11892,orf19.11892,C4_06040W_A
orf19.4414,orf19.4414,C4_06040W_A
orf19.11893,orf19.11893,C4_06050W_A
orf19.4415,orf19.4415,C4_06050W_A
orf19.11894,orf19.11894,C4_06060W_A
orf19.4416,orf19.4416,C4_06060W_A
orf19.11896,orf19.11896,C4_06070C_A
orf19.4418,orf19.4418,C4_06070C_A
orf19.11898,orf19.11898,C4_06090C_A
orf19.4420,orf19.4420,C4_06090C_A
orf19.11899,orf19.11899,C4_06100W_A
orf19.4421,orf19.4421,C4_06100W_A
orf19.4719,orf19.4719,C4_06100W_A
orf19.4718,orf19.4718,C4_06110C_A
orf19.4716,orf19.4716,C4_06120W_A
orf19.10441,orf19.10441,C4_06130W_A
orf19.2924,orf19.2924,C4_06130W_A
orf19.4715,orf19.4715,C4_06130W_A
orf19.10440,orf19.10440,C4_06140C_A
orf19.2923,orf19.2923,C4_06140C_A
orf19.10439,orf19.10439,C4_06150C_A
orf19.2922,orf19.2922,C4_06150C_A
orf19.10438,orf19.10438,C4_06160W_A
orf19.2921,orf19.2921,C4_06160W_A
orf19.10437,orf19.10437,C4_06170C_A
orf19.2920,orf19.2920,C4_06170C_A
orf19.10436,orf19.10436,C4_06190C_A
orf19.2919,orf19.2919,C4_06190C_A
orf19.10434,orf19.10434,C4_06210C_A
orf19.2917,orf19.2917,C4_06210C_A
orf19.10433,orf19.10433,C4_06220C_A
orf19.2916,orf19.2916,C4_06220C_A
orf19.10432,orf19.10432,C4_06230C_A
orf19.2915,orf19.2915,C4_06230C_A
orf19.10431,orf19.10431,C4_06240W_A
orf19.2914,orf19.2914,C4_06240W_A
orf19.10430,orf19.10430,C4_06250C_A
orf19.2911,orf19.2911,C4_06250C_A
orf19.2913,orf19.2913,C4_06250C_A
orf19.10428,orf19.10428,C4_06260W_A
orf19.2910,orf19.2910,C4_06260W_A
orf19.10427,orf19.10427,C4_06270C_A
orf19.2909,orf19.2909,C4_06270C_A
orf19.10426,orf19.10426,C4_06280C_A
orf19.2908,orf19.2908,C4_06280C_A
orf19.10425,orf19.10425,C4_06300C_A
orf19.2907,orf19.2907,C4_06300C_A
orf19.10424,orf19.10424,C4_06310C_A
orf19.2906,orf19.2906,C4_06310C_A
orf19.10423,orf19.10423,C4_06320C_A
orf19.2905,orf19.2905,C4_06320C_A
orf19.10421,orf19.10421,C4_06340W_A
orf19.10422,orf19.10422,C4_06340W_A
orf19.2903,orf19.2903,C4_06340W_A
orf19.2904,orf19.2904,C4_06340W_A
orf19.10419,orf19.10419,C4_06350C_A
orf19.2901,orf19.2901,C4_06350C_A
orf19.10417,orf19.10417,C4_06360C_A
orf19.2899,orf19.2899,C4_06360C_A
orf19.10416,orf19.10416,C4_06370C_A
orf19.2898,orf19.2898,C4_06370C_A
orf19.10415,orf19.10415,C4_06380W_A
orf19.2897,orf19.2897,C4_06380W_A
orf19.10414,orf19.10414,C4_06390W_A
orf19.2896,orf19.2896,C4_06390W_A
orf19.10413,orf19.10413,C4_06400C_A
orf19.2895,orf19.2895,C4_06400C_A
orf19.10411,orf19.10411,C4_06410W_A
orf19.2893,orf19.2893,C4_06410W_A
orf19.10410,orf19.10410,C4_06420W_A
orf19.2892,orf19.2892,C4_06420W_A
orf19.10409,orf19.10409,C4_06430C_A
orf19.2891,orf19.2891,C4_06430C_A
orf19.10408,orf19.10408,C4_06440C_A
orf19.2890,orf19.2890,C4_06440C_A
orf19.10407,orf19.10407,C4_06450W_A
orf19.2889,orf19.2889,C4_06450W_A
orf19.10406,orf19.10406,C4_06460C_A
orf19.2888,orf19.2888,C4_06460C_A
orf19.10405,orf19.10405,C4_06470W_A
orf19.2887,orf19.2887,C4_06470W_A
orf19.10404,orf19.10404,C4_06480C_A
orf19.2886,orf19.2886,C4_06480C_A
orf19.10403,orf19.10403,C4_06490C_A
orf19.2885,orf19.2885,C4_06490C_A
orf19.10402,orf19.10402,C4_06500W_A
orf19.2884,orf19.2884,C4_06500W_A
orf19.10401,orf19.10401,C4_06510C_A
orf19.2883,orf19.2883,C4_06510C_A
orf19.10400,orf19.10400,C4_06530C_A
orf19.2882,orf19.2882,C4_06530C_A
orf19.10399,orf19.10399,C4_06540W_A
orf19.2881,orf19.2881,C4_06540W_A
orf19.10397,orf19.10397,C4_06550C_A
orf19.2879,orf19.2879,C4_06550C_A
orf19.10396,orf19.10396,C4_06560W_A
orf19.2878,orf19.2878,C4_06560W_A
orf19.10395,orf19.10395,C4_06570C_A
orf19.2877,orf19.2877,C4_06570C_A
orf19.10394,orf19.10394,C4_06580W_A
orf19.2876,orf19.2876,C4_06580W_A
orf19.10393,orf19.10393,C4_06590W_A
orf19.2875,orf19.2875,C4_06590W_A
orf19.10391,orf19.10391,C4_06600W_A
orf19.2873,orf19.2873,C4_06600W_A
orf19.10389,orf19.10389,C4_06610C_A
orf19.2871,orf19.2871,C4_06610C_A
orf19.10388,orf19.10388,C4_06620C_A
orf19.2870,orf19.2870,C4_06620C_A
orf19.10387,orf19.10387,C4_06630C_A
orf19.2869,orf19.2869,C4_06630C_A
orf19.10386,orf19.10386,C4_06640C_A
orf19.2868,orf19.2868,C4_06640C_A
orf19.10385,orf19.10385,C4_06650W_A
orf19.2867,orf19.2867,C4_06650W_A
orf19.10384,orf19.10384,C4_06660W_A
orf19.10655,orf19.10655,C4_06660W_A
orf19.2866,orf19.2866,C4_06660W_A
orf19.3143,orf19.3143,C4_06660W_A
orf19.10654,orf19.10654,C4_06670W_A
orf19.3142,orf19.3142,C4_06670W_A
orf19.10653,orf19.10653,C4_06680C_A
orf19.3141,orf19.3141,C4_06680C_A
orf19.3140,orf19.3140,C4_06700W_A
orf19.10651,orf19.10651,C4_06710W_A
orf19.3139,orf19.3139,C4_06710W_A
orf19.10650,orf19.10650,C4_06720W_A
orf19.3138,orf19.3138,C4_06720W_A
orf19.10648,orf19.10648,C4_06730C_A
orf19.3136,orf19.3136,C4_06730C_A
orf19.10647,orf19.10647,C4_06740C_A
orf19.3135,orf19.3135,C4_06740C_A
orf19.10646,orf19.10646,C4_06750C_A
orf19.3134,orf19.3134,C4_06750C_A
orf19.10645,orf19.10645,C4_06760W_A
orf19.3133,orf19.3133,C4_06760W_A
orf19.10644,orf19.10644,C4_06770W_A
orf19.3132,orf19.3132,C4_06770W_A
orf19.10643,orf19.10643,C4_06780C_A
orf19.3131,orf19.3131,C4_06780C_A
orf19.10642,orf19.10642,C4_06790W_A
orf19.3130,orf19.3130,C4_06790W_A
orf19.10641,orf19.10641,C4_06800W_A
orf19.3129,orf19.3129,C4_06800W_A
orf19.10640,orf19.10640,C4_06810C_A
orf19.3128,orf19.3128,C4_06810C_A
orf19.10639,orf19.10639,C4_06820C_A
orf19.3127,orf19.3127,C4_06820C_A
orf19.10638,orf19.10638,C4_06830C_A
orf19.3126,orf19.3126,C4_06830C_A
orf19.10637,orf19.10637,C4_06840W_A
orf19.3125,orf19.3125,C4_06840W_A
orf19.10636,orf19.10636,C4_06850C_A
orf19.3124,orf19.3124,C4_06850C_A
orf19.10635,orf19.10635,C4_06870W_A
orf19.3123,orf19.3123,C4_06870W_A
orf19.10634,orf19.10634,C4_06890W_A
orf19.3122,orf19.3122,C4_06890W_A
orf19.10633,orf19.10633,C4_06900W_A
orf19.3121,orf19.3121,C4_06900W_A
orf19.10632,orf19.10632,C4_06910W_A
orf19.3120,orf19.3120,C4_06910W_A
orf19.10631,orf19.10631,C4_06920C_A
orf19.3117,orf19.3117,C4_06920C_A
orf19.3119,orf19.3119,C4_06920C_A
orf19.10628,orf19.10628,C4_06930C_A
orf19.3116,orf19.3116,C4_06930C_A
orf19.10627,orf19.10627,C4_06940C_A
orf19.3115,orf19.3115,C4_06940C_A
orf19.10626,orf19.10626,C4_06950W_A
orf19.3114,orf19.3114,C4_06950W_A
orf19.10625,orf19.10625,C4_06960W_A
orf19.3113,orf19.3113,C4_06960W_A
orf19.10624,orf19.10624,C4_06970C_A
orf19.3112,orf19.3112,C4_06970C_A
orf19.10623,orf19.10623,C4_06980W_A
orf19.3111,orf19.3111,C4_06980W_A
orf19.10622,orf19.10622,C4_06990W_A
orf19.3110,orf19.3110,C4_06990W_A
orf19.10621,orf19.10621,C4_07000W_A
orf19.3109,orf19.3109,C4_07000W_A
orf19.10620,orf19.10620,C4_07010C_A
orf19.3108,orf19.3108,C4_07010C_A
orf19.10619,orf19.10619,C4_07020C_A
orf19.3107,orf19.3107,C4_07020C_A
orf19.10618,orf19.10618,C4_07030W_A
orf19.3106,orf19.3106,C4_07030W_A
orf19.10617,orf19.10617,C4_07040W_A
orf19.3105,orf19.3105,C4_07040W_A
orf19.10616,orf19.10616,C4_07050W_A
orf19.3104,orf19.3104,C4_07050W_A
orf19.10615,orf19.10615,C4_07060W_A
orf19.3103,orf19.3103,C4_07060W_A
orf19.10614,orf19.10614,C4_07070W_A
orf19.3102,orf19.3102,C4_07070W_A
orf19.10613,orf19.10613,C4_07080C_A
orf19.3100,orf19.3100,C4_07080C_A
orf19.10611,orf19.10611,C4_07090C_A
orf19.3099,orf19.3099,C4_07090C_A
orf19.10610,orf19.10610,C4_07100C_A
orf19.3098,orf19.3098,C4_07100C_A
orf19.10608,orf19.10608,C4_07110C_A
orf19.10609,orf19.10609,C4_07110C_A
orf19.3096,orf19.3096,C4_07110C_A
orf19.3097,orf19.3097,C4_07110C_A
orf19.10605,orf19.10605,C4_07120C_A
orf19.3093,orf19.3093,C4_07120C_A
orf19.10602,orf19.10602,C4_07130W_A
orf19.10603,orf19.10603,C4_07130W_A
orf19.3090,orf19.3090,C4_07130W_A
orf19.3091,orf19.3091,C4_07130W_A
orf19.10601,orf19.10601,C4_07140W_A
orf19.3089,orf19.3089,C4_07140W_A
orf19.10600,orf19.10600,C4_07150W_A
orf19.3088,orf19.3088,C4_07150W_A
orf19.10599,orf19.10599,C4_07180W_A
orf19.3087,orf19.3087,C4_07180W_A
orf19.10598,orf19.10598,C4_07190W_A
orf19.3086,orf19.3086,C4_07190W_A
orf19.10595,orf19.10595,C4_07200C_A
orf19.3083,orf19.3083,C4_07200C_A
orf19.10596,orf19.10596,C4_07210W_A
orf19.3084,orf19.3084,C4_07210W_A
orf19.3080,orf19.3080,C4_07220C_A
orf19.10590,orf19.10590,C4_07230C_A
orf19.3077,orf19.3077,C4_07230C_A
orf19.10588,orf19.10588,C4_07240W_A
orf19.3076,orf19.3076,C4_07240W_A
orf19.10586,orf19.10586,C4_07250C_A
orf19.3074,orf19.3074,C4_07250C_A
orf19.10585,orf19.10585,C4_07260W_A
orf19.3073,orf19.3073,C4_07260W_A
orf19.5700,orf19.5700,C5_00010W_A
orf19.5698,orf19.5698,C5_00030W_A
orf19.5693,orf19.5693,C5_00040C_A
orf19.5694,orf19.5694,C5_00050W_A
orf19.5692,orf19.5692,C5_00060C_A
orf19.5691,orf19.5691,C5_00070W_A
orf19.5689,orf19.5689,C5_00080C_A
orf19.5688,orf19.5688,C5_00090C_A
orf19.5686,orf19.5686,C5_00100C_A
orf19.5685,orf19.5685,C5_00110C_A
orf19.5684,orf19.5684,C5_00130C_A
orf19.5683,orf19.5683,C5_00140C_A
orf19.5682,orf19.5682,C5_00150C_A
orf19.5681,orf19.5681,C5_00160W_A
orf19.5680,orf19.5680,C5_00170W_A
orf19.5679,orf19.5679,C5_00180W_A
orf19.8595,orf19.8595,C5_00180W_A
orf19.980,orf19.980,C5_00180W_A
orf19.8594,orf19.8594,C5_00190C_A
orf19.979,orf19.979,C5_00190C_A
orf19.8593,orf19.8593,C5_00200C_A
orf19.978,orf19.978,C5_00200C_A
orf19.8591,orf19.8591,C5_00210C_A
orf19.976,orf19.976,C5_00210C_A
orf19.8589,orf19.8589,C5_00220W_A
orf19.974,orf19.974,C5_00220W_A
orf19.8587,orf19.8587,C5_00230C_A
orf19.972,orf19.972,C5_00230C_A
orf19.8586,orf19.8586,C5_00240W_A
orf19.971,orf19.971,C5_00240W_A
orf19.8585,orf19.8585,C5_00250C_A
orf19.970,orf19.970,C5_00250C_A
orf19.8584,orf19.8584,C5_00260W_A
orf19.969,orf19.969,C5_00260W_A
orf19.8583,orf19.8583,C5_00270W_A
orf19.968,orf19.968,C5_00270W_A
orf19.8582,orf19.8582,C5_00280C_A
orf19.967,orf19.967,C5_00280C_A
orf19.8581,orf19.8581,C5_00290W_A
orf19.966,orf19.966,C5_00290W_A
orf19.8579,orf19.8579,C5_00300C_A
orf19.964,orf19.964,C5_00300C_A
orf19.8577,orf19.8577,C5_00310C_A
orf19.962,orf19.962,C5_00310C_A
orf19.8571,orf19.8571,C5_00330C_A
orf19.956,orf19.956,C5_00330C_A
orf19.8570,orf19.8570,C5_00340W_A
orf19.955,orf19.955,C5_00340W_A
orf19.8569,orf19.8569,C5_00350C_A
orf19.954,orf19.954,C5_00350C_A
orf19.8567,orf19.8567,C5_00380W_A
orf19.952,orf19.952,C5_00380W_A
orf19.8566,orf19.8566,C5_00390C_A
orf19.951,orf19.951,C5_00390C_A
orf19.8564,orf19.8564,C5_00400C_A
orf19.949,orf19.949,C5_00400C_A
orf19.8563,orf19.8563,C5_00410W_A
orf19.948,orf19.948,C5_00410W_A
orf19.8562,orf19.8562,C5_00420C_A
orf19.947,orf19.947,C5_00420C_A
orf19.8561,orf19.8561,C5_00430W_A
orf19.946,orf19.946,C5_00430W_A
orf19.8560,orf19.8560,C5_00440C_A
orf19.945,orf19.945,C5_00440C_A
orf19.8559,orf19.8559,C5_00450C_A
orf19.944,orf19.944,C5_00450C_A
orf19.8558,orf19.8558,C5_00460C_A
orf19.943,orf19.943,C5_00460C_A
orf19.8557,orf19.8557,C5_00470C_A
orf19.942,orf19.942,C5_00470C_A
orf19.8556,orf19.8556,C5_00480C_A
orf19.941,orf19.941,C5_00480C_A
orf19.8555,orf19.8555,C5_00490C_A
orf19.940,orf19.940,C5_00490C_A
orf19.8554,orf19.8554,C5_00500W_A
orf19.939,orf19.939,C5_00500W_A
orf19.8553,orf19.8553,C5_00510W_A
orf19.938,orf19.938,C5_00510W_A
orf19.8552,orf19.8552,C5_00520W_A
orf19.937,orf19.937,C5_00520W_A
orf19.8551,orf19.8551,C5_00530W_A
orf19.936,orf19.936,C5_00530W_A
orf19.8550,orf19.8550,C5_00540C_A
orf19.935,orf19.935,C5_00540C_A
orf19.2224,orf19.2224,C5_00550C_A
orf19.8549,orf19.8549,C5_00550C_A
orf19.934,orf19.934,C5_00550C_A
orf19.2225,orf19.2225,C5_00560W_A
orf19.8548,orf19.8548,C5_00560W_A
orf19.933,orf19.933,C5_00560W_A
orf19.2226,orf19.2226,C5_00570W_A
orf19.8547,orf19.8547,C5_00570W_A
orf19.932,orf19.932,C5_00570W_A
orf19.8546,orf19.8546,C5_00580W_A
orf19.931,orf19.931,C5_00580W_A
orf19.8545,orf19.8545,C5_00590W_A
orf19.930,orf19.930,C5_00590W_A
orf19.8544,orf19.8544,C5_00600C_A
orf19.929,orf19.929,C5_00600C_A
orf19.8543,orf19.8543,C5_00610C_A
orf19.928,orf19.928,C5_00610C_A
orf19.8542,orf19.8542,C5_00620W_A
orf19.927,orf19.927,C5_00620W_A
orf19.8541,orf19.8541,C5_00630C_A
orf19.926,orf19.926,C5_00630C_A
orf19.8540,orf19.8540,C5_00640C_A
orf19.925,orf19.925,C5_00640C_A
orf19.8539,orf19.8539,C5_00650C_A
orf19.923,orf19.923,C5_00650C_A
orf19.8538,orf19.8538,C5_00660C_A
orf19.922,orf19.922,C5_00660C_A
orf19.8536,orf19.8536,C5_00670C_A
orf19.921,orf19.921,C5_00670C_A
orf19.8535,orf19.8535,C5_00680W_A
orf19.920,orf19.920,C5_00680W_A
orf19.567,orf19.567,C5_00690C_A
orf19.8198,orf19.8198,C5_00690C_A
orf19.568,orf19.568,C5_00700C_A
orf19.8199,orf19.8199,C5_00700C_A
orf19.570,orf19.570,C5_00710W_A
orf19.8201,orf19.8201,C5_00710W_A
orf19.575,orf19.575,C5_00730W_A
orf19.8206,orf19.8206,C5_00730W_A
orf19.576,orf19.576,C5_00740W_A
orf19.8207,orf19.8207,C5_00740W_A
orf19.577,orf19.577,C5_00750C_A
orf19.8208,orf19.8208,C5_00750C_A
orf19.578,orf19.578,C5_00760W_A
orf19.8209,orf19.8209,C5_00760W_A
orf19.579,orf19.579,C5_00770C_A
orf19.8210,orf19.8210,C5_00770C_A
orf19.580,orf19.580,C5_00780C_A
orf19.8211,orf19.8211,C5_00780C_A
orf19.581,orf19.581,C5_00790C_A
orf19.8214,orf19.8214,C5_00790C_A
orf19.583,orf19.583,C5_00800C_A
orf19.8215,orf19.8215,C5_00800C_A
orf19.584,orf19.584,C5_00810C_A
orf19.8216,orf19.8216,C5_00810C_A
orf19.585,orf19.585,C5_00820W_A
orf19.8217,orf19.8217,C5_00820W_A
orf19.586,orf19.586,C5_00830C_A
orf19.8218,orf19.8218,C5_00830C_A
orf19.1983,orf19.1983,C5_00840W_A
orf19.587,orf19.587,C5_00840W_A
orf19.8219,orf19.8219,C5_00840W_A
orf19.9539,orf19.9539,C5_00840W_A
orf19.1982,orf19.1982,C5_00850C_A
orf19.588,orf19.588,C5_00850C_A
orf19.8220,orf19.8220,C5_00850C_A
orf19.9538,orf19.9538,C5_00850C_A
orf19.1981,orf19.1981,C5_00860W_A
orf19.9537,orf19.9537,C5_00860W_A
orf19.1980,orf19.1980,C5_00870C_A
orf19.9536,orf19.9536,C5_00870C_A
orf19.1979,orf19.1979,C5_00880C_A
orf19.9535,orf19.9535,C5_00880C_A
orf19.1978,orf19.1978,C5_00890C_A
orf19.9534,orf19.9534,C5_00890C_A
orf19.1977,orf19.1977,C5_00900C_A
orf19.9533,orf19.9533,C5_00900C_A
orf19.1976,orf19.1976,C5_00910C_A
orf19.9532,orf19.9532,C5_00910C_A
orf19.1975,orf19.1975,C5_00920W_A
orf19.9531,orf19.9531,C5_00920W_A
orf19.1974,orf19.1974,C5_00930C_A
orf19.9530,orf19.9530,C5_00930C_A
orf19.1973,orf19.1973,C5_00940C_A
orf19.9529,orf19.9529,C5_00940C_A
orf19.1972,orf19.1972,C5_00950C_A
orf19.9528,orf19.9528,C5_00950C_A
orf19.1971,orf19.1971,C5_00980W_A
orf19.9527,orf19.9527,C5_00980W_A
orf19.1970,orf19.1970,C5_01000C_A
orf19.9526,orf19.9526,C5_01000C_A
orf19.1969,orf19.1969,C5_01010W_A
orf19.9525,orf19.9525,C5_01010W_A
orf19.1968,orf19.1968,C5_01040W_A
orf19.9524,orf19.9524,C5_01040W_A
orf19.1967,orf19.1967,C5_01050C_A
orf19.9523,orf19.9523,C5_01050C_A
orf19.1966,orf19.1966,C5_01060C_A
orf19.9522,orf19.9522,C5_01060C_A
orf19.1964,orf19.1964,C5_01070C_A
orf19.9520,orf19.9520,C5_01070C_A
orf19.1963,orf19.1963,C5_01080C_A
orf19.9519,orf19.9519,C5_01080C_A
orf19.1961,orf19.1961,C5_01090C_A
orf19.9516,orf19.9516,C5_01090C_A
orf19.1960,orf19.1960,C5_01100C_A
orf19.9515,orf19.9515,C5_01100C_A
orf19.1959,orf19.1959,C5_01110W_A
orf19.9514,orf19.9514,C5_01110W_A
orf19.1958,orf19.1958,C5_01120W_A
orf19.9513,orf19.9513,C5_01120W_A
orf19.1957,orf19.1957,C5_01130W_A
orf19.9512,orf19.9512,C5_01130W_A
orf19.1956,orf19.1956,C5_01140C_A
orf19.9511,orf19.9511,C5_01140C_A
orf19.1955,orf19.1955,C5_01170W_A
orf19.9510,orf19.9510,C5_01170W_A
orf19.1954,orf19.1954,C5_01180W_A
orf19.9509,orf19.9509,C5_01180W_A
orf19.1952,orf19.1952,C5_01190W_A
orf19.1953,orf19.1953,C5_01190W_A
orf19.9508,orf19.9508,C5_01190W_A
orf19.1950,orf19.1950,C5_01200W_A
orf19.9506,orf19.9506,C5_01200W_A
orf19.1949,orf19.1949,C5_01210W_A
orf19.9505,orf19.9505,C5_01210W_A
orf19.1948,orf19.1948,C5_01220W_A
orf19.9504,orf19.9504,C5_01220W_A
orf19.1946,orf19.1946,C5_01230C_A
orf19.9501,orf19.9501,C5_01230C_A
orf19.1945,orf19.1945,C5_01240W_A
orf19.9500,orf19.9500,C5_01240W_A
orf19.1944,orf19.1944,C5_01250W_A
orf19.9499,orf19.9499,C5_01250W_A
orf19.1943,orf19.1943,C5_01260W_A
orf19.9498,orf19.9498,C5_01260W_A
orf19.1942,orf19.1942,C5_01270W_A
orf19.9497,orf19.9497,C5_01270W_A
orf19.1941,orf19.1941,C5_01280C_A
orf19.9496,orf19.9496,C5_01280C_A
orf19.1940,orf19.1940,C5_01290C_A
orf19.9495,orf19.9495,C5_01290C_A
orf19.1939,orf19.1939,C5_01300C_A
orf19.9494,orf19.9494,C5_01300C_A
orf19.1938,orf19.1938,C5_01310W_A
orf19.9493,orf19.9493,C5_01310W_A
orf19.1936,orf19.1936,C5_01320W_A
orf19.9491,orf19.9491,C5_01320W_A
orf19.1935,orf19.1935,C5_01330W_A
orf19.1934,orf19.1934,C5_01340W_A
orf19.9490,orf19.9490,C5_01340W_A
orf19.1933,orf19.1933,C5_01350W_A
orf19.9489,orf19.9489,C5_01350W_A
orf19.1932,orf19.1932,C5_01360W_A
orf19.9488,orf19.9488,C5_01360W_A
orf19.1930,orf19.1930,C5_01380W_A
orf19.9486,orf19.9486,C5_01380W_A
orf19.1927,orf19.1927,C5_01390C_A
orf19.9483,orf19.9483,C5_01390C_A
orf19.11606,orf19.11606,C5_01400W_A
orf19.1926,orf19.1926,C5_01400W_A
orf19.4129,orf19.4129,C5_01400W_A
orf19.9482,orf19.9482,C5_01400W_A
orf19.11608,orf19.11608,C5_01410C_A
orf19.4131,orf19.4131,C5_01410C_A
orf19.11609,orf19.11609,C5_01420W_A
orf19.4132,orf19.4132,C5_01420W_A
orf19.11610,orf19.11610,C5_01430C_A
orf19.4133,orf19.4133,C5_01430C_A
orf19.11611,orf19.11611,C5_01440C_A
orf19.4134,orf19.4134,C5_01440C_A
orf19.11612,orf19.11612,C5_01450W_A
orf19.4135,orf19.4135,C5_01450W_A
orf19.11613,orf19.11613,C5_01460W_A
orf19.4136,orf19.4136,C5_01460W_A
orf19.4138,orf19.4138,C5_01460W_A
orf19.4139,orf19.4139,C5_01460W_A
orf19.11617,orf19.11617,C5_01470C_A
orf19.11618,orf19.11618,C5_01470C_A
orf19.4141,orf19.4141,C5_01470C_A
orf19.4142,orf19.4142,C5_01470C_A
orf19.11619,orf19.11619,C5_01480W_A
orf19.4143,orf19.4143,C5_01480W_A
orf19.11620,orf19.11620,C5_01490C_A
orf19.4144,orf19.4144,C5_01490C_A
orf19.11621,orf19.11621,C5_01500C_A
orf19.4145,orf19.4145,C5_01500C_A
orf19.11622,orf19.11622,C5_01510W_A
orf19.4146,orf19.4146,C5_01510W_A
orf19.11623,orf19.11623,C5_01520C_A
orf19.4147,orf19.4147,C5_01520C_A
orf19.11624,orf19.11624,C5_01530C_A
orf19.4148,orf19.4148,C5_01530C_A
orf19.11625,orf19.11625,C5_01550C_A
orf19.4149,orf19.4149,C5_01550C_A
orf19.11626,orf19.11626,C5_01560C_A
orf19.4150,orf19.4150,C5_01560C_A
orf19.11628,orf19.11628,C5_01570C_A
orf19.4151,orf19.4151,C5_01570C_A
orf19.11629,orf19.11629,C5_01580C_A
orf19.4152,orf19.4152,C5_01580C_A
orf19.11630,orf19.11630,C5_01590W_A
orf19.13678,orf19.13678,C5_01590W_A
orf19.4153,orf19.4153,C5_01590W_A
orf19.6299,orf19.6299,C5_01590W_A
orf19.11631,orf19.11631,C5_01600C_A
orf19.13677,orf19.13677,C5_01600C_A
orf19.4154,orf19.4154,C5_01600C_A
orf19.6298,orf19.6298,C5_01600C_A
orf19.13676,orf19.13676,C5_01610W_A
orf19.6297,orf19.6297,C5_01610W_A
orf19.13675,orf19.13675,C5_01620C_A
orf19.6296,orf19.6296,C5_01620C_A
orf19.13674,orf19.13674,C5_01640W_A
orf19.6295,orf19.6295,C5_01640W_A
orf19.13673,orf19.13673,C5_01650C_A
orf19.6294,orf19.6294,C5_01650C_A
orf19.10720,orf19.10720,C5_01670W_A
orf19.3208,orf19.3208,C5_01670W_A
orf19.10719,orf19.10719,C5_01680C_A
orf19.3207,orf19.3207,C5_01680C_A
orf19.10718,orf19.10718,C5_01690C_A
orf19.3206,orf19.3206,C5_01690C_A
orf19.10717,orf19.10717,C5_01700W_A
orf19.3205,orf19.3205,C5_01700W_A
orf19.10716,orf19.10716,C5_01710C_A
orf19.3204,orf19.3204,C5_01710C_A
orf19.10715,orf19.10715,C5_01720C_A
orf19.3203,orf19.3203,C5_01720C_A
orf19.10714,orf19.10714,C5_01730W_A
orf19.3202,orf19.3202,C5_01730W_A
orf19.3201,orf19.3201,C5_01740C_A
orf19.10713,orf19.10713,C5_01745W_B
orf19.3200,orf19.3200,C5_01750C_A
orf19.10712,orf19.10712,C5_01755C_B
orf19.3199,orf19.3199,C5_01760C_A
orf19.10711,orf19.10711,C5_01765C_B
orf19.3198,orf19.3198,C5_01770C_A
orf19.10709,orf19.10709,C5_01775C_B
orf19.10710,orf19.10710,C5_01775C_B
orf19.3197,orf19.3197,C5_01780W_A
orf19.10708,orf19.10708,C5_01785W_B
orf19.3196,orf19.3196,C5_01790C_A
orf19.10706,orf19.10706,C5_01800C_A
orf19.3195,orf19.3195,C5_01800C_A
orf19.10704,orf19.10704,C5_01810W_A
orf19.3193,orf19.3193,C5_01810W_A
orf19.10702,orf19.10702,C5_01820W_A
orf19.3191,orf19.3191,C5_01820W_A
orf19.3192,orf19.3192,C5_01820W_A
orf19.10701,orf19.10701,C5_01830C_A
orf19.3190,orf19.3190,C5_01830C_A
orf19.10699,orf19.10699,C5_01840C_A
orf19.10700,orf19.10700,C5_01840C_A
orf19.3188,orf19.3188,C5_01840C_A
orf19.3189,orf19.3189,C5_01840C_A
orf19.10697,orf19.10697,C5_01850C_A
orf19.3187,orf19.3187,C5_01850C_A
orf19.3186,orf19.3186,C5_01860W_A
orf19.10695,orf19.10695,C5_01870W_A
orf19.3185,orf19.3185,C5_01870W_A
orf19.10694,orf19.10694,C5_01880C_A
orf19.3184,orf19.3184,C5_01880C_A
orf19.10693,orf19.10693,C5_01890W_A
orf19.3183,orf19.3183,C5_01890W_A
orf19.10692,orf19.10692,C5_01910W_A
orf19.3182,orf19.3182,C5_01910W_A
orf19.10690,orf19.10690,C5_01920C_A
orf19.3180,orf19.3180,C5_01920C_A
orf19.10688,orf19.10688,C5_01930W_A
orf19.3178,orf19.3178,C5_01930W_A
orf19.10687,orf19.10687,C5_01940W_A
orf19.3177,orf19.3177,C5_01940W_A
orf19.10686,orf19.10686,C5_01950C_A
orf19.3176,orf19.3176,C5_01950C_A
orf19.10685,orf19.10685,C5_01960C_A
orf19.3175,orf19.3175,C5_01960C_A
orf19.10684,orf19.10684,C5_01970C_A
orf19.3174,orf19.3174,C5_01970C_A
orf19.10683,orf19.10683,C5_01980C_A
orf19.3173,orf19.3173,C5_01980C_A
orf19.10682,orf19.10682,C5_01990W_A
orf19.3172,orf19.3172,C5_01990W_A
orf19.10681,orf19.10681,C5_02000C_A
orf19.3171,orf19.3171,C5_02000C_A
orf19.10680,orf19.10680,C5_02010C_A
orf19.3170,orf19.3170,C5_02010C_A
orf19.10678,orf19.10678,C5_02020C_A
orf19.3169,orf19.3169,C5_02020C_A
orf19.10677,orf19.10677,C5_02030W_A
orf19.3168,orf19.3168,C5_02030W_A
orf19.10676,orf19.10676,C5_02040W_A
orf19.3167,orf19.3167,C5_02040W_A
orf19.10675,orf19.10675,C5_02050W_A
orf19.3166,orf19.3166,C5_02050W_A
orf19.10672,orf19.10672,C5_02060W_A
orf19.3163,orf19.3163,C5_02060W_A
orf19.10670,orf19.10670,C5_02070C_A
orf19.3161,orf19.3161,C5_02070C_A
orf19.10669,orf19.10669,C5_02080C_A
orf19.3160,orf19.3160,C5_02080C_A
orf19.11692,orf19.11692,C5_02110W_A
orf19.4216,orf19.4216,C5_02110W_A
orf19.11695,orf19.11695,C5_02120C_A
orf19.4219,orf19.4219,C5_02120C_A
orf19.4217,orf19.4217,C5_02130W_A
orf19.11696,orf19.11696,C5_02140C_A
orf19.4220,orf19.4220,C5_02140C_A
orf19.11697,orf19.11697,C5_02150C_A
orf19.4221,orf19.4221,C5_02150C_A
orf19.11698,orf19.11698,C5_02160W_A
orf19.4222,orf19.4222,C5_02160W_A
orf19.11699,orf19.11699,C5_02170C_A
orf19.4223,orf19.4223,C5_02170C_A
orf19.11700,orf19.11700,C5_02180C_A
orf19.4225,orf19.4225,C5_02180C_A
orf19.11702,orf19.11702,C5_02200W_A
orf19.4227,orf19.4227,C5_02200W_A
orf19.11703,orf19.11703,C5_02210W_A
orf19.4228,orf19.4228,C5_02210W_A
orf19.11704,orf19.11704,C5_02220C_A
orf19.4229,orf19.4229,C5_02220C_A
orf19.11705,orf19.11705,C5_02230W_A
orf19.4230,orf19.4230,C5_02230W_A
orf19.11706,orf19.11706,C5_02240W_A
orf19.4231,orf19.4231,C5_02240W_A
orf19.11707,orf19.11707,C5_02260C_A
orf19.4232,orf19.4232,C5_02260C_A
orf19.11708,orf19.11708,C5_02270W_A
orf19.4233,orf19.4233,C5_02270W_A
orf19.11709,orf19.11709,C5_02280C_A
orf19.4234,orf19.4234,C5_02280C_A
orf19.11710,orf19.11710,C5_02290W_A
orf19.4235,orf19.4235,C5_02290W_A
orf19.11711,orf19.11711,C5_02300C_A
orf19.4236,orf19.4236,C5_02300C_A
orf19.11714,orf19.11714,C5_02310C_A
orf19.4239,orf19.4239,C5_02310C_A
orf19.11715,orf19.11715,C5_02320C_A
orf19.4240,orf19.4240,C5_02320C_A
orf19.11716,orf19.11716,C5_02330W_A
orf19.4241,orf19.4241,C5_02330W_A
orf19.11717,orf19.11717,C5_02340C_A
orf19.4242,orf19.4242,C5_02340C_A
orf19.11718,orf19.11718,C5_02350C_A
orf19.4243,orf19.4243,C5_02350C_A
orf19.11719,orf19.11719,C5_02360C_A
orf19.4244,orf19.4244,C5_02360C_A
orf19.11720,orf19.11720,C5_02370C_A
orf19.4245,orf19.4245,C5_02370C_A
orf19.11721,orf19.11721,C5_02380W_A
orf19.4246,orf19.4246,C5_02380W_A
orf19.11722,orf19.11722,C5_02390C_A
orf19.4247,orf19.4247,C5_02390C_A
orf19.11723,orf19.11723,C5_02400W_A
orf19.4248,orf19.4248,C5_02400W_A
orf19.11725,orf19.11725,C5_02410C_A
orf19.4250,orf19.4250,C5_02410C_A
orf19.11726,orf19.11726,C5_02430W_A
orf19.4251,orf19.4251,C5_02430W_A
orf19.11727,orf19.11727,C5_02440C_A
orf19.4252,orf19.4252,C5_02440C_A
orf19.11728,orf19.11728,C5_02450W_A
orf19.4253,orf19.4253,C5_02450W_A
orf19.11730,orf19.11730,C5_02460C_A
orf19.4255,orf19.4255,C5_02460C_A
orf19.11733,orf19.11733,C5_02470W_A
orf19.4257,orf19.4257,C5_02470W_A
orf19.11734,orf19.11734,C5_02480W_A
orf19.4258,orf19.4258,C5_02480W_A
orf19.11737,orf19.11737,C5_02490C_A
orf19.4261,orf19.4261,C5_02490C_A
orf19.11738,orf19.11738,C5_02500C_A
orf19.4262,orf19.4262,C5_02500C_A
orf19.11739,orf19.11739,C5_02510C_A
orf19.4263,orf19.4263,C5_02510C_A
orf19.11740,orf19.11740,C5_02520W_A
orf19.4264,orf19.4264,C5_02520W_A
orf19.11741,orf19.11741,C5_02530W_A
orf19.4265,orf19.4265,C5_02530W_A
orf19.11742,orf19.11742,C5_02540C_A
orf19.11743,orf19.11743,C5_02540C_A
orf19.4266,orf19.4266,C5_02540C_A
orf19.4267,orf19.4267,C5_02540C_A
orf19.11744,orf19.11744,C5_02550C_A
orf19.4268,orf19.4268,C5_02550C_A
orf19.11745,orf19.11745,C5_02560C_A
orf19.4269,orf19.4269,C5_02560C_A
orf19.11746,orf19.11746,C5_02570W_A
orf19.4270,orf19.4270,C5_02570W_A
orf19.11747,orf19.11747,C5_02580W_A
orf19.4271,orf19.4271,C5_02580W_A
orf19.11749,orf19.11749,C5_02590C_A
orf19.4273,orf19.4273,C5_02590C_A
orf19.11750,orf19.11750,C5_02600W_A
orf19.4274,orf19.4274,C5_02600W_A
orf19.11751,orf19.11751,C5_02610C_A
orf19.11752,orf19.11752,C5_02610C_A
orf19.4275,orf19.4275,C5_02610C_A
orf19.4276,orf19.4276,C5_02610C_A
orf19.11754,orf19.11754,C5_02620C_A
orf19.4278,orf19.4278,C5_02620C_A
orf19.11755,orf19.11755,C5_02630C_A
orf19.4279,orf19.4279,C5_02630C_A
orf19.11756,orf19.11756,C5_02640W_A
orf19.4280,orf19.4280,C5_02640W_A
orf19.11757,orf19.11757,C5_02650C_A
orf19.11758,orf19.11758,C5_02650C_A
orf19.4281,orf19.4281,C5_02650C_A
orf19.4282,orf19.4282,C5_02650C_A
orf19.11759,orf19.11759,C5_02660C_A
orf19.4283,orf19.4283,C5_02660C_A
orf19.11760,orf19.11760,C5_02670W_A
orf19.4284,orf19.4284,C5_02670W_A
orf19.11762,orf19.11762,C5_02680W_A
orf19.4286,orf19.4286,C5_02680W_A
orf19.11763,orf19.11763,C5_02690W_A
orf19.4287,orf19.4287,C5_02690W_A
orf19.11764,orf19.11764,C5_02700W_A
orf19.4288,orf19.4288,C5_02700W_A
orf19.11766,orf19.11766,C5_02710W_A
orf19.4290,orf19.4290,C5_02710W_A
orf19.11768,orf19.11768,C5_02720W_A
orf19.4292,orf19.4292,C5_02720W_A
orf19.11769,orf19.11769,C5_02730C_A
orf19.4293,orf19.4293,C5_02730C_A
orf19.11770,orf19.11770,C5_02740W_A
orf19.4294,orf19.4294,C5_02740W_A
orf19.11771,orf19.11771,C5_02750C_A
orf19.4295,orf19.4295,C5_02750C_A
orf19.11773,orf19.11773,C5_02760W_A
orf19.4297,orf19.4297,C5_02760W_A
orf19.11775,orf19.11775,C5_02770W_A
orf19.4299,orf19.4299,C5_02770W_A
orf19.11777,orf19.11777,C5_02780W_A
orf19.4301,orf19.4301,C5_02780W_A
orf19.11780,orf19.11780,C5_02790C_A
orf19.4304,orf19.4304,C5_02790C_A
orf19.11781,orf19.11781,C5_02800C_A
orf19.4305,orf19.4305,C5_02800C_A
orf19.11782,orf19.11782,C5_02820C_A
orf19.4306,orf19.4306,C5_02820C_A
orf19.11783,orf19.11783,C5_02830W_A
orf19.4307,orf19.4307,C5_02830W_A
orf19.11784,orf19.11784,C5_02840C_A
orf19.4308,orf19.4308,C5_02840C_A
orf19.11785,orf19.11785,C5_02860C_A
orf19.4309,orf19.4309,C5_02860C_A
orf19.4310,orf19.4310,C5_02870C_A
orf19.11786,orf19.11786,C5_02890W_A
orf19.4311,orf19.4311,C5_02890W_A
orf19.11787,orf19.11787,C5_02900W_A
orf19.4312,orf19.4312,C5_02900W_A
orf19.11790,orf19.11790,C5_02910C_A
orf19.4315,orf19.4315,C5_02910C_A
orf19.11791,orf19.11791,C5_02920W_A
orf19.4316,orf19.4316,C5_02920W_A
orf19.11792,orf19.11792,C5_02930C_A
orf19.4317,orf19.4317,C5_02930C_A
orf19.11793,orf19.11793,C5_02940C_A
orf19.4318,orf19.4318,C5_02940C_A
orf19.11795,orf19.11795,C5_02950C_A
orf19.4320,orf19.4320,C5_02950C_A
orf19.11796,orf19.11796,C5_02960C_A
orf19.4321,orf19.4321,C5_02960C_A
orf19.11797,orf19.11797,C5_02970W_A
orf19.4322,orf19.4322,C5_02970W_A
orf19.11798,orf19.11798,C5_02980C_A
orf19.4323,orf19.4323,C5_02980C_A
orf19.11799,orf19.11799,C5_02990W_A
orf19.4324,orf19.4324,C5_02990W_A
orf19.11800,orf19.11800,C5_03000C_A
orf19.4325,orf19.4325,C5_03000C_A
orf19.11801,orf19.11801,C5_03010W_A
orf19.4326,orf19.4326,C5_03010W_A
orf19.11803,orf19.11803,C5_03020W_A
orf19.4328,orf19.4328,C5_03020W_A
orf19.4330,orf19.4330,C5_03030W_A
orf19.11806,orf19.11806,C5_03040W_A
orf19.4332,orf19.4332,C5_03040W_A
orf19.11809,orf19.11809,C5_03050C_A
orf19.4334,orf19.4334,C5_03050C_A
orf19.11811,orf19.11811,C5_03060C_A
orf19.4335,orf19.4335,C5_03060C_A
orf19.11812,orf19.11812,C5_03070W_A
orf19.4336,orf19.4336,C5_03070W_A
orf19.11813,orf19.11813,C5_03080C_A
orf19.4337,orf19.4337,C5_03080C_A
orf19.4338,orf19.4338,C5_03080C_A
orf19.11814,orf19.11814,C5_03090W_A
orf19.4339,orf19.4339,C5_03090W_A
orf19.11815,orf19.11815,C5_03100C_A
orf19.4340,orf19.4340,C5_03100C_A
orf19.11816,orf19.11816,C5_03120W_A
orf19.4341,orf19.4341,C5_03120W_A
orf19.11817,orf19.11817,C5_03130W_A
orf19.4342,orf19.4342,C5_03130W_A
orf19.11823,orf19.11823,C5_03140C_A
orf19.4346,orf19.4346,C5_03140C_A
orf19.11824,orf19.11824,C5_03150W_A
orf19.4347,orf19.4347,C5_03150W_A
orf19.11825,orf19.11825,C5_03160W_A
orf19.4348,orf19.4348,C5_03160W_A
orf19.11827,orf19.11827,C5_03170C_A
orf19.4349,orf19.4349,C5_03170C_A
orf19.10180,orf19.10180,C5_03210C_A
orf19.2657,orf19.2657,C5_03210C_A
orf19.10178,orf19.10178,C5_03240W_A
orf19.2655,orf19.2655,C5_03240W_A
orf19.10177,orf19.10177,C5_03250W_A
orf19.2654,orf19.2654,C5_03250W_A
orf19.10176,orf19.10176,C5_03260C_A
orf19.2653,orf19.2653,C5_03260C_A
orf19.10175,orf19.10175,C5_03270W_A
orf19.2652,orf19.2652,C5_03270W_A
orf19.10174,orf19.10174,C5_03280W_A
orf19.2651,orf19.2651,C5_03280W_A
orf19.10173,orf19.10173,C5_03300C_A
orf19.2650,orf19.2650,C5_03300C_A
orf19.10172,orf19.10172,C5_03310C_A
orf19.2649,orf19.2649,C5_03310C_A
orf19.10170,orf19.10170,C5_03320C_A
orf19.2647,orf19.2647,C5_03320C_A
orf19.10169,orf19.10169,C5_03330C_A
orf19.2646,orf19.2646,C5_03330C_A
orf19.10168,orf19.10168,C5_03340W_A
orf19.2645,orf19.2645,C5_03340W_A
orf19.10167,orf19.10167,C5_03350W_A
orf19.2644,orf19.2644,C5_03350W_A
orf19.10166,orf19.10166,C5_03360W_A
orf19.2643,orf19.2643,C5_03360W_A
orf19.10165,orf19.10165,C5_03370C_A
orf19.2642,orf19.2642,C5_03370C_A
orf19.10164,orf19.10164,C5_03380W_A
orf19.2641,orf19.2641,C5_03380W_A
orf19.10163,orf19.10163,C5_03390C_A
orf19.2640,orf19.2640,C5_03390C_A
orf19.10162,orf19.10162,C5_03410C_A
orf19.2639,orf19.2639,C5_03410C_A
orf19.10161,orf19.10161,C5_03430W_A
orf19.2638,orf19.2638,C5_03430W_A
orf19.10160,orf19.10160,C5_03460C_A
orf19.2637,orf19.2637,C5_03460C_A
orf19.10159,orf19.10159,C5_03470C_A
orf19.2636,orf19.2636,C5_03470C_A
orf19.6654,orf19.6654,C5_03470C_A
orf19.6656,orf19.6656,C5_03480C_A
orf19.6658,orf19.6658,C5_03490C_A
orf19.6659,orf19.6659,C5_03500W_A
orf19.6660,orf19.6660,C5_03510C_A
orf19.6661,orf19.6661,C5_03520W_A
orf19.6662,orf19.6662,C5_03530C_A
orf19.6663,orf19.6663,C5_03540C_A
orf19.6665,orf19.6665,C5_03550W_A
orf19.6667,orf19.6667,C5_03560W_A
orf19.6668,orf19.6668,C5_03570W_A
orf19.6670,orf19.6670,C5_03580C_A
orf19.6671,orf19.6671,C5_03590W_A
orf19.6672,orf19.6672,C5_03600W_A
orf19.6673,orf19.6673,C5_03610W_A
orf19.6674,orf19.6674,C5_03620W_A
orf19.6675,orf19.6675,C5_03630C_A
orf19.6676,orf19.6676,C5_03640W_A
orf19.6678,orf19.6678,C5_03650C_A
orf19.6679,orf19.6679,C5_03670C_A
orf19.6680,orf19.6680,C5_03680W_A
orf19.6681,orf19.6681,C5_03690W_A
orf19.6682,orf19.6682,C5_03700C_A
orf19.1124,orf19.1124,C5_03710C_A
orf19.8722,orf19.8722,C5_03710C_A
orf19.1123,orf19.1123,C5_03720C_A
orf19.8721,orf19.8721,C5_03720C_A
orf19.1122,orf19.1122,C5_03730W_A
orf19.8720,orf19.8720,C5_03730W_A
orf19.1121,orf19.1121,C5_03740W_A
orf19.8719,orf19.8719,C5_03740W_A
orf19.1120,orf19.1120,C5_03750W_A
orf19.8718,orf19.8718,C5_03750W_A
orf19.1119,orf19.1119,C5_03760C_A
orf19.8717,orf19.8717,C5_03760C_A
orf19.1117,orf19.1117,C5_03770C_A
orf19.8714,orf19.8714,C5_03770C_A
orf19.1116,orf19.1116,C5_03780C_A
orf19.8713,orf19.8713,C5_03780C_A
orf19.1115,orf19.1115,C5_03790W_A
orf19.8712,orf19.8712,C5_03790W_A
orf19.1114,orf19.1114,C5_03800W_A
orf19.8711,orf19.8711,C5_03800W_A
orf19.1113,orf19.1113,C5_03810C_A
orf19.8710,orf19.8710,C5_03810C_A
orf19.1112,orf19.1112,C5_03820C_A
orf19.8709,orf19.8709,C5_03820C_A
orf19.1111,orf19.1111,C5_03830C_A
orf19.8708,orf19.8708,C5_03830C_A
orf19.1110,orf19.1110,C5_03840W_A
orf19.8707,orf19.8707,C5_03840W_A
orf19.1109,orf19.1109,C5_03850W_A
orf19.8706,orf19.8706,C5_03850W_A
orf19.1108,orf19.1108,C5_03860W_A
orf19.8705,orf19.8705,C5_03860W_A
orf19.1107,orf19.1107,C5_03870C_A
orf19.8704,orf19.8704,C5_03870C_A
orf19.1106,orf19.1106,C5_03880C_A
orf19.8703,orf19.8703,C5_03880C_A
orf19.1105,orf19.1105,C5_03910C_A
orf19.8701,orf19.8701,C5_03910C_A
orf19.10731,orf19.10731,C5_03920C_A
orf19.3220,orf19.3220,C5_03920C_A
orf19.10730,orf19.10730,C5_03930C_A
orf19.3219,orf19.3219,C5_03930C_A
orf19.10729,orf19.10729,C5_03940C_A
orf19.3218,orf19.3218,C5_03940C_A
orf19.10728,orf19.10728,C5_03950W_A
orf19.3216,orf19.3216,C5_03950W_A
orf19.10727,orf19.10727,C5_03960W_A
orf19.3215,orf19.3215,C5_03960W_A
orf19.10726,orf19.10726,C5_03970W_A
orf19.3214,orf19.3214,C5_03970W_A
orf19.10725,orf19.10725,C5_03980W_A
orf19.3213,orf19.3213,C5_03980W_A
orf19.10724,orf19.10724,C5_03990W_A
orf19.3212,orf19.3212,C5_03990W_A
orf19.10723,orf19.10723,C5_04000W_A
orf19.3211,orf19.3211,C5_04000W_A
orf19.10722,orf19.10722,C5_04010C_A
orf19.3210,orf19.3210,C5_04010C_A
orf19.3209,orf19.3209,C5_04020C_A
orf19.1287,orf19.1287,C5_04030W_A
orf19.8874,orf19.8874,C5_04030W_A
orf19.1286,orf19.1286,C5_04040C_A
orf19.8873,orf19.8873,C5_04040C_A
orf19.1285,orf19.1285,C5_04050W_A
orf19.8872,orf19.8872,C5_04050W_A
orf19.1283,orf19.1283,C5_04060C_A
orf19.8870,orf19.8870,C5_04060C_A
orf19.1282,orf19.1282,C5_04070C_A
orf19.8869,orf19.8869,C5_04070C_A
orf19.1281,orf19.1281,C5_04080C_A
orf19.8868,orf19.8868,C5_04080C_A
orf19.1280,orf19.1280,C5_04090C_A
orf19.8867,orf19.8867,C5_04090C_A
orf19.1279,orf19.1279,C5_04100W_A
orf19.8866,orf19.8866,C5_04100W_A
orf19.11374,orf19.11374,C5_04110W_A
orf19.3893,orf19.3893,C5_04110W_A
orf19.11375,orf19.11375,C5_04120C_A
orf19.3894,orf19.3894,C5_04120C_A
orf19.11376,orf19.11376,C5_04130C_A
orf19.3895,orf19.3895,C5_04130C_A
orf19.11378,orf19.11378,C5_04140W_A
orf19.3897,orf19.3897,C5_04140W_A
orf19.11379,orf19.11379,C5_04150C_A
orf19.3898,orf19.3898,C5_04150C_A
orf19.11380,orf19.11380,C5_04160W_A
orf19.3899,orf19.3899,C5_04160W_A
orf19.11381,orf19.11381,C5_04170W_A
orf19.3900,orf19.3900,C5_04170W_A
orf19.11382,orf19.11382,C5_04180W_A
orf19.3901,orf19.3901,C5_04180W_A
orf19.11383,orf19.11383,C5_04190W_A
orf19.3902,orf19.3902,C5_04190W_A
orf19.11384,orf19.11384,C5_04200W_A
orf19.3903,orf19.3903,C5_04200W_A
orf19.11385,orf19.11385,C5_04210C_A
orf19.3904,orf19.3904,C5_04210C_A
orf19.11386,orf19.11386,C5_04220W_A
orf19.3905,orf19.3905,C5_04220W_A
orf19.11387,orf19.11387,C5_04230W_A
orf19.3906,orf19.3906,C5_04230W_A
orf19.11388,orf19.11388,C5_04240C_A
orf19.3907,orf19.3907,C5_04240C_A
orf19.11389,orf19.11389,C5_04250W_A
orf19.3908,orf19.3908,C5_04250W_A
orf19.11391,orf19.11391,C5_04260W_A
orf19.3910,orf19.3910,C5_04260W_A
orf19.11392,orf19.11392,C5_04270C_A
orf19.3911,orf19.3911,C5_04270C_A
orf19.11393,orf19.11393,C5_04280C_A
orf19.3912,orf19.3912,C5_04280C_A
orf19.11396,orf19.11396,C5_04290C_A
orf19.3914,orf19.3914,C5_04290C_A
orf19.11397,orf19.11397,C5_04300C_A
orf19.3915,orf19.3915,C5_04300C_A
orf19.11398,orf19.11398,C5_04310W_A
orf19.11399,orf19.11399,C5_04310W_A
orf19.3916,orf19.3916,C5_04310W_A
orf19.3917,orf19.3917,C5_04310W_A
orf19.11401,orf19.11401,C5_04320C_A
orf19.3919,orf19.3919,C5_04320C_A
orf19.11402,orf19.11402,C5_04340W_A
orf19.3920,orf19.3920,C5_04340W_A
orf19.11403,orf19.11403,C5_04350C_A
orf19.3921,orf19.3921,C5_04350C_A
orf19.11404,orf19.11404,C5_04360C_A
orf19.3922,orf19.3922,C5_04360C_A
orf19.11405,orf19.11405,C5_04370C_A
orf19.3923,orf19.3923,C5_04370C_A
orf19.11406,orf19.11406,C5_04380C_A
orf19.3924,orf19.3924,C5_04380C_A
orf19.11407,orf19.11407,C5_04390C_A
orf19.3925,orf19.3925,C5_04390C_A
orf19.11408,orf19.11408,C5_04400W_A
orf19.3926,orf19.3926,C5_04400W_A
orf19.11410,orf19.11410,C5_04410C_A
orf19.3928,orf19.3928,C5_04410C_A
orf19.11411,orf19.11411,C5_04420W_A
orf19.3929,orf19.3929,C5_04420W_A
orf19.11412,orf19.11412,C5_04430C_A
orf19.3930,orf19.3930,C5_04430C_A
orf19.11413,orf19.11413,C5_04440C_A
orf19.3931,orf19.3931,C5_04440C_A
orf19.11414,orf19.11414,C5_04470C_A
orf19.3932,orf19.3932,C5_04470C_A
orf19.11416,orf19.11416,C5_04490C_A
orf19.3934,orf19.3934,C5_04490C_A
orf19.11417,orf19.11417,C5_04500W_A
orf19.3935,orf19.3935,C5_04500W_A
orf19.11418,orf19.11418,C5_04510W_A
orf19.3936,orf19.3936,C5_04510W_A
orf19.11419,orf19.11419,C5_04520W_A
orf19.3937,orf19.3937,C5_04520W_A
orf19.11420,orf19.11420,C5_04530W_A
orf19.3938,orf19.3938,C5_04530W_A
orf19.11422,orf19.11422,C5_04540C_A
orf19.3940,orf19.3940,C5_04540C_A
orf19.11421,orf19.11421,C5_04550W_A
orf19.3939,orf19.3939,C5_04550W_A
orf19.11423,orf19.11423,C5_04570C_A
orf19.3941,orf19.3941,C5_04570C_A
orf19.11424,orf19.11424,C5_04580C_A
orf19.3942,orf19.3942,C5_04580C_A
orf19.11426,orf19.11426,C5_04600C_A
orf19.3944,orf19.3944,C5_04600C_A
orf19.11427,orf19.11427,C5_04610W_A
orf19.3945,orf19.3945,C5_04610W_A
orf19.11428,orf19.11428,C5_04620C_A
orf19.3946,orf19.3946,C5_04620C_A
orf19.11429,orf19.11429,C5_04630W_A
orf19.3947,orf19.3947,C5_04630W_A
orf19.11431,orf19.11431,C5_04640C_A
orf19.3949,orf19.3949,C5_04640C_A
orf19.11432,orf19.11432,C5_04650C_A
orf19.3950,orf19.3950,C5_04650C_A
orf19.11433,orf19.11433,C5_04660C_A
orf19.3951,orf19.3951,C5_04660C_A
orf19.11434,orf19.11434,C5_04670W_A
orf19.3952,orf19.3952,C5_04670W_A
orf19.11436,orf19.11436,C5_04680W_A
orf19.3954,orf19.3954,C5_04680W_A
orf19.11437,orf19.11437,C5_04700C_A
orf19.3955,orf19.3955,C5_04700C_A
orf19.11438,orf19.11438,C5_04710W_A
orf19.3956,orf19.3956,C5_04710W_A
orf19.11439,orf19.11439,C5_04720C_A
orf19.3957,orf19.3957,C5_04720C_A
orf19.11441,orf19.11441,C5_04730C_A
orf19.3959,orf19.3959,C5_04730C_A
orf19.11442,orf19.11442,C5_04740C_A
orf19.3960,orf19.3960,C5_04740C_A
orf19.11444,orf19.11444,C5_04750C_A
orf19.3962,orf19.3962,C5_04750C_A
orf19.11445,orf19.11445,C5_04770W_A
orf19.3963,orf19.3963,C5_04770W_A
orf19.11446,orf19.11446,C5_04780W_A
orf19.3964,orf19.3964,C5_04780W_A
orf19.11447,orf19.11447,C5_04790C_A
orf19.3965,orf19.3965,C5_04790C_A
orf19.11448,orf19.11448,C5_04800W_A
orf19.3966,orf19.3966,C5_04800W_A
orf19.11449,orf19.11449,C5_04810W_A
orf19.3967,orf19.3967,C5_04810W_A
orf19.11451,orf19.11451,C5_04820W_A
orf19.3968,orf19.3968,C5_04820W_A
orf19.11452,orf19.11452,C5_04830W_A
orf19.3969,orf19.3969,C5_04830W_A
orf19.11453,orf19.11453,C5_04840C_A
orf19.3970,orf19.3970,C5_04840C_A
orf19.11454,orf19.11454,C5_04850W_A
orf19.3971,orf19.3971,C5_04850W_A
orf19.11455,orf19.11455,C5_04860C_A
orf19.3972,orf19.3972,C5_04860C_A
orf19.11456,orf19.11456,C5_04870W_A
orf19.3973,orf19.3973,C5_04870W_A
orf19.11457,orf19.11457,C5_04880C_A
orf19.3974,orf19.3974,C5_04880C_A
orf19.11459,orf19.11459,C5_04890C_A
orf19.3976,orf19.3976,C5_04890C_A
orf19.11460,orf19.11460,C5_04900C_A
orf19.3977,orf19.3977,C5_04900C_A
orf19.11461,orf19.11461,C5_04910W_A
orf19.3978,orf19.3978,C5_04910W_A
orf19.11463,orf19.11463,C5_04920C_A
orf19.3980,orf19.3980,C5_04920C_A
orf19.11464,orf19.11464,C5_04930C_A
orf19.3981,orf19.3981,C5_04930C_A
orf19.11465,orf19.11465,C5_04940W_A
orf19.3982,orf19.3982,C5_04940W_A
orf19.11466,orf19.11466,C5_04950C_A
orf19.3983,orf19.3983,C5_04950C_A
orf19.11467,orf19.11467,C5_04960W_A
orf19.3984,orf19.3984,C5_04960W_A
orf19.11469,orf19.11469,C5_04970C_A
orf19.3986,orf19.3986,C5_04970C_A
orf19.11471,orf19.11471,C5_04980W_A
orf19.3988,orf19.3988,C5_04980W_A
orf19.11473,orf19.11473,C5_04990W_A
orf19.3990,orf19.3990,C5_04990W_A
orf19.11474,orf19.11474,C5_05000C_A
orf19.3991,orf19.3991,C5_05000C_A
orf19.11475,orf19.11475,C5_05010W_A
orf19.3992,orf19.3992,C5_05010W_A
orf19.11477,orf19.11477,C5_05020C_A
orf19.3994,orf19.3994,C5_05020C_A
orf19.11478,orf19.11478,C5_05030C_A
orf19.3995,orf19.3995,C5_05030C_A
orf19.11479,orf19.11479,C5_05040W_A
orf19.3996,orf19.3996,C5_05040W_A
orf19.11480,orf19.11480,C5_05050W_A
orf19.3997,orf19.3997,C5_05050W_A
orf19.11481,orf19.11481,C5_05060C_A
orf19.3998,orf19.3998,C5_05060C_A
orf19.11482,orf19.11482,C5_05070W_A
orf19.3999,orf19.3999,C5_05070W_A
orf19.11483,orf19.11483,C5_05080W_A
orf19.4000,orf19.4000,C5_05080W_A
orf19.11484,orf19.11484,C5_05090W_A
orf19.4001,orf19.4001,C5_05090W_A
orf19.11485,orf19.11485,C5_05100C_A
orf19.4002,orf19.4002,C5_05100C_A
orf19.11486,orf19.11486,C5_05110C_A
orf19.4003,orf19.4003,C5_05110C_A
orf19.11487,orf19.11487,C5_05120W_A
orf19.4004,orf19.4004,C5_05120W_A
orf19.11488,orf19.11488,C5_05130C_A
orf19.4005,orf19.4005,C5_05130C_A
orf19.11489,orf19.11489,C5_05140W_A
orf19.4006,orf19.4006,C5_05140W_A
orf19.11490,orf19.11490,C5_05150C_A
orf19.4007,orf19.4007,C5_05150C_A
orf19.11492,orf19.11492,C5_05160C_A
orf19.4009,orf19.4009,C5_05160C_A
orf19.11493,orf19.11493,C5_05170W_A
orf19.4010,orf19.4010,C5_05170W_A
orf19.11494,orf19.11494,C5_05180W_A
orf19.4011,orf19.4011,C5_05180W_A
orf19.11495,orf19.11495,C5_05190W_A
orf19.4012,orf19.4012,C5_05190W_A
orf19.11496,orf19.11496,C5_05200C_A
orf19.4013,orf19.4013,C5_05200C_A
orf19.11497,orf19.11497,C5_05210W_A
orf19.4014,orf19.4014,C5_05210W_A
orf19.11498,orf19.11498,C5_05220W_A
orf19.4015,orf19.4015,C5_05220W_A
orf19.11499,orf19.11499,C5_05230C_A
orf19.4016,orf19.4016,C5_05230C_A
orf19.11500,orf19.11500,C5_05240C_A
orf19.4017,orf19.4017,C5_05240C_A
orf19.11501,orf19.11501,C5_05250C_A
orf19.4018,orf19.4018,C5_05250C_A
orf19.11502,orf19.11502,C5_05260W_A
orf19.4019,orf19.4019,C5_05260W_A
orf19.11504,orf19.11504,C5_05270C_A
orf19.4021,orf19.4021,C5_05270C_A
orf19.11505,orf19.11505,C5_05280C_A
orf19.4022,orf19.4022,C5_05280C_A
orf19.11506,orf19.11506,C5_05290C_A
orf19.4023,orf19.4023,C5_05290C_A
orf19.11507,orf19.11507,C5_05300W_A
orf19.4024,orf19.4024,C5_05300W_A
orf19.11508,orf19.11508,C5_05310W_A
orf19.4025,orf19.4025,C5_05310W_A
orf19.11509,orf19.11509,C5_05320C_A
orf19.4026,orf19.4026,C5_05320C_A
orf19.11511,orf19.11511,C5_05330C_A
orf19.4028,orf19.4028,C5_05330C_A
orf19.11512,orf19.11512,C5_05340W_A
orf19.4029,orf19.4029,C5_05340W_A
orf19.11513,orf19.11513,C5_05350W_A
orf19.4030,orf19.4030,C5_05350W_A
orf19.11514,orf19.11514,C5_05360C_A
orf19.4031,orf19.4031,C5_05360C_A
orf19.11516,orf19.11516,C5_05370C_A
orf19.4033,orf19.4033,C5_05370C_A
orf19.11515,orf19.11515,C5_05380W_A
orf19.11517,orf19.11517,C5_05380W_A
orf19.4032,orf19.4032,C5_05380W_A
orf19.4034,orf19.4034,C5_05380W_A
orf19.11518,orf19.11518,C5_05390C_A
orf19.4035,orf19.4035,C5_05390C_A
orf19.11519,orf19.11519,C5_05400W_A
orf19.4036,orf19.4036,C5_05400W_A
orf19.11523,orf19.11523,C5_05410C_A
orf19.4040,orf19.4040,C5_05410C_A
orf19.11524,orf19.11524,C5_05430W_A
orf19.4041,orf19.4041,C5_05430W_A
orf19.11525,orf19.11525,C5_05440C_A
orf19.4043,orf19.4043,C5_05440C_A
orf19.11526,orf19.11526,C5_05450C_A
orf19.4044,orf19.4044,C5_05450C_A
orf19.11528,orf19.11528,C5_05460C_A
orf19.4046,orf19.4046,C5_05460C_A
orf19.11527,orf19.11527,C5_05470W_A
orf19.4045,orf19.4045,C5_05470W_A
orf19.11530,orf19.11530,C5_05480W_A
orf19.4048,orf19.4048,C5_05480W_A
orf19.11533,orf19.11533,C5_05490C_A
orf19.4051,orf19.4051,C5_05490C_A
orf19.11536,orf19.11536,C5_05500C_A
orf19.4054,orf19.4054,C5_05500C_A
orf19.11537,orf19.11537,C5_05510C_A
orf19.4055,orf19.4055,C5_05510C_A
orf19.6339,orf19.6339,C6_00010W_A
orf19.6338,orf19.6338,C6_00020W_A
orf19.6337,orf19.6337,C6_00030W_A
orf19.6336,orf19.6336,C6_00070C_A
orf19.7542,orf19.7542,C6_00070C_A
orf19.6329,orf19.6329,C6_00080C_A
orf19.6328,orf19.6328,C6_00090W_A
orf19.6327,orf19.6327,C6_00100C_A
orf19.6326,orf19.6326,C6_00110C_A
orf19.6324,orf19.6324,C6_00130C_A
orf19.6323,orf19.6323,C6_00140C_A
orf19.6322,orf19.6322,C6_00150W_A
orf19.6321,orf19.6321,C6_00160W_A
orf19.1175,orf19.1175,C6_00170C_A
orf19.6319,orf19.6319,C6_00170C_A
orf19.8766,orf19.8766,C6_00170C_A
orf19.1178,orf19.1178,C6_00180C_A
orf19.8768,orf19.8768,C6_00180C_A
orf19.1177,orf19.1177,C6_00190W_A
orf19.8769,orf19.8769,C6_00190W_A
orf19.1179,orf19.1179,C6_00200C_A
orf19.1180,orf19.1180,C6_00210W_A
orf19.8771,orf19.8771,C6_00210W_A
orf19.1181,orf19.1181,C6_00230W_A
orf19.8772,orf19.8772,C6_00230W_A
orf19.1182,orf19.1182,C6_00240C_A
orf19.8773,orf19.8773,C6_00240C_A
orf19.1183,orf19.1183,C6_00250W_A
orf19.8774,orf19.8774,C6_00250W_A
orf19.1185,orf19.1185,C6_00260W_A
orf19.8776,orf19.8776,C6_00260W_A
orf19.1186,orf19.1186,C6_00270W_A
orf19.8777,orf19.8777,C6_00270W_A
orf19.1187,orf19.1187,C6_00280W_A
orf19.8778,orf19.8778,C6_00280W_A
orf19.1189,orf19.1189,C6_00290W_A
orf19.8780,orf19.8780,C6_00290W_A
orf19.1190,orf19.1190,C6_00300C_A
orf19.8781,orf19.8781,C6_00300C_A
orf19.1191,orf19.1191,C6_00310W_A
orf19.8782,orf19.8782,C6_00310W_A
orf19.1192,orf19.1192,C6_00320C_A
orf19.8783,orf19.8783,C6_00320C_A
orf19.1193,orf19.1193,C6_00330C_A
orf19.8784,orf19.8784,C6_00330C_A
orf19.1195,orf19.1195,C6_00340C_A
orf19.8786,orf19.8786,C6_00340C_A
orf19.1196,orf19.1196,C6_00350W_A
orf19.8787,orf19.8787,C6_00350W_A
orf19.1198,orf19.1198,C6_00360C_A
orf19.8789,orf19.8789,C6_00360C_A
orf19.1199,orf19.1199,C6_00370C_A
orf19.8790,orf19.8790,C6_00370C_A
orf19.1200,orf19.1200,C6_00380C_A
orf19.8791,orf19.8791,C6_00380C_A
orf19.1201,orf19.1201,C6_00390W_A
orf19.8792,orf19.8792,C6_00390W_A
orf19.1202,orf19.1202,C6_00400C_A
orf19.8793,orf19.8793,C6_00400C_A
orf19.1203,orf19.1203,C6_00410C_A
orf19.8794,orf19.8794,C6_00410C_A
orf19.1204,orf19.1204,C6_00430C_A
orf19.8795,orf19.8795,C6_00430C_A
orf19.11691,orf19.11691,C6_00440C_A
orf19.1206,orf19.1206,C6_00440C_A
orf19.4215,orf19.4215,C6_00440C_A
orf19.8797,orf19.8797,C6_00440C_A
orf19.11690,orf19.11690,C6_00450C_A
orf19.4214,orf19.4214,C6_00450C_A
orf19.4213,orf19.4213,C6_00460C_A
orf19.11689,orf19.11689,C6_00470C_A
orf19.4212,orf19.4212,C6_00470C_A
orf19.11687,orf19.11687,C6_00480C_A
orf19.4211,orf19.4211,C6_00480C_A
orf19.11686,orf19.11686,C6_00490W_A
orf19.4210,orf19.4210,C6_00490W_A
orf19.11685,orf19.11685,C6_00500C_A
orf19.4209,orf19.4209,C6_00500C_A
orf19.11684,orf19.11684,C6_00510C_A
orf19.4208,orf19.4208,C6_00510C_A
orf19.11683,orf19.11683,C6_00520W_A
orf19.4207,orf19.4207,C6_00520W_A
orf19.11682,orf19.11682,C6_00540W_A
orf19.4206,orf19.4206,C6_00540W_A
orf19.11680,orf19.11680,C6_00550W_A
orf19.4204,orf19.4204,C6_00550W_A
orf19.11679,orf19.11679,C6_00560W_A
orf19.4203,orf19.4203,C6_00560W_A
orf19.11677,orf19.11677,C6_00570C_A
orf19.4201,orf19.4201,C6_00570C_A
orf19.11676,orf19.11676,C6_00580W_A
orf19.4200,orf19.4200,C6_00580W_A
orf19.11675,orf19.11675,C6_00590W_A
orf19.4199,orf19.4199,C6_00590W_A
orf19.11673,orf19.11673,C6_00600C_A
orf19.4197,orf19.4197,C6_00600C_A
orf19.4196,orf19.4196,C6_00610C_A
orf19.11672,orf19.11672,C6_00630W_A
orf19.4195,orf19.4195,C6_00630W_A
orf19.11671,orf19.11671,C6_00640C_A
orf19.4194,orf19.4194,C6_00640C_A
orf19.11670,orf19.11670,C6_00660C_A
orf19.4193,orf19.4193,C6_00660C_A
orf19.11669,orf19.11669,C6_00670W_A
orf19.4192,orf19.4192,C6_00670W_A
orf19.11144,orf19.11144,C6_00690W_A
orf19.3660,orf19.3660,C6_00690W_A
orf19.11143,orf19.11143,C6_00700C_A
orf19.3659,orf19.3659,C6_00700C_A
orf19.11142,orf19.11142,C6_00710W_A
orf19.3658,orf19.3658,C6_00710W_A
orf19.11140,orf19.11140,C6_00720C_A
orf19.3656,orf19.3656,C6_00720C_A
orf19.11139,orf19.11139,C6_00730W_A
orf19.3655,orf19.3655,C6_00730W_A
orf19.11137,orf19.11137,C6_00740W_A
orf19.3653,orf19.3653,C6_00740W_A
orf19.11135,orf19.11135,C6_00750C_A
orf19.3651,orf19.3651,C6_00750C_A
orf19.11133,orf19.11133,C6_00760W_A
orf19.3649,orf19.3649,C6_00760W_A
orf19.11132,orf19.11132,C6_00770C_A
orf19.3648,orf19.3648,C6_00770C_A
orf19.11131,orf19.11131,C6_00780W_A
orf19.3647,orf19.3647,C6_00780W_A
orf19.11130,orf19.11130,C6_00790C_A
orf19.3646,orf19.3646,C6_00790C_A
orf19.11128,orf19.11128,C6_00800C_A
orf19.3644,orf19.3644,C6_00800C_A
orf19.11126,orf19.11126,C6_00810C_A
orf19.3643,orf19.3643,C6_00810C_A
orf19.11124,orf19.11124,C6_00820W_A
orf19.3642,orf19.3642,C6_00820W_A
orf19.11123,orf19.11123,C6_00830C_A
orf19.3641,orf19.3641,C6_00830C_A
orf19.7729,orf19.7729,C6_00830C_A
orf19.84,orf19.84,C6_00830C_A
orf19.7730,orf19.7730,C6_00840W_A
orf19.85,orf19.85,C6_00840W_A
orf19.7731,orf19.7731,C6_00850W_A
orf19.86,orf19.86,C6_00850W_A
orf19.7732,orf19.7732,C6_00860W_A
orf19.87,orf19.87,C6_00860W_A
orf19.7733,orf19.7733,C6_00870C_A
orf19.88,orf19.88,C6_00870C_A
orf19.7735,orf19.7735,C6_00880W_A
orf19.89,orf19.89,C6_00880W_A
orf19.7736,orf19.7736,C6_00890W_A
orf19.90,orf19.90,C6_00890W_A
orf19.7737,orf19.7737,C6_00900C_A
orf19.91,orf19.91,C6_00900C_A
orf19.7738,orf19.7738,C6_00910C_A
orf19.92,orf19.92,C6_00910C_A
orf19.7739,orf19.7739,C6_00920W_A
orf19.93,orf19.93,C6_00920W_A
orf19.7740,orf19.7740,C6_00930C_A
orf19.94,orf19.94,C6_00930C_A
orf19.7741,orf19.7741,C6_00940C_A
orf19.95,orf19.95,C6_00940C_A
orf19.7742,orf19.7742,C6_00950C_A
orf19.96,orf19.96,C6_00950C_A
orf19.7744,orf19.7744,C6_00960W_A
orf19.97,orf19.97,C6_00960W_A
orf19.7746,orf19.7746,C6_00970C_A
orf19.99,orf19.99,C6_00970C_A
orf19.100,orf19.100,C6_00980C_A
orf19.7747,orf19.7747,C6_00980C_A
orf19.101,orf19.101,C6_00990W_A
orf19.7748,orf19.7748,C6_00990W_A
orf19.102,orf19.102,C6_01000C_A
orf19.7749,orf19.7749,C6_01000C_A
orf19.103,orf19.103,C6_01010W_A
orf19.7750,orf19.7750,C6_01010W_A
orf19.104,orf19.104,C6_01020W_A
orf19.105,orf19.105,C6_01030W_A
orf19.7752,orf19.7752,C6_01030W_A
orf19.107,orf19.107,C6_01040C_A
orf19.7754,orf19.7754,C6_01040C_A
orf19.109,orf19.109,C6_01050W_A
orf19.7756,orf19.7756,C6_01050W_A
orf19.111,orf19.111,C6_01060C_A
orf19.7758,orf19.7758,C6_01060C_A
orf19.113,orf19.113,C6_01070C_A
orf19.7761,orf19.7761,C6_01070C_A
orf19.114,orf19.114,C6_01080C_A
orf19.7762,orf19.7762,C6_01080C_A
orf19.115,orf19.115,C6_01090C_A
orf19.117,orf19.117,C6_01100W_A
orf19.7764,orf19.7764,C6_01100W_A
orf19.118,orf19.118,C6_01110W_A
orf19.7765,orf19.7765,C6_01110W_A
orf19.119,orf19.119,C6_01120C_A
orf19.7766,orf19.7766,C6_01120C_A
orf19.120,orf19.120,C6_01130W_A
orf19.7767,orf19.7767,C6_01130W_A
orf19.121,orf19.121,C6_01140C_A
orf19.7768,orf19.7768,C6_01140C_A
orf19.122,orf19.122,C6_01150W_A
orf19.7769,orf19.7769,C6_01150W_A
orf19.123,orf19.123,C6_01160W_A
orf19.7770,orf19.7770,C6_01160W_A
orf19.124,orf19.124,C6_01170W_A
orf19.7771,orf19.7771,C6_01170W_A
orf19.125,orf19.125,C6_01180C_A
orf19.7772,orf19.7772,C6_01180C_A
orf19.126,orf19.126,C6_01190C_A
orf19.127,orf19.127,C6_01190C_A
orf19.129,orf19.129,C6_01190C_A
orf19.130,orf19.130,C6_01190C_A
orf19.7773,orf19.7773,C6_01190C_A
orf19.7775,orf19.7775,C6_01190C_A
orf19.7776,orf19.7776,C6_01190C_A
orf19.131,orf19.131,C6_01200W_A
orf19.7777,orf19.7777,C6_01200W_A
orf19.132,orf19.132,C6_01220C_A
orf19.7778,orf19.7778,C6_01220C_A
orf19.133,orf19.133,C6_01250W_A
orf19.134,orf19.134,C6_01260W_A
orf19.135,orf19.135,C6_01280W_A
orf19.7779,orf19.7779,C6_01280W_A
orf19.136,orf19.136,C6_01290C_A
orf19.7780,orf19.7780,C6_01290C_A
orf19.137,orf19.137,C6_01300W_A
orf19.7781,orf19.7781,C6_01300W_A
orf19.138,orf19.138,C6_01310W_A
orf19.7782,orf19.7782,C6_01310W_A
orf19.10955,orf19.10955,C6_01320W_A
orf19.139,orf19.139,C6_01320W_A
orf19.3451,orf19.3451,C6_01320W_A
orf19.7783,orf19.7783,C6_01320W_A
orf19.10954,orf19.10954,C6_01330C_A
orf19.3450,orf19.3450,C6_01330C_A
orf19.10953,orf19.10953,C6_01350W_A
orf19.3449,orf19.3449,C6_01350W_A
orf19.10952,orf19.10952,C6_01360W_A
orf19.3448,orf19.3448,C6_01360W_A
orf19.10951,orf19.10951,C6_01370W_A
orf19.3447,orf19.3447,C6_01370W_A
orf19.10950,orf19.10950,C6_01380C_A
orf19.3446,orf19.3446,C6_01380C_A
orf19.10949,orf19.10949,C6_01390W_A
orf19.3445,orf19.3445,C6_01390W_A
orf19.10948,orf19.10948,C6_01400W_A
orf19.3444,orf19.3444,C6_01400W_A
orf19.10947,orf19.10947,C6_01410C_A
orf19.3443,orf19.3443,C6_01410C_A
orf19.10946,orf19.10946,C6_01420C_A
orf19.3442,orf19.3442,C6_01420C_A
orf19.10945,orf19.10945,C6_01430C_A
orf19.3441,orf19.3441,C6_01430C_A
orf19.10944,orf19.10944,C6_01440C_A
orf19.3440,orf19.3440,C6_01440C_A
orf19.10943,orf19.10943,C6_01450C_A
orf19.3439,orf19.3439,C6_01450C_A
orf19.10942,orf19.10942,C6_01460C_A
orf19.3438,orf19.3438,C6_01460C_A
orf19.10941,orf19.10941,C6_01470W_A
orf19.3437,orf19.3437,C6_01470W_A
orf19.10940,orf19.10940,C6_01480W_A
orf19.3436,orf19.3436,C6_01480W_A
orf19.10939,orf19.10939,C6_01490C_A
orf19.3435,orf19.3435,C6_01490C_A
orf19.10938,orf19.10938,C6_01500C_A
orf19.3434,orf19.3434,C6_01500C_A
orf19.10937,orf19.10937,C6_01510W_A
orf19.3433,orf19.3433,C6_01510W_A
orf19.10936,orf19.10936,C6_01520W_A
orf19.3432,orf19.3432,C6_01520W_A
orf19.10935,orf19.10935,C6_01550C_A
orf19.3431,orf19.3431,C6_01550C_A
orf19.10934,orf19.10934,C6_01560W_A
orf19.3430,orf19.3430,C6_01560W_A
orf19.10933,orf19.10933,C6_01570C_A
orf19.3429,orf19.3429,C6_01570C_A
orf19.10932,orf19.10932,C6_01590W_A
orf19.3428,orf19.3428,C6_01590W_A
orf19.10931,orf19.10931,C6_01600W_A
orf19.3427,orf19.3427,C6_01600W_A
orf19.10930,orf19.10930,C6_01610W_A
orf19.3426,orf19.3426,C6_01610W_A
orf19.10929,orf19.10929,C6_01620W_A
orf19.3425,orf19.3425,C6_01620W_A
orf19.10927,orf19.10927,C6_01630W_A
orf19.3423,orf19.3423,C6_01630W_A
orf19.10926,orf19.10926,C6_01650C_A
orf19.3422,orf19.3422,C6_01650C_A
orf19.10924,orf19.10924,C6_01660C_A
orf19.3420,orf19.3420,C6_01660C_A
orf19.10923,orf19.10923,C6_01670W_A
orf19.3419,orf19.3419,C6_01670W_A
orf19.10922,orf19.10922,C6_01680C_A
orf19.3418,orf19.3418,C6_01680C_A
orf19.10921,orf19.10921,C6_01690W_A
orf19.3417,orf19.3417,C6_01690W_A
orf19.10918,orf19.10918,C6_01710C_A
orf19.3415,orf19.3415,C6_01710C_A
orf19.10917,orf19.10917,C6_01720C_A
orf19.3414,orf19.3414,C6_01720C_A
orf19.10916,orf19.10916,C6_01730W_A
orf19.3413,orf19.3413,C6_01730W_A
orf19.10915,orf19.10915,C6_01740C_A
orf19.3412,orf19.3412,C6_01740C_A
orf19.10914,orf19.10914,C6_01750C_A
orf19.3411,orf19.3411,C6_01750C_A
orf19.10912,orf19.10912,C6_01760W_A
orf19.3409,orf19.3409,C6_01760W_A
orf19.10910,orf19.10910,C6_01770W_A
orf19.3407,orf19.3407,C6_01770W_A
orf19.10909,orf19.10909,C6_01780C_A
orf19.3406,orf19.3406,C6_01780C_A
orf19.10908,orf19.10908,C6_01790C_A
orf19.3405,orf19.3405,C6_01790C_A
orf19.10907,orf19.10907,C6_01810W_A
orf19.3404,orf19.3404,C6_01810W_A
orf19.10905,orf19.10905,C6_01820C_A
orf19.3402,orf19.3402,C6_01820C_A
orf19.10904,orf19.10904,C6_01830W_A
orf19.3401,orf19.3401,C6_01830W_A
orf19.10903,orf19.10903,C6_01840C_A
orf19.3400,orf19.3400,C6_01840C_A
orf19.10902,orf19.10902,C6_01850W_A
orf19.3399,orf19.3399,C6_01850W_A
orf19.10899,orf19.10899,C6_01860C_A
orf19.3396,orf19.3396,C6_01860C_A
orf19.10898,orf19.10898,C6_01870C_A
orf19.3395,orf19.3395,C6_01870C_A
orf19.10897,orf19.10897,C6_01880W_A
orf19.3394,orf19.3394,C6_01880W_A
orf19.10896,orf19.10896,C6_01890C_A
orf19.3393,orf19.3393,C6_01890C_A
orf19.10895,orf19.10895,C6_01900C_A
orf19.3392,orf19.3392,C6_01900C_A
orf19.10894,orf19.10894,C6_01910W_A
orf19.3391,orf19.3391,C6_01910W_A
orf19.683,orf19.683,C6_01910W_A
orf19.8301,orf19.8301,C6_01910W_A
orf19.10893,orf19.10893,C6_01920C_A
orf19.3390,orf19.3390,C6_01920C_A
orf19.684,orf19.684,C6_01920C_A
orf19.8302,orf19.8302,C6_01920C_A
orf19.685,orf19.685,C6_01930W_A
orf19.8303,orf19.8303,C6_01930W_A
orf19.686,orf19.686,C6_01950C_A
orf19.8304,orf19.8304,C6_01950C_A
orf19.687,orf19.687,C6_01960W_A
orf19.8305,orf19.8305,C6_01960W_A
orf19.688,orf19.688,C6_01980C_A
orf19.8306,orf19.8306,C6_01980C_A
orf19.689,orf19.689,C6_01990W_A
orf19.8307,orf19.8307,C6_01990W_A
orf19.690,orf19.690,C6_02000W_A
orf19.8309,orf19.8309,C6_02000W_A
orf19.691,orf19.691,C6_02010C_A
orf19.8310,orf19.8310,C6_02010C_A
orf19.11003,orf19.11003,C6_02020C_A
orf19.3509,orf19.3509,C6_02020C_A
orf19.692,orf19.692,C6_02020C_A
orf19.8311,orf19.8311,C6_02020C_A
orf19.11002,orf19.11002,C6_02030C_A
orf19.3508,orf19.3508,C6_02030C_A
orf19.11001,orf19.11001,C6_02040W_A
orf19.3507,orf19.3507,C6_02040W_A
orf19.11000,orf19.11000,C6_02050W_A
orf19.3506,orf19.3506,C6_02050W_A
orf19.10999,orf19.10999,C6_02060W_A
orf19.3505,orf19.3505,C6_02060W_A
orf19.10998,orf19.10998,C6_02070C_A
orf19.3504,orf19.3504,C6_02070C_A
orf19.10997,orf19.10997,C6_02080W_A
orf19.3503,orf19.3503,C6_02080W_A
orf19.10995,orf19.10995,C6_02090C_A
orf19.3501,orf19.3501,C6_02090C_A
orf19.10993,orf19.10993,C6_02100W_A
orf19.3499,orf19.3499,C6_02100W_A
orf19.10992,orf19.10992,C6_02110W_A
orf19.3498,orf19.3498,C6_02110W_A
orf19.10990,orf19.10990,C6_02120W_A
orf19.3496,orf19.3496,C6_02120W_A
orf19.10988,orf19.10988,C6_02130C_A
orf19.3494,orf19.3494,C6_02130C_A
orf19.10957,orf19.10957,C6_02140W_A
orf19.3453,orf19.3453,C6_02140W_A
orf19.10959,orf19.10959,C6_02150C_A
orf19.3455,orf19.3455,C6_02150C_A
orf19.10960,orf19.10960,C6_02160W_A
orf19.3456,orf19.3456,C6_02160W_A
orf19.10961,orf19.10961,C6_02170C_A
orf19.3457,orf19.3457,C6_02170C_A
orf19.10962,orf19.10962,C6_02180W_A
orf19.3458,orf19.3458,C6_02180W_A
orf19.10963,orf19.10963,C6_02190C_A
orf19.3459,orf19.3459,C6_02190C_A
orf19.10964,orf19.10964,C6_02200C_A
orf19.3460,orf19.3460,C6_02200C_A
orf19.10965,orf19.10965,C6_02210W_A
orf19.3461,orf19.3461,C6_02210W_A
orf19.10966,orf19.10966,C6_02220W_A
orf19.3462,orf19.3462,C6_02220W_A
orf19.10967,orf19.10967,C6_02230W_A
orf19.3463,orf19.3463,C6_02230W_A
orf19.10969,orf19.10969,C6_02240C_A
orf19.3465,orf19.3465,C6_02240C_A
orf19.10970,orf19.10970,C6_02250W_A
orf19.3466,orf19.3466,C6_02250W_A
orf19.10971,orf19.10971,C6_02260C_A
orf19.3467,orf19.3467,C6_02260C_A
orf19.10972,orf19.10972,C6_02270C_A
orf19.3468,orf19.3468,C6_02270C_A
orf19.10973,orf19.10973,C6_02280W_A
orf19.3469,orf19.3469,C6_02280W_A
orf19.10974,orf19.10974,C6_02290C_A
orf19.3470,orf19.3470,C6_02290C_A
orf19.10975,orf19.10975,C6_02300C_A
orf19.3471,orf19.3471,C6_02300C_A
orf19.10977,orf19.10977,C6_02310W_A
orf19.3473,orf19.3473,C6_02310W_A
orf19.10978,orf19.10978,C6_02320C_A
orf19.3474,orf19.3474,C6_02320C_A
orf19.10979,orf19.10979,C6_02330W_A
orf19.3475,orf19.3475,C6_02330W_A
orf19.10980,orf19.10980,C6_02340W_A
orf19.3476,orf19.3476,C6_02340W_A
orf19.10981,orf19.10981,C6_02350C_A
orf19.10983,orf19.10983,C6_02350C_A
orf19.3477,orf19.3477,C6_02350C_A
orf19.3479,orf19.3479,C6_02350C_A
orf19.10982,orf19.10982,C6_02360W_A
orf19.3478,orf19.3478,C6_02360W_A
orf19.10984,orf19.10984,C6_02370C_A
orf19.3480,orf19.3480,C6_02370C_A
orf19.10985,orf19.10985,C6_02380W_A
orf19.3481,orf19.3481,C6_02380W_A
orf19.10986,orf19.10986,C6_02410W_A
orf19.3482,orf19.3482,C6_02410W_A
orf19.10987,orf19.10987,C6_02420W_A
orf19.3483,orf19.3483,C6_02420W_A
orf19.12956,orf19.12956,C6_02430W_A
orf19.5510,orf19.5510,C6_02430W_A
orf19.12959,orf19.12959,C6_02440C_A
orf19.5513,orf19.5513,C6_02440C_A
orf19.12960,orf19.12960,C6_02450W_A
orf19.5514,orf19.5514,C6_02450W_A
orf19.12961,orf19.12961,C6_02460C_A
orf19.5515,orf19.5515,C6_02460C_A
orf19.12962,orf19.12962,C6_02470W_A
orf19.5516,orf19.5516,C6_02470W_A
orf19.12963,orf19.12963,C6_02480W_A
orf19.5517,orf19.5517,C6_02480W_A
orf19.12964,orf19.12964,C6_02490C_A
orf19.5518,orf19.5518,C6_02490C_A
orf19.12965,orf19.12965,C6_02500C_A
orf19.5519,orf19.5519,C6_02500C_A
orf19.12966,orf19.12966,C6_02510C_A
orf19.5520,orf19.5520,C6_02510C_A
orf19.12967,orf19.12967,C6_02520W_A
orf19.5521,orf19.5521,C6_02520W_A
orf19.12968,orf19.12968,C6_02530C_A
orf19.5522,orf19.5522,C6_02530C_A
orf19.12969,orf19.12969,C6_02540C_A
orf19.5523,orf19.5523,C6_02540C_A
orf19.12970,orf19.12970,C6_02550W_A
orf19.5524,orf19.5524,C6_02550W_A
orf19.12971,orf19.12971,C6_02560W_A
orf19.5525,orf19.5525,C6_02560W_A
orf19.12972,orf19.12972,C6_02570C_A
orf19.5526,orf19.5526,C6_02570C_A
orf19.12973,orf19.12973,C6_02580W_A
orf19.5527,orf19.5527,C6_02580W_A
orf19.12974,orf19.12974,C6_02590C_A
orf19.5528,orf19.5528,C6_02590C_A
orf19.12976,orf19.12976,C6_02600W_A
orf19.5530,orf19.5530,C6_02600W_A
orf19.12977,orf19.12977,C6_02610C_A
orf19.5531,orf19.5531,C6_02610C_A
orf19.12978,orf19.12978,C6_02620C_A
orf19.5532,orf19.5532,C6_02620C_A
orf19.12979,orf19.12979,C6_02630C_A
orf19.5533,orf19.5533,C6_02630C_A
orf19.12980,orf19.12980,C6_02640C_A
orf19.5534,orf19.5534,C6_02640C_A
orf19.12981,orf19.12981,C6_02650C_A
orf19.5535,orf19.5535,C6_02650C_A
orf19.12982,orf19.12982,C6_02660C_A
orf19.5536,orf19.5536,C6_02660C_A
orf19.12983,orf19.12983,C6_02670C_A
orf19.5537,orf19.5537,C6_02670C_A
orf19.12985,orf19.12985,C6_02680W_A
orf19.5539,orf19.5539,C6_02680W_A
orf19.12987,orf19.12987,C6_02690C_A
orf19.5541,orf19.5541,C6_02690C_A
orf19.12988,orf19.12988,C6_02710C_A
orf19.5542,orf19.5542,C6_02710C_A
orf19.12989,orf19.12989,C6_02720C_A
orf19.5543,orf19.5543,C6_02720C_A
orf19.12990,orf19.12990,C6_02730W_A
orf19.12992,orf19.12992,C6_02730W_A
orf19.5544,orf19.5544,C6_02730W_A
orf19.5546,orf19.5546,C6_02730W_A
orf19.12993,orf19.12993,C6_02740W_A
orf19.5547,orf19.5547,C6_02740W_A
orf19.12994,orf19.12994,C6_02750C_A
orf19.5548,orf19.5548,C6_02750C_A
orf19.12995,orf19.12995,C6_02760W_A
orf19.5549,orf19.5549,C6_02760W_A
orf19.12996,orf19.12996,C6_02770W_A
orf19.5550,orf19.5550,C6_02770W_A
orf19.12997,orf19.12997,C6_02780C_A
orf19.5551,orf19.5551,C6_02780C_A
orf19.12998,orf19.12998,C6_02790C_A
orf19.5552,orf19.5552,C6_02790C_A
orf19.12999,orf19.12999,C6_02800W_A
orf19.5553,orf19.5553,C6_02800W_A
orf19.13001,orf19.13001,C6_02810C_A
orf19.5555,orf19.5555,C6_02810C_A
orf19.13002,orf19.13002,C6_02820W_A
orf19.5556,orf19.5556,C6_02820W_A
orf19.13003,orf19.13003,C6_02830W_A
orf19.5557,orf19.5557,C6_02830W_A
orf19.13004,orf19.13004,C6_02840C_A
orf19.5558,orf19.5558,C6_02840C_A
orf19.13005,orf19.13005,C6_02850W_A
orf19.5559,orf19.5559,C6_02850W_A
orf19.13007,orf19.13007,C6_02860W_A
orf19.5561,orf19.5561,C6_02860W_A
orf19.13009,orf19.13009,C6_02870W_A
orf19.5563,orf19.5563,C6_02870W_A
orf19.13010,orf19.13010,C6_02880W_A
orf19.5564,orf19.5564,C6_02880W_A
orf19.13011,orf19.13011,C6_02890C_A
orf19.5565,orf19.5565,C6_02890C_A
orf19.13012,orf19.13012,C6_02900C_A
orf19.5566,orf19.5566,C6_02900C_A
orf19.13013,orf19.13013,C6_02910W_A
orf19.5567,orf19.5567,C6_02910W_A
orf19.13014,orf19.13014,C6_02920C_A
orf19.5568,orf19.5568,C6_02920C_A
orf19.13015,orf19.13015,C6_02930W_A
orf19.13017,orf19.13017,C6_02930W_A
orf19.5569,orf19.5569,C6_02930W_A
orf19.5571,orf19.5571,C6_02930W_A
orf19.13018,orf19.13018,C6_02940C_A
orf19.5572,orf19.5572,C6_02940C_A
orf19.13019,orf19.13019,C6_02950C_A
orf19.5573,orf19.5573,C6_02950C_A
orf19.13020,orf19.13020,C6_02960W_A
orf19.5574,orf19.5574,C6_02960W_A
orf19.13021,orf19.13021,C6_02970C_A
orf19.5575,orf19.5575,C6_02970C_A
orf19.13022,orf19.13022,C6_02980C_A
orf19.13023,orf19.13023,C6_02980C_A
orf19.5576,orf19.5576,C6_02980C_A
orf19.5577,orf19.5577,C6_02980C_A
orf19.13024,orf19.13024,C6_02990W_A
orf19.5578,orf19.5578,C6_02990W_A
orf19.13025,orf19.13025,C6_03000C_A
orf19.5579,orf19.5579,C6_03000C_A
orf19.13026,orf19.13026,C6_03010W_A
orf19.5580,orf19.5580,C6_03010W_A
orf19.13030,orf19.13030,C6_03020W_A
orf19.5584,orf19.5584,C6_03020W_A
orf19.13032,orf19.13032,C6_03030W_A
orf19.5585,orf19.5585,C6_03030W_A
orf19.13033,orf19.13033,C6_03040C_A
orf19.5586,orf19.5586,C6_03040C_A
orf19.13034,orf19.13034,C6_03050C_A
orf19.5587,orf19.5587,C6_03050C_A
orf19.13035,orf19.13035,C6_03060W_A
orf19.5588,orf19.5588,C6_03060W_A
orf19.5589,orf19.5589,C6_03070C_A
orf19.13037,orf19.13037,C6_03080C_A
orf19.5591,orf19.5591,C6_03080C_A
orf19.13038,orf19.13038,C6_03090W_A
orf19.5592,orf19.5592,C6_03090W_A
orf19.5593,orf19.5593,C6_03090W_A
orf19.13040,orf19.13040,C6_03100W_A
orf19.5595,orf19.5595,C6_03100W_A
orf19.13041,orf19.13041,C6_03110C_A
orf19.5596,orf19.5596,C6_03110C_A
orf19.13042,orf19.13042,C6_03120W_A
orf19.5597,orf19.5597,C6_03120W_A
orf19.5598,orf19.5598,C6_03120W_A
orf19.13043,orf19.13043,C6_03140C_A
orf19.5599,orf19.5599,C6_03140C_A
orf19.5600,orf19.5600,C6_03140C_A
orf19.13044,orf19.13044,C6_03150C_A
orf19.5601,orf19.5601,C6_03150C_A
orf19.13045,orf19.13045,C6_03160C_A
orf19.5602,orf19.5602,C6_03160C_A
orf19.13047,orf19.13047,C6_03170C_A
orf19.5604,orf19.5604,C6_03170C_A
orf19.13048,orf19.13048,C6_03180C_A
orf19.5605,orf19.5605,C6_03180C_A
orf19.13049,orf19.13049,C6_03190C_A
orf19.5606,orf19.5606,C6_03190C_A
orf19.13050,orf19.13050,C6_03200W_A
orf19.5607,orf19.5607,C6_03200W_A
orf19.13051,orf19.13051,C6_03210C_A
orf19.5608,orf19.5608,C6_03210C_A
orf19.13052,orf19.13052,C6_03220W_A
orf19.5609,orf19.5609,C6_03220W_A
orf19.13053,orf19.13053,C6_03230W_A
orf19.5610,orf19.5610,C6_03230W_A
orf19.13054,orf19.13054,C6_03240W_A
orf19.5611,orf19.5611,C6_03240W_A
orf19.13055,orf19.13055,C6_03250W_A
orf19.5612,orf19.5612,C6_03250W_A
orf19.13057,orf19.13057,C6_03260W_A
orf19.5614,orf19.5614,C6_03260W_A
orf19.13060,orf19.13060,C6_03270C_A
orf19.5615,orf19.5615,C6_03270C_A
orf19.13061,orf19.13061,C6_03280W_A
orf19.5616,orf19.5616,C6_03280W_A
orf19.13062,orf19.13062,C6_03290W_A
orf19.5617,orf19.5617,C6_03290W_A
orf19.13063,orf19.13063,C6_03300C_A
orf19.5618,orf19.5618,C6_03300C_A
orf19.13064,orf19.13064,C6_03310W_A
orf19.5619,orf19.5619,C6_03310W_A
orf19.13065,orf19.13065,C6_03320W_A
orf19.5620,orf19.5620,C6_03320W_A
orf19.13066,orf19.13066,C6_03330C_A
orf19.5621,orf19.5621,C6_03330C_A
orf19.13067,orf19.13067,C6_03340C_A
orf19.5622,orf19.5622,C6_03340C_A
orf19.13069,orf19.13069,C6_03350C_A
orf19.5623,orf19.5623,C6_03350C_A
orf19.5624,orf19.5624,C6_03350C_A
orf19.13070,orf19.13070,C6_03360C_A
orf19.5625,orf19.5625,C6_03360C_A
orf19.13071,orf19.13071,C6_03370W_A
orf19.5626,orf19.5626,C6_03370W_A
orf19.13072,orf19.13072,C6_03380W_A
orf19.5627,orf19.5627,C6_03380W_A
orf19.13073,orf19.13073,C6_03390W_A
orf19.5628,orf19.5628,C6_03390W_A
orf19.13074,orf19.13074,C6_03400C_A
orf19.5629,orf19.5629,C6_03400C_A
orf19.13075,orf19.13075,C6_03410C_A
orf19.5630,orf19.5630,C6_03410C_A
orf19.13076,orf19.13076,C6_03420W_A
orf19.13124,orf19.13124,C6_03420W_A
orf19.5631,orf19.5631,C6_03420W_A
orf19.5701,orf19.5701,C6_03420W_A
orf19.13125,orf19.13125,C6_03430C_A
orf19.5702,orf19.5702,C6_03430C_A
orf19.13127,orf19.13127,C6_03440W_A
orf19.5704,orf19.5704,C6_03440W_A
orf19.13128,orf19.13128,C6_03450C_A
orf19.5705,orf19.5705,C6_03450C_A
orf19.13133,orf19.13133,C6_03460W_A
orf19.5710,orf19.5710,C6_03460W_A
orf19.13134,orf19.13134,C6_03470W_A
orf19.5711,orf19.5711,C6_03470W_A
orf19.13136,orf19.13136,C6_03480W_A
orf19.5713,orf19.5713,C6_03480W_A
orf19.13137,orf19.13137,C6_03490C_A
orf19.5714,orf19.5714,C6_03490C_A
orf19.13139,orf19.13139,C6_03500C_A
orf19.5716,orf19.5716,C6_03500C_A
orf19.13140,orf19.13140,C6_03510C_A
orf19.5717,orf19.5717,C6_03510C_A
orf19.1019,orf19.1019,C6_03520C_A
orf19.13141,orf19.13141,C6_03520C_A
orf19.5718,orf19.5718,C6_03520C_A
orf19.1020,orf19.1020,C6_03530C_A
orf19.13142,orf19.13142,C6_03530C_A
orf19.5719,orf19.5719,C6_03530C_A
orf19.13143,orf19.13143,C6_03540W_A
orf19.5720,orf19.5720,C6_03540W_A
orf19.13145,orf19.13145,C6_03550C_A
orf19.5722,orf19.5722,C6_03550C_A
orf19.13146,orf19.13146,C6_03560W_A
orf19.5723,orf19.5723,C6_03560W_A
orf19.13147,orf19.13147,C6_03570W_A
orf19.5724,orf19.5724,C6_03570W_A
orf19.13148,orf19.13148,C6_03580W_A
orf19.5725,orf19.5725,C6_03580W_A
orf19.5726,orf19.5726,C6_03580W_A
orf19.13149,orf19.13149,C6_03590C_A
orf19.5727,orf19.5727,C6_03590C_A
orf19.13150,orf19.13150,C6_03600C_A
orf19.5728,orf19.5728,C6_03600C_A
orf19.13151,orf19.13151,C6_03610W_A
orf19.5729,orf19.5729,C6_03610W_A
orf19.13152,orf19.13152,C6_03620C_A
orf19.5730,orf19.5730,C6_03620C_A
orf19.13153,orf19.13153,C6_03630W_A
orf19.5731,orf19.5731,C6_03630W_A
orf19.13154,orf19.13154,C6_03640W_A
orf19.13155,orf19.13155,C6_03640W_A
orf19.5732,orf19.5732,C6_03640W_A
orf19.5733,orf19.5733,C6_03640W_A
orf19.13156,orf19.13156,C6_03650C_A
orf19.5734,orf19.5734,C6_03650C_A
orf19.13157,orf19.13157,C6_03660C_A
orf19.5735,orf19.5735,C6_03660C_A
orf19.13158,orf19.13158,C6_03690W_A
orf19.5736,orf19.5736,C6_03690W_A
orf19.13163,orf19.13163,C6_03700W_A
orf19.5741,orf19.5741,C6_03700W_A
orf19.13164,orf19.13164,C6_03710W_A
orf19.13168,orf19.13168,C6_03710W_A
orf19.45,orf19.45,C6_03710W_A
orf19.5742,orf19.5742,C6_03710W_A
orf19.5745,orf19.5745,C6_03710W_A
orf19.13169,orf19.13169,C6_03720W_A
orf19.5746,orf19.5746,C6_03720W_A
orf19.13170,orf19.13170,C6_03730C_A
orf19.5747,orf19.5747,C6_03730C_A
orf19.13171,orf19.13171,C6_03740W_A
orf19.5748,orf19.5748,C6_03740W_A
orf19.13172,orf19.13172,C6_03750C_A
orf19.5749,orf19.5749,C6_03750C_A
orf19.13173,orf19.13173,C6_03760C_A
orf19.5750,orf19.5750,C6_03760C_A
orf19.13174,orf19.13174,C6_03770C_A
orf19.5751,orf19.5751,C6_03770C_A
orf19.13175,orf19.13175,C6_03780C_A
orf19.5752,orf19.5752,C6_03780C_A
orf19.13176,orf19.13176,C6_03790C_A
orf19.5753,orf19.5753,C6_03790C_A
orf19.13177,orf19.13177,C6_03800C_A
orf19.5754,orf19.5754,C6_03800C_A
orf19.13178,orf19.13178,C6_03810W_A
orf19.5755,orf19.5755,C6_03810W_A
orf19.13180,orf19.13180,C6_03820C_A
orf19.5757,orf19.5757,C6_03820C_A
orf19.13181,orf19.13181,C6_03830W_A
orf19.5758,orf19.5758,C6_03830W_A
orf19.13182,orf19.13182,C6_03840C_A
orf19.5759,orf19.5759,C6_03840C_A
orf19.13183,orf19.13183,C6_03850C_A
orf19.5760,orf19.5760,C6_03850C_A
orf19.5761,orf19.5761,C6_03850C_A
orf19.13185,orf19.13185,C6_03860C_A
orf19.5762,orf19.5762,C6_03860C_A
orf19.13186,orf19.13186,C6_03880W_A
orf19.5763,orf19.5763,C6_03880W_A
orf19.13187,orf19.13187,C6_03890C_A
orf19.5764,orf19.5764,C6_03890C_A
orf19.13188,orf19.13188,C6_03900W_A
orf19.5765,orf19.5765,C6_03900W_A
orf19.13190,orf19.13190,C6_03910C_A
orf19.5767,orf19.5767,C6_03910C_A
orf19.13191,orf19.13191,C6_03920W_A
orf19.5768,orf19.5768,C6_03920W_A
orf19.5769,orf19.5769,C6_03920W_A
orf19.13192,orf19.13192,C6_03930W_A
orf19.5770,orf19.5770,C6_03930W_A
orf19.13193,orf19.13193,C6_03940C_A
orf19.5771,orf19.5771,C6_03940C_A
orf19.13194,orf19.13194,C6_03950C_A
orf19.5772,orf19.5772,C6_03950C_A
orf19.13195,orf19.13195,C6_03960W_A
orf19.5773,orf19.5773,C6_03960W_A
orf19.13197,orf19.13197,C6_03990C_A
orf19.5775,orf19.5775,C6_03990C_A
orf19.1221,orf19.1221,C6_04030W_A
orf19.8808,orf19.8808,C6_04030W_A
orf19.1220,orf19.1220,C6_04040C_A
orf19.8807,orf19.8807,C6_04040C_A
orf19.1219,orf19.1219,C6_04050W_A
orf19.1217,orf19.1217,C6_04060W_A
orf19.8806,orf19.8806,C6_04060W_A
orf19.1215,orf19.1215,C6_04070C_A
orf19.8803,orf19.8803,C6_04070C_A
orf19.1214,orf19.1214,C6_04080W_A
orf19.8802,orf19.8802,C6_04080W_A
orf19.1212,orf19.1212,C6_04100W_A
orf19.8800,orf19.8800,C6_04100W_A
orf19.1210,orf19.1210,C6_04110W_A
orf19.8799,orf19.8799,C6_04110W_A
orf19.1209,orf19.1209,C6_04120C_A
orf19.4557,orf19.4557,C6_04120C_A
orf19.8798,orf19.8798,C6_04120C_A
orf19.4555,orf19.4555,C6_04130C_A
orf19.4556,orf19.4556,C6_04130C_A
orf19.4553,orf19.4553,C6_04140C_A
orf19.76,orf19.76,C6_04160C_A
orf19.7727,orf19.7727,C6_04160C_A
orf19.74,orf19.74,C6_04170C_A
orf19.75,orf19.75,C6_04170C_A
orf19.7725,orf19.7725,C6_04170C_A
orf19.7726,orf19.7726,C6_04170C_A
orf19.62,orf19.62,C6_04180W_A
orf19.73,orf19.73,C6_04180W_A
orf19.7724,orf19.7724,C6_04180W_A
orf19.1075,orf19.1075,C6_04190C_A
orf19.1077,orf19.1077,C6_04210C_A
orf19.8676,orf19.8676,C6_04210C_A
orf19.8678,orf19.8678,C6_04210C_A
orf19.1078,orf19.1078,C6_04220C_A
orf19.1079,orf19.1079,C6_04220C_A
orf19.8679,orf19.8679,C6_04220C_A
orf19.8680,orf19.8680,C6_04220C_A
orf19.1080,orf19.1080,C6_04230W_A
orf19.8681,orf19.8681,C6_04230W_A
orf19.1082,orf19.1082,C6_04240W_A
orf19.8683,orf19.8683,C6_04240W_A
orf19.1083,orf19.1083,C6_04260C_A
orf19.8684,orf19.8684,C6_04260C_A
orf19.1084,orf19.1084,C6_04270W_A
orf19.8685,orf19.8685,C6_04270W_A
orf19.1085,orf19.1085,C6_04280W_A
orf19.8686,orf19.8686,C6_04280W_A
orf19.1086,orf19.1086,C6_04290W_A
orf19.8687,orf19.8687,C6_04290W_A
orf19.1087,orf19.1087,C6_04300W_A
orf19.8688,orf19.8688,C6_04300W_A
orf19.1089,orf19.1089,C6_04310W_A
orf19.8690,orf19.8690,C6_04310W_A
orf19.1090,orf19.1090,C6_04320C_A
orf19.8691,orf19.8691,C6_04320C_A
orf19.1091,orf19.1091,C6_04330W_A
orf19.8692,orf19.8692,C6_04330W_A
orf19.1092,orf19.1092,C6_04340W_A
orf19.8693,orf19.8693,C6_04340W_A
orf19.1093,orf19.1093,C6_04350C_A
orf19.8695,orf19.8695,C6_04350C_A
orf19.1095,orf19.1095,C6_04360C_A
orf19.8697,orf19.8697,C6_04360C_A
orf19.1096,orf19.1096,C6_04370W_A
orf19.8698,orf19.8698,C6_04370W_A
orf19.1097,orf19.1097,C6_04380W_A
orf19.1098,orf19.1098,C6_04380W_A
orf19.2121,orf19.2121,C6_04380W_A
orf19.2122,orf19.2122,C6_04380W_A
orf19.8699,orf19.8699,C6_04380W_A
orf19.8700,orf19.8700,C6_04380W_A
orf19.9669,orf19.9669,C6_04380W_A
orf19.9670,orf19.9670,C6_04380W_A
orf19.2123,orf19.2123,C6_04400W_A
orf19.9671,orf19.9671,C6_04400W_A
orf19.2124,orf19.2124,C6_04410C_A
orf19.9672,orf19.9672,C6_04410C_A
orf19.2125,orf19.2125,C6_04420W_A
orf19.2126,orf19.2126,C6_04430W_A
orf19.2127,orf19.2127,C6_04430W_A
orf19.9674,orf19.9674,C6_04430W_A
orf19.2129,orf19.2129,C6_04440C_A
orf19.9676,orf19.9676,C6_04440C_A
orf19.2128,orf19.2128,C6_04450W_A
orf19.9675,orf19.9675,C6_04450W_A
orf19.2131,orf19.2131,C6_04470C_A
orf19.9678,orf19.9678,C6_04470C_A
orf19.2132,orf19.2132,C6_04480C_A
orf19.9679,orf19.9679,C6_04480C_A
orf19.2133,orf19.2133,C6_04490W_A
orf19.9680,orf19.9680,C6_04490W_A
orf19.2135,orf19.2135,C6_04500C_A
orf19.2136,orf19.2136,C6_04500C_A
orf19.9682,orf19.9682,C6_04500C_A
orf19.9683,orf19.9683,C6_04500C_A
orf19.2137,orf19.2137,C6_04510C_A
orf19.9684,orf19.9684,C6_04510C_A
orf19.2138,orf19.2138,C6_04520W_A
orf19.9685,orf19.9685,C6_04520W_A
orf19.2143,orf19.2143,C6_04530C_A
orf19.9690,orf19.9690,C6_04530C_A
orf19.2146,orf19.2146,C6_04540C_A
orf19.9693,orf19.9693,C6_04540C_A
orf19.2149,orf19.2149,C6_04550C_A
orf19.9696,orf19.9696,C6_04550C_A
orf19.2150,orf19.2150,C6_04560W_A
orf19.9697,orf19.9697,C6_04560W_A
orf19.2151,orf19.2151,C6_04570W_A
orf19.9698,orf19.9698,C6_04570W_A
orf19.2154,orf19.2154,C6_04580W_A
orf19.9701,orf19.9701,C6_04580W_A
orf19.2156,orf19.2156,C6_04590C_A
orf19.9703,orf19.9703,C6_04590C_A
orf19.2157,orf19.2157,C6_04600W_A
orf19.9704,orf19.9704,C6_04600W_A
orf19.2158,orf19.2158,C6_04610C_A
orf19.2159,orf19.2159,C6_04610C_A
orf19.2160,orf19.2160,C6_04620C_A
orf19.9706,orf19.9706,C6_04620C_A
orf19.2163,orf19.2163,C6_04650W_A
orf19.9709,orf19.9709,C6_04650W_A
orf19.7125,orf19.7125,C7_00010C_A
orf19.7124,orf19.7124,C7_00020C_A
orf19.7123,orf19.7123,C7_00030W_A
orf19.7121,orf19.7121,C7_00040C_A
orf19.7119,orf19.7119,C7_00050C_A
orf19.7118,orf19.7118,C7_00060C_A
orf19.7116,orf19.7116,C7_00070C_A
orf19.7115,orf19.7115,C7_00080C_A
orf19.7114,orf19.7114,C7_00090C_A
orf19.7112,orf19.7112,C7_00100W_A
orf19.7111,orf19.7111,C7_00120W_A
orf19.7110,orf19.7110,C7_00130W_A
orf19.7109,orf19.7109,C7_00140C_A
orf19.7108,orf19.7108,C7_00150W_A
orf19.7107,orf19.7107,C7_00160C_A
orf19.7106,orf19.7106,C7_00170W_A
orf19.7105,orf19.7105,C7_00180W_A
orf19.7104,orf19.7104,C7_00190W_A
orf19.7103,orf19.7103,C7_00200W_A
orf19.7101,orf19.7101,C7_00210C_A
orf19.7102,orf19.7102,C7_00220W_A
orf19.7100,orf19.7100,C7_00230W_A
orf19.7098,orf19.7098,C7_00240W_A
orf19.7097,orf19.7097,C7_00250C_A
orf19.7096,orf19.7096,C7_00260C_A
orf19.7095,orf19.7095,C7_00270W_A
orf19.7094,orf19.7094,C7_00280W_A
orf19.7093,orf19.7093,C7_00290C_A
orf19.7092,orf19.7092,C7_00300W_A
orf19.7091,orf19.7091,C7_00310C_A
orf19.7089,orf19.7089,C7_00320C_A
orf19.7088,orf19.7088,C7_00330C_A
orf19.7086,orf19.7086,C7_00340C_A
orf19.7085,orf19.7085,C7_00350C_A
orf19.7084,orf19.7084,C7_00360W_A
orf19.7083,orf19.7083,C7_00370W_A
orf19.7082,orf19.7082,C7_00380W_A
orf19.7081,orf19.7081,C7_00390W_A
orf19.7080,orf19.7080,C7_00400W_A
orf19.7079,orf19.7079,C7_00410C_A
orf19.7078,orf19.7078,C7_00420C_A
orf19.7077,orf19.7077,C7_00430W_A
orf19.7076,orf19.7076,C7_00440C_A
orf19.7074,orf19.7074,C7_00450C_A
orf19.7073,orf19.7073,C7_00460W_A
orf19.7072,orf19.7072,C7_00470C_A
orf19.7071,orf19.7071,C7_00480W_A
orf19.7069,orf19.7069,C7_00490C_A
orf19.7070,orf19.7070,C7_00500W_A
orf19.7068,orf19.7068,C7_00510W_A
orf19.7067,orf19.7067,C7_00520W_A
orf19.7065,orf19.7065,C7_00530C_A
orf19.7064,orf19.7064,C7_00550C_A
orf19.7063,orf19.7063,C7_00560C_A
orf19.7062,orf19.7062,C7_00570W_A
orf19.7061,orf19.7061,C7_00580C_A
orf19.7060,orf19.7060,C7_00590W_A
orf19.7059,orf19.7059,C7_00600C_A
orf19.7058,orf19.7058,C7_00610C_A
orf19.7057,orf19.7057,C7_00620W_A
orf19.7056,orf19.7056,C7_00630C_A
orf19.7055,orf19.7055,C7_00640C_A
orf19.7054,orf19.7054,C7_00650W_A
orf19.7053,orf19.7053,C7_00660W_A
orf19.7052,orf19.7052,C7_00670C_A
orf19.7051,orf19.7051,C7_00680W_A
orf19.7050,orf19.7050,C7_00690W_A
orf19.7049,orf19.7049,C7_00700W_A
orf19.7047,orf19.7047,C7_00720W_A
orf19.7048,orf19.7048,C7_00720W_A
orf19.7046,orf19.7046,C7_00730W_A
orf19.7044,orf19.7044,C7_00740W_A
orf19.7043,orf19.7043,C7_00760C_A
orf19.7042,orf19.7042,C7_00770W_A
orf19.7041,orf19.7041,C7_00780W_A
orf19.7038,orf19.7038,C7_00790W_A
orf19.7039,orf19.7039,C7_00790W_A
orf19.7037,orf19.7037,C7_00800C_A
orf19.7036,orf19.7036,C7_00810W_A
orf19.7035,orf19.7035,C7_00820W_A
orf19.7034,orf19.7034,C7_00830C_A
orf19.7033,orf19.7033,C7_00840C_A
orf19.7032,orf19.7032,C7_00850W_A
orf19.7030,orf19.7030,C7_00860W_A
orf19.7029,orf19.7029,C7_00870W_A
orf19.7027,orf19.7027,C7_00880C_A
orf19.7028,orf19.7028,C7_00880C_A
orf19.7025,orf19.7025,C7_00890C_A
orf19.7024,orf19.7024,C7_00900W_A
orf19.7023,orf19.7023,C7_00910C_A
orf19.7022,orf19.7022,C7_00920C_A
orf19.7021,orf19.7021,C7_00930W_A
orf19.7020,orf19.7020,C7_00940W_A
orf19.7019,orf19.7019,C7_00950W_A
orf19.7018,orf19.7018,C7_00960W_A
orf19.7017,orf19.7017,C7_00970C_A
orf19.7016,orf19.7016,C7_00980W_A
orf19.7015,orf19.7015,C7_00990W_A
orf19.7014,orf19.7014,C7_01000C_A
orf19.7013,orf19.7013,C7_01010W_A
orf19.7012,orf19.7012,C7_01020C_A
orf19.7011,orf19.7011,C7_01030C_A
orf19.7010,orf19.7010,C7_01040C_A
orf19.7009,orf19.7009,C7_01050W_A
orf19.7007,orf19.7007,C7_01060W_A
orf19.7006,orf19.7006,C7_01070C_A
orf19.6896,orf19.6896,C7_01100C_A
orf19.6897,orf19.6897,C7_01130C_A
orf19.6898,orf19.6898,C7_01150W_A
orf19.6899,orf19.6899,C7_01170C_A
orf19.6900,orf19.6900,C7_01180W_A
orf19.6901,orf19.6901,C7_01190W_A
orf19.6902,orf19.6902,C7_01200C_A
orf19.6903,orf19.6903,C7_01210C_A
orf19.6904,orf19.6904,C7_01220W_A
orf19.6905,orf19.6905,C7_01230C_A
orf19.6906,orf19.6906,C7_01250W_A
orf19.6907,orf19.6907,C7_01270C_A
orf19.6908,orf19.6908,C7_01280C_A
orf19.6909,orf19.6909,C7_01290W_A
orf19.6910,orf19.6910,C7_01300C_A
orf19.6911,orf19.6911,C7_01310C_A
orf19.6912,orf19.6912,C7_01320W_A
orf19.6913,orf19.6913,C7_01330C_A
orf19.6915,orf19.6915,C7_01340W_A
orf19.6916,orf19.6916,C7_01350C_A
orf19.6917,orf19.6917,C7_01360C_A
orf19.6918,orf19.6918,C7_01370W_A
orf19.6919,orf19.6919,C7_01380W_A
orf19.6920,orf19.6920,C7_01390W_A
orf19.6921,orf19.6921,C7_01400C_A
orf19.13941,orf19.13941,C7_01410C_A
orf19.6588,orf19.6588,C7_01410C_A
orf19.13940,orf19.13940,C7_01420W_A
orf19.6587,orf19.6587,C7_01420W_A
orf19.13939,orf19.13939,C7_01430C_A
orf19.6586,orf19.6586,C7_01430C_A
orf19.13938,orf19.13938,C7_01440W_A
orf19.6585,orf19.6585,C7_01440W_A
orf19.13937,orf19.13937,C7_01450C_A
orf19.6584,orf19.6584,C7_01450C_A
orf19.13936,orf19.13936,C7_01460C_A
orf19.6583,orf19.6583,C7_01460C_A
orf19.13935,orf19.13935,C7_01470C_A
orf19.6582,orf19.6582,C7_01470C_A
orf19.13934,orf19.13934,C7_01480W_A
orf19.6581,orf19.6581,C7_01480W_A
orf19.13933,orf19.13933,C7_01490W_A
orf19.6580,orf19.6580,C7_01490W_A
orf19.13932,orf19.13932,C7_01500W_A
orf19.6579,orf19.6579,C7_01500W_A
orf19.13931,orf19.13931,C7_01510W_A
orf19.6578,orf19.6578,C7_01510W_A
orf19.13930,orf19.13930,C7_01520W_A
orf19.6577,orf19.6577,C7_01520W_A
orf19.13928,orf19.13928,C7_01530W_A
orf19.6575,orf19.6575,C7_01530W_A
orf19.13927,orf19.13927,C7_01540W_A
orf19.6574,orf19.6574,C7_01540W_A
orf19.13926,orf19.13926,C7_01550W_A
orf19.6573,orf19.6573,C7_01550W_A
orf19.13923,orf19.13923,C7_01560C_A
orf19.6570,orf19.6570,C7_01560C_A
orf19.13922,orf19.13922,C7_01570C_A
orf19.6569,orf19.6569,C7_01570C_A
orf19.13921,orf19.13921,C7_01580W_A
orf19.6568,orf19.6568,C7_01580W_A
orf19.13919,orf19.13919,C7_01590C_A
orf19.6566,orf19.6566,C7_01590C_A
orf19.13918,orf19.13918,C7_01600W_A
orf19.6565,orf19.6565,C7_01600W_A
orf19.13916,orf19.13916,C7_01620C_A
orf19.6563,orf19.6563,C7_01620C_A
orf19.13915,orf19.13915,C7_01630W_A
orf19.6562,orf19.6562,C7_01630W_A
orf19.13914,orf19.13914,C7_01640W_A
orf19.6561,orf19.6561,C7_01640W_A
orf19.13912,orf19.13912,C7_01650W_A
orf19.6559,orf19.6559,C7_01650W_A
orf19.13911,orf19.13911,C7_01660C_A
orf19.6558,orf19.6558,C7_01660C_A
orf19.13910,orf19.13910,C7_01670W_A
orf19.6557,orf19.6557,C7_01670W_A
orf19.13909,orf19.13909,C7_01680C_A
orf19.6556,orf19.6556,C7_01680C_A
orf19.13908,orf19.13908,C7_01690W_A
orf19.6555,orf19.6555,C7_01690W_A
orf19.13907,orf19.13907,C7_01700W_A
orf19.6554,orf19.6554,C7_01700W_A
orf19.13906,orf19.13906,C7_01710W_A
orf19.6553,orf19.6553,C7_01710W_A
orf19.13905,orf19.13905,C7_01720W_A
orf19.6552,orf19.6552,C7_01720W_A
orf19.13904,orf19.13904,C7_01740C_A
orf19.6551,orf19.6551,C7_01740C_A
orf19.13903,orf19.13903,C7_01750W_A
orf19.6550,orf19.6550,C7_01750W_A
orf19.13901,orf19.13901,C7_01760C_A
orf19.6548,orf19.6548,C7_01760C_A
orf19.13900,orf19.13900,C7_01770W_A
orf19.6547,orf19.6547,C7_01770W_A
orf19.13897,orf19.13897,C7_01780W_A
orf19.6544,orf19.6544,C7_01780W_A
orf19.13894,orf19.13894,C7_01790C_A
orf19.6541,orf19.6541,C7_01790C_A
orf19.13893,orf19.13893,C7_01800C_A
orf19.6540,orf19.6540,C7_01800C_A
orf19.13892,orf19.13892,C7_01810W_A
orf19.6539,orf19.6539,C7_01810W_A
orf19.13891,orf19.13891,C7_01820C_A
orf19.6538,orf19.6538,C7_01820C_A
orf19.13890,orf19.13890,C7_01830W_A
orf19.6537,orf19.6537,C7_01830W_A
orf19.13889,orf19.13889,C7_01840W_A
orf19.6536,orf19.6536,C7_01840W_A
orf19.13888,orf19.13888,C7_01850C_A
orf19.6535,orf19.6535,C7_01850C_A
orf19.13887,orf19.13887,C7_01860W_A
orf19.6534,orf19.6534,C7_01860W_A
orf19.13886,orf19.13886,C7_01870W_A
orf19.6533,orf19.6533,C7_01870W_A
orf19.13885,orf19.13885,C7_01880C_A
orf19.6532,orf19.6532,C7_01880C_A
orf19.13884,orf19.13884,C7_01900W_A
orf19.6531,orf19.6531,C7_01900W_A
orf19.13883,orf19.13883,C7_01910C_A
orf19.6530,orf19.6530,C7_01910C_A
orf19.13882,orf19.13882,C7_01920W_A
orf19.6529,orf19.6529,C7_01920W_A
orf19.13881,orf19.13881,C7_01930C_A
orf19.6528,orf19.6528,C7_01930C_A
orf19.13880,orf19.13880,C7_01940C_A
orf19.6527,orf19.6527,C7_01940C_A
orf19.13879,orf19.13879,C7_01950W_A
orf19.6526,orf19.6526,C7_01950W_A
orf19.13878,orf19.13878,C7_01960W_A
orf19.6525,orf19.6525,C7_01960W_A
orf19.13877,orf19.13877,C7_01970C_A
orf19.6524,orf19.6524,C7_01970C_A
orf19.13875,orf19.13875,C7_01990C_A
orf19.6522,orf19.6522,C7_01990C_A
orf19.13873,orf19.13873,C7_02000C_A
orf19.6520,orf19.6520,C7_02000C_A
orf19.13871,orf19.13871,C7_02010C_A
orf19.6518,orf19.6518,C7_02010C_A
orf19.13870,orf19.13870,C7_02020W_A
orf19.6517,orf19.6517,C7_02020W_A
orf19.13868,orf19.13868,C7_02030W_A
orf19.6515,orf19.6515,C7_02030W_A
orf19.13867,orf19.13867,C7_02040C_A
orf19.6514,orf19.6514,C7_02040C_A
orf19.13865,orf19.13865,C7_02050C_A
orf19.6512,orf19.6512,C7_02050C_A
orf19.13864,orf19.13864,C7_02060W_A
orf19.6511,orf19.6511,C7_02060W_A
orf19.13863,orf19.13863,C7_02070W_A
orf19.6510,orf19.6510,C7_02070W_A
orf19.13862,orf19.13862,C7_02080W_A
orf19.6509,orf19.6509,C7_02080W_A
orf19.13861,orf19.13861,C7_02090C_A
orf19.6508,orf19.6508,C7_02090C_A
orf19.13860,orf19.13860,C7_02100W_A
orf19.6507,orf19.6507,C7_02100W_A
orf19.13859,orf19.13859,C7_02110W_A
orf19.6506,orf19.6506,C7_02110W_A
orf19.13856,orf19.13856,C7_02120C_A
orf19.6503,orf19.6503,C7_02120C_A
orf19.13855,orf19.13855,C7_02130W_A
orf19.6502,orf19.6502,C7_02130W_A
orf19.13854,orf19.13854,C7_02140W_A
orf19.6501,orf19.6501,C7_02140W_A
orf19.13853,orf19.13853,C7_02150C_A
orf19.6500,orf19.6500,C7_02150C_A
orf19.13852,orf19.13852,C7_02160W_A
orf19.6499,orf19.6499,C7_02160W_A
orf19.13851,orf19.13851,C7_02170C_A
orf19.6498,orf19.6498,C7_02170C_A
orf19.13849,orf19.13849,C7_02180C_A
orf19.6496,orf19.6496,C7_02180C_A
orf19.13847,orf19.13847,C7_02200W_A
orf19.6494,orf19.6494,C7_02200W_A
orf19.13846,orf19.13846,C7_02210W_A
orf19.6493,orf19.6493,C7_02210W_A
orf19.13845,orf19.13845,C7_02220C_A
orf19.6492,orf19.6492,C7_02220C_A
orf19.13844,orf19.13844,C7_02230W_A
orf19.6491,orf19.6491,C7_02230W_A
orf19.13842,orf19.13842,C7_02240W_A
orf19.6489,orf19.6489,C7_02240W_A
orf19.13841,orf19.13841,C7_02250W_A
orf19.6488,orf19.6488,C7_02250W_A
orf19.6487,orf19.6487,C7_02260W_A
orf19.13840,orf19.13840,C7_02270W_A
orf19.6486,orf19.6486,C7_02270W_A
orf19.13838,orf19.13838,C7_02280W_A
orf19.6484,orf19.6484,C7_02280W_A
orf19.13836,orf19.13836,C7_02290W_A
orf19.6482,orf19.6482,C7_02290W_A
orf19.13835,orf19.13835,C7_02300W_A
orf19.6481,orf19.6481,C7_02300W_A
orf19.13834,orf19.13834,C7_02310C_A
orf19.6480,orf19.6480,C7_02310C_A
orf19.13833,orf19.13833,C7_02320W_A
orf19.6479,orf19.6479,C7_02320W_A
orf19.13832,orf19.13832,C7_02330W_A
orf19.6478,orf19.6478,C7_02330W_A
orf19.13831,orf19.13831,C7_02340C_A
orf19.6477,orf19.6477,C7_02340C_A
orf19.13830,orf19.13830,C7_02350C_A
orf19.6476,orf19.6476,C7_02350C_A
orf19.13829,orf19.13829,C7_02360W_A
orf19.6475,orf19.6475,C7_02360W_A
orf19.13828,orf19.13828,C7_02370W_A
orf19.6474,orf19.6474,C7_02370W_A
orf19.13826,orf19.13826,C7_02380C_A
orf19.6472,orf19.6472,C7_02380C_A
orf19.13824,orf19.13824,C7_02390W_A
orf19.6470,orf19.6470,C7_02390W_A
orf19.6467,orf19.6467,C7_02420C_A
orf19.6468,orf19.6468,C7_02420C_A
orf19.6469,orf19.6469,C7_02420C_A
orf19.6465,orf19.6465,C7_02430C_A
orf19.13823,orf19.13823,C7_02450W_A
orf19.6464,orf19.6464,C7_02450W_A
orf19.13821,orf19.13821,C7_02460C_A
orf19.6463,orf19.6463,C7_02460C_A
orf19.13820,orf19.13820,C7_02470C_A
orf19.6462,orf19.6462,C7_02470C_A
orf19.13819,orf19.13819,C7_02480W_A
orf19.6461,orf19.6461,C7_02480W_A
orf19.13818,orf19.13818,C7_02490W_A
orf19.6460,orf19.6460,C7_02490W_A
orf19.13817,orf19.13817,C7_02500C_A
orf19.6459,orf19.6459,C7_02500C_A
orf19.13816,orf19.13816,C7_02520W_A
orf19.6458,orf19.6458,C7_02520W_A
orf19.13815,orf19.13815,C7_02530C_A
orf19.6457,orf19.6457,C7_02530C_A
orf19.13814,orf19.13814,C7_02540W_A
orf19.6456,orf19.6456,C7_02540W_A
orf19.13813,orf19.13813,C7_02550C_A
orf19.6455,orf19.6455,C7_02550C_A
orf19.11187,orf19.11187,C7_02560W_A
orf19.13811,orf19.13811,C7_02560W_A
orf19.13812,orf19.13812,C7_02560W_A
orf19.3703,orf19.3703,C7_02560W_A
orf19.6453,orf19.6453,C7_02560W_A
orf19.6454,orf19.6454,C7_02560W_A
orf19.11186,orf19.11186,C7_02570C_A
orf19.13810,orf19.13810,C7_02570C_A
orf19.3702,orf19.3702,C7_02570C_A
orf19.6452,orf19.6452,C7_02570C_A
orf19.2372,orf19.2372,C7_02600C_A
orf19.9908,orf19.9908,C7_02600C_A
orf19.2371,orf19.2371,C7_02610C_A
orf19.9907,orf19.9907,C7_02610C_A
orf19.11185,orf19.11185,C7_02630W_A
orf19.3701,orf19.3701,C7_02630W_A
orf19.11184,orf19.11184,C7_02640W_A
orf19.3700,orf19.3700,C7_02640W_A
orf19.11183,orf19.11183,C7_02650W_A
orf19.3699,orf19.3699,C7_02650W_A
orf19.11182,orf19.11182,C7_02660C_A
orf19.3698,orf19.3698,C7_02660C_A
orf19.11181,orf19.11181,C7_02670W_A
orf19.3697,orf19.3697,C7_02670W_A
orf19.11180,orf19.11180,C7_02680W_A
orf19.3696,orf19.3696,C7_02680W_A
orf19.11179,orf19.11179,C7_02690C_A
orf19.3695,orf19.3695,C7_02690C_A
orf19.12658,orf19.12658,C7_02750W_A
orf19.5191,orf19.5191,C7_02750W_A
orf19.12657,orf19.12657,C7_02760W_A
orf19.5190,orf19.5190,C7_02760W_A
orf19.12655,orf19.12655,C7_02770W_A
orf19.5188,orf19.5188,C7_02770W_A
orf19.12651,orf19.12651,C7_02780W_A
orf19.12652,orf19.12652,C7_02780W_A
orf19.5184,orf19.5184,C7_02780W_A
orf19.5185,orf19.5185,C7_02780W_A
orf19.12649,orf19.12649,C7_02790C_A
orf19.12650,orf19.12650,C7_02790C_A
orf19.5182,orf19.5182,C7_02790C_A
orf19.5183,orf19.5183,C7_02790C_A
orf19.12648,orf19.12648,C7_02800W_A
orf19.5181,orf19.5181,C7_02800W_A
orf19.12647,orf19.12647,C7_02810W_A
orf19.5180,orf19.5180,C7_02810W_A
orf19.12646,orf19.12646,C7_02830C_A
orf19.5179,orf19.5179,C7_02830C_A
orf19.12645,orf19.12645,C7_02840C_A
orf19.5178,orf19.5178,C7_02840C_A
orf19.12644,orf19.12644,C7_02850W_A
orf19.5177,orf19.5177,C7_02850W_A
orf19.12642,orf19.12642,C7_02860C_A
orf19.5175,orf19.5175,C7_02860C_A
orf19.12641,orf19.12641,C7_02870C_A
orf19.5174,orf19.5174,C7_02870C_A
orf19.12639,orf19.12639,C7_02880C_A
orf19.12640,orf19.12640,C7_02880C_A
orf19.5172,orf19.5172,C7_02880C_A
orf19.5173,orf19.5173,C7_02880C_A
orf19.12638,orf19.12638,C7_02890C_A
orf19.5171,orf19.5171,C7_02890C_A
orf19.12637,orf19.12637,C7_02910W_A
orf19.5170,orf19.5170,C7_02910W_A
orf19.12636,orf19.12636,C7_02920W_A
orf19.5169,orf19.5169,C7_02920W_A
orf19.12635,orf19.12635,C7_02930C_A
orf19.5168,orf19.5168,C7_02930C_A
orf19.12634,orf19.12634,C7_02940C_A
orf19.5167,orf19.5167,C7_02940C_A
orf19.12633,orf19.12633,C7_02950C_A
orf19.5166,orf19.5166,C7_02950C_A
orf19.12632,orf19.12632,C7_02960C_A
orf19.5165,orf19.5165,C7_02960C_A
orf19.12631,orf19.12631,C7_02970W_A
orf19.5164,orf19.5164,C7_02970W_A
orf19.12630,orf19.12630,C7_02980C_A
orf19.5163,orf19.5163,C7_02980C_A
orf19.12629,orf19.12629,C7_02990W_A
orf19.5162,orf19.5162,C7_02990W_A
orf19.12628,orf19.12628,C7_03000C_A
orf19.5161,orf19.5161,C7_03000C_A
orf19.12627,orf19.12627,C7_03010W_A
orf19.5160,orf19.5160,C7_03010W_A
orf19.12626,orf19.12626,C7_03020C_A
orf19.5159,orf19.5159,C7_03020C_A
orf19.12625,orf19.12625,C7_03030W_A
orf19.5158,orf19.5158,C7_03030W_A
orf19.12624,orf19.12624,C7_03040W_A
orf19.5157,orf19.5157,C7_03040W_A
orf19.12623,orf19.12623,C7_03050W_A
orf19.5156,orf19.5156,C7_03050W_A
orf19.12622,orf19.12622,C7_03060C_A
orf19.5155,orf19.5155,C7_03060C_A
orf19.12615,orf19.12615,C7_03070C_A
orf19.12617,orf19.12617,C7_03070C_A
orf19.5148,orf19.5148,C7_03070C_A
orf19.5150,orf19.5150,C7_03070C_A
orf19.5151,orf19.5151,C7_03070C_A
orf19.12613,orf19.12613,C7_03080W_A
orf19.5147,orf19.5147,C7_03080W_A
orf19.12611,orf19.12611,C7_03090C_A
orf19.5145,orf19.5145,C7_03090C_A
orf19.12609,orf19.12609,C7_03110W_A
orf19.5144,orf19.5144,C7_03110W_A
orf19.12608,orf19.12608,C7_03120W_A
orf19.5143,orf19.5143,C7_03120W_A
orf19.12607,orf19.12607,C7_03130C_A
orf19.5142,orf19.5142,C7_03130C_A
orf19.12606,orf19.12606,C7_03140W_A
orf19.5141,orf19.5141,C7_03140W_A
orf19.12605,orf19.12605,C7_03150W_A
orf19.5140,orf19.5140,C7_03150W_A
orf19.12604,orf19.12604,C7_03160W_A
orf19.5139,orf19.5139,C7_03160W_A
orf19.12603,orf19.12603,C7_03170W_A
orf19.5138,orf19.5138,C7_03170W_A
orf19.12602,orf19.12602,C7_03190C_A
orf19.5137,orf19.5137,C7_03190C_A
orf19.12601,orf19.12601,C7_03200C_A
orf19.5136,orf19.5136,C7_03200C_A
orf19.12599,orf19.12599,C7_03210W_A
orf19.5134,orf19.5134,C7_03210W_A
orf19.12598,orf19.12598,C7_03220C_A
orf19.5133,orf19.5133,C7_03220C_A
orf19.12597,orf19.12597,C7_03230C_A
orf19.5132,orf19.5132,C7_03230C_A
orf19.12596,orf19.12596,C7_03240W_A
orf19.5131,orf19.5131,C7_03240W_A
orf19.12595,orf19.12595,C7_03250C_A
orf19.5130,orf19.5130,C7_03250C_A
orf19.12594,orf19.12594,C7_03260C_A
orf19.5129,orf19.5129,C7_03260C_A
orf19.12591,orf19.12591,C7_03270W_A
orf19.12593,orf19.12593,C7_03270W_A
orf19.5126,orf19.5126,C7_03270W_A
orf19.5128,orf19.5128,C7_03270W_A
orf19.12590,orf19.12590,C7_03280C_A
orf19.5125,orf19.5125,C7_03280C_A
orf19.12589,orf19.12589,C7_03290C_A
orf19.1346,orf19.1346,C7_03290C_A
orf19.5123,orf19.5123,C7_03290C_A
orf19.5124,orf19.5124,C7_03290C_A
orf19.8926,orf19.8926,C7_03290C_A
orf19.1345,orf19.1345,C7_03300C_A
orf19.8925,orf19.8925,C7_03300C_A
orf19.1344,orf19.1344,C7_03310W_A
orf19.8924,orf19.8924,C7_03310W_A
orf19.1343,orf19.1343,C7_03320C_A
orf19.8923,orf19.8923,C7_03320C_A
orf19.1342,orf19.1342,C7_03330C_A
orf19.8922,orf19.8922,C7_03330C_A
orf19.1341,orf19.1341,C7_03340C_A
orf19.8921,orf19.8921,C7_03340C_A
orf19.1340,orf19.1340,C7_03350C_A
orf19.8920,orf19.8920,C7_03350C_A
orf19.1339,orf19.1339,C7_03360W_A
orf19.8919,orf19.8919,C7_03360W_A
orf19.1338,orf19.1338,C7_03370C_A
orf19.8918,orf19.8918,C7_03370C_A
orf19.1336,orf19.1336,C7_03390C_A
orf19.8916,orf19.8916,C7_03390C_A
orf19.1335,orf19.1335,C7_03400C_A
orf19.8915,orf19.8915,C7_03400C_A
orf19.1334,orf19.1334,C7_03410C_A
orf19.8914,orf19.8914,C7_03410C_A
orf19.1333,orf19.1333,C7_03420C_A
orf19.8913,orf19.8913,C7_03420C_A
orf19.1332,orf19.1332,C7_03440W_A
orf19.8912,orf19.8912,C7_03440W_A
orf19.1331,orf19.1331,C7_03450C_A
orf19.8911,orf19.8911,C7_03450C_A
orf19.1330,orf19.1330,C7_03460W_A
orf19.8910,orf19.8910,C7_03460W_A
orf19.1329,orf19.1329,C7_03470W_A
orf19.13996,orf19.13996,C7_03470W_A
orf19.6704,orf19.6704,C7_03470W_A
orf19.8909,orf19.8909,C7_03470W_A
orf19.13997,orf19.13997,C7_03480W_A
orf19.6705,orf19.6705,C7_03480W_A
orf19.13998,orf19.13998,C7_03490W_A
orf19.6706,orf19.6706,C7_03490W_A
orf19.13975,orf19.13975,C7_03500W_A
orf19.13999,orf19.13999,C7_03500W_A
orf19.6683,orf19.6683,C7_03500W_A
orf19.6707,orf19.6707,C7_03500W_A
orf19.13976,orf19.13976,C7_03520W_A
orf19.14000,orf19.14000,C7_03520W_A
orf19.6684,orf19.6684,C7_03520W_A
orf19.6708,orf19.6708,C7_03520W_A
orf19.13977,orf19.13977,C7_03530C_A
orf19.6685,orf19.6685,C7_03530C_A
orf19.13978,orf19.13978,C7_03540C_A
orf19.6686,orf19.6686,C7_03540C_A
orf19.13979,orf19.13979,C7_03550C_A
orf19.6687,orf19.6687,C7_03550C_A
orf19.13980,orf19.13980,C7_03560W_A
orf19.6688,orf19.6688,C7_03560W_A
orf19.13981,orf19.13981,C7_03570W_A
orf19.6689,orf19.6689,C7_03570W_A
orf19.13982,orf19.13982,C7_03580C_A
orf19.6690,orf19.6690,C7_03580C_A
orf19.13983,orf19.13983,C7_03590C_A
orf19.6691,orf19.6691,C7_03590C_A
orf19.13984,orf19.13984,C7_03600W_A
orf19.6692,orf19.6692,C7_03600W_A
orf19.13985,orf19.13985,C7_03610C_A
orf19.6693,orf19.6693,C7_03610C_A
orf19.13986,orf19.13986,C7_03620C_A
orf19.6694,orf19.6694,C7_03620C_A
orf19.13988,orf19.13988,C7_03630C_A
orf19.6696,orf19.6696,C7_03630C_A
orf19.13990,orf19.13990,C7_03640C_A
orf19.6698,orf19.6698,C7_03640C_A
orf19.13991,orf19.13991,C7_03650W_A
orf19.6699,orf19.6699,C7_03650W_A
orf19.13993,orf19.13993,C7_03660C_A
orf19.6701,orf19.6701,C7_03660C_A
orf19.13994,orf19.13994,C7_03670W_A
orf19.6702,orf19.6702,C7_03670W_A
orf19.13995,orf19.13995,C7_03680W_A
orf19.5509,orf19.5509,C7_03680W_A
orf19.6703,orf19.6703,C7_03680W_A
orf19.5508,orf19.5508,C7_03690W_A
orf19.5507,orf19.5507,C7_03700C_A
orf19.5506,orf19.5506,C7_03710C_A
orf19.5505,orf19.5505,C7_03720C_A
orf19.5504,orf19.5504,C7_03730C_A
orf19.5503,orf19.5503,C7_03740C_A
orf19.5502,orf19.5502,C7_03760W_A
orf19.5501,orf19.5501,C7_03770C_A
orf19.7204,orf19.7204,C7_03780C_A
orf19.7203,orf19.7203,C7_03790W_A
orf19.7202,orf19.7202,C7_03800W_A
orf19.7201,orf19.7201,C7_03810W_A
orf19.7200,orf19.7200,C7_03820C_A
orf19.7199,orf19.7199,C7_03830C_A
orf19.7198,orf19.7198,C7_03840W_A
orf19.7197,orf19.7197,C7_03850W_A
orf19.7196,orf19.7196,C7_03860W_A
orf19.7195,orf19.7195,C7_03870W_A
orf19.7194,orf19.7194,C7_03880C_A
orf19.7193,orf19.7193,C7_03890C_A
orf19.7192,orf19.7192,C7_03900W_A
orf19.7190,orf19.7190,C7_03910W_A
orf19.7188,orf19.7188,C7_03920C_A
orf19.7187,orf19.7187,C7_03930C_A
orf19.7186,orf19.7186,C7_03940C_A
orf19.7185,orf19.7185,C7_03960C_A
orf19.7184,orf19.7184,C7_03970C_A
orf19.7183,orf19.7183,C7_03980W_A
orf19.7182,orf19.7182,C7_03990C_A
orf19.7181,orf19.7181,C7_04000W_A
orf19.7179,orf19.7179,C7_04010W_A
orf19.7178,orf19.7178,C7_04020C_A
orf19.7177,orf19.7177,C7_04030C_A
orf19.7176,orf19.7176,C7_04040C_A
orf19.7175,orf19.7175,C7_04050W_A
orf19.7173,orf19.7173,C7_04060W_A
orf19.7170,orf19.7170,C7_04070C_A
orf19.7167,orf19.7167,C7_04080C_A
orf19.7166,orf19.7166,C7_04090C_A
orf19.7165,orf19.7165,C7_04100C_A
orf19.7164,orf19.7164,C7_04110W_A
orf19.7163,orf19.7163,C7_04120W_A
orf19.7161,orf19.7161,C7_04130C_A
orf19.7160,orf19.7160,C7_04140C_A
orf19.7159,orf19.7159,C7_04150W_A
orf19.7158,orf19.7158,C7_04160W_A
orf19.7157,orf19.7157,C7_04170W_A
orf19.7156,orf19.7156,C7_04180W_A
orf19.7154,orf19.7154,C7_04190C_A
orf19.7153,orf19.7153,C7_04200C_A
orf19.7152,orf19.7152,C7_04210C_A
orf19.7151,orf19.7151,C7_04220W_A
orf19.7150,orf19.7150,C7_04230W_A
orf19.7149,orf19.7149,C7_04240C_A
orf19.7148,orf19.7148,C7_04250W_A
orf19.7144,orf19.7144,C7_04260W_A
orf19.7141,orf19.7141,C7_04270C_A
orf19.7140,orf19.7140,C7_04280C_A
orf19.7139,orf19.7139,C7_04290W_A
orf19.7136,orf19.7136,C7_04300W_A
orf19.7131,orf19.7131,C7_04310C_A
orf19.7130,orf19.7130,C7_04320W_A
orf19.7128,orf19.7128,C7_04330C_A
orf19.7127,orf19.7127,C7_04360C_A
orf19.7545,orf19.7545,CR_00010C_A
orf19.7544,orf19.7544,CR_00020W_A
orf19.7539,orf19.7539,CR_00050W_A
orf19.7538,orf19.7538,CR_00060C_A
orf19.7537,orf19.7537,CR_00070W_A
orf19.7534,orf19.7534,CR_00080W_A
orf19.7531,orf19.7531,CR_00090C_A
orf19.7529,orf19.7529,CR_00100C_A
orf19.7527,orf19.7527,CR_00110W_A
orf19.7523,orf19.7523,CR_00120C_A
orf19.7522,orf19.7522,CR_00130C_A
orf19.7521,orf19.7521,CR_00140W_A
orf19.7520,orf19.7520,CR_00150C_A
orf19.7519,orf19.7519,CR_00160C_A
orf19.7518,orf19.7518,CR_00170W_A
orf19.7517,orf19.7517,CR_00180C_A
orf19.7516,orf19.7516,CR_00190W_A
orf19.7514,orf19.7514,CR_00200W_A
orf19.7513,orf19.7513,CR_00210W_A
orf19.7512,orf19.7512,CR_00220W_A
orf19.7511,orf19.7511,CR_00230W_A
orf19.7510,orf19.7510,CR_00260W_A
orf19.7507,orf19.7507,CR_00270C_A
orf19.7506,orf19.7506,CR_00280C_A
orf19.7504,orf19.7504,CR_00290W_A
orf19.7503,orf19.7503,CR_00300W_A
orf19.7502,orf19.7502,CR_00310C_A
orf19.7501,orf19.7501,CR_00320C_A
orf19.7500,orf19.7500,CR_00330C_A
orf19.7499,orf19.7499,CR_00350W_A
orf19.7498,orf19.7498,CR_00360C_A
orf19.7497,orf19.7497,CR_00370W_A
orf19.7495,orf19.7495,CR_00380W_A
orf19.7494,orf19.7494,CR_00390W_A
orf19.7492,orf19.7492,CR_00400C_A
orf19.7491,orf19.7491,CR_00410W_A
orf19.7490,orf19.7490,CR_00420W_A
orf19.7489,orf19.7489,CR_00440C_A
orf19.7488,orf19.7488,CR_00460C_A
orf19.7487,orf19.7487,CR_00470W_A
orf19.7486,orf19.7486,CR_00480W_A
orf19.7485,orf19.7485,CR_00490W_A
orf19.7484,orf19.7484,CR_00510C_A
orf19.7483,orf19.7483,CR_00520C_A
orf19.7482,orf19.7482,CR_00530W_A
orf19.7481,orf19.7481,CR_00540C_A
orf19.7480,orf19.7480,CR_00550W_A
orf19.7479,orf19.7479,CR_00560W_A
orf19.7478,orf19.7478,CR_00570W_A
orf19.7477,orf19.7477,CR_00580W_A
orf19.7475,orf19.7475,CR_00590W_A
orf19.7473,orf19.7473,CR_00600C_A
orf19.7472,orf19.7472,CR_00610W_A
orf19.7469,orf19.7469,CR_00620C_A
orf19.7468,orf19.7468,CR_00630W_A
orf19.7466,orf19.7466,CR_00640W_A
orf19.7464,orf19.7464,CR_00650W_A
orf19.7463,orf19.7463,CR_00660W_A
orf19.7460,orf19.7460,CR_00670C_A
orf19.10797,orf19.10797,CR_00680W_A
orf19.3287,orf19.3287,CR_00680W_A
orf19.10796,orf19.10796,CR_00690C_A
orf19.3286,orf19.3286,CR_00690C_A
orf19.10795,orf19.10795,CR_00700W_A
orf19.3285,orf19.3285,CR_00700W_A
orf19.10793,orf19.10793,CR_00710C_A
orf19.3283,orf19.3283,CR_00710C_A
orf19.3284,orf19.3284,CR_00720W_A
orf19.10792,orf19.10792,CR_00740C_A
orf19.3282,orf19.3282,CR_00740C_A
orf19.10791,orf19.10791,CR_00750C_A
orf19.3281,orf19.3281,CR_00750C_A
orf19.10789,orf19.10789,CR_00760C_A
orf19.3279,orf19.3279,CR_00760C_A
orf19.3280,orf19.3280,CR_00770W_A
orf19.10788,orf19.10788,CR_00780C_A
orf19.3278,orf19.3278,CR_00780C_A
orf19.10787,orf19.10787,CR_00790C_A
orf19.3277,orf19.3277,CR_00790C_A
orf19.10786,orf19.10786,CR_00800C_A
orf19.3276,orf19.3276,CR_00800C_A
orf19.10785,orf19.10785,CR_00810W_A
orf19.3275,orf19.3275,CR_00810W_A
orf19.10783,orf19.10783,CR_00820C_A
orf19.10784,orf19.10784,CR_00820C_A
orf19.3273,orf19.3273,CR_00820C_A
orf19.3274,orf19.3274,CR_00820C_A
orf19.10782,orf19.10782,CR_00830W_A
orf19.3272,orf19.3272,CR_00830W_A
orf19.3271,orf19.3271,CR_00840C_A
orf19.10779,orf19.10779,CR_00850C_A
orf19.10780,orf19.10780,CR_00850C_A
orf19.3269,orf19.3269,CR_00850C_A
orf19.3270,orf19.3270,CR_00850C_A
orf19.10778,orf19.10778,CR_00860C_A
orf19.3268,orf19.3268,CR_00860C_A
orf19.10777,orf19.10777,CR_00870C_A
orf19.3267,orf19.3267,CR_00870C_A
orf19.10776,orf19.10776,CR_00880W_A
orf19.3266,orf19.3266,CR_00880W_A
orf19.10775,orf19.10775,CR_00900W_A
orf19.3265,orf19.3265,CR_00900W_A
orf19.10774,orf19.10774,CR_00920W_A
orf19.3264,orf19.3264,CR_00920W_A
orf19.10773,orf19.10773,CR_00930W_A
orf19.3263,orf19.3263,CR_00930W_A
orf19.10771,orf19.10771,CR_00970W_A
orf19.3261,orf19.3261,CR_00970W_A
orf19.10770,orf19.10770,CR_00980C_A
orf19.3260,orf19.3260,CR_00980C_A
orf19.10769,orf19.10769,CR_00990W_A
orf19.3259,orf19.3259,CR_00990W_A
orf19.10766,orf19.10766,CR_01000C_A
orf19.3256,orf19.3256,CR_01000C_A
orf19.10765,orf19.10765,CR_01010W_A
orf19.3255,orf19.3255,CR_01010W_A
orf19.10764,orf19.10764,CR_01020C_A
orf19.3254,orf19.3254,CR_01020C_A
orf19.10762,orf19.10762,CR_01030W_A
orf19.3252,orf19.3252,CR_01030W_A
orf19.10761,orf19.10761,CR_01040C_A
orf19.3251,orf19.3251,CR_01040C_A
orf19.10760,orf19.10760,CR_01050C_A
orf19.3250,orf19.3250,CR_01050C_A
orf19.10759,orf19.10759,CR_01060W_A
orf19.3249,orf19.3249,CR_01060W_A
orf19.10758,orf19.10758,CR_01070W_A
orf19.3248,orf19.3248,CR_01070W_A
orf19.10757,orf19.10757,CR_01080W_A
orf19.3247,orf19.3247,CR_01080W_A
orf19.10755,orf19.10755,CR_01090W_A
orf19.10756,orf19.10756,CR_01090W_A
orf19.3245,orf19.3245,CR_01090W_A
orf19.3246,orf19.3246,CR_01090W_A
orf19.10754,orf19.10754,CR_01100C_A
orf19.3244,orf19.3244,CR_01100C_A
orf19.10753,orf19.10753,CR_01110W_A
orf19.3243,orf19.3243,CR_01110W_A
orf19.10752,orf19.10752,CR_01120C_A
orf19.3242,orf19.3242,CR_01120C_A
orf19.10751,orf19.10751,CR_01130W_A
orf19.3241,orf19.3241,CR_01130W_A
orf19.10750,orf19.10750,CR_01140C_A
orf19.3240,orf19.3240,CR_01140C_A
orf19.10749,orf19.10749,CR_01150C_A
orf19.3239,orf19.3239,CR_01150C_A
orf19.10748,orf19.10748,CR_01160W_A
orf19.3238,orf19.3238,CR_01160W_A
orf19.10747,orf19.10747,CR_01170W_A
orf19.3237,orf19.3237,CR_01170W_A
orf19.10745,orf19.10745,CR_01180W_A
orf19.3235,orf19.3235,CR_01180W_A
orf19.10744,orf19.10744,CR_01200W_A
orf19.3234,orf19.3234,CR_01200W_A
orf19.10743,orf19.10743,CR_01210C_A
orf19.3233,orf19.3233,CR_01210C_A
orf19.10742,orf19.10742,CR_01220W_A
orf19.3232,orf19.3232,CR_01220W_A
orf19.10741,orf19.10741,CR_01230C_A
orf19.3231,orf19.3231,CR_01230C_A
orf19.10740,orf19.10740,CR_01240C_A
orf19.3230,orf19.3230,CR_01240C_A
orf19.10739,orf19.10739,CR_01250C_A
orf19.3229,orf19.3229,CR_01250C_A
orf19.10738,orf19.10738,CR_01260W_A
orf19.3228,orf19.3228,CR_01260W_A
orf19.10737,orf19.10737,CR_01270C_A
orf19.3227,orf19.3227,CR_01270C_A
orf19.10736,orf19.10736,CR_01280C_A
orf19.3226,orf19.3226,CR_01280C_A
orf19.10735,orf19.10735,CR_01290C_A
orf19.3225,orf19.3225,CR_01290C_A
orf19.10734,orf19.10734,CR_01310W_A
orf19.3223,orf19.3223,CR_01310W_A
orf19.3224,orf19.3224,CR_01310W_A
orf19.10733,orf19.10733,CR_01320C_A
orf19.3222,orf19.3222,CR_01320C_A
orf19.10732,orf19.10732,CR_01330W_A
orf19.3221,orf19.3221,CR_01330W_A
orf19.10053,orf19.10053,CR_01340W_A
orf19.2517,orf19.2517,CR_01340W_A
orf19.10054,orf19.10054,CR_01350C_A
orf19.2518,orf19.2518,CR_01350C_A
orf19.10055,orf19.10055,CR_01360W_A
orf19.2519,orf19.2519,CR_01360W_A
orf19.10056,orf19.10056,CR_01370C_A
orf19.2520,orf19.2520,CR_01370C_A
orf19.10057,orf19.10057,CR_01380W_A
orf19.2521,orf19.2521,CR_01380W_A
orf19.2522,orf19.2522,CR_01380W_A
orf19.10059,orf19.10059,CR_01390W_A
orf19.2524,orf19.2524,CR_01390W_A
orf19.10060,orf19.10060,CR_01400W_A
orf19.2525,orf19.2525,CR_01400W_A
orf19.10062,orf19.10062,CR_01410C_A
orf19.2527,orf19.2527,CR_01410C_A
orf19.10063,orf19.10063,CR_01420W_A
orf19.2528,orf19.2528,CR_01420W_A
orf19.10064,orf19.10064,CR_01430W_A
orf19.2529,orf19.2529,CR_01430W_A
orf19.10065,orf19.10065,CR_01460C_A
orf19.2530,orf19.2530,CR_01460C_A
orf19.10066,orf19.10066,CR_01470W_A
orf19.2531,orf19.2531,CR_01470W_A
orf19.10067,orf19.10067,CR_01480W_A
orf19.10068,orf19.10068,CR_01480W_A
orf19.2532,orf19.2532,CR_01480W_A
orf19.2533,orf19.2533,CR_01480W_A
orf19.10069,orf19.10069,CR_01500W_A
orf19.2534,orf19.2534,CR_01500W_A
orf19.2537,orf19.2537,CR_01510C_A
orf19.10072,orf19.10072,CR_01520W_A
orf19.2538,orf19.2538,CR_01520W_A
orf19.10073,orf19.10073,CR_01530C_A
orf19.2539,orf19.2539,CR_01530C_A
orf19.10074,orf19.10074,CR_01540W_A
orf19.2540,orf19.2540,CR_01540W_A
orf19.10075,orf19.10075,CR_01550C_A
orf19.2541,orf19.2541,CR_01550C_A
orf19.10076,orf19.10076,CR_01560W_A
orf19.2542,orf19.2542,CR_01560W_A
orf19.10078,orf19.10078,CR_01570W_A
orf19.2544,orf19.2544,CR_01570W_A
orf19.10079,orf19.10079,CR_01580C_A
orf19.2545,orf19.2545,CR_01580C_A
orf19.10080,orf19.10080,CR_01590C_A
orf19.2546,orf19.2546,CR_01590C_A
orf19.10081,orf19.10081,CR_01600C_A
orf19.2547,orf19.2547,CR_01600C_A
orf19.10082,orf19.10082,CR_01610C_A
orf19.2549,orf19.2549,CR_01610C_A
orf19.2550,orf19.2550,CR_01610C_A
orf19.10083,orf19.10083,CR_01620C_A
orf19.2551,orf19.2551,CR_01620C_A
orf19.10084,orf19.10084,CR_01630C_A
orf19.2552,orf19.2552,CR_01630C_A
orf19.10085,orf19.10085,CR_01640C_A
orf19.2553,orf19.2553,CR_01640C_A
orf19.10087,orf19.10087,CR_01650W_A
orf19.2555,orf19.2555,CR_01650W_A
orf19.10089,orf19.10089,CR_01660C_A
orf19.2557,orf19.2557,CR_01660C_A
orf19.10090,orf19.10090,CR_01670W_A
orf19.2558,orf19.2558,CR_01670W_A
orf19.10091,orf19.10091,CR_01680C_A
orf19.2559,orf19.2559,CR_01680C_A
orf19.10092,orf19.10092,CR_01690C_A
orf19.10094,orf19.10094,CR_01690C_A
orf19.2560,orf19.2560,CR_01690C_A
orf19.2562,orf19.2562,CR_01690C_A
orf19.10095,orf19.10095,CR_01700C_A
orf19.2563,orf19.2563,CR_01700C_A
orf19.10096,orf19.10096,CR_01710W_A
orf19.2564,orf19.2564,CR_01710W_A
orf19.10097,orf19.10097,CR_01720W_A
orf19.2565,orf19.2565,CR_01720W_A
orf19.10100,orf19.10100,CR_01730W_A
orf19.2568,orf19.2568,CR_01730W_A
orf19.10102,orf19.10102,CR_01740W_A
orf19.2570,orf19.2570,CR_01740W_A
orf19.10103,orf19.10103,CR_01750C_A
orf19.2571,orf19.2571,CR_01750C_A
orf19.10105,orf19.10105,CR_01760C_A
orf19.2573,orf19.2573,CR_01760C_A
orf19.10106,orf19.10106,CR_01770C_A
orf19.2574,orf19.2574,CR_01770C_A
orf19.10107,orf19.10107,CR_01780W_A
orf19.2575,orf19.2575,CR_01780W_A
orf19.10111,orf19.10111,CR_01790C_A
orf19.2579,orf19.2579,CR_01790C_A
orf19.10112,orf19.10112,CR_01800C_A
orf19.2580,orf19.2580,CR_01800C_A
orf19.10113,orf19.10113,CR_01810C_A
orf19.2581,orf19.2581,CR_01810C_A
orf19.10114,orf19.10114,CR_01820W_A
orf19.2582,orf19.2582,CR_01820W_A
orf19.10115,orf19.10115,CR_01830C_A
orf19.2583,orf19.2583,CR_01830C_A
orf19.2585,orf19.2585,CR_01870C_A
orf19.10118,orf19.10118,CR_01900C_A
orf19.2587,orf19.2587,CR_01900C_A
orf19.10121,orf19.10121,CR_01910C_A
orf19.2590,orf19.2590,CR_01910C_A
orf19.10122,orf19.10122,CR_01920W_A
orf19.2591,orf19.2591,CR_01920W_A
orf19.10124,orf19.10124,CR_01930C_A
orf19.2593,orf19.2593,CR_01930C_A
orf19.10125,orf19.10125,CR_01950W_A
orf19.10126,orf19.10126,CR_01950W_A
orf19.2594,orf19.2594,CR_01950W_A
orf19.2595,orf19.2595,CR_01950W_A
orf19.10128,orf19.10128,CR_01960C_A
orf19.2597,orf19.2597,CR_01960C_A
orf19.10129,orf19.10129,CR_01970C_A
orf19.2598,orf19.2598,CR_01970C_A
orf19.10130,orf19.10130,CR_01980C_A
orf19.2599,orf19.2599,CR_01980C_A
orf19.10131,orf19.10131,CR_01990C_A
orf19.2600,orf19.2600,CR_01990C_A
orf19.10132,orf19.10132,CR_02000C_A
orf19.2601,orf19.2601,CR_02000C_A
orf19.10133,orf19.10133,CR_02020C_A
orf19.2602,orf19.2602,CR_02020C_A
orf19.10135,orf19.10135,CR_02030C_A
orf19.2604,orf19.2604,CR_02030C_A
orf19.10136,orf19.10136,CR_02040W_A
orf19.2605,orf19.2605,CR_02040W_A
orf19.10137,orf19.10137,CR_02050C_A
orf19.2606,orf19.2606,CR_02050C_A
orf19.10138,orf19.10138,CR_02060W_A
orf19.2607,orf19.2607,CR_02060W_A
orf19.10139,orf19.10139,CR_02070C_A
orf19.2608,orf19.2608,CR_02070C_A
orf19.10140,orf19.10140,CR_02090C_A
orf19.2609,orf19.2609,CR_02090C_A
orf19.10141,orf19.10141,CR_02100C_A
orf19.2610,orf19.2610,CR_02100C_A
orf19.10142,orf19.10142,CR_02110W_A
orf19.2611,orf19.2611,CR_02110W_A
orf19.10143,orf19.10143,CR_02120C_A
orf19.2612,orf19.2612,CR_02120C_A
orf19.10144,orf19.10144,CR_02130W_A
orf19.2613,orf19.2613,CR_02130W_A
orf19.10145,orf19.10145,CR_02140W_A
orf19.2614,orf19.2614,CR_02140W_A
orf19.10146,orf19.10146,CR_02150W_A
orf19.2615,orf19.2615,CR_02150W_A
orf19.10147,orf19.10147,CR_02160W_A
orf19.2616,orf19.2616,CR_02160W_A
orf19.10149,orf19.10149,CR_02170W_A
orf19.2618,orf19.2618,CR_02170W_A
orf19.10150,orf19.10150,CR_02180W_A
orf19.11238,orf19.11238,CR_02180W_A
orf19.2619,orf19.2619,CR_02180W_A
orf19.3754,orf19.3754,CR_02180W_A
orf19.11237,orf19.11237,CR_02190C_A
orf19.3753,orf19.3753,CR_02190C_A
orf19.11236,orf19.11236,CR_02200C_A
orf19.3752,orf19.3752,CR_02200C_A
orf19.11235,orf19.11235,CR_02210W_A
orf19.3751,orf19.3751,CR_02210W_A
orf19.3749,orf19.3749,CR_02220C_A
orf19.3748,orf19.3748,CR_02230W_A
orf19.11233,orf19.11233,CR_02240C_A
orf19.3746,orf19.3746,CR_02240C_A
orf19.11229,orf19.11229,CR_02250C_A
orf19.3744,orf19.3744,CR_02250C_A
orf19.11228,orf19.11228,CR_02260C_A
orf19.3743,orf19.3743,CR_02260C_A
orf19.11227,orf19.11227,CR_02270C_A
orf19.3742,orf19.3742,CR_02270C_A
orf19.11225,orf19.11225,CR_02280W_A
orf19.3740,orf19.3740,CR_02280W_A
orf19.11223,orf19.11223,CR_02290W_A
orf19.3738,orf19.3738,CR_02290W_A
orf19.11222,orf19.11222,CR_02300C_A
orf19.3737,orf19.3737,CR_02300C_A
orf19.11221,orf19.11221,CR_02330C_A
orf19.3736,orf19.3736,CR_02330C_A
orf19.11220,orf19.11220,CR_02340W_A
orf19.3735,orf19.3735,CR_02340W_A
orf19.11219,orf19.11219,CR_02350C_A
orf19.3734,orf19.3734,CR_02350C_A
orf19.11218,orf19.11218,CR_02360W_A
orf19.3733,orf19.3733,CR_02360W_A
orf19.11216,orf19.11216,CR_02370W_A
orf19.3732,orf19.3732,CR_02370W_A
orf19.11214,orf19.11214,CR_02380C_A
orf19.3730,orf19.3730,CR_02380C_A
orf19.11212,orf19.11212,CR_02390W_A
orf19.3728,orf19.3728,CR_02390W_A
orf19.11211,orf19.11211,CR_02400W_A
orf19.3727,orf19.3727,CR_02400W_A
orf19.11210,orf19.11210,CR_02410W_A
orf19.3726,orf19.3726,CR_02410W_A
orf19.11208,orf19.11208,CR_02420W_A
orf19.3724,orf19.3724,CR_02420W_A
orf19.11206,orf19.11206,CR_02430C_A
orf19.3722,orf19.3722,CR_02430C_A
orf19.11205,orf19.11205,CR_02440W_A
orf19.3721,orf19.3721,CR_02440W_A
orf19.11204,orf19.11204,CR_02460W_A
orf19.3720,orf19.3720,CR_02460W_A
orf19.11203,orf19.11203,CR_02480W_A
orf19.2291,orf19.2291,CR_02480W_A
orf19.3719,orf19.3719,CR_02480W_A
orf19.11202,orf19.11202,CR_02490W_A
orf19.176,orf19.176,CR_02490W_A
orf19.2292,orf19.2292,CR_02490W_A
orf19.3718,orf19.3718,CR_02490W_A
orf19.7809,orf19.7809,CR_02490W_A
orf19.175,orf19.175,CR_02500W_A
orf19.2293,orf19.2293,CR_02500W_A
orf19.2294,orf19.2294,CR_02500W_A
orf19.7808,orf19.7808,CR_02500W_A
orf19.173,orf19.173,CR_02510W_A
orf19.174,orf19.174,CR_02510W_A
orf19.7806,orf19.7806,CR_02510W_A
orf19.7807,orf19.7807,CR_02510W_A
orf19.172,orf19.172,CR_02520W_A
orf19.7805,orf19.7805,CR_02520W_A
orf19.170,orf19.170,CR_02530W_A
orf19.171,orf19.171,CR_02530W_A
orf19.7803,orf19.7803,CR_02530W_A
orf19.7804,orf19.7804,CR_02530W_A
orf19.169,orf19.169,CR_02540W_A
orf19.7802,orf19.7802,CR_02540W_A
orf19.168,orf19.168,CR_02550C_A
orf19.7801,orf19.7801,CR_02550C_A
orf19.166,orf19.166,CR_02560C_A
orf19.167,orf19.167,CR_02560C_A
orf19.7800,orf19.7800,CR_02560C_A
orf19.164,orf19.164,CR_02570C_A
orf19.7798,orf19.7798,CR_02570C_A
orf19.10333,orf19.10333,CR_02580W_A
orf19.163,orf19.163,CR_02580W_A
orf19.2815,orf19.2815,CR_02580W_A
orf19.7797,orf19.7797,CR_02580W_A
orf19.10336,orf19.10336,CR_02590C_A
orf19.2818,orf19.2818,CR_02590C_A
orf19.10337,orf19.10337,CR_02600W_A
orf19.2819,orf19.2819,CR_02600W_A
orf19.10338,orf19.10338,CR_02610C_A
orf19.2820,orf19.2820,CR_02610C_A
orf19.10339,orf19.10339,CR_02620C_A
orf19.2821,orf19.2821,CR_02620C_A
orf19.10340,orf19.10340,CR_02630C_A
orf19.2822,orf19.2822,CR_02630C_A
orf19.10341,orf19.10341,CR_02640W_A
orf19.2823,orf19.2823,CR_02640W_A
orf19.2824,orf19.2824,CR_02640W_A
orf19.10342,orf19.10342,CR_02650C_A
orf19.2825,orf19.2825,CR_02650C_A
orf19.10344,orf19.10344,CR_02670C_A
orf19.2826,orf19.2826,CR_02670C_A
orf19.10345,orf19.10345,CR_02680W_A
orf19.2827,orf19.2827,CR_02680W_A
orf19.10346,orf19.10346,CR_02690W_A
orf19.2828,orf19.2828,CR_02690W_A
orf19.10347,orf19.10347,CR_02700W_A
orf19.2829,orf19.2829,CR_02700W_A
orf19.10348,orf19.10348,CR_02710W_A
orf19.2830,orf19.2830,CR_02710W_A
orf19.10349,orf19.10349,CR_02720C_A
orf19.2831,orf19.2831,CR_02720C_A
orf19.10350,orf19.10350,CR_02740W_A
orf19.2832,orf19.2832,CR_02740W_A
orf19.10351,orf19.10351,CR_02750C_A
orf19.2833,orf19.2833,CR_02750C_A
orf19.10352,orf19.10352,CR_02760C_A
orf19.2834,orf19.2834,CR_02760C_A
orf19.10353,orf19.10353,CR_02770C_A
orf19.2835,orf19.2835,CR_02770C_A
orf19.10354,orf19.10354,CR_02780W_A
orf19.2836,orf19.2836,CR_02780W_A
orf19.10355,orf19.10355,CR_02790C_A
orf19.2837,orf19.2837,CR_02790C_A
orf19.10356,orf19.10356,CR_02800C_A
orf19.2838,orf19.2838,CR_02800C_A
orf19.10357,orf19.10357,CR_02810W_A
orf19.2839,orf19.2839,CR_02810W_A
orf19.10359,orf19.10359,CR_02820W_A
orf19.2841,orf19.2841,CR_02820W_A
orf19.10361,orf19.10361,CR_02850C_A
orf19.2842,orf19.2842,CR_02850C_A
orf19.10362,orf19.10362,CR_02860W_A
orf19.2843,orf19.2843,CR_02860W_A
orf19.10363,orf19.10363,CR_02870W_A
orf19.2844,orf19.2844,CR_02870W_A
orf19.10365,orf19.10365,CR_02880W_A
orf19.2846,orf19.2846,CR_02880W_A
orf19.10366,orf19.10366,CR_02890C_A
orf19.2847,orf19.2847,CR_02890C_A
orf19.10367,orf19.10367,CR_02910W_A
orf19.2848,orf19.2848,CR_02910W_A
orf19.10368,orf19.10368,CR_02920C_A
orf19.2849,orf19.2849,CR_02920C_A
orf19.10369,orf19.10369,CR_02930W_A
orf19.2850,orf19.2850,CR_02930W_A
orf19.10370,orf19.10370,CR_02940C_A
orf19.2851,orf19.2851,CR_02940C_A
orf19.10371,orf19.10371,CR_02950C_A
orf19.2852,orf19.2852,CR_02950C_A
orf19.10372,orf19.10372,CR_02960W_A
orf19.2853,orf19.2853,CR_02960W_A
orf19.10376,orf19.10376,CR_02970C_A
orf19.2857,orf19.2857,CR_02970C_A
orf19.10377,orf19.10377,CR_02980C_A
orf19.2859,orf19.2859,CR_02980C_A
orf19.10380,orf19.10380,CR_02990C_A
orf19.2862,orf19.2862,CR_02990C_A
orf19.10381,orf19.10381,CR_03000C_A
orf19.2863,orf19.2863,CR_03000C_A
orf19.10382,orf19.10382,CR_03020C_A
orf19.2426,orf19.2426,CR_03020C_A
orf19.2864,orf19.2864,CR_03020C_A
orf19.9964,orf19.9964,CR_03020C_A
orf19.10383,orf19.10383,CR_03040C_A
orf19.2425,orf19.2425,CR_03040C_A
orf19.2865,orf19.2865,CR_03040C_A
orf19.9963,orf19.9963,CR_03040C_A
orf19.2423,orf19.2423,CR_03050C_A
orf19.9961,orf19.9961,CR_03050C_A
orf19.2422,orf19.2422,CR_03060W_A
orf19.9960,orf19.9960,CR_03060W_A
orf19.2419,orf19.2419,CR_03070W_A
orf19.9957,orf19.9957,CR_03070W_A
orf19.2418,orf19.2418,CR_03080C_A
orf19.9956,orf19.9956,CR_03080C_A
orf19.2417,orf19.2417,CR_03100W_A
orf19.9955,orf19.9955,CR_03100W_A
orf19.2415,orf19.2415,CR_03110W_A
orf19.9953,orf19.9953,CR_03110W_A
orf19.2414,orf19.2414,CR_03120W_A
orf19.9952,orf19.9952,CR_03120W_A
orf19.2412,orf19.2412,CR_03130W_A
orf19.9950,orf19.9950,CR_03130W_A
orf19.2411,orf19.2411,CR_03140C_A
orf19.9949,orf19.9949,CR_03140C_A
orf19.2410,orf19.2410,CR_03150W_A
orf19.9948,orf19.9948,CR_03150W_A
orf19.2408,orf19.2408,CR_03160W_A
orf19.9946,orf19.9946,CR_03160W_A
orf19.2407,orf19.2407,CR_03170W_A
orf19.9945,orf19.9945,CR_03170W_A
orf19.2406,orf19.2406,CR_03180W_A
orf19.9944,orf19.9944,CR_03180W_A
orf19.2404,orf19.2404,CR_03200C_A
orf19.9943,orf19.9943,CR_03200C_A
orf19.2402,orf19.2402,CR_03210C_A
orf19.9939,orf19.9939,CR_03210C_A
orf19.2401,orf19.2401,CR_03220C_A
orf19.9938,orf19.9938,CR_03220C_A
orf19.2400,orf19.2400,CR_03230W_A
orf19.9937,orf19.9937,CR_03230W_A
orf19.2399,orf19.2399,CR_03240C_A
orf19.9935,orf19.9935,CR_03240C_A
orf19.2398,orf19.2398,CR_03250C_A
orf19.9934,orf19.9934,CR_03250C_A
orf19.2397,orf19.2397,CR_03270W_A
orf19.9933,orf19.9933,CR_03270W_A
orf19.2396,orf19.2396,CR_03280W_A
orf19.9932,orf19.9932,CR_03280W_A
orf19.2395,orf19.2395,CR_03290C_A
orf19.9931,orf19.9931,CR_03290C_A
orf19.2394,orf19.2394,CR_03300C_A
orf19.9930,orf19.9930,CR_03300C_A
orf19.2393,orf19.2393,CR_03310C_A
orf19.9929,orf19.9929,CR_03310C_A
orf19.2392,orf19.2392,CR_03320C_A
orf19.9928,orf19.9928,CR_03320C_A
orf19.2391,orf19.2391,CR_03330W_A
orf19.9927,orf19.9927,CR_03330W_A
orf19.2389,orf19.2389,CR_03340C_A
orf19.9925,orf19.9925,CR_03340C_A
orf19.2387,orf19.2387,CR_03350C_A
orf19.9923,orf19.9923,CR_03350C_A
orf19.2386,orf19.2386,CR_03360W_A
orf19.9922,orf19.9922,CR_03360W_A
orf19.2385,orf19.2385,CR_03370C_A
orf19.9921,orf19.9921,CR_03370C_A
orf19.2384,orf19.2384,CR_03380W_A
orf19.9920,orf19.9920,CR_03380W_A
orf19.2383,orf19.2383,CR_03390C_A
orf19.9919,orf19.9919,CR_03390C_A
orf19.2382,orf19.2382,CR_03400W_A
orf19.9918,orf19.9918,CR_03400W_A
orf19.2381,orf19.2381,CR_03410W_A
orf19.9917,orf19.9917,CR_03410W_A
orf19.2379,orf19.2379,CR_03420C_A
orf19.9915,orf19.9915,CR_03420C_A
orf19.2378,orf19.2378,CR_03430W_A
orf19.9914,orf19.9914,CR_03430W_A
orf19.2376,orf19.2376,CR_03440W_A
orf19.9912,orf19.9912,CR_03440W_A
orf19.11862,orf19.11862,CR_03450W_A
orf19.11864,orf19.11864,CR_03450W_A
orf19.4384,orf19.4384,CR_03450W_A
orf19.4386,orf19.4386,CR_03450W_A
orf19.11866,orf19.11866,CR_03460W_A
orf19.4388,orf19.4388,CR_03460W_A
orf19.11868,orf19.11868,CR_03470W_A
orf19.4390,orf19.4390,CR_03470W_A
orf19.11869,orf19.11869,CR_03480W_A
orf19.4391,orf19.4391,CR_03480W_A
orf19.11870,orf19.11870,CR_03490W_A
orf19.4392,orf19.4392,CR_03490W_A
orf19.11871,orf19.11871,CR_03500W_A
orf19.4393,orf19.4393,CR_03500W_A
orf19.11872,orf19.11872,CR_03510W_A
orf19.4394,orf19.4394,CR_03510W_A
orf19.11873,orf19.11873,CR_03520C_A
orf19.4395,orf19.4395,CR_03520C_A
orf19.11874,orf19.11874,CR_03530W_A
orf19.4396,orf19.4396,CR_03530W_A
orf19.11876,orf19.11876,CR_03540W_A
orf19.4398,orf19.4398,CR_03540W_A
orf19.11877,orf19.11877,CR_03550W_A
orf19.4399,orf19.4399,CR_03550W_A
orf19.11878,orf19.11878,CR_03560W_A
orf19.4400,orf19.4400,CR_03560W_A
orf19.11879,orf19.11879,CR_03570C_A
orf19.4401,orf19.4401,CR_03570C_A
orf19.11861,orf19.11861,CR_03590C_A
orf19.4383,orf19.4383,CR_03590C_A
orf19.11860,orf19.11860,CR_03600C_A
orf19.4382,orf19.4382,CR_03600C_A
orf19.11859,orf19.11859,CR_03610C_A
orf19.4381,orf19.4381,CR_03610C_A
orf19.11839,orf19.11839,CR_03630W_A
orf19.4361,orf19.4361,CR_03630W_A
orf19.11840,orf19.11840,CR_03640C_A
orf19.4362,orf19.4362,CR_03640C_A
orf19.11841,orf19.11841,CR_03650W_A
orf19.4363,orf19.4363,CR_03650W_A
orf19.11843,orf19.11843,CR_03660C_A
orf19.4365,orf19.4365,CR_03660C_A
orf19.11844,orf19.11844,CR_03670W_A
orf19.4366,orf19.4366,CR_03670W_A
orf19.11845,orf19.11845,CR_03680C_A
orf19.4367,orf19.4367,CR_03680C_A
orf19.11846,orf19.11846,CR_03690W_A
orf19.4368,orf19.4368,CR_03690W_A
orf19.11847,orf19.11847,CR_03700C_A
orf19.4369,orf19.4369,CR_03700C_A
orf19.11848,orf19.11848,CR_03710C_A
orf19.4370,orf19.4370,CR_03710C_A
orf19.11849,orf19.11849,CR_03720W_A
orf19.4371,orf19.4371,CR_03720W_A
orf19.11850,orf19.11850,CR_03730C_A
orf19.4372,orf19.4372,CR_03730C_A
orf19.11851,orf19.11851,CR_03740C_A
orf19.4373,orf19.4373,CR_03740C_A
orf19.11852,orf19.11852,CR_03750C_A
orf19.4374,orf19.4374,CR_03750C_A
orf19.11853,orf19.11853,CR_03760W_A
orf19.4375,orf19.4375,CR_03760W_A
orf19.11854,orf19.11854,CR_03780C_A
orf19.4376,orf19.4376,CR_03780C_A
orf19.11855,orf19.11855,CR_03790C_A
orf19.4377,orf19.4377,CR_03790C_A
orf19.11828,orf19.11828,CR_03800C_A
orf19.11856,orf19.11856,CR_03800C_A
orf19.4350,orf19.4350,CR_03800C_A
orf19.4378,orf19.4378,CR_03800C_A
orf19.11829,orf19.11829,CR_03810W_A
orf19.11857,orf19.11857,CR_03810W_A
orf19.4351,orf19.4351,CR_03810W_A
orf19.4379,orf19.4379,CR_03810W_A
orf19.11831,orf19.11831,CR_03820C_A
orf19.4353,orf19.4353,CR_03820C_A
orf19.11832,orf19.11832,CR_03830C_A
orf19.4354,orf19.4354,CR_03830C_A
orf19.11833,orf19.11833,CR_03840C_A
orf19.4355,orf19.4355,CR_03840C_A
orf19.11834,orf19.11834,CR_03850W_A
orf19.4356,orf19.4356,CR_03850W_A
orf19.11835,orf19.11835,CR_03860C_A
orf19.4357,orf19.4357,CR_03860C_A
orf19.11836,orf19.11836,CR_03870W_A
orf19.4358,orf19.4358,CR_03870W_A
orf19.465,orf19.465,CR_03880W_A
orf19.8096,orf19.8096,CR_03880W_A
orf19.467,orf19.467,CR_03890W_A
orf19.8098,orf19.8098,CR_03890W_A
orf19.469,orf19.469,CR_03900W_A
orf19.8100,orf19.8100,CR_03900W_A
orf19.470,orf19.470,CR_03910C_A
orf19.8101,orf19.8101,CR_03910C_A
orf19.473,orf19.473,CR_03920C_A
orf19.8104,orf19.8104,CR_03920C_A
orf19.474,orf19.474,CR_03930C_A
orf19.8105,orf19.8105,CR_03930C_A
orf19.475,orf19.475,CR_03940W_A
orf19.476,orf19.476,CR_03940W_A
orf19.8106,orf19.8106,CR_03940W_A
orf19.8107,orf19.8107,CR_03940W_A
orf19.477,orf19.477,CR_03950W_A
orf19.8108,orf19.8108,CR_03950W_A
orf19.478,orf19.478,CR_03960C_A
orf19.479,orf19.479,CR_03960C_A
orf19.8109,orf19.8109,CR_03960C_A
orf19.480,orf19.480,CR_03980W_A
orf19.8110,orf19.8110,CR_03980W_A
orf19.481,orf19.481,CR_03990C_A
orf19.8111,orf19.8111,CR_03990C_A
orf19.482,orf19.482,CR_04000W_A
orf19.8112,orf19.8112,CR_04000W_A
orf19.484,orf19.484,CR_04010C_A
orf19.8114,orf19.8114,CR_04010C_A
orf19.485,orf19.485,CR_04020C_A
orf19.8115,orf19.8115,CR_04020C_A
orf19.486,orf19.486,CR_04030W_A
orf19.8116,orf19.8116,CR_04030W_A
orf19.487,orf19.487,CR_04040C_A
orf19.8117,orf19.8117,CR_04040C_A
orf19.488,orf19.488,CR_04050C_A
orf19.8118,orf19.8118,CR_04050C_A
orf19.489,orf19.489,CR_04060C_A
orf19.8119,orf19.8119,CR_04060C_A
orf19.490,orf19.490,CR_04070W_A
orf19.8120,orf19.8120,CR_04070W_A
orf19.491,orf19.491,CR_04080C_A
orf19.8121,orf19.8121,CR_04080C_A
orf19.492,orf19.492,CR_04090C_A
orf19.8122,orf19.8122,CR_04090C_A
orf19.493,orf19.493,CR_04100C_A
orf19.8123,orf19.8123,CR_04100C_A
orf19.494,orf19.494,CR_04110W_A
orf19.8124,orf19.8124,CR_04110W_A
orf19.496,orf19.496,CR_04120C_A
orf19.8126,orf19.8126,CR_04120C_A
orf19.497,orf19.497,CR_04130C_A
orf19.8127,orf19.8127,CR_04130C_A
orf19.498,orf19.498,CR_04140W_A
orf19.8128,orf19.8128,CR_04140W_A
orf19.499,orf19.499,CR_04150W_A
orf19.8129,orf19.8129,CR_04150W_A
orf19.500,orf19.500,CR_04160C_A
orf19.8130,orf19.8130,CR_04160C_A
orf19.501,orf19.501,CR_04170W_A
orf19.8131,orf19.8131,CR_04170W_A
orf19.504,orf19.504,CR_04180C_A
orf19.8134,orf19.8134,CR_04180C_A
orf19.505,orf19.505,CR_04190W_A
orf19.8135,orf19.8135,CR_04190W_A
orf19.506,orf19.506,CR_04200W_A
orf19.8136,orf19.8136,CR_04200W_A
orf19.508,orf19.508,CR_04210C_A
orf19.8138,orf19.8138,CR_04210C_A
orf19.510,orf19.510,CR_04220C_A
orf19.8141,orf19.8141,CR_04220C_A
orf19.511,orf19.511,CR_04230W_A
orf19.8142,orf19.8142,CR_04230W_A
orf19.512,orf19.512,CR_04240C_A
orf19.8143,orf19.8143,CR_04240C_A
orf19.513,orf19.513,CR_04250W_A
orf19.8144,orf19.8144,CR_04250W_A
orf19.514,orf19.514,CR_04260W_A
orf19.8145,orf19.8145,CR_04260W_A
orf19.515,orf19.515,CR_04270C_A
orf19.8146,orf19.8146,CR_04270C_A
orf19.516,orf19.516,CR_04280C_A
orf19.8147,orf19.8147,CR_04280C_A
orf19.517,orf19.517,CR_04290W_A
orf19.8148,orf19.8148,CR_04290W_A
orf19.518,orf19.518,CR_04300W_A
orf19.8149,orf19.8149,CR_04300W_A
orf19.519,orf19.519,CR_04310C_A
orf19.8150,orf19.8150,CR_04310C_A
orf19.520,orf19.520,CR_04330W_A
orf19.8151,orf19.8151,CR_04330W_A
orf19.522,orf19.522,CR_04340W_A
orf19.8154,orf19.8154,CR_04340W_A
orf19.524,orf19.524,CR_04350C_A
orf19.8157,orf19.8157,CR_04350C_A
orf19.526,orf19.526,CR_04360C_A
orf19.8159,orf19.8159,CR_04360C_A
orf19.527,orf19.527,CR_04370W_A
orf19.8160,orf19.8160,CR_04370W_A
orf19.528,orf19.528,CR_04380C_A
orf19.8161,orf19.8161,CR_04380C_A
orf19.529,orf19.529,CR_04390C_A
orf19.8162,orf19.8162,CR_04390C_A
orf19.530,orf19.530,CR_04410W_A
orf19.8163,orf19.8163,CR_04410W_A
orf19.532,orf19.532,CR_04420C_A
orf19.8165,orf19.8165,CR_04420C_A
orf19.533,orf19.533,CR_04430W_A
orf19.8166,orf19.8166,CR_04430W_A
orf19.535,orf19.535,CR_04440C_A
orf19.8168,orf19.8168,CR_04440C_A
orf19.536,orf19.536,CR_04450C_A
orf19.8169,orf19.8169,CR_04450C_A
orf19.537,orf19.537,CR_04460C_A
orf19.8170,orf19.8170,CR_04460C_A
orf19.538,orf19.538,CR_04470W_A
orf19.8171,orf19.8171,CR_04470W_A
orf19.539,orf19.539,CR_04480C_A
orf19.8172,orf19.8172,CR_04480C_A
orf19.540,orf19.540,CR_04490C_A
orf19.8173,orf19.8173,CR_04490C_A
orf19.541,orf19.541,CR_04500C_A
orf19.8174,orf19.8174,CR_04500C_A
orf19.542,orf19.542,CR_04510W_A
orf19.8176,orf19.8176,CR_04510W_A
orf19.543,orf19.543,CR_04530W_A
orf19.8178,orf19.8178,CR_04530W_A
orf19.544,orf19.544,CR_04540C_A
orf19.8179,orf19.8179,CR_04540C_A
orf19.547,orf19.547,CR_04560C_A
orf19.8182,orf19.8182,CR_04560C_A
orf19.548,orf19.548,CR_04570C_A
orf19.8183,orf19.8183,CR_04570C_A
orf19.549,orf19.549,CR_04580W_A
orf19.8184,orf19.8184,CR_04580W_A
orf19.550,orf19.550,CR_04590C_A
orf19.8185,orf19.8185,CR_04590C_A
orf19.551,orf19.551,CR_04600W_A
orf19.8186,orf19.8186,CR_04600W_A
orf19.552,orf19.552,CR_04610C_A
orf19.8187,orf19.8187,CR_04610C_A
orf19.553,orf19.553,CR_04620C_A
orf19.8188,orf19.8188,CR_04620C_A
orf19.554,orf19.554,CR_04630C_A
orf19.8189,orf19.8189,CR_04630C_A
orf19.1741,orf19.1741,CR_04640W_A
orf19.9308,orf19.9308,CR_04640W_A
orf19.1738,orf19.1738,CR_04660C_A
orf19.9305,orf19.9305,CR_04660C_A
orf19.1737,orf19.1737,CR_04670C_A
orf19.1736,orf19.1736,CR_04680C_A
orf19.9304,orf19.9304,CR_04680C_A
orf19.1735,orf19.1735,CR_04710W_A
orf19.9303,orf19.9303,CR_04710W_A
orf19.1734,orf19.1734,CR_04720C_A
orf19.9302,orf19.9302,CR_04720C_A
orf19.13695,orf19.13695,CR_04730W_A
orf19.6318,orf19.6318,CR_04730W_A
orf19.13694,orf19.13694,CR_04740C_A
orf19.6317,orf19.6317,CR_04740C_A
orf19.13693,orf19.13693,CR_04760C_A
orf19.6316,orf19.6316,CR_04760C_A
orf19.13692,orf19.13692,CR_04770C_A
orf19.6315,orf19.6315,CR_04770C_A
orf19.13691,orf19.13691,CR_04780W_A
orf19.6314,orf19.6314,CR_04780W_A
orf19.13690,orf19.13690,CR_04800W_A
orf19.6313,orf19.6313,CR_04800W_A
orf19.13689,orf19.13689,CR_04810W_A
orf19.6312,orf19.6312,CR_04810W_A
orf19.13688,orf19.13688,CR_04820W_A
orf19.6311,orf19.6311,CR_04820W_A
orf19.13687,orf19.13687,CR_04830C_A
orf19.6310,orf19.6310,CR_04830C_A
orf19.13686,orf19.13686,CR_04840C_A
orf19.6309,orf19.6309,CR_04840C_A
orf19.13685,orf19.13685,CR_04850C_A
orf19.6308,orf19.6308,CR_04850C_A
orf19.13684,orf19.13684,CR_04860C_A
orf19.6307,orf19.6307,CR_04860C_A
orf19.13683,orf19.13683,CR_04870C_A
orf19.6306,orf19.6306,CR_04870C_A
orf19.13682,orf19.13682,CR_04880W_A
orf19.6305,orf19.6305,CR_04880W_A
orf19.13681,orf19.13681,CR_04890W_A
orf19.6304,orf19.6304,CR_04890W_A
orf19.13679,orf19.13679,CR_04900C_A
orf19.6302,orf19.6302,CR_04900C_A
orf19.1803,orf19.1803,CR_04910W_A
orf19.9369,orf19.9369,CR_04910W_A
orf19.1804,orf19.1804,CR_04920W_A
orf19.9370,orf19.9370,CR_04920W_A
orf19.1805,orf19.1805,CR_04930W_A
orf19.9371,orf19.9371,CR_04930W_A
orf19.1806,orf19.1806,CR_04940W_A
orf19.9373,orf19.9373,CR_04940W_A
orf19.1808,orf19.1808,CR_04950W_A
orf19.632,orf19.632,CR_04950W_A
orf19.8246,orf19.8246,CR_04950W_A
orf19.9375,orf19.9375,CR_04950W_A
orf19.633,orf19.633,CR_04960C_A
orf19.634,orf19.634,CR_04970C_A
orf19.8247,orf19.8247,CR_04970C_A
orf19.635,orf19.635,CR_04980C_A
orf19.8248,orf19.8248,CR_04980C_A
orf19.654,orf19.654,CR_04990C_A
orf19.8268,orf19.8268,CR_04990C_A
orf19.653,orf19.653,CR_05000C_A
orf19.652,orf19.652,CR_05010W_A
orf19.8267,orf19.8267,CR_05010W_A
orf19.651,orf19.651,CR_05020W_A
orf19.8266,orf19.8266,CR_05020W_A
orf19.649,orf19.649,CR_05030W_A
orf19.8264,orf19.8264,CR_05030W_A
orf19.646,orf19.646,CR_05050W_A
orf19.8260,orf19.8260,CR_05050W_A
orf19.644,orf19.644,CR_05090C_A
orf19.645,orf19.645,CR_05090C_A
orf19.8258,orf19.8258,CR_05090C_A
orf19.8259,orf19.8259,CR_05090C_A
orf19.643,orf19.643,CR_05100W_A
orf19.8257,orf19.8257,CR_05100W_A
orf19.642,orf19.642,CR_05120W_A
orf19.8256,orf19.8256,CR_05120W_A
orf19.641,orf19.641,CR_05130C_A
orf19.8255,orf19.8255,CR_05130C_A
orf19.640,orf19.640,CR_05140W_A
orf19.8254,orf19.8254,CR_05140W_A
orf19.639,orf19.639,CR_05160C_A
orf19.8253,orf19.8253,CR_05160C_A
orf19.638,orf19.638,CR_05170C_A
orf19.8252,orf19.8252,CR_05170C_A
orf19.637,orf19.637,CR_05180C_A
orf19.8251,orf19.8251,CR_05180C_A
orf19.555,orf19.555,CR_05190W_A
orf19.636,orf19.636,CR_05190W_A
orf19.8190,orf19.8190,CR_05190W_A
orf19.8250,orf19.8250,CR_05190W_A
orf19.556,orf19.556,CR_05200C_A
orf19.8191,orf19.8191,CR_05200C_A
orf19.557,orf19.557,CR_05210W_A
orf19.8192,orf19.8192,CR_05210W_A
orf19.558,orf19.558,CR_05220C_A
orf19.8193,orf19.8193,CR_05220C_A
orf19.559,orf19.559,CR_05240C_A
orf19.8194,orf19.8194,CR_05240C_A
orf19.1006,orf19.1006,CR_05250C_A
orf19.562,orf19.562,CR_05250C_A
orf19.8197,orf19.8197,CR_05250C_A
orf19.8621,orf19.8621,CR_05250C_A
orf19.1007,orf19.1007,CR_05260C_A
orf19.8622,orf19.8622,CR_05260C_A
orf19.1008,orf19.1008,CR_05270W_A
orf19.1009,orf19.1009,CR_05280W_A
orf19.1010,orf19.1010,CR_05290W_A
orf19.8624,orf19.8624,CR_05290W_A
orf19.1011,orf19.1011,CR_05300C_A
orf19.8625,orf19.8625,CR_05300C_A
orf19.1012,orf19.1012,CR_05310W_A
orf19.8626,orf19.8626,CR_05310W_A
orf19.1013,orf19.1013,CR_05320C_A
orf19.5289,orf19.5289,CR_05320C_A
orf19.8627,orf19.8627,CR_05320C_A
orf19.5288,orf19.5288,CR_05340C_A
orf19.5287,orf19.5287,CR_05360C_A
orf19.5286,orf19.5286,CR_05380C_A
orf19.5285,orf19.5285,CR_05390W_A
orf19.3510,orf19.3510,CR_05420W_A
orf19.5284,orf19.5284,CR_05420W_A
orf19.3512,orf19.3512,CR_05430W_A
orf19.5283,orf19.5283,CR_05430W_A
orf19.3515,orf19.3515,CR_05440W_A
orf19.3516,orf19.3516,CR_05450C_A
orf19.3517,orf19.3517,CR_05460W_A
orf19.3518,orf19.3518,CR_05480W_A
orf19.13275,orf19.13275,CR_05490W_A
orf19.3519,orf19.3519,CR_05490W_A
orf19.5853,orf19.5853,CR_05490W_A
orf19.13274,orf19.13274,CR_05500C_A
orf19.3520,orf19.3520,CR_05500C_A
orf19.5852,orf19.5852,CR_05500C_A
orf19.13273,orf19.13273,CR_05510W_A
orf19.5851,orf19.5851,CR_05510W_A
orf19.13272,orf19.13272,CR_05520W_A
orf19.5850,orf19.5850,CR_05520W_A
orf19.13271,orf19.13271,CR_05530C_A
orf19.5849,orf19.5849,CR_05530C_A
orf19.13270,orf19.13270,CR_05540C_A
orf19.5848,orf19.5848,CR_05540C_A
orf19.13269,orf19.13269,CR_05550C_A
orf19.5847,orf19.5847,CR_05550C_A
orf19.13268,orf19.13268,CR_05560W_A
orf19.5846,orf19.5846,CR_05560W_A
orf19.13267,orf19.13267,CR_05570C_A
orf19.5845,orf19.5845,CR_05570C_A
orf19.13266,orf19.13266,CR_05580C_A
orf19.5844,orf19.5844,CR_05580C_A
orf19.13265,orf19.13265,CR_05610C_A
orf19.5843,orf19.5843,CR_05610C_A
orf19.13974,orf19.13974,CR_05620C_A
orf19.6653,orf19.6653,CR_05620C_A
orf19.13973,orf19.13973,CR_05630W_A
orf19.6652,orf19.6652,CR_05630W_A
orf19.13971,orf19.13971,CR_05640C_A
orf19.6650,orf19.6650,CR_05640C_A
orf19.13970,orf19.13970,CR_05650W_A
orf19.6649,orf19.6649,CR_05650W_A
orf19.13969,orf19.13969,CR_05660W_A
orf19.6648,orf19.6648,CR_05660W_A
orf19.13966,orf19.13966,CR_05670C_A
orf19.6645,orf19.6645,CR_05670C_A
orf19.13965,orf19.13965,CR_05680C_A
orf19.6644,orf19.6644,CR_05680C_A
orf19.13964,orf19.13964,CR_05690W_A
orf19.6643,orf19.6643,CR_05690W_A
orf19.13963,orf19.13963,CR_05700C_A
orf19.6642,orf19.6642,CR_05700C_A
orf19.13962,orf19.13962,CR_05710C_A
orf19.6641,orf19.6641,CR_05710C_A
orf19.13961,orf19.13961,CR_05720W_A
orf19.6640,orf19.6640,CR_05720W_A
orf19.13960,orf19.13960,CR_05730C_A
orf19.6639,orf19.6639,CR_05730C_A
orf19.13959,orf19.13959,CR_05740C_A
orf19.6638,orf19.6638,CR_05740C_A
orf19.13958,orf19.13958,CR_05750W_A
orf19.6637,orf19.6637,CR_05750W_A
orf19.13957,orf19.13957,CR_05760C_A
orf19.6636,orf19.6636,CR_05760C_A
orf19.13956,orf19.13956,CR_05770W_A
orf19.6635,orf19.6635,CR_05770W_A
orf19.13955,orf19.13955,CR_05780W_A
orf19.6634,orf19.6634,CR_05780W_A
orf19.13953,orf19.13953,CR_05790C_A
orf19.6632,orf19.6632,CR_05790C_A
orf19.6630,orf19.6630,CR_05800C_A
orf19.13950,orf19.13950,CR_05830C_A
orf19.6629,orf19.6629,CR_05830C_A
orf19.13949,orf19.13949,CR_05840W_A
orf19.6628,orf19.6628,CR_05840W_A
orf19.13948,orf19.13948,CR_05860W_A
orf19.6627,orf19.6627,CR_05860W_A
orf19.13947,orf19.13947,CR_05880W_A
orf19.6626,orf19.6626,CR_05880W_A
orf19.13946,orf19.13946,CR_05890C_A
orf19.6625,orf19.6625,CR_05890C_A
orf19.13945,orf19.13945,CR_05900W_A
orf19.6624,orf19.6624,CR_05900W_A
orf19.13944,orf19.13944,CR_05910W_A
orf19.6623,orf19.6623,CR_05910W_A
orf19.13942,orf19.13942,CR_05920C_A
orf19.461,orf19.461,CR_05920C_A
orf19.6621,orf19.6621,CR_05920C_A
orf19.8092,orf19.8092,CR_05920C_A
orf19.460,orf19.460,CR_05940W_A
orf19.8091,orf19.8091,CR_05940W_A
orf19.459,orf19.459,CR_05950C_A
orf19.8090,orf19.8090,CR_05950C_A
orf19.458,orf19.458,CR_05970C_A
orf19.8089,orf19.8089,CR_05970C_A
orf19.457,orf19.457,CR_05980W_A
orf19.8088,orf19.8088,CR_05980W_A
orf19.454,orf19.454,CR_05990C_A
orf19.8085,orf19.8085,CR_05990C_A
orf19.451,orf19.451,CR_06000W_A
orf19.8081,orf19.8081,CR_06000W_A
orf19.11329,orf19.11329,CR_06010W_A
orf19.3848,orf19.3848,CR_06010W_A
orf19.11332,orf19.11332,CR_06020W_A
orf19.3851,orf19.3851,CR_06020W_A
orf19.11333,orf19.11333,CR_06030C_A
orf19.3852,orf19.3852,CR_06030C_A
orf19.11335,orf19.11335,CR_06040W_A
orf19.3854,orf19.3854,CR_06040W_A
orf19.11337,orf19.11337,CR_06050W_A
orf19.3856,orf19.3856,CR_06050W_A
orf19.11339,orf19.11339,CR_06060W_A
orf19.3858,orf19.3858,CR_06060W_A
orf19.11340,orf19.11340,CR_06070W_A
orf19.3859,orf19.3859,CR_06070W_A
orf19.11342,orf19.11342,CR_06080W_A
orf19.3861,orf19.3861,CR_06080W_A
orf19.11343,orf19.11343,CR_06090W_A
orf19.3862,orf19.3862,CR_06090W_A
orf19.11344,orf19.11344,CR_06100C_A
orf19.3863,orf19.3863,CR_06100C_A
orf19.11346,orf19.11346,CR_06110C_A
orf19.3865,orf19.3865,CR_06110C_A
orf19.11348,orf19.11348,CR_06120W_A
orf19.3867,orf19.3867,CR_06120W_A
orf19.3868,orf19.3868,CR_06130C_A
orf19.11350,orf19.11350,CR_06140W_A
orf19.3869,orf19.3869,CR_06140W_A
orf19.11351,orf19.11351,CR_06150C_A
orf19.3870,orf19.3870,CR_06150C_A
orf19.11352,orf19.11352,CR_06160C_A
orf19.3871,orf19.3871,CR_06160C_A
orf19.11353,orf19.11353,CR_06170W_A
orf19.3872,orf19.3872,CR_06170W_A
orf19.11354,orf19.11354,CR_06180W_A
orf19.3873,orf19.3873,CR_06180W_A
orf19.11355,orf19.11355,CR_06230W_A
orf19.3874,orf19.3874,CR_06230W_A
orf19.11357,orf19.11357,CR_06240C_A
orf19.3876,orf19.3876,CR_06240C_A
orf19.11358,orf19.11358,CR_06250W_A
orf19.3877,orf19.3877,CR_06250W_A
orf19.11359,orf19.11359,CR_06260W_A
orf19.3878,orf19.3878,CR_06260W_A
orf19.11360,orf19.11360,CR_06270W_A
orf19.3879,orf19.3879,CR_06270W_A
orf19.11362,orf19.11362,CR_06290C_A
orf19.3881,orf19.3881,CR_06290C_A
orf19.11365,orf19.11365,CR_06300C_A
orf19.3884,orf19.3884,CR_06300C_A
orf19.11366,orf19.11366,CR_06310W_A
orf19.3885,orf19.3885,CR_06310W_A
orf19.11367,orf19.11367,CR_06320C_A
orf19.3886,orf19.3886,CR_06320C_A
orf19.11368,orf19.11368,CR_06330C_A
orf19.3887,orf19.3887,CR_06330C_A
orf19.11369,orf19.11369,CR_06340C_A
orf19.3888,orf19.3888,CR_06340C_A
orf19.727,orf19.727,CR_06380C_A
orf19.8346,orf19.8346,CR_06380C_A
orf19.726,orf19.726,CR_06420W_A
orf19.8345,orf19.8345,CR_06420W_A
orf19.725,orf19.725,CR_06430W_A
orf19.8344,orf19.8344,CR_06430W_A
orf19.723,orf19.723,CR_06440C_A
orf19.8342,orf19.8342,CR_06440C_A
orf19.721,orf19.721,CR_06450W_A
orf19.8340,orf19.8340,CR_06450W_A
orf19.720,orf19.720,CR_06460W_A
orf19.8339,orf19.8339,CR_06460W_A
orf19.719,orf19.719,CR_06470W_A
orf19.8338,orf19.8338,CR_06470W_A
orf19.718,orf19.718,CR_06480C_A
orf19.8337,orf19.8337,CR_06480C_A
orf19.717,orf19.717,CR_06490C_A
orf19.8336,orf19.8336,CR_06490C_A
orf19.716,orf19.716,CR_06500C_A
orf19.8335,orf19.8335,CR_06500C_A
orf19.715,orf19.715,CR_06510W_A
orf19.8334,orf19.8334,CR_06510W_A
orf19.714,orf19.714,CR_06520C_A
orf19.8333,orf19.8333,CR_06520C_A
orf19.713,orf19.713,CR_06530W_A
orf19.8332,orf19.8332,CR_06530W_A
orf19.712,orf19.712,CR_06540W_A
orf19.8331,orf19.8331,CR_06540W_A
orf19.711,orf19.711,CR_06550C_A
orf19.916,orf19.916,CR_06560C_A
orf19.915,orf19.915,CR_06570C_A
orf19.693,orf19.693,CR_06580W_A
orf19.695,orf19.695,CR_06590C_A
orf19.8314,orf19.8314,CR_06590C_A
orf19.696,orf19.696,CR_06610W_A
orf19.8315,orf19.8315,CR_06610W_A
orf19.697,orf19.697,CR_06620W_A
orf19.8316,orf19.8316,CR_06620W_A
orf19.698,orf19.698,CR_06640C_A
orf19.8317,orf19.8317,CR_06640C_A
orf19.699,orf19.699,CR_06650C_A
orf19.8318,orf19.8318,CR_06650C_A
orf19.700,orf19.700,CR_06660W_A
orf19.8319,orf19.8319,CR_06660W_A
orf19.701,orf19.701,CR_06670W_A
orf19.8320,orf19.8320,CR_06670W_A
orf19.702,orf19.702,CR_06680C_A
orf19.8321,orf19.8321,CR_06680C_A
orf19.703,orf19.703,CR_06690C_A
orf19.8322,orf19.8322,CR_06690C_A
orf19.704,orf19.704,CR_06700C_A
orf19.8323,orf19.8323,CR_06700C_A
orf19.705,orf19.705,CR_06710C_A
orf19.8324,orf19.8324,CR_06710C_A
orf19.706,orf19.706,CR_06720W_A
orf19.8325,orf19.8325,CR_06720W_A
orf19.707,orf19.707,CR_06730W_A
orf19.8326,orf19.8326,CR_06730W_A
orf19.708,orf19.708,CR_06740W_A
orf19.8327,orf19.8327,CR_06740W_A
orf19.709,orf19.709,CR_06750C_A
orf19.8328,orf19.8328,CR_06750C_A
orf19.1860,orf19.1860,CR_06760C_A
orf19.710,orf19.710,CR_06760C_A
orf19.8329,orf19.8329,CR_06760C_A
orf19.9416,orf19.9416,CR_06760C_A
orf19.1857,orf19.1857,CR_06770C_A
orf19.9415,orf19.9415,CR_06770C_A
orf19.1856,orf19.1856,CR_06780W_A
orf19.9414,orf19.9414,CR_06780W_A
orf19.1855,orf19.1855,CR_06790C_A
orf19.9413,orf19.9413,CR_06790C_A
orf19.1854,orf19.1854,CR_06800C_A
orf19.9412,orf19.9412,CR_06800C_A
orf19.1853,orf19.1853,CR_06810W_A
orf19.9411,orf19.9411,CR_06810W_A
orf19.1852,orf19.1852,CR_06820W_A
orf19.9410,orf19.9410,CR_06820W_A
orf19.1850,orf19.1850,CR_06830C_A
orf19.9408,orf19.9408,CR_06830C_A
orf19.1849,orf19.1849,CR_06840W_A
orf19.9407,orf19.9407,CR_06840W_A
orf19.1847,orf19.1847,CR_06860C_A
orf19.9405,orf19.9405,CR_06860C_A
orf19.1844,orf19.1844,CR_06870C_A
orf19.1845,orf19.1845,CR_06870C_A
orf19.9403,orf19.9403,CR_06870C_A
orf19.1843,orf19.1843,CR_06900C_A
orf19.9402,orf19.9402,CR_06900C_A
orf19.1842,orf19.1842,CR_06910W_A
orf19.9401,orf19.9401,CR_06910W_A
orf19.1841,orf19.1841,CR_06920W_A
orf19.9399,orf19.9399,CR_06920W_A
orf19.178,orf19.178,CR_06930W_A
orf19.179,orf19.179,CR_06940W_A
orf19.2370,orf19.2370,CR_06940W_A
orf19.9906,orf19.9906,CR_06940W_A
orf19.2369,orf19.2369,CR_06960W_A
orf19.9905,orf19.9905,CR_06960W_A
orf19.2368,orf19.2368,CR_06970C_A
orf19.9904,orf19.9904,CR_06970C_A
orf19.2367,orf19.2367,CR_06980W_A
orf19.9903,orf19.9903,CR_06980W_A
orf19.2366,orf19.2366,CR_06990W_A
orf19.9902,orf19.9902,CR_06990W_A
orf19.2365,orf19.2365,CR_07000C_A
orf19.9901,orf19.9901,CR_07000C_A
orf19.2364,orf19.2364,CR_07010W_A
orf19.9900,orf19.9900,CR_07010W_A
orf19.2363,orf19.2363,CR_07020W_A
orf19.9899,orf19.9899,CR_07020W_A
orf19.2362,orf19.2362,CR_07030C_A
orf19.9898,orf19.9898,CR_07030C_A
orf19.2361,orf19.2361,CR_07040W_A
orf19.9897,orf19.9897,CR_07040W_A
orf19.2360,orf19.2360,CR_07050C_A
orf19.9896,orf19.9896,CR_07050C_A
orf19.2356,orf19.2356,CR_07060C_A
orf19.9892,orf19.9892,CR_07060C_A
orf19.1816,orf19.1816,CR_07070C_A
orf19.2355,orf19.2355,CR_07070C_A
orf19.9379,orf19.9379,CR_07070C_A
orf19.9891,orf19.9891,CR_07070C_A
orf19.1815,orf19.1815,CR_07080W_A
orf19.9378,orf19.9378,CR_07080W_A
orf19.1814,orf19.1814,CR_07090W_A
orf19.9377,orf19.9377,CR_07090W_A
orf19.1813,orf19.1813,CR_07100W_A
orf19.784,orf19.784,CR_07100W_A
orf19.785,orf19.785,CR_07100W_A
orf19.9376,orf19.9376,CR_07100W_A
orf19.7681,orf19.7681,CR_07110C_A
orf19.8,orf19.8,CR_07110C_A
orf19.7682,orf19.7682,CR_07120C_A
orf19.9,orf19.9,CR_07120C_A
orf19.10,orf19.10,CR_07130C_A
orf19.7683,orf19.7683,CR_07130C_A
orf19.11,orf19.11,CR_07140C_A
orf19.7684,orf19.7684,CR_07140C_A
orf19.13,orf19.13,CR_07150W_A
orf19.734,orf19.734,CR_07150W_A
orf19.7686,orf19.7686,CR_07150W_A
orf19.8353,orf19.8353,CR_07150W_A
orf19.733,orf19.733,CR_07160C_A
orf19.8352,orf19.8352,CR_07160C_A
orf19.732,orf19.732,CR_07170W_A
orf19.8351,orf19.8351,CR_07170W_A
orf19.731,orf19.731,CR_07180W_A
orf19.8350,orf19.8350,CR_07180W_A
orf19.730,orf19.730,CR_07190W_A
orf19.13571,orf19.13571,CR_07200W_A
orf19.6152,orf19.6152,CR_07200W_A
orf19.13570,orf19.13570,CR_07210W_A
orf19.6151,orf19.6151,CR_07210W_A
orf19.13567,orf19.13567,CR_07220C_A
orf19.6148,orf19.6148,CR_07220C_A
orf19.13566,orf19.13566,CR_07230W_A
orf19.6147,orf19.6147,CR_07230W_A
orf19.13565,orf19.13565,CR_07240C_A
orf19.6146,orf19.6146,CR_07240C_A
orf19.13562,orf19.13562,CR_07250C_A
orf19.6143,orf19.6143,CR_07250C_A
orf19.13561,orf19.13561,CR_07260C_A
orf19.6142,orf19.6142,CR_07260C_A
orf19.13560,orf19.13560,CR_07270C_A
orf19.6141,orf19.6141,CR_07270C_A
orf19.13559,orf19.13559,CR_07280W_A
orf19.6140,orf19.6140,CR_07280W_A
orf19.13558,orf19.13558,CR_07290W_A
orf19.6139,orf19.6139,CR_07290W_A
orf19.13557,orf19.13557,CR_07300W_A
orf19.6138,orf19.6138,CR_07300W_A
orf19.13556,orf19.13556,CR_07310W_A
orf19.6137,orf19.6137,CR_07310W_A
orf19.13555,orf19.13555,CR_07320C_A
orf19.6136,orf19.6136,CR_07320C_A
orf19.13554,orf19.13554,CR_07340C_A
orf19.6135,orf19.6135,CR_07340C_A
orf19.13553,orf19.13553,CR_07350W_A
orf19.6134,orf19.6134,CR_07350W_A
orf19.13552,orf19.13552,CR_07360W_A
orf19.6133,orf19.6133,CR_07360W_A
orf19.13551,orf19.13551,CR_07370W_A
orf19.6132,orf19.6132,CR_07370W_A
orf19.13550,orf19.13550,CR_07380C_A
orf19.6131,orf19.6131,CR_07380C_A
orf19.13548,orf19.13548,CR_07390C_A
orf19.6129,orf19.6129,CR_07390C_A
orf19.13546,orf19.13546,CR_07400C_A
orf19.6127,orf19.6127,CR_07400C_A
orf19.13545,orf19.13545,CR_07420W_A
orf19.6126,orf19.6126,CR_07420W_A
orf19.13543,orf19.13543,CR_07440W_A
orf19.6124,orf19.6124,CR_07440W_A
orf19.13540,orf19.13540,CR_07450C_A
orf19.6121,orf19.6121,CR_07450C_A
orf19.13538,orf19.13538,CR_07460C_A
orf19.6119,orf19.6119,CR_07460C_A
orf19.13537,orf19.13537,CR_07470W_A
orf19.6118,orf19.6118,CR_07470W_A
orf19.13536,orf19.13536,CR_07480W_A
orf19.1407,orf19.1407,CR_07480W_A
orf19.6117,orf19.6117,CR_07480W_A
orf19.13535,orf19.13535,CR_07490C_A
orf19.1408,orf19.1408,CR_07490C_A
orf19.6116,orf19.6116,CR_07490C_A
orf19.10151,orf19.10151,CR_07500W_A
orf19.2620,orf19.2620,CR_07500W_A
orf19.10152,orf19.10152,CR_07510W_A
orf19.2621,orf19.2621,CR_07510W_A
orf19.10153,orf19.10153,CR_07520C_A
orf19.2622,orf19.2622,CR_07520C_A
orf19.10154,orf19.10154,CR_07530C_A
orf19.2623,orf19.2623,CR_07530C_A
orf19.10155,orf19.10155,CR_07540C_A
orf19.2624,orf19.2624,CR_07540C_A
orf19.10156,orf19.10156,CR_07550C_A
orf19.2625,orf19.2625,CR_07550C_A
orf19.10157,orf19.10157,CR_07560W_A
orf19.2626,orf19.2626,CR_07560W_A
orf19.8349,orf19.8349,CR_07560W_A
orf19.10158,orf19.10158,CR_07570W_A
orf19.2627,orf19.2627,CR_07570W_A
orf19.729,orf19.729,CR_07570W_A
orf19.8348,orf19.8348,CR_07570W_A
orf19.728,orf19.728,CR_07580C_A
orf19.8347,orf19.8347,CR_07580C_A
orf19.13672,orf19.13672,CR_07590W_A
orf19.6293,orf19.6293,CR_07590W_A
orf19.13670,orf19.13670,CR_07600W_A
orf19.13671,orf19.13671,CR_07600W_A
orf19.6291,orf19.6291,CR_07600W_A
orf19.6292,orf19.6292,CR_07600W_A
orf19.13667,orf19.13667,CR_07610C_A
orf19.6288,orf19.6288,CR_07610C_A
orf19.13666,orf19.13666,CR_07620W_A
orf19.6287,orf19.6287,CR_07620W_A
orf19.13665,orf19.13665,CR_07640C_A
orf19.6286,orf19.6286,CR_07640C_A
orf19.13664,orf19.13664,CR_07650W_A
orf19.6285,orf19.6285,CR_07650W_A
orf19.13663,orf19.13663,CR_07660C_A
orf19.3484,orf19.3484,CR_07660C_A
orf19.6284,orf19.6284,CR_07660C_A
orf19.13662,orf19.13662,CR_07670W_A
orf19.3485,orf19.3485,CR_07670W_A
orf19.6283,orf19.6283,CR_07670W_A
orf19.13661,orf19.13661,CR_07680C_A
orf19.3486,orf19.3486,CR_07680C_A
orf19.6282,orf19.6282,CR_07680C_A
orf19.3487,orf19.3487,CR_07690W_A
orf19.1984,orf19.1984,CR_07700W_A
orf19.1985,orf19.1985,CR_07700W_A
orf19.3488,orf19.3488,CR_07700W_A
orf19.1986,orf19.1986,CR_07710W_A
orf19.3489,orf19.3489,CR_07710W_A
orf19.1988,orf19.1988,CR_07720C_A
orf19.2634,orf19.2634,CR_07720C_A
orf19.2633,orf19.2633,CR_07730W_A
orf19.11188,orf19.11188,CR_07750C_A
orf19.2632,orf19.2632,CR_07750C_A
orf19.3704,orf19.3704,CR_07750C_A
orf19.11189,orf19.11189,CR_07770C_A
orf19.3705,orf19.3705,CR_07770C_A
orf19.11191,orf19.11191,CR_07780W_A
orf19.3706,orf19.3706,CR_07780W_A
orf19.11192,orf19.11192,CR_07790C_A
orf19.3707,orf19.3707,CR_07790C_A
orf19.11193,orf19.11193,CR_07800W_A
orf19.3708,orf19.3708,CR_07800W_A
orf19.11195,orf19.11195,CR_07810W_A
orf19.3710,orf19.3710,CR_07810W_A
orf19.11196,orf19.11196,CR_07820W_A
orf19.3711,orf19.3711,CR_07820W_A
orf19.11197,orf19.11197,CR_07830C_A
orf19.3712,orf19.3712,CR_07830C_A
orf19.11198,orf19.11198,CR_07840C_A
orf19.3713,orf19.3713,CR_07840C_A
orf19.11199,orf19.11199,CR_07850W_A
orf19.3714,orf19.3714,CR_07850W_A
orf19.11200,orf19.11200,CR_07860C_A
orf19.3715,orf19.3715,CR_07860C_A
orf19.11201,orf19.11201,CR_07870W_A
orf19.3716,orf19.3716,CR_07870W_A
orf19.612,orf19.612,CR_07870W_A
orf19.8245,orf19.8245,CR_07870W_A
orf19.610,orf19.610,CR_07890W_A
orf19.8243,orf19.8243,CR_07890W_A
orf19.609,orf19.609,CR_07900C_A
orf19.607,orf19.607,CR_07910C_A
orf19.8240,orf19.8240,CR_07910C_A
orf19.606,orf19.606,CR_07920W_A
orf19.8239,orf19.8239,CR_07920W_A
orf19.605,orf19.605,CR_07930C_A
orf19.8238,orf19.8238,CR_07930C_A
orf19.604,orf19.604,CR_07940W_A
orf19.8237,orf19.8237,CR_07940W_A
orf19.603,orf19.603,CR_07950W_A
orf19.8236,orf19.8236,CR_07950W_A
orf19.600,orf19.600,CR_07960C_A
orf19.602,orf19.602,CR_07960C_A
orf19.8233,orf19.8233,CR_07960C_A
orf19.8235,orf19.8235,CR_07960C_A
orf19.599,orf19.599,CR_07970C_A
orf19.8232,orf19.8232,CR_07970C_A
orf19.598,orf19.598,CR_07990C_A
orf19.8230,orf19.8230,CR_07990C_A
orf19.597,orf19.597,CR_08000C_A
orf19.8229,orf19.8229,CR_08000C_A
orf19.593,orf19.593,CR_08030C_A
orf19.8225,orf19.8225,CR_08030C_A
orf19.592,orf19.592,CR_08040W_A
orf19.8224,orf19.8224,CR_08040W_A
orf19.590,orf19.590,CR_08050C_A
orf19.8222,orf19.8222,CR_08050C_A
orf19.13721,orf19.13721,CR_08060C_A
orf19.589,orf19.589,CR_08060C_A
orf19.6364,orf19.6364,CR_08060C_A
orf19.8221,orf19.8221,CR_08060C_A
orf19.13722,orf19.13722,CR_08070W_A
orf19.6365,orf19.6365,CR_08070W_A
orf19.13723,orf19.13723,CR_08080W_A
orf19.6366,orf19.6366,CR_08080W_A
orf19.13724,orf19.13724,CR_08090W_A
orf19.6367,orf19.6367,CR_08090W_A
orf19.13726,orf19.13726,CR_08100C_A
orf19.6369,orf19.6369,CR_08100C_A
orf19.13728,orf19.13728,CR_08110W_A
orf19.6371,orf19.6371,CR_08110W_A
orf19.13730,orf19.13730,CR_08120C_A
orf19.6373,orf19.6373,CR_08120C_A
orf19.13731,orf19.13731,CR_08130W_A
orf19.6374,orf19.6374,CR_08130W_A
orf19.13732,orf19.13732,CR_08150W_A
orf19.6375,orf19.6375,CR_08150W_A
orf19.13733,orf19.13733,CR_08160W_A
orf19.6376,orf19.6376,CR_08160W_A
orf19.13734,orf19.13734,CR_08170C_A
orf19.6377,orf19.6377,CR_08170C_A
orf19.13735,orf19.13735,CR_08180C_A
orf19.6378,orf19.6378,CR_08180C_A
orf19.13736,orf19.13736,CR_08190W_A
orf19.6379,orf19.6379,CR_08190W_A
orf19.13739,orf19.13739,CR_08200C_A
orf19.13740,orf19.13740,CR_08200C_A
orf19.6382,orf19.6382,CR_08200C_A
orf19.6383,orf19.6383,CR_08200C_A
orf19.13742,orf19.13742,CR_08210C_A
orf19.6385,orf19.6385,CR_08210C_A
orf19.13747,orf19.13747,CR_08250C_A
orf19.6387,orf19.6387,CR_08250C_A
orf19.6389,orf19.6389,CR_08250C_A
orf19.13748,orf19.13748,CR_08260C_A
orf19.6390,orf19.6390,CR_08260C_A
orf19.13749,orf19.13749,CR_08270W_A
orf19.6391,orf19.6391,CR_08270W_A
orf19.13750,orf19.13750,CR_08280W_A
orf19.6392,orf19.6392,CR_08280W_A
orf19.13751,orf19.13751,CR_08290W_A
orf19.6393,orf19.6393,CR_08290W_A
orf19.13754,orf19.13754,CR_08300C_A
orf19.6396,orf19.6396,CR_08300C_A
orf19.13756,orf19.13756,CR_08310C_A
orf19.6398,orf19.6398,CR_08310C_A
orf19.13757,orf19.13757,CR_08320W_A
orf19.6399,orf19.6399,CR_08320W_A
orf19.13758,orf19.13758,CR_08330W_A
orf19.6400,orf19.6400,CR_08330W_A
orf19.13760,orf19.13760,CR_08340W_A
orf19.6402,orf19.6402,CR_08340W_A
orf19.13761,orf19.13761,CR_08350W_A
orf19.6403,orf19.6403,CR_08350W_A
orf19.13762,orf19.13762,CR_08370W_A
orf19.6404,orf19.6404,CR_08370W_A
orf19.13763,orf19.13763,CR_08380C_A
orf19.6405,orf19.6405,CR_08380C_A
orf19.13764,orf19.13764,CR_08400C_A
orf19.6406,orf19.6406,CR_08400C_A
orf19.13765,orf19.13765,CR_08410W_A
orf19.6407,orf19.6407,CR_08410W_A
orf19.13766,orf19.13766,CR_08420W_A
orf19.6408,orf19.6408,CR_08420W_A
orf19.13769,orf19.13769,CR_08430W_A
orf19.6411,orf19.6411,CR_08430W_A
orf19.13771,orf19.13771,CR_08440W_A
orf19.6413,orf19.6413,CR_08440W_A
orf19.13772,orf19.13772,CR_08450C_A
orf19.6414,orf19.6414,CR_08450C_A
orf19.13774,orf19.13774,CR_08470W_A
orf19.6416,orf19.6416,CR_08470W_A
orf19.13775,orf19.13775,CR_08490W_A
orf19.6417,orf19.6417,CR_08490W_A
orf19.13776,orf19.13776,CR_08500W_A
orf19.6418,orf19.6418,CR_08500W_A
orf19.13778,orf19.13778,CR_08510W_A
orf19.6420,orf19.6420,CR_08510W_A
orf19.13780,orf19.13780,CR_08540C_A
orf19.6422,orf19.6422,CR_08540C_A
orf19.13781,orf19.13781,CR_08550W_A
orf19.6423,orf19.6423,CR_08550W_A
orf19.13782,orf19.13782,CR_08560C_A
orf19.6424,orf19.6424,CR_08560C_A
orf19.13783,orf19.13783,CR_08570W_A
orf19.6425,orf19.6425,CR_08570W_A
orf19.13789,orf19.13789,CR_08580C_A
orf19.6431,orf19.6431,CR_08580C_A
orf19.13790,orf19.13790,CR_08590W_A
orf19.6432,orf19.6432,CR_08590W_A
orf19.13792,orf19.13792,CR_08600C_A
orf19.6434,orf19.6434,CR_08600C_A
orf19.13793,orf19.13793,CR_08610W_A
orf19.6435,orf19.6435,CR_08610W_A
orf19.13794,orf19.13794,CR_08620C_A
orf19.6436,orf19.6436,CR_08620C_A
orf19.13795,orf19.13795,CR_08630W_A
orf19.6437,orf19.6437,CR_08630W_A
orf19.13796,orf19.13796,CR_08640C_A
orf19.6438,orf19.6438,CR_08640C_A
orf19.13798,orf19.13798,CR_08650C_A
orf19.6440,orf19.6440,CR_08650C_A
orf19.13800,orf19.13800,CR_08660W_A
orf19.6442,orf19.6442,CR_08660W_A
orf19.13801,orf19.13801,CR_08670C_A
orf19.6443,orf19.6443,CR_08670C_A
orf19.13802,orf19.13802,CR_08680C_A
orf19.6444,orf19.6444,CR_08680C_A
orf19.13803,orf19.13803,CR_08690C_A
orf19.6445,orf19.6445,CR_08690C_A
orf19.13805,orf19.13805,CR_08700C_A
orf19.6447,orf19.6447,CR_08700C_A
orf19.13806,orf19.13806,CR_08710W_A
orf19.6448,orf19.6448,CR_08710W_A
orf19.13807,orf19.13807,CR_08720W_A
orf19.6449,orf19.6449,CR_08720W_A
orf19.13808,orf19.13808,CR_08740W_A
orf19.6450,orf19.6450,CR_08740W_A
orf19.7279,orf19.7279,CR_08840C_A
orf19.7280,orf19.7280,CR_08850W_A
orf19.7281,orf19.7281,CR_08860W_A
orf19.7282,orf19.7282,CR_08870W_A
orf19.7283,orf19.7283,CR_08880C_A
orf19.7284,orf19.7284,CR_08890C_A
orf19.7285,orf19.7285,CR_08900C_A
orf19.7286,orf19.7286,CR_08910C_A
orf19.7287,orf19.7287,CR_08910C_A
orf19.7288,orf19.7288,CR_08920W_A
orf19.7290,orf19.7290,CR_08930C_A
orf19.7291,orf19.7291,CR_08940W_A
orf19.7292,orf19.7292,CR_08950W_A
orf19.7293,orf19.7293,CR_08960C_A
orf19.7295,orf19.7295,CR_08980C_A
orf19.7296,orf19.7296,CR_08990C_A
orf19.7297,orf19.7297,CR_09010C_A
orf19.7298,orf19.7298,CR_09020C_A
orf19.7300,orf19.7300,CR_09040W_A
orf19.7301,orf19.7301,CR_09050C_A
orf19.7302,orf19.7302,CR_09050C_A
orf19.7303,orf19.7303,CR_09060W_A
orf19.7304,orf19.7304,CR_09070C_A
orf19.7305,orf19.7305,CR_09090C_A
orf19.7306,orf19.7306,CR_09100C_A
orf19.7307,orf19.7307,CR_09110C_A
orf19.7308,orf19.7308,CR_09120C_A
orf19.7310,orf19.7310,CR_09140C_A
orf19.7311,orf19.7311,CR_09150W_A
orf19.7312,orf19.7312,CR_09160C_A
orf19.7313,orf19.7313,CR_09170C_A
orf19.7314,orf19.7314,CR_09180W_A
orf19.7316,orf19.7316,CR_09190C_A
orf19.7317,orf19.7317,CR_09200C_A
orf19.7318,orf19.7318,CR_09200C_A
orf19.7319,orf19.7319,CR_09210W_A
orf19.7320,orf19.7320,CR_09220C_A
orf19.7321,orf19.7321,CR_09230C_A
orf19.7322,orf19.7322,CR_09240C_A
orf19.7323,orf19.7323,CR_09270C_A
orf19.7324,orf19.7324,CR_09290W_A
orf19.7325,orf19.7325,CR_09300C_A
orf19.7326,orf19.7326,CR_09310W_A
orf19.7327,orf19.7327,CR_09320C_A
orf19.7328,orf19.7328,CR_09330C_A
orf19.7329,orf19.7329,CR_09340W_A
orf19.7330,orf19.7330,CR_09350C_A
orf19.7331,orf19.7331,CR_09360W_A
orf19.7332,orf19.7332,CR_09370W_A
orf19.7335,orf19.7335,CR_09380W_A
orf19.7336,orf19.7336,CR_09390C_A
orf19.7337,orf19.7337,CR_09410W_A
orf19.7339,orf19.7339,CR_09420C_A
orf19.7340,orf19.7340,CR_09430C_A
orf19.7341,orf19.7341,CR_09440C_A
orf19.7342,orf19.7342,CR_09470W_A
orf19.7343,orf19.7343,CR_09480W_A
orf19.7344,orf19.7344,CR_09490W_A
orf19.7345,orf19.7345,CR_09500C_A
orf19.6612,orf19.6612,CR_09510C_A
orf19.6610,orf19.6610,CR_09520C_A
orf19.6608,orf19.6608,CR_09530C_A
orf19.6607,orf19.6607,CR_09550C_A
orf19.6606,orf19.6606,CR_09560C_A
orf19.6605,orf19.6605,CR_09570W_A
orf19.6604,orf19.6604,CR_09580C_A
orf19.6602,orf19.6602,CR_09590W_A
orf19.6601,orf19.6601,CR_09610C_A
orf19.6600,orf19.6600,CR_09620C_A
orf19.6598,orf19.6598,CR_09650W_A
orf19.6597,orf19.6597,CR_09660W_A
orf19.6596,orf19.6596,CR_09670C_A
orf19.6595,orf19.6595,CR_09680C_A
orf19.6594,orf19.6594,CR_09690C_A
orf19.6592,orf19.6592,CR_09700W_A
orf19.6591,orf19.6591,CR_09710W_A
orf19.6590,orf19.6590,CR_09720W_A
orf19.6589,orf19.6589,CR_09730C_A
orf19.7546,orf19.7546,CR_09740W_A
orf19.7547,orf19.7547,CR_09750C_A
orf19.7548,orf19.7548,CR_09760W_A
orf19.7549,orf19.7549,CR_09770C_A
orf19.7550,orf19.7550,CR_09780C_A
orf19.7551,orf19.7551,CR_09790W_A
orf19.7552,orf19.7552,CR_09800C_A
orf19.7553,orf19.7553,CR_09810W_A
orf19.7555,orf19.7555,CR_09820C_A
orf19.7554,orf19.7554,CR_09830W_A
orf19.7556,orf19.7556,CR_09840C_A
orf19.7557,orf19.7557,CR_09850C_A
orf19.7558,orf19.7558,CR_09860W_A
orf19.7561,orf19.7561,CR_09880W_A
orf19.7563,orf19.7563,CR_09890C_A
orf19.7564,orf19.7564,CR_09900C_A
orf19.7565,orf19.7565,CR_09910W_A
orf19.7566,orf19.7566,CR_09920W_A
orf19.7567,orf19.7567,CR_09930W_A
orf19.7568,orf19.7568,CR_09940W_A
orf19.7569,orf19.7569,CR_09950C_A
orf19.7570,orf19.7570,CR_09960C_A
orf19.7571,orf19.7571,CR_09970W_A
orf19.7572,orf19.7572,CR_09980W_A
orf19.7574,orf19.7574,CR_09990W_A
orf19.7576,orf19.7576,CR_10000C_A
orf19.7577,orf19.7577,CR_10010C_A
orf19.7578,orf19.7578,CR_10020C_A
orf19.7579,orf19.7579,CR_10030W_A
orf19.7580,orf19.7580,CR_10040W_A
orf19.7581,orf19.7581,CR_10060W_A
orf19.7583,orf19.7583,CR_10070C_A
orf19.7585,orf19.7585,CR_10100C_A
orf19.7586,orf19.7586,CR_10110W_A
orf19.7588,orf19.7588,CR_10120C_A
orf19.7589,orf19.7589,CR_10130W_A
orf19.7590,orf19.7590,CR_10140W_A
orf19.7591,orf19.7591,CR_10140W_A
orf19.7592,orf19.7592,CR_10160W_A
orf19.7593,orf19.7593,CR_10170C_A
orf19.7594,orf19.7594,CR_10180W_A
orf19.7595,orf19.7595,CR_10190C_A
orf19.7596,orf19.7596,CR_10200W_A
orf19.7597,orf19.7597,CR_10210W_A
orf19.7598,orf19.7598,CR_10230W_A
orf19.7599,orf19.7599,CR_10240W_A
orf19.7600,orf19.7600,CR_10250C_A
orf19.7601,orf19.7601,CR_10260W_A
orf19.7602,orf19.7602,CR_10270C_A
orf19.7603,orf19.7603,CR_10280W_A
orf19.7604,orf19.7604,CR_10290C_A
orf19.7605,orf19.7605,CR_10300W_A
orf19.7606,orf19.7606,CR_10310W_A
orf19.7608,orf19.7608,CR_10320W_A
orf19.7609,orf19.7609,CR_10330W_A
orf19.7610,orf19.7610,CR_10340W_A
orf19.7611,orf19.7611,CR_10350C_A
orf19.7612,orf19.7612,CR_10360C_A
orf19.7613,orf19.7613,CR_10370W_A
orf19.7614,orf19.7614,CR_10380C_A
orf19.7615,orf19.7615,CR_10390W_A
orf19.7617,orf19.7617,CR_10400W_A
orf19.7618,orf19.7618,CR_10410C_A
orf19.7619,orf19.7619,CR_10420W_A
orf19.7620,orf19.7620,CR_10430C_A
orf19.7621,orf19.7621,CR_10440W_A
orf19.7622,orf19.7622,CR_10450C_A
orf19.7624,orf19.7624,CR_10470C_A
orf19.7625,orf19.7625,CR_10480W_A
orf19.7626,orf19.7626,CR_10490W_A
orf19.7627,orf19.7627,CR_10500C_A
orf19.7629,orf19.7629,CR_10510W_A
orf19.7631,orf19.7631,CR_10520C_A
orf19.7632,orf19.7632,CR_10530W_A
orf19.7634,orf19.7634,CR_10540C_A
orf19.7635,orf19.7635,CR_10550W_A
orf19.7637,orf19.7637,CR_10570C_A
orf19.7638,orf19.7638,CR_10580W_A
orf19.7642,orf19.7642,CR_10590W_A
orf19.7643,orf19.7643,CR_10600C_A
orf19.7644,orf19.7644,CR_10610C_A
orf19.7645,orf19.7645,CR_10620C_A
orf19.7646,orf19.7646,CR_10630W_A
orf19.7648,orf19.7648,CR_10640W_A
orf19.7650,orf19.7650,CR_10650W_A
orf19.7652,orf19.7652,CR_10660W_A
orf19.7654,orf19.7654,CR_10670W_A
orf19.7655,orf19.7655,CR_10680W_A
orf19.7657,orf19.7657,CR_10690W_A
orf19.7658,orf19.7658,CR_10700W_A
orf19.7660,orf19.7660,CR_10710C_A
orf19.7661,orf19.7661,CR_10720W_A
orf19.7662,orf19.7662,CR_10730C_A
orf19.7663,orf19.7663,CR_10740W_A
orf19.7664,orf19.7664,CR_10750C_A
orf19.7665,orf19.7665,CR_10760C_A
orf19.7666,orf19.7666,CR_10770W_A
orf19.7667,orf19.7667,CR_10780C_A
orf19.7668,orf19.7668,CR_10790W_A
orf19.7670,orf19.7670,CR_10800C_A
orf19.7672,orf19.7672,CR_10810C_A
orf19.7673,orf19.7673,CR_10820W_A
orf19.7675,orf19.7675,CR_10830C_A
orf19.7676,orf19.7676,CR_10840C_A
orf19.7678,orf19.7678,CR_10850C_A
orf19.7680,orf19.7680,CR_10860C_A
