gene_id,treated_b1,treated_b2,untreated_b1,untreated_b2
CaalfMp01,3,1,1,1
CaalfMp02,0,0,3,0
CaalfMp03,0,1,1,5
CaalfMp04,0,0,0,0
CaalfMp05,4,0,6,2
CaalfMp06,1,1,2,4
CaalfMp07,0,0,0,0
CaalfMp08,8,4,9,3
CaalfMp08.1,0,0,7,1
CaalfMp08.2,3,0,2,0
CaalfMp08.3,3,0,0,0
CaalfMp08.4,2,1,0,5
CaalfMp09,3,4,2,1
CaalfMp10,0,0,1,0
CaalfMp11,9,0,5,4
CaalfMp11.1,5,3,6,6
CaalfMp12,0,0,0,1
CaalfMp13,1,0,1,1
CaalfMp14,4,1,0,3
CaalfMp15,1,1,2,0
CaalfMr16,428,148,658,418
CaalfMr17,125,39,186,135
CaalfMt18,0,0,0,0
CaalfMt19,0,0,0,0
CaalfMt20,0,0,0,0
CaalfMt21,0,0,0,0
CaalfMt22,0,0,0,0
CaalfMt23,0,0,0,0
CaalfMt24,0,0,0,0
CaalfMt25,0,0,0,0
CaalfMt26,0,0,0,0
CaalfMt27,0,0,0,0
CaalfMt28,0,0,0,0
CaalfMt29,0,0,0,0
CaalfMt30,0,0,0,0
CaalfMt31,0,0,0,0
CaalfMt32,0,0,0,0
CaalfMt33,0,0,0,0
CaalfMt34,0,0,0,0
CaalfMt35,0,0,0,0
CaalfMt36,0,0,0,0
CaalfMt37,0,0,0,0
CaalfMt38,0,0,0,1
CaalfMt39,0,0,0,0
CaalfMt40,0,0,0,0
CaalfMt41,0,0,0,0
CaalfMt42,0,0,0,0
CaalfMt43,0,0,0,0
CaalfMt44,0,0,0,0
CaalfMt45,0,0,0,0
CaalfMt46,0,0,0,0
CaalfMt47,0,0,0,0
CD39,0,0,0,0
ITS1,2,0,2,3
ITS2,1,1,1,1
LSU-C2809,0,0,0,0
LSU-G1431,0,0,0,0
orf19.10,19,16,102,89
orf19.100,123,136,306,364
orf19.1002,274,279,388,348
orf19.1005,8,11,3,13
orf19.1007,712,732,414,407
orf19.1008,1,5,1,9
orf19.1009,2,0,1,0
orf19.101,202,224,362,335
orf19.1010,327,396,329,344
orf19.1011,1482,1467,1834,2058
orf19.1012,536,574,608,590
orf19.102,958,1040,566,496
orf19.1026,1673,1677,378,367
orf19.1026.1,115,116,40,41
orf19.1027,660,662,1275,1365
orf19.1028,294,312,198,204
orf19.1029,764,756,142,114
orf19.103,30,32,32,30
orf19.1030,20040,18997,430,496
orf19.1031,7248,7173,5260,5803
orf19.1032,771,800,967,968
orf19.1033,1214,1304,5634,6091
orf19.1034,109,110,744,791
orf19.1035,847,921,387,430
orf19.1036,2247,2373,2162,2306
orf19.1037,552,540,1414,1499
orf19.1039,429,459,351,319
orf19.104,45,83,86,87
orf19.1040,213,206,166,135
orf19.1041,508,506,365,387
orf19.1042,18525,19647,13106,13750
orf19.1043,348,301,241,261
orf19.1045,857,965,318,299
orf19.1047,9308,9121,495,536
orf19.1048,547,653,141,158
orf19.1049,111,151,123,159
orf19.105,1028,1051,2220,2315
orf19.1050,138,149,154,142
orf19.1051,14303,14765,12915,12802
orf19.1052,11941,12331,10588,10274
orf19.1053,840,810,732,769
orf19.1054,905,983,844,963
orf19.1055,3683,4013,4589,4745
orf19.1057,410,471,669,684
orf19.1058,1147,1209,1482,1418
orf19.1059,8532,8967,8854,8460
orf19.1060,16,21,9,28
orf19.1061,12763,13319,14158,13531
orf19.1062,10,16,4,11
orf19.1063,326,306,218,254
orf19.1064,20352,21099,30081,30955
orf19.1065,93605,97602,8010,8468
orf19.1066,103,100,132,165
orf19.1067,145,134,1883,1872
orf19.1069,1268,1428,1303,1297
orf19.107,3444,3285,333,386
orf19.1070,275,251,404,372
orf19.1075,418,454,647,648
orf19.1075.1,6,3,21,14
orf19.1077,582,641,3281,3339
orf19.1078,1410,1478,4620,4845
orf19.1080,79,64,61,76
orf19.1082,280,284,43,40
orf19.1082.1,3461,3577,2793,3011
orf19.1083,589,538,148,189
orf19.1084,5383,5558,3362,3937
orf19.1085,2316,2384,1981,2208
orf19.1086,3172,3707,1589,1891
orf19.1087,490,521,408,445
orf19.1089,398,411,347,396
orf19.109,944,964,917,944
orf19.1090,125,117,30,39
orf19.1091,2515,2599,113,115
orf19.1092,963,1036,982,1004
orf19.1093,2026,2617,1407,1845
orf19.1095,2296,2311,1430,1326
orf19.1096,708,805,727,723
orf19.1097,9614,9979,6841,8424
orf19.11,3,4,17,16
orf19.1105,25,19,37,23
orf19.1105.2,11623,14058,8193,8449
orf19.1105.3,6,4,3,2
orf19.1106,34,28,11,25
orf19.1107,255,280,958,915
orf19.1108,1267,1195,7498,7142
orf19.1109,716,740,376,372
orf19.111,769,741,1319,1370
orf19.1110,216,274,263,276
orf19.1111,867,850,843,956
orf19.1112,2032,2007,1712,1777
orf19.1113,96,88,170,189
orf19.1114,995,920,462,393
orf19.1115,2096,2197,781,852
orf19.1116,277,289,296,320
orf19.1117,25,34,9,12
orf19.1119,2368,2497,1502,1550
orf19.1120,78,83,112,127
orf19.1121,516,547,527,573
orf19.1122,1,5,7,3
orf19.1123,13,7,2,2
orf19.1124,151,137,118,95
orf19.1124.2,5413,5367,819,870
orf19.113,33,31,88,90
orf19.1133,2187,2339,1994,2314
orf19.1135,483,571,870,940
orf19.1136,66,54,93,98
orf19.1137,606,559,479,442
orf19.1139,3792,4052,2544,2777
orf19.114,197,243,215,197
orf19.1140,1221,1259,1231,1149
orf19.1142,600,553,622,664
orf19.1143,772,876,568,545
orf19.1144,4718,4521,4150,4534
orf19.1146,94,130,90,126
orf19.1148,1,1,34,28
orf19.1149,1995,1885,1580,1653
orf19.115,105,150,95,88
orf19.1150,516,582,956,919
orf19.1150.1,44,68,18,25
orf19.1152,3950,4226,3810,3911
orf19.1153,9537,9807,7220,7921
orf19.1154,10232,10291,6203,6171
orf19.1155,654,622,741,756
orf19.1156,7,6,25,20
orf19.1158,110,129,338,373
orf19.1159,386,423,1751,1692
orf19.1160,777,793,799,765
orf19.1161,5522,5807,7384,8494
orf19.1162,421,431,930,907
orf19.1162.1,46,41,35,33
orf19.1163,633,619,372,397
orf19.1164,12556,12308,1528,1554
orf19.1166,4800,4804,8057,8967
orf19.1167,46,43,40,33
orf19.1168,2296,2308,1005,1018
orf19.1169,313,328,287,284
orf19.117,934,997,1300,1323
orf19.1170,912,917,525,576
orf19.1171,20,24,13,5
orf19.1177,1985,2069,1520,1648
orf19.1178,72,66,126,111
orf19.1179,2683,2758,2084,2152
orf19.118,7998,8132,7058,7222
orf19.1180,1461,1486,1949,2162
orf19.1181,374,365,322,342
orf19.1182,703,724,872,813
orf19.1183,2898,3138,2851,3157
orf19.1185,1860,1912,1761,1854
orf19.1186,1106,1121,845,830
orf19.1187,1412,1525,3497,3882
orf19.1189,3566,3472,4615,4850
orf19.119,198,229,133,149
orf19.1190,1694,1815,4237,4586
orf19.1191,1576,1729,2348,2508
orf19.1192,1218,1340,880,925
orf19.1193,9171,9744,18629,19733
orf19.1195,1207,1359,1412,1464
orf19.1196,1124,1283,2503,2778
orf19.1198,253,306,376,361
orf19.1199,24440,24577,1915,2060
orf19.120,84,66,73,62
orf19.1200,646,633,266,285
orf19.1201,898,952,1039,965
orf19.1202,514,591,565,558
orf19.1203,1436,1530,2591,2852
orf19.1203.1,1016,1129,746,707
orf19.1204,752,826,1026,1087
orf19.1207,1,0,0,2
orf19.1208,285,330,461,433
orf19.121,234,203,309,394
orf19.1210,1371,1484,3099,3205
orf19.1212,3975,4115,3970,4136
orf19.1214,7312,7364,3499,3504
orf19.1215,99,65,46,51
orf19.1217,2005,1852,1110,1199
orf19.1219,311,310,220,190
orf19.122,1630,1731,1664,1715
orf19.1220,2979,2992,5005,5229
orf19.1221,1170,1200,926,1058
orf19.1223,1648,1792,1685,1722
orf19.1224,1322,1955,647,705
orf19.1225,210,199,280,282
orf19.1227,12,14,4,9
orf19.1228,624,656,360,434
orf19.1229,2772,2790,1818,2118
orf19.123,155,172,134,142
orf19.1232,7547,8426,3426,3736
orf19.1233,8559,8687,3603,3871
orf19.1234,393,457,598,519
orf19.1235,3119,3219,5356,5381
orf19.1236,1713,1658,1066,1142
orf19.1237,296,253,223,261
orf19.1238,758,832,811,849
orf19.1239,0,1,0,1
orf19.124,4284,4044,139,157
orf19.1240,2902,2754,2164,2485
orf19.1244,1945,1967,2333,2553
orf19.1246,5647,5671,7490,8231
orf19.1247,223,219,221,263
orf19.1248,3507,3530,3230,3240
orf19.1249,1035,1008,718,710
orf19.125,529,413,92,96
orf19.1250,2754,2831,387,432
orf19.1251,1423,1382,1024,1031
orf19.1252,3833,4256,4005,4196
orf19.1253,2568,2800,1663,1810
orf19.1254,8542,8734,6221,6522
orf19.1255,212,244,108,115
orf19.1257,1,4,2,5
orf19.1258,1306,1513,2415,2451
orf19.1259,3024,2878,2648,3013
orf19.1260,672,753,282,303
orf19.1261,1621,1555,991,996
orf19.1263,355,389,427,486
orf19.1264,31,30,28,32
orf19.1265,1935,1874,1232,1296
orf19.1266,127,130,248,271
orf19.1267,5193,5171,3081,3325
orf19.1267.1,243,245,249,185
orf19.1268,1,5,1,6
orf19.1270,82,97,88,92
orf19.1272,1065,1155,925,949
orf19.1273,1288,1243,628,616
orf19.1274,103,121,52,54
orf19.1275,272,336,1290,1527
orf19.1276,135,165,187,185
orf19.1277,48,56,358,419
orf19.1279,2153,2270,2925,2953
orf19.1280,2306,2397,985,1076
orf19.1281,511,573,266,232
orf19.1282,243,258,223,217
orf19.1283,1664,1613,1342,1614
orf19.1285,1289,1291,1850,2085
orf19.1286,6,5,1,1
orf19.1287,2866,3071,805,801
orf19.1288,335,432,645,810
orf19.1289,1659,1722,2201,2392
orf19.1290,650,648,2427,2721
orf19.1291,2596,2758,1719,1748
orf19.1295,13960,14124,37573,40668
orf19.1296,959,924,670,667
orf19.1297,229,264,532,591
orf19.1298,2398,2589,1234,1300
orf19.1299,1707,1734,1656,1694
orf19.130,671,667,924,1065
orf19.1300,1083,1122,537,551
orf19.1301,256,275,133,147
orf19.1302,8,4,7,1
orf19.1303,629,641,222,220
orf19.1304,1403,1418,250,263
orf19.1305,1446,1477,248,266
orf19.1306,1307,1189,376,325
orf19.1307,330,334,830,929
orf19.1308,1346,1322,1269,1386
orf19.1309,126,150,184,180
orf19.131,144,122,135,182
orf19.131.2,1331,1406,1326,1314
orf19.1310,287,283,289,270
orf19.1311,884,843,773,781
orf19.1313,557,568,319,315
orf19.1314,194,224,931,921
orf19.1317,2352,2372,2409,2511
orf19.1318,526,567,412,441
orf19.132,1617,1695,1926,1904
orf19.1321,4,6,5,4
orf19.1323,1431,1428,1347,1464
orf19.1324,1239,1187,1184,1211
orf19.1325,181,177,414,438
orf19.1326,624,606,583,631
orf19.1327,305,287,69,96
orf19.133,58,65,34,58
orf19.1330,91,105,401,391
orf19.1331,382,396,1726,1797
orf19.1332,748,770,1215,1197
orf19.1333,906,931,1008,1105
orf19.1334,679,665,972,1096
orf19.1335,7268,7371,914,982
orf19.1336,2290,2255,2309,2424
orf19.1336.2,156,195,96,112
orf19.1338,1282,1416,1946,1946
orf19.1339,8124,8322,11378,11548
orf19.134,61,62,63,85
orf19.1340,243,266,6180,6293
orf19.1341,94,108,922,979
orf19.1342,8678,8759,22760,23719
orf19.1343,1395,1396,1814,1924
orf19.1344,97,134,136,173
orf19.1345,350,414,637,670
orf19.1348,4,6,12,8
orf19.1349,0,0,1,3
orf19.135,894,894,1563,1624
orf19.1350,137,121,106,96
orf19.1351,350,357,227,228
orf19.1352,708,713,276,278
orf19.1353,0,1,4,10
orf19.1354,30,33,2040,1989
orf19.1355,2194,2212,1722,1798
orf19.1356,159,176,573,611
orf19.1357,4537,4572,2830,2892
orf19.1358,10320,11023,16226,16536
orf19.1359,1138,1271,1007,1135
orf19.136,514,485,743,771
orf19.1360,124,167,56,60
orf19.1360.1,40,44,38,45
orf19.1361,2394,2328,703,716
orf19.1362,1223,1204,77,79
orf19.1363,69,75,13,26
orf19.1364,625,639,2167,2342
orf19.1365,56,75,174,141
orf19.1366,23,16,18,35
orf19.1367,163,181,241,203
orf19.1367.1,356,367,196,223
orf19.1368,673,787,1245,1307
orf19.1369,125,165,205,260
orf19.137,346,376,816,805
orf19.1370,2,1,0,4
orf19.1371,463,462,475,495
orf19.1372,2195,2242,1687,1593
orf19.1373,580,638,1070,1211
orf19.1374,457,570,389,337
orf19.1375,5421,6043,11595,11916
orf19.1376,1640,1751,1237,1254
orf19.1377,338,339,670,604
orf19.1378,15341,15283,4912,5202
orf19.138,85,84,94,90
orf19.1381,308,323,3168,3163
orf19.1382,410,377,296,283
orf19.1383,847,922,807,771
orf19.1386,334,355,420,418
orf19.1387,971,932,1524,1694
orf19.1388,2800,2850,152,125
orf19.1389,3089,3180,3151,3200
orf19.139,4893,4786,2549,2964
orf19.1390,6368,6594,3663,3796
orf19.1391,220,221,201,223
orf19.1392,1350,1424,1298,1427
orf19.1393,623,631,367,405
orf19.1394,610,585,1118,1096
orf19.1395,1602,1751,2352,2433
orf19.1396,1285,1260,1350,1375
orf19.1397,327,327,238,282
orf19.1400,870,857,914,862
orf19.1401,454,451,362,392
orf19.1402,8044,8162,2783,2901
orf19.1403,1919,1914,705,618
orf19.1404,2511,2415,237,281
orf19.1405,477,461,376,359
orf19.1406,176,205,234,277
orf19.1409,770,804,465,551
orf19.1409.1,15005,15594,5422,5326
orf19.1409.2,53,64,13,12
orf19.1409.3,0,0,0,0
orf19.1411,72,49,56,89
orf19.1412,770,722,566,604
orf19.1413,327,353,471,516
orf19.1414,2366,2430,2752,2826
orf19.1415,10103,10247,3987,4335
orf19.1416,1475,1479,1077,973
orf19.1417,210,172,115,122
orf19.1418,1277,1350,1464,1482
orf19.1420,250,280,365,314
orf19.1421,143,160,134,145
orf19.1422,1678,1580,1498,1645
orf19.1424,337,347,492,519
orf19.1426,3153,3469,1922,2118
orf19.1427,726,740,519,556
orf19.1428,113,114,90,88
orf19.1429,186,216,121,105
orf19.1430,171,131,149,188
orf19.1433,135,126,749,740
orf19.1433.1,0,0,0,1
orf19.1434,902,890,684,749
orf19.1435,294425,295916,139480,143401
orf19.1438,9,8,5,6
orf19.1439,924,845,690,643
orf19.144,1954,2005,923,935
orf19.1440,759,769,561,540
orf19.1440.1,0,0,3,5
orf19.1440.2,15,13,26,31
orf19.1441,3116,3280,1611,1704
orf19.1442,1498,1574,4761,4858
orf19.1444,1711,2058,2085,2532
orf19.1445,1196,1249,727,814
orf19.1446,2975,3138,3367,3462
orf19.1447,832,933,578,615
orf19.1448,3726,3759,2147,2177
orf19.1448.1,228,248,227,163
orf19.1449,334,377,90,80
orf19.145,2006,2032,1049,992
orf19.1450,7,4,1,4
orf19.1451,1431,1468,1880,2123
orf19.1453,6220,6633,5949,6184
orf19.1456,143,140,112,116
orf19.1457,1269,1340,1165,1259
orf19.1458,496,521,199,283
orf19.1459,493,511,540,533
orf19.1460,3448,3419,4418,4686
orf19.1461,320,329,833,810
orf19.1462,1825,1822,3188,3256
orf19.1464,1256,1356,2022,2078
orf19.1465,104,95,56,41
orf19.1466,529,536,192,185
orf19.1467,3599,3695,2819,2766
orf19.1468,2280,2242,3900,4111
orf19.147,664,693,1312,1493
orf19.1470,44220,46413,21493,21392
orf19.1471,4898,4920,2396,2264
orf19.1473,351,347,860,819
orf19.1474,3495,3784,5848,6352
orf19.1476,6,13,12,11
orf19.1477,227,269,511,554
orf19.1478,6179,6341,4491,4869
orf19.1479,877,914,1120,1178
orf19.1480,3257,3381,2504,2505
orf19.1481,633,689,877,953
orf19.1482,58,62,123,100
orf19.1483,268,326,199,208
orf19.1484,173,159,110,127
orf19.1485,514,542,256,267
orf19.1486,277,342,81,83
orf19.1488,126,118,70,79
orf19.149,6,4,6,1
orf19.1490,1475,1577,1108,1339
orf19.1490.1,33,21,7,7
orf19.1491,823,802,427,438
orf19.1492,690,684,287,298
orf19.1493,1401,1384,1668,1770
orf19.1494,6984,7016,2832,2993
orf19.1495,578,569,315,321
orf19.1496,357,389,671,688
orf19.1497,166,165,296,330
orf19.1499,1656,1692,740,864
orf19.150,899,1031,451,449
orf19.1500,665,755,1251,1273
orf19.1502,173,180,417,441
orf19.1504,885,989,1924,1970
orf19.1505,863,861,542,616
orf19.1506,1,0,1,0
orf19.1507,1361,1427,585,661
orf19.1508,125,140,71,70
orf19.1509,2857,2911,2986,3025
orf19.151,929,880,483,487
orf19.1510,873,1006,2381,2584
orf19.1513,1270,1237,2074,2306
orf19.1514,2760,2970,2491,2491
orf19.1515,144,154,237,251
orf19.1516,1921,1931,2411,2555
orf19.1517,5525,5814,34691,34269
orf19.1519,1088,1089,960,1065
orf19.1522,2642,2560,2979,3092
orf19.1523,26,47,54,43
orf19.1524,1,2,2,4
orf19.1525,1095,1148,847,872
orf19.1526,4802,4931,3950,4645
orf19.1527,125,171,109,73
orf19.1528,1906,1920,468,465
orf19.1529,9,9,5,3
orf19.1530,1,1,1,3
orf19.1531,2145,2304,1304,1347
orf19.1532,378,442,269,301
orf19.1533,2686,2813,798,796
orf19.1534,432,407,707,716
orf19.1535,135,163,104,128
orf19.1536,3430,3118,2516,2823
orf19.1538,408,421,450,524
orf19.1539,19,24,13,17
orf19.154,874,828,82,86
orf19.1541,5,8,11,5
orf19.1542,1102,1050,1312,1329
orf19.1543,543,614,741,777
orf19.1544,1614,1634,2017,2124
orf19.1545,1037,1044,361,318
orf19.1546,858,898,657,668
orf19.1547,169,167,160,163
orf19.1548,212,202,152,141
orf19.1549,2728,2715,1154,1221
orf19.155,1160,1291,751,840
orf19.1551,565,705,312,346
orf19.1552,2713,2723,1627,1632
orf19.1553,6789,6989,4944,5216
orf19.1555,1945,2110,1460,1554
orf19.1557,174,180,135,146
orf19.1559,5023,5182,30588,30924
orf19.156,1230,1151,2023,2078
orf19.1560,4607,4851,4954,5142
orf19.1562,373,339,431,421
orf19.1563,1239,1154,1820,1811
orf19.1564,3902,4190,3155,3170
orf19.1565,1142,1189,1184,1328
orf19.1566,8748,8834,318,320
orf19.1567,962,965,1354,1364
orf19.1569,8788,8578,1283,1412
orf19.1570,1346,1415,4263,4558
orf19.1571,1,0,0,0
orf19.1573,3454,3287,1972,2091
orf19.1574,935,982,1171,1263
orf19.1575,4563,4564,494,517
orf19.1576,546,578,616,659
orf19.1577,16,10,4,6
orf19.1578,12992,12855,535,671
orf19.158,2153,2193,339,405
orf19.1580,32,30,127,131
orf19.1581,0,0,10,2
orf19.1582,145,160,114,145
orf19.1584,602,627,2845,2833
orf19.1585,831,927,3671,3832
orf19.1586,96,83,53,39
orf19.1587,48,63,182,176
orf19.1588,400,469,625,587
orf19.1589,742,820,153,170
orf19.1589.1,2248,2380,8621,8852
orf19.1590,286,327,296,258
orf19.1591,6057,5890,10237,10767
orf19.1592,357,388,357,373
orf19.1595,455,425,539,576
orf19.1596,285,275,1120,1114
orf19.1597,2574,2642,2725,2845
orf19.1598,1723,1644,4773,5070
orf19.1599,5,7,3,5
orf19.1600,920,1065,969,1070
orf19.1601,105608,103995,38422,40307
orf19.1604,1623,1503,1094,1251
orf19.1605,679,669,561,536
orf19.1606,586,651,443,450
orf19.1607,5968,6082,2112,2329
orf19.1608,65,61,98,132
orf19.1609,6129,6186,1008,995
orf19.1610,101,84,342,333
orf19.1611,19,21,36,56
orf19.1613,16373,16752,23445,24285
orf19.1614,1129,1105,1834,1858
orf19.1616,32,38,382,351
orf19.1617,197,192,325,317
orf19.1618,8739,8573,3678,3959
orf19.1618.1,58,64,41,45
orf19.1619,1951,1940,1998,2017
orf19.1620,3,5,3,3
orf19.1621,1601,1546,1545,1784
orf19.1622,1651,1796,1242,1315
orf19.1623,1329,1416,1378,1468
orf19.1624,2009,1896,1258,1415
orf19.1624.1,14,12,10,13
orf19.1625,1564,1584,1010,1004
orf19.1626,4537,4478,911,967
orf19.1628,2741,2777,5692,5850
orf19.163,1241,1287,503,477
orf19.1630,1680,1794,1587,1842
orf19.1631,3294,2793,16348,16939
orf19.1632,844,815,2132,2253
orf19.1633,7544,7462,323,340
orf19.1634,611,674,1232,1166
orf19.1635,43014,44302,17944,17260
orf19.1636,984,989,648,726
orf19.1637,824,933,1213,1198
orf19.1638,821,800,1267,1315
orf19.1639,31,29,22,34
orf19.164,102,119,914,1018
orf19.1641,32,51,37,30
orf19.1642,2092,2289,98,87
orf19.1643,2038,2028,902,884
orf19.1646,5825,5821,313,342
orf19.1647,35,30,28,39
orf19.1648,1660,1682,1285,1454
orf19.1649,4726,4663,2911,3043
orf19.1650,364,431,265,239
orf19.1651,4,2,10,12
orf19.1652,1656,1645,1326,1439
orf19.1653,230,230,1218,1140
orf19.1654,585,549,845,922
orf19.1655,25,33,77,70
orf19.1655.3,88,108,74,82
orf19.1656,685,707,614,619
orf19.1658,3845,4142,5150,5436
orf19.1659,825,792,855,860
orf19.166,1210,1316,1350,1510
orf19.1661,6094,6374,3348,3512
orf19.1662,2390,2297,656,709
orf19.1663,2668,2749,1790,1975
orf19.1664,373,461,645,621
orf19.1665,17554,19568,9586,10240
orf19.1666,1153,1140,724,879
orf19.1667,573,569,491,597
orf19.1667.1,215,185,90,96
orf19.1668,752,787,467,475
orf19.1669,3487,3654,2700,2896
orf19.1670,1209,1273,1606,1749
orf19.1671,5107,4989,3054,3119
orf19.1671.1,1,1,0,1
orf19.1672,7576,7673,6476,7407
orf19.1673,1812,1796,352,355
orf19.1674,2123,2127,2333,2536
orf19.1675,1017,1044,928,1003
orf19.1676,653,621,289,294
orf19.1677,1632,1722,1551,1568
orf19.1678,339,377,338,337
orf19.1679,4,3,2,2
orf19.168,1391,1340,231,239
orf19.1680,6296,6980,7361,8061
orf19.1681,135,164,182,172
orf19.1682,8057,8036,4637,4756
orf19.1683,1392,1509,2216,2381
orf19.1684,749,758,823,868
orf19.1685,319,382,337,381
orf19.1686,313,312,420,437
orf19.1687,6789,6871,413,429
orf19.169,2537,2655,424,465
orf19.1690,13125,13959,14361,15190
orf19.1691,96,80,41352,41197
orf19.1693,2843,2733,2566,2927
orf19.1697,5577,5747,1204,1171
orf19.1698,1015,946,1442,1573
orf19.1699,1097,1105,2042,1980
orf19.17,120,106,64,102
orf19.1700,25072,26059,8383,8335
orf19.1701,775,750,1121,1118
orf19.1702,863,862,891,906
orf19.1704,623,682,540,538
orf19.1706,1076,1058,1001,1038
orf19.1707,162,130,153,137
orf19.1708,895,951,33,32
orf19.1709,365,450,373,351
orf19.171,15348,14490,1602,1547
orf19.1710,2595,2554,1269,1302
orf19.1711,805,798,1268,1330
orf19.1712,2712,2786,1780,1960
orf19.1714,26,23,18,21
orf19.1715,1883,1811,2482,2604
orf19.1716,1809,1771,845,903
orf19.1717,206,215,124,152
orf19.1718,787,836,788,797
orf19.1719,283,268,261,281
orf19.172,1579,1613,81,118
orf19.1720,1621,1709,306,325
orf19.1721,5171,5583,703,698
orf19.1722,202,208,26,19
orf19.1723,334,309,886,877
orf19.1724,7,10,42,60
orf19.1725,286,317,490,545
orf19.1727,2078,2197,2126,2378
orf19.1728,8,5,14,18
orf19.1729,285,343,373,416
orf19.173,1021,1154,1848,2155
orf19.1730,1284,1292,1667,1643
orf19.1734,2285,2488,2203,2406
orf19.1735,160,186,94,114
orf19.1736,103,112,61,68
orf19.1737,22,17,25,23
orf19.1738,12500,12849,12247,12688
orf19.1738.1,664,777,423,461
orf19.1741,70,82,109,116
orf19.1742,1087,1217,479,627
orf19.1743,2475,2773,3694,3951
orf19.1744,620,661,316,351
orf19.1745,49,53,71,81
orf19.1746,151,142,202,219
orf19.1747,1067,1030,1096,1146
orf19.1748,185,186,160,182
orf19.175,539,594,624,656
orf19.1750,3242,3736,2606,2758
orf19.1751,2734,3022,2942,3086
orf19.1753,4564,4417,446,457
orf19.1754,815,849,1532,1492
orf19.1755,2035,2173,1121,1136
orf19.1756,1122,1178,1964,2241
orf19.1757,755,748,398,386
orf19.1759,1091,1148,804,794
orf19.176,55,59,446,475
orf19.1760,8943,9077,2880,3000
orf19.1761,419,451,411,399
orf19.1762,512,540,426,432
orf19.1763,46,66,108,141
orf19.1764,860,856,1062,973
orf19.1765,294,308,260,269
orf19.1766,6,2,12,9
orf19.1767,423,380,289,290
orf19.1768,117,99,77,85
orf19.1769,398,389,251,238
orf19.177,747,867,489,568
orf19.1770,2283,2447,2143,2240
orf19.1771,824,807,305,278
orf19.1772,1770,1746,215,201
orf19.1773,911,946,767,754
orf19.1774,4,2,18,33
orf19.1776,146,150,292,259
orf19.1777,2174,2292,3211,3531
orf19.1778,0,0,0,0
orf19.1779,22849,23668,20151,21762
orf19.178,345,309,351,404
orf19.1780,20,16,20,11
orf19.1782,2517,2541,2008,1968
orf19.1782.1,19,16,21,42
orf19.1783,1951,2113,1343,1646
orf19.1785,518,584,2554,2671
orf19.1789,536,553,338,303
orf19.1789.1,3389,3508,22518,23285
orf19.1791,3000,3090,239,217
orf19.1792,536,607,767,838
orf19.1793,330,350,374,395
orf19.1794,300,258,118,134
orf19.1795,890,1033,461,588
orf19.1795.1,57,53,76,66
orf19.1796,612,698,2179,2243
orf19.1797,455,555,209,175
orf19.1798,922,928,527,597
orf19.1799,2247,2151,3032,3159
orf19.18,24464,25275,2641,2899
orf19.1800,162,176,822,829
orf19.1801,2853,2914,3150,2972
orf19.1802,1871,1905,1268,1345
orf19.1803,410,383,234,218
orf19.1804,952,969,639,683
orf19.1805,1332,1312,1797,1986
orf19.1806,16,50,7,12
orf19.1808,924,917,930,973
orf19.1813,1417,1534,1503,1824
orf19.1814,2637,2685,3472,3845
orf19.1815,7276,7068,9291,9286
orf19.1816,1041,1057,1011,1135
orf19.182,1339,1373,465,426
orf19.1821,1,1,1,0
orf19.1822,51,48,3,6
orf19.1823,684,702,763,784
orf19.1824,0,1,4,0
orf19.1825,672,816,628,651
orf19.1826,550,609,261,280
orf19.1827,16,16,5,15
orf19.1828,402,377,283,275
orf19.183,627,630,664,754
orf19.1830,29,45,16,13
orf19.1831,1,1,0,0
orf19.1832,2166,2291,5340,5342
orf19.1833,20249,20071,1253,1365
orf19.1834,668,645,250,291
orf19.1835,2141,2174,1148,1162
orf19.1836,707,684,266,246
orf19.1837,3212,3289,2963,3143
orf19.1839,16990,16862,957,1002
orf19.184,547,466,473,444
orf19.1840,8843,9188,7792,8725
orf19.1841,156,115,121,130
orf19.1842,1747,1839,1780,2112
orf19.1843,836,840,934,991
orf19.1844,7,3,21,13
orf19.1847,259,329,4522,4708
orf19.1848.1,77,77,84,82
orf19.1849,1830,1866,590,580
orf19.185,1944,1841,807,797
orf19.1850,376,404,468,523
orf19.1852,1167,1246,836,838
orf19.1853,12629,13234,10687,10234
orf19.1854,8966,9562,8681,8275
orf19.1855,148,149,239,246
orf19.1856,734,765,697,721
orf19.1857,623,669,3713,3844
orf19.1860,10919,10882,2946,2920
orf19.1860.1,1412,1497,1905,1937
orf19.1861,525,581,1350,1369
orf19.1862,1617,1790,1401,1410
orf19.1863,20,8,17,17
orf19.1864,1994,2034,2232,2341
orf19.1865,2933,3014,4848,5126
orf19.1866,1268,1502,1079,1168
orf19.1867,147,150,673,661
orf19.1868,814,750,8423,8812
orf19.1871,2869,2694,2395,2773
orf19.1872,4882,4853,2399,2439
orf19.1873,1185,1249,754,776
orf19.1874,6,11,4,5
orf19.1876,1184,1146,727,779
orf19.1877,203,192,274,267
orf19.1878,541,507,557,586
orf19.188,3684,3933,2838,3009
orf19.1880,5629,5718,11392,11646
orf19.1881,1376,1414,2620,2667
orf19.1883,2369,2462,2134,2211
orf19.1885,1125,1068,1534,1479
orf19.1886,4707,4325,468,531
orf19.1887,750,702,2724,2924
orf19.1888,295,336,283,278
orf19.1889,2580,2613,1982,2028
orf19.1890,666,631,1637,1725
orf19.1891,10504,10703,13541,13762
orf19.1893,1634,1753,2284,2418
orf19.1896,29215,29159,10681,11200
orf19.1897,715,710,766,763
orf19.190,685,789,507,589
orf19.1900,1527,1411,505,508
orf19.1901,4541,4640,2064,2273
orf19.1902,3945,3675,229,255
orf19.1906,39,47,12,32
orf19.1907,3545,3481,2735,2963
orf19.191,1409,1421,1447,1603
orf19.1910,535,547,359,383
orf19.1911,4511,4636,4160,4333
orf19.1913,895,907,531,532
orf19.1914,549,574,462,530
orf19.1915,9521,9473,661,627
orf19.1917,4329,4750,5984,6190
orf19.192,326,363,429,490
orf19.1920,3,3,0,0
orf19.1923,4493,4442,394,449
orf19.1925,561,736,689,798
orf19.1926,893,910,315,344
orf19.1927,411,407,66,79
orf19.193,64,65,56,77
orf19.1930,0,2,2,6
orf19.1932,8,9,12,9
orf19.1933,794,761,953,934
orf19.1934,1579,1639,1322,1429
orf19.1935,1,2,4,1
orf19.1936,3562,3679,5027,5397
orf19.1938,211,206,172,141
orf19.1939,139,145,229,218
orf19.194,936,893,596,590
orf19.1940,701,753,1299,1243
orf19.1941,583,611,685,738
orf19.1942,743,723,508,517
orf19.1943,33,38,22,40
orf19.1944,826,843,982,1022
orf19.1945,703,813,607,704
orf19.1946,3147,3281,2313,2252
orf19.1948,885,948,1223,1330
orf19.1949,4683,4898,4049,4243
orf19.1950,103,112,130,155
orf19.1953,1131,1074,615,702
orf19.1954,2473,2305,654,692
orf19.1955,122,116,78,92
orf19.1956,3555,3421,1401,1467
orf19.1957,1352,1359,344,382
orf19.1958,0,0,0,0
orf19.1959,1295,1301,417,422
orf19.1960,575,581,915,980
orf19.1961,2387,2417,1121,1203
orf19.1963,5053,5421,2144,2392
orf19.1964,923,949,1025,1173
orf19.1966,1426,1411,133,128
orf19.1967,1378,1418,677,638
orf19.1968,61,59,35,25
orf19.1968.1,103,95,36,35
orf19.1969,831,954,363,376
orf19.1970,1303,1348,1255,1195
orf19.1971,2350,2360,659,648
orf19.1972,1571,1624,972,985
orf19.1973,909,965,736,924
orf19.1974,7426,8149,7061,7090
orf19.1975,435,461,293,265
orf19.1976,30,38,33,36
orf19.1977,2716,2663,1287,1372
orf19.1978,327,373,433,471
orf19.1979,20004,19613,4195,4467
orf19.198,10977,11385,80385,83182
orf19.1980,57,56,87,77
orf19.1981,208,222,202,194
orf19.1985,70,79,480,432
orf19.1986,6590,6658,14863,14848
orf19.1988,1015,1084,822,856
orf19.1989,3340,3685,3360,3796
orf19.199,1139,1191,1011,1151
orf19.1990,638,650,866,957
orf19.1991,2579,2675,3146,3228
orf19.1992,378,415,211,238
orf19.1993,1351,1232,1091,1168
orf19.1994,674,728,996,983
orf19.1995,905,927,1609,1710
orf19.1996,3041,3385,24213,24804
orf19.1998,803,717,1561,1498
orf19.1999,336,343,673,757
orf19.20,2289,2459,4574,4849
orf19.200,2245,2224,2137,2168
orf19.2000,797,878,533,517
orf19.2001,234,208,175,199
orf19.2002,3671,3602,2102,2253
orf19.2003,2499,2851,1302,1325
orf19.2005,2478,2871,2728,2935
orf19.2006,220,180,228,191
orf19.2006.1,21,38,23,36
orf19.2007,1994,2060,2043,2197
orf19.2008,2546,2583,1028,1062
orf19.2009,420,462,750,708
orf19.201,112,107,247,211
orf19.2010,2,0,1,1
orf19.2012,3131,3442,1784,1858
orf19.2013,44770,48888,11206,11997
orf19.2014,4257,4450,5463,6001
orf19.2016,345,339,579,607
orf19.2017,6154,5972,484,470
orf19.2018,300,338,63,45
orf19.2018.1,27,41,68,74
orf19.2018.2,65,90,11,8
orf19.2019,2038,1962,1178,1147
orf19.202,7200,7415,5201,5649
orf19.2020,322,388,3598,3674
orf19.2021,10895,11782,5811,5827
orf19.2023,7851,8729,70448,75487
orf19.2024,0,1,1,4
orf19.2025,1,0,0,0
orf19.2026,1050,1012,2105,2069
orf19.2028,434,441,2698,2432
orf19.2029,1484,1439,1084,1076
orf19.203,317,377,1113,1223
orf19.2030,243,256,520,472
orf19.2031,358,407,484,533
orf19.2032,132,158,176,174
orf19.2033,7,4,10,19
orf19.2034,0,0,0,0
orf19.2035,31,32,22,21
orf19.2036,741,825,458,437
orf19.2037,485,512,430,469
orf19.2038,33,40,35,29
orf19.2039,1379,1499,1006,1021
orf19.204,152,148,120,152
orf19.2040,1379,1458,825,865
orf19.2041,2172,2288,2081,2102
orf19.2042,902,829,616,609
orf19.2043,746,711,384,409
orf19.2044,372,359,594,623
orf19.2045,2912,2873,789,812
orf19.2046,162,166,1073,1124
orf19.2047,126,98,644,619
orf19.2048,67,80,133,146
orf19.2049,59,70,87,97
orf19.2050,524,632,2487,2664
orf19.2051,1723,1685,1155,1221
orf19.2054,770,750,515,516
orf19.2055,3150,3280,2653,2758
orf19.2057,3136,3016,2489,2641
orf19.2059,282,279,76,64
orf19.206,664,721,755,831
orf19.2060,74,95,61,74
orf19.2061,0,3,2,2
orf19.2062,81,100,194,215
orf19.2063,1355,1394,997,1084
orf19.2064,334,361,595,606
orf19.2065,402,450,469,531
orf19.2066,418,425,154,147
orf19.2066.1,783,1015,610,601
orf19.2067,845,901,398,445
orf19.2068,777,769,844,895
orf19.2069,1853,1772,2090,2040
orf19.207,527,591,382,400
orf19.2070,2850,2852,2484,2526
orf19.2071,2,1,1,0
orf19.2072,136,143,200,249
orf19.2073,1099,1033,1143,1127
orf19.2074,1,0,1,2
orf19.2075,1277,1439,2078,2191
orf19.2076,155,165,279,282
orf19.2077,868,889,686,846
orf19.2078,1001,1051,1394,1465
orf19.2079,164,194,154,163
orf19.2081,3665,3583,2578,2630
orf19.2082,35,40,36,53
orf19.2084,1248,1286,1427,1493
orf19.2087,603,654,395,362
orf19.2088,1207,1311,1121,1125
orf19.2089,314,311,406,436
orf19.209,319,309,392,371
orf19.2090,6489,6560,330,427
orf19.2091,4232,4259,1944,2087
orf19.2092,1413,1486,7148,7189
orf19.2093,5981,6415,4437,4792
orf19.2094,1102,1201,1381,1429
orf19.2095,5182,5172,2805,2971
orf19.2097,1154,1231,1958,1983
orf19.2098,5703,5650,90975,94365
orf19.2099,1295,1310,1003,1044
orf19.21,85,85,185,201
orf19.210,310,285,376,333
orf19.2101,1357,1435,1688,1407
orf19.2102,2350,2419,1355,1391
orf19.2103,2,2,0,0
orf19.2104,263,286,353,420
orf19.2105,274,243,213,234
orf19.2106,537,575,710,737
orf19.2107,999,1005,2220,2261
orf19.2107.1,15,30,2634,2544
orf19.2108,179,167,284,286
orf19.211,71,88,165,167
orf19.2110,836,862,758,907
orf19.2111,1413,1335,1298,1393
orf19.2111.2,10393,11246,4056,4150
orf19.2112,705,757,437,376
orf19.2113,2847,2892,2163,2234
orf19.2114,698,861,380,401
orf19.2115,7538,7181,749,788
orf19.2116,1300,1241,1926,2001
orf19.2117,1321,1312,556,546
orf19.2119,7145,7416,2474,3018
orf19.212,214,223,287,233
orf19.2123,41,38,63,68
orf19.2124,577,535,845,879
orf19.2125,2878,3122,3363,3372
orf19.2127,153,165,192,221
orf19.2128,1467,1493,758,763
orf19.2129,748,760,697,767
orf19.213,1939,2096,2175,2128
orf19.2131,1093,1146,3111,3190
orf19.2132,813,808,1691,1605
orf19.2133,115,156,234,245
orf19.2135,2305,2397,2212,2434
orf19.2137,462,454,973,998
orf19.2138,18610,18428,38254,42980
orf19.2143,7592,7064,691,698
orf19.2146,2438,2445,1918,2110
orf19.2149,1593,1661,2407,2539
orf19.215,667,730,1007,1081
orf19.2150,7098,7347,5101,5143
orf19.2151,4014,3941,3659,3891
orf19.2154,1500,1606,1739,1883
orf19.2156,498,442,339,308
orf19.2157,275,303,364,380
orf19.2158,676,540,571,572
orf19.216,540,554,815,868
orf19.216.1,300,314,222,223
orf19.2160,5,3,8,9
orf19.2163,5857,5700,7630,8215
orf19.2164.1,0,0,0,0
orf19.2165,2708,2709,328,332
orf19.2166,1698,1639,2281,2319
orf19.2167,4781,4768,372,354
orf19.2168,28,19,45,55
orf19.2168.3,6550,6764,4235,4372
orf19.2169,3,4,21,18
orf19.217,9,7,10,4
orf19.2170,10102,10356,8499,9411
orf19.2172,1612,1686,2184,2309
orf19.2173,298,339,1238,1297
orf19.2174,488,444,664,716
orf19.2175,910,882,763,806
orf19.2176,217,225,196,183
orf19.2177,74,75,46,34
orf19.2178,1733,1784,1076,1161
orf19.2178.1,49,44,84,78
orf19.2179,1194,1202,707,721
orf19.2179.2,24797,25800,10749,10747
orf19.218,5,8,2,2
orf19.2180,1203,1221,915,946
orf19.2181,693,724,511,557
orf19.2182,2927,3218,2549,2909
orf19.2183,25528,24275,3090,3333
orf19.2184,672,739,1064,1139
orf19.2185,4434,4072,139,151
orf19.2186,1491,1372,1469,1610
orf19.2187,1963,2021,1815,1864
orf19.2190,1071,1226,1894,2293
orf19.2191,887,871,274,248
orf19.2191.1,250,254,91,114
orf19.2192,403,471,1228,1298
orf19.2193,4552,4509,718,818
orf19.2194,520,553,677,711
orf19.2195,0,0,0,0
orf19.2196,568,624,1641,1626
orf19.2197,6,2,1,2
orf19.2198,1847,1826,801,863
orf19.2199,3405,3350,570,614
orf19.22,364,386,69,83
orf19.22.1,4,0,2,1
orf19.220,3283,3541,6180,6625
orf19.2200,2139,2120,1311,1430
orf19.2201,296,321,119,139
orf19.2202,90,104,123,114
orf19.2203,1,0,0,0
orf19.2203.1,9,8,9,19
orf19.2204,524,494,2313,2475
orf19.2204.2,408,402,638,654
orf19.2208,6699,6934,4352,5030
orf19.2209,4643,4617,4562,4939
orf19.2210,333,382,439,452
orf19.2211,1,4,4,2
orf19.2212,63,58,34,48
orf19.2213,293,317,249,259
orf19.2214,2632,2782,896,971
orf19.2215,2004,2032,1544,1684
orf19.2216,2135,2231,1697,1789
orf19.2219,2013,2134,2197,2269
orf19.2220,0,0,1,0
orf19.2222,1087,1143,1148,1250
orf19.2227,255,235,399,359
orf19.2228,531,552,785,783
orf19.2229,349,387,342,415
orf19.223,1117,1166,2719,2871
orf19.2230,120,156,84,75
orf19.2231,479,457,266,235
orf19.2232,34780,34717,14068,13304
orf19.2233,3022,3180,3016,2906
orf19.2236,3368,3275,2048,2266
orf19.2237,13,14,31,36
orf19.2237.1,604,609,72,74
orf19.2238,1948,2044,1337,1461
orf19.2241,2017,2250,1385,1447
orf19.2242,387,434,4329,4374
orf19.2244,784,847,1140,1032
orf19.2245,872,851,1042,1059
orf19.2246,2283,2274,1059,1109
orf19.2247,28,11,1,1
orf19.2248,809,877,1438,1611
orf19.2249,645,722,367,395
orf19.225,622,666,1432,1374
orf19.2250,5808,5895,1367,1406
orf19.2251,862,744,87,96
orf19.2252,1,1,1,0
orf19.2253,66,64,50,59
orf19.2256,1705,1638,423,465
orf19.2257,4669,4822,4085,4242
orf19.2258,411,383,178,195
orf19.2259,2144,2127,1134,1009
orf19.2260,1050,1060,510,514
orf19.2261,460,472,673,684
orf19.2262,277,312,588,615
orf19.2263,429,469,909,847
orf19.2264,1552,1526,886,908
orf19.2265,2533,2555,2496,2800
orf19.2266,1405,1293,969,1032
orf19.2267,2544,2573,1637,1667
orf19.2268,4997,5213,5067,5479
orf19.2269,1246,1310,4780,4845
orf19.227,1146,1212,1136,1177
orf19.2270,1356,1407,1307,1294
orf19.2272,793,759,641,764
orf19.2274,66,69,72,80
orf19.2275,3285,3058,1103,1141
orf19.2276,381,422,340,350
orf19.2277,1997,2115,3785,3961
orf19.2278,1455,1540,1763,1828
orf19.2280,550,512,586,707
orf19.2281,111,163,141,138
orf19.2282,51,44,105,87
orf19.2283,692,705,3887,3796
orf19.2284,371,429,4055,4256
orf19.2285,66,77,55,62
orf19.2286,5815,5622,2297,2252
orf19.2287,954,1023,61,54
orf19.2288,10349,10787,3588,3790
orf19.2289,3789,3761,5313,5428
orf19.229,566,627,904,946
orf19.2290,2968,3156,3668,4363
orf19.2296,21444,22348,15647,18553
orf19.2297,689,701,625,673
orf19.2298,4818,4613,3853,3990
orf19.2299,663,772,109,119
orf19.23,1433,1372,527,586
orf19.230,460,461,222,261
orf19.2301,512,527,576,583
orf19.2302,908,970,1465,1535
orf19.2303,162,205,132,145
orf19.2304,1523,1607,1782,1804
orf19.2305,460,542,257,244
orf19.2306,477,500,381,350
orf19.2307,1442,1417,1081,1071
orf19.2308,641,738,1188,1223
orf19.2309,1959,1802,312,360
orf19.2309.2,88017,89059,37915,37067
orf19.231,2193,2292,2140,2244
orf19.2310,57,50,14,7
orf19.2310.1,8643,9424,3684,3649
orf19.2311,11035,11167,2486,2455
orf19.2312,409,464,361,338
orf19.2313,494,446,700,695
orf19.2314,1350,1447,148,119
orf19.2315,1494,1537,1198,1278
orf19.2317,11,8,5,0
orf19.2318.1,774,796,427,405
orf19.2319,6265,6239,443,464
orf19.232,322,343,256,244
orf19.2320,2919,3021,236,268
orf19.2322.3,3030,3234,2484,2476
orf19.2324,1509,1516,638,668
orf19.2325,514,477,574,596
orf19.2326,1019,1062,718,685
orf19.2328,1357,1272,1296,1244
orf19.2329.1,27071,28715,12299,12413
orf19.233.1,458,449,371,390
orf19.2330,4585,4528,369,348
orf19.2331,1326,1390,1090,1173
orf19.2332,9,4,10,5
orf19.2333,1027,1057,3741,3871
orf19.2334,381,441,473,539
orf19.2335,1213,1218,2804,2880
orf19.2336,6,3,6,2
orf19.2337,399,391,3809,3775
orf19.234,558,530,272,310
orf19.2340,20234,21570,15165,16478
orf19.2341,862,819,868,944
orf19.2342,301,316,389,410
orf19.2343,539,563,613,663
orf19.2343.1,436,485,564,520
orf19.2344,15039,16797,1725,1886
orf19.2346,830,920,1101,1111
orf19.2347,3102,3178,1740,1761
orf19.2350,240,276,381,392
orf19.2351,641,719,7401,7162
orf19.2352,1164,1075,796,776
orf19.2356,1336,1337,1307,1352
orf19.236,30674,31398,13988,14284
orf19.2360,28679,29303,8112,9588
orf19.2361,528,539,676,621
orf19.2362,1261,1354,140,132
orf19.2363,1559,1491,995,1096
orf19.2364,15893,18689,32363,37149
orf19.2365,2538,2665,1996,2168
orf19.2366,17,11,12,39
orf19.2367,143,126,110,140
orf19.2368,897,852,602,640
orf19.2369,865,871,780,747
orf19.2369.1,129,140,258,263
orf19.2370,257,282,433,465
orf19.2371,2321,2323,4622,4643
orf19.2372,6115,5752,6823,8032
orf19.2376,43,47,23,41
orf19.2378,442,467,312,352
orf19.2379,2588,2603,2448,2551
orf19.238,20546,21610,13983,14880
orf19.2381,547,568,694,698
orf19.2382,1523,1472,1058,1169
orf19.2383,603,615,772,815
orf19.2384,932,896,206,233
orf19.2385,1927,1806,169,182
orf19.2386,2165,2173,175,203
orf19.2387,1524,1566,847,853
orf19.2389,626,600,540,557
orf19.239,4720,4613,3453,3787
orf19.2391,475,519,668,657
orf19.2392,0,0,2,0
orf19.2393,1527,1536,1405,1322
orf19.2394,10,10,30,42
orf19.2395,16,11,44,38
orf19.2396,828,895,1389,1458
orf19.2397,130,124,23848,24445
orf19.2397.3,112,112,272,356
orf19.2398,192,197,326,352
orf19.2399,689,769,504,521
orf19.24,662,648,774,787
orf19.240,1404,1458,538,545
orf19.2400,1003,1036,1595,1722
orf19.2401,131,142,200,203
orf19.2402,743,718,513,516
orf19.2404,2093,1956,452,501
orf19.2406,741,794,631,654
orf19.2407,12832,12985,19170,20138
orf19.2408,349,424,281,278
orf19.2410,1326,1460,1404,1554
orf19.2411,122,148,297,321
orf19.2412,161,166,202,218
orf19.2414,565,615,708,682
orf19.2415,684,782,499,511
orf19.2416.1,1467,1638,1618,1479
orf19.2417,1957,1993,1234,1464
orf19.2418,409,375,262,257
orf19.2419,1419,1514,1184,1176
orf19.242,75,118,109,115
orf19.242.2,91,108,52,57
orf19.2422,9620,9417,7727,8102
orf19.2423,799,773,1125,1135
orf19.2425,728,726,1614,1608
orf19.2426,894,923,774,830
orf19.2429,34,53,64,84
orf19.243,404,427,789,759
orf19.2430,4,2,2,4
orf19.2431,15,17,2,5
orf19.2432,730,773,640,667
orf19.2433,69,58,78,69
orf19.2434,796,908,989,1047
orf19.2435,36589,36088,7077,7410
orf19.2436,1862,1951,798,885
orf19.2437,1065,1135,1917,1943
orf19.2438,1181,1127,622,566
orf19.2439,1077,1148,558,572
orf19.2439.1,1642,1772,1186,1182
orf19.244,331,346,309,271
orf19.2440,430,472,479,465
orf19.2442,184,201,173,188
orf19.2443,1108,1183,1720,1773
orf19.2444,1609,1711,1061,1065
orf19.2445,42,35,75,90
orf19.2446,266,273,2387,2426
orf19.2447,1043,1124,839,903
orf19.2449,2,5,3,2
orf19.245,349,350,336,291
orf19.2451,1402,1341,2875,3037
orf19.2452,909,977,1142,1127
orf19.2454,3539,3689,2783,2961
orf19.2455,897,947,1133,1270
orf19.2457,48,34,9,10
orf19.2458,393,456,1225,1127
orf19.2459,1575,1611,838,977
orf19.246,165,155,305,296
orf19.2460,9,3,1,2
orf19.2461,1505,1667,584,557
orf19.2462,320,303,117,128
orf19.2463,258,309,287,270
orf19.2465,1754,1849,1247,1235
orf19.2467,527,549,149,131
orf19.2468,1234,1571,5,5
orf19.2469,310,294,309,296
orf19.247,181,153,266,258
orf19.2471,1307,1334,556,591
orf19.2472,284,286,200,198
orf19.2472.1,249,251,172,150
orf19.2473,1914,1949,1763,1764
orf19.2474,1574,1587,2565,2606
orf19.2475,23,24,31,16
orf19.2476,1921,1986,1502,1757
orf19.2478,309,332,273,279
orf19.2478.1,40800,41730,11353,11719
orf19.2479,136,132,43,45
orf19.248,1932,2118,2384,2560
orf19.2480.1,114,151,2389,2356
orf19.2481,2,0,42,35
orf19.2483,1404,1515,1721,1707
orf19.2484,2268,2366,3911,4094
orf19.2485,6460,6345,3416,3742
orf19.2487,812,777,174,185
orf19.2488,1777,1771,231,238
orf19.2489,24721,25062,2112,2436
orf19.2492,210,196,224,203
orf19.2494,838,780,676,699
orf19.2495,542,578,616,653
orf19.2496,296,409,652,677
orf19.2498,949,988,2197,2355
orf19.2499,555,610,302,282
orf19.25,1845,1863,470,417
orf19.250,1900,1955,1226,1301
orf19.2500,521,520,286,311
orf19.2501,2148,2623,1036,1280
orf19.2503,10,6,13,5
orf19.2504,11734,11690,577,577
orf19.2505,0,0,0,3
orf19.2506,729,774,731,845
orf19.2507,2140,2175,1820,1781
orf19.2508,44,40,44,38
orf19.2509,0,0,0,0
orf19.2509.1,0,1,4,2
orf19.251,19721,22045,2623,2586
orf19.2510,459,505,710,726
orf19.2511.1,362,370,163,169
orf19.2511.2,79,128,40,47
orf19.2512,757,822,890,856
orf19.2513,276,202,112,104
orf19.2514,631,611,379,392
orf19.2515,61,72,705,811
orf19.2516,541,663,738,767
orf19.2517,14,31,114,111
orf19.2518,1656,1644,1811,1811
orf19.2519,190,253,276,282
orf19.252,472,513,490,456
orf19.2520,2933,2861,1089,978
orf19.2521,1561,1609,1111,1147
orf19.2524,1730,1934,1168,1105
orf19.2525,3455,3687,30501,31176
orf19.2527,2668,2670,186,167
orf19.2528,2091,2111,1443,1612
orf19.2529,106,141,844,772
orf19.2529.1,75,81,726,723
orf19.2530,0,2,2,1
orf19.2531,16239,17825,10423,10864
orf19.2532,605,646,774,845
orf19.2533.1,1722,1850,1346,1350
orf19.2534,1825,1929,2273,2398
orf19.2537,29,18,7,7
orf19.2538,6333,6571,2721,3041
orf19.2539,6,10,0,2
orf19.254,792,680,977,1070
orf19.2540,1009,981,858,862
orf19.2541,740,740,265,264
orf19.2542,245,272,130,135
orf19.2544,636,693,340,315
orf19.2545,1874,1938,1045,1122
orf19.2546,3535,3484,7472,7568
orf19.2547,1011,1034,196,218
orf19.2549,3031,3316,5767,5927
orf19.255,559,524,728,731
orf19.2551,35402,38992,52842,60703
orf19.2552,114,115,466,404
orf19.2553,77,108,120,115
orf19.2555,1855,1757,502,519
orf19.2557,1857,1934,1424,1555
orf19.2558,444,512,531,552
orf19.2559,3025,3103,2870,3064
orf19.2560,15283,15012,24130,26144
orf19.2563,2015,2081,731,858
orf19.2564,997,1020,104,107
orf19.2565,499,503,1135,1132
orf19.2568,762,776,3038,3135
orf19.257,6,1,4,6
orf19.2570,1604,1697,882,949
orf19.2571,3069,3183,2285,2454
orf19.2573,12649,12719,11321,11408
orf19.2574,1879,1981,2218,2288
orf19.2575,2412,2351,219,202
orf19.2579,598,531,627,602
orf19.258,6,18,15,13
orf19.2580,186,179,184,212
orf19.2581,80,95,65,71
orf19.2582,3228,3520,2472,2626
orf19.2583,2,10,5,4
orf19.2583.1,0,3,1,3
orf19.2583.2,0,0,8,6
orf19.2584,39,58,641,694
orf19.2585,0,0,1,0
orf19.2587,82,77,16188,18303
orf19.259,483,470,122,145
orf19.2590,15,18,2784,2807
orf19.2591,48,40,7254,7599
orf19.2593,2842,2409,27072,27276
orf19.2594,4028,4190,854,861
orf19.2597,498,457,605,607
orf19.2598,3422,3655,5714,5926
orf19.2599,1698,1860,2609,2873
orf19.26,745,817,902,948
orf19.260,1087,997,4546,4835
orf19.2600,946,914,697,751
orf19.2601,3952,3768,1344,1496
orf19.2602,125,110,2057,2186
orf19.2604,1149,1145,156,131
orf19.2605,2038,2071,2383,2617
orf19.2606,2339,2205,2096,2279
orf19.2607,398,355,5733,5679
orf19.2608,980,1022,8502,9142
orf19.2609,2863,2964,1999,2043
orf19.261,1584,1616,1486,1526
orf19.2610,375,386,435,428
orf19.2611,3045,3283,2056,2105
orf19.2612,227,217,181,194
orf19.2613,5243,5351,11037,11208
orf19.2614,2059,2096,3124,3171
orf19.2615,1220,1222,1792,1801
orf19.2616,952,973,1696,1848
orf19.2618,1364,1552,6475,6929
orf19.2619,1941,1734,431,434
orf19.262,1521,1635,969,1068
orf19.2620,2,0,19,30
orf19.2621,328,359,168,146
orf19.2622,2307,2378,2499,2539
orf19.2623,876,1001,1346,1429
orf19.2624,1,4,2,2
orf19.2625,0,0,0,0
orf19.2629,3260,3270,1952,2221
orf19.263.1,300,356,209,222
orf19.2630,432,433,281,266
orf19.2631,1997,1940,384,446
orf19.2633,619,744,1535,1586
orf19.2633.1,27,35,836,810
orf19.2637,452,456,404,375
orf19.2638,51,45,11,26
orf19.2638.1,311,369,169,189
orf19.2639,1088,1204,433,428
orf19.2639.1,921,1038,619,697
orf19.264,332,277,276,271
orf19.2640,2284,2270,715,752
orf19.2641,395,416,467,481
orf19.2642,96,80,81,102
orf19.2643,2280,2317,414,424
orf19.2644,8843,8869,4141,4257
orf19.2645,0,0,0,1
orf19.2646,885,892,796,944
orf19.2647,121,136,149,137
orf19.2649,570,665,401,496
orf19.265,12,3,360,325
orf19.2650,705,704,906,901
orf19.2650.1,524,546,203,219
orf19.2651,13695,13917,4510,4627
orf19.2652,14,30,55,42
orf19.2653,464,569,550,575
orf19.2654,2064,2192,242,247
orf19.2655,272,332,980,1068
orf19.2657,619,658,517,504
orf19.2660,482,484,423,434
orf19.2661,2134,2509,2536,2806
orf19.2662,24,33,47,44
orf19.2663,947,971,961,1041
orf19.2664,2029,2264,2923,3154
orf19.2665,3013,3050,3968,4260
orf19.2667,3742,3581,227,257
orf19.2668,1312,1247,852,927
orf19.2669,2722,2513,1632,1889
orf19.267,2252,2192,2061,2185
orf19.2670,400,376,733,785
orf19.2671,352,373,737,620
orf19.2672,3280,3395,7410,8186
orf19.2673,815,904,333,309
orf19.2674,75,84,86,89
orf19.2675,1729,1758,957,1083
orf19.2676,827,814,231,204
orf19.2677,1953,1994,1984,1988
orf19.2678,1917,1964,1978,2109
orf19.268,398,374,782,782
orf19.2680,2181,2209,2257,2461
orf19.2681,99,89,31,24
orf19.2682,1247,1328,1301,1205
orf19.2684,2256,2366,1815,1809
orf19.2685,633,1160,448,610
orf19.2686,2740,2734,3958,4025
orf19.2687.1,424,415,137,126
orf19.2688,5787,5604,382,444
orf19.269,13992,13937,5044,5261
orf19.2690,1630,1733,1678,1831
orf19.2691,125,107,386,394
orf19.2693,993,1227,726,670
orf19.2694,9639,9691,4085,4107
orf19.2695,4068,3796,3027,3552
orf19.2697,2255,2282,1429,1604
orf19.2698,241,243,197,220
orf19.2699,4634,4946,8940,9581
orf19.27,211,214,400,432
orf19.270,13,12,5,1
orf19.2701,35,57,99,76
orf19.2703,832,896,1267,1258
orf19.2704,0,0,0,0
orf19.2706,1157,1478,928,1041
orf19.2707.1,652,788,355,371
orf19.2708,1328,1326,526,482
orf19.2709,16313,15595,2924,3125
orf19.271,1,2,2,0
orf19.2710,532,569,1473,1458
orf19.2711,4630,4492,977,1081
orf19.2711.1,498,469,358,410
orf19.2712,6960,6969,337,381
orf19.2713,1,10,4,7
orf19.2715,2029,1919,442,412
orf19.2717,5067,5100,311,351
orf19.272,921,941,649,705
orf19.2720,7534,7552,2829,2894
orf19.2721,569,592,420,395
orf19.2722,571,533,729,662
orf19.2723,268,299,56,55
orf19.2724,2757,3129,1664,1851
orf19.2725,1,0,0,0
orf19.2726,1201,1225,866,873
orf19.2727,2417,2508,1433,1484
orf19.2728,482,511,536,501
orf19.273,1274,1310,920,999
orf19.2730,880,857,1482,1543
orf19.2731,199,184,152,140
orf19.2733,379,396,413,405
orf19.2734,34,37,25,29
orf19.2735,2158,2040,191,185
orf19.2736,969,1066,462,441
orf19.2737,4166,4276,4767,5133
orf19.2738,32,29,152,186
orf19.2739,1278,1371,1227,1291
orf19.274,1413,1477,1336,1467
orf19.2740,1176,1301,883,959
orf19.2742,188,147,133,127
orf19.2743,422,464,631,621
orf19.2745,55,59,83,64
orf19.2746,5730,6143,3094,3187
orf19.2747,248,278,312,461
orf19.2748,475,515,398,392
orf19.2749,448,417,460,510
orf19.275,228,229,56,71
orf19.2751,703,701,708,784
orf19.2752,1069,1148,753,788
orf19.2753,761,824,580,669
orf19.2754,202,229,98,94
orf19.2755,2085,2213,1960,2013
orf19.2756,555,565,651,714
orf19.2757,402,339,382,362
orf19.2758,5765,6058,5657,5653
orf19.276,580,567,2686,2606
orf19.2760,2304,2310,1327,1440
orf19.2761,371,425,481,464
orf19.2762,5586,6576,15077,14947
orf19.2763,616,616,685,758
orf19.2765,49510,53830,40717,44277
orf19.2766,1,0,0,0
orf19.2767,43022,44151,26951,30255
orf19.2768,627,722,2208,2421
orf19.2769,2389,2585,4029,3993
orf19.277,215,223,805,841
orf19.2770,18,49,146,146
orf19.2770.1,8435,9193,9020,9159
orf19.2771,1221,1254,1296,1398
orf19.2772,1541,1624,2148,2020
orf19.2774,2676,2962,2970,3146
orf19.2775,4517,4142,2332,2302
orf19.2778,347,319,41,35
orf19.2779,43,38,96,102
orf19.278,336,367,329,316
orf19.2781,40,42,93,99
orf19.2782,1129,1113,633,654
orf19.2783,16,16,14,4
orf19.2784,112,142,100,74
orf19.2785,3009,3129,1633,1616
orf19.2786,1051,1090,1620,1831
orf19.2787,10,13,44,29
orf19.2788,308,315,183,184
orf19.2789,285,264,276,265
orf19.279,12,8,16,8
orf19.2790,925,997,1017,1044
orf19.2791,1185,1198,3494,3821
orf19.2792,1186,1445,1290,1660
orf19.2794,859,871,406,355
orf19.2795,5781,5874,775,702
orf19.2796,1713,1757,1010,1105
orf19.2797,41,43,29,25
orf19.2798,442,409,404,397
orf19.2799,758,708,840,927
orf19.28,368,464,301,272
orf19.280,46,36,114,118
orf19.2800,0,0,1,1
orf19.2803,2030,2054,9227,9602
orf19.2804,0,1,52,45
orf19.2805,387,418,545,588
orf19.2808,266,291,596,667
orf19.2809,61,68,233,322
orf19.281,295,285,371,388
orf19.2810,75,65,67,94
orf19.2812,139,137,132,160
orf19.2813,0,0,0,0
orf19.2818,762,806,445,409
orf19.2819,111,91,61,39
orf19.2820,4176,4074,2615,2587
orf19.2821,2064,2271,1097,1078
orf19.2822,151,160,149,143
orf19.2823,1013,1202,1038,1427
orf19.2825,1314,1343,1066,1049
orf19.2826,707,739,1198,1253
orf19.2827,589,673,523,590
orf19.2828,512,532,524,497
orf19.2829,454,540,104,117
orf19.2830,3801,3685,261,283
orf19.2831,2269,2223,363,392
orf19.2832,1021,1103,983,1081
orf19.2833,4,0,2,1
orf19.2834,704,767,755,762
orf19.2835,1038,1039,1090,1102
orf19.2836,10,18,19,18
orf19.2837,323,359,435,376
orf19.2838,216,261,804,849
orf19.2839,282,323,1192,1226
orf19.284,411,459,306,278
orf19.2841,3470,3651,4700,4757
orf19.2842,2743,2791,1338,1405
orf19.2843,4770,4977,6074,6314
orf19.2844,1812,1854,2562,2756
orf19.2846,206,263,376,369
orf19.2847,2612,2600,402,428
orf19.2847.1,1,2,1,7
orf19.2848,318,342,1626,1781
orf19.2849,1705,1610,3743,3904
orf19.285,389,328,825,878
orf19.2850,3180,3580,2464,3092
orf19.2851,504,459,649,644
orf19.2852,1464,1437,739,700
orf19.2853,109,121,195,196
orf19.2857,2510,2449,2026,2164
orf19.2859,5299,5277,347,337
orf19.286,39,26,27,26
orf19.2862,829,886,1160,1172
orf19.2863,536,491,586,562
orf19.2863.1,284,315,376,419
orf19.2864.1,52160,52358,24122,23692
orf19.2866,646,524,1234,1510
orf19.2867,1573,1848,2206,2419
orf19.2868,0,1,0,1
orf19.2869,0,3,0,0
orf19.287,3117,3314,1728,1797
orf19.2870,5,16,7,6
orf19.2871,18864,18770,9488,10051
orf19.2873,4830,4681,3228,3445
orf19.2875,1029,1106,460,447
orf19.2876,900,910,1355,1447
orf19.2877,63539,60321,269619,286924
orf19.2878,38,47,37,39
orf19.2879,524,569,647,650
orf19.288,6086,6751,13616,14197
orf19.2881,1564,1683,2206,2538
orf19.2882,276,300,85,100
orf19.2883,331,341,823,795
orf19.2884,5862,6424,4736,5364
orf19.2885,1014,991,519,596
orf19.2886,1037,1128,993,1080
orf19.2887,518,622,843,1009
orf19.2888,336,380,435,430
orf19.2889,209,246,94,118
orf19.2890,390,391,474,474
orf19.2891,738,681,293,372
orf19.2892,1069,1042,1279,1439
orf19.2893,795,755,348,402
orf19.2895,1796,1808,2869,2988
orf19.2896,2068,2293,1473,1464
orf19.2897,114,100,0,6
orf19.2898,684,657,369,450
orf19.2899,36,38,19,20
orf19.29,254,225,207,174
orf19.290,2146,2268,1482,1653
orf19.2901,2658,2739,1594,1565
orf19.2903,1320,1427,2808,3239
orf19.2905,17,16,46,30
orf19.2906,54,62,44,37
orf19.2907,43,67,62,63
orf19.2907.1,115,117,61,57
orf19.2908,153,144,209,244
orf19.2909,1267,1238,3381,3212
orf19.291,1131,1191,1626,1605
orf19.2910,111,121,154,151
orf19.2911,1415,1469,2151,2315
orf19.2914,538,521,574,618
orf19.2915,1814,1818,1864,2176
orf19.2916,4,7,3,5
orf19.2917,11374,11079,794,823
orf19.2917.1,21,26,22,28
orf19.2919,1278,1353,1333,1411
orf19.292,411,377,282,328
orf19.2920,1975,2113,962,933
orf19.2921,373,378,344,340
orf19.2922,0,2,4,0
orf19.2923,557,603,458,512
orf19.2925,103,109,131,132
orf19.2926,855,870,964,1030
orf19.2927,1020,1100,403,438
orf19.2928,938,1011,985,1011
orf19.2929,9368,10731,4963,6839
orf19.2930,6395,6718,2149,2243
orf19.2933,378,393,303,288
orf19.2934,1637,1572,68,62
orf19.2935,68742,70229,29891,29665
orf19.2936,111,122,78,93
orf19.2937,4205,4375,3018,2984
orf19.2938,904,922,603,656
orf19.2939,379,378,277,288
orf19.2940,277,306,247,227
orf19.2941,3,4,7,2
orf19.2942,3742,3632,2312,2553
orf19.2943.5,2,0,1,0
orf19.2945,67,64,96,87
orf19.2946,22,16,59,76
orf19.2947,4548,5138,74366,75271
orf19.2948,578,694,5218,5135
orf19.2949,1700,1805,2166,2354
orf19.295,165,212,284,283
orf19.2951,11153,11776,20828,21204
orf19.2952,394,411,324,260
orf19.2953,2399,2540,1156,1130
orf19.2954,3086,3013,1736,1751
orf19.2956,1082,1146,753,748
orf19.2957,17,18,9,10
orf19.2958,162,151,272,352
orf19.2959,0,0,0,0
orf19.2959.1,303,350,387,433
orf19.296,56,52,93,75
orf19.2960,11320,11527,9788,9938
orf19.2961,652,708,740,745
orf19.2962,96,75,115,105
orf19.2963,179,229,253,271
orf19.2964,4321,4225,4081,4212
orf19.2965,5547,5594,3807,3914
orf19.2965.1,119,95,105,115
orf19.2966,1034,1117,2317,2361
orf19.2967,11556,11418,4503,4933
orf19.2968,31,23,44,45
orf19.2969,1333,1428,1230,1358
orf19.297,996,975,829,869
orf19.2970,3918,4246,26715,29659
orf19.2971,590,634,1320,1355
orf19.2972,315,361,795,823
orf19.2973,2118,2089,1124,1251
orf19.2974,1010,1062,974,948
orf19.2975,553,585,547,535
orf19.2977,2051,2145,2017,1984
orf19.2978,166,157,196,199
orf19.298,34,37,41,28
orf19.2980,1237,1193,954,956
orf19.2982,312,290,430,480
orf19.2983,1717,1728,1963,2034
orf19.2984,848,916,660,727
orf19.2985,466,482,649,619
orf19.2986,30,51,46,65
orf19.2987,1898,1830,2634,2714
orf19.2988,3069,2876,42837,43143
orf19.2989,1739,2114,7629,7580
orf19.299,1802,1865,1776,1823
orf19.2990,2005,2149,1748,2014
orf19.2991,102,128,213,246
orf19.2992,11594,12259,4347,4089
orf19.2994,55947,56995,23312,23309
orf19.2994.1,34468,35161,14605,14425
orf19.2995,590,610,243,192
orf19.2996,1559,1548,1357,1407
orf19.2998,3120,2992,181,177
orf19.30,7127,7467,4223,4728
orf19.300,6222,6362,10755,11361
orf19.3000,1643,1822,1507,1646
orf19.3001,372,426,378,429
orf19.3002,80276,79323,33946,34344
orf19.3003,7331,7844,8269,9050
orf19.3003.1,34472,35051,13824,13555
orf19.3004,748,792,1539,1579
orf19.3006,3188,3346,4112,4317
orf19.3007,70,76,221,243
orf19.3007.2,1357,1590,1685,1756
orf19.3008,450,489,1013,1057
orf19.3009,212,232,411,422
orf19.301,494,524,466,478
orf19.3010,366,419,327,332
orf19.3010.1,29240,29995,29302,30094
orf19.3012,1134,1155,1147,1197
orf19.3013,3643,4087,3574,3704
orf19.3014,18020,18336,25138,26185
orf19.3015,13152,12468,343,353
orf19.3016,1788,1881,704,615
orf19.3018,824,810,637,575
orf19.3019,704,782,659,673
orf19.302,140,163,176,132
orf19.3021,119,103,227,232
orf19.3022,3831,3827,1794,1826
orf19.3023,1618,1640,1357,1545
orf19.3026,2159,2168,1797,1894
orf19.3027,2659,2646,2572,2701
orf19.3029,169,202,361,416
orf19.3030,330,356,571,528
orf19.3031,2212,2391,1209,1301
orf19.3034,13897,13281,2268,2402
orf19.3035,4575,4625,2838,3345
orf19.3037,40184,40693,8305,8966
orf19.3038,2292,2345,9715,10597
orf19.304,931,923,208,216
orf19.3040,1137,1035,2488,2606
orf19.3041,1268,1161,1528,1555
orf19.3042,197,200,171,176
orf19.3043,636,595,703,774
orf19.3045,2658,2579,1659,1705
orf19.3047,2025,2241,3366,3605
orf19.3048,2050,2151,2068,2294
orf19.3049,15,9,9,17
orf19.305,539,605,1180,1234
orf19.3050,1371,1372,1276,1311
orf19.3051,939,1117,1416,1494
orf19.3052,2980,3161,2271,2172
orf19.3053,1751,1872,6677,6697
orf19.3054,4788,5090,6109,6440
orf19.3055,1364,1364,1310,1416
orf19.3057,403,349,239,243
orf19.3058,2081,1914,3369,3596
orf19.3059,3688,3755,1561,1805
orf19.3059.1,0,0,0,0
orf19.306,660,642,619,668
orf19.3060,1982,2166,2387,2405
orf19.3061,465,495,283,310
orf19.3061.1,3316,3392,1337,1463
orf19.3062,991,961,650,756
orf19.3063,740,714,509,437
orf19.3064,1707,1770,854,879
orf19.3064.1,187,204,132,107
orf19.3065,1190,1056,1797,1688
orf19.3066,3777,4081,3942,4116
orf19.307,1747,1846,1701,1764
orf19.3071,2179,2255,2452,2750
orf19.3073,0,0,0,0
orf19.3074,1310,1543,1840,1842
orf19.3076,1839,1993,1512,1429
orf19.3077,2177,2149,2133,2621
orf19.308,1167,1201,538,556
orf19.3080,1467,1463,1112,1187
orf19.3083,1226,1177,1496,1662
orf19.3084,599,644,802,796
orf19.3086,2532,2613,2795,3029
orf19.3087,67696,70094,25362,24912
orf19.3087.1,121,128,43,38
orf19.3087.2,72,62,25,26
orf19.3088,808,847,47,37
orf19.3089,719,692,217,202
orf19.309,46,61,196,163
orf19.3091,4210,4384,1700,1860
orf19.3093,1846,1896,2428,2727
orf19.3097,32746,33656,30284,31402
orf19.3098,3948,3809,1321,1590
orf19.3099,3180,3246,5551,5433
orf19.31,65,81,151,185
orf19.310,265,319,233,208
orf19.3100,2206,2250,1793,1854
orf19.3102,471,453,639,727
orf19.3103,7202,6591,2748,3167
orf19.3104,336,364,1257,1306
orf19.3105,74,80,181,161
orf19.3106,966,989,1614,1621
orf19.3107,5,6,32,26
orf19.3108,167,171,291,322
orf19.3109,3,11,5,10
orf19.3110,401,430,385,388
orf19.3111,17,10,19,28
orf19.3112,14,25,191,175
orf19.3113,192,184,349,289
orf19.3114,321,340,492,500
orf19.3115,616,617,1817,1810
orf19.3116,578,611,540,549
orf19.3117,1,2,0,0
orf19.3120,11,20,9,6
orf19.3121,32,36,17,25
orf19.3122,360,385,865,910
orf19.3122.2,723,707,682,631
orf19.3123,5796,6056,6381,6677
orf19.3123.2,184,192,369,351
orf19.3124,4262,4141,1598,1543
orf19.3125,656,709,318,228
orf19.3126,8604,8231,2916,3039
orf19.3127,528,579,423,452
orf19.3128,2731,2840,2716,2955
orf19.3129,4328,4381,2308,2391
orf19.313,351,340,292,329
orf19.3130,2573,2510,429,458
orf19.3131,809,838,334,305
orf19.3132,941,951,896,949
orf19.3133,11039,10881,4804,5138
orf19.3134,0,0,0,2
orf19.3135,785,839,1571,1487
orf19.3136,825,961,2398,2253
orf19.3138,25477,24714,2206,2345
orf19.3139,1280,1157,584,603
orf19.314,731,768,1097,1119
orf19.3140,3,3,2,4
orf19.3140.1,1444,1674,1509,1499
orf19.3141,5247,5207,2578,2802
orf19.3142,189,221,1174,1232
orf19.3147,327,332,216,215
orf19.3148,1206,1469,1226,1341
orf19.3149,7242,8904,7563,8277
orf19.315,255,225,222,276
orf19.3150,416,489,328,302
orf19.3151,94,133,100,124
orf19.3152,1102,1213,7396,7243
orf19.3153,2003,2003,1773,1910
orf19.3154,1275,1304,1136,1223
orf19.3156,720,880,546,626
orf19.3158,677,792,907,970
orf19.3159,6173,6032,287,369
orf19.3159.4,0,0,0,0
orf19.316,3592,3717,3554,3556
orf19.3160,27087,28933,12475,11924
orf19.3161,2287,2304,478,502
orf19.3163,341,329,371,341
orf19.3166,2278,2274,1754,2053
orf19.3167,1813,1761,1370,1421
orf19.3168,3225,3247,3754,3604
orf19.3169,1485,1411,646,687
orf19.317,1364,1416,2031,1939
orf19.3170,2698,2686,403,410
orf19.3171,2238,2534,3010,3206
orf19.3172,0,1,2,4
orf19.3173,582,593,627,642
orf19.3174,1399,1461,1542,1656
orf19.3175,3713,3740,9211,9438
orf19.3176,779,802,662,667
orf19.3177,2098,2024,1262,1249
orf19.3178,719,749,582,604
orf19.318,758,772,550,538
orf19.3180,419,439,715,798
orf19.3181.1,12,17,12,11
orf19.3182,7418,7250,3235,3218
orf19.3183,881,965,701,734
orf19.3184,344,379,567,530
orf19.3185,5644,5750,3286,3476
orf19.3186,0,1,0,1
orf19.3187,1649,1744,1331,1458
orf19.3188,1014,1095,839,886
orf19.319,83,73,41,45
orf19.3190,1314,1370,962,1060
orf19.3192,9134,9795,3040,3232
orf19.3193,788,867,715,800
orf19.3195,1166,1280,603,616
orf19.3196,4,3,6,0
orf19.3197,2007,2071,1800,1937
orf19.3198,5081,5134,5445,5590
orf19.3199,768,859,1115,1142
orf19.320,317,326,213,191
orf19.3200,7,6,18,6
orf19.3201,260,234,239,233
orf19.3202,494,440,214,231
orf19.3203,955,971,676,711
orf19.3204,857,841,150,161
orf19.3205,1836,1957,566,544
orf19.3206,7720,7460,2438,2421
orf19.3207,2000,2328,1171,1365
orf19.3208,4,6,10,10
orf19.3209,8,4,9,21
orf19.321,299,337,1508,1503
orf19.3210,55,39,41,36
orf19.3211,1197,1287,1058,1105
orf19.3212,859,809,947,955
orf19.3213,1043,1057,1258,1357
orf19.3214,435,436,261,246
orf19.3215,407,495,822,844
orf19.3216,1450,1591,867,908
orf19.3218,695,690,688,707
orf19.3219,707,738,646,696
orf19.322,2,1,1,2
orf19.3220,923,988,189,213
orf19.3221,3512,3606,5949,6421
orf19.3222,2472,2433,1903,2058
orf19.3223,10497,10547,5956,5924
orf19.3223.1,697,777,344,325
orf19.3225,4123,4497,4309,4774
orf19.3226,1138,1156,1021,1013
orf19.3227,1427,1539,724,796
orf19.3228,1627,1710,1595,1752
orf19.3229,1,0,1,3
orf19.323,891,846,865,1093
orf19.3230,5122,4995,3384,3472
orf19.3231,588,669,759,808
orf19.3232,2,0,2,6
orf19.3233,742,743,1262,1356
orf19.3234,100,140,146,162
orf19.3234.1,56,66,98,104
orf19.3235,715,747,938,915
orf19.3237,2668,2600,2770,3182
orf19.3238,0,3,6,4
orf19.3239,932,900,629,642
orf19.3240,1187,1119,2012,2107
orf19.3241,1281,1381,1466,1615
orf19.3242,1098,1158,1060,1174
orf19.3243,5902,5875,4665,4801
orf19.3244,442,469,314,337
orf19.3245,362,355,637,700
orf19.3247,1941,1923,1746,2081
orf19.3248,512,447,417,431
orf19.3249,1724,1946,1399,1497
orf19.325,3285,3247,2137,2335
orf19.3250,1384,1395,893,886
orf19.3251,300,315,412,370
orf19.3252,1076,1110,513,536
orf19.3254,461,534,248,278
orf19.3255,77,63,45,40
orf19.3256,2264,2169,1732,1874
orf19.3259,462,490,528,521
orf19.326,293,307,372,377
orf19.3260,2105,2304,2662,2873
orf19.3261,2,6,22,21
orf19.3263,1,6,8,8
orf19.3264,79,77,211,231
orf19.3264.1,2123,2184,2218,1942
orf19.3265,2512,2617,244,275
orf19.3265.1,210,228,151,155
orf19.3266,337,348,357,364
orf19.3267,188,206,170,167
orf19.3268,34298,33823,9456,9123
orf19.3269,1003,1075,1198,1344
orf19.327,2182,2363,2526,2511
orf19.3271,2,0,8,2
orf19.3272,686,711,439,472
orf19.3273,322,374,793,799
orf19.3275,467,478,112,83
orf19.3276,6938,6846,236,301
orf19.3277,0,0,1,4
orf19.3278,5040,5439,22343,23528
orf19.3279,522,537,757,770
orf19.328,335,477,275,371
orf19.3280,6,18,29,17
orf19.3281,234,251,462,476
orf19.3282,493,559,422,468
orf19.3283,218,269,202,186
orf19.3284,0,0,0,0
orf19.3285,167,170,187,240
orf19.3286,463,522,668,657
orf19.3287,2840,2891,250,254
orf19.3288,7160,7056,833,963
orf19.3289,523,575,533,557
orf19.329,2284,2233,1286,1436
orf19.3290,2021,2151,1395,1509
orf19.3291,7259,6942,649,729
orf19.3292,535,560,572,558
orf19.3293,4279,4511,3649,3839
orf19.3294,6620,7003,9699,9762
orf19.3295,658,666,713,799
orf19.3296,390,401,585,569
orf19.3297,736,789,377,398
orf19.3298,1276,1416,1131,1267
orf19.33,2722,2966,5941,5925
orf19.330.1,262,183,139,148
orf19.3300,9282,9002,1004,1007
orf19.3301,839,977,650,649
orf19.3302,484,558,3575,3964
orf19.3303,2047,2049,519,544
orf19.3304,1616,1637,286,273
orf19.3305,1710,1761,649,671
orf19.3306,67,58,73,84
orf19.3307,552,671,1591,1578
orf19.3308,472,511,1308,1348
orf19.3309,1023,949,415,432
orf19.331,451,454,233,266
orf19.3310,39,38,189,184
orf19.3311,380,435,568,566
orf19.3312,2509,2427,1930,2095
orf19.3314,134,131,217,175
orf19.3315,533,541,1118,1093
orf19.3317,60,51,69,70
orf19.3318,311,269,654,689
orf19.3319,2326,2293,2425,2525
orf19.332,1026,1130,500,561
orf19.332.1,487,523,320,277
orf19.3320,2,1,2,0
orf19.3321,4532,4709,4136,4076
orf19.3322,1975,2161,1361,1295
orf19.3323,158,195,308,282
orf19.3324,32653,31644,12966,13311
orf19.3325,965,1085,9370,9887
orf19.3325.3,12219,13792,6362,6336
orf19.3327,3155,3028,240,279
orf19.3328,1229,1303,852,893
orf19.3329,1706,1762,1955,2045
orf19.333,1059,999,1830,1954
orf19.3330,1097,1057,771,762
orf19.3330.3,3,6,27,39
orf19.3331,2871,2722,1495,1591
orf19.3332,1287,1346,1536,1665
orf19.3333,3762,3824,1907,1899
orf19.3334,70583,69874,24244,24520
orf19.3335,15532,16251,7239,7539
orf19.3336,0,0,1,0
orf19.3337,68,71,32,38
orf19.334,129,111,1734,1722
orf19.3340,5124,5440,2233,2211
orf19.3341,12724,12449,6139,6333
orf19.3342,844,896,1629,1627
orf19.3344,1116,1172,1092,1124
orf19.3345,2686,2669,2725,2965
orf19.3347,914,914,730,727
orf19.3348,1461,1514,701,665
orf19.3349,8942,8993,6491,7016
orf19.335,354,363,1337,1374
orf19.3350,2210,2266,970,999
orf19.3351,69,81,130,161
orf19.3352,589,561,205,228
orf19.3353,666,693,747,707
orf19.3354,18882,18301,966,994
orf19.3355,839,883,1805,1847
orf19.3356,954,1131,882,1008
orf19.3357,835,908,362,358
orf19.3358,9319,9408,4715,4801
orf19.3359,1803,1855,2193,2456
orf19.336,617,646,254,310
orf19.3360,237,260,480,505
orf19.3362,172,124,314,345
orf19.3363,10563,10191,3106,3084
orf19.3364,313,322,439,458
orf19.3365,431,489,1591,1493
orf19.3366,2637,2674,2722,2859
orf19.3366.1,574,564,361,341
orf19.3367,2532,2443,891,959
orf19.3368,1,2,0,1
orf19.3369,15,26,56,73
orf19.337,620,677,798,868
orf19.3370,4606,4653,780,832
orf19.3371,929,971,1333,1404
orf19.3373,56,48,58,58
orf19.3374,1,6,6,1
orf19.3375,1,0,0,0
orf19.3376,10,6,7,5
orf19.3378,3,1,9,5
orf19.338,16280,17024,14554,15986
orf19.3380,5,2,17,8
orf19.339,11555,11339,14987,15698
orf19.3391,5298,5303,4193,4256
orf19.3392,1573,1548,1085,1146
orf19.3393,5623,5319,294,276
orf19.3394,657,713,571,565
orf19.3395,487,407,186,193
orf19.3396,2137,2354,742,693
orf19.3399,2043,2059,1809,1930
orf19.34,3812,3488,297,312
orf19.340,109,115,232,233
orf19.3400,2455,2269,1326,1384
orf19.3401,711,828,846,908
orf19.3402,623,703,1192,1207
orf19.3404,19,20,20,21
orf19.3405,444,478,593,573
orf19.3406,536,549,485,490
orf19.3407,445,450,464,431
orf19.3409,3356,3581,2745,2943
orf19.341,365,284,554,598
orf19.3411,347,331,443,414
orf19.3412,822,764,1401,1387
orf19.3413,2,1,0,1
orf19.3414,8750,9064,7340,7732
orf19.3415,2795,2808,1877,2114
orf19.3415.1,30347,31686,12416,12320
orf19.3417,1107,1151,1410,1571
orf19.3418,81,95,108,80
orf19.3419,1562,2087,312,398
orf19.342,122,151,160,155
orf19.3420,10,6,4,11
orf19.3421.1,248,315,355,321
orf19.3422,2020,2026,2408,2711
orf19.3423,12310,12172,2377,2499
orf19.3425,513,550,833,907
orf19.3426,35203,36264,16038,15353
orf19.3427,3,10,3,4
orf19.3428,2464,2670,1867,2138
orf19.3429,827,869,448,518
orf19.3430,472,561,516,634
orf19.3431,1327,1344,954,1134
orf19.3432,106,127,555,548
orf19.3432.1,0,0,2,1
orf19.3433,382,435,171,203
orf19.3434,74,62,90,107
orf19.3435,40,47,49,35
orf19.3436,46,62,93,68
orf19.3437,96,163,203,201
orf19.3438,1788,1859,944,999
orf19.3439,114,137,94,94
orf19.344,16,21,40,52
orf19.3440,47,41,2,2
orf19.3441,837,837,1079,1148
orf19.3442,889,1020,1066,1021
orf19.3443,744,698,821,859
orf19.3444,24,15,57,61
orf19.3445,1819,1926,1639,1663
orf19.3446,282,371,345,312
orf19.3447,754,761,1220,1278
orf19.3448,110,81,535,602
orf19.3449,2037,2115,1313,1371
orf19.3449.2,554,562,372,328
orf19.345,101,107,54,78
orf19.3450.1,91,68,61,72
orf19.3453,1153,1233,1660,1684
orf19.3455,280,291,163,156
orf19.3456,368,356,454,473
orf19.3457,570,554,364,354
orf19.3458,544,593,766,758
orf19.3459,1214,1242,1610,1620
orf19.346,750,883,8303,8456
orf19.3460,36,23,119,153
orf19.3461,30,50,69,53
orf19.3462,2647,2713,2651,2620
orf19.3463,5594,5337,545,567
orf19.3465,59503,60785,24295,23501
orf19.3466,574,556,169,163
orf19.3467,6246,6377,4763,5198
orf19.3468,1505,1583,647,679
orf19.3469,1647,1714,1435,1475
orf19.347,129,141,555,613
orf19.3470,3186,3485,507,481
orf19.3471,58,72,94,89
orf19.3473,1171,1155,1244,1315
orf19.3474,507,493,473,554
orf19.3475,3239,3534,1412,1387
orf19.3476,4355,4671,3200,3431
orf19.3477,2846,2978,334,403
orf19.3478,1829,1826,73,80
orf19.348,364,401,953,1005
orf19.3480,2685,2817,739,720
orf19.3481,6683,6574,1051,1027
orf19.3482,1441,1619,1488,1545
orf19.3483,376,335,85,121
orf19.3487,93,96,82,79
orf19.349,1383,1338,1495,1702
orf19.3490,1126,1103,1550,1539
orf19.3494,290,310,321,337
orf19.3496,7788,8433,8060,9600
orf19.3498,310,328,302,324
orf19.3499,6,4,2,2
orf19.35,640,735,1277,1421
orf19.35.1,36,39,39,45
orf19.350,2504,2549,1952,1985
orf19.3501,2505,2340,708,798
orf19.3503,216,236,20,25
orf19.3504,31955,32384,12513,12658
orf19.3505,2263,2375,2853,2990
orf19.3506,378,361,279,269
orf19.3507,10719,11370,6460,6535
orf19.3508,381,435,1718,1844
orf19.351,56,53,68,70
orf19.3512,38,55,44,35
orf19.3515,373,398,1033,980
orf19.3516,811,965,639,594
orf19.3517,201,265,695,617
orf19.3518,1987,2370,2560,2648
orf19.3519,153,189,345,398
orf19.352,1026,1023,930,947
orf19.3521,374,356,543,538
orf19.3522,2,5,7,2
orf19.3523,1639,1757,1339,1357
orf19.3526,3233,3638,1664,1739
orf19.3527,11379,11478,5074,5462
orf19.3528,473,477,150,142
orf19.3529,73,105,209,257
orf19.353,897,949,408,405
orf19.3530,1616,1570,796,808
orf19.3531,217,247,313,317
orf19.3532,2101,1996,1054,978
orf19.3533,660,758,388,339
orf19.3534,1391,1500,1195,1225
orf19.3535,2153,2134,1221,1265
orf19.3536,1155,1174,800,865
orf19.3537,117,87,217,233
orf19.3538,125,122,195,212
orf19.3539,709,740,129,127
orf19.354,1195,1174,1013,1018
orf19.3540,6693,6665,493,565
orf19.3541,10716,10652,2593,2646
orf19.3542,2477,2547,3713,3596
orf19.3543,33,38,34,32
orf19.3544,102,141,224,283
orf19.3545,671,683,773,965
orf19.3546,354,417,630,668
orf19.3547,9664,9127,338,323
orf19.3548,722,693,1256,1207
orf19.3548.1,18150,20787,3860,3746
orf19.3549,928,978,2087,1988
orf19.355,2,0,13,9
orf19.3550,817,794,806,834
orf19.3551,126,162,163,169
orf19.3552,3286,3270,1764,1794
orf19.3553,4606,4429,211,187
orf19.3554,1553,1766,13255,13478
orf19.3555,1460,1648,1310,1370
orf19.3556,4962,5072,600,602
orf19.3557,122,107,165,146
orf19.3558,1890,1938,1354,1377
orf19.3559,3543,3695,1267,1348
orf19.356,2,6,27,46
orf19.3561,1212,1306,867,915
orf19.3563,303,265,299,298
orf19.3564,4559,4555,554,586
orf19.3565,169,183,167,169
orf19.3567,57,62,1773,1781
orf19.3568,1281,1258,867,1079
orf19.3569,735,852,654,677
orf19.357,2571,2532,2098,2154
orf19.3571,30,35,19,17
orf19.3572,231,236,135,139
orf19.3572.3,16847,17999,7108,6736
orf19.3573,423,486,557,598
orf19.3574,64,83,77,95
orf19.3575,59797,60291,133145,144719
orf19.3577,2060,1946,1434,1474
orf19.3577.1,117,142,47,54
orf19.3578,126,114,42,42
orf19.3579,10494,10471,5387,5668
orf19.3581,1022,1139,596,608
orf19.3582,1230,1345,333,353
orf19.3583,2155,2278,2486,2587
orf19.3585,813,843,116,94
orf19.3586,414,486,715,795
orf19.3589,3,2,10,7
orf19.359,7,0,2,1
orf19.3590,13619,14274,14333,15086
orf19.3591,2069,2074,14756,15557
orf19.3592,1201,1232,732,829
orf19.3593,4543,4563,4354,4531
orf19.3594,50,64,86,106
orf19.3599,16870,16790,5509,6040
orf19.36,145,134,115,120
orf19.36.1,131,131,74,69
orf19.360,545,525,529,542
orf19.3600,47,48,46,35
orf19.3601,335,334,508,512
orf19.3603,1394,1562,1076,1189
orf19.3604,831,871,1089,1194
orf19.3605,177,214,418,443
orf19.3606,322,341,307,272
orf19.3607,152,145,323,364
orf19.3608,1202,1299,642,651
orf19.3609,2750,2619,341,312
orf19.3610,209,195,210,226
orf19.3611,1616,1817,1089,1165
orf19.3612,1435,1355,1515,1456
orf19.3613,1362,1489,1075,1128
orf19.3615,182,214,753,677
orf19.3616,2582,2667,4285,4476
orf19.3617,355,412,403,425
orf19.3618,9822,11396,47967,54636
orf19.362,604,723,760,856
orf19.3621,9,17,18,12
orf19.3622,1642,1766,1129,1225
orf19.3623,1568,1579,1557,1817
orf19.3624,1473,1429,366,370
orf19.3625,303,345,356,366
orf19.3626,971,996,211,265
orf19.3626.1,2,1,0,0
orf19.3627,131,137,210,205
orf19.3628,3069,3837,3664,4173
orf19.3629,1615,1630,1739,1799
orf19.3630,4058,3970,347,358
orf19.3631,232,259,155,150
orf19.3633,82,74,145,136
orf19.3635,1102,1125,1133,1329
orf19.3637,10,13,10,3
orf19.3638,10,20,38,41
orf19.3639,276,307,379,399
orf19.364,5780,5773,7049,7392
orf19.3642,12778,13624,13092,14022
orf19.3643,7,6,15,15
orf19.3644,1155,1329,1490,1420
orf19.3646,465,589,1698,1754
orf19.3647,1511,1451,1807,1879
orf19.3648,603,623,800,761
orf19.3649,2486,2359,571,599
orf19.3651,63019,60251,181033,179160
orf19.3653,1986,2035,1821,1963
orf19.3655,16,22,21,20
orf19.3656,1544,1596,3043,3400
orf19.3658,452,461,811,830
orf19.3659,178,164,446,467
orf19.366,1404,1369,1079,1026
orf19.3660,867,834,400,404
orf19.3661,132,148,1130,1238
orf19.3663,2367,2374,2509,2633
orf19.3663.1,167,188,321,251
orf19.3664,9,6,2,7
orf19.3665,1156,1150,163,215
orf19.3666,852,902,300,292
orf19.3667,304,339,465,423
orf19.3668,216,243,334,367
orf19.3669,730,690,3255,3295
orf19.367,4609,4630,2828,3024
orf19.3670,178,181,187,214
orf19.3671,2,0,3,0
orf19.3672,31,38,143,166
orf19.3673,206,232,166,204
orf19.3674,157,169,164,154
orf19.3675,363,385,308,361
orf19.3676,1605,1530,81,102
orf19.3677,171,154,266,235
orf19.3678,1262,1374,1638,1714
orf19.3679,533,530,805,786
orf19.3680,2299,2361,1598,1706
orf19.3681,2358,2666,1201,1417
orf19.3682,1220,1336,2730,2905
orf19.3683,2062,2132,2019,1925
orf19.3684,100,125,176,147
orf19.3685,663,707,544,625
orf19.3686,1224,1181,681,694
orf19.3687,226,289,149,139
orf19.3688,213,184,187,199
orf19.3689,1316,1225,1600,1608
orf19.3690.2,15874,16279,5174,5007
orf19.3691,840,820,439,442
orf19.3693,40,50,11,13
orf19.3694,3359,3642,2599,2764
orf19.3695,1490,1637,581,650
orf19.3696,1809,1885,719,753
orf19.3697,478,449,496,462
orf19.3698,282,261,233,198
orf19.3699,40,45,138,139
orf19.3700,5321,5511,2599,3013
orf19.3701,383,413,588,647
orf19.3704,2913,2886,553,508
orf19.3704.1,449,437,289,311
orf19.3705,700,738,1166,1201
orf19.3706,805,846,1019,1042
orf19.3707,407,355,2327,2333
orf19.3708,117,123,96,98
orf19.371,554,554,1459,1398
orf19.3710,249,323,95,104
orf19.3711,30,33,25,18
orf19.3712,178,208,480,563
orf19.3713,33,30,99,108
orf19.3714,1117,1166,1424,1467
orf19.3715,883,904,644,654
orf19.3719,0,0,0,0
orf19.372,585,560,783,836
orf19.3720,870,809,1272,1307
orf19.3721,38,49,265,288
orf19.3722,3734,3747,10048,10583
orf19.3724,1999,2120,280,274
orf19.3726,894,746,847,966
orf19.3727,912,824,42,53
orf19.3728,1209,1180,1660,1847
orf19.3730,164,186,294,278
orf19.3732,1815,1574,2049,2134
orf19.3733,350,381,299,303
orf19.3734,408,409,968,1127
orf19.3735,2,1,15,10
orf19.3736,716,718,139,152
orf19.3737,984,925,1637,1781
orf19.3738,2,0,1,5
orf19.374,3341,3288,5336,5802
orf19.3740,145,191,347,347
orf19.3742,372,360,204,182
orf19.3743,329,343,724,730
orf19.3744,1592,1665,983,1048
orf19.3746,67,97,191,169
orf19.3748,12,3,3,2
orf19.3749,485,470,1442,1558
orf19.3751,2053,2276,2216,2595
orf19.3752,2007,2061,1929,2077
orf19.3753,789,972,1259,1371
orf19.3755,1838,1834,639,616
orf19.3756,3624,3668,310,286
orf19.3757,2082,2086,1032,1040
orf19.3758,848,844,822,776
orf19.3759,1713,1769,198,221
orf19.376,147,160,170,137
orf19.3760,6,3,3,8
orf19.3761,2002,2245,1483,1513
orf19.3762,172,217,173,151
orf19.3763,384,375,476,549
orf19.3764,573,618,638,734
orf19.3765,1570,1695,1219,1367
orf19.3767,2818,3184,5437,5738
orf19.3769,624,631,745,806
orf19.377,1725,1643,1414,1455
orf19.3770,688,620,3042,3028
orf19.3773,1729,1670,890,1011
orf19.3774,663,768,431,452
orf19.3774.1,11,21,23,13
orf19.3775,3801,4038,3054,3488
orf19.3777,250,283,71,81
orf19.3778,4344,4208,230,234
orf19.3780,316,350,284,291
orf19.3781,356,345,434,506
orf19.3782,568,578,500,478
orf19.3782.2,516,601,338,310
orf19.3783,27,24,75,53
orf19.3784,78,91,138,117
orf19.3785,270,337,206,192
orf19.3787,1732,1635,1408,1439
orf19.3788,301,313,265,217
orf19.3788.1,19026,20158,7753,7593
orf19.3789,28081,29678,13772,13280
orf19.3791,111,142,77,74
orf19.3792,4997,5197,5764,6091
orf19.3793,739,860,1444,1375
orf19.3794,250,267,207,213
orf19.3795,405,424,411,418
orf19.3796,2293,2279,1111,1029
orf19.3797,1695,1661,581,590
orf19.3798,1972,2108,292,306
orf19.3799,7815,8620,5276,5926
orf19.3801,28,15,7,8
orf19.3802,3556,3555,4729,5016
orf19.3803,3598,3743,8102,8330
orf19.3804,752,714,765,765
orf19.3806,472,538,946,976
orf19.3809,2920,3057,1112,1221
orf19.3810,921,1054,1016,1204
orf19.3811,475,444,1643,1603
orf19.3812,25186,24432,4359,4549
orf19.3813,499,455,818,798
orf19.3815,672,669,1361,1514
orf19.3817,462,527,402,359
orf19.3818,416,369,351,310
orf19.3819,80,102,90,83
orf19.382,357084,355808,210119,217428
orf19.3820,250,404,782,600
orf19.3821,500,584,790,728
orf19.3822,2579,2319,5573,5696
orf19.3823,2898,2971,2485,2754
orf19.3825,606,651,522,557
orf19.3826,999,1120,989,958
orf19.3827,586,561,724,731
orf19.3828,0,1,2,0
orf19.3829,167,172,136,150
orf19.3831,1930,1934,292,343
orf19.3833,2528,2528,2064,2336
orf19.3836,2190,2223,671,704
orf19.3838,32614,33231,12342,12932
orf19.3839,524,494,717,718
orf19.384,1229,1261,1588,1550
orf19.3840,2756,2952,1853,2213
orf19.3841,490,541,998,1023
orf19.3843,2362,2633,1989,2062
orf19.3844,915,816,1143,1108
orf19.3845,700,764,737,671
orf19.3846,4794,4697,6211,6342
orf19.3848,375,430,705,769
orf19.385,10356,11063,30845,33473
orf19.3851,290,244,303,348
orf19.3852,318,313,428,413
orf19.3854,2018,2084,1512,1521
orf19.3856,1850,1874,1771,1814
orf19.3858,661,702,550,515
orf19.3859,2869,2807,3084,3193
orf19.386,3042,3047,16995,17188
orf19.3861,9167,9268,5796,5943
orf19.3862,936,886,854,895
orf19.3863,57,44,64,71
orf19.3865,460,516,235,261
orf19.3867,4696,4828,255,280
orf19.3868,0,0,0,0
orf19.3869,2844,2983,5218,5852
orf19.387,3629,3712,3202,3475
orf19.3870,6595,6600,2444,2417
orf19.3871,82,77,124,120
orf19.3872,1151,1250,1204,1233
orf19.3873,2983,2972,2766,2938
orf19.3874,1624,1606,1162,1252
orf19.3876,244,231,187,186
orf19.3877,98,158,294,274
orf19.3878,366,390,803,760
orf19.3879,14,24,37,47
orf19.388,724,684,2628,2803
orf19.3881,411,393,911,936
orf19.3884,700,694,401,360
orf19.3885,11,12,73,67
orf19.3886,427,419,266,306
orf19.3887,1077,1103,225,206
orf19.3888,34539,35059,66826,72488
orf19.3888.2,3,0,5,3
orf19.389,243,305,178,184
orf19.3893,6290,6456,5903,6198
orf19.3894,465,500,187,183
orf19.3895,10339,9910,11448,12523
orf19.3897,88,53,34,25
orf19.3898,209,217,229,219
orf19.3899,177,187,166,162
orf19.390,2529,2553,2095,2128
orf19.3900,1194,1188,1180,1131
orf19.3901,135,163,156,130
orf19.3902,5,8,285,275
orf19.3903,0,0,0,0
orf19.3904,0,0,1,1
orf19.3905,7,3,48,53
orf19.3906,0,0,1,0
orf19.3907,0,0,0,1
orf19.3908,2,4,10,17
orf19.391,613,605,6046,6849
orf19.3910,41,66,563,598
orf19.3911,18978,19744,13137,15039
orf19.3912,1995,2160,1508,1676
orf19.3914,3146,3109,1523,1567
orf19.3915,5941,6189,4525,4585
orf19.3916,725,812,485,547
orf19.3919,850,831,1078,1125
orf19.3919.1,294,295,326,303
orf19.392,464,428,679,770
orf19.3920,1329,1270,618,665
orf19.3921,1897,1927,724,788
orf19.3922,665,547,1713,1706
orf19.3923,1,0,5,12
orf19.3924,0,1,0,5
orf19.3925,7,3,5,6
orf19.3926,10,11,26,23
orf19.3928,700,778,1090,1097
orf19.3929,720,806,834,830
orf19.393,281,311,931,974
orf19.3930,789,797,1329,1374
orf19.3931,50,66,1436,1502
orf19.3931.1,3,1,7,1
orf19.3931.2,75,74,36,43
orf19.3932,1518,1713,2779,2839
orf19.3932.1,1,2,1,0
orf19.3934,3067,3563,1067,1111
orf19.3935,3,1,0,1
orf19.3936,3011,3230,732,726
orf19.3937,351,399,540,603
orf19.3938,1843,1977,803,839
orf19.3939,542,582,700,773
orf19.394,1116,1125,4772,4826
orf19.3940,128,136,232,260
orf19.3940.1,15,6,24,10
orf19.3941,10971,11729,1078,1121
orf19.3942,236,253,183,146
orf19.3942.1,24241,24832,10301,10091
orf19.3944,2163,2252,2277,2394
orf19.3945,1228,1371,678,676
orf19.3946,468,467,420,395
orf19.3947,355,374,266,289
orf19.3949,3140,3184,3701,3937
orf19.395,160444,152887,402153,434981
orf19.3950,575,489,411,381
orf19.3951,995,1044,1008,1041
orf19.3952,2193,2308,1935,2057
orf19.3954,1296,1446,1509,1666
orf19.3954.1,2,2,5,1
orf19.3955,8046,7741,16101,16825
orf19.3956,564,532,798,790
orf19.3957,1377,1287,845,870
orf19.3959,5505,5917,5235,6082
orf19.396,330,313,543,545
orf19.3960,1903,1933,865,853
orf19.3962,12035,11358,476,522
orf19.3963,631,701,560,574
orf19.3964,1431,1463,943,933
orf19.3965,251,270,207,208
orf19.3966,424,449,682,681
orf19.3967,7415,7005,23855,25735
orf19.3968,0,0,0,0
orf19.3969,846,812,458,524
orf19.397,1171,1162,467,507
orf19.3970,847,766,107,108
orf19.3971,99,113,60,52
orf19.3972,435,394,223,254
orf19.3973,173,209,809,865
orf19.3974,717,698,1023,963
orf19.3976,306,319,260,251
orf19.3977,2422,2676,1029,1025
orf19.3978,1869,1906,95,85
orf19.398,272,306,260,248
orf19.3980,2293,2365,1767,1959
orf19.3981,11,20,30,36
orf19.3982,40,51,74,73
orf19.3983,1663,1729,1476,1436
orf19.3984,202,233,416,437
orf19.3986,437,406,204,225
orf19.3988,80,75,222,221
orf19.399,1981,2070,3320,3606
orf19.3990,592,629,99,83
orf19.3991,1581,1499,1041,1157
orf19.3992,37,45,35,27
orf19.3994,2024,2167,2523,2646
orf19.3995,642,635,770,725
orf19.3996,710,639,850,864
orf19.3997,129523,125294,357745,366304
orf19.3998,49,61,44,47
orf19.3999,429,401,655,621
orf19.400,2789,2878,3171,3236
orf19.4000,1532,1574,507,559
orf19.4001,401,464,316,267
orf19.4002,1286,1322,1194,1189
orf19.4003,1719,1674,1645,1658
orf19.4004,7881,7607,2500,2474
orf19.4005,413,448,1271,1208
orf19.4006,642,590,594,635
orf19.4007,357,386,249,210
orf19.4009,1159,1137,1081,1058
orf19.401,10316,9930,3150,3169
orf19.4010,1576,1621,1995,1986
orf19.4011,11,26,10,8
orf19.4012,260,290,2001,2210
orf19.4013,370,400,1785,1834
orf19.4014,591,638,938,1063
orf19.4015,31,30,28,39
orf19.4016,16025,15587,6358,6725
orf19.4017,21,15,16,8
orf19.4018,2345,2381,924,902
orf19.4019,181,151,215,225
orf19.4021,3085,3035,1954,2024
orf19.4022,904,948,243,224
orf19.4023,1387,1444,861,957
orf19.4024,1771,1696,1760,1913
orf19.4025,2115,2266,2092,2119
orf19.4026,3694,3665,15737,15809
orf19.4028,1324,1357,968,973
orf19.4029,9264,9577,1004,985
orf19.403,717,762,734,772
orf19.4030,1534,1575,1251,1324
orf19.4031,800,773,1193,1232
orf19.4032,3499,3744,3650,3559
orf19.4033,1331,1345,953,1011
orf19.4035,3438,3531,11979,12655
orf19.4036,2875,3043,1922,1926
orf19.4040,29471,29400,37335,39166
orf19.4041,55,81,29,16
orf19.4043,2981,3004,3559,3809
orf19.4044,938,928,1003,1079
orf19.4045,4395,4493,2318,2509
orf19.4046,516,553,542,629
orf19.4048,3411,3295,9189,9490
orf19.405,3151,3375,2708,2843
orf19.4051,17324,16007,3793,4294
orf19.4054,2684,3090,3222,3365
orf19.4055,60,74,115,122
orf19.4056,405,418,493,512
orf19.4057,0,0,1,0
orf19.4059,630,677,1608,1630
orf19.406,2230,1997,12201,12790
orf19.4060,13019,13289,27090,26785
orf19.4061,165,159,166,186
orf19.4062,863,874,519,446
orf19.4063,99,113,107,98
orf19.4064,1062,938,786,831
orf19.4066,624,653,1034,1137
orf19.4067,0,0,1,0
orf19.4068,1730,1785,1933,1994
orf19.4069,22,22,17,22
orf19.407,5800,5811,2817,2850
orf19.4070,19,32,41,60
orf19.4072,327,374,358,420
orf19.4076,4219,4384,4224,4574
orf19.4077,1361,1391,1841,2005
orf19.4078,1086,1097,254,246
orf19.4079,774,847,512,533
orf19.4080,506,544,353,352
orf19.4081,0,0,2,5
orf19.4082,7052,7686,5304,5490
orf19.4084,2723,2710,2869,3177
orf19.4085,141,167,175,154
orf19.4086,333,343,341,350
orf19.4088,1788,1859,1918,1942
orf19.4089,3841,3807,2428,2664
orf19.409,3685,3865,3264,3143
orf19.4090,285,254,443,497
orf19.4090.1,147,135,140,115
orf19.4091,837,812,744,756
orf19.4092,335,357,147,154
orf19.4093,17955,17645,715,751
orf19.4094,0,0,0,0
orf19.4095,1,2,2,1
orf19.4096,907,858,221,249
orf19.4097,1132,1074,320,381
orf19.4099,3402,3534,14325,15881
orf19.410.3,2136,2185,5891,6240
orf19.4101,137,109,73,77
orf19.4102,2764,2847,2680,2713
orf19.4104,17,7,9,10
orf19.4105,801,818,474,529
orf19.4106,429,371,147,150
orf19.4107,1088,1057,1308,1327
orf19.4109,6326,6555,4663,4902
orf19.411,159,209,739,768
orf19.4110,947,960,668,745
orf19.4112,1336,1387,738,783
orf19.4114,318,375,409,399
orf19.4115,3,4,1,1
orf19.4116,127,166,276,253
orf19.4117,790,750,845,871
orf19.4118,6277,6055,1039,1049
orf19.4119,735,795,1707,1771
orf19.412,4138,3974,2723,2820
orf19.4120,1235,1165,286,311
orf19.4121,73,100,38,42
orf19.4122,684,721,490,427
orf19.4123,6603,6813,5350,6076
orf19.4125,1066,1082,258,252
orf19.4127,1322,1466,3557,3717
orf19.4128,444,459,218,248
orf19.413,155,143,116,116
orf19.413.1,91,131,156,169
orf19.4131,1808,1775,2120,2395
orf19.4132,756,874,979,969
orf19.4133,1259,1232,351,445
orf19.4134,357,310,693,712
orf19.4135,522,611,1962,2011
orf19.4136,1631,1774,1020,1124
orf19.414,1994,1970,155,152
orf19.4142,321,393,236,247
orf19.4143,589,637,67,70
orf19.4144,880,904,966,896
orf19.4145,526,522,1112,1078
orf19.4146,663,721,457,488
orf19.4147,9308,9281,3168,3274
orf19.4148,1290,1383,1365,1394
orf19.4149,20621,21541,9724,9456
orf19.4149.1,30584,31217,12425,12292
orf19.415,991,993,876,814
orf19.4150,735,760,501,510
orf19.4151,37,47,112,124
orf19.4152,103873,105120,22194,25213
orf19.4153,642,672,492,566
orf19.4157,390,443,465,468
orf19.4159,1100,1159,412,467
orf19.416,42,43,22,27
orf19.4160,927,1007,108,98
orf19.4161,713,686,338,302
orf19.4162,351,351,279,291
orf19.4163,2192,2212,2524,2553
orf19.4164,2054,1980,1194,1266
orf19.4166,693,734,935,968
orf19.4167,286,301,79,66
orf19.4168,411,380,157,152
orf19.4169,31,41,26,26
orf19.417,721,700,421,399
orf19.4170,129,138,103,105
orf19.4171,931,955,1491,1480
orf19.4172,707,711,1898,1932
orf19.4173,1367,1361,238,237
orf19.4174,601,576,1394,1439
orf19.4175,948,838,480,536
orf19.4176,1919,1965,715,766
orf19.4177,1763,2009,14377,14175
orf19.4179,0,2,6,10
orf19.418,2397,2440,2737,3158
orf19.4180,988,1076,589,594
orf19.4181,695,710,509,438
orf19.4182,463,447,514,469
orf19.4183,1002,965,1825,2016
orf19.4184,2263,2336,3903,4336
orf19.4185,183,211,247,267
orf19.4186,1859,1917,2245,2293
orf19.4187,516,572,507,516
orf19.4188,5885,5804,1366,1478
orf19.4189,205,196,2,2
orf19.419,23,56,270,316
orf19.4190,1114,1005,224,265
orf19.4191,4597,4588,208,219
orf19.4191.1,583,671,1459,1599
orf19.4192,2244,2265,2343,2439
orf19.4192.1,695,650,442,423
orf19.4193,427,434,622,612
orf19.4193.1,28084,28684,8662,8863
orf19.4194,471,492,436,432
orf19.4195,56,31,80,64
orf19.4195.1,1531,1416,213,227
orf19.4196,0,0,1,3
orf19.4197,3515,3453,1978,2201
orf19.4199,958,973,823,803
orf19.420,0,0,0,0
orf19.4200,0,2,1,1
orf19.4201,1849,1825,2259,2303
orf19.4203,2207,2102,1380,1553
orf19.4204,2205,2346,1004,975
orf19.4205.1,216,225,98,103
orf19.4206,515,501,541,553
orf19.4207,204,203,53,58
orf19.4208,1187,1150,981,987
orf19.4209,544,533,554,582
orf19.4210,417,426,447,417
orf19.4211,367,401,469,459
orf19.4212,9859,9864,6305,7298
orf19.4213,377,379,446,504
orf19.4214,0,3,0,0
orf19.4215,3016,2928,3535,4024
orf19.4216,25326,27081,11835,11690
orf19.4217,0,0,0,0
orf19.4219,3873,3674,776,911
orf19.422,1196,1246,1214,1356
orf19.4220,1056,1005,909,954
orf19.4221,1536,1421,1209,1227
orf19.4222,109,120,167,186
orf19.4223,18142,17729,7735,8028
orf19.4225,2652,2587,1002,962
orf19.4225.1,533,560,325,353
orf19.4227,98,89,83,112
orf19.4228,1805,1854,1394,1348
orf19.4229,148,133,195,217
orf19.423,700,684,501,452
orf19.4230,3182,3396,3792,3801
orf19.4231,164,155,74,78
orf19.4232,1002,923,801,752
orf19.4233,6540,6698,16305,16927
orf19.4234,890,955,270,318
orf19.4235,224,228,259,265
orf19.4236,4684,4955,4012,4247
orf19.4239,222,234,209,211
orf19.424,2443,2477,1583,1668
orf19.4240,1503,1478,892,896
orf19.4241,660,669,405,394
orf19.4242,2016,2137,1701,2081
orf19.4243,313,351,242,257
orf19.4244,60,63,51,54
orf19.4245,398,499,448,447
orf19.4246,5808,5946,15200,15610
orf19.4247,485,567,887,976
orf19.4248,3232,3142,2078,1933
orf19.425,259,298,151,156
orf19.4250,315,311,195,214
orf19.4251,182,160,323,298
orf19.4252,763,751,486,511
orf19.4253,691,732,1185,1228
orf19.4255,3010,2859,2257,2341
orf19.4257,4145,4135,4479,5367
orf19.4258,2347,2485,1899,1977
orf19.426,1629,1680,1622,1818
orf19.4261,7927,7954,1950,1982
orf19.4262,342,463,813,1051
orf19.4263,136,205,365,421
orf19.4264,89,119,192,227
orf19.4265,1957,1970,983,1028
orf19.4266,116,108,52,29
orf19.4268,7010,7000,488,502
orf19.4269,832,887,1431,1528
orf19.427,1996,1945,1006,1002
orf19.4270,185,175,488,516
orf19.4271,318,352,309,289
orf19.4273,2174,2105,140,151
orf19.4274,115,134,1396,1439
orf19.4275,590,632,744,790
orf19.4278,1454,1525,881,966
orf19.4279,1280,1227,562,573
orf19.428,396,434,678,709
orf19.4280,184,198,304,307
orf19.4282,2511,2729,748,888
orf19.4283,5113,5162,1228,1182
orf19.4284,784,769,669,679
orf19.4286,144,105,278,297
orf19.4287,52,77,606,630
orf19.4288,1429,1494,1734,1713
orf19.429,3203,3120,639,711
orf19.4290,18190,18130,4692,4702
orf19.4292,259,297,438,421
orf19.4293,1417,1329,930,986
orf19.4294,797,754,504,501
orf19.4295,1065,1065,1457,1591
orf19.4297,1150,1109,861,911
orf19.4299,791,803,444,515
orf19.430,306,312,361,324
orf19.4301,2089,2119,1641,1713
orf19.4304,2790,2790,2735,2659
orf19.4305,8,6,9,11
orf19.4305.1,163,175,157,174
orf19.4306,1292,1228,876,801
orf19.4307,639,710,1191,1110
orf19.4308,4230,4432,3556,3885
orf19.4309,11090,11414,3402,3390
orf19.431,2987,3072,921,1008
orf19.4310,2,2,1,0
orf19.4311,8613,9345,2323,2108
orf19.4312,2129,2381,1866,1840
orf19.4315,405,422,519,542
orf19.4316,410,385,434,500
orf19.4317,1318,1492,2301,2497
orf19.4318,1252,1297,2246,2362
orf19.432,787,871,429,423
orf19.4320,2,4,23,15
orf19.4321,8,3,38,24
orf19.4322,1584,1666,2183,2227
orf19.4323,143,162,155,157
orf19.4324,324,403,225,212
orf19.4325,1235,1258,1130,1265
orf19.4326,1105,1206,501,540
orf19.4328,1611,1668,776,896
orf19.433,447,406,456,455
orf19.4330,559,568,417,449
orf19.4332,515,528,402,436
orf19.4334,6,8,19,18
orf19.4335,2098,2053,1780,1715
orf19.4336,50214,51425,18972,18806
orf19.4337,414,493,2202,2260
orf19.4339,1394,1529,2126,2195
orf19.434,1410,1455,4334,4506
orf19.4340,992,956,810,806
orf19.4340.1,229,256,120,100
orf19.4341,546,558,502,564
orf19.4342,37,67,21,8
orf19.4346,3619,3521,5749,6654
orf19.4347,1473,1430,1717,1724
orf19.4348,1670,1670,1087,1199
orf19.4349,1590,1683,1506,1568
orf19.4353,535,526,480,469
orf19.4354,2745,2935,1893,2116
orf19.4355,492,547,89,83
orf19.4356,135,159,413,535
orf19.4357,1137,1118,1098,1098
orf19.4358,162,135,142,134
orf19.4361,714,603,625,750
orf19.4362,1110,1208,1270,1412
orf19.4363,4874,4827,539,573
orf19.4365,1151,1159,202,220
orf19.4366,5,8,9,6
orf19.4367,2560,2530,1485,1643
orf19.4368,747,785,1380,1375
orf19.4369,1324,1359,1327,1422
orf19.437,14093,14513,20495,22282
orf19.4370,610,640,705,606
orf19.4371,20784,22180,15850,15933
orf19.4372,134,146,511,495
orf19.4373,526,601,666,670
orf19.4374,584,629,359,356
orf19.4375,1623,1619,399,375
orf19.4375.1,7950,8398,4074,3994
orf19.4376,220,198,166,170
orf19.4377,808,858,251,255
orf19.4378,392,378,553,529
orf19.4379,2702,2636,3578,3908
orf19.438,699,558,726,684
orf19.4380.1,1457,1488,2140,2215
orf19.4381,22491,21593,3477,3558
orf19.4382,1267,1252,1239,1244
orf19.4383,31,26,39,44
orf19.4384,492,591,275,264
orf19.4384.1,183,183,127,130
orf19.4388,850,916,1097,1189
orf19.439,1460,1444,802,878
orf19.4390,1606,1673,3150,3196
orf19.4391,32,29,86,83
orf19.4392,446,460,442,455
orf19.4393,10113,10367,4543,4892
orf19.4394,30,11,30,27
orf19.4395,2190,2276,4488,4603
orf19.4396,8475,8699,6850,6886
orf19.4398,1064,1077,664,651
orf19.4399,2131,2140,265,238
orf19.440,1179,1175,1153,1263
orf19.4400,540,585,489,453
orf19.4401,1456,1525,92,111
orf19.4403,916,914,1701,1745
orf19.4404,230,260,429,455
orf19.4405,130,149,241,269
orf19.4406,1731,1677,1616,1578
orf19.4407,1292,1254,1208,1285
orf19.4409,916,827,612,594
orf19.441,4923,5298,7294,7939
orf19.4410,646,639,648,664
orf19.4411,223,213,328,371
orf19.4412,564,632,898,956
orf19.4413,4452,4680,3085,3157
orf19.4414,216,194,249,220
orf19.4415,227,231,302,348
orf19.4416,3146,3420,2041,2659
orf19.4418,476,550,400,411
orf19.4418.1,42,35,23,17
orf19.442,1,1,0,2
orf19.4420,1086,1078,679,756
orf19.4423,1972,2026,2912,3121
orf19.4424,236,247,10,4
orf19.4426,910,996,571,601
orf19.4427,1917,1895,1823,1757
orf19.4428,617,654,391,382
orf19.443,642,688,119,98
orf19.4430,1742,1702,2002,1988
orf19.4432,250,368,145,236
orf19.4433,257,317,219,293
orf19.4435,2532,2723,1424,1556
orf19.4436,212,232,285,309
orf19.4437,4285,4300,4377,4789
orf19.4438,23,14,183,189
orf19.4439,33,47,23,30
orf19.4439.1,61,52,27,27
orf19.444,98,113,29,30
orf19.4440,1775,1837,1772,1911
orf19.4441,683,601,845,918
orf19.4442,1047,1018,1240,1408
orf19.4443,900,920,690,695
orf19.4444,278,348,2382,2341
orf19.4445,92,111,147,165
orf19.4446,1577,1646,1641,1628
orf19.4447,5161,5047,4537,4319
orf19.4448,2259,2181,1317,1415
orf19.4449,1505,1593,1991,1976
orf19.445,2627,2573,871,916
orf19.4450,479,485,170,187
orf19.4450.1,6,6,28,14
orf19.4450.2,78,85,62,52
orf19.4451,4606,4401,5218,5424
orf19.4455,1588,1532,652,639
orf19.4456,9721,9862,7632,7830
orf19.4457,2759,2684,2324,2684
orf19.4459,124,126,645,552
orf19.446,543,596,720,727
orf19.446.1,414,468,259,248
orf19.446.2,205,176,115,97
orf19.4461,0,1,0,1
orf19.4463,2,4,1,1
orf19.4464,252,245,87,94
orf19.4465,608,674,711,748
orf19.4466,312,329,246,237
orf19.4467,441,424,353,365
orf19.4468,2263,2397,1309,1370
orf19.4470,66,65,73,57
orf19.4471,629,618,772,720
orf19.4472,5,11,15,15
orf19.4473,121,126,115,103
orf19.4474,352,393,507,521
orf19.4475,1118,1142,1111,1100
orf19.4476,656,740,98,84
orf19.4477,9467,10709,2535,2600
orf19.4478,710,644,839,870
orf19.4479,5438,5344,279,273
orf19.448,1706,1810,3438,3704
orf19.4481,0,0,0,0
orf19.4482,151,195,520,501
orf19.4488,3538,3842,4680,5040
orf19.449,142,184,2964,3046
orf19.4490,36203,36806,13578,13732
orf19.4490.2,3093,3223,1666,1747
orf19.4491,3807,3938,2589,2684
orf19.4492,10738,10656,439,446
orf19.4494,447,446,413,417
orf19.4495,10364,10323,3588,3768
orf19.4496,1849,2025,1202,1268
orf19.4497,204,147,171,158
orf19.4498,220,186,134,144
orf19.4499,1030,1077,291,295
orf19.450,0,2,1,0
orf19.4502,3940,4153,3210,3564
orf19.4503,2607,2842,1583,1715
orf19.4504,136,115,253,272
orf19.4505,40,24,41,51
orf19.4506,3226,3605,22127,22120
orf19.4507,78,93,136,109
orf19.4508,41,37,65,50
orf19.4509,5,12,14,21
orf19.451,1961,2082,1464,1649
orf19.4510,323,314,518,507
orf19.4511,302,366,321,362
orf19.4513,3174,3544,6885,7709
orf19.4515,62,67,55,53
orf19.4516,1277,1384,774,793
orf19.4517,5448,5307,1182,1169
orf19.4518,1423,1437,1438,1533
orf19.4519,1871,1869,406,428
orf19.4520,124,135,157,149
orf19.4521,694,779,760,823
orf19.4522,160,156,117,118
orf19.4523,164,176,219,218
orf19.4524,284,328,542,584
orf19.4525,1321,1382,1605,1684
orf19.4526,0,2,1,2
orf19.4527,191,232,180,238
orf19.4528,773,729,1016,1057
orf19.4528.1,0,0,0,0
orf19.4529,706,798,578,510
orf19.4530.1,970,885,6675,6961
orf19.4531,1516,1642,762,918
orf19.4532,5206,4991,724,826
orf19.4533,1095,1097,870,967
orf19.4534,984,998,1908,1968
orf19.4535,385,439,508,561
orf19.4536,10686,9834,3862,3947
orf19.4537,3461,3399,1390,1453
orf19.4538,668,657,388,455
orf19.4539,102,156,224,223
orf19.454,2807,2870,1482,1760
orf19.4540,247,315,1374,1470
orf19.4542,705,675,463,492
orf19.4543,1103,1148,1415,1519
orf19.4544,746,741,681,659
orf19.4545,2344,2350,1908,2101
orf19.4546,965,962,578,537
orf19.4548,262,264,259,292
orf19.4549,480,562,802,915
orf19.4550,312,303,1064,1115
orf19.4551,31,47,30,15
orf19.4553,1506,1693,923,1157
orf19.4555,46748,47536,14500,17078
orf19.4557,585,600,771,854
orf19.4560,10181,10296,4624,4855
orf19.4563,2153,2064,161,144
orf19.4565,10204,10235,7801,7817
orf19.4566,1,2,0,0
orf19.4567,5,2,3,6
orf19.4568,87,99,59,47
orf19.4569,10,17,14,21
orf19.457,1657,1806,2886,3194
orf19.4570,114,92,125,115
orf19.4571,6,10,10,17
orf19.4573,104,94,119,127
orf19.4574,489,568,328,368
orf19.4575,1007,1089,1689,1759
orf19.4577,111,93,133,145
orf19.4577.3,1048,1153,417,477
orf19.4578,570,580,246,262
orf19.4579,2367,2489,2497,2550
orf19.458,2042,2052,1552,1605
orf19.458.1,69,81,83,81
orf19.4580,254,313,347,320
orf19.4581,417,468,667,691
orf19.4582,1120,1065,303,247
orf19.4583,683,632,108,86
orf19.4584,443,382,418,404
orf19.4585,5221,5503,3830,4013
orf19.4587,3762,3474,595,592
orf19.4589,445,513,779,779
orf19.459,2129,2307,3204,3556
orf19.4590,208,250,120,155
orf19.4591,970,1153,1566,1792
orf19.4592,703,732,439,433
orf19.4593,2465,2417,3242,3509
orf19.4593.1,69,55,29,25
orf19.4594,2420,2486,2380,2478
orf19.4595,332,343,563,610
orf19.4596,485,533,513,483
orf19.4597,1154,1240,1739,1741
orf19.4599,22,15,33,25
orf19.460,33,19,10,15
orf19.4600,762,765,265,277
orf19.4600.1,573,613,456,417
orf19.4601,430,452,439,460
orf19.4602,14997,15479,25353,26182
orf19.4603,816,867,717,645
orf19.4605,1828,1614,1072,1132
orf19.4606,2182,2215,1363,1314
orf19.4607,40,30,36,44
orf19.4608,21,32,23,36
orf19.4609,2526,2511,2470,2457
orf19.4610,1015,1045,1161,1197
orf19.4611,2774,2744,1022,1051
orf19.4612,273,276,227,193
orf19.4614,431,502,676,704
orf19.4615,1036,1122,944,952
orf19.4616,3544,3478,2756,2683
orf19.4617,384,359,1022,1017
orf19.4618,87412,83920,266213,274004
orf19.4620,142,130,96,71
orf19.4621,1807,1879,1087,1145
orf19.4622,9149,9590,3800,4100
orf19.4623,3528,3687,1508,1660
orf19.4623.3,6796,7456,8287,8042
orf19.4624,1372,1430,4030,4116
orf19.4625,389,417,431,431
orf19.4626,572,574,429,460
orf19.4627,3035,3065,1445,1541
orf19.4628,979,987,543,527
orf19.4629,813,805,581,682
orf19.4630,986,874,3586,3704
orf19.4631,732,563,14765,14757
orf19.4632,30867,31221,11627,11512
orf19.4633,1507,1542,2873,3030
orf19.4634,1412,1371,161,149
orf19.4635,14102,13787,3620,3841
orf19.4636,15,9,7,9
orf19.4637,517,511,444,409
orf19.4639,841,916,667,637
orf19.4640,9296,8959,579,596
orf19.4641,2558,2621,1529,1616
orf19.4642,794,793,667,710
orf19.4643,1213,1286,686,734
orf19.4645,1676,1751,973,1047
orf19.4646,14,21,10,8
orf19.4647,70,98,183,193
orf19.4649,977,1007,959,1091
orf19.465,1671,1811,1070,1132
orf19.4650,6191,7301,6926,7342
orf19.4651,5497,5983,2414,2387
orf19.4652,0,0,2,0
orf19.4653,15,14,1397,1234
orf19.4654,0,1,130,75
orf19.4655,324,308,337,319
orf19.4656,273,320,152,198
orf19.4657,946,1032,1447,1510
orf19.4658,1252,1327,1402,1368
orf19.4659,1043,977,537,575
orf19.4660,63998,65578,27046,27708
orf19.4662,1737,1679,645,672
orf19.4664,463,484,206,187
orf19.4665,207,234,118,120
orf19.4666,393,369,91,93
orf19.4668,167,196,81,79
orf19.4669,1970,2002,2269,2177
orf19.467,362,412,274,323
orf19.4670,2311,2367,1248,1367
orf19.4672,5,3,1,1
orf19.4673,20,25,9,23
orf19.4674.1,896,865,44,42
orf19.4675,869,865,847,860
orf19.4676,289,270,256,236
orf19.4677,264,292,167,169
orf19.4678,450,513,328,301
orf19.4679,1059,1176,1034,957
orf19.4680,169,143,125,136
orf19.4681,4146,3930,954,961
orf19.4682,3,3,1,4
orf19.4683,5533,5875,4497,5086
orf19.4684.2,2828,3187,1407,1332
orf19.4685,1,2,0,1
orf19.4686,2234,2423,3676,3974
orf19.4688,2861,2823,2119,2182
orf19.4689,370,344,146,163
orf19.469,1295,1326,1557,1665
orf19.4690,25,31,159,159
orf19.4691,17,12,10,12
orf19.4697,12816,13475,852,1050
orf19.4698,301,266,74,78
orf19.4699,199,198,347,368
orf19.470,1146,1196,1080,1226
orf19.4701,281,317,79,107
orf19.4702,146,149,283,269
orf19.4703,471,547,892,896
orf19.4704,8727,8817,31305,34470
orf19.4705,1547,1653,1089,1124
orf19.4706,173,220,189,164
orf19.4707,27,45,36,33
orf19.4711,712,734,1043,1123
orf19.4712,465,493,596,586
orf19.4713,1273,1310,1647,1797
orf19.4715,3507,3526,3316,3778
orf19.4716,32672,35705,20691,21035
orf19.4718,5126,5382,18951,19305
orf19.4719,1295,1362,2052,2123
orf19.4720,441,416,482,492
orf19.4721,1050,885,331,356
orf19.4722,647,639,652,666
orf19.4723,406,503,827,839
orf19.4724,584,611,359,376
orf19.4725,1841,2024,1463,1485
orf19.4726,529,540,736,770
orf19.4727,556,534,495,550
orf19.4728,3309,3422,3147,3547
orf19.473,728,813,2309,2594
orf19.4730,549,641,264,235
orf19.4731,527,543,908,932
orf19.4732,9387,10003,10655,11586
orf19.4733,344,374,1083,1114
orf19.4734,401,446,440,432
orf19.4735,1383,1455,504,568
orf19.4736,1389,1467,4180,4576
orf19.4737,130,114,6113,6375
orf19.4738,697,707,1322,1388
orf19.4739,4635,4399,536,527
orf19.474,719,673,867,831
orf19.4740,275,275,103,128
orf19.4741,7,8,8,12
orf19.4742,166,172,280,293
orf19.4743,315,333,195,213
orf19.4744,909,941,1264,1328
orf19.4746,4553,4341,379,402
orf19.4747,604,608,1180,1166
orf19.4748,72,81,58,36
orf19.4749,1373,1393,948,972
orf19.475,2211,2196,410,395
orf19.4750,646,575,398,399
orf19.4751,1579,1551,503,543
orf19.4751.1,250,235,115,133
orf19.4752,188,242,1661,2132
orf19.4753,1873,1817,2669,2811
orf19.4754,7449,7706,10395,10776
orf19.4755,3062,3220,2669,2941
orf19.4756,384,358,1179,1107
orf19.4757,1332,1303,755,840
orf19.4758,2131,2324,1325,1371
orf19.4759,3272,3490,2163,2172
orf19.4760,2818,2966,170,133
orf19.4761,1138,1120,895,884
orf19.4763,283,247,710,741
orf19.4764,947,1091,1863,1973
orf19.4765,2628,3354,1674,2138
orf19.4766,1053,1025,1047,1160
orf19.4767,89,62,87,79
orf19.4768,212,192,191,171
orf19.4769,750,676,366,395
orf19.477,1220,1169,495,502
orf19.4771,1351,1372,821,836
orf19.4772,371,479,258,317
orf19.4773,4,4,68,84
orf19.4774,617,670,349,357
orf19.4775,2801,2801,1258,1422
orf19.4776,374,447,239,251
orf19.4777,2706,2908,11591,11724
orf19.4778,323,313,855,883
orf19.4779,2387,2093,1601,1777
orf19.478,430,396,402,501
orf19.4780,1321,1347,1940,1963
orf19.4781,711,656,712,757
orf19.4783,18,21,123,85
orf19.4784,708,689,8881,9177
orf19.4785,1052,1123,1343,1318
orf19.4786,156,152,205,210
orf19.4787,1154,1122,947,938
orf19.4788,5183,5203,7998,8508
orf19.4789,29,27,372,368
orf19.479.2,659,697,624,645
orf19.4791,217,197,482,509
orf19.4792,570,576,109,121
orf19.4793,799,868,31,35
orf19.4795,307,344,800,871
orf19.4796,2296,2345,877,901
orf19.4798,2225,2221,3095,3327
orf19.4799,1876,1883,826,907
orf19.48,658,819,628,723
orf19.480,630,564,276,236
orf19.4800,662,804,2060,2145
orf19.4801,476,498,135,157
orf19.4802,33,28,191,202
orf19.4803,0,0,1,0
orf19.4804,0,0,1,2
orf19.4805,2761,2822,697,753
orf19.4807,353,358,637,680
orf19.4808,3533,3415,1770,2124
orf19.4809,5467,5648,1986,2041
orf19.481,3972,4086,2156,2091
orf19.4811,1478,1530,4001,4029
orf19.4812,168,182,1086,1068
orf19.4813,27364,27049,2897,3007
orf19.4814,18,17,1,3
orf19.4815,7205,6778,225,261
orf19.4816,1134,1190,1078,1065
orf19.4817,321,318,477,402
orf19.4818,366,438,200,216
orf19.4819,18,17,11,9
orf19.482,5117,5401,4952,5149
orf19.4820,1287,1195,1022,1086
orf19.4821,44,51,46,47
orf19.4822,0,0,28,29
orf19.4823,283,301,488,550
orf19.4824,1207,1149,2073,2028
orf19.4825,443,451,306,293
orf19.4826,17785,17747,5835,6050
orf19.4827,8548,9318,24030,23970
orf19.4828,373,404,935,942
orf19.4829,2702,2728,3603,3865
orf19.4830,335,384,365,328
orf19.4831,15091,14938,8049,8361
orf19.4833,824,826,17792,18782
orf19.4834,0,0,1,2
orf19.4835,3619,3661,532,532
orf19.4836,3935,4225,11457,12021
orf19.4837,572,611,604,615
orf19.4837.1,19,17,36,37
orf19.4839,1665,1707,1275,1186
orf19.484,3249,3221,1336,1303
orf19.4841,900,857,920,940
orf19.4842,73,104,177,156
orf19.4843,509,519,562,662
orf19.4844,1656,1797,728,762
orf19.4845,961,976,968,1108
orf19.4846,2056,2169,1108,1004
orf19.4847,0,0,0,0
orf19.4848,2881,3067,2320,2622
orf19.4849,942,1021,776,777
orf19.485,534,597,481,449
orf19.4850,1162,1290,2094,2157
orf19.4851,1928,1962,1545,1490
orf19.4853,890,1005,491,538
orf19.4855,507,496,203,228
orf19.4856,9,12,3,5
orf19.4857,773,812,366,403
orf19.4858,789,865,874,1023
orf19.486,670,696,1061,1128
orf19.4861,52,61,51,42
orf19.4861.1,131,130,174,156
orf19.4862,545,587,642,676
orf19.4862.2,396,400,422,442
orf19.4863,1019,987,1072,1009
orf19.4864,623,660,779,843
orf19.4865,1901,1918,2251,2154
orf19.4866,924,887,709,819
orf19.4867,3237,3388,3908,4090
orf19.4869,2685,2522,522,516
orf19.487,486,534,628,656
orf19.4870,7515,7225,182,233
orf19.4871,2620,2689,1184,1220
orf19.4872,5,10,7,7
orf19.4873,9,9,509,597
orf19.4874,2598,2488,1512,1512
orf19.4875,470,447,250,256
orf19.4878,1435,1635,2777,3106
orf19.4879.2,3439,3628,2106,2053
orf19.488,4621,4352,2122,2136
orf19.4880,363,346,190,199
orf19.4882,1709,1837,1600,1548
orf19.4883,339,342,797,892
orf19.4884,61,59,12,21
orf19.4885,21211,21259,5530,5865
orf19.4886,6,10,1,6
orf19.4887,243,240,946,925
orf19.4888,944,1124,878,934
orf19.4889,3742,3802,1230,1259
orf19.489,107,98,1283,1369
orf19.4890,2651,2753,1396,1581
orf19.4892,1163,1143,835,802
orf19.4893,781,823,1316,1490
orf19.4894,16,23,99,100
orf19.4895,545,524,99,79
orf19.4896,3081,3128,325,253
orf19.4897,1216,1229,795,784
orf19.4898,991,1120,1878,1914
orf19.4899,43,61,168,157
orf19.490,799,857,1073,1089
orf19.4900,438,462,688,717
orf19.4901,140,136,242,251
orf19.4903,493,472,675,702
orf19.4904,482,519,413,402
orf19.4905,349,325,356,361
orf19.4906,2532,2726,2251,2351
orf19.4907,506,633,4165,4606
orf19.4908,0,1,6,3
orf19.4909,2990,3015,2663,2827
orf19.4909.1,28087,29354,12816,12362
orf19.491,5109,5292,3476,3704
orf19.4910,3294,3384,2748,2924
orf19.4911,161,186,622,717
orf19.4912,854,832,1068,1128
orf19.4913,946,1047,1361,1299
orf19.4914,62,66,96,76
orf19.4914.1,2,0,116,129
orf19.4916,137,175,254,254
orf19.4917,56,63,112,110
orf19.4918,228,218,645,640
orf19.4919,281,273,143,138
orf19.492,12847,13480,11178,11968
orf19.4921,335,379,519,495
orf19.4921.1,12,11,15,6
orf19.4922,568,545,652,645
orf19.4923,53,65,66,88
orf19.4923.1,1,6,4,5
orf19.4924,980,883,795,846
orf19.4927,3079,3226,4115,4819
orf19.4928,1112,1142,1281,1436
orf19.4929,1402,1446,592,695
orf19.493,55085,54738,20097,19962
orf19.4930,884,855,766,761
orf19.4931,6004,6215,8722,9216
orf19.4931.1,26757,28452,11222,11101
orf19.4932,6675,6514,1885,1848
orf19.4933,3070,2808,262,252
orf19.4934,0,1,0,0
orf19.4936,3,1,1,1
orf19.4936.1,4,10,1,1
orf19.4937,7371,7483,2693,2958
orf19.4939,1378,1420,1685,1882
orf19.494,3824,4077,146,160
orf19.4940,3574,3600,4862,4901
orf19.4941,783,882,10101,10294
orf19.4942,6,2,12,7
orf19.4943,103,110,529,587
orf19.4945,4705,5008,4020,4379
orf19.4946,4,4,4,5
orf19.4947,1208,1302,2180,2218
orf19.4948,422,423,142,157
orf19.4949,12,2,5,3
orf19.4950,1150,1030,1500,1534
orf19.4951,281,345,589,618
orf19.4952,1367,1727,1073,1310
orf19.4952.1,816,913,1244,1137
orf19.4953,445,475,982,1018
orf19.4954,2185,2448,1755,1854
orf19.4955,8,9,8,12
orf19.4956,6692,7144,6355,6767
orf19.4958,421,458,431,512
orf19.4959,2064,2320,2270,2328
orf19.496,1114,1049,1445,1565
orf19.4960,1926,1933,879,955
orf19.4961,2286,2356,2370,2603
orf19.4962,523,533,81,90
orf19.4963,1548,1557,191,177
orf19.4964,340,342,87,91
orf19.4965,331,293,109,138
orf19.4966,1144,1247,4203,4527
orf19.4967,296,293,214,210
orf19.4969,4975,4953,4938,5542
orf19.497,2190,2354,2163,2291
orf19.4970,25,20,98,101
orf19.4972,3,3,1,4
orf19.4975,74,75,86,97
orf19.4976,2,2,4,6
orf19.4979,122,135,280,316
orf19.498,5418,5288,2117,2240
orf19.4980,45393,51979,16228,17483
orf19.4981,527,547,417,422
orf19.4982,327,329,790,868
orf19.4983,390,403,314,278
orf19.4984,483,483,626,617
orf19.4985,828,865,737,782
orf19.4987,2329,2350,1051,1106
orf19.4988,534,563,376,381
orf19.499,249,240,130,127
orf19.4991,499,433,443,462
orf19.4993,2852,3044,2565,2533
orf19.4995,19,19,30,31
orf19.4996,22,26,16,22
orf19.4997,780,863,1235,1370
orf19.4998,7514,8081,18730,20803
orf19.50,522,530,696,773
orf19.500,3460,3434,288,273
orf19.5000,182,214,3133,3327
orf19.5001,1937,1755,1109,1098
orf19.5003,483,528,855,881
orf19.5004,1190,1159,1190,1235
orf19.5005,898,1168,7961,8323
orf19.5006,4261,4448,6260,6456
orf19.5006.1,508,571,750,820
orf19.5007,34611,35880,37141,38147
orf19.5008.1,72,95,93,92
orf19.5009,3983,4162,1023,1140
orf19.501,12256,11614,452,473
orf19.5010,2492,2537,87,101
orf19.5011,744,747,842,849
orf19.5012,282,311,152,129
orf19.5013,1722,1826,2037,2161
orf19.5014,274,288,251,261
orf19.5015,5117,5339,2991,3445
orf19.5016,468,489,425,428
orf19.5017,174,144,187,181
orf19.5019,1135,1157,1528,1618
orf19.5020,1933,1998,138,127
orf19.5021,5372,5639,7364,7845
orf19.5022,1480,1379,1393,1469
orf19.5023,11,8,18,15
orf19.5024,48752,50900,43331,45214
orf19.5025,43,31,996,1033
orf19.5026,1602,1692,1446,1578
orf19.5027,3812,3942,2411,2402
orf19.5029,281,290,554,614
orf19.5030,708,751,1278,1439
orf19.5031,996,1044,1345,1439
orf19.5032,17357,17516,11824,12184
orf19.5033,91,118,227,221
orf19.5034,1818,1887,2800,2800
orf19.5035,836,883,757,778
orf19.5037,211,220,117,144
orf19.5038,3129,3024,219,256
orf19.5039,1120,1068,282,284
orf19.504,2576,2688,2998,3355
orf19.5040,1998,2083,1459,1514
orf19.5041,353,401,461,479
orf19.5042,56,65,69,54
orf19.5043,202,198,243,196
orf19.5045,82,74,232,210
orf19.5046,430,503,386,352
orf19.5049,1863,1879,121,128
orf19.505,4252,4334,6130,6404
orf19.5050,1041,1099,303,323
orf19.5051,572,530,748,759
orf19.5052,521,456,662,588
orf19.5053,176,203,274,237
orf19.5054,1040,1188,1668,1712
orf19.5056,383,403,316,358
orf19.5057,210,238,206,211
orf19.5058,4664,4851,5290,5450
orf19.5059,3146,2818,1564,1539
orf19.506,19055,19209,3410,3516
orf19.5061,11205,10823,3417,3624
orf19.5063,1772,1930,1504,1506
orf19.5064,1934,2032,628,683
orf19.5064.1,405,443,254,281
orf19.5065,657,646,482,504
orf19.5066,1153,1127,130,112
orf19.5067,804,750,66,92
orf19.5068,1129,1138,1462,1596
orf19.5069,15,20,107,109
orf19.5070,264,285,593,542
orf19.5071,360,560,161,199
orf19.5073,2378,2645,2138,2089
orf19.5074,2050,2113,1382,1451
orf19.5076,3263,3532,2705,2702
orf19.5076.1,13,24,26,29
orf19.5077,2298,2375,1392,1405
orf19.5078,451,480,1208,1153
orf19.5079,522,500,13706,15301
orf19.5079.1,1580,1604,864,855
orf19.508,217,224,1236,1315
orf19.5081,31267,32900,9009,9883
orf19.5083,6551,6710,1857,1933
orf19.5085,10812,10457,2654,3007
orf19.5087,1105,1143,1335,1351
orf19.5089,459,456,657,697
orf19.5090,581,536,570,575
orf19.5092,61,50,91,91
orf19.5093,1370,1424,997,1071
orf19.5094,1335,1386,4569,4575
orf19.5095,5233,5733,5458,5888
orf19.5097,694,666,1822,1901
orf19.5098,382,416,297,283
orf19.51,5267,5186,2711,3108
orf19.510,52,72,401,442
orf19.5100,7967,8316,9062,10490
orf19.5101,2508,2486,2821,2984
orf19.5102,2960,2928,2935,3031
orf19.5103,227,244,588,563
orf19.5104,1165,1137,731,756
orf19.5105,2319,2250,2102,2325
orf19.5106,7606,7527,597,594
orf19.5107,2387,2635,1622,1747
orf19.511,689,732,881,850
orf19.5110,1092,1132,732,801
orf19.5112,22638,23762,20408,22438
orf19.5113,183,149,469,428
orf19.5114,110,114,316,337
orf19.5114.1,16,14,342,371
orf19.5117,35536,36625,45158,47579
orf19.5118,2947,3085,3066,3474
orf19.512,14045,13329,629,702
orf19.5121,3,1,5,3
orf19.5124,304,335,605,732
orf19.5125,44,65,399,370
orf19.5126,5829,6376,1175,1483
orf19.5129,136,170,633,683
orf19.513,7,7,5,3
orf19.5130,15042,15605,9937,10412
orf19.5131,699,789,2152,2279
orf19.5132,16,10,21,23
orf19.5133,1645,1628,2523,2729
orf19.5134,870,876,112,112
orf19.5136,765,864,330,341
orf19.5137,11,5,6,8
orf19.5137.1,3314,3545,3623,4338
orf19.5138,711,794,665,666
orf19.5139,1650,1725,1819,1961
orf19.514,292,300,186,229
orf19.5140,13,9,23,25
orf19.5141,25,22,61,69
orf19.5142,220,309,183,166
orf19.5143,3407,3471,1791,1833
orf19.5144,25,26,26,28
orf19.5145,87,111,177,153
orf19.5147,1939,2186,1289,1412
orf19.5148,3811,3969,4401,4830
orf19.515,138,148,18,37
orf19.5155,1354,1371,1390,1412
orf19.5156,1206,1183,906,946
orf19.5157,100,115,103,61
orf19.5158,489,511,513,437
orf19.5159,250,265,696,697
orf19.516,818,861,790,885
orf19.5160,4914,5210,2962,3323
orf19.5161,1051,965,545,547
orf19.5162,1364,1404,1082,1256
orf19.5163,1160,1136,1168,1352
orf19.5164,2787,2658,1592,1654
orf19.5165,619,622,590,618
orf19.5166,3162,3213,1483,1613
orf19.5167,1504,1435,907,940
orf19.5168,3064,3176,813,862
orf19.5169,357,405,949,1023
orf19.517,205,255,209,224
orf19.5170,10595,11016,8527,9478
orf19.5171,9505,10043,7245,7839
orf19.5172,24,20,13,14
orf19.5174,421,431,388,406
orf19.5175,4732,4823,2632,2980
orf19.5177,853,874,1585,1718
orf19.5178,7220,6447,22405,22861
orf19.5179,161,186,177,223
orf19.518,10161,9983,3378,3373
orf19.5180,2182,2053,2228,2136
orf19.5181,3544,3798,2977,3071
orf19.5182,3947,3977,3147,3250
orf19.5184,5878,6101,5781,6083
orf19.5188,4256,4248,5050,5631
orf19.519,533,549,477,517
orf19.5190,171,211,271,296
orf19.5191,450,441,482,589
orf19.5194.1,654,675,698,745
orf19.5195,2488,2479,2204,2374
orf19.5196,1199,1223,1491,1369
orf19.5197,9642,9787,9211,9831
orf19.5198,8811,9235,498,524
orf19.52,1476,1339,1517,1495
orf19.520,699,780,661,650
orf19.5200,957,945,1001,1028
orf19.5201,1670,1684,670,668
orf19.5201.1,948,1024,528,492
orf19.5203,356,355,140,130
orf19.5204,202,245,167,150
orf19.5205,365,401,294,347
orf19.5206,1162,1108,123,154
orf19.5207,1690,1705,132,135
orf19.5209,939,1052,955,976
orf19.5210,154,149,145,152
orf19.5210.1,61,67,128,143
orf19.5211,13768,14858,16954,17193
orf19.5212,11,21,10,17
orf19.5213,1928,1915,1608,1732
orf19.5213.1,2019,2267,1458,1383
orf19.5213.2,631,555,462,467
orf19.5214,653,639,666,646
orf19.5215,81,79,213,259
orf19.5216,1085,1066,154,138
orf19.5217,234,241,168,201
orf19.5219,2211,2190,1261,1541
orf19.522,5078,5243,4163,4677
orf19.5220,680,661,79,57
orf19.5221,723,781,952,959
orf19.5223,7,5,13,9
orf19.5224,2110,2164,3523,3864
orf19.5225,316,323,560,562
orf19.5225.2,30307,30201,11247,10827
orf19.5226,4908,4794,3082,3189
orf19.5227,205,206,178,172
orf19.5228,712,760,2501,2529
orf19.5229,4302,4337,851,894
orf19.5230,2987,2835,1437,1384
orf19.5231,2,3,1,0
orf19.5231.2,552,650,274,256
orf19.5232,3029,2951,162,134
orf19.5233,0,0,1,0
orf19.5234,941,1016,1210,1392
orf19.5235,427,407,122,157
orf19.5236,107,143,136,142
orf19.5237,110,151,123,127
orf19.5238,1576,1654,1467,1585
orf19.5239,954,1097,1373,1419
orf19.524,325,354,735,661
orf19.5241,3907,4028,3255,3580
orf19.5242,1143,1090,694,750
orf19.5243,2446,2461,3989,3898
orf19.5244,1514,1552,1102,1158
orf19.5245,176,169,1101,1041
orf19.5246,861,908,986,960
orf19.5247,495,500,589,548
orf19.5248,220,266,690,663
orf19.5249,51,63,185,174
orf19.5250,154,192,128,152
orf19.5251,744,683,534,505
orf19.5253,432,388,534,546
orf19.5254,93,84,51,52
orf19.5255,960,933,831,904
orf19.5256,14,12,5,8
orf19.5257,439,446,1542,1604
orf19.5258,386,442,381,400
orf19.5259,272,274,288,312
orf19.526,4644,4400,493,535
orf19.5260,9060,8921,9370,10200
orf19.5262,0,2,8,6
orf19.5263,5332,5622,22627,23959
orf19.5264,0,0,0,1
orf19.5265,671,679,315,342
orf19.5266,13,11,3,15
orf19.5267,782,830,907,914
orf19.5268,118,142,167,119
orf19.5269,405,446,438,427
orf19.5269.1,257,245,359,356
orf19.527,440,458,228,228
orf19.5270,13,19,156,168
orf19.5271,446,424,256,219
orf19.5274,1761,1857,2711,2949
orf19.5275,680,738,1338,1354
orf19.5276,267,258,186,178
orf19.5277,713,756,445,457
orf19.5278,232,325,333,314
orf19.5279,1180,1189,350,370
orf19.528,7750,7566,6426,7062
orf19.5280,2178,2195,3748,3932
orf19.5281,8690,9071,5378,5891
orf19.5282,127,128,320,339
orf19.5284,3,6,3,5
orf19.5285,8192,8309,11357,11351
orf19.5286,3927,4317,5766,5793
orf19.5287,577,649,850,852
orf19.5288,153,111,4747,4723
orf19.5288.1,135,141,231,217
orf19.5289,4,4,12,16
orf19.529,1102,1152,1082,1087
orf19.529.1,10,12,12,13
orf19.5290,11,26,115,107
orf19.5291,512,604,579,610
orf19.5292,2243,2594,1645,1774
orf19.5293,2190,2400,3801,3889
orf19.5294,17682,17803,14997,15240
orf19.5295,143,165,406,404
orf19.5296,976,1018,584,604
orf19.5297,932,1027,968,992
orf19.5299,1723,1683,120,149
orf19.5299.1,4,4,2,5
orf19.53,651,701,447,415
orf19.530,218,221,182,212
orf19.5300,1449,1431,1176,1257
orf19.5302,21,27,24,17
orf19.5303,0,0,0,1
orf19.5304,0,0,0,0
orf19.5305,774,778,1139,1125
orf19.5306,0,0,0,3
orf19.5307,3,4,17,11
orf19.5308,3,1,33,42
orf19.5311,612,577,597,639
orf19.5312,192,193,1743,1753
orf19.5316,853,769,1156,1233
orf19.5318,1307,1327,1434,1608
orf19.532,222,255,134,177
orf19.5320,199,191,276,280
orf19.5321,2352,2461,2413,2501
orf19.5322,1540,1657,1995,2035
orf19.5323,1236,1271,2254,2293
orf19.5325,2020,2082,2533,2565
orf19.5326,442,448,247,236
orf19.5328,15454,14768,5481,6408
orf19.533,0,0,2,0
orf19.5334,533,672,3238,3377
orf19.5335,1921,1918,1596,1739
orf19.5337,211,230,572,613
orf19.5338,1372,1751,1760,1822
orf19.5339,34,46,88,69
orf19.5340,1586,1575,885,941
orf19.5341,68342,68088,27573,27064
orf19.5342,425,464,1116,1147
orf19.5342.1,1600,1616,541,511
orf19.5342.2,734,895,187,140
orf19.5343,2042,2073,2146,2451
orf19.5345,3643,3495,3608,3654
orf19.5346,619,606,867,877
orf19.5348,2650,2612,10329,11376
orf19.535,2176,2646,657,742
orf19.5350,1025,964,847,954
orf19.5351,10856,11009,2641,2624
orf19.5352,1274,1282,1638,1671
orf19.5353,197,186,16,20
orf19.5356,6024,6127,502,554
orf19.5357,2363,2164,3126,3348
orf19.5358,2307,2240,1523,1683
orf19.536,3407,3290,2959,3276
orf19.5360,884,902,241,250
orf19.5362,104,114,23,36
orf19.5363,767,753,640,677
orf19.5364,1916,1850,725,711
orf19.5365,2653,2537,1046,1246
orf19.5365.1,264,304,303,294
orf19.5367,1031,1050,986,997
orf19.5368,2482,2665,1793,1855
orf19.5369,7758,7783,6954,7244
orf19.537,196,290,303,318
orf19.5370,506,525,1014,1036
orf19.5376,664,689,813,831
orf19.5377,871,857,692,700
orf19.5378,2618,2721,3205,3116
orf19.5379,1352,1321,5078,5332
orf19.538,258,221,165,182
orf19.5380,669,673,599,577
orf19.5381,2328,2393,1496,1729
orf19.5382,38,8,30,34
orf19.5383,3415,5838,4455,6207
orf19.5384,3908,3900,4460,4809
orf19.5387,621,558,586,631
orf19.5388,640,660,513,648
orf19.5389,1409,1446,1598,1717
orf19.539,226,222,964,1002
orf19.5390,65,129,109,113
orf19.5391,2010,1985,587,624
orf19.5392,238,245,98,85
orf19.5393,1927,1915,1027,999
orf19.5394.1,190,219,187,167
orf19.5395,1522,1511,1369,1546
orf19.5397,371,373,367,349
orf19.5399,18,26,101,104
orf19.54,2587,2662,3849,3993
orf19.540,249,245,545,600
orf19.5402,12,17,0,7
orf19.5404.1,924,970,661,761
orf19.5406,1816,2148,1537,1673
orf19.5407,4482,4353,317,343
orf19.5408,2486,2535,4388,4548
orf19.5409,288,297,507,508
orf19.541,491,455,6363,6207
orf19.5410,825,809,563,573
orf19.5411,623,615,633,662
orf19.5412,334,391,228,208
orf19.5413,603,567,376,410
orf19.5416,961,1057,1262,1196
orf19.5417,1329,1444,1579,1706
orf19.5418,2323,2439,1796,1869
orf19.5419,8554,8360,4979,4933
orf19.542,10917,11459,31449,33026
orf19.542.2,439,500,440,429
orf19.5420,5464,5206,3011,3178
orf19.5422,85,54,130,116
orf19.5423,48,43,77,86
orf19.5424,197,165,67,51
orf19.5425,2935,2736,1021,1202
orf19.5426,229,283,569,612
orf19.5428,181,151,180,175
orf19.5429,534,478,529,571
orf19.543,4346,4465,2202,2314
orf19.5430,2334,2467,264,296
orf19.5431,280,287,123,184
orf19.5432,1021,997,695,705
orf19.5433,505,456,212,188
orf19.5436,5726,5368,509,556
orf19.5437,1132,877,4874,5070
orf19.5438,191,211,179,173
orf19.5439,1170,1067,847,854
orf19.544,327,329,130,121
orf19.544.1,3998,4209,3131,3125
orf19.5440,7986,8265,6258,6539
orf19.5441,1030,1109,941,1113
orf19.5442,1410,1454,1210,1241
orf19.5443,1572,1591,2431,2597
orf19.5444,6236,6139,2768,2788
orf19.5445,5614,6031,5878,5878
orf19.5446,3,19,38,35
orf19.5447,86,103,313,350
orf19.5449,95,130,128,137
orf19.5450,3535,3730,3486,3415
orf19.5451,0,0,0,1
orf19.5454,785,835,317,376
orf19.5455,5837,6154,1899,1880
orf19.5457,2288,2410,1318,1359
orf19.5459,5174,5361,4575,5388
orf19.5461,1,0,0,1
orf19.5462,0,2,0,0
orf19.5463,4052,4208,4644,4988
orf19.5464,0,0,0,0
orf19.5465,956,917,279,301
orf19.5466,43821,44290,19659,19833
orf19.5467,394,480,444,401
orf19.5468,25,33,29,48
orf19.5469,912,1021,991,1147
orf19.547,2385,2350,1186,1152
orf19.5472,0,0,0,0
orf19.5474,718,825,779,905
orf19.5475,2,0,1,1
orf19.5479,0,0,0,0
orf19.548,4232,4499,3824,3887
orf19.5480,4062,4128,11567,12104
orf19.5483,1291,1313,533,524
orf19.5484,3675,3975,19168,19930
orf19.5485,235,275,608,661
orf19.5486,3768,3705,2921,3147
orf19.5486.1,252,290,127,98
orf19.5487,2499,2576,1342,1414
orf19.5488,136,157,126,125
orf19.5489,162,181,183,199
orf19.549,3029,3040,985,929
orf19.5491,176,177,156,181
orf19.5491.1,2432,2690,1482,1512
orf19.5492,319,298,282,268
orf19.5493,14527,14385,6816,7104
orf19.5495,3023,3116,2287,2422
orf19.5496,1019,1098,846,839
orf19.5498,85,106,69,68
orf19.5499,3,1,1,6
orf19.55,878,966,904,864
orf19.550,1301,1362,11439,11535
orf19.5500,4687,4835,187,178
orf19.5501,332,328,328,325
orf19.5502,444,465,334,335
orf19.5503,1,1,0,0
orf19.5504,547,569,1786,1821
orf19.5505,3323,3541,12889,13564
orf19.5506,551,524,730,751
orf19.5507,4241,4418,190,203
orf19.5508,54,77,185,171
orf19.551,2509,2448,1333,1465
orf19.5510,4552,4874,1380,1574
orf19.5513,474,442,221,253
orf19.5514,315,330,2450,2351
orf19.5515,1264,1347,800,757
orf19.5516,3375,3361,2226,2356
orf19.5517,6119,5853,647,695
orf19.5518,1527,1587,1413,1519
orf19.5519,2504,2747,7358,7180
orf19.552,62,59,38,44
orf19.5520,4,1,1,4
orf19.5521,2339,2224,938,947
orf19.5522,744,779,701,649
orf19.5523,158,199,203,182
orf19.5524,2,4,17,19
orf19.5525,1294,1428,3613,3673
orf19.5526,623,568,818,829
orf19.5527,433,452,873,841
orf19.5528,1017,1030,1436,1524
orf19.553,0,0,2,0
orf19.5530,3353,3594,2934,3225
orf19.5531,2653,2771,1828,1910
orf19.5532,11,24,26,21
orf19.5533,702,792,1166,1193
orf19.5534,791,799,862,813
orf19.5535,742,805,1155,1214
orf19.5536,35,46,52,63
orf19.5537,1780,1807,1510,1562
orf19.5539,263,216,280,331
orf19.554,154,146,184,168
orf19.5541,2953,3483,645,741
orf19.5542,13,10,25,11
orf19.5543,884,890,1299,1331
orf19.5544,7753,8225,7049,7432
orf19.5547,1045,1071,615,624
orf19.5548,416,410,299,304
orf19.5549,22,30,49,65
orf19.555,3,3,6,2
orf19.5550,4509,4540,332,291
orf19.5551,1204,1262,991,1102
orf19.5552,256,261,480,519
orf19.5553,578,626,495,517
orf19.5555,1922,1738,1092,1364
orf19.5556,1,0,1,0
orf19.5557,229,220,195,186
orf19.5558,1306,1292,1329,1311
orf19.5559,268,310,390,411
orf19.556,1152,1270,772,827
orf19.5561,2075,2061,2014,2158
orf19.5563,3139,3280,646,716
orf19.5564,1590,1719,530,569
orf19.5565,2,3,5,7
orf19.5566,932,931,176,175
orf19.5567,711,711,127,151
orf19.5568,341,416,759,690
orf19.5569,3610,3656,3425,3654
orf19.557,886,966,1438,1608
orf19.5572,635,778,986,1013
orf19.5573,22,22,65,83
orf19.5574,676,640,442,475
orf19.5575,518,607,446,473
orf19.5576,1803,1898,1738,1862
orf19.5578,874,859,935,923
orf19.5579,222,254,178,174
orf19.558,2223,2261,815,767
orf19.5580,1967,1984,1154,1364
orf19.5584,660,637,808,840
orf19.5585,39,49,31,31
orf19.5586,572,473,746,790
orf19.5587,102,107,723,722
orf19.5588,17,26,70,88
orf19.5589,82,120,60,65
orf19.559,2256,2529,2481,2859
orf19.5591,5583,5975,2970,3138
orf19.5592,2,2,65,57
orf19.5595,2608,2632,1383,1549
orf19.5596,423,428,121,121
orf19.5597,2911,2865,822,883
orf19.5597.1,371,449,267,234
orf19.5599,2089,2149,1388,1577
orf19.56,382,383,1151,1055
orf19.5601,374,380,590,494
orf19.5602,1502,1499,3035,3090
orf19.5604,4526,4536,145,144
orf19.5605,1396,1425,1812,2062
orf19.5606,1,5,0,0
orf19.5607,2069,1993,873,863
orf19.5608,756,799,94,103
orf19.5609,815,858,269,257
orf19.5610,329,339,784,739
orf19.5611,26,18,7,10
orf19.5612,6555,6538,2515,2933
orf19.5614,1568,1552,1713,1629
orf19.5615,347,327,1022,1047
orf19.5616,1,1,8,18
orf19.5617,1072,1192,1435,1446
orf19.5618,700,726,1060,1030
orf19.5619,952,972,2046,1985
orf19.562,215,258,251,327
orf19.5620,1475,1528,40549,40140
orf19.5621,911,860,2242,2247
orf19.5622,3737,4122,4107,4477
orf19.5623,1258,1326,1143,1221
orf19.5625,20,20,99,85
orf19.5626,259,313,842,973
orf19.5627,6231,6655,1867,1861
orf19.5628,2326,2234,466,445
orf19.5629,2045,2110,1228,1345
orf19.563,2332,2382,103,105
orf19.5630,1633,1629,1596,1712
orf19.5633,1050,1027,783,879
orf19.5634,145,168,609,657
orf19.5635,72,63,936,941
orf19.5636,308,327,5246,5226
orf19.5639,6609,7148,34606,37975
orf19.564,725,715,502,537
orf19.5640,1019,1155,2104,2234
orf19.5641,6939,7730,4329,4433
orf19.5642,2646,2753,4028,4131
orf19.5643,575,540,990,1118
orf19.5644,301,258,392,425
orf19.5645,2668,2843,11157,11385
orf19.5646,392,400,487,499
orf19.5647,12952,13243,7268,7531
orf19.5648,1580,1673,872,865
orf19.5649,3,1,0,1
orf19.5650,2814,3257,1774,2002
orf19.5651,1520,1450,1459,1632
orf19.5653,58449,57390,35797,37868
orf19.5654,3553,3613,2987,3115
orf19.5655,36,47,15,25
orf19.5657,2360,2493,2038,2256
orf19.5658,3296,3328,2340,2398
orf19.5660,523,485,555,571
orf19.5660.1,1901,2019,859,915
orf19.5661,2854,2929,2396,2423
orf19.5662,455,505,531,544
orf19.5663,656,640,722,766
orf19.5664,1771,1765,2257,2389
orf19.5665,1538,1544,960,1092
orf19.5666,1495,1566,1465,1497
orf19.5667,2588,2580,2118,2198
orf19.5669,759,820,752,786
orf19.567,337,359,333,343
orf19.5671,3931,4026,6759,7423
orf19.5672,622,657,666,767
orf19.5673,207,211,1106,1225
orf19.5674,90,82,3293,3178
orf19.5675,1962,1975,1279,1509
orf19.5676,1522,1617,1421,1515
orf19.5677,604,592,154,142
orf19.5678,1307,1377,233,260
orf19.568,2861,3121,1159,1226
orf19.5680,1423,1411,1408,1414
orf19.5681,639,602,294,320
orf19.5682,5942,8153,2144,2511
orf19.5683,162,189,135,134
orf19.5684,2029,2080,878,928
orf19.5684.1,196,240,143,159
orf19.5685,18001,17817,22160,23644
orf19.5686,1598,1806,1860,1793
orf19.5688,1366,1450,2949,3053
orf19.5689,3950,4171,4554,4615
orf19.5691,3493,3513,2183,2328
orf19.5692,1446,1590,912,952
orf19.5693,7539,7439,5555,5848
orf19.5694,730,675,500,517
orf19.5698,5373,5378,1638,1764
orf19.57,245,250,325,291
orf19.570,50,29,33,63
orf19.5700,1080,1122,1367,1457
orf19.5701,217,213,359,387
orf19.5702,1773,1752,1527,1748
orf19.5704,1340,1373,166,203
orf19.5705,1352,1318,1054,1152
orf19.5710,2161,2042,1243,1468
orf19.5711,1152,1236,1541,1705
orf19.5713,1217,1177,603,618
orf19.5714,60,88,76,81
orf19.5716,2,6,2,3
orf19.5717,5,1,1,4
orf19.5718,527,508,743,732
orf19.5719,66,98,291,227
orf19.5720,823,855,5263,5193
orf19.5722,2160,2383,579,632
orf19.5723,694,777,1059,1096
orf19.5724,0,0,1,0
orf19.5725,311,326,457,538
orf19.5727,222,201,526,551
orf19.5728,4,4,2,1
orf19.5729,383,346,650,672
orf19.5730,985,978,1147,1185
orf19.5731,264,270,382,423
orf19.5732,6351,6505,339,375
orf19.5734,1596,1622,1611,1629
orf19.5735,1025,955,1187,1175
orf19.5735.3,35,29,70,69
orf19.5736,1341,1190,602,596
orf19.5741,17317,15788,140,194
orf19.5742,1048,1043,675,829
orf19.5746,13187,13039,8281,9122
orf19.5747,2504,2469,840,924
orf19.5748,68,62,63,69
orf19.5749,3909,4172,1592,1700
orf19.575,1385,1526,2371,2623
orf19.5750,26193,27692,15970,16869
orf19.5751,497,542,470,523
orf19.5752,303,341,957,908
orf19.5753,1588,1721,160,156
orf19.5754,675,670,728,782
orf19.5755,662,599,332,317
orf19.5757,989,1010,998,1017
orf19.5758,1736,1863,1061,1245
orf19.5759,5857,5352,1690,1808
orf19.576,255,285,115,118
orf19.5760,459,458,104,67
orf19.5762,44,43,28,23
orf19.5763,224,200,175,183
orf19.5764,1354,1450,1059,1249
orf19.5765,3044,3034,2742,2876
orf19.5767,340,327,206,197
orf19.5768,1720,1773,2284,2296
orf19.577,792,800,2153,2131
orf19.5770,657,807,1327,1531
orf19.5771,4776,4709,2919,2983
orf19.5772,402,371,448,480
orf19.5773,2555,2810,5029,5340
orf19.5775,329,328,441,424
orf19.5776,7609,7712,7334,8848
orf19.5777,151,158,487,479
orf19.5779,17426,17462,12020,13107
orf19.578,909,950,1342,1437
orf19.5780,503,512,978,1006
orf19.5782,813,838,1958,2041
orf19.5783,1984,2043,777,711
orf19.5784,347,359,1005,1052
orf19.5785,15,25,329,346
orf19.5788,126585,126384,67414,74641
orf19.5789,1878,2020,797,898
orf19.579,1321,1365,1756,1902
orf19.5791,15310,14661,4126,4322
orf19.5792,876,792,472,447
orf19.5793,4786,4845,5231,5425
orf19.5796,711,720,769,738
orf19.5797,2147,2092,1212,1207
orf19.5798,572,554,687,812
orf19.5799,1406,1400,3045,3431
orf19.58,5233,5212,594,629
orf19.580,450,551,496,528
orf19.5801,17611,18692,18663,19251
orf19.5802,1543,1523,324,280
orf19.5804,1543,1610,5261,5770
orf19.5805,2007,2051,17450,18274
orf19.5806,12631,17385,23543,24629
orf19.5808,977,944,500,447
orf19.5809,1982,2060,7652,7776
orf19.581,6166,5920,4105,4244
orf19.5811,657,574,3314,3379
orf19.5812,4591,4295,4817,4934
orf19.5813,176,221,811,770
orf19.5814,171,186,153,138
orf19.5814.1,19,31,28,33
orf19.5815,800,885,1294,1403
orf19.5816,778,841,694,700
orf19.5817,479,482,513,504
orf19.5818,1612,1659,4124,4116
orf19.5820,10,17,53,55
orf19.5821,776,791,1096,1141
orf19.5823,6258,6841,3446,3662
orf19.5824,980,970,218,245
orf19.5825,847,899,696,615
orf19.5825.1,354,389,393,381
orf19.5826,5,13,7,17
orf19.5827,369,365,393,384
orf19.5828,4782,4817,3733,3939
orf19.583,3166,3249,2204,2160
orf19.5830,4396,4752,3029,3394
orf19.5831,36,16,11,14
orf19.5832,7037,6859,551,584
orf19.5833,1538,1720,1723,1667
orf19.5834,4851,4975,3674,3951
orf19.5835,2446,2439,771,769
orf19.5837,250,268,364,359
orf19.5838,2450,2476,1479,1509
orf19.5839,2136,2175,860,935
orf19.584,1,1,0,0
orf19.5840,155,160,245,275
orf19.5841,378,394,859,824
orf19.5842,110,111,514,659
orf19.5843,418,436,313,382
orf19.5844,0,0,0,0
orf19.5845,459,444,77,71
orf19.5846,778,763,568,582
orf19.5847,5930,5763,802,881
orf19.5848,565,547,944,1026
orf19.5849,1384,1354,1452,1594
orf19.585,2587,2546,1123,1154
orf19.5850,11998,11367,296,318
orf19.5851,1177,1143,1004,1143
orf19.5852,847,814,1349,1483
orf19.5854,9097,9646,11895,11786
orf19.5854.1,71,78,55,41
orf19.5855,1675,1769,1930,2034
orf19.5856,436,517,288,273
orf19.5857,563,585,1060,1089
orf19.5858,10872,11387,7499,7245
orf19.5859,56,45,57,57
orf19.586,2814,2971,2433,2473
orf19.5860,26,15,19,18
orf19.5861,2240,2392,1327,1639
orf19.5861.1,46,61,70,78
orf19.5862,372,349,1249,1178
orf19.5863,68,103,12,12
orf19.5864,1577,1577,404,415
orf19.5865,858,915,414,378
orf19.5866,0,0,2,0
orf19.5867,349,435,255,237
orf19.5869,567,592,688,735
orf19.587,477,551,460,467
orf19.5870,1358,1449,3003,3020
orf19.5871,1828,1830,1919,2103
orf19.5873,5049,5223,3354,3557
orf19.5874,0,1,0,1
orf19.5875,296,256,311,321
orf19.5876,287,326,558,546
orf19.5877,1741,1740,9638,9680
orf19.5879,63,66,487,448
orf19.588,181,204,74,84
orf19.5880,904,945,1040,1103
orf19.5884,3268,3267,418,481
orf19.5885,4995,5048,725,791
orf19.5886,5270,5662,6178,6481
orf19.5887,3067,2894,1800,1931
orf19.589,1687,1709,2348,2604
orf19.5890,1702,1931,2424,2572
orf19.5892,985,1163,1844,1963
orf19.5893,10277,10430,4948,5102
orf19.5894,28,15,31,26
orf19.5896,7,7,4,6
orf19.5897,1428,1467,1656,1844
orf19.59,4320,4389,172,168
orf19.590,1721,1636,1780,1834
orf19.5901,2990,3003,4336,4552
orf19.5902,20,26,42,50
orf19.5903,1626,1632,1245,1210
orf19.5904,53578,54681,29707,30299
orf19.5905,528,529,37,22
orf19.5906,4764,4688,2154,2180
orf19.5908,518,614,627,646
orf19.5910,840,988,657,668
orf19.5911,993,1013,4571,4757
orf19.5912,15928,15784,655,758
orf19.5915,21,35,26,31
orf19.5917,1010,1068,2086,2153
orf19.5917.3,4223,4434,3183,3140
orf19.5918,6,5,5,3
orf19.5919,805,766,423,434
orf19.592,921,901,1152,1167
orf19.5920,277,279,208,180
orf19.5921,327,377,254,223
orf19.5924,642,696,429,463
orf19.5925,198,193,87,80
orf19.5926,317,266,49,33
orf19.5927,37743,38555,16473,16311
orf19.5928,16832,17487,6697,6382
orf19.5929,311,306,375,383
orf19.593,2477,2421,2805,3118
orf19.5930,790,743,586,597
orf19.5931,134,137,100,98
orf19.5932,714,685,990,1083
orf19.5933,0,6,1,0
orf19.5934,863,840,649,653
orf19.5935,422,444,470,440
orf19.5938,3833,3618,2291,2527
orf19.5940,344,390,398,457
orf19.5941,1920,1999,2162,2216
orf19.5942,523,612,533,545
orf19.5943,497,493,635,699
orf19.5943.1,28621,29296,17301,17313
orf19.5947,3734,3920,4432,5158
orf19.5949,37192,40223,33707,37308
orf19.5952,127,103,216,186
orf19.5953,1924,1969,1521,1618
orf19.5954,0,5,1,0
orf19.5956,1551,1481,2567,2719
orf19.5958,695,768,572,637
orf19.5959,5175,5169,220,205
orf19.596.1,749,843,145,129
orf19.596.2,94,115,180,141
orf19.5960,4911,5853,5393,6516
orf19.5961,356,371,733,704
orf19.5962,445,458,345,357
orf19.5963,751,771,352,365
orf19.5964,9706,9905,7053,7037
orf19.5964.2,24637,24471,10317,9749
orf19.5965,1464,1538,2503,2741
orf19.5966,1,4,5,6
orf19.5967,1654,1711,1014,1214
orf19.5968,2538,2715,2529,2493
orf19.597,3902,3855,18513,19415
orf19.5970,862,846,797,795
orf19.5971,544,558,556,544
orf19.5973,2189,2422,2088,2188
orf19.5974,662,664,903,908
orf19.5975,0,1,1,1
orf19.5976,403,378,321,287
orf19.5977,647,659,251,250
orf19.5978,53,54,107,83
orf19.598,0,0,0,0
orf19.5980,302,323,768,754
orf19.5982,35696,36362,12610,12440
orf19.5984,807,753,640,651
orf19.5985,999,959,523,506
orf19.5986,35,25,39,32
orf19.5987,2539,2494,385,360
orf19.5989,4652,4357,2922,3050
orf19.599,1,0,0,0
orf19.5991,8963,8553,388,387
orf19.5992,917,980,1368,1389
orf19.5994,346,370,223,247
orf19.5995,2057,2097,2548,2710
orf19.5996.1,31606,31875,11606,11478
orf19.5999,2077,2226,2393,2763
orf19.600,2109,2123,604,660
orf19.6000,9838,9937,6442,7083
orf19.6001,16,24,9,19
orf19.6002,52328,52415,19663,19951
orf19.6003,310,328,465,488
orf19.6005,284,311,1524,1674
orf19.6007,1966,2106,1479,1499
orf19.6008,868,857,996,984
orf19.6008.3,73,109,96,110
orf19.6008.4,400,410,252,243
orf19.6009,1565,1587,1486,1664
orf19.6010,4729,4798,4792,5224
orf19.6010.1,660,672,409,485
orf19.6011,4385,4511,4471,4965
orf19.6012,949,1013,1143,1282
orf19.6013,351,394,288,283
orf19.6014,2514,2595,128,143
orf19.6016,706,682,1252,1353
orf19.6017,55,66,167,190
orf19.6018,2578,2692,2593,2631
orf19.6020,229,226,467,501
orf19.6021,524,564,589,575
orf19.6022,2747,2827,1964,1923
orf19.6023,309,321,273,288
orf19.6024,142,153,149,168
orf19.6025,188,175,320,297
orf19.6026,1954,1735,1904,2009
orf19.6027,223,203,292,275
orf19.6028,193,205,216,201
orf19.6029,350,344,174,201
orf19.603,3825,3764,288,306
orf19.6030,555,659,683,714
orf19.6031,1258,1234,2044,2088
orf19.6032,5701,5925,3681,3779
orf19.6033,2171,2370,2314,2374
orf19.6034,6367,6788,5845,6377
orf19.6035,502,582,330,349
orf19.6036,584,642,961,1013
orf19.6037,496,546,308,332
orf19.6038,266,274,394,414
orf19.6039,1091,1105,1170,1140
orf19.604,377,376,137,153
orf19.6040,1451,1461,2002,2084
orf19.6041,6545,6080,1226,1413
orf19.6043,219,234,468,513
orf19.6044,1027,1036,1050,1018
orf19.6045,3368,3304,5018,5394
orf19.6046,1404,1531,1640,1756
orf19.6047,17062,16412,5118,5596
orf19.6048,352,387,1102,1063
orf19.6049,972,940,894,1007
orf19.605,13,7,10,3
orf19.6052,2666,2667,560,547
orf19.6053,913,1004,744,741
orf19.6054,1886,2077,636,627
orf19.6055,853,907,1397,1404
orf19.6056,802,710,1374,1411
orf19.6057,821,759,646,617
orf19.6058,3570,3669,4477,4494
orf19.6059,5053,5353,5634,5445
orf19.606,1284,1261,915,932
orf19.6060,4367,4362,2197,2354
orf19.6061,1083,1040,698,780
orf19.6062,966,1000,740,720
orf19.6062.3,1926,1963,1139,1198
orf19.6063,4581,4600,3818,3889
orf19.6064,900,850,1018,1015
orf19.6065,966,1007,3098,3257
orf19.6066,1115,1283,1415,1443
orf19.6068,2872,3049,1605,1744
orf19.607,1676,1605,851,1036
orf19.6070,840,875,665,692
orf19.6071,1921,1937,1811,1766
orf19.6072,878,806,613,716
orf19.6072.1,140,104,122,103
orf19.6073,430,402,7817,7657
orf19.6074,2438,2400,691,764
orf19.6075,1417,1474,968,1008
orf19.6076,656,730,755,758
orf19.6077,3439,3601,2724,2950
orf19.6078,86,74,321,348
orf19.6078.1,1,1,1,0
orf19.6079,11,10,26,21
orf19.6080,691,750,1012,1044
orf19.6081,22003,22462,15758,16712
orf19.6082,4454,4868,4680,4795
orf19.6083,62,42,7,3
orf19.6084,1,2,1,4
orf19.6085,68243,69357,23937,23531
orf19.6086,13502,14243,10446,10875
orf19.609,2,0,0,0
orf19.6090,43043,40653,1236,1330
orf19.6091,1828,1716,3018,3127
orf19.6092,4377,4544,3518,3941
orf19.6094,2149,2108,2164,2152
orf19.6096,2121,2173,1657,1775
orf19.6099,14261,13606,6128,6295
orf19.610,2177,2141,5099,5846
orf19.6100,1586,1618,811,888
orf19.6102,1451,1458,1219,1285
orf19.6103,82,97,82,82
orf19.6105,9182,8654,5859,6128
orf19.6109,13501,13544,16626,18158
orf19.6110,1,0,1,2
orf19.6112,1738,1852,2385,2370
orf19.6113,57,60,116,82
orf19.6114,872,967,933,935
orf19.6115,5,1,5,5
orf19.6116,716,847,3384,3424
orf19.6117,1693,1649,1800,1978
orf19.6118,770,803,613,621
orf19.6119,1788,1859,2025,2043
orf19.612,334,302,296,325
orf19.6121,1672,1615,1963,2028
orf19.6124,2293,2426,3667,3823
orf19.6126,6385,6018,3863,4155
orf19.6127,19717,19830,18196,19429
orf19.6129,2230,2286,1023,1002
orf19.6131,840,883,776,832
orf19.6132,673,695,512,520
orf19.6133,2745,2729,1242,1315
orf19.6134,1651,1650,1825,2006
orf19.6135,864,936,994,1062
orf19.6135.1,503,565,417,380
orf19.6136,2409,2471,1033,1058
orf19.6137,1489,1304,371,434
orf19.6138,9,21,13,11
orf19.6139,226,275,412,499
orf19.6140,75,66,156,132
orf19.6141,869,807,238,226
orf19.6142,1,2,1,0
orf19.6143,202,246,111,113
orf19.6146,4139,5083,1729,2136
orf19.6147,3196,3322,2450,2454
orf19.6148,179,209,270,269
orf19.6151,740,889,847,824
orf19.6152,1062,1049,420,453
orf19.6155,2480,2472,1536,1583
orf19.6156,386,471,190,219
orf19.6160,12555,14637,11729,12922
orf19.6163,920,1073,1107,1092
orf19.6164,0,0,0,1
orf19.6165,6684,7496,3092,3559
orf19.6166,1226,1229,784,799
orf19.6167,1672,1663,1607,1646
orf19.6168,280,294,357,378
orf19.6169,3,5,3,3
orf19.6170,761,740,641,653
orf19.6171,4945,4694,3143,3474
orf19.6173,1120,1223,651,723
orf19.6175,1647,1596,160,169
orf19.6176,12419,12856,6719,6955
orf19.6177,1776,1943,981,1045
orf19.6178,801,880,432,543
orf19.6179,253,324,70,62
orf19.6180,1215,1238,1636,1728
orf19.6181,4,8,27,25
orf19.6182,990,1011,972,898
orf19.6183,668,671,406,304
orf19.6184,419,391,352,379
orf19.6185,36,25,29,21
orf19.6186,782,742,535,560
orf19.6187,2728,2910,1849,2008
orf19.6188,3,0,0,0
orf19.6189,1397,1442,700,695
orf19.6190,35218,34239,44451,44764
orf19.6191,391,528,443,359
orf19.6192,459,564,114,90
orf19.6193,2626,2834,2591,2792
orf19.6194,137,117,179,183
orf19.6195,3642,3629,1329,1545
orf19.6196,62,42,94,98
orf19.6197,691,748,673,948
orf19.6198.1,287,351,269,263
orf19.6199,639,627,481,464
orf19.6200,5,1,56,53
orf19.6202,641,1068,528,676
orf19.6203,1572,1629,1575,1688
orf19.6205,854,845,642,691
orf19.6208,1855,1838,513,523
orf19.6209,653,730,570,566
orf19.6211,758,830,1060,1153
orf19.6213,8471,8272,3522,3537
orf19.6214,993,1008,1777,1813
orf19.6217,11301,11411,8381,9960
orf19.6219,583,600,813,808
orf19.6220,2104,2163,1490,1613
orf19.6220.3,5585,6024,8399,8333
orf19.6220.4,25842,26607,10117,10090
orf19.6222,40,38,22,12
orf19.6222.1,7,7,316,301
orf19.6224,4,1,8,8
orf19.6225,863,984,1927,2037
orf19.6225.1,221,240,143,152
orf19.6227,2081,2182,860,948
orf19.6229,26372,27478,9263,9932
orf19.6230,1450,1429,424,467
orf19.6231,1000,1111,698,750
orf19.6232,1008,1078,2643,3018
orf19.6233,2678,2549,916,915
orf19.6234,4457,4319,315,335
orf19.6235,101,95,111,140
orf19.6236,1943,1937,195,241
orf19.6237,1514,1539,999,1046
orf19.6238,569,572,642,637
orf19.6239,487,515,504,530
orf19.6240,1799,1806,2270,2371
orf19.6242,532,519,650,720
orf19.6243,702,728,798,954
orf19.6244,462,477,990,1069
orf19.6245,1609,1592,4870,4764
orf19.6246,359,400,796,772
orf19.6247,1754,1813,1278,1279
orf19.6247.1,131,82,132,103
orf19.6248,6,5,14,13
orf19.6249,93,83,113,135
orf19.6250,6895,7669,5737,5884
orf19.6252,2892,2961,2043,2105
orf19.6253,44981,45544,18789,18288
orf19.6254,160,194,145,165
orf19.6255,345,373,542,493
orf19.6257,13772,16080,21981,23710
orf19.6259,1582,1544,235,255
orf19.6260,3430,3485,1865,1982
orf19.6261,504,447,1028,1226
orf19.6263,2535,2445,918,984
orf19.6264,631,687,516,500
orf19.6264.3,1312,1307,1091,1022
orf19.6264.4,1369,1533,631,644
orf19.6265,20792,21784,8033,7928
orf19.6265.1,21745,23144,10108,9801
orf19.6266,1682,1697,555,593
orf19.6267,4,13,10,9
orf19.6268,603,685,812,767
orf19.6269,446,468,507,563
orf19.6271,2249,2421,1366,1470
orf19.6272,350,306,430,447
orf19.6273,169,152,70,92
orf19.6274,1,2,2,2
orf19.6275,217,196,187,209
orf19.6276,792,954,518,685
orf19.6277,16,12,52,43
orf19.6280,0,0,0,0
orf19.6282,21,28,25,26
orf19.6283,660,651,349,337
orf19.6284,1147,1105,828,765
orf19.6285,4165,4150,3108,3308
orf19.6286,490,510,338,323
orf19.6286.2,9283,10531,3070,3087
orf19.6287,2340,2434,4880,5032
orf19.6288,11,4,5,15
orf19.6291,4627,4808,1475,1497
orf19.6293,2914,2961,1574,1574
orf19.6294,2371,2592,2347,2720
orf19.6295,1874,1868,1079,1085
orf19.6296,170,213,262,275
orf19.6297,1819,1810,188,162
orf19.6298,2143,2254,185,236
orf19.6302,0,0,2,2
orf19.6304,155,138,184,173
orf19.6305,864,884,1561,1579
orf19.6306,624,741,821,875
orf19.6307,108,121,226,291
orf19.6308,100,101,226,265
orf19.6309,1102,1116,1013,1201
orf19.6310,440,433,360,387
orf19.6311,78,86,1233,1081
orf19.6312,43376,43651,14727,14521
orf19.6313,339,297,290,278
orf19.6313.2,241,257,186,182
orf19.6314,960,991,339,244
orf19.6315,429,414,533,531
orf19.6316,657,661,982,982
orf19.6316.4,362,417,38,25
orf19.6317,9288,9516,2924,3325
orf19.6318,767,825,839,827
orf19.6319,3981,3997,2247,2438
orf19.6321,465,483,890,857
orf19.6322,8498,7964,3289,3322
orf19.6323,172,223,289,305
orf19.6324,7348,7685,6769,7176
orf19.6325.1,283,304,290,299
orf19.6326,1466,1472,1291,1337
orf19.6327,4838,5082,3415,3641
orf19.6328,809,839,607,518
orf19.6329,558,570,750,671
orf19.633,50,69,198,208
orf19.6336,814,853,835,922
orf19.6337,924,951,775,804
orf19.6338,12,12,37,34
orf19.6339,0,1,2,2
orf19.634,2,8,2,1
orf19.6340,2242,2718,488,534
orf19.6341,826,876,934,908
orf19.6342,90,106,44,52
orf19.6343,1857,1975,983,981
orf19.6344,1121,1169,851,856
orf19.6345,13979,14317,4266,4503
orf19.6346,2268,2116,397,432
orf19.6347,924,1057,310,298
orf19.6348,875,849,1468,1629
orf19.6349,136,133,428,435
orf19.635,0,0,1,3
orf19.6350,6,8,8,7
orf19.6351,534,529,702,781
orf19.6353,275,307,375,391
orf19.6354,89,99,101,95
orf19.6355,7353,7359,709,713
orf19.6356,852,820,282,303
orf19.6357,843,815,778,799
orf19.6358,390,446,627,650
orf19.6359,172,155,138,148
orf19.6360,357,382,204,212
orf19.6362,6895,6817,3678,4292
orf19.6365,2362,2453,1304,1443
orf19.6366,84,104,31,13
orf19.6367,108951,106863,32284,36039
orf19.6369,5844,6039,770,753
orf19.637,5539,5664,4109,4350
orf19.6371,452,466,220,202
orf19.6373,5127,5091,5844,6353
orf19.6374,933,1020,712,747
orf19.6375,25637,27280,8660,8615
orf19.6376,1050,1174,988,1074
orf19.6377,974,957,707,675
orf19.6378,1889,1927,472,457
orf19.6379,209,208,176,165
orf19.638,27,35,293,288
orf19.6382,2198,2217,1783,1897
orf19.6385,49211,46882,13117,14138
orf19.6387,7423,8049,17344,18669
orf19.639,315,313,173,167
orf19.639.1,356,389,203,193
orf19.6390,0,0,0,2
orf19.6391,3,0,3,3
orf19.6392,1232,1192,320,383
orf19.6393,968,1027,1582,1641
orf19.6396,2717,2757,4947,5542
orf19.6398,1,4,6,6
orf19.6399,807,838,517,550
orf19.640,312,319,145,125
orf19.6400,489,496,528,542
orf19.6402,7130,6909,2623,2623
orf19.6403,2484,2617,1779,1789
orf19.6403.1,10661,11046,4956,4798
orf19.6404,2504,2424,1384,1485
orf19.6405,9,10,3,4
orf19.6406,1060,995,531,553
orf19.6407,1708,1760,1053,1020
orf19.6408,2595,2761,975,1041
orf19.641,1450,1614,797,669
orf19.6411,1698,1743,2735,2818
orf19.6413,607,672,254,240
orf19.6414,1636,1559,1247,1309
orf19.6414.3,4479,5174,4653,4669
orf19.6415.1,1130,1275,514,452
orf19.6416,756,834,439,488
orf19.6417,12388,11962,583,590
orf19.6418,5070,4715,345,356
orf19.6419.1,252,281,194,185
orf19.642,1913,2087,1824,2086
orf19.6420,92,120,31,36
orf19.6422,711,783,804,869
orf19.6423,1072,1056,1036,987
orf19.6424,2791,2876,2850,2994
orf19.6425,3617,3405,2995,3208
orf19.643,967,1035,844,956
orf19.6431,373,362,111,121
orf19.6432,1952,1909,939,1031
orf19.6434,1192,1342,1460,1408
orf19.6435,1075,1154,1064,1133
orf19.6436,932,1062,824,812
orf19.6437,1042,997,1011,1117
orf19.6438,4265,4339,2622,2752
orf19.644,3,2,1,3
orf19.6440,717,756,2275,2322
orf19.6442,6900,6577,2039,2396
orf19.6443,160,179,213,230
orf19.6444,1366,1306,722,761
orf19.6445,547,654,539,557
orf19.6447,430,447,678,718
orf19.6448,2292,2263,2663,2771
orf19.6449,75,73,37,57
orf19.645.1,1761,1871,2776,2990
orf19.6450,0,2,0,0
orf19.6452,3588,3740,2521,2540
orf19.6453,1172,1074,1018,1074
orf19.6455,676,658,385,355
orf19.6456,427,459,278,325
orf19.6457,587,524,700,738
orf19.6458,207,226,341,310
orf19.6458.1,868,992,458,470
orf19.6459,349,373,376,333
orf19.646,17908,18251,23961,24450
orf19.6460,804,872,1091,1152
orf19.6461,638,663,551,540
orf19.6462,772,826,986,924
orf19.6463,3083,3168,673,727
orf19.6464,859,848,1715,1791
orf19.6465,34,30,48,61
orf19.6469,188,152,276,328
orf19.647.3,14,20,58,38
orf19.6470,1224,1206,1000,1043
orf19.6472,16357,17005,18392,18830
orf19.6474,475,467,1205,1237
orf19.6475,4,5,25,21
orf19.6476,968,1034,834,817
orf19.6477,2409,2430,250,288
orf19.6478,3529,3627,4572,4873
orf19.6479,1391,1463,1652,1726
orf19.6480,182,244,245,215
orf19.6481,943,927,1088,1176
orf19.6482,11,19,9,15
orf19.6484,17,26,2,0
orf19.6486,17,18,3,0
orf19.6487,11,6,0,0
orf19.6488,0,1,1,0
orf19.6489,17,30,65,100
orf19.649,1771,1947,1596,1914
orf19.6491,0,2,3,4
orf19.6492,429,380,364,430
orf19.6493,11,4,2,5
orf19.6494,546,823,484,603
orf19.6496,313,303,437,424
orf19.6498,339,363,742,736
orf19.6499,850,778,445,448
orf19.6500,824,844,4293,4296
orf19.6501,92,95,247,238
orf19.6502,2,1,9,8
orf19.6503,824,956,388,305
orf19.6506,1177,1245,961,938
orf19.6507,7200,7188,3142,3227
orf19.6508,311,340,204,173
orf19.6509,581,645,631,687
orf19.651,140,149,215,216
orf19.6510,8,3,17,25
orf19.6511,2351,2306,3303,3577
orf19.6512,781,820,1011,942
orf19.6514,955,1017,542,559
orf19.6515,87170,90690,15968,16544
orf19.6517,410,482,472,500
orf19.6518,24,14,10,21
orf19.652,774,789,697,664
orf19.6520,1,0,2,0
orf19.6522,198,203,172,148
orf19.6524,12193,12593,5453,5857
orf19.6525,567,649,848,1034
orf19.6526,1252,1230,630,600
orf19.6527,982,861,1944,2137
orf19.6528,406,418,629,643
orf19.6529,1102,1051,2040,2195
orf19.653,4,5,1,0
orf19.6530,132,122,91,92
orf19.6531,6438,6467,3239,3208
orf19.6531.1,584,610,250,273
orf19.6532,238,240,59,62
orf19.6533,896,821,716,746
orf19.6534,4,4,14,8
orf19.6534.2,3961,3923,4801,5124
orf19.6536,2851,2774,3789,4263
orf19.6537,125,155,176,204
orf19.6538,1296,1475,1940,2017
orf19.6539,5978,5894,2865,3050
orf19.654,1,0,2,2
orf19.6540,11245,11462,34090,37414
orf19.6541,76574,76237,27417,27255
orf19.6544,1740,1686,2094,2363
orf19.6547,1,0,4,2
orf19.6548,3066,3155,1206,1237
orf19.655,96247,95602,219,264
orf19.6550,200,245,218,199
orf19.6551,251,272,249,259
orf19.6551.1,6,11,13,4
orf19.6552,706,727,615,619
orf19.6553,2329,2499,3167,3100
orf19.6554,103,90,577,615
orf19.6555,26,20,102,106
orf19.6556,360,360,301,308
orf19.6557,166,175,489,418
orf19.6558,2851,2760,1392,1463
orf19.6559,737,839,4503,4597
orf19.656,432,437,237,259
orf19.6561,17588,17925,13541,14834
orf19.6562,736,827,839,870
orf19.6563,799,854,499,414
orf19.6563.1,281,272,214,261
orf19.6565,3387,3163,1282,1312
orf19.6566,545,524,554,581
orf19.6568,2740,2822,1818,1879
orf19.6569,358,376,82,97
orf19.657,7739,8622,4842,6302
orf19.6570,471,480,146,119
orf19.6573,6458,6285,4285,4809
orf19.6574,24,24,20,24
orf19.6575,0,0,0,0
orf19.6577,3020,2978,875,928
orf19.6578,1151,1383,392,412
orf19.6579,624,608,384,406
orf19.658,3409,3437,2347,2584
orf19.6580,880,895,648,681
orf19.6581,605,630,937,1000
orf19.6582,2297,2585,2368,2490
orf19.6583,918,883,614,528
orf19.6584,13780,13735,3928,3977
orf19.6585,328,394,112,102
orf19.6586,98,76,232,204
orf19.6587,1471,1617,625,626
orf19.6588,523,540,567,546
orf19.6589,4407,4181,237,259
orf19.6590,52,73,68,46
orf19.6591,522,482,930,986
orf19.6592,135,164,167,172
orf19.6594,2366,2335,960,1004
orf19.6595,16,18,21,18
orf19.6596,1359,1401,3210,3394
orf19.6597,670,713,197,231
orf19.6598,1436,1584,2051,2354
orf19.6599.1,714,713,618,634
orf19.660,1106,1132,733,710
orf19.6600,319,311,331,349
orf19.6601,332,395,2050,2233
orf19.6601.1,875,916,914,906
orf19.6602,761,806,1001,1082
orf19.6604,1265,1389,923,1008
orf19.6605,147,137,177,191
orf19.6606,211,207,280,296
orf19.6607,1952,1956,1319,1311
orf19.6608,558,609,811,932
orf19.661,4075,4388,258,246
orf19.6610,1531,1722,1033,1157
orf19.6612,2888,3039,1361,1302
orf19.6621,1291,1374,2448,2722
orf19.6623,889,1013,522,474
orf19.6624,497,479,524,472
orf19.6625,2076,2128,1170,1014
orf19.6626,265,273,332,356
orf19.6627,527,505,413,393
orf19.6628,524,554,431,401
orf19.6629,520,577,488,491
orf19.663,6131,6483,3541,3698
orf19.6630,464,498,522,516
orf19.6632,5658,5866,13596,14485
orf19.6634,8824,8744,10148,10958
orf19.6635,371,398,490,455
orf19.6636,528,484,587,581
orf19.6637,412,443,1956,2049
orf19.6638,266,300,615,670
orf19.6639,885,861,778,889
orf19.664,6,10,5,3
orf19.6640,1604,1893,7180,7447
orf19.6641,84,80,178,184
orf19.6642,1052,1079,961,1008
orf19.6643,373,347,471,485
orf19.6644,20,27,40,34
orf19.6645,2469,2709,7565,7669
orf19.6648,9187,8859,279,281
orf19.6649,2075,2021,1188,1195
orf19.665,2391,2397,534,575
orf19.6650,206,219,231,206
orf19.6652,2690,2625,158,151
orf19.6653,1575,1516,425,405
orf19.6654,1425,1462,746,836
orf19.6656,1579,1660,1260,1348
orf19.6658,755,790,2591,2557
orf19.6659,3619,3424,1262,1348
orf19.666,685,678,786,745
orf19.6660,57,60,1178,1239
orf19.6661,3,0,1,3
orf19.6662,399,382,81,92
orf19.6663,28589,29671,13534,13065
orf19.6665,9632,9921,4372,4571
orf19.6667,257,250,398,382
orf19.6668,709,777,794,754
orf19.667.1,14118,14941,5977,5726
orf19.6670,581,629,676,692
orf19.6671,444,503,1060,1104
orf19.6672,2145,2284,883,911
orf19.6673,654,648,1183,1304
orf19.6674,400,461,445,514
orf19.6675,552,552,48,50
orf19.6676,1822,1782,325,270
orf19.6678,39,52,84,90
orf19.6679,685,661,342,335
orf19.668,4021,4155,2948,2909
orf19.6680,1410,1430,1124,1140
orf19.6681,283,291,243,226
orf19.6684,153,161,242,214
orf19.6685,369,413,200,207
orf19.6686,4829,4746,179,157
orf19.6687,2,6,0,0
orf19.6688,2,2,58,50
orf19.6689,0,0,0,0
orf19.669,27,27,51,54
orf19.6690,87,122,745,787
orf19.6691,1943,1922,730,771
orf19.6692,3455,3652,3034,3070
orf19.6693,2828,2768,1106,1171
orf19.6694,1149,1094,967,949
orf19.6696,438,496,176,170
orf19.6698,469,517,691,677
orf19.6699,482,484,891,905
orf19.670,2608,2833,2209,2210
orf19.670.2,3,2,40,19
orf19.6701,9631,9755,7775,8053
orf19.6702,10336,10012,23571,23742
orf19.6703,306,342,1306,1369
orf19.6704,25,21,35,25
orf19.6705,1641,1957,717,871
orf19.6706,758,734,1458,1570
orf19.6707,840,916,491,495
orf19.6709,126,155,267,245
orf19.671,1306,1430,1603,1818
orf19.6710,8424,8241,820,817
orf19.6712,2489,2429,2468,2541
orf19.6713,1175,1274,2270,2524
orf19.6715,0,0,1,1
orf19.6716,1517,1560,1500,1574
orf19.6717,3526,3482,2305,2379
orf19.6718,1402,1396,583,584
orf19.6719,1840,1917,1702,1797
orf19.672,656,613,720,680
orf19.6720,142,139,187,201
orf19.6722,1242,1200,591,601
orf19.6723,1053,1002,345,406
orf19.6724,4464,4504,2329,2433
orf19.6726,1483,1491,855,830
orf19.6727,917,877,248,241
orf19.6729,1860,1749,2393,2832
orf19.673,153,156,232,246
orf19.6730,1615,1442,286,252
orf19.6731,79,57,32,38
orf19.6731.1,738,716,296,229
orf19.6732,425,457,193,203
orf19.6734,3280,3439,4777,5417
orf19.6736,1316,1301,293,296
orf19.6737,1135,1226,1092,1082
orf19.6738,3074,3233,2581,2728
orf19.6739,1790,1652,2281,2367
orf19.674,1725,1856,562,634
orf19.6740,1855,1824,1199,1194
orf19.6741,285,378,304,365
orf19.6742,1467,1699,1527,1703
orf19.6744,258,299,323,320
orf19.6745,23882,23310,64641,63279
orf19.6747,1027,1090,1076,1055
orf19.6748,6645,6530,2590,2701
orf19.6749,21552,21640,13364,13982
orf19.675,5394,5627,6758,7407
orf19.675.1,3,1,2,3
orf19.6751,2264,2166,385,411
orf19.6752,1767,1816,709,640
orf19.6753,702,883,1479,1393
orf19.6754,785,779,875,812
orf19.6755,389,437,4141,4179
orf19.6756,597,619,1072,1159
orf19.6757,5751,5735,4799,4766
orf19.6758,303,289,517,501
orf19.676,1491,1451,969,1072
orf19.6760,2424,2458,2000,2185
orf19.6763,17662,21778,29948,37407
orf19.6766,3343,3529,67,87
orf19.6769,1331,1365,821,806
orf19.677,4199,4233,1428,1488
orf19.6770,333,374,1833,1807
orf19.6771,25184,25625,19492,19711
orf19.6773,1929,2028,2444,2840
orf19.6776,3783,3712,1527,1515
orf19.6777,29,19,14,16
orf19.6778,2381,2602,2485,2699
orf19.6779,2599,2785,4815,4938
orf19.6780,778,826,529,531
orf19.6781,604,639,246,218
orf19.6782,1852,1883,863,954
orf19.6783,2658,2753,3486,3674
orf19.6784,692,729,117,103
orf19.6785,25670,27676,8774,8464
orf19.6786,756,673,511,491
orf19.6787,1189,1104,552,632
orf19.6788,138,158,271,246
orf19.6789,943,988,879,949
orf19.679,287,301,117,145
orf19.6790,248,324,428,525
orf19.6791,919,1135,1765,2047
orf19.6792,256,268,347,406
orf19.6793,84,109,246,216
orf19.6794,3244,3237,2016,1889
orf19.6795,139,173,138,100
orf19.6796,791,848,1495,1340
orf19.6797,496,525,541,584
orf19.6798,4204,4625,5334,6351
orf19.68.2,105,110,53,45
orf19.680,9921,9667,2700,2820
orf19.6800,597,611,887,884
orf19.6801,1848,1869,2063,2226
orf19.6802,263,247,385,352
orf19.6803,718,721,231,203
orf19.6804,2291,2321,1127,1317
orf19.6805,833,884,314,291
orf19.6807,2311,2358,1107,1154
orf19.6809,481,500,8781,8587
orf19.681,1237,1346,1476,1664
orf19.6810,3049,2899,3694,3831
orf19.6811,314,367,286,272
orf19.6812,10158,10331,4675,4969
orf19.6813,143,159,90,97
orf19.6814,322137,315407,675324,692621
orf19.6816,91,110,2096,2254
orf19.6817,513,531,1942,2114
orf19.6818,3781,3748,1130,1245
orf19.6820,1375,1366,1850,1964
orf19.6821,561,641,719,799
orf19.6822,701,792,582,591
orf19.6824,1253,1266,13,7
orf19.6826,588,634,256,284
orf19.6827,373,374,157,173
orf19.6828,2936,2976,59,54
orf19.6828.1,430,445,312,321
orf19.6829,1890,1866,739,748
orf19.6830,111,148,191,196
orf19.6831,2403,2359,415,466
orf19.6832,809,877,3670,3842
orf19.6833.2,0,0,0,0
orf19.6834.10,3,5,6,6
orf19.6837,2020,1594,2008,2066
orf19.6838,52,87,225,207
orf19.684,1135,1225,1248,1259
orf19.6840,166,200,418,406
orf19.6842,1030,1058,2819,3027
orf19.6843,1721,1714,2847,2972
orf19.6844,646,567,3858,3922
orf19.6845,646,618,250,266
orf19.6846,1993,1940,2163,2295
orf19.6847,1214,1254,948,976
orf19.6848,1227,1206,1504,1688
orf19.6849,106,80,154,135
orf19.685,2213,2094,2191,2120
orf19.685.1,32,35,32,20
orf19.6850,200,238,678,619
orf19.6851,301,277,389,332
orf19.6852,416,403,1054,1071
orf19.6852.1,36,38,408,328
orf19.6853,3222,3263,1260,1242
orf19.6854,47167,47091,27195,28625
orf19.6855,2270,2344,1212,1296
orf19.6858,1526,1471,753,800
orf19.6859,3,8,1,1
orf19.686,1812,1749,1167,1126
orf19.6860,701,670,590,566
orf19.6861,418,428,606,611
orf19.6862,2875,2645,204,208
orf19.6863,3818,4181,6133,6292
orf19.6864,16,7,34,39
orf19.6866,1096,1113,587,699
orf19.6867,309,318,343,381
orf19.6868,296,285,497,504
orf19.6869,368,430,336,318
orf19.687,725,719,517,571
orf19.687.1,36015,36515,14621,14644
orf19.6871,2980,3117,1442,1526
orf19.6872,557,523,553,567
orf19.6873,58282,57861,27266,26937
orf19.6873.1,61,55,2,0
orf19.6874,1634,1586,1754,1964
orf19.6875,1254,1285,2126,2271
orf19.6877,5345,5617,7239,7982
orf19.6879,453,524,225,196
orf19.688,2112,2191,854,860
orf19.6880,1344,1265,1364,1452
orf19.6881,408,355,654,606
orf19.6882,1777,1722,13514,14402
orf19.6882.1,16124,17380,8019,7774
orf19.6883,4976,5042,5559,5634
orf19.6884,956,906,847,944
orf19.6885,1284,1441,745,806
orf19.6886,4954,4754,146,133
orf19.6887,1456,1607,936,940
orf19.6888,179,217,202,222
orf19.6889,1158,1232,1632,1812
orf19.689,107,88,210,170
orf19.6891,3933,3977,3960,4206
orf19.6893,1689,1753,1452,1438
orf19.6896,597,729,821,866
orf19.6897,1,0,4,5
orf19.6898,107,116,201,226
orf19.6898.1,649,679,335,317
orf19.6899,191,127,814,824
orf19.69,16,11,70,80
orf19.69.2,0,0,5,12
orf19.690,165,200,133,124
orf19.6900,328,345,568,586
orf19.6901,611,570,393,444
orf19.6902,5772,5571,204,197
orf19.6903,1505,1491,282,301
orf19.6904,1719,1652,913,898
orf19.6905,1006,1049,1476,1556
orf19.6906,70174,72019,14648,14934
orf19.6907,1429,1372,559,557
orf19.6908,451,430,404,371
orf19.6909,171,186,231,232
orf19.691,2611,3044,2238,2479
orf19.6910,305,281,252,288
orf19.6911,0,0,0,0
orf19.6912,1221,1241,1706,1596
orf19.6913,650,724,543,586
orf19.6915,1500,1513,1113,1213
orf19.6916,813,789,391,359
orf19.6917,237,291,62,70
orf19.6918,575,616,231,189
orf19.6919,19,34,36,28
orf19.692,258,275,470,454
orf19.6920,174,198,104,97
orf19.6921,1099,1158,825,868
orf19.6922,0,0,0,0
orf19.6923,1005,961,1279,1357
orf19.6923.1,300,343,583,548
orf19.6924,5958,6120,6902,6875
orf19.6925,7471,7668,8688,8880
orf19.6926,1771,1844,2362,2554
orf19.6927,1194,1229,1906,1852
orf19.6928,1831,1977,3221,3399
orf19.6929,564,581,509,495
orf19.693,0,0,0,0
orf19.6930,866,925,958,951
orf19.6931,1849,1849,1165,1149
orf19.6933,602,603,602,668
orf19.6934,831,735,645,699
orf19.6936,1238,1267,1427,1464
orf19.6937,8284,7580,9749,10422
orf19.6938,2460,2587,693,728
orf19.6939,904,953,691,749
orf19.6940,8,8,4,15
orf19.6941,496,457,1432,1481
orf19.6942,1101,1149,1437,1601
orf19.6943,230,197,148,129
orf19.6944,1332,1311,1721,1792
orf19.6947,1774,1832,1476,1521
orf19.6948,8615,8466,1362,1377
orf19.6949,11,7,4,1
orf19.695,59,86,283,348
orf19.6950,122,93,225,191
orf19.6951,1960,1990,4995,5242
orf19.6952,864,915,1096,1076
orf19.6953,1041,1080,978,1055
orf19.6955,6036,6068,285,273
orf19.6956,229,240,570,609
orf19.6957,0,0,0,0
orf19.6958,472,426,356,391
orf19.696,17,18,19,10
orf19.6966,867,868,1257,1325
orf19.6967,3284,3442,3215,3535
orf19.6968,1626,1650,1589,1854
orf19.697,648,670,1500,1458
orf19.6970,92,85,106,109
orf19.6971,160,171,281,266
orf19.6972,944,947,569,585
orf19.6973,245,238,3308,3639
orf19.6975,51636,51786,20425,20224
orf19.6976,1251,1340,573,592
orf19.6977,344,379,283,322
orf19.6978,44,58,29,55
orf19.6979,1767,2217,1469,1677
orf19.698,857,884,939,945
orf19.6980,802,840,796,848
orf19.6981,521,491,517,436
orf19.6982,383,373,273,253
orf19.6983,103,125,505,468
orf19.6984,1463,1456,630,631
orf19.6985,373,402,3727,3767
orf19.6986,313,293,378,393
orf19.6987,2420,2650,2354,2613
orf19.6988,3131,3354,2524,2617
orf19.6989,80,84,17,26
orf19.699,10,5,28,44
orf19.6990,376,441,308,306
orf19.6991,2080,2214,1918,2018
orf19.6992,1381,1401,918,913
orf19.6993,570,675,867,886
orf19.6994,11813,13022,35141,35258
orf19.6995,33,46,115,112
orf19.6996,688,544,155,177
orf19.6997,5,5,12,14
orf19.6998,6,8,4,2
orf19.6999,3,2,8,3
orf19.700,317,313,1300,1386
orf19.7001,3820,3818,4251,4699
orf19.7002,1,0,1,3
orf19.7006,1095,1135,1496,1630
orf19.7007,16,9,8,2
orf19.7009,60,48,52,58
orf19.701,3,1,2,1
orf19.7010,781,884,854,864
orf19.7011,12315,12222,333,363
orf19.7012,1111,994,442,438
orf19.7013,49,57,12,8
orf19.7014,56,128,36,6
orf19.7015,77222,75572,32155,33642
orf19.7016,2644,2879,1734,1863
orf19.7017,1194,1229,907,997
orf19.7018,30954,32093,13930,13716
orf19.7019,1815,1853,650,641
orf19.702,3753,3921,1308,1266
orf19.7020,2016,2003,2308,2444
orf19.7021,3603,4388,18000,21021
orf19.7022,340,374,320,308
orf19.7023,823,838,638,700
orf19.7024,1,2,5,0
orf19.7025,2740,2727,2175,2192
orf19.7027,148,201,393,427
orf19.7029,39,57,19,21
orf19.703,584,606,995,948
orf19.7030,3460,3631,3054,3462
orf19.7032,352,370,403,439
orf19.7033,800,740,406,434
orf19.7034,2223,2203,2102,2391
orf19.7035,1350,1388,838,886
orf19.7036,1283,1296,772,804
orf19.7037,374,407,420,473
orf19.7038,495,504,734,853
orf19.704,2691,2798,2860,2777
orf19.7041,2099,2197,927,1028
orf19.7042,428,409,233,227
orf19.7043,18,15,20,18
orf19.7043.1,1304,1468,1919,1920
orf19.7044,1407,1509,3558,3989
orf19.7046,2693,2953,2221,2046
orf19.7047,3332,3235,1778,1867
orf19.7048.1,3566,3820,1612,1541
orf19.7049,2162,2085,1485,1514
orf19.705,1366,1434,1173,1224
orf19.7050,3683,3567,197,195
orf19.7051,169,168,124,104
orf19.7052,1765,1981,1504,1823
orf19.7053,607,716,825,996
orf19.7054,0,0,1,0
orf19.7055,2,0,0,2
orf19.7056,149,160,60,69
orf19.7057,12652,13055,5662,5838
orf19.7058,1482,1570,1094,1135
orf19.7059,1185,1201,1273,1198
orf19.706,7660,7463,621,630
orf19.7060,394,396,708,811
orf19.7061,208,195,436,415
orf19.7062,18643,17977,710,926
orf19.7063,1070,1125,244,290
orf19.7064,7335,7318,2707,3010
orf19.7065,481,512,349,318
orf19.7067,6359,6690,5502,5931
orf19.7068,290,300,197,220
orf19.7069,2868,2831,533,497
orf19.707,228,222,675,663
orf19.7070,1,1,0,0
orf19.7071,59,40,4,7
orf19.7072,2472,2478,1120,1115
orf19.7073,62,67,117,93
orf19.7074,376,364,430,448
orf19.7076,9504,10159,6583,7059
orf19.7077,73,103,93,105
orf19.7078,155,196,326,311
orf19.7079,1814,1733,1904,1981
orf19.708,953,898,722,729
orf19.7080,7655,8069,531,680
orf19.7081,8171,8086,3870,4109
orf19.7082,858,877,727,742
orf19.7083,487,508,304,309
orf19.7084,2409,2579,931,940
orf19.7085,3402,3654,770,707
orf19.7086,3646,3633,4141,4463
orf19.7088,2157,2084,277,264
orf19.7089,4408,4521,4444,4862
orf19.709,2900,3063,3624,3772
orf19.7091,220,227,1466,1476
orf19.7092,1012,1104,1543,1580
orf19.7093,26,25,66,48
orf19.7094,7,17,1,0
orf19.7095,1677,1790,3796,3861
orf19.7096,1002,1092,2518,2671
orf19.7097,2116,2155,1137,1212
orf19.7098,756,763,5928,6023
orf19.71,1551,1607,2174,2320
orf19.7100,1305,1166,2186,2248
orf19.7101,1191,1261,841,921
orf19.7102,418,408,212,256
orf19.7103,524,530,870,790
orf19.7104,1759,1790,2259,2507
orf19.7105,26,22,22,31
orf19.7106,1660,1899,1838,2116
orf19.7107,4683,4389,185,204
orf19.7108,6715,6708,4467,4529
orf19.7109,1027,1106,823,851
orf19.711,39,67,240,263
orf19.7110,366,397,364,345
orf19.7111,480,502,680,636
orf19.7111.1,45,52,67,69
orf19.7112,271,280,670,707
orf19.7114,524,518,740,773
orf19.7115,2331,2317,1576,1653
orf19.7116,5236,5325,4386,4444
orf19.7118,981,974,943,909
orf19.7119,4274,4387,2802,3050
orf19.712,782,834,621,660
orf19.7121,1607,1687,1090,1155
orf19.7123,987,1024,1319,1460
orf19.7124,5918,6243,5075,5310
orf19.7125,2036,2198,1357,1420
orf19.7127,917,1011,699,799
orf19.7127.1,18,24,17,15
orf19.7128,509,520,532,547
orf19.713,921,921,523,468
orf19.7130,28,24,24,35
orf19.7131,779,749,905,876
orf19.7136,13582,14180,8103,9346
orf19.7139,492,504,469,481
orf19.714,806,790,456,476
orf19.7140,1205,1153,2488,2642
orf19.7141,938,992,1387,1466
orf19.7144,4980,5170,4261,4641
orf19.7148,181,196,238,236
orf19.7149,1261,1317,2920,3043
orf19.715,118,120,538,503
orf19.7150,3270,3208,4449,4773
orf19.7151,1,1,3,2
orf19.7152,2774,2848,5470,5585
orf19.7153,5667,5712,1814,2056
orf19.7154,7585,7233,400,403
orf19.7156,373,367,410,443
orf19.7157,99,85,114,114
orf19.7158,166,157,203,244
orf19.7159,1036,953,406,389
orf19.716,249,228,1719,1640
orf19.7160,2323,2257,324,278
orf19.7161,9225,9487,3813,3858
orf19.7163,150,154,161,161
orf19.7164,558,492,598,644
orf19.7165,336,320,379,394
orf19.7166,1742,1723,779,848
orf19.7167,15,15,32,28
orf19.717,12512,13104,4512,4948
orf19.7170,0,1,2,1
orf19.7173,190,203,143,121
orf19.7175,1335,1439,1149,1113
orf19.7176,2052,2018,2012,2112
orf19.7177,3007,2840,2027,2296
orf19.7178,3445,3627,3654,3731
orf19.7179,1764,1801,1891,1918
orf19.718,1616,1453,186,209
orf19.7181,605,663,927,927
orf19.7182,1589,1467,456,424
orf19.7183,215,296,399,350
orf19.7184,400,454,504,518
orf19.7185,2341,2383,2348,2325
orf19.7186,2226,2491,1847,1923
orf19.7187,1694,1694,630,677
orf19.7188,9750,10251,4558,4680
orf19.719,831,815,1888,1958
orf19.7190,565,555,230,182
orf19.7192,3,2,0,2
orf19.7193,4935,4962,2374,2350
orf19.7194,726,812,187,180
orf19.7195,541,565,876,900
orf19.7196,5165,5645,11991,12821
orf19.7197,6120,6142,161,149
orf19.7198,1230,1279,1165,1080
orf19.7199,489,597,608,576
orf19.720,14,15,20,10
orf19.7200,180,195,353,354
orf19.7201,3747,4088,5051,5596
orf19.7202,918,980,487,551
orf19.7203,2395,2364,923,888
orf19.7204,109,109,433,469
orf19.7205,276,306,338,353
orf19.7206,247,214,311,279
orf19.7207,738,748,1293,1267
orf19.7208,0,0,1,0
orf19.7209,7,6,6,7
orf19.721,1264,1197,347,335
orf19.7210,318,342,694,698
orf19.7212,878,859,1299,1365
orf19.7213,1459,1400,1352,1552
orf19.7214,5996,6393,8307,8743
orf19.7215,10059,9770,851,926
orf19.7215.3,1517,1600,851,799
orf19.7216,890,822,1203,1207
orf19.7217,87309,85732,31117,33133
orf19.7218,1482,1583,2835,2813
orf19.7219,3086,3873,3639,4229
orf19.7221,2245,2180,8998,9580
orf19.7222,563,525,440,432
orf19.7223,2340,2412,399,463
orf19.7224,3048,2998,7187,7185
orf19.7225,97,142,168,167
orf19.7227,16,15,43,24
orf19.7228,602,697,1120,1146
orf19.7229,1610,1658,3051,3091
orf19.723,1541,1714,1512,1470
orf19.7231,2713,2555,62,43
orf19.7232,2210,2297,1414,1562
orf19.7234,4289,4607,3253,3220
orf19.7235,1327,1267,1758,1945
orf19.7236,9209,9422,2885,3020
orf19.7237,375,392,246,261
orf19.7238,9202,9134,4651,4725
orf19.7239,12642,13183,10902,12307
orf19.7242,1258,1402,4347,4708
orf19.7243,1682,1605,1306,1298
orf19.7244,904,999,8560,8803
orf19.7245,736,758,378,399
orf19.7247,842,1093,1052,1339
orf19.725,93,87,126,113
orf19.7250,423,486,943,1014
orf19.7251,1269,1148,1994,2109
orf19.7252,1,8,4,7
orf19.7254,1645,1536,692,749
orf19.7255,918,1081,598,583
orf19.7256,1757,1824,1194,1121
orf19.7257,972,986,804,740
orf19.7258,2518,2635,1498,1444
orf19.726,1117,1207,1053,1135
orf19.7260,838,839,1721,1963
orf19.7261,8697,8557,9292,9780
orf19.7263,4930,4985,3290,3666
orf19.7264,7044,7218,6917,7097
orf19.7265,2200,2168,2259,2485
orf19.7266,281,354,332,306
orf19.7267,471,484,268,320
orf19.7269,4400,4532,5120,5290
orf19.727,595,646,707,616
orf19.7270,6231,6933,4201,4502
orf19.7271,674,771,980,1075
orf19.7272,119,111,150,161
orf19.7274,600,675,1035,1071
orf19.7275,208,192,306,344
orf19.7276.1,131,135,133,134
orf19.7277,251,246,411,412
orf19.7278,4,8,0,0
orf19.7279,196,260,1203,1233
orf19.7279.1,8,1,763,761
orf19.728,566,562,1041,1116
orf19.7280,0,0,0,1
orf19.7281,425,520,1473,1631
orf19.7282,591,578,1319,1321
orf19.7283,5,0,11,5
orf19.7284,14176,15264,5153,5455
orf19.7285,1749,1745,1627,1595
orf19.7286,3653,3756,3555,3573
orf19.7288,303,337,461,518
orf19.729,545,541,603,587
orf19.729.1,1675,1731,1543,1649
orf19.7290,2096,2178,1377,1349
orf19.7291,2053,2100,525,574
orf19.7292,3844,4201,6858,7001
orf19.7293,1100,1160,802,851
orf19.7295,587,574,810,836
orf19.7296,117,90,191,201
orf19.7297,11148,11429,28909,29114
orf19.7298,1720,1925,956,1068
orf19.7299.1,15,12,22,14
orf19.73,2459,2507,460,497
orf19.730,2046,2139,1925,2055
orf19.7300,90,122,147,124
orf19.7301,288,327,326,371
orf19.7303,6,3,8,9
orf19.7304,897,978,1196,1299
orf19.7305,247,210,214,235
orf19.7306,974,1069,540,582
orf19.7307,1564,1489,518,533
orf19.7308,5376,5902,6409,6981
orf19.731,2031,2039,1400,1453
orf19.7310,13079,13081,5549,5731
orf19.7311,158,175,246,220
orf19.7312,9720,9008,20586,20749
orf19.7313,267,250,722,784
orf19.7314,1068,1148,223,235
orf19.7316,261,292,257,311
orf19.7317,323,347,359,362
orf19.7319,199,196,437,416
orf19.732,131,129,177,215
orf19.7320,18,16,19,22
orf19.7321,751,899,873,902
orf19.7322,1986,2077,742,733
orf19.7323,1543,1647,2976,3112
orf19.7324,132,155,217,245
orf19.7325,1591,1488,1485,1491
orf19.7326,1496,1393,1100,1240
orf19.7327,3748,3831,1901,1913
orf19.7328,3179,3467,4434,4828
orf19.7329,584,636,1704,1756
orf19.733,367,381,421,435
orf19.7330,4,5,9,5
orf19.7331,111,112,119,149
orf19.7332,11926,11854,1010,1084
orf19.7335,3117,3006,2391,2408
orf19.7336,9,13,3,3
orf19.7337,554,642,635,719
orf19.7339,243,259,494,580
orf19.734,2599,2574,18044,18830
orf19.7340,1,0,1,0
orf19.7341,865,886,874,878
orf19.7341.1,103,108,182,185
orf19.7342,232,303,358,382
orf19.7343,896,926,531,604
orf19.7344,495,457,619,673
orf19.7345,381,435,421,449
orf19.7347,653,716,662,583
orf19.7348,1,1,4,3
orf19.7349,4892,5480,2138,2460
orf19.7350,8097,8868,9620,10097
orf19.7353,1404,1419,1382,1551
orf19.7354,1461,1700,571,619
orf19.7355,645,633,492,421
orf19.7356,14,8,14,11
orf19.7357,496,507,910,855
orf19.7358,954,926,326,390
orf19.7359,857,850,769,772
orf19.736,835,814,939,985
orf19.7360,91,105,101,85
orf19.7361,1267,1161,354,363
orf19.7362,317,338,117,135
orf19.7363,2590,2931,1453,1706
orf19.7364,95,80,40,45
orf19.7365,299,311,622,619
orf19.7366,1276,1275,202,208
orf19.7367,3361,3476,1224,1479
orf19.7368,3860,4106,3375,3450
orf19.7369,591,664,405,402
orf19.7370,459,581,898,918
orf19.7371,691,812,436,484
orf19.7372,1898,1917,1232,1311
orf19.7374,1700,1730,3941,4016
orf19.7375,173,147,124,114
orf19.7376,780,767,446,443
orf19.7377,817,852,1326,1275
orf19.7378,2538,2839,3022,3290
orf19.7379,220,214,313,315
orf19.738,3180,3033,5563,6128
orf19.7380,215,235,258,279
orf19.7381,1337,1448,1176,1288
orf19.7382,19694,19462,6719,6981
orf19.7383,3114,3162,2012,2064
orf19.7384,11009,10788,337,418
orf19.7385,8,10,48,35
orf19.7386,1181,1202,461,423
orf19.7387,2765,2754,392,419
orf19.7388,4441,4615,3095,3243
orf19.7389,787,865,1378,1459
orf19.7391,1576,1667,1325,1397
orf19.7392,3440,5325,680,873
orf19.7393,1459,1558,1808,1856
orf19.7394,7129,7736,3001,3290
orf19.7395,0,4,0,0
orf19.7396,171,167,153,119
orf19.7397,1669,1602,1154,1166
orf19.7397.1,5070,4455,0,133
orf19.7397.3,29,20,32,16
orf19.7398,0,0,0,0
orf19.7398.1,34244,31625,13852,13925
orf19.74,640,585,939,1048
orf19.740,944,981,837,880
orf19.7400,454,456,536,563
orf19.7401,1906,2004,758,832
orf19.7402,3608,3652,2813,3057
orf19.7403,1029,1076,1879,1951
orf19.7404,2189,2071,3770,3846
orf19.7405,213,244,434,445
orf19.7406,947,1000,471,488
orf19.7409,3054,3312,2435,2315
orf19.7409.1,162,142,53,72
orf19.741,0,0,1,1
orf19.7410,1651,1508,1551,1722
orf19.7411,3492,3471,107,100
orf19.7412,1519,1610,1111,1112
orf19.7413,464,533,447,482
orf19.7414,526,471,507,535
orf19.7417,23160,26094,7933,8199
orf19.7419,434,448,496,448
orf19.742,50,55,53,43
orf19.7420,666,743,758,707
orf19.7421,5735,5700,5156,5320
orf19.7422,6074,6079,289,310
orf19.7424,3196,3785,363,254
orf19.7425,1052,1031,1095,1133
orf19.7426,994,1014,921,853
orf19.7427,3034,2896,1150,1221
orf19.7428,1674,1620,2336,2437
orf19.7433,7301,7231,5342,6047
orf19.7434,49,53,32,36
orf19.7436,1284,1296,1221,1361
orf19.7436.1,403,422,2386,2270
orf19.7437,306,322,1396,1400
orf19.7438,10546,10931,8735,9671
orf19.744,8594,8903,7204,8149
orf19.7440,17,20,14,17
orf19.7441,249,289,116,133
orf19.7442,320,364,150,163
orf19.7443,297,371,142,158
orf19.7444,247,284,423,452
orf19.7445,143,165,773,906
orf19.7446,1064,1113,1184,1146
orf19.7447,7,8,13,7
orf19.7448,3884,4078,21788,22183
orf19.7449,340,400,481,501
orf19.745,3566,3650,3001,3364
orf19.7450,649,612,679,813
orf19.7451,1542,1607,1543,1706
orf19.7452,428,417,314,327
orf19.7453,307,331,256,285
orf19.7454,1531,1584,1623,1674
orf19.7455,6,5,6,4
orf19.7456,193,223,292,324
orf19.7457,171,156,141,185
orf19.7458,161,175,169,185
orf19.7459,2912,3091,4880,5039
orf19.746,821,866,558,575
orf19.7460,683,663,195,212
orf19.7463,134,150,125,121
orf19.7464,0,2,1,1
orf19.7466,30813,34177,15646,18004
orf19.7468,167,174,1221,1218
orf19.7469,1870,1755,16123,16609
orf19.747,424,442,560,578
orf19.7472,72,75,278,270
orf19.7473,347,309,834,893
orf19.7475,1514,1471,687,721
orf19.7477,6300,6348,3046,3050
orf19.7478,3068,3162,1260,1391
orf19.7479,613,809,1053,1135
orf19.748,3588,3644,2289,2514
orf19.7480,8,1,8,10
orf19.7481,1525,1675,2649,2751
orf19.7482,1,1,1,0
orf19.7483,3901,4352,4002,4682
orf19.7484,3261,3270,9440,9403
orf19.7485,4079,3882,1710,1782
orf19.7486,1254,1237,661,685
orf19.7487,4050,4300,3902,4212
orf19.7488,856,842,74,64
orf19.7489,3274,3364,1947,2240
orf19.7489.3,261,286,185,169
orf19.7490,234,226,313,324
orf19.7491,540,563,668,577
orf19.7492,2172,2081,2308,2512
orf19.7494,993,1017,690,774
orf19.7495,70,57,92,67
orf19.7497,1300,1355,1376,1450
orf19.7498,14345,15531,3916,4053
orf19.7499,2152,2159,3759,3917
orf19.7499.1,75,79,29,48
orf19.750,16,24,39,53
orf19.7500,674,722,1076,1177
orf19.7501,8643,8930,3648,3808
orf19.7502,3595,3848,266,301
orf19.7503,4,3,3,2
orf19.7504,705,745,201,232
orf19.7506,576,583,650,660
orf19.7507,232,224,949,835
orf19.7509.1,4590,4812,3319,3151
orf19.7509.2,909,994,618,667
orf19.751,29,37,57,55
orf19.7510,3306,3538,5956,6693
orf19.7511,5744,5676,3214,3661
orf19.7512,178,179,378,393
orf19.7513,278,325,227,251
orf19.7514,417,466,165,138
orf19.7516,1912,1970,1109,1273
orf19.7517,956,906,770,768
orf19.7518,582,529,623,650
orf19.7519,286,327,515,517
orf19.752,791,799,1226,1245
orf19.7520,714,760,788,772
orf19.7521,577,541,434,484
orf19.7522,2084,2338,2182,2222
orf19.7523,2679,2938,1355,1389
orf19.7527,977,1115,1373,1458
orf19.7529,2783,2870,3104,3338
orf19.753,1050,1190,927,1021
orf19.7531,460,427,884,840
orf19.7534,23790,22172,16472,17285
orf19.7537,1152,1121,1769,2123
orf19.7538,2798,3089,3114,3506
orf19.7539,214,223,103,130
orf19.7539.1,357,351,271,283
orf19.754,14955,15256,7825,8138
orf19.7544,1143,1266,1635,1693
orf19.7545,793,850,383,385
orf19.7546,2729,2730,290,269
orf19.7547,198,250,664,635
orf19.7548,249,256,210,244
orf19.7549,1946,1935,1579,1598
orf19.755,338,353,163,136
orf19.7550,46,52,40,25
orf19.7551,4156,4160,2367,2552
orf19.7552,8020,7938,374,484
orf19.7553,228,250,201,195
orf19.7554,1125,1098,320,344
orf19.7555,8,18,9,16
orf19.7556,233,255,264,280
orf19.7557,4,1,3,3
orf19.7558,1364,1410,1341,1534
orf19.756,100,94,507,479
orf19.7561,3500,3688,3535,3865
orf19.7563,932,988,993,1016
orf19.7564,1532,1492,612,663
orf19.7565,525,567,281,303
orf19.7566,1196,1172,768,863
orf19.7567,148,155,266,292
orf19.7568,25,14,7,7
orf19.7569,24404,24012,1634,1657
orf19.757,1668,1854,1899,2060
orf19.757.1,4,8,12,11
orf19.7570,1547,1573,1945,1965
orf19.7571,4594,4857,3606,3729
orf19.7572,2107,2077,2324,2747
orf19.7574,1441,1467,2371,2667
orf19.7576,52,66,67,64
orf19.7577,3173,3011,1479,1580
orf19.7578,239,227,488,537
orf19.7579,1088,1139,1391,1339
orf19.758,140,126,150,133
orf19.7580,367,380,333,368
orf19.7581,1452,1517,1131,1128
orf19.7583,2492,2629,2723,3002
orf19.7585,1518,2592,1076,1085
orf19.7586,4039,4276,4204,4483
orf19.7588,393,385,194,185
orf19.7589,516,530,686,676
orf19.759,6614,6605,6151,6703
orf19.7590,8893,8975,3687,3863
orf19.7592,12611,13133,8885,9421
orf19.7593,1402,1414,899,909
orf19.7594,176,195,198,188
orf19.7595,378,398,525,515
orf19.7596,101,107,57,66
orf19.7597,7,1,1,3
orf19.7598,729,819,1611,1550
orf19.7599,5932,6016,398,408
orf19.76,10302,10359,323,346
orf19.760,358,395,162,187
orf19.7600,15386,15537,14087,14519
orf19.7601,700,668,167,162
orf19.7602,3610,3776,1471,1576
orf19.7603,458,514,164,154
orf19.7604,2407,2400,2004,2200
orf19.7605,3876,4313,4826,5265
orf19.7606,40,24,30,24
orf19.7608,0,0,0,0
orf19.7609,10,7,15,24
orf19.761,880,914,1135,1290
orf19.7610,2660,2998,2226,2560
orf19.7611,4487,4770,3341,3443
orf19.7612,2409,2530,5458,5808
orf19.7613,8406,8619,4491,4574
orf19.7614,358,406,166,169
orf19.7615,426,442,290,218
orf19.7617,2225,2194,807,861
orf19.7618,3223,3112,210,201
orf19.7619,549,585,454,485
orf19.762,12,4,11,13
orf19.7620,179,180,149,134
orf19.7621,975,940,627,600
orf19.7622,776,811,847,853
orf19.7624,3482,3573,399,415
orf19.7625,551,650,599,687
orf19.7626,6176,6424,3033,3034
orf19.7627,405,345,350,367
orf19.7629,678,683,727,850
orf19.763,861,822,695,718
orf19.7631,233,240,217,184
orf19.7632,757,748,752,857
orf19.7634,3126,3006,1758,1758
orf19.7635,8990,8438,439,462
orf19.7637,511,536,3516,3811
orf19.7638,2262,2277,9445,9583
orf19.764,943,985,1237,1364
orf19.7642,884,948,931,892
orf19.7643,3406,3595,4244,4469
orf19.7644,101,128,124,140
orf19.7645,1203,1218,10185,11127
orf19.7646,68,71,518,556
orf19.7648,1158,1211,1137,1181
orf19.7650,3635,3821,218,252
orf19.7652,2160,2238,1312,1363
orf19.7654,9617,10562,3690,3834
orf19.7655,16180,15915,10894,13030
orf19.7657,962,918,54,50
orf19.7658,2701,2798,1010,1056
orf19.7660,782,849,840,884
orf19.7661,570,561,620,635
orf19.7662,1796,1792,1218,1186
orf19.7663,593,702,457,457
orf19.7664,2835,2850,191,195
orf19.7665,509,487,362,354
orf19.7666,337,402,431,496
orf19.7667,1370,1480,1058,1140
orf19.7668,55,53,75,76
orf19.767,336,367,2995,4054
orf19.7670,3484,3373,5141,5508
orf19.7672,2095,2046,1168,1249
orf19.7673,1415,1356,509,565
orf19.7675,1644,1562,662,635
orf19.7676,3539,3662,20945,22420
orf19.7678,14037,14157,10885,11040
orf19.768,509,545,1164,1325
orf19.7680,562,633,901,1021
orf19.769,1685,1573,1317,1366
orf19.77.1,2,0,0,1
orf19.771,496,556,892,996
orf19.772,7633,7209,2964,2937
orf19.772.1,77,79,46,56
orf19.773,874,957,91,98
orf19.775,388,394,2268,2443
orf19.776,14,9,35,26
orf19.778,36772,37507,30594,31919
orf19.779,1145,1261,1445,1464
orf19.780,1966,2047,1070,1201
orf19.781,58,60,59,61
orf19.782,979,1043,1966,1992
orf19.783,1322,1385,967,998
orf19.787,154,141,735,749
orf19.787.1,199,233,679,688
orf19.789,7071,8152,57534,61995
orf19.789.1,466,452,219,228
orf19.791,938,1178,2653,2745
orf19.792,86,137,119,91
orf19.793,999,952,538,594
orf19.794,431,424,602,562
orf19.795,549,513,715,759
orf19.796,459,497,596,580
orf19.797,1997,2111,22628,22574
orf19.798,3824,3832,3809,3812
orf19.799,141,137,255,260
orf19.8,233,213,531,537
orf19.801,3716,3789,1285,1349
orf19.802,377,401,1274,1375
orf19.804,737,782,242,215
orf19.804.1,1598,1660,908,891
orf19.805,775,761,780,766
orf19.806,464,563,738,706
orf19.807,3275,3279,3849,3866
orf19.808,1183,1216,1376,1530
orf19.809,4020,4015,173,154
orf19.81,594,649,166,134
orf19.810,124,113,416,446
orf19.811,316,329,405,410
orf19.812,12,14,12,18
orf19.813,14237,14368,931,1053
orf19.814,524,540,746,815
orf19.815,6366,6137,2345,2657
orf19.816,487,510,659,765
orf19.819,1514,1461,794,663
orf19.820,954,945,1029,1020
orf19.822,12,17,62,84
orf19.823,3,1,3,2
orf19.825,2986,3182,1039,990
orf19.826,1461,1411,905,982
orf19.827,82,91,197,269
orf19.827.1,18284,18907,7078,7113
orf19.8278,300,306,13,4
orf19.828,2691,2538,956,1037
orf19.829,1177,1604,460,609
orf19.831,1102,1105,999,1114
orf19.832,1369,1361,814,894
orf19.834,575,564,752,850
orf19.835,2134,2194,2838,2947
orf19.836,254,276,266,238
orf19.836.1,214,232,71,92
orf19.837,409,447,339,339
orf19.837.1,132,159,257,305
orf19.838.1,44836,46304,10916,10874
orf19.839,1615,1631,607,641
orf19.84,227,248,4127,4408
orf19.840,36631,37351,15813,15761
orf19.841,1543,1672,1803,1781
orf19.842,1162,1366,1246,1260
orf19.843,1234,1311,1441,1660
orf19.844,1323,1466,1545,1603
orf19.846,1159,1220,1589,1746
orf19.847,2102,2073,2561,2581
orf19.848,0,0,0,0
orf19.849,8,7,2,0
orf19.85,475,471,2190,2189
orf19.850,468,483,383,371
orf19.851,611,635,606,654
orf19.852,193,224,226,280
orf19.853,41,58,60,74
orf19.854,242,291,296,295
orf19.855,2,0,0,4
orf19.856,337,382,576,624
orf19.857,89,76,89,122
orf19.86,2374,2446,864,922
orf19.860,347,347,613,644
orf19.861,249,285,724,677
orf19.862,230,205,250,232
orf19.863,2585,2573,956,979
orf19.864,1905,1975,2401,2547
orf19.866,2150,1976,1822,1897
orf19.867,1137,1181,1462,1514
orf19.868,2336,2478,6145,6512
orf19.87,50,26,50,42
orf19.871,1107,1179,1724,1790
orf19.872,311,324,385,433
orf19.873,12,21,18,10
orf19.873.1,4037,3866,2132,2170
orf19.874,724,721,1018,1049
orf19.875,1162,1122,651,700
orf19.876,1152,1232,1384,1409
orf19.878,391,425,396,365
orf19.879,807,861,474,532
orf19.88,60556,62816,35857,36469
orf19.880,3306,3146,2131,2259
orf19.881,780,768,859,935
orf19.882,2967,3126,1910,2123
orf19.886,5725,5693,10563,12394
orf19.889,195,201,266,220
orf19.89,502,588,945,1080
orf19.891,9092,9070,3976,4335
orf19.893,19,16,17,35
orf19.894,589,603,1001,1041
orf19.895,2802,2880,3168,3295
orf19.896,5768,5206,1262,1401
orf19.897,266,268,559,571
orf19.898,2214,2348,3709,3811
orf19.899,302,345,652,611
orf19.9,522,480,937,897
orf19.90,435,455,1104,1259
orf19.900,7871,7793,5763,6009
orf19.903,65919,63049,139647,135151
orf19.904,207,232,688,733
orf19.905,803,751,1504,1488
orf19.906,2964,3286,3570,3860
orf19.908,1881,1874,5434,5744
orf19.909,115,88,1842,1754
orf19.909.1,374,376,379,341
orf19.91,233,205,247,287
orf19.910,984,1008,464,444
orf19.913.2,2883,3149,1124,1030
orf19.915,161,175,152,155
orf19.916,832,793,1080,976
orf19.918,564,618,711,820
orf19.92,2853,3092,3950,4132
orf19.920,1842,1915,327,337
orf19.921,430,422,845,883
orf19.922,6173,5312,28968,29800
orf19.923,2655,2797,6958,7132
orf19.925,1694,1591,1246,1296
orf19.926,3756,3805,2184,2267
orf19.927,214,174,111,93
orf19.928,552,547,552,576
orf19.929,14,14,15,21
orf19.93,3253,3337,952,984
orf19.930,72854,74787,18489,18856
orf19.931,758,889,1832,1977
orf19.932,2056,1920,1668,1983
orf19.933,637,662,1345,1360
orf19.934,181,174,144,156
orf19.935,0,1,1,0
orf19.936,5,2,1,1
orf19.937,35,33,9,8
orf19.938,15,19,22,27
orf19.939,5772,5765,4405,4737
orf19.94,688,753,948,1035
orf19.940,923,976,1098,1218
orf19.941,4708,4806,2643,2743
orf19.942,15,5,15,5
orf19.943,1220,1222,609,668
orf19.944,372,410,5061,5143
orf19.945,698,756,1469,1515
orf19.946,414,389,2259,2302
orf19.947,555,592,275,304
orf19.948,2,2,5,3
orf19.949,1647,1675,1861,1906
orf19.95,624,666,557,567
orf19.951,16,25,630,715
orf19.952,562,662,500,550
orf19.953.1,4399,4969,5160,5389
orf19.954,1106,1107,661,660
orf19.955,1088,1250,1200,1117
orf19.956,1425,1385,1451,1670
orf19.96,7338,7532,2567,2780
orf19.961.2,918,937,527,548
orf19.962,2763,2697,113,121
orf19.964,3342,3243,2531,2645
orf19.966,1049,1101,419,417
orf19.967,2668,2544,670,624
orf19.968,5864,6098,3933,4210
orf19.969,12333,11865,1915,1912
orf19.97,1664,1659,4217,4355
orf19.970,364,371,129,116
orf19.971,674,734,878,920
orf19.972,110,83,100,105
orf19.974,2134,2081,3061,3252
orf19.976,4900,4961,2397,2351
orf19.978,6484,7169,5243,6359
orf19.979,33681,34632,34504,38446
orf19.980,3396,3412,3830,4191
orf19.984,5,7,16,16
orf19.985,2180,2086,1069,1073
orf19.986,2184,2075,5278,5289
orf19.988,687,740,1065,1072
orf19.989,3715,3622,1637,1622
orf19.99,1137,1155,1684,1746
orf19.991,2112,2335,1129,1218
orf19.992,2914,2899,3999,4105
orf19.993,192,239,235,236
orf19.994,112,115,154,167
orf19.996,111,101,90,64
orf19.997,1485,1539,1572,1535
orf19.998,554,553,781,884
orf19.999,167,187,288,298
RDN18,17642,5806,19312,16352
RDN25,55241,30018,61747,66431
RDN5,33,10,53,14
RDN58,306,90,472,241
RPR1,19,24,127,99
SCR1,95,95,161,116
snR10a,0,0,0,0
snR10b,0,0,0,0
snR10c,389,365,520,433
snR128,35,21,8,4
snR13,0,0,0,0
snR161a,0,0,0,0
snR17A,4269,4112,982,969
snR18,0,0,0,0
snR189a,0,0,0,0
snR189b,1,3,0,0
snR189c,0,1,0,0
snR189d,0,0,0,0
snR190,35,42,3,4
snR24,2,0,1,0
snR31a,0,0,0,0
snR32a,0,0,0,0
snR33a,157,126,167,102
snR35a,0,0,0,0
snR35c,0,0,0,0
snR39b,0,1,0,0
snR3a,0,0,0,0
snR40,0,1,0,0
snR41,2,0,0,0
snR41b,0,0,0,0
snR42a,0,0,0,1
snR43a,0,0,0,0
snR43b,0,0,0,0
snR44a,0,0,0,0
snR44b,0,0,0,0
snR44c,0,0,0,0
snR44d,0,0,0,0
snR46a,0,0,0,0
snR47,0,0,0,0
snR48,1,1,0,0
snR49a,0,1,1,0
snR50,0,0,0,0
snR52,0,0,0,0
snR54,0,0,0,0
snR55,0,0,0,0
snR56,0,0,0,0
snR57,0,0,0,0
snR57b,3,2,1,1
snR58,0,0,0,0
snR5a,1,1,0,1
snR5b,0,0,0,0
snR5c,0,0,0,0
snR5d,0,0,0,0
snR60,0,0,0,0
snR61,1,0,0,1
snR62,0,0,0,0
snR63,0,0,0,0
snR64,0,0,0,0
snR65,0,0,0,0
snR66,39,35,5,1
snR67,0,0,0,0
snR68,0,0,0,0
snR69,0,0,0,0
snR70,0,0,0,0
snR71,3,0,0,0
snR72,0,0,2,0
snR73,1,1,0,1
snR74,0,0,0,0
snR75,0,0,0,0
snR76,0,0,0,0
snR77,0,0,0,0
snR77b,0,0,0,0
snR78,0,0,0,0
snR79,0,0,0,0
snR87,3,2,0,0
snR8a,0,0,0,0
snR8b,0,0,0,0
snR8c,1,0,0,4
SNRNAU1,14,6,7,3
SNRNAU2,0,0,0,0
SNRNAU4,1,4,0,0
SNRNAU5,0,0,0,0
SNRNAU6,0,0,0,0
tA(AGC)1,0,0,0,0
tA(AGC)2,0,0,0,0
tA(AGC)3,0,0,0,0
tA(AGC)4,0,0,0,0
tA(AGC)5,0,0,0,0
tA(AGC)7,0,0,0,0
tA(UGC)1,0,0,0,0
tA(UGC)2,0,0,0,0
tC(GCA)1,0,0,0,0
tC(GCA)2,0,0,0,0
tD(GUC)2,0,0,0,0
tD(GUC)3,0,0,0,0
tD(GUC)4,0,0,0,0
tD(GUC)5,0,0,0,0
tD(GUC)6,0,0,0,0
tD(GUC)7,0,0,0,0
tE(CUC)1,0,0,0,0
tE(UUC)1,0,0,0,0
tE(UUC)2,0,0,0,0
tE(UUC)3,0,0,0,0
tE(UUC)4,0,0,0,0
tE(UUC)5,0,0,0,0
tE(UUC)6,0,0,0,0
tE(UUC)7,0,0,0,0
TER1,133,156,211,233
tF(GAA)1,0,0,0,0
tF(GAA)2,0,0,0,0
tF(GAA)3,0,0,2,0
tF(GAA)4,0,0,0,0
tF(GAA)5,0,0,0,0
tG(CCC)1,0,0,0,0
tG(GCC)1,0,0,0,0
tG(GCC)2,0,0,0,0
tG(GCC)3,0,0,0,0
tG(GCC)4,0,0,0,0
tG(GCC)5,0,0,0,0
tG(GCC)6,0,0,0,0
tG(UCC)1,0,0,0,0
tG(UCC)2,0,0,0,0
tH(GUG)1,0,0,0,0
tH(GUG)3,0,0,0,0
tI(AAU)1,0,0,0,0
tI(AAU)2,0,0,0,0
tI(AAU)3,0,0,0,0
tI(AAU)4,0,0,0,0
tI(AAU)5,0,0,0,0
tI(UAU)1,1,0,0,0
tK(CUU)1,0,0,2,0
tK(CUU)2,0,0,0,0
tK(UUU)1,0,0,0,0
tK(UUU)2,0,0,0,0
tK(UUU)3,0,0,0,0
tK(UUU)4,0,0,0,0
tK(UUU)5,0,0,0,0
tL(AAG)1,0,0,0,0
tL(AAG)2,0,0,0,0
tL(CAA)1,0,0,0,0
tL(CAA)2,0,0,0,0
tL(CAA)3,0,0,0,0
tL(CAA)4,0,0,0,0
tL(CAA)5,0,0,0,0
tL(CAA)6,0,0,0,0
tL(UAA)1,0,0,0,0
tL(UAA)2,0,0,0,0
tL(UAA)3,0,0,0,0
tL(UAA)4,0,0,2,0
tL(UAA)5,0,0,0,0
tM(CAU)1,0,0,0,0
tM(CAU)2,0,0,0,0
tM(CAU)3,0,0,0,0
tM(CAU)4,0,0,0,0
tN(GUU)1,0,0,0,0
tN(GUU)2,0,0,0,0
tN(GUU)3,0,0,0,0
tN(GUU)4,0,0,0,0
tP(AGG)1,0,0,0,0
tP(UGG)1,0,0,0,0
tP(UGG)2,0,0,0,0
tP(UGG)3,0,0,0,0
tP(UGG)4,0,0,0,0
tP(UGG)5,0,0,0,0
tQ(CUG)1,0,0,0,0
tQ(UUG)1,0,0,0,0
tQ(UUG)3,0,0,0,0
tQ(UUG)4,0,0,0,0
tQ(UUG)5,0,0,0,0
tR(ACG)1,0,0,0,0
tR(ACG)2,0,0,0,0
tR(CCG)1,0,0,1,0
tR(CCU)1,0,0,0,0
tR(UCU)1,0,0,0,0
tR(UCU)2,0,0,0,0
tR(UCU)3,0,0,0,0
tR(UCU)4,0,0,0,0
tR(UCU)5,0,0,0,0
tS(AGA)1,0,0,0,0
tS(AGA)2,0,0,0,0
tS(AGA)3,0,0,0,0
tS(AGA)4,0,0,0,0
tS(CAG)1,0,3,0,0
tS(CGA)1,0,0,1,0
tS(GCU)1,0,0,0,0
tS(GCU)2,0,0,0,0
tS(UGA)1,0,0,0,0
tS(UGA)2,0,0,0,0
tS(UGA)3,0,0,0,0
tT(AGU)1,0,0,0,0
tT(AGU)3,0,0,0,0
tT(AGU)4,0,0,0,0
tT(AGU)6,0,0,0,0
tT(CGU)1,0,0,0,0
tT(UGU)1,0,0,0,0
tT(UGU)2,0,0,0,0
tV(AAC)1,0,0,0,0
tV(AAC)2,0,0,0,0
tV(AAC)3,0,0,0,0
tV(AAC)4,0,0,0,0
tV(AAC)5,0,0,0,0
tV(AAC)6,0,0,0,0
tV(CAC)1,0,0,0,0
tV(UAC)1,0,0,0,0
tW(CCA)1,0,0,0,0
tW(CCA)2,0,0,0,0
tY(GUA)1,0,0,0,0
tY(GUA)2,0,0,0,0
tY(GUA)3,0,0,0,0
tY(GUA)4,0,0,0,0
