gene_id,baseMean,log2FoldChange,lfcSE,pvalue,padj
CaalfMr16,1378.547276820808,1.9091570206745987,0.5855992055766038,1.4685617664705636e-4,3.074031705670442e-4
CaalfMr17,392.5954830229323,2.008628641280796,0.2232232768164915,2.82524376952294e-20,1.5059924516961733e-19
orf19.1005,138.13914702977732,5.104799992445322,0.47453224572304414,8.246722878204078e-28,5.713212453468353e-27
orf19.1007,1943.6324930049414,3.1436116093381,0.12220549106519556,1.8538517283928516e-146,5.93422691724522e-145
orf19.1010,837.0571686496478,2.0496633161358684,0.1492676914522326,1.2969838048211847e-43,1.2953236655510136e-42
orf19.1026,689.4119235853063,1.493454554213743,0.15591010527513988,2.774584793372007e-22,1.5845341518964378e-21
orf19.1026.1,102.66119476075028,2.0100042145227506,0.3604279398921433,4.713272430462506e-9,1.4464231322982774e-8
orf19.1029,398.88711309241194,2.43592645976651,0.20775084191194418,1.218050138459789e-32,9.835794261663651e-32
orf19.1030,8704.615496124674,5.247460924775763,0.10631264768502992,0,0
orf19.1033,3327.394915343481,-2.4432046179443385,0.10690792377942901,2.3183188495404667e-116,5.399606812996863e-115
orf19.1036,1440.0994533578337,-1.5297266212385128,0.12644681750336453,3.0355422503416076e-34,2.5297536350643945e-33
orf19.1042,23519.109326950544,1.3980964594649838,0.09094806126295168,7.615606853088423e-54,8.93545450695074e-53
orf19.1043,377.22530324049205,1.0668976980950464,0.1930409076408952,1.6698412568249073e-8,4.958681791199368e-8
orf19.1045,1064.3920318068317,2.6040027090691567,0.15909097635104352,2.2279227465250004e-61,2.82083038211137e-60
orf19.1047,1690.0021505707934,2.531703403735474,0.1279015858530611,3.9396498625893057e-88,6.849942741582854e-87
orf19.1048,377.53801892928124,2.066539661740102,0.20118373439995751,1.8269114684275094e-25,1.1804949674870096e-24
orf19.1050,257.3110615152548,1.3476721645626135,0.2362761198270613,4.131863244696699e-9,1.2711232318086149e-8
orf19.1064,18731.128814870957,-1.8387121145550374,0.0917701410671154,6.40079840310863e-90,1.1480972308104618e-88
orf19.1066,300.62318906504436,1.644721658343359,0.2202024383040464,2.3326412332117057e-14,9.864733453731346e-14
orf19.107,1116.5690942638512,2.4362381689582286,0.1401337563526774,1.5017254994433263e-68,2.0466747964028913e-67
orf19.1077,1928.543293523977,-2.2157707556550834,0.12135986551113574,2.3448280767832323e-75,3.5268474350074545e-74
orf19.1082,151.15779701312783,2.662440896047334,0.31644183183598157,5.5838235756973965e-18,2.725115462040903e-17
orf19.1083,247.3307186068079,1.013230481982814,0.2341182049272052,7.888035329997442e-6,1.8749853971760862e-5
orf19.1090,89.1503127648494,2.034380694089103,0.3872179393140988,2.828987337513331e-8,8.284755725039268e-8
orf19.1091,484.8907561323404,2.9569437377192105,0.19264240313204517,6.330876736456667e-54,7.456100488483493e-53
orf19.1092,705.1206601666122,-1.0446067927616356,0.15320161970870116,4.76984603628244e-12,1.7860455284028187e-11
orf19.11,147.046112076316,4.082207685532753,0.37385982123036765,1.4836601964636805e-28,1.0500007875653394e-27
orf19.1108,4154.725408328834,-2.453885117570175,0.10485821069861968,6.831684262072537e-122,1.698939169874772e-120
orf19.111,871.0243205961954,-1.5047079432616726,0.14679022849265203,4.422785364005516e-25,2.8055920977766695e-24
orf19.1112,1219.8704528286894,-1.1159227502365103,0.12906962952158024,2.3256764834223097e-18,1.1484867570824414e-17
orf19.1122,17.325348722041724,2.1328840464731895,0.9619010351691852,0.0029418249600932345,0.00525704878353907
orf19.1124,198.05353543677748,1.4778468871885304,0.26541229216045836,7.795852535822904e-9,2.3564993476322795e-8
orf19.1124.2,2254.522639497346,2.181795168997703,0.11364771003259837,6.991064281772565e-83,1.1453601902053637e-81
orf19.1144,2992.248269006541,-1.1884268658505757,0.11260550860203584,1.9781737753543713e-26,1.3135915644427644e-25
orf19.1146,55.18376389155862,-3.7713615229800603,0.6149579617504345,8.611245206421452e-11,2.9978467695751647e-10
orf19.1148,16.500024833080026,-2.7381268207740592,1.0227512390343039,7.719554460561138e-4,0.0014876646786916522
orf19.1149,3255.0719977119716,1.6683993869092961,0.10494191479318841,1.795938790500423e-57,2.1809824767127705e-56
orf19.115,62.47353101071428,-1.1083565768094739,0.4388773272430233,0.004888883669276013,0.008498026138574456
orf19.1152,8022.125628993939,1.7360798589196444,0.09664777554921665,6.033076912221384e-72,8.57823828840225e-71
orf19.1153,19541.860243694486,2.122203211074177,0.0987942800081866,2.488387126060392e-103,5.177504146956323e-102
orf19.1155,385.7622898546465,-3.7353349437415764,0.2344095370783096,3.530103749613887e-58,4.337580237222418e-57
orf19.1164,3935.0048437200658,2.1028407238585722,0.10472339914442944,1.817201992368165e-90,3.268868828922792e-89
orf19.1171,18796.074377390752,12.082790520027746,0.7297158480320319,7.325898722098046e-65,9.586637279525367e-64
orf19.1193,13451.937211362227,-1.1098171393501917,0.09216832905000628,1.0186221484208943e-33,8.388178694516123e-33
orf19.1199,6002.96653341104,2.3992971950840762,0.09823805632514859,2.3539629696819878e-132,6.648613962332564e-131
orf19.1200,179.1070962973505,-1.4409417665442934,0.2712292184058342,3.516640255628588e-8,1.0228736475132174e-7
orf19.1208,317.850992447744,-1.0265641871427855,0.20749352315329814,3.924123248420791e-7,1.044536346125483e-6
orf19.1210,1748.279715722939,-2.676299975472975,0.12513402208680677,2.333514871549401e-102,4.744560204629108e-101
orf19.1212,2781.8501283489786,-1.2083232445097118,0.10682994664167751,4.996491583251831e-30,3.744069683392309e-29
orf19.1219,118.77416621991343,-2.237337459052911,0.3497670677484638,2.4362463255582874e-11,8.774985322639833e-11
orf19.122,1100.4362688020858,-1.482070138249704,0.14526485867272781,5.242703715301235e-25,3.318961114696786e-24
orf19.1224,1190.6692870143147,1.4057761116953562,0.1306492808620862,1.9014507826366367e-27,1.299984204295497e-26
orf19.1234,382.681740865084,-1.1987556527191654,0.20016054760378996,8.717069113116976e-10,2.832480239670805e-9
orf19.1235,3684.581304207173,-1.2117066323672319,0.10250910570165098,1.2586551466885015e-32,1.0150549645516313e-31
orf19.124,659.3196888662408,3.035412915823637,0.17278694692663846,5.1517494373930863e-70,7.17795089022492e-69
orf19.1244,1727.6003156181855,-1.0646184947796886,0.12043944077295805,4.278792978438376e-19,2.1802633282785583e-18
orf19.1247,361.7827821184934,1.0585315971085132,0.19868947556187325,5.117578233261822e-8,1.4633038631250707e-7
orf19.1249,1043.2321787042536,1.0158824708696912,0.13794433599301065,8.694368280367758e-14,3.5845605552216347e-13
orf19.125,239.70628297745623,2.0688829374532984,0.24429206407741239,4.816408816448368e-18,2.3561147203973913e-17
orf19.1250,1378.0886090296133,2.573298228331956,0.13237984018599752,2.1282368849677897e-85,3.629632414199165e-84
orf19.1266,617.5393160767051,1.965582192027664,0.16635527192960653,7.127949932986362e-33,5.785781987217278e-32
orf19.1274,105.64271349359953,1.5716850136147897,0.34647800893293584,1.6186535600437528e-6,4.10883917112367e-6
orf19.1277,194.91563987875404,-4.370154876480014,0.3504485205898237,1.5690588012485638e-36,1.373641660223497e-35
orf19.1279,2036.3727890374585,-1.1645312478415504,0.11409859902146857,8.138146877733457e-25,5.105358071438416e-24
orf19.1287,3185.3719633974933,2.8538337573468366,0.1094291856418711,6.988941246137147e-151,2.3454285622789288e-149
orf19.1288,1097.2632793295047,1.0954584757138421,0.1377457633216349,8.906708522577065e-16,3.9939421406556065e-15
orf19.1290,1820.4498140383862,-1.0656146729727365,0.12128820621974364,8.308554735305326e-19,4.192562543069995e-18
orf19.1295,20036.200164140533,-3.881137690447745,0.09367997903834802,0,0
orf19.1301,676.3105325628402,3.1651110849668402,0.17152761290339452,5.4858038651673055e-77,8.434085646890227e-76
orf19.1304,466.15584722057645,1.4553953321984956,0.18018913998706418,2.243998946160377e-16,1.0299295163186085e-15
orf19.1306,798.1606981551633,1.890858917016279,0.15514911545877005,7.592316602223845e-35,6.400713321729621e-34
orf19.1310,185.79326985048547,-1.3296167527874754,0.2654044621039282,2.0394958205185135e-7,5.542243322453879e-7
orf19.1314,662.0903248401652,-1.0150201477147767,0.1563239698262782,4.5013590277544e-11,1.5964479006388049e-10
orf19.1325,303.4796145439632,-1.0172186114649786,0.21112649793588908,8.369255250066893e-7,2.167671836967533e-6
orf19.1326,422.4266520491894,-1.1261979101074695,0.18623521611360314,6.955796324578445e-10,2.2672626975466658e-9
orf19.1330,218.73419242747156,-2.7161978602626906,0.2783154328665608,1.7323899400175702e-23,1.0288846817877901e-22
orf19.1334,718.9426453407802,-1.1364094554683235,0.16022675208045903,5.80120548894625e-13,2.2889459331227875e-12
orf19.1335,1378.5215128752407,1.010154181095935,0.1263943025133754,7.127777530782985e-16,3.207756838294693e-15
orf19.134,44.72781730436071,-1.7155876577105738,0.5395012647036908,3.184633705152016e-4,6.451958321181073e-4
orf19.1340,3206.4318828389096,-3.808169252912889,0.11504771067983288,2.814998720803604e-241,2.0431653506111736e-239
orf19.1341,657.6032879405856,-1.1600773505400548,0.1573937014053192,7.743790171275235e-14,3.2032298375811804e-13
orf19.1342,14408.462572972396,-1.7723836699798112,0.09171916794207453,1.0296748287218008e-83,1.6958391242431346e-82
orf19.1343,1311.7941384522633,-1.0992834563281997,0.12699548697057028,2.2547426185549257e-18,1.115119347928425e-17
orf19.1344,303.29679993843,1.587229017469368,0.21797290784706339,9.492875056119999e-14,3.906033361918328e-13
orf19.135,1140.8348197099608,-1.0125275386223809,0.13403809777527737,2.0750707010007125e-14,8.799314752477205e-14
orf19.1354,976.5025575004842,-6.714160737329775,0.2782775990079428,1.106059743124151e-128,3.0148580421750875e-127
orf19.1360,101.83453092108697,1.3251601154930175,0.3477193715178618,5.095696271420779e-5,1.1215562808959275e-4
orf19.1362,214.389824303613,2.178335395077922,0.26557243711945594,3.83699643432758e-17,1.8116892392642023e-16
orf19.1364,1452.383925756144,-1.531346501470589,0.12452849163401197,2.531464296491788e-35,2.1675446006449573e-34
orf19.1367.1,368.0935509947874,1.3856704866179546,0.1978912598653877,8.766267353509392e-13,3.4306608664956506e-12
orf19.1374,840.2384641144673,1.9183456437152546,0.15994004989293842,6.6752547495541045e-34,5.5115000194069735e-33
orf19.1375,6698.568721075293,-2.404547766159122,0.0985739905248257,3.4534477539957207e-133,9.888266458918022e-132
orf19.1388,872.8688601942997,3.588240937207457,0.17559247356447852,4.867369920817827e-94,9.06929046141638e-93
orf19.1390,5469.354344091995,1.032957648593433,0.09684175088892895,7.911062815944739e-27,5.315484832844679e-26
orf19.1394,770.2062517078765,-1.1383209256952622,0.15006821441222729,1.5363241763036017e-14,6.572813919456532e-14
orf19.1404,595.220348376756,1.9039397813084995,0.17018119404023554,8.473495611750274e-30,6.281657910753588e-29
orf19.1409.1,2669.0470684292313,-4.856668945291431,0.13535736107692195,3.481360269013869e-283,3.504943677287834e-281
orf19.1411,46.11481741700485,-1.3675092631999193,0.5368999330189779,0.003051980727102114,0.005441434932468264
orf19.1413,319.4989700989413,-1.4869948558643578,0.21378954166577485,1.0784278416526115e-12,4.1914984978802e-12
orf19.1415,6543.526968195442,1.1797350246257523,0.10133132141467421,1.2532670046467907e-31,9.790854371721236e-31
orf19.1439,460.97723316434485,-1.1617472634221147,0.18631799428794635,2.0951102647483462e-10,7.05376390105673e-10
orf19.1445,457.5277907465646,-2.0452873572514725,0.18807544718529018,2.8931434582598885e-28,2.031383742008799e-27
orf19.1446,2282.415187538718,-1.3407561309575757,0.1126701569090205,4.500874646757769e-33,3.672478371903529e-32
orf19.1448,3263.2436138080093,1.0930470412349205,0.10469457792894331,8.258143360383284e-26,5.375112706518505e-25
orf19.1449,154.87637355006453,1.4219621622227794,0.2877418216620506,2.6171553679583684e-7,7.035436609300661e-7
orf19.1465,102.74688953599264,1.6904559057650543,0.36229192642224467,7.232722690780264e-7,1.8842510449019368e-6
orf19.1466,308.0080384877241,1.228483457193245,0.21806319443114036,7.46427317273002e-9,2.2595534987478557e-8
orf19.1470,10835.326679015836,-4.247824648850123,0.0971230817584858,0,0
orf19.1473,443.09138855596603,-3.323367818247992,0.20964136173418005,1.4803402282341548e-57,1.8012248936915389e-56
orf19.1486,750.5180816708149,4.159476547899987,0.18314730153340883,3.445949667009994e-115,7.996140454080439e-114
orf19.1490.1,196.95446564612035,5.782334000351644,0.45397772460349095,1.6212484823980585e-37,1.4456904324469542e-36
orf19.1495,554.9858031737886,1.3795297854438295,0.16848165763198267,1.0470232390636596e-16,4.86390678113629e-16
orf19.1497,187.29063493944597,-1.9632846736135823,0.27265150468102983,1.2624300925180905e-13,5.163885083550407e-13
orf19.1502,279.01803390305514,-1.457140992375112,0.22441600690021152,2.6611851620997927e-11,9.574131286355565e-11
orf19.1510,1753.3105263224734,-1.0720545813775981,0.11951665975162042,1.4362423972933443e-19,7.489578148625778e-19
orf19.1516,1740.3761937012441,-1.1079504315234678,0.11767987436335332,2.3455261210816398e-21,1.3178014444456883e-20
orf19.1517,21589.26931195823,-1.7129237521962735,0.09107619026326752,2.221113876827658e-79,3.509922232698289e-78
orf19.1522,1753.258680709083,-2.3062455920206517,0.14466430525877752,1.9586709608696546e-58,2.4306211009440125e-57
orf19.1523,265.4909736437525,3.34910768516635,0.2614804173038358,1.54848065106062e-38,1.4110388648058964e-37
orf19.1527,307.8958268795346,2.5799741200182695,0.23875832208424094,3.305753507128565e-28,2.3132862546520744e-27
orf19.1528,781.5583593581894,1.2990249113368582,0.1487838088567062,1.0275786713153446e-18,5.156065969735033e-18
orf19.1535,174.19840833001004,1.0397435970277065,0.2747109326775217,7.47867355573464e-5,1.6130573716273538e-4
orf19.154,209.74969184849834,2.0264172690055284,0.258647722024038,9.35907951672889e-16,4.181773396093181e-15
orf19.1557,368.10466090026557,2.133451479511362,0.20392225151431903,2.821975549405439e-26,1.8639969713638888e-25
orf19.1559,16835.525274901764,-2.8352497018669545,0.09305312593979445,2.2131183063438757e-204,1.1140551990482638e-202
orf19.1566,866.8632762520416,2.205811900547907,0.14811588455397828,6.611112940081397e-51,7.3558942909069665e-50
orf19.1570,2668.1472960449055,-1.9293520114884788,0.1103546222071388,3.536731335293071e-69,4.873350329999856e-68
orf19.1575,1804.4346709318506,2.677966461371855,0.12188434523111256,7.39335973633397e-108,1.6136136879089735e-106
orf19.1578,1327.0668233444155,1.8309504582478686,0.1467135274083794,1.4175376624934474e-36,1.2462352238428307e-35
orf19.158,596.2091799671505,1.2116069061345642,0.1662722402249887,1.3515061252134202e-13,5.521008660721315e-13
orf19.1582,350.8723980025295,2.193834464088112,0.20894870594749915,1.530469745221887e-26,1.0173793556629412e-25
orf19.1584,1902.0556261635315,-1.3297398948639805,0.12099887534283084,1.6450841150367284e-28,1.1629235612751142e-27
orf19.1585,7107.179077682133,1.5517190640102372,0.09680158223821446,2.3245341965461404e-58,2.8789171537382955e-57
orf19.1586,108.36980946834885,1.8788125949915877,0.34918138648938807,1.6582192099830252e-8,4.928859194625735e-8
orf19.1587,126.01797477141513,-1.037576752601486,0.31151552067717375,4.2950075637114495e-4,8.535319074398875e-4
orf19.1588,939.6950755481354,1.1354506027810527,0.15132990408645886,2.4577854563892182e-14,1.0379903125021314e-13
orf19.1589,394.8157872912242,2.0095500418734,0.19679035326533426,3.625209813303022e-25,2.3208779132961503e-24
orf19.1589.1,4934.792769098109,-2.496116730768546,0.10621801861982962,5.006944760721235e-123,1.2756469059764062e-121
orf19.1591,6393.436976374797,-1.8888571907549245,0.09790558255246529,8.826266954106364e-84,1.4575015430564e-82
orf19.1598,2952.4760243057876,-1.9914260707088196,0.11051579384726473,2.490410210286875e-73,3.64054813410086e-72
orf19.1601,19998.215022448934,-4.0869856482257765,0.09110821103281484,0,0
orf19.1605,369.94856879677207,-1.2914546889618403,0.20314106343024646,7.634998759994664e-11,2.674391821542463e-10
orf19.1607,3834.035012311184,1.368368941936495,0.10589278564262544,9.623252574745329e-39,8.820608307130741e-38
orf19.1609,1740.3601873600235,1.3781703088571726,0.12199915522687389,4.846286776436484e-30,3.63588005511016e-29
orf19.1611,139.76588867341516,2.347203318489994,0.34492672189020246,1.063511422481625e-12,4.136098628741622e-12
orf19.1613,13360.11042340321,-2.584071003186633,0.09555819368786636,6.513188630160777e-162,2.434450504758298e-160
orf19.1616,180.54324455851042,-5.252761059077104,0.4300365753629697,7.488054764737662e-35,6.3248224413386325e-34
orf19.1624,921.9502679702471,-1.173959228685072,0.1434383217201791,1.197449832226922e-16,5.55310687426482e-16
orf19.1631,9579.41755479879,-2.323188667730145,0.09516397903043229,2.269692215713119e-132,6.439735822946041e-131
orf19.1632,5213.762216425098,1.9750783766632847,0.1017878474527224,1.4307928444322831e-84,2.4269046018875842e-83
orf19.1633,670.4125565260887,1.6675342054340865,0.16013288205791262,7.316883453319425e-26,4.767430742757814e-25
orf19.1635,9238.838805265334,-3.423759985344338,0.10142348353172419,3.691138267657376e-251,2.8444549465083137e-249
orf19.164,688.0769173293526,-1.0256497511322473,0.15629921622267204,2.7679204550671793e-11,9.940943314458765e-11
orf19.1641,112.04153500505467,2.5036669414372885,0.35862242246237086,4.207812739078534e-13,1.6750744335030744e-12
orf19.1642,836.4276368742479,4.144275054020061,0.180271968780724,5.8862856356622685e-118,1.3812855239775894e-116
orf19.1643,1423.91046740957,1.2049219927049541,0.1275311166247793,1.733218272092027e-21,9.746620229187777e-21
orf19.1646,1659.1583422232318,3.2489869614956133,0.12848784339348174,5.0164767146761496e-142,1.5501409729212141e-140
orf19.1655,49.23669023278909,-1.1992923668063211,0.4968107212711429,0.005808182110655241,0.009960074927118135
orf19.1655.3,138.1811285597393,1.3624073751725192,0.30264838856566884,2.4060737093644096e-6,6.009888793058282e-6
orf19.1656,990.7983815257506,1.2180170092252558,0.1373496808862517,3.2659554140046097e-19,1.6792498924396025e-18
orf19.1658,3623.867644469274,-1.220580635661084,0.10235857225812346,3.7832211262353865e-33,3.0909510824556653e-32
orf19.166,932.0538302740745,-1.4695156875444972,0.14349174155039968,7.023056300779533e-25,4.42360418057173e-24
orf19.1667.1,199.44756998372912,1.7448534889564316,0.2617640900593092,6.507662098158092e-12,2.4265726891698218e-11
orf19.1672,4976.989822571441,-1.0103760821186332,0.11376246876034506,3.9035971761719736e-19,1.9955981632813647e-18
orf19.1674,1687.2433138552035,-1.160426605111783,0.12350032276936058,2.614200391564481e-21,1.4647970237114445e-20
orf19.1678,231.1342001747625,-1.1914421794166175,0.23890974515295743,2.8601758472012675e-7,7.65903802583883e-7
orf19.168,600.7453930051014,2.091085683958874,0.16872954171709212,4.840797364796995e-36,4.1908817130461645e-35
orf19.1681,331.757022773066,1.5045862685032403,0.20674236715333208,1.0240543159277106e-13,4.2053598947505063e-13
orf19.1685,209.63352057385475,-2.176638737700712,0.28616018992205605,3.4263170900154472e-15,1.505071870223534e-14
orf19.1687,1645.797593285207,2.8275860915305895,0.12569204069415713,5.433646507627576e-113,1.2333389636585937e-111
orf19.1690,10149.870465639442,-1.2046784483852977,0.09487766974893215,1.8086635486026614e-37,1.6105103952036822e-36
orf19.1691,19864.618197236636,-8.691244469519589,0.1436791687027306,0,0
orf19.1698,931.5194870505156,-1.7717961542338374,0.1427080640877315,2.608716475768966e-36,2.2774277261188656e-35
orf19.1699,1351.4240342224862,-1.3102590688828482,0.1266736554377683,1.529341882022074e-25,9.892385520810142e-25
orf19.17,162.58672674249368,1.5940558477173727,0.29476015946516465,1.7026920531457993e-8,5.05142765957038e-8
orf19.1700,4147.256972817741,-4.912238043238383,0.12752751916977711,0,0
orf19.1701,719.8283720234617,-1.5448192716825944,0.1578338062581261,4.382672917411124e-23,2.566289338694206e-22
orf19.1704,789.5960720286049,1.0191043417804933,0.147872624957294,2.987904238671406e-12,1.1296485922342166e-11
orf19.1706,661.5663755805546,-1.4911552878048633,0.1625676223969674,1.408431152831147e-20,7.631447270809045e-20
orf19.1708,294.5001647492424,4.12866767188492,0.27140045575135946,3.8161343027057313e-53,4.403014846116298e-52
orf19.171,3740.3805002565923,1.9740122449206412,0.10292992727169917,1.1936604871114837e-82,1.9504787331282413e-81
orf19.1718,546.4101118986193,-1.1736937964539118,0.17029030456946598,1.918279625212696e-12,7.327969045641157e-12
orf19.172,356.42771923334305,2.6810079500405,0.22207090944087512,1.5877369492594557e-34,1.3320771555480542e-33
orf19.1720,570.7752580224761,1.449376217110024,0.16838947111081262,2.6918399240414616e-18,1.3282580874203007e-17
orf19.1721,1264.8029867837643,1.4518921690951412,0.1288957854484322,6.607211446240719e-30,4.92150523239076e-29
orf19.1722,64.90443647453124,2.1670200713274776,0.4797111569897189,8.531578527216633e-7,2.2069669774921767e-6
orf19.1724,27.29155364296729,-2.7510932233999643,0.7909233172023886,4.843347255536286e-5,1.0690301827813824e-4
orf19.1725,319.1973900023862,-1.771826500285151,0.2134979910734526,2.4568138512982926e-17,1.1706436686873238e-16
orf19.1735,419.0096892844582,2.853185691274889,0.20631527420504647,2.1608808100466005e-44,2.186096923227047e-43
orf19.1737,12.051745200190473,-3.6448024201825042,1.381769811083248,0.0010429615400499724,0.001975171702970852
orf19.1747,724.8027789954325,-1.5102776203896715,0.15613326735614608,1.1962580035709553e-22,6.920335920565248e-22
orf19.175,455.7112110004017,-1.0244905242018538,0.1794577997078384,6.005672080888646e-9,1.8250927521376303e-8
orf19.1753,836.3810444317315,1.4952691496495865,0.14794650503892878,1.4348360675253564e-24,8.89101424556114e-24
orf19.176,238.7725189360618,-3.592515427040775,0.2816088476608966,3.468393938394101e-38,3.1330991264046282e-37
orf19.1766,43.95012939456354,2.7657748331132987,0.5847771459639703,2.7806327371736486e-7,7.452430032390689e-7
orf19.1772,454.4901467393722,1.8035546211569882,0.18420373021751066,2.894210870077158e-23,1.7075297023649922e-22
orf19.1789,214.35273017669613,-1.3027432973162036,0.24978551823351447,6.858305676900432e-8,1.9388380450730296e-7
orf19.1789.1,12715.339525565658,-2.670792523609313,0.09729653614702902,6.4612592500529445e-167,2.4895790270883014e-165
orf19.1791,568.1139347115841,2.0486266057321227,0.17370295191839838,8.087000838751335e-33,6.555721978634524e-32
orf19.1797,732.4438112057287,2.782590381403237,0.17047355248688423,6.207181183736711e-61,7.811537288081562e-60
orf19.18,4048.650649180499,1.0280141018523337,0.10091381576195244,1.3292303538994132e-24,8.255776984119538e-24
orf19.1800,1249.4224023436411,1.0949238027243977,0.12948407500249376,1.409992248402603e-17,6.780563647557048e-17
orf19.1806,37.57468598831492,2.659851144516164,0.6331777047702138,3.21927168654118e-6,7.948850422227075e-6
orf19.1815,5961.391628131967,-1.5631151312673621,0.09897373953929837,9.916861181827022e-57,1.1904047595570054e-55
orf19.182,693.551939975399,1.1488048813436962,0.15461561279432148,5.2116752439080044e-14,2.1745505930797973e-13
orf19.1823,457.29936427029565,-2.0853475890097877,0.18744500650621776,1.7711987914570407e-29,1.2976317906425878e-28
orf19.1825,426.6354896132397,-1.3375700458522854,0.1941652225933791,1.9655708522741765e-12,7.494864544835315e-12
orf19.1828,181.96334578030962,-1.4272740105997042,0.2711399027188024,4.575218380178547e-8,1.3130350863942293e-7
orf19.1830,87.81975406088655,3.445812091413115,0.44119622353668314,6.814318859662309e-16,3.0711175683763276e-15
orf19.1832,2911.6927983515793,-2.8773387983589727,0.1165078836448082,9.5747735452483e-136,2.805903120630981e-134
orf19.1833,3641.2028767097972,2.2558157658302047,0.10405773294654107,5.2357046334055276e-105,1.1116077660448063e-103
orf19.1835,771.3231736041615,-1.3390471072888646,0.1506006800277948,2.208567072702021e-19,1.1402709402651792e-18
orf19.1839,2008.2884099076655,1.699920925230574,0.11623360739003015,5.030934021716261e-49,5.442476631464975e-48
orf19.1847,2487.94767126994,-3.012642925043923,0.11636326452535346,9.075221130160283e-149,3.0131665050244934e-147
orf19.1857,2211.9772704446514,-2.1787018825874656,0.11521129948435113,1.9736556643349636e-80,3.158861194045857e-79
orf19.1860,11680.17119050126,2.864255576153611,0.0919668372467102,3.0037640215896926e-213,1.7201371580516386e-211
orf19.1860.1,1343.957242550244,-1.116312758373363,0.12590539227594824,3.4966990368846706e-19,1.794933831269253e-18
orf19.1862,2133.9216816191283,1.1055295342359208,0.11285653583560225,7.785457044178378e-23,4.529060845271336e-22
orf19.1866,1737.9782325347242,1.1435790488813482,0.1177165731757228,1.244517367929481e-22,7.192849454273908e-22
orf19.1867,451.69119944910364,-1.2598816371763644,0.18148270103392566,1.4777091254909667e-12,5.700778962493581e-12
orf19.1868,5797.269063839838,-1.3111192172911617,0.10279318708307297,9.69949851289187e-38,8.698889327222853e-37
orf19.188,4914.944539273974,1.2973038447906051,0.11345522486793455,4.95081223356581e-31,3.8151814767799736e-30
orf19.1881,1859.9072378591702,-1.0926398916286695,0.11641321364467792,2.86036210742344e-21,1.599854863309777e-20
orf19.1886,1487.3079304973946,2.372110637842656,0.12750839858956234,4.6346127536671e-78,7.25043930034838e-77
orf19.1889,3748.7055710442974,1.5264562128129358,0.10215598896419799,5.650913589214179e-51,6.298750468549091e-50
orf19.1893,1536.8669239515486,-1.4548037322723797,0.12625414977977856,3.0119460567803554e-31,2.3383790157242512e-30
orf19.190,1108.8587174638956,1.6571270495114567,0.14335686234453454,1.551439518186799e-31,1.21051068406525e-30
orf19.1902,1018.1181097293793,2.9471242040018217,0.14639063379811906,4.839971148160617e-91,8.782296484540282e-90
orf19.1910,734.23484007806,1.6271732603162257,0.15323132240392692,6.983102499618008e-27,4.702106343324229e-26
orf19.1911,6292.723214453343,1.0546198726315301,0.0951473524083829,7.086826097534506e-29,5.072932167524127e-28
orf19.1915,3040.911188063107,3.1327813220042944,0.12119959077544076,1.2560381875731869e-148,4.1482488713395936e-147
orf19.1923,1218.5792085477385,2.3190516222674984,0.1336072327696568,2.905736498812963e-68,3.9383154347568277e-67
orf19.1925,1080.2736900488685,1.006873553151721,0.13404342836240743,3.1698637724104575e-14,1.3315134365670306e-13
orf19.1927,134.1388778252605,1.4454425647677231,0.31254561507976114,1.188654840369165e-6,3.047056884428882e-6
orf19.1943,75.540135975279,1.936673375777365,0.44043050741281314,1.787842423140343e-6,4.525430821266027e-6
orf19.1946,5500.34826394407,1.9982905016936034,0.09810419274919036,3.307751744545797e-93,6.1267021927165765e-92
orf19.1948,900.3733890601102,-1.0773483417025445,0.14927799262430133,2.500553005389492e-13,1.0082979237494322e-12
orf19.1950,258.4408294803235,1.4418932283740329,0.2311899884151826,1.523404182273815e-10,5.19338553017649e-10
orf19.1953,1091.6375863201727,1.2839758562384995,0.13682908569447624,2.4265531427009604e-21,1.362099345030521e-20
orf19.1954,1142.0464960363083,1.3303364435711402,0.13215354280504568,3.031080413438213e-24,1.8530855965407764e-23
orf19.1957,646.5348951539822,1.4221850739457367,0.15992608552356852,2.053097717582836e-19,1.0644049794976795e-18
orf19.1960,639.4742602697702,-1.2861789568150985,0.1694044054644285,1.128668344174594e-14,4.8654335665316404e-14
orf19.1963,3528.7730606043715,1.1589594117331028,0.10293601434413473,1.088671032038345e-29,8.023004229024026e-29
orf19.1964,577.5943843300735,-3.358625408822673,0.18848063447752908,5.607363680816344e-72,7.991133355172515e-71
orf19.1966,532.313292980847,2.883769576757929,0.18845896525198383,7.938734903426728e-54,9.29710755481982e-53
orf19.1968,107.68250891355605,2.6246766484484017,0.3704900563948776,1.8624838401963027e-13,7.578633722624068e-13
orf19.1971,2447.3372638912747,2.7572170542822145,0.11379804402128317,1.4420077977178084e-130,4.000450077046471e-129
orf19.1972,548.4090040084648,-2.5570975070520165,0.18085742033707297,2.927911345492746e-46,3.0208301848868956e-45
orf19.1974,12463.10253645407,1.4105114576399447,0.09125655429022156,2.3622768563360792e-54,2.7926765411457968e-53
orf19.1975,519.5075895069198,1.5067126563425615,0.17420844188422166,1.8249754971911255e-18,9.069663259129782e-18
orf19.1976,79.28555338763381,1.8097718986400795,0.40424091217951313,1.6839215032333257e-6,4.265843353564293e-6
orf19.1979,19248.74218785798,3.043105415018982,0.08960326854381707,1.395276679134564e-253,1.1310801339166169e-251
orf19.198,42085.95183770246,-3.7772668619355527,0.08997395186005558,0,0
orf19.1980,8215.95035949812,7.693195009325417,0.1490391558144673,0,0
orf19.1985,299.8708916865133,-1.402216449376913,0.21785905808799158,4.1360772493410424e-11,1.4710765920448313e-10
orf19.1986,8126.222293039229,-2.8403370977632885,0.0955757215987221,9.530331181080544e-195,4.439427405395877e-193
orf19.1988,599.8563977403695,-1.0113767271154455,0.16248900801202776,2.5221902545000045e-10,8.414490416135237e-10
orf19.1992,336.16825951810836,1.0529372105463424,0.2073239734020373,1.914144927478271e-7,5.212954902844402e-7
orf19.1994,700.499412239328,-1.0581108952041833,0.15465117252100158,3.937305783980548e-12,1.4796305059365792e-11
orf19.1996,15673.63506850392,-1.5821622634456916,0.09105259790739213,2.5756289216203277e-68,3.502630877724202e-67
orf19.20,3006.4369728740776,-1.5936512663692464,0.11027308718786147,6.658344102050827e-48,7.068262565476406e-47
orf19.2003,906.2160743676925,-1.1794869660252678,0.14161892245403945,3.674981013843328e-17,1.7378205673037918e-16
orf19.2007,1422.82208331862,-1.3144733899559602,0.12542632322776837,4.124466889788114e-26,2.7099918237955167e-25
orf19.2008,2300.752438462868,1.8335610329115826,0.11254538860923081,2.6546353961772614e-60,3.314046828587693e-59
orf19.201,576.9632009359841,2.0637386657918717,0.18412459118987473,5.2460147261464936e-30,3.921631607258253e-29
orf19.2012,1281.3816235958798,-1.0885996555065243,0.12778622887537605,7.489412655027445e-18,3.6323942340855715e-17
orf19.2013,17380.9297230707,1.0811210415133359,0.0914636725427582,1.9777927377991836e-32,1.5888522869166671e-31
orf19.2017,1078.9588999576547,1.8787786592618494,0.1362581780159017,6.886416467607185e-44,6.9219020275046775e-43
orf19.2018.2,27.44022860197093,2.016691601170191,0.7056645910106629,6.834247393150314e-4,0.0013260606847387087
orf19.2020,7977.412330986894,1.8296769546838094,0.09887156390722349,1.0459607971722777e-76,1.6002174744973915e-75
orf19.2021,10758.193005397567,1.5026559671300466,0.09396808479280437,4.733451825729084e-58,5.804755657406865e-57
orf19.2023,47329.26813339308,-1.5028633442488244,0.09464503221901445,2.4176371859734868e-57,2.924591340086532e-56
orf19.2028,1720.2218424539562,-1.3200828785688348,0.12657111239853738,4.826788322543315e-26,3.158156468481695e-25
orf19.2030,1453.248724875008,2.3412198718186064,0.13094903283464207,2.2837869708155173e-72,3.269586759594142e-71
orf19.2032,304.0667563147645,1.350444669146707,0.21888043031798185,2.4435014771249657e-10,8.160693536765135e-10
orf19.2044,418.79473738394574,-1.178688216996288,0.18643341919298326,1.163817507113222e-10,4.013562916795984e-10
orf19.2045,1457.300329327676,1.4679731251426262,0.12620988960319632,9.574487435962445e-32,7.517478059783343e-31
orf19.2048,661.3052379921421,3.12937324588509,0.17469767878135722,8.997381199421349e-73,1.3030546043338297e-71
orf19.2059,148.50133370939966,1.7135641782025162,0.30124904432164773,3.1361506662359933e-9,9.753787971422555e-9
orf19.2062,603.0800625374088,2.343458275849437,0.1695142339514393,2.2734342825198e-44,2.2962421992699987e-43
orf19.2066,222.84010820734463,1.013847230190089,0.24093839307585851,1.3716330611187406e-5,3.198256842548815e-5
orf19.2067,666.6214410810633,1.1789555634204103,0.15632759054317974,1.7126892275460537e-14,7.312316113777338e-14
orf19.2076,440.66098203285867,1.157915894471619,0.18313592412707158,1.1783331587760273e-10,4.059136631942584e-10
orf19.2079,234.37208728234987,1.0194822168690199,0.23506775722878887,7.691075521596777e-6,1.8323547101453083e-5
orf19.2090,2016.2422557434684,3.3332338485883994,0.12263022195091294,1.1707201937993271e-163,4.402190029936988e-162
orf19.2092,4762.507306338155,-1.3745035090921007,0.09950004747225853,8.409225483338232e-44,8.425423028410471e-43
orf19.2098,47512.13465043158,-3.8541247385027058,0.08791539465764588,0,0
orf19.2107.1,1314.5254278050998,-4.087235437887995,0.45911551120164673,1.5839848131337902e-20,8.5603750680356e-20
orf19.211,274.9955863678189,1.2535668829235458,0.2228649078085767,7.488609001500285e-9,2.2658214923589326e-8
orf19.2111.2,2140.3074834619897,-3.519269888832724,0.12305345975333601,7.06114242360977e-181,3.103919085082548e-179
orf19.2114,977.4408114400907,2.06294606923004,0.14162906900078479,9.364883691656267e-49,1.0061205508316422e-47
orf19.2123,115.80379429421646,1.3422760242893756,0.32963501310968996,1.6638076890662063e-5,3.839366948299911e-5
orf19.2127,598.9905361225368,2.3157468503929013,0.1740515229001176,3.0250684487122724e-41,2.8740452445756473e-40
orf19.2138,22461.0863650352,-2.6889226141472635,0.09243523556386592,9.603191387918587e-189,4.343704394448393e-187
orf19.2143,1938.6108701712499,2.2572455272810266,0.12014145401873211,1.3820702098856475e-79,2.1951354325970004e-78
orf19.2149,3658.3604455796076,1.0522522359969702,0.10181910203348897,2.784947070238801e-25,1.7939772561847878e-24
orf19.215,1713.8928154104353,1.2661426970614749,0.11827006301769068,4.0144418696526446e-27,2.7207541965658856e-26
orf19.2156,1990.893000695582,3.559379092008053,0.12902702813953967,2.3927888552070575e-168,9.2768869777655e-167
orf19.2157,4352.841784758281,4.541439466608377,0.11216458998375214,0,0
orf19.2158,1066.0633447978435,1.5154522103879922,0.13590142353698326,2.1686285025702118e-29,1.5740208270980539e-28
orf19.2160,220.64418323707116,5.673970719208544,0.4182935350403682,2.4706141624572132e-42,2.3946542860338394e-41
orf19.2165,617.336864726541,1.5161320873498274,0.16242777345644266,3.4314119628043956e-21,1.9123994171272357e-20
orf19.2167,1410.1222744811594,2.8090939926189247,0.14753948980073522,7.943400680829708e-82,1.2912163294202875e-80
orf19.2169,10.141281712486151,-2.652747138733528,1.3939599705138583,0.005202860578969596,0.00899619272407984
orf19.2172,3285.490124464851,1.0255352325434945,0.10601527637605321,2.1519531582942904e-22,1.2334703043225858e-21
orf19.2173,2032.4479805392534,1.2206689031388613,0.11421355444237032,6.85123654555497e-27,4.618295736215348e-26
orf19.2179,502.1361739188476,-1.0853656061736943,0.1748757053027305,2.650154809470478e-10,8.827249904330162e-10
orf19.2179.2,5489.537739977307,-3.9648444242975045,0.10577671059837108,0,0
orf19.2185,1204.404022461165,4.017527511689274,0.15145497434253982,5.056823727445484e-156,1.8036967832408408e-154
orf19.2191,449.0745238419998,1.3451815546660857,0.1868298386728321,2.160507620720281e-13,8.745712430957194e-13
orf19.2193,1876.6968993403052,2.025231783636268,0.12122045176684422,2.1231867339845014e-63,2.732563215161084e-62
orf19.2196,1090.0746569093965,-1.3450171095219552,0.13439830766992755,4.662013392317497e-24,2.8307672757632117e-23
orf19.2199,998.289227112979,1.3161889936920528,0.13840054147513725,7.330232336580719e-22,4.148260221662452e-21
orf19.22,113.25347223723051,1.0008189161977523,0.32932547723082206,0.0012252008560589666,0.0022986786124196182
orf19.2201,195.18381706613772,1.0633570528198744,0.2549684452480719,1.5211414431459957e-5,3.5271043417969186e-5
orf19.2202,207.026209161983,1.3515070103421984,0.25631043988779073,4.7251021607898414e-8,1.3535607015901876e-7
orf19.2208,8043.907736473743,1.3458218619269324,0.10290165368744049,1.4235676297957963e-39,1.3282375403864514e-38
orf19.2215,3247.102550271661,1.6494451329322957,0.12322372626873705,2.0302317630241004e-41,1.9347643763047993e-40
orf19.2216,1179.9962453667392,-1.2694467641993474,0.13201361403228148,2.417121492972832e-22,1.3829213894717157e-21
orf19.2228,555.3421783157227,-1.0503473126075944,0.16694280338875955,1.3851939885432972e-10,4.732556582642179e-10
orf19.2232,6932.223720069829,-4.194214895114492,0.10586283684922108,0,0
orf19.2237.1,282.1610826498869,2.7812649284955615,0.24088339539055223,9.590139232621746e-32,7.520307674626249e-31
orf19.2238,830.8203774467196,-2.0559651285769815,0.15284541492117976,5.3511825574469534e-42,5.138781772859058e-41
orf19.2241,6789.320542377541,3.164810233259139,0.097546688561801,1.2913361560376434e-231,8.667226113964486e-230
orf19.2242,2761.3186608631117,-1.6275627913209305,0.10943694802602882,1.4844390030425004e-50,1.6399766826533253e-49
orf19.2246,2228.172546353699,1.7052614866400497,0.11334232622474828,9.341147573280728e-52,1.0543841438050325e-50
orf19.2247,10.643780570463125,3.4912999653654837,1.443965505716774,0.0017420139764348272,0.0031962525693433838
orf19.2251,250.2652259620984,2.188154184493112,0.24540027272252887,7.803892391855498e-20,4.1072425219192255e-19
orf19.2256,945.0518883479381,1.7675597556722047,0.1415070641956512,2.1127918889849603e-36,1.8470654021070197e-35
orf19.2257,2920.9630690181493,-1.1064680374396165,0.10814937849821522,6.016810338616746e-25,3.801308717980337e-24
orf19.2261,983.4249161113639,1.0003032332165185,0.13876504474500634,3.103324397740259e-13,1.24652193633814e-12
orf19.2270,2434.2486875025024,1.5218343529487381,0.11957303744616887,1.1259398728386e-37,1.0068935080599629e-36
orf19.2283,2669.3575629545116,-1.1512853981432338,0.11355841617915002,1.426465744037893e-24,8.850893811416031e-24
orf19.2284,2277.6823263295264,-2.806278665270644,0.11699991229247383,4.778946493544738e-128,1.291349957260011e-126
orf19.2285,113.39500596232322,1.5175942612323299,0.33948677971007274,2.3360694651319004e-6,5.839705887606457e-6
orf19.2287,314.1489088184924,3.343077482239169,0.24565855041011259,3.4048502507619075e-43,3.373504010358068e-42
orf19.2296,27889.01755724965,1.2593127356773832,0.10078471359560484,2.7453535718948513e-36,2.3933655022021875e-35
orf19.2299,451.4257795224303,2.836009416275976,0.19655979569904092,4.194819553184179e-48,4.460658202891933e-47
orf19.23,1559.792571132491,2.2648549007982504,0.12789809649470293,5.180925892112085e-71,7.283635004180999e-70
orf19.2306,1441.0114724035832,2.840586226288923,0.13257587055879425,7.577914773898954e-103,1.5457955561659237e-101
orf19.2309.2,19368.217736439467,-3.7101289099615116,0.09578285891812512,0,0
orf19.231,1451.4583417850743,-1.384037270862788,0.12401290539641266,2.0592298974741426e-29,1.4963577438921534e-28
orf19.2310.1,2033.7013995024306,-2.6810299810288396,0.12989119871797927,7.647823075565363e-96,1.446597322353909e-94
orf19.2311,1651.183939304061,-1.3436473577909784,0.1199855474704874,1.9042569154312028e-29,1.3885948208085945e-28
orf19.2314,771.2851250906187,3.4527405136169396,0.1791037792690883,5.453858011602144e-84,9.078128455578822e-83
orf19.2319,1261.8549915964577,2.2510281308989954,0.1347274282491832,2.500494211798304e-63,3.2115400967170808e-62
orf19.2320,716.4389419801975,2.2860052955616337,0.15870655299933814,8.416677311031062e-48,8.9196773812319e-47
orf19.2329.1,6439.774046558441,-3.5404823553754596,0.10185308140338269,8.191468141204503e-266,7.101547796860904e-264
orf19.2330,551.1385789461624,1.1193015322342326,0.1675250929839769,1.1491253208368593e-11,4.219317795684515e-11
orf19.2333,2405.268322652758,-1.649646838529936,0.11077220671435117,1.0275590863462728e-50,1.1392582268158854e-49
orf19.2334,354.2863184475017,-1.0898024700022422,0.19926505145186943,2.206582114238863e-8,6.490803749801594e-8
orf19.2335,1749.0519620780938,-1.8144254359778338,0.11946979771869175,9.440211129627168e-53,1.0772540744265591e-51
orf19.2337,2413.8983439574204,-1.6082927915239955,0.11158283455474341,1.1731062540172274e-47,1.2411066504365311e-46
orf19.234,188.38763483348478,-1.4633208892120193,0.2708066330966254,1.969143477602442e-8,5.80878713950588e-8
orf19.2341,1444.476745285274,1.2014093026420138,0.1289003389516074,6.24897927054206e-21,3.4336380815777764e-20
orf19.2344,34015.40992771097,5.255497169920685,0.09175474108054348,0,0
orf19.2347,1241.874637981873,-1.0541123827554597,0.13008152340011095,2.4453040791706714e-16,1.120674600747675e-15
orf19.2351,4579.037310954178,-1.68223279687934,0.10523207386312688,2.6061009898673303e-58,3.2148779404647976e-57
orf19.236,7046.129618809262,-4.6994482303727345,0.10637078933966798,0,0
orf19.2362,390.193787960977,2.289024004217336,0.2030438267182305,2.8306534718711377e-30,2.1442887101237428e-29
orf19.2364,22737.786473827357,-1.4495446880024039,0.0972257940768154,1.0108822826060823e-50,1.1227628484034103e-49
orf19.2365,1474.3430965068674,-1.0575080241173191,0.12380820980011636,5.768605551908304e-18,2.808707945008708e-17
orf19.2366,59.08040488408014,1.9207951804744936,0.50938984145733,2.4978514277209523e-5,5.667607637889562e-5
orf19.2370,313.59488819895466,-1.1090432608906116,0.2172856288241613,1.5147348246715627e-7,4.1633530495816356e-7
orf19.2382,732.5759304968941,-1.410096915351221,0.15386443769634925,1.7190122240950347e-20,9.282071196194814e-20
orf19.2384,376.78982609370513,1.3401310478019073,0.19638558721222477,3.326398070972129e-12,1.2530704139413415e-11
orf19.2385,568.8997013373904,2.5058760269097613,0.17537415704570927,3.6696090443807977e-47,3.823989925713679e-46
orf19.2386,1109.9495928327137,3.4788197879273386,0.14788833101445353,1.976829526459145e-123,5.077930001711105e-122
orf19.239,2514.3979820467266,-1.152086337788398,0.11742895417732199,4.5612276479063056e-23,2.665841102830633e-22
orf19.2396,2561.3115622835076,1.4510885308427526,0.10875752219373663,4.698254534458156e-41,4.456915623721552e-40
orf19.2397,11775.074224725604,-5.963709219075763,0.1084259527685352,0,0
orf19.2402,782.5834844194032,1.099226451410667,0.15112296618786475,1.6973118060287352e-13,6.920065508315718e-13
orf19.2404,744.5352662655337,1.1561602816135828,0.1546113166067365,3.3854194176884215e-14,1.42110208508481e-13
orf19.2407,12093.758325639239,-1.8218755803106261,0.09888593431300532,1.4521652671437077e-76,2.2054539166693487e-75
orf19.2414,1185.747658923915,1.340858388671819,0.13054751563993802,4.0579524125794595e-25,2.5846672407470393e-24
orf19.2417,944.4423053963567,-1.100633491564794,0.14337285215269896,7.709621374805191e-15,3.34190670982875e-14
orf19.2422,5544.499325906187,-1.114614255855006,0.09661133772447883,4.514272057063967e-31,3.4830761656604795e-30
orf19.2439.1,1928.5557538019857,1.2515411137880512,0.11787531316609738,1.372265129506629e-26,9.141599720790158e-26
orf19.2443,1227.7202648906743,-1.0932943781486613,0.1299894746512184,1.7851537475255236e-17,8.571484378503322e-17
orf19.2446,1319.4460873485557,-2.8028614308490214,0.1357702282419612,9.488437257735759e-96,1.7893300713832813e-94
orf19.2451,1584.5022424627266,-3.0918836777910546,0.13888103960416467,5.1111684463807485e-111,1.1435094423766535e-109
orf19.2452,729.557900094205,-1.5463455616095547,0.1558229217327634,9.596935939508704e-24,5.760007128308975e-23
orf19.2454,1385.0764125119092,-7.5568659423242845,0.49796956262604947,1.28051524735706e-53,1.4940142381313585e-52
orf19.2455,792.2500304081522,-1.3981940588915518,0.15005700150923157,4.229837145281181e-21,2.3427367755851937e-20
orf19.2461,1741.7417357992945,2.411799001822996,0.12156435310401317,1.9161589602378747e-88,3.3597371432035998e-87
orf19.2462,204.69274196030216,1.2578863447694013,0.257179150538484,3.957460818459573e-7,1.0529612288501558e-6
orf19.2467,293.7649162229545,1.719685735031038,0.22009245873437952,1.4337694995554062e-15,6.3880008681119524e-15
orf19.2478,196.22473909213468,-1.0102845219544565,0.25446097362539355,3.7593860298330815e-5,8.404759168416223e-5
orf19.2478.1,6336.169617856907,-2.782321431778354,0.09796957345220343,6.97982386851022e-179,3.0255597630028326e-177
orf19.2481,22.829068534532567,-1.7102792126388067,0.7968930958695115,0.00526668411011267,0.009101506704131585
orf19.2487,493.50368264940965,2.2167635261033993,0.18444642231955635,4.826525687464717e-34,4.000952634947512e-33
orf19.2488,619.1933125126117,2.151978738651076,0.1672358824103489,1.2676136040942772e-38,1.1584837652644915e-37
orf19.2489,3618.225802108771,1.2031321091933351,0.11415749075016456,2.1925030739667424e-26,1.4543681389692249e-25
orf19.25,657.4082134073615,1.047129767182888,0.1569071029358646,1.489993810821907e-11,5.43255920978408e-11
orf19.2504,4590.015102782363,3.951373132879612,0.11446766228657401,1.702471097002561e-262,1.4169099449986649e-260
orf19.251,15921.137179897984,3.547524445772927,0.09112368816115524,0,0
orf19.2510,485.3168077458058,-1.2921140737577346,0.19284799300702174,7.970688033373884e-12,2.9579687695790594e-11
orf19.2515,1230.7665833019612,1.2448733052211065,0.12938461602971843,2.868841723177934e-22,1.6368656340106638e-21
orf19.2525,18118.781520453063,-2.152511202624431,0.08946248958426907,1.0744084822242713e-128,2.9414288359841673e-127
orf19.2527,1133.6065403666996,3.6241928555193503,0.15374906898323878,1.2795288570535729e-123,3.3003384817059515e-122
orf19.2529.1,481.29222338108036,-1.358281121510594,0.1798601349514615,1.5290056623980686e-14,6.550482734858439e-14
orf19.2531,15878.016770298733,1.064377387381789,0.09072448507515615,2.082290737764919e-32,1.6685056206840339e-31
orf19.2542,222.37040989938788,1.2763910146152244,0.2434860593260784,6.207225449405788e-8,1.7667807229909224e-7
orf19.2546,4282.643132622143,-2.4198639950942367,0.1046154401750965,3.516117280001446e-119,8.409043701827213e-118
orf19.2552,273.573821863879,-1.6600583379085063,0.22700089169560228,6.95707007027486e-14,2.887369107623382e-13
orf19.2555,865.53962907773,1.3255395618997146,0.1438650828411814,1.244456192940917e-20,6.76057054511506e-20
orf19.2560,13863.544888208258,-2.7368830379306757,0.10168641127295035,7.390954003337261e-161,2.729842301114271e-159
orf19.2564,581.2984156332011,3.3747829821099726,0.18784049352721868,6.076661811275644e-73,8.821051866507575e-72
orf19.2570,1518.6784912332432,1.2861000190407084,0.12234544408894903,3.104047916258864e-26,2.0438256427518807e-25
orf19.2573,7346.968172080084,-1.5204444307953415,0.09933678220446714,8.906597203864104e-54,1.041104489635201e-52
orf19.2575,648.1099311572702,2.4205803306536855,0.16596851180295075,5.999481406556709e-49,6.469921053078988e-48
orf19.258,173.8171367579393,4.57730203004457,0.3739170689116787,3.1819094389591596e-35,2.713316764751786e-34
orf19.2582,1652.1939503536398,-1.4997139139680276,0.12029555598949748,3.4270592667461795e-36,2.9793459530681966e-35
orf19.2584,357.40298642648906,-3.081979752621261,0.22748662123122995,7.680054566030187e-43,7.525730078675107e-42
orf19.2587,8404.504484368552,-5.925712776702689,0.11285708708850868,0,0
orf19.259,347.59732039406515,2.116408205662616,0.2088140958076842,6.753044280592203e-25,4.2578285251976294e-24
orf19.2590,1348.003042111597,-7.784084608368031,0.3250307703249026,3.129909134798537e-126,8.313571412515944e-125
orf19.2591,3581.247862244333,-7.654112297086334,0.20355156663840834,0,0
orf19.2593,13941.239183139582,-3.8583182200413924,0.09584669711971774,0,0
orf19.2594,1349.6580856892356,1.1796920802880921,0.12547708324122428,3.0002603268129607e-21,1.675100622537254e-20
orf19.2602,1062.1744712469726,-4.517937560335858,0.1766608487160762,2.2101561633477683e-145,7.002941508434909e-144
orf19.2604,409.7537918523102,2.2835592162643965,0.2032680240647842,3.93517594936402e-30,2.9630118547563584e-29
orf19.2606,1470.1779486209257,-1.3071217708748188,0.1256852797150274,9.415338881269214e-26,6.115561425273927e-25
orf19.2607,3377.567536578024,-2.095539483952004,0.10992842044230786,8.424539150097397e-82,1.3658694383092975e-80
orf19.2618,4033.1598253360303,-1.967696353718624,0.10176937177011025,5.273647755004256e-84,8.801633499127424e-83
orf19.2619,8977.369945223978,5.394259457674267,0.10663532623193721,0,0
orf19.262,674.7759029235548,-1.3726488092346838,0.1590063984934034,2.1516141989629383e-18,1.0650575598673007e-17
orf19.2620,146.81967446765333,3.480732785357505,0.34931226670729565,2.2722193798247336e-24,1.3973589525976341e-23
orf19.2621,325.7615244627237,1.7015375017286007,0.21090852860654719,1.835602600868535e-16,8.455964158392175e-16
orf19.2623,957.4555784057632,-1.1773204734973863,0.14105660712556436,3.091607981604067e-17,1.4675146023705389e-16
orf19.263.1,452.99655374129037,1.7306195483181654,0.18608892857761825,3.529158456738993e-21,1.96336961559401e-20
orf19.2633.1,482.8733113961951,-2.143999282114513,0.1885687902655205,6.796089677706954e-31,5.224284700523006e-30
orf19.2638.1,333.84677530835444,1.5002391996060784,0.20618767107336933,1.1032288344585783e-13,4.5245429597177705e-13
orf19.2639,283.19841889187705,-1.402479714876837,0.22172239490352152,1.0011587033304202e-10,3.4660192047634405e-10
orf19.2640,1176.036953272608,1.2147222769768948,0.13098425803539293,7.899595518453851e-21,4.325375019841135e-20
orf19.2641,331.4914627491619,-1.097113616483742,0.20418934614713974,3.532736364660492e-8,1.0270768695021328e-7
orf19.2643,769.1013191916335,1.4786988816421218,0.1518823218042575,6.984018280382123e-23,4.0742282342191786e-22
orf19.265,659.2473257516785,1.571415963922155,0.15946560067379123,1.9391698330968215e-23,1.1505986785352054e-22
orf19.2650,641.0287442333774,-1.049155881197125,0.15856465490799124,1.8921573282532777e-11,6.866770955207534e-11
orf19.2652,258.2530979578133,3.3056414348930936,0.26369801329593934,4.875296742686811e-37,4.316539328773202e-36
orf19.2654,379.050278199181,1.1288671373545915,0.19371045578101753,2.6816545851640706e-9,8.382016985775728e-9
orf19.2657,314.87787902951436,-1.791207029560504,0.2167673258033378,3.895579647467297e-17,1.8379598004150314e-16
orf19.2661,3916.7278021955126,1.0042685647643823,0.12499373628141378,4.214129247320871e-16,1.9172445161644955e-15
orf19.2664,1950.926152684179,-1.5567518900055024,0.12279592197594276,2.2309653609752843e-37,1.980894137013901e-36
orf19.2665,2871.7899512538156,-1.1293799827704942,0.11113165972170846,1.327606056459631e-24,8.253901398825714e-24
orf19.2667,1077.8785386830239,3.0365492439966664,0.14597755123133732,2.573361866193776e-97,4.9122094094133174e-96
orf19.2668,485.3736662728509,-2.843225743693393,0.19498100800064908,4.195120835172493e-49,4.554077261416818e-48
orf19.2669,1202.4012461497537,-1.2207792121667485,0.1342835855265015,3.95526126503747e-20,2.0975990498185121e-19
orf19.2672,4725.8117999662545,-1.9196166745073309,0.11238434979319058,2.967350239239059e-66,3.932526580324885e-65
orf19.2676,370.3851452582776,1.3224442912666425,0.1976800062589314,8.6167978739503e-12,3.195843869827556e-11
orf19.2681,10712.092544973506,9.652791967560649,0.21903200352975497,0,0
orf19.2684,1247.9929736202062,-1.1947792092299785,0.12875893098225522,9.717109357852269e-21,5.297309747747936e-20
orf19.2687.1,196.6998890537536,1.0323439190649384,0.25938362859670044,3.458151665717803e-5,7.759087957372585e-5
orf19.2688,884.3096244317331,1.7790805674610481,0.15303650041758252,8.453994004373274e-32,6.662857395870956e-31
orf19.2693,4142.188086751471,3.503918879405846,0.10894695240909165,1.3744459958411723e-227,8.844630830969688e-226
orf19.2707.1,578.0789696558903,1.1932443920506899,0.16499610839358803,2.1362788408574822e-13,8.658865275735327e-13
orf19.2708,816.9327183570565,1.2305933379914678,0.15528870399904782,9.094447300700295e-16,4.072276904660778e-15
orf19.2712,2472.5571986655605,3.726986414487169,0.12172460429229835,3.210020626351389e-207,1.6697457291404473e-205
orf19.2715,789.7010352917081,1.4964701840395074,0.15107389842408925,1.2427873651949518e-23,7.416327661134694e-23
orf19.2717,1602.2960085392294,3.1733713461567774,0.13002355229971765,1.420299172662791e-132,4.0481769113064575e-131
orf19.272,1017.1352618765864,1.0773979723204148,0.13878295920646608,4.153927977220678e-15,1.8182902127497526e-14
orf19.2723,107.83793465711177,1.5245687312179979,0.3426081986757954,2.554516067818116e-6,6.355236865412786e-6
orf19.2724,3920.465076424393,1.859502374912177,0.10403889300426662,2.8931838827879784e-72,4.132552356147039e-71
orf19.2735,341.8925485792806,1.4490516998763048,0.20543493005960115,5.778842979390706e-13,2.281564698125034e-12
orf19.2738,104.56292022312627,-1.685950016470077,0.3562025198617948,5.285133895658566e-7,1.392255424558017e-6
orf19.2742,206.9750101869603,1.1522876090959249,0.2607808619943052,4.219094716571912e-6,1.028332261649429e-5
orf19.2746,2180.4983858934547,-1.1552367852978005,0.11302043118557474,7.648134348991825e-25,4.8076187921859994e-24
orf19.275,95.48563473170195,1.0027937879015274,0.3616551572770679,0.0028104021290053212,0.005029395094395418
orf19.276,1491.438256333115,-2.514475818545518,0.12990826307083872,2.542287549455855e-84,4.300530862792262e-83
orf19.2762,31534.33717876171,1.7494061393797342,0.08739984172232688,9.958761626096032e-90,1.781163039257634e-88
orf19.2763,446.1212563472048,-1.7797121570419694,0.20589259698810913,9.740963107041906e-19,4.895579043007696e-18
orf19.2767,46145.508385518006,1.241530636826064,0.10054939951826737,6.441999099054852e-35,5.4560323441384515e-34
orf19.2768,3730.817954629205,1.2312161702189413,0.10462329566390162,2.3858555491979743e-32,1.9044130867127565e-31
orf19.2769,6020.526970925637,1.0828889562108719,0.09657492730959323,1.9419260672209276e-29,1.4144110281905518e-28
orf19.2770,214.824358834586,1.0051361111170454,0.24424204278803993,2.074449230248488e-5,4.741381213918368e-5
orf19.2772,1423.7376089232655,-1.23077351568243,0.12408582318937697,1.2116888398271129e-23,7.237666735120419e-23
orf19.2779,56.147463976645355,-2.3242768276321533,0.5165031240717074,8.774403632351204e-7,2.268841237495286e-6
orf19.2781,203.40692797946124,1.7185459874295905,0.2612290291779076,1.1760196081545192e-11,4.3155287443271656e-11
orf19.2787,19.95046722170879,-2.4440680214888864,0.8849392706986308,6.930121356213492e-4,0.0013439222318320772
orf19.2795,1347.3677177324626,1.4745372376086248,0.131039113411436,6.940553196622265e-30,5.157492030156688e-29
orf19.2796,705.2585339800593,-1.3404478412763485,0.15512074311405827,2.0625858499443285e-18,1.0229891542567212e-17
orf19.280,200.66308968366732,1.319923927866879,0.2623200725366259,1.7580242955962424e-7,4.817202657204454e-7
orf19.2803,5827.662290579037,-1.7782815029219325,0.10110450986581469,3.200336102219218e-70,4.479035414809946e-69
orf19.2804,24.143119287975352,-4.565027300257365,1.0826336734432451,4.021372278186891e-6,9.816740618084698e-6
orf19.2809,183.36000480257294,-1.3268310911776329,0.2781223056475515,6.370466719654659e-7,1.6686719791894411e-6
orf19.2829,294.423603893975,2.1511647664767346,0.2278190852869895,6.302284525537852e-22,3.582774135556218e-21
orf19.2830,423.78864655946916,1.1364319491200563,0.19092279814132426,1.1991805202068942e-9,3.8484754792449525e-9
orf19.2831,1213.302167724947,2.493164998547317,0.13850383712266387,2.1233139175043353e-73,3.118523640720485e-72
orf19.2844,1785.825046837017,-1.3145223415420118,0.1244221721234118,1.504591023268527e-26,1.001242768362702e-25
orf19.2848,1077.7272578639017,-1.634608298746788,0.1359902824896173,7.6535870940686505e-34,6.310923466469818e-33
orf19.2859,599.5535482016535,1.3879086232243951,0.16347480528927896,7.593724240607536e-18,3.6801262973503296e-17
orf19.286,58.47901824870401,1.6865691948947135,0.46985714251163296,7.712557972441252e-5,1.658917534940672e-4
orf19.2863,993.5691844059454,1.3679406370488185,0.13803120265648336,1.4009707405512502e-23,8.352301205846136e-23
orf19.2864.1,13060.749663009745,-2.854831254508145,0.09246918108172833,2.8953091211434175e-210,1.5715234377545402e-208
orf19.287,2744.0334883305322,1.1510016596570498,0.10688332055574844,1.1111446365096373e-27,7.672306218023402e-27
orf19.2870,87.91050527448769,4.645322972049075,0.5350407318188569,6.48501819184281e-19,3.2883414746939737e-18
orf19.2873,2197.327138114182,-1.414880632561763,0.11376156520727468,5.490781240958745e-36,4.747016136574028e-35
orf19.2877,187292.77966637805,-1.3083546072810124,0.09310031273341603,2.4783429830525002e-45,2.531884926385222e-44
orf19.288,8481.251093632442,-1.8864234943422193,0.10802681637917763,3.945450840328536e-69,5.424560384434079e-68
orf19.2881,1358.1224235442855,-2.3664329496698637,0.1441505736154921,1.386504289014261e-61,1.7590568642331336e-60
orf19.2882,179.9654547794406,1.5634003668690544,0.2709979988747748,2.3902653620848974e-9,7.493740025180275e-9
orf19.2888,682.6642156955018,1.1662379659405795,0.16793083115041277,1.674074716957619e-12,6.426552511223529e-12
orf19.2896,3549.3186230467427,2.004937024434917,0.10373646272495599,6.6737429115832345e-84,1.1049735611167784e-82
orf19.2897,13.462632879222157,2.4405884085676472,1.4140518739752452,0.0034840186221012735,0.006162438152212
orf19.2898,666.3543417513519,1.2474925058804678,0.15853925620134723,1.6268229412120131e-15,7.222353342137544e-15
orf19.2909,2246.050781351571,-1.2457870080103515,0.11337665554025285,1.7461572759696621e-28,1.2329766647740532e-27
orf19.2917,3919.2252511642246,3.1726846057414133,0.11493509344110486,6.069920921627115e-169,2.4132768403055063e-167
orf19.2917.1,45.16866525059474,1.2821267724644303,0.5118264461121332,0.004252126402705176,0.007443009816513097
orf19.2934,252.657545832181,2.785805509343616,0.25057161979656706,1.3672036344299982e-29,1.0040100101308294e-28
orf19.2935,16940.28034198947,-2.423506047881325,0.09098690143441626,4.013777188804327e-158,1.4482079313593414e-156
orf19.2947,41581.26353351902,-2.6596803355337726,0.08728587794778347,7.992647805086012e-205,4.0893530819136793e-203
orf19.295,469.16650352472925,1.2685304834305584,0.17881350740444807,5.340992032838684e-13,2.112704199555074e-12
orf19.2951,12344.79359045717,-2.1545228987324214,0.09108994702576638,1.8718737738740861e-124,4.8684317068841855e-123
orf19.2952,198.72445675955845,-1.2074310952478167,0.2698391677287517,2.9596756393071825e-6,7.333979889065277e-6
orf19.2957,23.180553702230608,1.6544272362594994,0.7447204626702845,0.00542094351496667,0.009352550973029838
orf19.2959.1,618.7597333957201,1.075237458118463,0.17000889672018585,1.1872713242741284e-10,4.087671045846172e-10
orf19.296,185.10885084584208,1.7763000050360835,0.2934068789836573,2.717890218829192e-10,9.043214683332525e-10
orf19.2964,2893.9070392831077,-1.1305426708933268,0.10644512966748837,1.0668808774323689e-26,7.130054000998765e-26
orf19.2965.1,167.59320393261964,1.068715140084318,0.2729295815125857,4.3964010886072244e-5,9.776393158206733e-5
orf19.2968,92.7269018437169,1.6411146588465146,0.37192556171090224,2.654483506879847e-6,6.596053363831212e-6
orf19.297,1246.302544684112,1.0312267413936658,0.12791519045288305,4.154037381717259e-16,1.8926643311444623e-15
orf19.2970,14741.5675371615,-3.4527039262766333,0.09395964705498537,3.3918224252264604e-298,3.84941010513883e-296
orf19.298,75.51289187753783,1.7095042223165864,0.4326336342909577,1.59869042011624e-5,3.697304780424442e-5
orf19.2988,23064.097550813556,-3.0823947267144653,0.08898040239380897,4.397333325369692e-264,3.709210083372651e-262
orf19.2989,4661.616364004849,-1.8457348284121577,0.10289201088022094,1.1474269112397016e-72,1.6540967159256853e-71
orf19.2990,3065.5573507305758,1.2570516591311944,0.11362969302810443,1.0652334984076953e-28,7.581741729829914e-28
orf19.2991,125.64331181615445,-2.749767413157324,0.3536653849566708,9.04068027890021e-16,4.051107415713934e-15
orf19.2992,2105.6933353796217,-4.6663460917659485,0.1382455409546378,9.013692239726832e-251,6.861398409801815e-249
orf19.2994,11787.538971147971,-4.2262415792799555,0.0960598003470718,0,0
orf19.2994.1,7546.621806248027,-3.5898802556878375,0.09769327997623582,1.2814529698475998e-296,1.4283623996051282e-294
orf19.2995,420.4456179893991,1.577450283366573,0.19325453705008244,9.21814255243422e-17,4.297210292180314e-16
orf19.2998,773.8878403457616,2.9870401972596743,0.1616027026303851,3.3558857324654514e-77,5.1850095896161753e-76
orf19.300,6564.660429112943,-2.0693470074718583,0.09602928481169062,1.0049306648808751e-103,2.104958795364571e-102
orf19.3001,276.9934523114614,-1.1810035926042577,0.22324839781270436,5.282466173748457e-8,1.5083784929797743e-7
orf19.3002,17714.2774823245,-3.621048775847071,0.09284047036151004,0,0
orf19.3003.1,6972.531562523857,-4.045879438145456,0.1048443168552073,0,0
orf19.3008,659.5258095198528,-1.5949849805946898,0.16060186102782004,1.0555135557117796e-23,6.322951645636207e-23
orf19.3010.1,21125.559277952823,-1.056063305478001,0.10613080881659992,8.880902213103373e-24,5.335379366139678e-23
orf19.3015,2039.1649816015122,3.4785411831150523,0.12349843019273508,1.5509451635947727e-175,6.4539998074390475e-174
orf19.3016,1844.7201038142834,2.260348447242436,0.13313375014885404,1.1653034581261249e-65,1.5410644461066255e-64
orf19.3021,353.1365595013151,1.1112178609454453,0.1990951279601949,1.1347898910360354e-8,3.4054608172341026e-8
orf19.3029,571.9817604858587,1.03182673487469,0.16605216883742252,2.669221240834489e-10,8.886015458820736e-10
orf19.304,352.62636622982717,1.274293543567384,0.1998251539484157,7.534980705974421e-11,2.6408393917289353e-10
orf19.305,857.6377938261193,-1.0426012645173077,0.14462567533651235,2.9166003084549203e-13,1.172274251472995e-12
orf19.3055,933.8606826932848,-1.209041999618154,0.14020460522454004,2.82485011812997e-18,1.3927894500290105e-17
orf19.3061.1,734.4700512271645,-3.389975754419854,0.17158517988873268,2.8280094907109896e-88,4.930847832686591e-87
orf19.3064.1,387.36194641839165,2.4885431541324174,0.22185529307067353,2.649436347020164e-30,2.0118955812773558e-29
orf19.3071,1715.498317711906,-1.4013084628819301,0.12273364755275698,1.0238034767069633e-30,7.841204051048914e-30
orf19.3087,13117.238997687247,-3.516270855969695,0.09760817088523632,1.4258987362533651e-286,1.459091788802214e-284
orf19.3088,270.40049942829,3.6041539805807394,0.26500782367633396,4.419905037339607e-43,4.344731849302965e-42
orf19.309,122.87393957175263,-1.155868033523638,0.3289140973937671,1.8061494878287882e-4,3.745510001005746e-4
orf19.3098,2235.9136295082094,1.1352458588329633,0.11292943871672448,4.333549686706429e-24,2.6364539127116498e-23
orf19.3099,3240.788768590865,-2.1192659691147675,0.11659355671347116,7.210556557897095e-75,1.0793355883547641e-73
orf19.3103,4381.962896995711,1.0581391498055337,0.10299852989183955,4.683512317200602e-25,2.9679679070016405e-24
orf19.3104,3531.3616955443777,2.238323366017404,0.10427441384805905,5.311011861713998e-103,1.0905044750269335e-101
orf19.3105,321.3119915369475,1.512186424736106,0.21081795508606369,2.2698682216068294e-13,9.17650093216958e-13
orf19.3106,1144.3121511562583,-1.064608590738582,0.13224828419166026,4.010767671317181e-16,1.82872255692928e-15
orf19.3107,78.67936001991245,2.1091614759932114,0.4151978302884769,6.445546166276423e-8,1.830441272515807e-7
orf19.3111,49.65204846922484,1.6077057628471056,0.5047576485070391,3.604577531390508e-4,7.243970686071975e-4
orf19.3112,97.0086510704271,-3.186109571150964,0.41235029432529885,1.3581115320682466e-15,6.0552372736928534e-15
orf19.3114,340.53919743816056,-1.1820361886151822,0.20406290401852242,2.663920151766687e-9,8.330756306276382e-9
orf19.3115,1164.4233023675804,-1.5547347816587418,0.13249363466611871,2.591309482211776e-32,2.065766767300882e-31
orf19.3123.2,214.5179697025862,-2.0062484415290758,0.2587438462063293,1.6255432163154443e-15,7.221808367431318e-15
orf19.3124,1119.1774580063327,-1.0336087844182769,0.13551455670206697,1.2266537181954912e-14,5.276893527895422e-14
orf19.313,488.72853689466183,1.1691320065844801,0.17639459602223612,1.5584811682282895e-11,5.672326211125938e-11
orf19.3130,1259.8237133991365,2.286755582597098,0.1328485156323812,3.49075161866762e-67,4.6558272657528383e-66
orf19.3131,1224.7277960208414,2.794872915796765,0.14039522630486043,4.2348011231758056e-89,7.552465317389536e-88
orf19.3138,5195.078802203216,1.9041172892504359,0.0982062385543387,2.551104373165544e-84,4.303782026297115e-83
orf19.3139,3485.854505287386,3.4840931595437454,0.10917088512369526,1.5392957683870867e-224,9.705337561891107e-223
orf19.3142,753.7453689738344,-1.6932408181446787,0.1527298872820427,3.837910749697957e-29,2.772712835603547e-28
orf19.3150,794.1967346487361,2.0733672140985036,0.15301933230549902,1.502239659025346e-42,1.4628673871507347e-41
orf19.3152,3818.6594436822793,-3.526668154649124,0.10810406251933072,1.9195097665254177e-234,1.3023456481143106e-232
orf19.3156,929.3035778565963,1.1928579688738354,0.1399967853846658,7.21423307886642e-18,3.5016518567872624e-17
orf19.3159,1199.033566100853,2.7194862701834897,0.14793851380917367,1.116251988227694e-76,1.7035806627181578e-75
orf19.3160,19220.482291186327,1.1812824237534274,0.09910494959181015,3.29878284186552e-33,2.698689711523535e-32
orf19.3161,1089.2628495186277,1.8480664421650457,0.13603162006340402,1.1443246675903693e-42,1.1178207472768521e-41
orf19.3169,1192.4519339462238,1.4363693558867603,0.13062428294423842,1.4259165385383087e-28,1.0114285265404685e-27
orf19.3170,744.4264982989123,1.4752968509385356,0.1524340540285467,1.2486226024804428e-22,7.209900355858394e-22
orf19.3175,6162.611491462068,-1.4038450224214256,0.09578050544035137,6.911996456837629e-49,7.438738255789737e-48
orf19.3195,356.37447123344043,-2.1667782407886778,0.20848284828273608,4.5519700281323683e-26,2.981468721469281e-25
orf19.320,632.5380290579103,2.449086319284273,0.1704991413027907,1.2330318040295476e-47,1.3022985652711396e-46
orf19.321,984.4223727813637,-1.4515827369219023,0.13899275508784456,5.187675069449473e-26,3.3871828225422187e-25
orf19.3214,174.38632153427503,-1.1568995821541828,0.27009940598736587,8.166976723512497e-6,1.939074503924116e-5
orf19.3220,510.4478225222528,2.083078654606153,0.1793415453895752,7.002026422452815e-32,5.532487206196262e-31
orf19.3221,3378.2302154642007,-2.846389511176202,0.11155132747873352,1.3362691004547527e-144,4.191453128160084e-143
orf19.323,1914.8646220042178,1.6191613697996032,0.11845321336077885,4.29472855459761e-43,4.228343160536007e-42
orf19.3231,559.2790692067232,-1.0177749812306525,0.16664468067681532,5.630197609997457e-10,1.8409477989315941e-9
orf19.3240,1476.715903183142,-1.0066572549179922,0.12232703274422481,1.0472750262491468e-16,4.86390678113629e-16
orf19.3264,123.34316954991206,-2.540216001780203,0.34502948447727827,2.5977357389990266e-14,1.0948728212580637e-13
orf19.3268,18824.247853016896,1.6830267817974571,0.09030207787726183,5.708146086852489e-78,8.907561968533308e-77
orf19.3275,193.68160965841585,1.6088639684987995,0.268464826973411,5.487552699623378e-10,1.7971303227203112e-9
orf19.3276,1185.76747885774,3.034021746271301,0.14764628338131536,8.172422277017291e-95,1.5318996952895473e-93
orf19.3278,14909.090077399404,-1.4904358970481737,0.09301116568574368,2.6015593246899694e-58,3.2148779404647976e-57
orf19.3281,280.884920082525,-1.976596820901514,0.22826843983895057,9.568676106661706e-19,4.8128667411589335e-18
orf19.3282,1381.2550916438256,2.4404736243617204,0.13452053240667622,2.1239662662449384e-74,3.156618436643073e-73
orf19.3287,929.3368804365748,2.7255173573507863,0.1485918718869689,3.7415044117586813e-76,5.668560810242157e-75
orf19.3290,2233.5440051571636,1.135167693283169,0.1113002461760084,1.1825179577784971e-24,7.359199493971464e-24
orf19.3291,1371.8258140796615,1.6427630242113374,0.13188175931476084,3.2839890718334484e-36,2.858948366301867e-35
orf19.3292,911.753749654529,1.2274815170847704,0.14324064804504624,5.125090223605253e-18,2.503193519228794e-17
orf19.3293,2610.936462331193,-1.134005543083297,0.11030581306441797,4.002972046572534e-25,2.5548621180680737e-24
orf19.3294,6661.900662319175,-1.2237466252187408,0.09518350314327885,3.3661066190439796e-38,3.0451068863873216e-37
orf19.33,4215.482599049722,-1.0603003493864778,0.12015878268359696,5.021843326669673e-19,2.552634042758314e-18
orf19.330.1,231.73625588467593,1.199283025820102,0.23907967921601278,2.2680984803908002e-7,6.142069724338124e-7
orf19.3300,2113.2460441398152,1.745384271125744,0.11461681208692107,5.815337069552855e-53,6.672671688997963e-52
orf19.3304,774.8298131716937,2.2389082369585194,0.15796761499680878,2.0936580866049878e-46,2.167265966266722e-45
orf19.3306,49.381911417235266,-1.505712878381457,0.5108384101076352,8.37013876204469e-4,0.001603634320217402
orf19.3308,903.6326623073311,-1.2450647776108654,0.1419395472143319,7.326348908658183e-19,3.7059213847523806e-18
orf19.3310,417.0886140283998,1.8369729304742297,0.20019224413879236,9.12521192203997e-21,4.978983637882299e-20
orf19.332.1,467.5444045520931,1.1567322709871695,0.18315537627826167,1.2079431739169084e-10,4.1542596647875166e-10
orf19.3325,6590.965519765169,-1.222802392745666,0.09728523442239516,1.2196967730727362e-36,1.0753315335480254e-35
orf19.3325.3,3287.5107291544846,-3.6645843339696844,0.11235209568274494,1.8957012014627474e-234,1.3003260329154362e-232
orf19.3327,465.50993496589786,1.4298630666479613,0.18529985506425314,3.915445685292546e-15,1.7163070201963537e-14
orf19.3334,12517.489417562425,-3.843263567428634,0.09366875292216824,0,0
orf19.3335,10966.148087121323,1.0603906064982513,0.09138056726836949,2.382915805798013e-31,1.8546334737894263e-30
orf19.334,1118.099199677515,-1.5109712050762407,0.1374560737596401,1.2321573853550438e-28,8.7598250562485e-28
orf19.3340,5635.085434671874,2.094665213760959,0.10007269418178079,9.781546019416494e-98,1.8844571065801778e-96
orf19.3349,4656.199835267567,-1.1928863938305465,0.10887673401298928,3.45848515182678e-28,2.4174540109409585e-27
orf19.335,957.9662715820325,-1.0706299901756078,0.13904377750515645,7.578205975006748e-15,3.289510549095419e-14
orf19.3350,639.9286778908697,-1.4834696382022978,0.1623488248152951,2.4054295842772503e-20,1.2866059524471805e-19
orf19.3351,381.8903033410207,2.1389207773809087,0.20082824432444277,3.4182414401507815e-27,2.32425523632039e-26
orf19.3355,3051.5497636709456,1.305566347996579,0.1051126451016742,1.032617973669823e-35,8.878238831469745e-35
orf19.3358,12340.146458106872,2.1333444996773583,0.09148007680592532,6.465283733125985e-121,1.5888307504792283e-119
orf19.3360,329.47715602585873,-1.3125778217477837,0.20650344619102545,8.040367233740514e-11,2.808504324175058e-10
orf19.3363,6260.233302371754,1.6716035703116292,0.09704199671465753,2.024616918978634e-67,2.7119439502713803e-66
orf19.3364,1138.2937728676336,2.087763761664535,0.1352887043230253,1.801781706120972e-54,2.142232649448973e-53
orf19.3365,858.6313809501441,-2.6388800839249655,0.1527668041024827,1.00810697002426e-67,1.3532481090089098e-66
orf19.3369,114.79592468419243,1.3620798505989058,0.33883189229158694,1.9949252580312177e-5,4.574696348505092e-5
orf19.3370,1189.5949509685674,1.022819158975828,0.1464774608885726,1.4978490942015819e-12,5.767781644667658e-12
orf19.3373,133.70460514452878,1.8482587982296816,0.3203713975919661,1.6745294423089463e-9,5.319294035059767e-9
orf19.3378,22.973806848559775,2.1877209661261037,0.7922460994516568,8.030480870162685e-4,0.0015437715303835997
orf19.3393,1817.852450512024,3.6120746901530993,0.12946171575218735,2.751804517579268e-172,1.1153742726447917e-170
orf19.3395,348.7973056889076,1.4761240513566174,0.2026507375519657,1.1812044695068146e-13,4.837977886260851e-13
orf19.34,30295.855933684983,7.687496717340619,0.10619218009096422,0,0
orf19.3415,2913.357123679019,1.0229434617442794,0.10561557794710418,1.629691060752805e-22,9.35835473893193e-22
orf19.3415.1,6836.518722410126,-2.7154445860862437,0.10071787633360531,1.3645431827009568e-161,5.069927706202007e-160
orf19.3418,141.79585230467762,1.0439514483335712,0.3067667731016221,3.221561790974017e-4,6.522539312118007e-4
orf19.3419,1581.2384107325859,3.048592314278477,0.13199083143489376,4.518245293188156e-119,1.0764460732855141e-117
orf19.342,81.40931831648795,-3.627183349158407,0.47864980052967526,4.0764940742089e-15,1.7856474393832947e-14
orf19.3430,1184.8587488372473,1.685448432156049,0.14446140002557292,4.948477026777073e-32,3.919846903698286e-31
orf19.3435,75.17112738538543,1.3345187828610625,0.41555724711042347,4.3131141656420563e-4,0.00085658474775493845
orf19.3437,133.3197211976892,-1.3488432001625608,0.3084596243230822,4.343259993092521e-6,1.057356820471276e-5
orf19.3440,19.858927444838127,3.8465583161588306,1.022199729815778,2.1690697272435412e-5,4.948586709595828e-5
orf19.3453,1125.4389093302332,-1.2996767757259728,0.13285778243425428,4.663895043991196e-23,2.723295871337048e-22
orf19.3456,268.7373761168899,-2.233283424062544,0.2392816874248065,1.6481331363894761e-21,9.276507698235447e-21
orf19.3459,1133.7259699613103,-1.1001483893302644,0.13238379821135082,4.202306974131995e-17,1.9796830288703328e-16
orf19.346,4212.949198564089,-4.392944740873304,0.11332588129498045,0,0
orf19.3463,1160.4834796143957,1.7314333277447902,0.1329631602096899,2.3823207087419387e-39,2.2194695319354003e-38
orf19.3465,12110.897618571973,-4.173891427463818,0.09940598199683377,0,0
orf19.3467,3249.8398692528917,-1.4650299972930763,0.10817656842350168,2.7778262792000337e-42,2.6882467650800944e-41
orf19.3478,545.3599039754658,3.7751089104081608,0.19823792742608654,8.759371616983619e-82,1.416476622622066e-80
orf19.3483,1961.938374642616,5.270513612160866,0.16724142464315597,1.0560131125098702e-219,6.462386125771186e-218
orf19.3487,50.65855311167554,-1.52134986847346,0.49810974953322773,6.030469984310539e-4,0.0011807463501275527
orf19.3490,1018.5014088051071,-1.406667981939065,0.1373171751069299,4.367986932627381e-25,2.773649484583938e-24
orf19.3494,213.87553945590147,-1.4491213989153962,0.2506087852762552,2.3586452336241723e-9,7.402043010699891e-9
orf19.3504,6906.904738561132,-2.797342251292852,0.09904083121512812,1.3219475792095715e-176,5.575403236098747e-175
orf19.3507,12248.570277863204,1.5435726324117507,0.09085370834391701,3.2116612328625312e-65,4.2204609295848255e-64
orf19.3521,381.0673612816829,-1.0742045152168374,0.19624608919037267,2.146027469129583e-8,6.31565462626443e-8
orf19.3528,241.82257496537662,1.2541444057779956,0.23528018151712377,4.0473119435170875e-8,1.1678269202868299e-7
orf19.3529,148.82809547865529,-1.519970209592147,0.30567130351571475,1.824275636973779e-7,4.983426050761632e-7
orf19.353,630.5779302471852,1.140158964800988,0.1598748501051396,4.728457452094121e-13,1.873970248633111e-12
orf19.3539,248.34015354240393,1.5605651425454368,0.23557810149298206,1.0357720169677544e-11,3.8143297521608986e-11
orf19.3540,2797.849616475492,3.3173460983872647,0.11417486066542687,1.2958770057980946e-186,5.8193268130875586e-185
orf19.3543,68.34564383804282,1.579723471260312,0.43117142167731504,6.6183853472831e-5,1.439942883852949e-4
orf19.3544,405.48104749405786,1.2055095316871147,0.18985799206677131,9.66207949643684e-11,3.3505944564865977e-10
orf19.3547,1535.1742938909285,3.104468050159487,0.13007451336180717,5.0253857040288395e-127,1.346285732384035e-125
orf19.3548.1,10335.066068301334,2.2104892529149676,0.09442952299695413,5.137407890953662e-122,1.287859439973203e-120
orf19.3549,1318.8647068329456,-1.5099993705078265,0.12760754531807003,5.9546828539000994e-33,4.8523668895619346e-32
orf19.3553,998.2304299450452,3.2291815350389093,0.1543160600572627,2.7351319174396976e-98,5.351941513686079e-97
orf19.3554,7616.975776859339,-2.4141751764241035,0.09821679398594123,2.83823382346893e-134,8.240118849345611e-133
orf19.356,20.72724432400525,-1.98560228018589,0.8342416320835083,0.0026263327526856012,0.0047121497678251
orf19.3564,1065.7271427545443,1.5212020173680767,0.13553932772664407,9.992410516591328e-30,7.38137591059918e-29
orf19.3567,928.3709077042917,-3.4892673403373613,0.15892837155750422,8.215097340846019e-108,1.7867121115526428e-106
orf19.3569,449.15370331911305,-1.2772051170534986,0.18630356776542212,2.4577968829518453e-12,9.309203970500861e-12
orf19.3572.3,3966.8677338030743,-2.3640174774530593,0.10550458179161697,4.0279873263279014e-112,9.109672786572014e-111
orf19.3577.1,81.85623405218544,1.1482839825750881,0.3811050213659329,0.0011198165752574192,0.0021117507742467703
orf19.3578,100.43587406319952,1.8869729765406653,0.3692621891598121,6.349251292186468e-8,1.8047370931615635e-7
orf19.3585,395.7793714719146,2.756647426605787,0.20858079004411614,8.985473336090476e-41,8.510974895884181e-40
orf19.359,11.046379286791362,3.020744492018958,1.3405720166282804,0.002246036887420341,0.004064877428610545
orf19.3591,8500.050267151964,-2.558657205294988,0.09811930673922929,2.0296195728436405e-151,6.922888182344264e-150
orf19.36.1,122.93395085236192,1.2955816522531676,0.3199259319327837,1.951102425469474e-5,4.475847607416559e-5
orf19.3600,80.0043423639298,1.4400062841648333,0.4447226169534765,2.8627198695865e-4,5.826246307779242e-4
orf19.3606,550.4046000368845,1.5287065264714013,0.1926205522669274,4.847796582888743e-16,2.1991240022086873e-15
orf19.3609,728.0686461401782,1.8493613448678314,0.15520547736684678,2.308989950851991e-33,1.89391790712459e-32
orf19.3612,2489.803768645352,1.308934574220835,0.11192835400880267,5.624369964442364e-32,4.449596618257191e-31
orf19.3615,507.3852676573075,-1.0468141510074014,0.17256746442278453,6.7482372220204e-10,2.201907827488308e-9
orf19.3616,2606.1161530961513,-2.0602536524092105,0.12275265946113362,3.8574854846038557e-64,5.016338415603598e-63
orf19.362,1172.5806860082948,1.0085850706883843,0.13098193855756995,7.69029365111799e-15,3.335845237684399e-14
orf19.3623,1070.6627649095985,-1.6101615073704694,0.1440274067154005,1.1783719339249323e-29,8.673817938159701e-29
orf19.3630,1822.739796387152,3.277203814102547,0.1305304628599226,3.936969152207859e-140,1.1987590950283637e-138
orf19.3646,4650.034298014475,2.1989333085532925,0.10363340077695124,1.5850211488499204e-100,3.1408577813083188e-99
orf19.3647,1308.1064074164995,-1.0498890708350064,0.12643024045093693,4.997055706436661e-17,2.3487666957513277e-16
orf19.3649,1951.5382475689196,2.5645186683974406,0.11921418976633795,1.7219942488167198e-103,3.594878963583266e-102
orf19.3664,75.30402697030156,4.990826268493891,0.6179796319835933,1.4284233655633554e-16,6.609502333466615e-16
orf19.3665,1325.9467658183567,3.7576791236504765,0.16165481799502773,3.5451999267265785e-121,8.746694838983123e-120
orf19.3666,456.4914750166712,1.1204747154454382,0.1805431119215983,2.389930645764534e-10,7.990330525368088e-10
orf19.3669,2107.4837219098044,-1.5465154357809365,0.11390505495790672,1.9131578366687072e-42,1.8572210290024993e-41
orf19.367,4326.08754112453,1.0494857838393277,0.10072060552037364,1.0577913854049616e-25,6.863548677440511e-25
orf19.3674,289.59182497200095,1.4392414423912625,0.22792772032078348,8.444294566645691e-11,2.9413664444755804e-10
orf19.3676,194.6331416199272,1.737783472935143,0.2647933407828496,1.3000090001051945e-11,4.7621221705731364e-11
orf19.3684,243.35960400795707,1.0597016997580222,0.23773055246318653,3.984722259169637e-6,9.734887022206212e-6
orf19.3690.2,2552.204149819972,-4.5028339904585355,0.1280479354719701,6.50542361806933e-272,6.344820972498243e-270
orf19.3694,1893.1175989922301,-1.0763792217999506,0.11749271633942933,2.6168659518555776e-20,1.3973034449514555e-19
orf19.3697,294.946157400303,-1.7992017974798482,0.2221760248832202,1.3030777269325312e-16,6.038464121390393e-16
orf19.3704,876.502341123091,1.2703509636156107,0.14296420153527936,2.657938571420177e-19,1.3700125980846196e-18
orf19.3713,71.57011869961931,-1.0611126165677855,0.4041917551786457,0.004013582559851905,0.007043233719031653
orf19.3721,158.40557525880072,-2.306230990502754,0.3015906357310213,3.2939595574074434e-15,1.448970793328912e-14
orf19.3722,5518.114177426056,-3.118136609049481,0.10160329137207041,8.226914060469184e-208,4.3153275265082897e-206
orf19.3724,1538.1605251974204,3.3854875737229513,0.14198390119067383,6.3184013993316215e-127,1.685447074129401e-125
orf19.3727,15392.34386794235,9.3889733101156,0.18145023034377025,0,0
orf19.3736,214.80946090084709,1.0136572293008512,0.24455803022531897,1.815821517452123e-5,4.177795028358331e-5
orf19.3740,858.0006138874767,2.038215560329014,0.14925673335078063,3.594437480982722e-43,3.5557018631211015e-42
orf19.3742,358.8943614783677,1.4949271336847003,0.20314812901781018,5.810705389828201e-14,2.419641297085232e-13
orf19.3746,110.86489937316375,-1.7425086840286577,0.34504714642135775,1.0584132698620526e-7,2.946750950258221e-7
orf19.3749,882.425023780036,-2.1316116649239802,0.15208343366485147,1.9751141130185254e-45,2.0244108856258844e-44
orf19.3751,1630.2502976767623,-1.261672372093561,0.1276708403672634,2.2021762314222075e-23,1.3054115894147597e-22
orf19.3756,976.0847509232495,2.529629950433558,0.14708137577621552,3.671265478067624e-67,4.886149064839683e-66
orf19.3759,541.945989670969,2.116098575971842,0.1746514482703833,1.6475730592080121e-34,1.3804229577954917e-33
orf19.376,423.5698227197138,2.2229049541446577,0.20689400822021115,8.015332858592294e-28,5.559078633703678e-27
orf19.377,2493.8987139612123,1.3813331206137418,0.11743295560413619,3.502356360851091e-32,2.7849310069340774e-31
orf19.3770,1854.8725687877518,-1.864554151234947,0.11947844077296903,1.2008911261616384e-55,1.4360081244254687e-54
orf19.3778,992.7172472950251,2.971723306503321,0.14765812776134793,4.7030602512138323e-91,8.558746964453861e-90
orf19.3783,102.7837634470582,1.1501896225436863,0.3583774003295556,5.438773118295646e-4,0.0010702655045523777
orf19.3784,201.68215007789505,1.1541525661705805,0.25715148942397265,3.165149868005549e-6,7.824501178649757e-6
orf19.3785,643.6812888795708,2.50484917164706,0.16718429291003228,1.582049326278868e-51,1.7825183925329772e-50
orf19.3788.1,3860.1277964680357,-4.386466972969547,0.12551604040724756,1.8872909502577262e-269,1.7582791211207055e-267
orf19.3789,6959.251697346873,-3.8068784031313982,0.09952582889700666,0,0
orf19.3792,3920.4955598714255,-1.3956192458951935,0.1059827749609116,4.058568028937271e-40,3.81529843925097e-39
orf19.3794,462.4270899352827,1.8166119860434242,0.18627508801572512,4.1850074105870244e-23,2.457461548154676e-22
orf19.3798,440.8740956865407,1.0260384749234914,0.18255167815918025,9.734322452881726e-9,2.9282718434162766e-8
orf19.3799,3794.896740143623,-1.2710469583426676,0.11782429852453816,1.2553640447540718e-27,8.658544052325873e-27
orf19.3802,3267.283607679076,-1.3239246804752585,0.10545361481187716,1.5628784300046065e-36,1.3701526910237015e-35
orf19.3804,516.5761150335865,-1.2788504420130977,0.17585184407853738,1.185722039226556e-13,4.853296373017812e-13
orf19.3810,1861.2761678673246,1.3135806937489176,0.11890313453195625,8.704298321063792e-29,6.22362315235741e-28
orf19.3811,1124.1190550901613,-1.1619250189766748,0.1328075034370655,9.014963974294204e-19,4.545347748590018e-18
orf19.3817,583.5867992107101,1.1143427304946678,0.16420499749729983,5.4224884525438536e-12,2.024352447414996e-11
orf19.3819,152.79385632826583,1.3272430383185134,0.3101824970690286,6.160189312707962e-6,1.4794883297392497e-5
orf19.382,137858.24849216145,-1.5374060441275021,0.08594791093551542,9.706573251316584e-72,1.3707789645863827e-70
orf19.3831,1283.5300443600875,2.8724619875289656,0.14029708390648468,3.7691847923771974e-94,7.044087267670199e-93
orf19.3836,1123.639002305432,1.2537235603511265,0.1327576143815077,1.5276042399681658e-21,8.605871539604053e-21
orf19.3838,18491.36383737601,1.029809687882713,0.0886667925411499,1.9129949077378175e-31,1.4907508382146637e-30
orf19.3846,3787.030240506543,-1.9532869402413715,0.10373644358184804,8.185157696771871e-80,1.3066944844820977e-78
orf19.385,19368.402030478876,-1.9625188675652028,0.09210236621094754,1.511369826052715e-101,3.033431014218986e-100
orf19.3852,1015.2126348691728,1.9962144744871426,0.1394363714255781,3.63612102156123e-47,3.795429333877124e-46
orf19.386,9285.847442904666,-2.9194230134291352,0.09436751339782964,5.602720903295283e-211,3.094883529059217e-209
orf19.3867,1042.4423055329721,2.8233426508360018,0.14590652754151964,3.907059862540381e-84,6.573549235034247e-83
orf19.387,2319.178170059252,-1.1511737410972378,0.11587763521913207,1.403058689574112e-23,8.356767500306877e-23
orf19.3870,5639.676372459488,1.9322587503761213,0.0971518063730535,1.2600842342137932e-88,2.2218773417973153e-87
orf19.3884,786.9373333776917,1.7046776844300844,0.16293527596148819,2.6181255319666716e-26,1.7330158611384903e-25
orf19.3887,446.33173638601994,1.705824580996392,0.18602182767981465,1.2641946362068964e-20,6.861828625394302e-20
orf19.3894,304.80798813264,1.2450202124078051,0.21317528565028646,2.1708396444307818e-9,6.840172165843988e-9
orf19.3895,7203.005615697182,-1.977199543802839,0.10104210201228851,4.3814883648530035e-86,7.513530322366058e-85
orf19.3897,16.58822630323438,-2.0808768464974206,0.957654812256282,0.0038930828369941484,0.006858770270538378
orf19.3898,338.39130845281,1.0713374704185266,0.20604896214260293,9.932435921625491e-8,2.7702531288108275e-7
orf19.3902,146.80794345161078,-3.41093557762974,0.352517174183582,3.812349019741737e-23,2.2428541546868917e-22
orf19.3908,37.85216338574015,2.0568836088556623,0.5992244060690803,1.0128343461818721e-4,2.1511098975390426e-4
orf19.3921,1142.7405473756535,1.0938916461224129,0.1320564437488488,6.279228367519355e-17,2.944774114955358e-16
orf19.3922,4827.072213902688,2.2805501977563036,0.09965586927201937,1.1034103839567513e-116,2.5795833770254836e-115
orf19.3925,189.5875457982552,6.072177051193006,0.49672917500436936,1.4558484773479287e-34,1.224717816119376e-33
orf19.3926,2539.9725753186176,7.733408634683626,0.23313118933568602,3.506284320279779e-241,2.515658244504182e-239
orf19.3931,747.1217676256521,-4.055074892372195,0.1870274361225214,2.7565920475871354e-105,5.872575959398942e-104
orf19.3931.2,20.48536073571935,-3.1690443449789614,0.9354791156783415,7.678344396551617e-5,1.6521277395131054e-4
orf19.3932,7877.296412704601,2.2718402677828964,0.09450183422592222,2.7051636347572844e-128,7.341578873110856e-127
orf19.3934,1818.0214596271264,1.2991806624552462,0.11766653184395082,9.666663351848134e-29,6.895921444826978e-28
orf19.3936,3958.0854849522516,3.356044504544827,0.10814107501249859,1.489120565402899e-212,8.450082335677178e-211
orf19.394,2905.7327619738353,-1.929436958419892,0.10740424896399654,9.7195414275372e-73,1.4043837405251668e-71
orf19.3941,2473.04710995235,1.8736370757078926,0.1104327883600924,3.2020914936114166e-65,4.216762679983642e-64
orf19.3942.1,5163.8356189725755,-4.1874130545126995,0.11311672919388722,1.5222466510726773e-301,1.7596043696288244e-299
orf19.3954.1,94.64231977647599,5.889386109382335,0.6749772693828504,1.3761476003182731e-18,6.877432603031754e-18
orf19.3955,9532.086368106371,-2.2723951627011068,0.09703320654845644,4.347547553275466e-122,1.0942496704655427e-120
orf19.3962,2574.1429749088607,3.2776635879409834,0.11882646164124919,1.451893085702781e-168,5.7358966082004805e-167
orf19.3970,336.8305160890597,2.4351502489154218,0.21790500979652827,7.947252587008154e-30,5.898543477777039e-29
orf19.3978,356.0136774801171,2.8322353935159574,0.21882794622215077,3.5319530328721885e-39,3.2758470774425263e-38
orf19.398,1606.8429921046984,3.5956434030156936,0.1383188373190586,3.922794075216586e-150,1.3094160758022422e-148
orf19.3984,683.9600075200206,1.2104914353815248,0.15830946396810558,1.0860885816443602e-14,4.6916020253453954e-14
orf19.3988,154.13486621443639,-1.0945089624766782,0.2851905660298331,5.818486227109615e-5,1.273903578730909e-4
orf19.3990,369.32957713998394,2.871116690000918,0.22355721022312594,9.336226008200512e-39,8.5827279445048e-38
orf19.4002,764.1267797775248,-1.5573375992648832,0.15212093084984676,4.012118990279069e-25,2.5580844471217516e-24
orf19.4005,872.6902524436715,-1.085504788314332,0.1454827691123584,4.1144749540258155e-14,1.7178964991992735e-13
orf19.4010,1398.7186999923192,-1.10196047148815,0.12712799014953352,2.146762906249619e-18,1.063499528635724e-17
orf19.4012,1187.5820556644737,-2.5004774422733425,0.1429406193813455,1.8873294239691528e-69,2.6121308790278164e-68
orf19.4022,344.93430065136505,1.0248116607457254,0.19993659936154237,1.6239291735343888e-7,4.4556333631655623e-7
orf19.4026,10230.336120357135,-1.5050914975945526,0.09199267180413322,1.4523365006796323e-60,1.8203784010526636e-59
orf19.4029,2864.375271037957,2.3125338504643125,0.11377048351245543,9.865479542986346e-93,1.8219030564296084e-91
orf19.4035,8264.305138358155,-1.3219544522802447,0.09394921403402824,2.274989597623123e-45,2.3279483718628744e-44
orf19.4040,22183.236065454785,-2.2553943760278945,0.08878041517265213,2.412654027717577e-143,7.529893220506558e-142
orf19.4044,1651.3903178156445,1.1952198889509342,0.11936173730449785,5.6241491078643295e-24,3.395158484650788e-23
orf19.4054,4871.033013212154,1.0334940207661438,0.1169154860971625,3.899416387216767e-19,1.9950948433612345e-18
orf19.4056,247.71649693813785,-5.17194211019979,0.3644719079915768,2.2810679632081594e-46,2.3573553354876374e-45
orf19.406,6914.257090008037,-2.701773546901422,0.09693858492620862,7.023584418414645e-172,2.828465415467369e-170
orf19.4060,17199.257232151438,-1.596549239689997,0.0893454581739814,7.698689635355626e-72,1.0896875443058916e-70
orf19.4066,756.3123919610559,-1.139005409465493,0.1658549592381102,3.0406517264361832e-12,1.1488951620105725e-11
orf19.4068,1315.8968823902837,-1.329451455602528,0.13103460744375314,1.617892369107908e-24,9.998895215813428e-24
orf19.4076,2876.1845928392368,-1.4515118616885727,0.11117345172930268,1.2513904862678274e-39,1.1693382358209249e-38
orf19.4078,379.862134213607,1.086758303889227,0.1930996846348775,8.636032048875155e-9,2.607939625015903e-8
orf19.4082,18435.60810473176,2.601971957982865,0.10089990419901822,2.3673314561074562e-147,7.656416035763079e-146
orf19.4085,99.45296335388522,-1.8582773216983288,0.369366564216192,1.0195130740109863e-7,2.840982414275258e-7
orf19.4088,3191.9843672735246,1.2818640339414091,0.10657769921826091,1.0597511868185451e-33,8.703903826475471e-33
orf19.4092,238.53596975648045,1.1611797741400722,0.2357894174613602,3.789958998095974e-7,1.009685192749256e-6
orf19.4093,3520.6477717125067,3.1660872092454913,0.10750564326634349,1.429393373757263e-191,6.560495175730027e-190
orf19.4095,14.043579382933311,3.5276037133894,1.2269429390656361,4.133061204056096e-4,8.23183408925276e-4
orf19.4096,882.7128057899391,2.757922895974475,0.15484020314062935,6.864248191207658e-72,9.737872093072317e-71
orf19.4099,9323.416292901937,-1.7924708345496867,0.10011349364526305,1.5405364970996365e-72,2.2156748421419196e-71
orf19.410.3,4028.8434283730667,-1.372532442611295,0.10136996874086328,3.406016529359362e-42,3.291076652672003e-41
orf19.4101,125.5246689870009,1.240962295817228,0.31506112676207243,3.2959023726451794e-5,7.405695683963718e-5
orf19.412,1695.2538847051178,-1.860057201262577,0.12802082588392447,1.5328967536886525e-48,1.6412249633832878e-47
orf19.4120,486.8713102267043,1.2387369388093197,0.1782389414375838,1.5322566417340373e-12,5.893004286940149e-12
orf19.4121,64.5908826158253,1.1110984010700886,0.42446166619775516,0.0038520188694252024,0.006788340424323013
orf19.4128,1096.5614531804258,3.127599907044559,0.14766096027335415,1.3447298441443601e-100,2.6731858876271007e-99
orf19.413.1,114.2030656076671,-1.0329208286715892,0.3271581838368633,7.843777991956687e-4,0.0015102054974026416
orf19.4132,1982.866464381754,1.6866036375901463,0.11737715325138261,2.1095275453132474e-47,2.216779619165874e-46
orf19.4133,786.7658850595676,1.631013690556731,0.15252289145324635,2.483620611216211e-27,1.6942906945586436e-26
orf19.414,459.45302990485857,2.368407933175604,0.18882931779538822,8.181400800028543e-37,7.22323957479182e-36
orf19.4143,322.43450758205313,3.108159913400662,0.2325287862079572,1.1351699463567369e-41,1.0834450772413992e-40
orf19.4146,788.236181283568,1.2910853778876343,0.1494205241561406,2.256321269518745e-18,1.115119347928425e-17
orf19.4149,4950.968885502358,-3.730813021927103,0.11276442333677164,1.3250758689675763e-241,9.730733616583072e-240
orf19.4149.1,6212.97340370916,-4.4061045599918565,0.10442796398642934,0,0
orf19.416,66.51476159140854,2.094997288842413,0.44876440316211824,5.375275807543408e-7,1.413926320720015e-6
orf19.4160,184.97105198253746,1.3995688224540328,0.2653951329842879,4.6682309634637785e-8,1.3378832724490772e-7
orf19.4163,1613.714306219107,-1.614487958186449,0.12344500254275828,9.72559111127696e-40,9.101520197389923e-39
orf19.4167,165.7248002824119,1.8405694201079037,0.3042119959910242,2.8429836854710706e-10,9.4493632399949e-10
orf19.4168,310.4738404274033,1.6389543285263422,0.2137333115954135,4.828217431779012e-15,2.1090086220549052e-14
orf19.4170,185.18570680857124,1.379201317970075,0.2692969641797927,1.0248801437566935e-7,2.8546639256266314e-7
orf19.4171,962.5646744830696,-1.5011296157944456,0.14161327390228565,9.112836539827952e-27,6.1098094180028e-26
orf19.4173,698.263674803991,2.3411830192633265,0.1605438300629661,6.0014166769188306e-49,6.469921053078988e-48
orf19.4175,842.0692191855878,1.281788274494429,0.14497432543071548,3.7955953590233406e-19,1.9435690099281125e-18
orf19.4177,7698.529946494844,-3.01678382585863,0.09724943129856105,2.791314500782373e-212,1.5696743345841057e-210
orf19.4181,705.5081648423492,1.057412035236428,0.1573451440721645,8.779692374156e-12,3.2504649940380634e-11
orf19.4185,378.35658380200823,1.0207353545170759,0.19312489903799113,6.485782728438976e-8,1.8410302769857246e-7
orf19.4189,3793.356797016372,11.862385435855456,0.7107599108337407,2.241037738831927e-60,2.803318149456691e-59
orf19.419,472.7293807609892,1.220085031895037,0.181024204588898,6.711520696949214e-12,2.50109326509594e-11
orf19.4191,1665.3308094185738,3.916752377002907,0.13908346574576835,9.997030570446507e-176,4.188017773203161e-174
orf19.4191.1,1092.0875546469272,-1.0198745633515844,0.13574755046437154,3.0840668024738366e-14,1.2972200121995746e-13
orf19.4192,1632.7989914646937,-1.2314575302013373,0.12309521092402197,5.320484802882252e-24,3.218068424378974e-23
orf19.4192.1,668.2279982276328,1.1348411590185261,0.15700406758474783,2.630760183150109e-13,1.0587495205172779e-12
orf19.4193.1,5027.478846966653,-2.3490745228106418,0.10191272701511468,1.339828867846389e-118,3.15592897852723e-117
orf19.4197,3214.056087661865,1.1264354119971265,0.11001158781910104,3.078867333191837e-25,1.9751582624648967e-24
orf19.4205.1,187.15196330844282,1.4707354873434448,0.26751006932176247,1.2312397663304808e-8,3.684275465692646e-8
orf19.4207,105.87133042899977,1.4841705758453363,0.3459704202240296,5.477639967433167e-6,1.3210980454684877e-5
orf19.4211,275.0092052222355,-2.070093573593012,0.23694781061622563,4.155908652552914e-19,2.1193775987937326e-18
orf19.4219,1560.6880993124516,1.499612443003653,0.13803671570801263,4.593157264156668e-28,3.2034064405436785e-27
orf19.4223,5433.438332794241,-1.1828953235743682,0.09698755184002955,6.344610156295365e-35,5.3808500809233235e-34
orf19.4225.1,585.0788998229168,1.3579767299783538,0.16463489014190388,6.033292672418752e-17,2.8315648767848007e-16
orf19.4233,10289.029729778713,-1.7786918701369832,0.09292265779531544,2.6274555807308767e-82,4.282135178830844e-81
orf19.4241,1050.4702586006708,2.1498425443040245,0.14067394412523127,1.7531780541851642e-53,2.034077586286951e-52
orf19.4248,4725.651543403459,1.9602681698439919,0.1003614951345813,1.2612419465024016e-85,2.1568965013884907e-84
orf19.4250,333.1552780513048,1.2251562918892136,0.2069026148532915,1.3496409426811626e-9,4.311391383938494e-9
orf19.4255,1290.007978424399,-2.554758406307856,0.13646220538975845,4.034648562765908e-79,6.359665739592121e-78
orf19.4257,3003.403690426707,-1.8226487154564814,0.28683707418605753,3.689109424383143e-11,1.3151011437464064e-10
orf19.426,1222.1039321766139,-1.0404374110492989,0.1314933879334199,1.2319546570924208e-15,5.496684038292274e-15
orf19.4262,665.4708255780583,-1.0005754078814477,0.16157274614542352,3.116197979112496e-10,1.0335445157077683e-9
orf19.4263,261.0458988275341,-1.3379013059555909,0.22836018193797467,1.724833818511102e-9,5.476303507195472e-9
orf19.4268,1045.1411902138498,1.7516620261035314,0.1372192869792053,6.517979593464018e-38,5.862424873545015e-37
orf19.4274,764.2647332635783,-3.0133879486834023,0.17170144214561442,4.93768094360929e-70,6.895079295304069e-69
orf19.4279,2997.206972131199,3.316125872143252,0.11159448727574982,5.1782750822774385e-195,2.430285192750058e-193
orf19.4283,823.192957401597,-1.2267024056954496,0.14637009122415956,2.1961457347484162e-17,1.0488402200688304e-16
orf19.429,1120.5698137996787,1.2841772056517322,0.1381162930101499,5.576452952887696e-21,3.072217063718005e-20
orf19.4301,1149.4551818985185,-1.2109626901404718,0.13458970705627235,8.716082823504929e-20,4.571915040698972e-19
orf19.4304,1911.0152953344732,-1.0650730255927519,0.115055481068692,1.2430334209273853e-20,6.758723530861271e-20
orf19.4306,1537.796751459624,1.4881436610318013,0.12215036645600404,1.9441015264390454e-34,1.626686558717496e-33
orf19.4308,2512.229048261075,-1.2871340202571009,0.11609337574023203,5.339032609161424e-29,3.8482957905757054e-28
orf19.4309,6255.148799143392,1.4947791344405028,0.09611184336615326,3.6481499407186856e-55,4.3457541851080217e-54
orf19.432,638.5500053026275,1.0637405294158613,0.1605664748294583,1.5160596629688945e-11,5.524369186370017e-11
orf19.4325,852.5931127822323,-1.0376233632184035,0.16104982267527027,5.402213065321941e-11,1.9029691847482822e-10
orf19.4326,1135.7139163418044,1.8090364246143829,0.1379892732153764,6.3669436302127106e-40,5.976310096208683e-39
orf19.4330,808.6035034015708,1.4814370409069761,0.1707177325193498,9.847248820609247e-19,4.945014250864274e-18
orf19.4334,41.290698309967105,1.6463175101146337,0.5564826284528298,7.101462132701629e-4,0.0013740646817211272
orf19.4335,934.4240334464556,-3.1376314212627454,0.1649198251382547,1.7045159513964583e-81,2.749247692149016e-80
orf19.4336,9889.280631287222,-3.464393362177285,0.09457057822868058,1.2586011880292136e-294,1.354515278565233e-292
orf19.4337,1393.8080507145394,-1.7162534522040969,0.12806518821747398,1.0471942940243507e-41,1.0010086957580393e-40
orf19.434,2742.528986940239,-1.7644477404501768,0.11117572676903667,2.2621486595071453e-57,2.741812025756039e-56
orf19.4342,32.399233655998266,1.6653615217774327,0.6686962120014663,0.0023371390425217333,0.004218745489711006
orf19.4346,4414.919885302183,-1.0343887913189411,0.10532687737196664,4.5523857519599316e-23,2.663166997538322e-22
orf19.4348,813.2322471258764,-1.0329939280384055,0.14686777665094336,1.055873126846226e-12,4.108952654472657e-12
orf19.4349,971.2490175119656,-1.6478149864286686,0.14532641630945947,2.0493282977536624e-30,1.5599886871437024e-29
orf19.4355,2162.91437932195,5.68284586327678,0.16323582652098337,5.571735922187983e-266,4.968396518042484e-264
orf19.4363,1458.47479527465,2.1473341688814283,0.127333757263276,1.4445154218764717e-64,1.8863316450529155e-63
orf19.437,13145.61590042324,-1.8201383102352466,0.09167020533510639,6.994412805620295e-89,1.2368024003592601e-87
orf19.4372,337.1184886306926,-1.30574015670353,0.20658097334837555,9.870030329213303e-11,3.420806735977204e-10
orf19.4375.1,2463.0453083732473,-1.8704416483394484,0.11163805024541908,9.888613506749145e-64,1.2805959649196713e-62
orf19.4376,104.79585468061786,-1.6531819691137628,0.35546030504355725,8.220439339514015e-7,2.1300117209317757e-6
orf19.4381,8716.467489211815,2.041704104082595,0.09629125871607798,1.716473150865381e-101,3.4340466050325987e-100
orf19.4384.1,237.63281245707202,1.424411047679605,0.26346983997752665,1.934136470581935e-8,5.7082174228711294e-8
orf19.4391,168.34451994216974,1.6018064615499954,0.2812699709671427,3.658237718120714e-9,1.1304316750747276e-8
orf19.4393,7212.1460112060495,1.1180888258754014,0.10331941222499505,1.3209434741975819e-27,9.100804818919764e-27
orf19.4399,791.0689682378212,2.458910421993276,0.155603875712448,4.4187483462187254e-57,5.324677061215692e-56
orf19.4401,579.2147315572604,3.4352965782612537,0.19021805964975763,1.0339385154460074e-73,1.5221330692014098e-72
orf19.4416,3950.890881040375,1.3275123704317005,0.10671692232538905,5.798426168742458e-36,5.006054791879727e-35
orf19.4418.1,44.08312954838696,1.6369003074822832,0.5481137888359322,6.269030518689515e-4,0.0012251499216549765
orf19.4424,83481.17661622807,14.602788562776611,0.6827961331846935,4.4249751451382926e-104,9.299897257896708e-103
orf19.4426,965.6537925766371,1.269737270367516,0.1386126715211123,2.158313010535354e-20,1.1564111426404875e-19
orf19.443,213.96622615446248,1.5926772904059734,0.2573515687642051,1.6149417921042941e-10,5.499436260946538e-10
orf19.4430,1314.8837298858944,-1.4100713730577676,0.127391560888961,5.406399859891113e-29,3.892358468908919e-28
orf19.4433,178.4031799792893,-1.072697182003038,0.2712676928042759,3.708416794137216e-5,8.2937791576512e-5
orf19.4435,1005.7864252062516,-1.289042242227637,0.1430599780830762,1.0514192206491483e-19,5.501222778953885e-19
orf19.4436,436.8655957982923,1.022636971851151,0.18227844287656803,1.0580512106949381e-8,3.178226976495575e-8
orf19.4437,3270.1205116067804,-1.0280348303690727,0.10575960578158183,1.2580542187767265e-22,7.257647350835792e-22
orf19.4439.1,59.15131497416064,1.6827078642045057,0.4624450632767568,6.597596815396602e-5,1.4359204784416174e-4
orf19.4450.2,91.80454847575405,1.1237240203262622,0.3766964929267973,0.0011962456515948242,0.0022470554791618694
orf19.4451,3714.9878194913263,-1.1328680849941901,0.10250955312967767,1.4703725372470486e-28,1.0417781359246399e-27
orf19.4459,305.9420458735256,-3.983195447704841,0.2730628756911988,3.2384622582868006e-49,3.534000247591995e-48
orf19.446.2,170.29416671649483,1.1701110346957704,0.2725440232891354,7.735882471632679e-6,1.8423265313976033e-5
orf19.4464,153.87308117694448,1.287588328082814,0.288033627106792,3.1769223851381547e-6,7.85049466667948e-6
orf19.4476,2750.0500547363895,5.946797847013712,0.15255278456603505,0,0
orf19.4477,13701.329718578656,3.334623395521424,0.09192680296904658,4.02145447843925e-289,4.1836531424029665e-287
orf19.4479,1072.4668528822344,2.8168077316766373,0.1424217197568771,7.719384023956481e-88,1.3384554188204544e-86
orf19.449,1820.6603278974935,-1.919900942678956,0.1187580024985402,1.7249791829134573e-59,2.149165680587984e-58
orf19.4490,7155.348494697507,-3.446532404867463,0.10055218806227073,1.2097330916534568e-258,9.935728892237997e-257
orf19.4490.2,2473.175495837813,1.006053322715744,0.10964696073633542,2.577077906474582e-20,1.3772363263882142e-19
orf19.4492,4463.069704473043,4.305362450767674,0.12401788803179979,6.461023392904313e-266,5.680240565987143e-264
orf19.4499,453.25799682963134,1.1264035334906803,0.18063668180662784,1.9343385329453184e-10,6.533626148617249e-10
orf19.4506,12016.276248291057,-2.9241425935359424,0.09343526606770493,6.327010720204479e-216,3.656777862547811e-214
orf19.4507,84.96951111952214,-1.0621935103425568,0.3828580834675443,0.0025027794637319007,0.004500820919796752
orf19.4508,32.95993801728547,-2.1695120660144505,0.6605198333603027,1.4852147661716472e-4,3.1068064914354634e-4
orf19.4513,4829.064373417981,-1.3880129739932507,0.10459426504511858,1.1104474326534767e-40,1.0486252457826023e-39
orf19.4522,244.05919020809256,1.6922336818380743,0.23981155138045993,4.405893400503032e-13,1.749464796815517e-12
orf19.4526,15.520309349274882,3.7717382230504635,1.1790543452083997,1.6525665330142315e-4,3.4395866285678005e-4
orf19.4529,382.7838138844967,-1.0752040817444957,0.20018633472709219,3.700010316336488e-8,1.0726090131478867e-7
orf19.4532,1827.7481612788313,1.9555627789924432,0.13105185369219002,4.027589233770091e-51,4.5054143364144995e-50
orf19.4540,865.7211098579853,-1.8814476285769735,0.15042182513912894,1.4172901083769399e-36,1.2462352238428307e-35
orf19.4545,1378.815361217537,-1.193165913577456,0.1313547663692406,4.236583154349564e-20,2.2448855729584025e-19
orf19.4546,932.5718563456387,1.2970318476700438,0.14020195873805835,8.983166655954042e-21,4.9057678273372816e-20
orf19.4550,669.4278138947275,-1.8202486429675737,0.16496300344878292,5.524588317398037e-29,3.972866391382321e-28
orf19.4555,47645.61075193234,2.403945287935507,0.09848548150169992,2.6081861423181892e-132,7.333467522680242e-131
orf19.4557,578.1714649409298,-1.0354608331832034,0.16998780255950105,5.622962880270671e-10,1.8395458227803738e-9
orf19.4563,479.2026534402711,2.449268014294125,0.19120643940902343,1.881159602860136e-38,1.706714860618164e-37
orf19.4569,45.22471299335253,1.9592550387572656,0.542419753550332,5.565192342148861e-5,1.2201591359217838e-4
orf19.4578,415.4222383879623,1.2437140586177609,0.18719690524954427,1.3123043184747922e-11,4.8015261171861975e-11
orf19.458.1,124.6476697015712,1.0462405084851087,0.311354130987307,3.8913622775174617e-4,7.790212744151378e-4
orf19.4581,471.6831324835939,-1.1360675118257113,0.17789832395176655,7.43761137002556e-11,2.609644191776253e-10
orf19.4582,496.34161027254686,1.446058620829992,0.1792789117995369,2.435329009946635e-16,1.116923121240771e-15
orf19.4584,2071.1202215587655,3.2398752217984317,0.12257010265663999,5.442364839151851e-155,1.9192791709596528e-153
orf19.4595,414.6596604308352,-1.053968970242389,0.18858654135214797,1.1561220869870564e-8,3.46614508500154e-8
orf19.4600,606.2123379015436,1.8544504853394808,0.16540373316496118,8.750381931509567e-30,6.47922704821859e-29
orf19.4607,19.653206071641815,-4.74561703955719,1.2466576406339807,3.1991307446602545e-5,7.196026705646598e-5
orf19.4611,2531.790790216518,2.0233605949806517,0.11116795408772569,9.722113949117136e-75,1.4518046715404105e-73
orf19.4622,2600.426677228596,-1.4197011481313546,0.11750726970712114,3.895689486246703e-34,3.2379352560788174e-33
orf19.4630,2194.295337495114,-1.9681205339244274,0.11452147632398803,8.946270407755653e-67,1.1881408486215061e-65
orf19.4631,7708.4748436966765,-3.5098374586665524,0.11039757627414515,1.6551894706923617e-223,1.0331692676061721e-221
orf19.4632,6198.44180719635,-3.1048371634412053,0.0987510162934938,6.298600673259384e-218,3.7803716733158724e-216
orf19.4634,402.4209171791141,2.115561147874195,0.19953087941359213,5.367749958013875e-27,3.6261358482600223e-26
orf19.4635,2517.471074416353,-1.29244472496899,0.11540831919359182,1.4348113539253468e-29,1.0524197968510006e-28
orf19.4640,2022.447479104482,2.6173435406588155,0.1186932750578264,1.3014714281708011e-108,2.8504507560147865e-107
orf19.4647,116.62981163867248,-1.697674967471428,0.3406662234385335,1.4665328663168325e-7,4.0379788934934574e-7
orf19.4650,4450.716015999671,-1.7298776914975222,0.10365952136959963,3.641414900496674e-63,4.667291952546251e-62
orf19.4651,6532.3298983665345,2.216234580721123,0.09600232922122243,1.1485847781579446e-118,2.7157068883567766e-117
orf19.4653,662.3382391738729,-4.3766504017412835,0.20675617330683138,2.1125081820897118e-100,4.172872174874678e-99
orf19.4654,56.75749311832282,-2.555522615150633,0.5196215707410657,1.0956810595198338e-7,3.046432593996794e-7
orf19.4657,2238.0952512567733,1.0878177832716747,0.12289771308457655,3.9125304307544237e-19,1.9985282282135117e-18
orf19.4658,2416.561038488123,1.3809385778592826,0.12558079877719278,1.3284656310390306e-28,9.433768451587745e-28
orf19.4660,14817.278493318528,-2.9537312293304043,0.09226388149004594,9.005088796707649e-228,5.855183778025952e-226
orf19.4664,502.50676460058423,2.0918163835503614,0.18220791464350353,2.852104198583558e-31,2.2170403994468953e-30
orf19.4665,337.58847099019755,2.265308239723897,0.21273907645075302,2.7801799448095083e-27,1.8945287353166977e-26
orf19.4666,164.43842801276574,1.3926035750017929,0.2802686397202786,2.5130649850028793e-7,6.776048223061759e-7
orf19.4669,1210.9828631700354,-2.887716047968839,0.13872039903397534,3.630893945523878e-97,6.90976829510977e-96
orf19.4674.1,167.76856103238788,2.7806036778076524,0.3012631394880245,3.68201269703588e-21,2.044761855417968e-20
orf19.4679,531.8809210862506,-3.1422225391243854,0.19004022695614903,2.4534966198255847e-62,3.131845787515603e-61
orf19.4683,3432.137410278451,-1.0152574947236055,0.11196270396785026,9.328966062146758e-20,4.889286831227544e-19
orf19.4684.2,678.7003494171748,-4.9253788731451165,0.579001136823054,2.943939258293654e-19,1.5149273578127772e-18
orf19.4686,2468.887169232904,-1.5258932795828213,0.11732356782397309,2.7774802416015842e-39,2.579915426797186e-38
orf19.4690,85.79504690881713,-2.941685786435883,0.4371441569290536,1.7875853517543584e-12,6.849667136679378e-12
orf19.4697,8538.869502892609,4.137877836350444,0.10251718666451216,0,0
orf19.4698,154.41406141608772,1.6338815321945321,0.2910561631171145,5.429692044301476e-9,1.6581280694975443e-8
orf19.4701,141.70606803803355,1.0722495472942954,0.29603519667100603,1.42375604460464e-4,2.984246215722687e-4
orf19.4702,174.89165568676097,-1.5946008965812963,0.2757702994313395,2.079603698306482e-9,6.562632095464642e-9
orf19.4704,17955.87658080386,-2.849194065666996,0.09561147288858694,3.7333444176994374e-196,1.7788958668152585e-194
orf19.4712,406.13131946517035,-1.1946050815749611,0.19217923743584472,2.17185817044925e-10,7.296414800831119e-10
orf19.4716,13429.337568346371,-1.5501243881949196,0.09471672915498604,1.0734261239199906e-60,1.3481540976878433e-59
orf19.4718,10531.454848847894,-2.7623372176019543,0.09282330319461174,2.760669466354541e-195,1.3054620309837155e-193
orf19.4725,1056.5931555234222,-1.0133539999812204,0.1342575644625353,3.438810639888088e-14,1.4425440869745594e-13
orf19.473,1694.4146801399274,-1.1683338787862683,0.11893831338070882,3.8718050904318197e-23,2.2756880766926008e-22
orf19.4730,513.9446133513046,1.6999977842991667,0.18003353763140414,1.0244391910635197e-21,5.7816902627653614e-21
orf19.4737,4374.233602967288,-1.1149228052621005,0.10176031178642765,2.9143972309676906e-28,2.0440075860337443e-27
orf19.4739,986.371429597864,1.504457280421631,0.13947438157641012,1.513401843575671e-27,1.039535336045896e-26
orf19.4740,174.4197053891794,1.057250396038006,0.2681804902530476,4.028848866921307e-5,8.984664032626938e-5
orf19.4746,1280.8189099026333,2.5333580204350974,0.1338557255457413,9.862017762459966e-81,1.582486243528923e-79
orf19.4749,1522.6354870547186,1.193954177799489,0.12160459977733555,4.25305520690773e-23,2.4950724249547036e-22
orf19.475,1071.4886811427648,2.1721477548205668,0.13922284383399922,1.2517352034243093e-55,1.4939447685993384e-54
orf19.4751.1,218.67789792717343,1.37444560326104,0.2467659561317502,9.197643468717458e-9,2.772172406167763e-8
orf19.4759,3644.9859583253233,1.3136169072685813,0.10820612458504575,2.5073558205382897e-34,2.095169348299867e-33
orf19.4760,469.3141988318026,2.431211746996288,0.19266052571956926,2.3520448523461953e-37,2.0854352227762715e-36
orf19.4765,1223.657995442928,-1.5331537021399,0.14246693482195605,1.3238246295484799e-27,9.110599049218976e-27
orf19.4767,56.09444619193408,-1.1615772348626574,0.4603847046246757,0.004651709768853651,0.00811287297490486
orf19.4769,202.24163540160953,-3.196684005186678,0.30874338754091524,2.860302857141646e-26,1.8873161135600586e-25
orf19.4771,488.03342908031453,-2.1158962816143236,0.18262733142174498,8.989399834763628e-32,7.075893287338533e-31
orf19.4772,506.3969785860069,1.4017563584250194,0.1760355499578958,5.985601175493945e-16,2.7054397203065317e-15
orf19.4774,753.9790227381734,1.7706927888135435,0.15258664021281715,9.891014642701768e-32,7.7368061904441655e-31
orf19.4777,8279.231941640002,-1.058474222947164,0.09539737904711262,8.835746111045887e-29,6.31038068937625e-28
orf19.4780,2842.134235251458,1.0179384856729374,0.10670089713966767,8.857619260977282e-22,5.0035528893230946e-21
orf19.4783,53.72885008675416,-3.5911105118051547,0.5965856689481772,1.9099100342478841e-10,6.462173908856257e-10
orf19.4784,4570.854330191732,-4.181833205407262,0.11148577900587694,0,0
orf19.4788,4896.637485641662,-2.0702541885303893,0.1002453182544204,9.654514250564936e-96,1.81516499855501e-94
orf19.4789,217.31156134538156,-2.127223053504446,0.27263833737270277,8.105131149089573e-16,3.639728678605548e-15
orf19.4793,250.14146316179506,3.8533701918846717,0.28104936921577633,1.1205545627730193e-43,1.1209137148764721e-42
orf19.4799,1521.6308514739776,1.3993993615065732,0.12333699639781329,2.789710910344988e-30,2.115841494820585e-29
orf19.4801,250.9233762659179,1.3189401594231343,0.24168747389561723,1.6802381898310657e-8,4.9871834431409945e-8
orf19.4802,127.00908079632244,-1.4562479310676892,0.31887751893997246,1.548486621611628e-6,3.935526666164406e-6
orf19.4811,2695.8126774352013,-1.3177393451721198,0.10924467432772052,6.084207306711407e-34,5.0301486103963715e-33
orf19.4812,657.6679034419354,-1.8610581115858362,0.16550943071349966,5.199178702369028e-30,3.891279791389385e-29
orf19.4813,6855.868848065842,1.933907427163083,0.09619797754350191,1.7744677241799106e-90,3.201221830731504e-89
orf19.4815,1557.4025461566669,3.619933529898443,0.13743645050676737,5.521052878898697e-154,1.9145784483380924e-152
orf19.4818,316.90858588113025,1.0882174023117304,0.20900484814989984,9.491748152303399e-8,2.653268784893767e-7
orf19.4822,13.67792732439337,-6.796303161826152,2.7611532709100928,2.2938635678665176e-5,5.219940353854467e-5
orf19.4825,449.6781012776641,1.064362249228043,0.18164969055096744,2.2052036515152263e-9,6.937944149575626e-9
orf19.4826,11554.585846487891,1.6031972425112855,0.09170811901825406,5.868456199865666e-69,8.033092894640678e-68
orf19.4827,15080.632130088321,-1.6897129802857649,0.08988304953146399,2.1805232128126667e-79,3.454524338674281e-78
orf19.4830,534.2457202431183,1.124260031844872,0.17503494859088545,6.154743997003117e-11,2.166830909717623e-10
orf19.4833,11532.702338717281,-1.663564882516149,0.09159367033035822,2.6099549209158808e-74,3.869676630963641e-73
orf19.4835,1530.4996080163348,2.3099176362918286,0.12623332068189808,1.4245641585262454e-75,2.147857361720006e-74
orf19.486,670.2480076946016,-1.84197949910839,0.16652018789758694,3.928510835477009e-29,2.8348860849765884e-28
orf19.4867,2631.1205042843635,-1.4219299004945813,0.10962813127701403,5.891224591747795e-39,5.439796435161203e-38
orf19.4870,1273.0584160813876,3.5525191586589204,0.1431545595890192,3.7597396441446566e-137,1.1175378504167118e-135
orf19.4873,965.3863815567081,1.388203950179323,0.14350685085610398,1.3501554076924904e-22,7.77460337160196e-22
orf19.4886,26.01732010082158,3.624406928229042,0.8940026122856373,3.950242381364112e-6,9.665783200499719e-6
orf19.4889,806.6005987767037,-1.497545836094924,0.1482974737293755,1.7839052473709666e-24,1.100309936174859e-23
orf19.4894,167.03554999858372,1.2638582110014653,0.2766615123086713,1.924589620546165e-6,4.851893542588514e-6
orf19.4895,274.68931200847265,2.407616533478848,0.24009407739401217,1.4357805766622283e-24,8.89101424556114e-24
orf19.4896,1138.213681168875,2.7802458016544866,0.35407932471011344,2.9426348584176215e-16,1.345635661995809e-15
orf19.4906,4325.789050184763,1.5374881226494463,0.10023943866067238,1.3482834845065884e-53,1.5701465504272621e-52
orf19.4909,1738.4941825799494,-1.6353406146582716,0.12017251944387759,1.1160362110537513e-42,1.0918962428522751e-41
orf19.4909.1,6749.988597097057,-3.098624134716366,0.10482307258406756,4.570056679142088e-193,2.113058799348512e-191
orf19.4911,477.48285944223323,-1.013832196604718,0.17777487256834543,6.53898476451434e-9,1.9827149425623644e-8
orf19.4914.1,66.44373460909014,-2.806474774114203,0.4807186399646555,6.549025638753602e-10,2.138023955915271e-9
orf19.4921,858.1851375198594,1.3204957342249937,0.1441020955551407,2.028962377379884e-20,1.090851262670563e-19
orf19.493,10012.252766356843,-4.60035192791781,0.09905759347773677,0,0
orf19.4931,5311.504538349698,-2.0876484956071626,0.09835828095678133,1.0626887332573715e-100,2.119266157505595e-99
orf19.4931.1,5757.308053412398,-3.745878033009725,0.10233378086015014,2.2226559492844426e-294,2.351494650073473e-292
orf19.4933,425.7187211548623,1.2667327003461744,0.18936822470606415,9.043149976899015e-12,3.346019096372475e-11
orf19.4939,1226.3746654833376,-1.1901389300374392,0.1371337965969016,1.2836456043174001e-18,6.420285145952894e-18
orf19.494,1243.8394241359433,3.9861803121075283,0.15194875659691015,2.1609955957952717e-152,7.4115024774473e-151
orf19.4940,2735.6488822254264,-2.5756621463351075,0.11119818581057034,2.842683093441477e-119,6.850976011297954e-118
orf19.4941,7291.70727774021,-1.0240479357519496,0.09539493406261862,3.709719375717927e-27,2.5169639503512283e-26
orf19.4943,1209.4891958055855,1.8035859459478607,0.13373589873757835,4.546915444316713e-42,4.373165824872869e-41
orf19.4945,2866.2207690029336,-1.232108047552732,0.10690292815497882,3.7070231349360502e-31,2.8708732516465044e-30
orf19.4946,16.587441751396877,2.148629710589375,0.9652306025054473,0.0031616791210512456,0.005630585185050463
orf19.4953,1670.5475220023286,1.2993708515585949,0.12039462698555276,1.5138379052638888e-27,1.039535336045896e-26
orf19.496,873.2827803271792,-2.2402538961093645,0.15030996644961517,5.0517673035208366e-51,5.640989536418079e-50
orf19.4960,533.2900467245795,-2.2105524929217895,0.17998666689373524,1.2196577106661213e-35,1.045755965656309e-34
orf19.4962,192.87505446167225,1.8375459385481947,0.266731092640578,1.303182249893978e-12,5.049325638633278e-12
orf19.4963,304.3905711306688,1.2563179098393498,0.21682740983974658,2.743194966258677e-9,8.56151148969333e-9
orf19.4964,152.35190670414795,1.3006583029525631,0.2880611335631627,2.4294351645829735e-6,6.063388363585334e-6
orf19.4966,2327.4710089962823,-3.1582271429027653,0.11935351576207912,2.7613226689280906e-155,9.793281874687013e-154
orf19.4969,3708.0906361548386,-1.0639638823173099,0.10670267492202104,1.0264362576414248e-23,6.154673506433981e-23
orf19.4970,376.6255414116922,2.758442921418597,0.20988923904427986,2.497718378851302e-40,2.351547227871769e-39
orf19.4979,839.4870953496963,2.2709985488666127,0.1518404301993655,2.3036059238762497e-51,2.5908303021325315e-50
orf19.4980,52717.692103523055,2.4583522366922654,0.08918405430657697,1.6987138373224056e-168,6.627107357854036e-167
orf19.4982,530.0582712245543,-1.5640714472156116,0.1730188441863077,4.6222144395636284e-20,2.4452386034719095e-19
orf19.499,206.56610061710293,1.1873452149556418,0.2515176785506675,1.0437143124238166e-6,2.6865421600616344e-6
orf19.50,1570.2994407253523,1.7783914999461001,0.12603157047221675,7.735998098499118e-46,7.955205952361036e-45
orf19.500,1091.0879444928248,2.8173692319552313,0.14216087639491884,2.6964825944804926e-88,4.714690295447404e-87
orf19.5005,5813.090933000772,-1.0289922653819608,0.09685751337345043,1.1574885533006898e-26,7.719063621477464e-26
orf19.501,2370.640282435113,3.2678686742095056,0.11970900857266242,6.922354826162367e-165,2.6187478075700298e-163
orf19.5010,771.1866522020675,3.9943722331592326,0.1797441948911404,1.8649882914576767e-110,4.142796055259366e-109
orf19.5015,2086.277141536488,-1.497648239329399,0.13462905237825087,1.8805942030619296e-29,1.3729437445043936e-28
orf19.5019,2699.9093899897084,1.343497098555833,0.12398383388669183,8.988246516703881e-28,6.220026026304393e-27
orf19.5020,376.93063200830983,2.2746075248159996,0.2048608326414496,2.000723892876096e-29,1.455538291297505e-28
orf19.5025,512.7226365537459,-4.221995801885188,0.22567478506579433,4.2341024309840017e-79,6.65724618997535e-78
orf19.5034,1927.3654171500195,-1.202493337399534,0.12175083248611028,2.3459625281884547e-23,1.3880092986684677e-22
orf19.5038,547.19470361345,1.908748839821818,0.17498290396161448,2.2259017688383807e-28,1.5681804561048728e-27
orf19.5042,36.163213772976604,-1.9498993446255473,0.6129475760896153,2.569421782793167e-4,5.255023187481962e-4
orf19.5049,597.0650117375234,3.1514750948551744,0.18079149816033369,6.066558517611823e-69,8.286095900860612e-68
orf19.506,5340.418326322374,1.139523871402594,0.09695899950968316,3.3099932362109287e-32,2.635328798524058e-31
orf19.5066,371.7950493830858,2.40969913702794,0.20833525064784614,9.675790592137948e-32,7.5779529330144385e-31
orf19.5067,559.3965265458977,3.777822838132503,0.19904777706479684,3.209410118567822e-81,5.163179886623801e-80
orf19.5069,57.61993728281586,-3.0755204144212436,0.5671936290623641,3.940004589239032e-9,1.21449425412494e-8
orf19.5070,1686.4042065674244,2.3667026790926715,0.12764808877352268,1.2973180341294299e-77,2.0143928281183836e-76
orf19.5073,3076.069706917395,1.0151694785366894,0.10847814947119694,4.581883098263383e-21,2.5354711258297906e-20
orf19.5079,22047.796250699594,1.109914372537491,0.09079572472983478,7.598411681194568e-35,6.400713321729621e-34
orf19.5079.1,1347.6736806198687,1.1713655009484811,0.12557281812280893,5.930646364904277e-21,3.2615942387429513e-20
orf19.508,1875.9528316173096,1.0348275132909357,0.11600666605854681,2.0782349754436055e-19,1.0765429640430694e-18
orf19.5087,923.8961407776902,-1.192424086902467,0.1410410490743051,1.2249991443593466e-17,5.900034459175187e-17
orf19.5094,2757.2546145019587,-1.9571986493115996,0.10863613115720774,3.045681338560786e-73,4.441855821330941e-72
orf19.5097,1132.2805314086872,-1.8913871350211693,0.13505066401631893,3.633393339177309e-45,3.70582372927202e-44
orf19.5106,1390.744279309873,1.939633038397952,0.1268654144226259,2.021822881467617e-53,2.3370774863186784e-52
orf19.5113,1646.0258685300887,2.723899825602434,0.12768058360772472,6.5075926232175706e-102,1.3145758302305526e-100
orf19.512,2353.2249854799643,2.6665864416497826,0.11507672010079424,1.4978423566552605e-119,3.623849608620983e-118
orf19.5126,914.3066952455395,-1.1861170211796799,0.1422015038252941,3.216233413270217e-17,1.524352996631184e-16
orf19.5134,197.22373863261868,1.366603241437201,0.257540662928473,4.051752956084299e-8,1.1681774573615794e-7
orf19.5141,822.8188201763746,4.646644224665361,0.1952259017002361,3.9606317072343825e-126,1.0475535218880092e-124
orf19.5142,265.9660216215264,1.0850617307944856,0.22333405528124897,5.862883208645955e-7,1.5395926372893584e-6
orf19.5144,82.40733219262322,2.3177343374383934,0.40944043765189797,2.3832230018471403e-9,7.475416069110478e-9
orf19.515,86.39158287515143,2.422083047897494,0.4211378235258767,1.0661766704657593e-9,3.4322201016231405e-9
orf19.5157,125.81999275211227,1.0935850788030221,0.32407504778355123,3.3685054983685847e-4,6.802397709743354e-4
orf19.5158,1293.8515701783938,2.21486872479814,0.14376880794156294,1.909661792688353e-54,2.266180401133213e-53
orf19.5168,1316.2543314932414,1.1808343120219076,0.12715234608249348,1.202415891479148e-20,6.543574537587482e-20
orf19.5169,597.455111814269,-1.9068894273201624,0.16759881598047097,1.1678099482217835e-30,8.933173648039672e-30
orf19.5171,5414.6303951701675,-1.0035717826601926,0.09785041792817864,6.354314761708453e-25,4.010478538178379e-24
orf19.5178,13352.073639739814,-2.123793715721452,0.09596937276300782,2.7806829391814704e-109,6.1116277839333586e-108
orf19.5188,3533.313018631217,-1.3840134424761026,0.11780352321630394,8.457241468643056e-33,6.846965142317763e-32
orf19.5190,758.0888960687828,2.1775778748941415,0.1549879312135503,1.406388044713541e-45,1.4438608840628163e-44
orf19.5191,358.8810192670611,-1.2952271466692677,0.19945471466976028,3.198919537270537e-11,1.1429682742783453e-10
orf19.5198,2271.1598863030576,3.038382726969895,0.11792713890063103,2.4878567227871816e-147,8.004743125586386e-146
orf19.5201.1,923.3393294078778,1.455219947455037,0.14638787108832088,8.718953904556964e-24,5.248188068683179e-23
orf19.5203,388.6859563384754,2.291318686889647,0.20384524137639745,3.37804114967555e-30,2.549665399791389e-29
orf19.5204,368.96507025946926,1.9150111731608441,0.20763154292142122,5.675935363443215e-21,3.1242670668970504e-20
orf19.5206,347.26895560190314,2.041602092708213,0.22444458995190783,1.3832366226133235e-20,7.501444829150622e-20
orf19.5207,470.0193154542005,2.6391060581327945,0.19001324743082668,8.432741589963583e-45,8.558889919439462e-44
orf19.5210.1,242.1043777582636,1.4035537505347335,0.23645891993656815,1.0191446213284907e-9,3.285899135502293e-9
orf19.5211,9626.156489855404,-2.5128781343890783,0.09328184974059844,1.126319597768596e-160,4.111395865071097e-159
orf19.5213.1,2125.5282654042267,1.073143575802456,0.11560175798591264,8.384686959978758e-21,4.582943608072453e-20
orf19.5216,242.0733933621127,1.254876864793174,0.234030184268426,3.460483954179766e-8,1.0070088970624754e-7
orf19.5220,272.8042046219236,2.84819186209786,0.25300497881230183,1.662752565902367e-30,1.267265142413013e-29
orf19.5224,2570.828797902336,-1.1451635724491755,0.12285700280289569,4.832248037770966e-21,2.6692825001563162e-20
orf19.5225.2,6068.540537821283,-2.7811716477521164,0.10325266126059407,7.507584594236233e-161,2.756608413954269e-159
orf19.5226,1929.7422873255675,-1.8137271536195159,0.11754177801990559,2.1023067304678262e-54,2.490056662538932e-53
orf19.5231.2,403.59941937584796,1.0986379523791645,0.19191075560351417,5.8377169666716936e-9,1.7775136246812056e-8
orf19.5232,663.6014831424723,3.047851017476574,0.176329722194379,6.091536099529188e-68,8.194691451133878e-67
orf19.5238,1049.3177458222308,-1.1929936729428428,0.13866467970581714,3.0887992029203618e-18,1.5205271785984935e-17
orf19.5239,952.0225383242603,-1.2465950792632423,0.14815659745704488,1.9631350145040328e-17,9.411588909780471e-17
orf19.5243,2334.826349437701,-2.0928936123667894,0.11265503234786425,8.31753909382665e-78,1.2947151876225922e-76
orf19.5245,755.5598170456606,-1.0777421058408807,0.1496933579047248,3.1648644177893534e-13,1.2697150804956742e-12
orf19.5250,266.1206448907203,1.5355406452698588,0.22759417169302631,4.971541984696215e-12,1.859338829746781e-11
orf19.526,1121.7671225101553,1.8153762904852104,0.13443029812147497,3.5824900591259593e-42,3.450910948929667e-41
orf19.5260,6843.081688898762,-1.1197411462154427,0.09715025278843827,4.368486279754396e-31,3.3747637819587794e-30
orf19.5263,14880.190619191455,-1.588232776748694,0.09141497588281157,3.966879221763798e-68,5.35958010871204e-67
orf19.5271,156.00608270480618,-1.3849188713114904,0.2878316331495568,5.065365487390559e-7,1.3380453394960589e-6
orf19.5274,1774.8492433557071,-1.6895937272742696,0.1215659675573824,1.261870156919183e-44,1.2786677791379125e-43
orf19.5280,2143.0425765629907,-2.610194865265285,0.11697357582125809,4.542355141218193e-111,1.0235877542051971e-109
orf19.5281,3846.8243063143796,-1.2334101212453872,0.10468300510415197,2.2107717623163483e-32,1.7691842744075188e-31
orf19.5288,2775.388759045957,-2.1738959910178632,0.10908565050212814,6.752492819510374e-89,1.1974164823688568e-87
orf19.5288.1,361.1589565438309,1.1933769074497342,0.2138455223295298,9.512304220794904e-9,2.8628641729123333e-8
orf19.5295,691.7501699154254,1.338860695415499,0.1558642972309188,3.5401441904362636e-18,1.73723113496094e-17
orf19.5297,610.1774912273394,-1.7277914936867744,0.17128699688829113,8.241552947002643e-25,5.165037499517118e-24
orf19.5299,1195.8530570813045,4.1271677695488656,0.15360191065224202,8.41971646811297e-160,3.0555738484861138e-158
orf19.5305,628.4826473338558,-2.675764464722919,0.1832632542581802,2.185527234288284e-49,2.3933440344609595e-48
orf19.5308,90.10666927209147,1.9113038813401,0.3835691661076058,1.2802946628056398e-7,3.5439464679524626e-7
orf19.5312,1214.5079419601523,-1.1489607286796188,0.13090081427905045,6.800006287018682e-19,3.442468713995995e-18
orf19.5316,759.1712919746468,-1.6068848008889134,0.1531805216880754,2.684060717502276e-26,1.7747782837552128e-25
orf19.5326,520.0005381996683,1.7797154985605177,0.177196651060791,2.3395898218465753e-24,1.4373739830675514e-23
orf19.5341,14363.017424637921,-3.3906719286506295,0.09238228920882255,2.751951308982493e-296,3.0136280825734598e-294
orf19.5342.1,856.9640406659013,1.2398819334521447,0.15492611548859767,5.060678880522093e-16,2.294027419914227e-15
orf19.5342.2,675.530924848144,2.909621477202559,0.19466658757731475,6.505943601394492e-52,7.370254076207698e-51
orf19.5345,5629.256798905645,1.1508444850280073,0.09754376737123363,2.0552047144378253e-32,1.6489187438972888e-31
orf19.535,3232.897880150282,3.1045914955402303,0.11041676808602974,6.608094240012982e-175,2.713666068826384e-173
orf19.5353,77.37639269032456,2.881791446299493,0.44317641970979466,1.0115331641867963e-11,3.7272668304923156e-11
orf19.5356,1526.1151174501872,2.3190653105610304,0.12551054323792749,5.282227035593383e-77,8.141150902758987e-76
orf19.5360,432.2467184105966,1.3917335862078568,0.18496135124960336,1.913676875918672e-14,8.13703750646073e-14
orf19.5362,69.85405365701612,1.8742537911058084,0.4374179719423865,3.7214947754595286e-6,9.127532569123134e-6
orf19.5364,1330.7747658785145,1.5052846548789476,0.13335803106639174,5.954506001168327e-30,4.4459361793412314e-29
orf19.5379,3619.0369497693173,-1.1472373573919143,0.1024767429502942,1.870754567329929e-29,1.3673594858633978e-28
orf19.5382,15.342974144419134,-7.038650994032827,2.759538774266606,1.0987217941582155e-5,2.5802187506153428e-5
orf19.5383,3596.1486895044814,-1.2159799295590297,0.2785594159522465,4.670961385677495e-6,1.1331574414846064e-5
orf19.5384,2964.7874232139343,-1.580599887218685,0.11926030859334338,9.108784920829636e-41,8.614702344820997e-40
orf19.5399,59.84908137676598,-2.062566813617709,0.47556606701117304,2.5278338136960602e-6,6.291363104103194e-6
orf19.54,2702.191427506731,-1.1923571771963728,0.11204154055833812,8.127918036527349e-27,5.455318750968141e-26
orf19.5407,1288.2425114179327,2.825216666495461,0.13517198305385517,6.749271951316864e-98,1.3043020284866832e-96
orf19.541,3224.9569497611583,-3.860662056593817,0.11426456805873338,2.3409045573180394e-251,1.8264907808474003e-249
orf19.5417,2968.783025826262,1.460247758021685,0.10739897938450967,1.3999851324232956e-42,1.3654229994665956e-41
orf19.542,22023.412363299325,-1.2301445351299407,0.08911608048115256,5.747182142047004e-44,5.786114666235064e-43
orf19.542.2,641.9100797923116,1.0371411293013517,0.15970166000962166,4.3927016706228344e-11,1.5596839492621008e-10
orf19.5428,273.81759898425935,1.108005485287474,0.22073082294798632,2.3699846902330934e-7,6.409637970725724e-7
orf19.543,4948.082957979555,1.8219094867057055,0.10244358771130666,9.85922509053122e-72,1.3891937475190943e-70
orf19.5430,944.7300594171973,2.5799288185557523,0.14757698074790845,3.4246304278391937e-69,4.729323701454037e-68
orf19.5436,1465.9664297676159,2.2345411035546405,0.12709720004039035,5.892305285006036e-70,8.191485431850262e-69
orf19.5437,12004.92768234869,2.0063110446508357,0.09159678822195616,6.558054277330737e-107,1.4213671805242521e-105
orf19.5438,475.2621687170964,2.185221469137858,0.18691078544145534,2.2375508846986614e-32,1.7883217186029506e-31
orf19.5446,96.00879331791774,2.054341059671961,0.38443135705789583,1.581444452741682e-8,4.7073801974313684e-8
orf19.5454,744.0318543562813,1.7834125175302755,0.153343614687778,7.223918301667199e-32,5.700593936663294e-31
orf19.5455,7483.4445234055065,2.85232810242973,0.10074367787228192,3.267574053162204e-177,1.387496410873366e-175
orf19.5457,2204.813428168498,1.273667317401161,0.11871460735027865,4.833574514671763e-27,3.2688160477336016e-26
orf19.5466,9888.23212858886,-4.533911574181293,0.10216297816603578,0,0
orf19.5467,704.3965323993348,1.2784954000867865,0.17210639147029388,3.739324837736715e-14,1.5644011821147842e-13
orf19.5469,1906.2118847121524,1.3214708211266282,0.3160449737118615,9.502657612586637e-6,2.245101772057751e-5
orf19.5480,6902.539199734828,-2.2091018676992022,0.09555038318124888,4.71299244326556e-119,1.1185741000328376e-117
orf19.5484,11720.298473968116,-1.9926376818988045,0.09350479699579363,3.317191001754827e-102,6.722696828881049e-101
orf19.5486,2068.498628131974,-1.2408642870474014,0.11946924185481823,1.186625804588607e-25,7.683525178674363e-25
orf19.5486.1,189.30840388726676,1.281063167228136,0.2646567483107674,4.986380093092283e-7,1.3182966768776802e-6
orf19.5491,112.25253651791007,-1.278484987450304,0.33259710170248763,4.625378713892509e-5,1.0238160968835829e-4
orf19.5491.1,2381.513043511579,1.2022862274294832,0.11030042581057994,5.311007887233628e-28,3.68757633282673e-27
orf19.5492,426.71903351905087,1.1314155461816575,0.18437459563955974,3.9394732737222387e-10,1.3003803371006987e-9
orf19.5496,521.7838484712466,-1.7661784770541786,0.17542020519333115,1.8550468097590915e-24,1.1430604330223345e-23
orf19.550,7841.728984054214,-1.23788133520181,0.09410695138572774,6.742675791792685e-40,6.319486830686177e-39
orf19.5500,991.5906095982778,3.3505320553949764,0.15726043431007405,6.62920986633713e-102,1.334823483408915e-100
orf19.5502,489.44328835496106,1.0130059600814705,0.17511654899322754,3.909643882951902e-9,1.2057310828747911e-8
orf19.5504,1176.19549415217,-1.4657770553328824,0.13262962943542858,6.724057687561785e-29,4.8187793439449675e-28
orf19.5505,7346.872190991983,-2.6604017943471603,0.09641236379102974,1.6086693788607606e-168,6.315291989213124e-167
orf19.5507,657.4399146917361,2.5612867460219975,0.1675482020783004,1.4276002344487424e-53,1.6594191179569925e-52
orf19.5508,104.11432394318898,-2.135554202421071,0.3687341519931977,1.1534421695729668e-9,3.7093178889615964e-9
orf19.5514,1467.6496210229961,-1.8621888429194213,0.125479403047028,1.9157664261683785e-50,2.112758662922795e-49
orf19.5517,2305.0234324627872,2.6149473428281786,0.11552660189427283,2.646482895956828e-114,6.095699718288753e-113
orf19.5518,1028.864495204628,-1.0987787827498592,0.13568563569861614,2.900068933565517e-16,1.3271429826477974e-15
orf19.5521,1640.5308859677698,1.3806588185771915,0.12352790999976417,1.855892067879658e-29,1.3580865518997449e-28
orf19.554,262.6284261213762,1.0414860933497045,0.2243978846955043,1.8166526256518296e-6,4.592768606447436e-6
orf19.5542,39.47852505626916,1.6693449965314588,0.5839506026234247,9.055973460725533e-4,0.001729195054813361
orf19.5550,852.0473292734082,2.217295114840688,0.1493963968992525,1.350422604923391e-50,1.4945634574347177e-49
orf19.5552,313.0338211013544,-1.6775368775983828,0.21635249648134533,2.5232203984032346e-15,1.1162254944601693e-14
orf19.5561,1388.6363139405703,-1.3567588654458682,0.12791848873084294,9.98333971497426e-27,6.679100375227153e-26
orf19.5564,369.9325807274839,-1.2800313420394354,0.19670819930229186,2.8723651581825902e-11,1.0310122666691045e-10
orf19.5566,273.0644043162453,1.1139583288688124,0.22683327737147294,4.2313364134062925e-7,1.1234369158860942e-6
orf19.5567,321.852718469897,1.908358294794072,0.21567855979325898,1.937474460339418e-19,1.006132743880087e-18
orf19.5576,1161.9958811990125,-1.5209279833651712,0.13597847567049956,1.3426043223357337e-29,9.871067349846466e-29
orf19.5587,515.4661019858299,-1.0280763708604481,0.1748464385868608,2.275910617304e-9,7.15318936214077e-9
orf19.5589,107.68681518037438,1.2764702072374179,0.342909901791865,7.420576596625405e-5,1.6021874478082247e-4
orf19.5592,343.13581739015376,3.396117387595397,0.23287612027248128,3.899764871610366e-49,4.2408244474898787e-48
orf19.5596,183.39235732992222,1.0609379751357662,0.26195540040871246,2.568726291881293e-5,5.8220731713591256e-5
orf19.5597.1,409.23983048553134,1.2405583102496403,0.18915491591479705,2.3025818218158337e-11,8.303128672313364e-11
orf19.5604,974.04056367564,3.693491139989508,0.15748104282481712,1.3537462377909728e-122,3.4349935025574197e-121
orf19.5608,222.72090284462473,1.850794531198773,0.24924440652531202,2.5809146405372226e-14,1.0885181882590098e-13
orf19.5609,415.39043985092474,1.170381723778759,0.1866296870226299,1.6361659881564807e-10,5.562607896553787e-10
orf19.5611,42.12541951773201,3.0107635061090434,0.6224431428284886,1.409021635261423e-7,3.886483891869997e-7
orf19.5612,13730.909211446007,3.2439524427981357,0.09234298963990552,3.3186601861700645e-271,3.138648012435385e-269
orf19.562,448.29897249746693,1.1251598651670367,0.18439458576398876,4.943892509189387e-10,1.624198791703166e-9
orf19.5620,24321.857151457167,-1.9623185441684927,0.09126212107723061,2.624847706529688e-103,5.443288831946283e-102
orf19.5625,57.82204405252023,-1.5594844571407005,0.4674666042591821,2.2490849221633503e-4,4.627154938742133e-4
orf19.5627,2748.2298598004936,1.0377249814073153,0.11797121564004708,7.822553916850465e-19,3.953715105180616e-18
orf19.5628,1080.6844762130117,1.966525646466838,0.13721274763985636,2.913603749328325e-47,3.046350854825361e-46
orf19.563,1078.2359569504063,4.357661843498313,0.16371615094276934,8.566618842302371e-157,3.07315142607192e-155
orf19.5635,659.3849105143038,-1.0912561003587034,0.15882329729240183,3.0951795788169235e-12,1.168084094980365e-11
orf19.5639,20112.004519541417,-2.670131785824893,0.08967596924272467,2.2579814094929818e-197,1.0925829424848986e-195
orf19.5645,7214.852833032592,-1.57898445517983,0.09600419109372633,2.775459723660277e-61,3.506967529369929e-60
orf19.5655,46.49712371437766,1.7817074645778892,0.5342967832886248,1.7396396841560076e-4,3.609983679688098e-4
orf19.5664,1521.6789985758633,-1.44397026685596,0.1280080088254117,4.5341088574551894e-30,3.4098683720765414e-29
orf19.5673,767.0986424084006,-1.4082748149433977,0.1506627399989623,3.1481754786400407e-21,1.7561136137328984e-20
orf19.5674,1589.3613294755514,-5.443227098397674,0.17237559120252374,1.2221938441733831e-219,7.406732014883745e-218
orf19.5677,375.76478011984176,2.074063065243647,0.20494607293653075,8.611222094594846e-25,5.385896624695494e-24
orf19.5678,697.5900075256387,2.277161584166605,0.1601387634659489,1.2284152965132145e-46,1.2737156612683529e-45
orf19.5683,910.9221767119863,3.704289611822571,0.16392080417421345,8.698881086418627e-114,1.988952957561358e-112
orf19.5685,13473.439487729613,-2.1382971272110383,0.09068659269415383,9.898432908697286e-124,2.5637351956883177e-122
orf19.5686,4370.608684886792,1.9788032318533488,0.1109196837537023,2.1339131709764166e-72,3.0620427616631707e-71
orf19.5698,3931.4588692367033,1.9120211603314199,0.11273574731454611,1.7075006656911342e-65,2.253323288635108e-64
orf19.5702,1129.5606422292624,-1.1737618270276873,0.13464121785166716,1.2291019797362049e-18,6.152409428639448e-18
orf19.5719,176.57166764228083,-1.1986016223027156,0.27180050957970714,4.320501655175361e-6,1.0522267394305349e-5
orf19.5720,3434.4613808856293,-1.4326386794652006,0.10471294695676138,4.132499168018349e-43,4.0750489426177785e-42
orf19.5722,1280.811226262686,1.750975280855209,0.13574252021326244,1.2374156038038688e-38,1.1325437241853005e-37
orf19.5730,1891.0568814948917,1.2390388171554896,0.11570781794464431,3.3700454252401866e-27,2.293982938315076e-26
orf19.5732,1793.319611819466,3.2360125640756943,0.12555368883181275,1.9767532168889272e-147,6.426507072823273e-146
orf19.5735.3,168.0251146328618,1.9595878786637788,0.28528392469004077,1.3709641496384316e-12,5.30208068280241e-12
orf19.5746,5937.444603080148,-1.2385661669387171,0.10771854128397855,5.297331210875113e-31,4.077181432587232e-30
orf19.5749,3279.4646681531426,1.6480064422241913,0.10470072592437052,2.0354939816488152e-56,2.4386858797412483e-55
orf19.5753,300.1136433264191,1.5286408188776779,0.21580070455725664,4.1960799154112153e-13,1.6714697403954567e-12
orf19.5755,1486.7289618963378,3.085654615933274,0.13309994717503584,6.842612390597316e-120,1.668421349301111e-118
orf19.5759,2921.3793719562063,1.2977206092237945,0.112642003423772,3.5510507164965234e-31,2.7534979593007826e-30
orf19.5760,273.7838973081211,2.4861200554222336,0.24466951357838423,3.5786184239853455e-25,2.2934020741803417e-24
orf19.5763,450.8865533691169,2.065785499570515,0.18722994498826737,6.030342637041347e-29,4.326597556369206e-28
orf19.5767,335.9165492495408,1.2765324158100808,0.20387500806772352,1.6317354005174565e-10,5.55056804906265e-10
orf19.5775,301.2935240838612,-1.122826063077321,0.2134839367962614,6.980938073231216e-8,1.9726127412000567e-7
orf19.5779,8498.556645614524,-1.28153359197778,0.0999713370587742,5.653648718122886e-38,5.099721863948419e-37
orf19.5785,204.14321092255287,-1.8934382307401647,0.26121227088216314,9.056618231722669e-14,3.7314462707863294e-13
orf19.5789,1361.8641900495527,1.219309525950315,0.1265642351167714,2.5004227540647695e-22,1.4292709552080853e-21
orf19.579,1206.0526446103975,-1.4031029762052285,0.1305767252793489,2.080194616417698e-27,1.4206318157198327e-26
orf19.5791,9258.155938818292,1.8196514828916763,0.09460375137584436,6.178138521063678e-84,1.0256367193744541e-82
orf19.58,1289.761067312312,1.750994026362588,0.13025078973440715,8.502162262998598e-42,8.139646755465835e-41
orf19.5801,11158.697120987017,-2.13954657236707,0.0961170423802483,1.4656144313401652e-110,3.267273314437611e-109
orf19.5802,533.663936691774,1.4030964320405128,0.17702558051009373,7.63208161257135e-16,3.429766265347039e-15
orf19.5805,10157.347660271043,-2.4304990192139644,0.09735864931925037,1.4505351677472335e-138,4.353000248595304e-137
orf19.5809,4190.630340946018,-2.917077123977954,0.10495408918881768,4.382029722317872e-171,1.753373687609497e-169
orf19.5811,2128.592614001679,-1.614521199035746,0.11833487507398141,6.8274600994499195e-43,6.700787097604779e-42
orf19.5818,2885.5038151045233,-1.117359181912559,0.10619781465426893,3.5387650092208566e-26,2.3276049723452675e-25
orf19.5823,6331.274688328543,1.4336567032410363,0.09551489134584241,2.4108342365134413e-51,2.7065516734382915e-50
orf19.5824,512.4688008344117,1.8321419532316625,0.1760901683205097,5.143361734747978e-26,3.3617658584604063e-25
orf19.5826,49.79358864329123,2.8161170262494517,0.5775578869821929,9.695771371126438e-8,2.709087059022884e-7
orf19.5832,1448.5312153974494,2.1005695772853032,0.12614085215937273,5.656201432945291e-63,7.2348379804189566e-62
orf19.5842,322.3827231603323,-2.732158852988536,0.22712956636841136,3.1481831448018925e-34,2.620127891980455e-33
orf19.5845,239.68331477766836,2.4853073772605674,0.25068108489130186,5.480249933206314e-24,3.311492747635413e-23
orf19.5847,1556.4801467608004,1.5032946748268075,0.12407541828919919,2.8425815983512004e-34,2.3721115423674058e-33
orf19.5850,2240.8566836961286,3.822411813018741,0.1238274392030302,3.053905003915226e-210,1.643316813313693e-208
orf19.5862,760.9907673726926,-1.6872574655230457,0.15237084710360724,2.833513460682652e-29,2.0542149850849144e-28
orf19.5863,71.40821223759104,3.395099072830536,0.4851758671265028,3.1651340359680696e-13,1.2697150804956742e-12
orf19.5865,586.4035677370618,1.04156707443071,0.1639205767308901,1.1075918571225829e-10,3.8260035263747444e-10
orf19.5870,1655.126712049291,-2.778545063298466,0.1321567284640211,3.0970706766080773e-99,6.098395950595463e-98
orf19.5873,2380.7637218195305,-1.1886765071689152,0.1101217778915611,1.5744500177489787e-27,1.0799689022845192e-26
orf19.5876,849.0159532933543,1.1258034235403427,0.1447467683954786,3.630792519127226e-15,1.5926498175960746e-14
orf19.5877,5557.76006408365,-2.3262598328334962,0.09829475342593011,1.3262620598746274e-124,3.47837301585606e-123
orf19.5879,263.85759771546674,-2.4760876960439964,0.24556448515023255,8.610320964552375e-25,5.385896624695494e-24
orf19.5884,938.0455636678545,1.730593047767685,0.14686269480057915,1.1606970392135514e-32,9.384806889599726e-32
orf19.5885,1567.229323967277,1.7166869355071226,0.12301238100475576,7.737969123184653e-45,7.866515190051889e-44
orf19.5893,7493.30981847373,1.0687331253146084,0.09458804750486081,6.840294055788323e-30,5.089048330897582e-29
orf19.59,1838.822040459344,4.413986752812487,0.1464309949328272,6.246234217601166e-201,3.0699995264776757e-199
orf19.590,2623.1720692004055,1.004006458687087,0.11142145906903331,9.507804443996406e-20,4.97883517948201e-19
orf19.5901,2745.5757845378776,-1.7968392408740539,0.12029034961005244,3.1346803930270585e-51,3.5128680454712567e-50
orf19.5902,23.630101291522944,-3.4456681996106795,0.9079483522851094,1.5104902152506387e-5,3.506314586684451e-5
orf19.5904,16751.355679493427,-2.610207110135943,0.09060744044339468,1.911644256599211e-183,8.462754219639912e-182
orf19.5905,86.06770033710139,2.251011646775112,0.42612595341785786,1.527042458544613e-8,4.551957510141106e-8
orf19.5906,3152.2666432362,1.0126843594754948,0.1041770782514093,1.1895667104905865e-22,6.888010581523414e-22
orf19.5912,3054.4973853689835,2.9978383587655304,0.10970029411796407,2.6474489638272417e-165,1.007644904403027e-163
orf19.5917,1472.40451853194,-1.1506922675697744,0.12311591070983781,4.687870544517053e-21,2.5918235552591182e-20
orf19.5925,964.2375112808397,4.51182386367538,0.17439883547062154,1.6720630553464916e-148,5.493167153406737e-147
orf19.5926,112.00300123723164,2.1420134353279017,0.3755429852975262,1.473235048210521e-9,4.694197637024028e-9
orf19.5927,8368.70700103652,-3.9765598014990218,0.09983740407517984,0,0
orf19.5928,3289.458325854482,-4.399540290740564,0.13665587972011017,1.1973808757957095e-229,7.867422554438756e-228
orf19.5932,603.0137344097699,-2.217345076493032,0.1745210966747137,8.098403181941238e-38,7.273414771464347e-37
orf19.5938,1596.3506794753105,-1.3760995857698402,0.12150705316115926,2.8424570004518935e-30,2.1506201935540265e-29
orf19.5940,668.1579265004433,1.158749204271774,0.15625808756966586,5.34798623893096e-14,2.2299352106484336e-13
orf19.5943.1,10907.05942172643,-1.670007943255019,0.09284451240576684,5.2403383029821153e-73,7.624753307042975e-72
orf19.5959,1093.4973894378631,3.2699674964847643,0.14983805660171906,1.355267893455059e-106,2.927191069531653e-105
orf19.596.1,264.86716819503414,1.55786790403071,0.23530350285198756,9.92497924564575e-12,3.661449199250636e-11
orf19.5964.2,5355.050527018155,-3.1626818326951383,0.10389848106195018,1.2253124418013805e-204,6.218211594897738e-203
orf19.5965,1877.9748500287553,-1.0124450855497842,0.12394448044312872,1.5654652851728644e-16,7.232889940820888e-16
orf19.597,11418.463809762077,-1.967525538330555,0.0915497655056936,4.3274802374529473e-103,8.91489493141297e-102
orf19.5978,58.462101515049014,-1.6797768487768368,0.46893480826354283,8.035759174274454e-5,1.727245480916706e-4
orf19.5982,6337.270978813528,-4.211871842817748,0.10739468772283231,0,0
orf19.5987,768.4311857875412,1.7047168480380503,0.1522916908108737,1.0668838646646565e-29,7.871736505008021e-29
orf19.5991,1489.4570903612807,2.799758096285985,0.1288820804580365,1.7467174441972355e-105,3.733907632424364e-104
orf19.5994,147.32771332959564,-1.6383691116391603,0.29903374399766686,1.1382884817377508e-8,3.414318454111985e-8
orf19.5996.1,5805.634106319957,-4.386742701792886,0.11059780558609865,0,0
orf19.600,1664.670817198167,2.1576313163985525,0.12225120003733184,1.86939709431418e-70,2.62219700285598e-69
orf19.6002,10028.141963328224,-4.191168679823599,0.09987278797598594,0,0
orf19.6010,3451.3399036561386,-1.1947398879153612,0.12184236721621151,3.76135384381669e-23,2.2149406314248848e-22
orf19.6014,701.4289673994754,3.273367087268521,0.1754024382920659,1.0649155856289685e-78,1.670151529019101e-77
orf19.6017,103.12156248420803,-2.232077524721792,0.3857543388045049,9.553919556967767e-10,3.0851301538847803e-9
orf19.6021,970.8039471230384,1.2930166667715506,0.13859641198743422,4.2250003069926835e-21,2.3421360494003846e-20
orf19.6022,1078.3635243908443,-2.675040445791229,0.14230048273975235,9.994293836282627e-80,1.591438319542759e-78
orf19.6023,430.14443581028706,1.1089389850752245,0.18460799013171458,9.036234249835052e-10,2.927045884144805e-9
orf19.6025,214.76945517287314,-1.1096654541714301,0.250274396623129,4.387867555083394e-6,1.0673838378343939e-5
orf19.6026,1232.267308274023,-1.6662365151653467,0.1323400346199238,6.207183427239685e-37,5.487994185953274e-36
orf19.603,1486.1801912469537,3.2270302388169765,0.13252915239476457,6.071166138641123e-132,1.699382019614255e-130
orf19.6032,2360.0803839055698,-1.6432969458460718,0.11117480887039556,5.716174319423179e-50,6.281753539056247e-49
orf19.6034,4368.040533541902,-1.0269831367590125,0.11433013839443858,1.2718681758244722e-19,6.637960830682571e-19
orf19.6036,636.6322717975866,-1.5287220301079072,0.16693349653199108,1.9731028020551682e-20,1.0617334215886516e-19
orf19.6037,7504.832212720539,5.5744878108515525,0.1140454059117128,0,0
orf19.6038,741.2122143036306,1.4792213992785659,0.15324369177354402,1.5661931788455623e-22,9.00200536128361e-22
orf19.604,336.0574625932783,1.9094185815535156,0.20943859425255743,1.7267573757390756e-20,9.315833655456621e-20
orf19.6045,2858.974244799015,-2.7829993629186958,0.11346164827956562,8.821002720962013e-134,2.549106434455782e-132
orf19.6052,1129.7640299923664,1.6879078798221734,0.13573142769905833,4.236603671114769e-36,3.6780083609316254e-35
orf19.6054,962.2624865314689,1.1068352464897773,0.13856984052678667,6.678153301470749e-16,3.011924343047718e-15
orf19.6056,2718.143659066391,1.6071710162465278,0.10914479036144605,1.1206738827198178e-49,1.2293930361928123e-48
orf19.6073,5320.36352129539,-1.2034548976378532,0.10137316955233852,7.111414453606984e-33,5.779876174402968e-32
orf19.6074,1347.3234270040753,1.5057467509350653,0.12694270930105506,6.0658201886230254e-33,4.936486260415244e-32
orf19.6077,5082.181626004724,1.4445973268341203,0.09839529246789763,2.951633462891824e-49,3.226636790782971e-48
orf19.6078,882.0549508126519,2.1535818471235193,0.1472602387355418,3.527870214061206e-49,3.843100501949398e-48
orf19.6083,55.45515514044093,4.323768681146913,0.639958372080984,1.8306939443983095e-12,7.010546994438189e-12
orf19.6085,11966.717809528489,-4.319952612768016,0.09544776917478656,0,0
orf19.6086,5796.466050087627,-2.907021707007245,0.10177715634387663,2.7888917345105768e-180,1.2173609934835679e-178
orf19.6090,5726.738650015625,3.048274191714127,0.1003604368753997,1.2966391774565428e-203,6.4748973965469925e-202
orf19.6096,1219.748037961597,-1.0453553241102131,0.13301490773004898,1.9645459836554314e-15,8.696947538990923e-15
orf19.6100,1390.872284159268,1.260929472936148,0.12864703859816815,7.545230960968792e-23,4.393407803952164e-22
orf19.6112,3580.029035665237,1.0770656334817332,0.11792078373447315,2.6211113320680994e-20,1.3983740969888099e-19
orf19.6114,1447.1776725926647,1.1236990884938036,0.14602662685984052,5.655069924505371e-15,2.459856896777876e-14
orf19.6115,25.229415061383875,2.821332844958965,0.8182452862019941,5.7469907844168013e-5,1.25957571897225e-4
orf19.6117,10015.547654591699,3.3287075275661686,0.09517808569485016,3.6314836731718024e-268,3.333488395285058e-266
orf19.6124,2333.5325645298362,-1.7405065445067762,0.12140345907146614,2.1440096827532478e-47,2.24922830920097e-46
orf19.6132,808.8243679064145,1.164807432074169,0.14652038618251878,8.672504930043189e-16,3.891716446680776e-15
orf19.6139,1126.5074720842645,2.036637148567338,0.13798218564816928,4.930732299510097e-50,5.428153617908646e-49
orf19.6140,214.23166116358493,1.0287295659492066,0.24982533449813943,1.9333826758179034e-5,4.4368289200203505e-5
orf19.6143,558.8780995077627,3.218022538705539,0.18540565068393505,2.90862450404181e-68,3.9383154347568277e-67
orf19.6147,5178.298002250849,1.7390047443422987,0.1235533197570869,7.20780601060755e-46,7.424278072312267e-45
orf19.6152,711.0563907365802,1.2433601178508862,0.15327567777948914,2.1282305963099527e-16,9.782338278473288e-16
orf19.6175,578.111844844481,2.6419578423265686,0.1754567662990155,4.158323202020634e-52,4.7279150140278314e-51
orf19.6177,1498.9766640796265,1.0441433385008452,0.12655536285522104,8.036401532456948e-17,3.7519235875539463e-16
orf19.6178,764.2173881772694,1.1718504807513286,0.15131518929184107,4.176290708515648e-15,1.8267979399127313e-14
orf19.6181,57.40437753750965,1.6446194440914688,0.4883903588705698,1.680624896623124e-4,3.494490541213038e-4
orf19.6189,1078.3522023565554,1.1368551363619288,0.13686813405626452,4.607169893554615e-17,2.1687748473278963e-16
orf19.6191,618.4381814980903,1.1282251153948621,0.17598655138402783,6.170900214070727e-11,2.1712942015912895e-10
orf19.6192,992.9910012797023,4.249203401004059,0.18897542528657005,1.2775815075326064e-113,2.9104612299337696e-112
orf19.6196,232.47953376390666,1.971861226573336,0.24844683664441908,4.1928805597941204e-16,1.9089686691637417e-15
orf19.6200,26.945010131515446,-4.679741448414477,1.0203682091758048,9.915757838215708e-7,2.556553507895186e-6
orf19.6202,415.7949830401707,-1.1483374383322478,0.1873181806928755,4.0269932719179774e-10,1.3278653990127848e-9
orf19.6220.4,5237.574343680753,-3.643712286898409,0.10766406644301277,2.2667410207166294e-252,1.813974032219641e-250
orf19.6222.1,149.9621575236269,-6.242343341157241,0.6159366100547086,2.628878893395651e-24,1.6135164260153054e-23
orf19.6225.1,229.7789762286444,1.1224729526912396,0.23928700505204042,1.2068273854084329e-6,3.0898345117799174e-6
orf19.6230,669.009593947077,1.0782071443081482,0.15666351687311084,3.5610025330500924e-12,1.3398298861542301e-11
orf19.6232,2008.509594404541,-1.049048829771897,0.12337204991185716,8.674955206120475e-18,4.191104519860991e-17
orf19.6234,958.7051603693983,2.345709578858657,0.1486912262412411,6.496621250651053e-57,7.813470105310958e-56
orf19.6235,236.00730497688448,1.5060324909234917,0.24690256510993766,3.0320511434685517e-10,1.006705491358016e-9
orf19.6236,1859.5065284770196,4.0577796937939965,0.13424890314821317,1.1971100474605629e-201,5.930445171626059e-200
orf19.6240,1533.2790540203305,-1.4076277975757931,0.13449846660479092,4.3807065099600134e-26,2.872307776803614e-25
orf19.6242,357.7235357915385,-3.472603754478814,0.2399409301630039,1.536378131162427e-48,1.6421356669034025e-47
orf19.6245,3312.333432040159,-1.209814281589923,0.10597606866696896,2.219772033970037e-30,1.6876756438539552e-29
orf19.6247,792.7919918051249,-1.7612348791556276,0.15078859779311432,3.915716037702913e-32,3.1096564258704305e-31
orf19.6253,10446.97092270726,-2.5212272368658777,0.09557902122787978,2.849126588544075e-154,9.991150654883214e-153
orf19.6257,15999.228299902037,-1.114560239853057,0.0920233008470552,4.051384876981015e-34,3.362864947089827e-33
orf19.6259,543.1444425708364,1.8353774507958147,0.17330998998848912,7.697511854307333e-27,5.177572089933876e-26
orf19.6264.4,354.4232581607532,-2.6325186315115805,0.21504582834302785,2.624979263903072e-35,2.2445370637373937e-34
orf19.6265,4117.571491606854,-3.741094645874875,0.10784091869294303,1.0560278514582787e-264,9.029761436715857e-263
orf19.6265.1,5221.826746983721,-3.4353837352728935,0.10933385451004272,1.1178820563580418e-217,6.645542662654188e-216
orf19.6275,642.9122456391399,2.5124895663026403,0.16710859508847128,6.602244722199464e-52,7.46579919492193e-51
orf19.6285,2112.168445529791,-1.4232342415507384,0.1261678526088082,4.748746276034243e-30,3.5669884783400417e-29
orf19.6286.2,1657.0710897991953,-3.0345472289028996,0.12954213548835286,2.3343137886347034e-122,5.899103914436364e-121
orf19.6287,3377.6334242248936,-1.2442460435460112,0.10338607023939046,1.040372245644721e-33,8.555999416751447e-33
orf19.6294,1378.3284791705312,-2.884018842128596,0.14721592527157426,1.500059113579088e-86,2.5794404922756656e-85
orf19.6297,286.98759636589807,1.2356530061783484,0.21748004925031364,5.644852814466341e-9,1.722991260043956e-8
orf19.6298,1110.2705750099285,3.31370021930701,0.14597750192167608,4.25372951861868e-115,9.833992464895481e-114
orf19.6304,124.28736075473596,-1.0804360043864298,0.31428357990227657,2.7693089866059656e-4,5.647182846910955e-4
orf19.6306,581.8177340662055,-1.1985619260524663,0.1659459246379387,2.2090883585857632e-13,8.936571311919853e-13
orf19.6312,7810.972235838381,-3.148758733381703,0.09645966862734377,1.1892151949265638e-234,8.247868051924013e-233
orf19.6313,189.9530638463593,-1.3026648232833986,0.2624079644062432,2.62022802124391e-7,7.040664360139684e-7
orf19.6316,612.4847985382453,-1.7214931435769403,0.16846991775512077,3.881728382911231e-25,2.480015206359458e-24
orf19.6316.4,231.30334851398538,3.805693610836516,0.2979771686978924,1.8212001262986117e-38,1.6547206969950413e-37
orf19.6322,6990.3975125638035,1.7581184485898445,0.09763191108915424,2.4103451225047877e-73,3.5317779940551376e-72
orf19.6323,475.67767145913604,1.2000941309750415,0.17912203818662237,9.203434876442563e-12,3.4033080864191043e-11
orf19.6340,871.9233504206512,1.3381673614619958,0.14598781041410694,1.785449658176527e-20,9.62415955642304e-20
orf19.6342,25.54078636094325,-2.8659325701130514,0.8077287864188405,4.1727948308781235e-5,9.292395766800301e-5
orf19.6350,47.72426289011381,3.3914309380483862,0.6150565783887662,3.5104014611530597e-9,1.0874404923333697e-8
orf19.6355,1586.492951392733,1.856870909088556,0.12219709467784823,8.925218178084725e-53,1.0203518657070487e-51
orf19.6357,539.8975734113168,-1.2029647153604615,0.16959187925517208,4.3640042229574007e-13,1.7361449560038303e-12
orf19.6358,435.88175494401526,-1.2187746369761545,0.1838325916282461,1.431169316569449e-11,5.227243343491223e-11
orf19.6360,307.04824245948464,1.0220096237683864,0.2104952165796461,6.490527381914773e-7,1.6986948393254514e-6
orf19.6366,82.4589219444211,2.721943766881372,0.45341859532408624,1.6231096765584646e-10,5.524236968962888e-10
orf19.6369,2470.937815448835,2.5123975363045292,0.12371963090296001,1.0068052539354778e-92,1.8538284351224932e-91
orf19.6375,4457.704700741752,-3.7341715188128153,0.10624574574921673,1.313615941906798e-271,1.2614754937511128e-269
orf19.6378,868.0097539761222,1.5164184537148593,0.1490234023518703,8.1024584732746645e-25,5.0880830774829435e-24
orf19.6385,20608.465762867076,1.0946786276392553,0.09518658346225133,4.204135109613905e-31,3.251822968303593e-30
orf19.6392,528.0709517393585,1.0747458216592412,0.1725347804953638,2.2686784956978957e-10,7.6093988017981e-10
orf19.6396,3745.418047177077,-1.0227719126074952,0.1071593750968014,6.544686869079976e-22,3.71381231243611e-21
orf19.6399,824.6789359854499,1.1353309111783174,0.1464199993007217,4.259102323478659e-15,1.8617168559631506e-14
orf19.640,208.65407896512792,1.107350904248615,0.25001965139809623,4.437181038543565e-6,1.0789592537042826e-5
orf19.6403.1,2495.7097358518395,-3.921919503987348,0.12268985993155732,1.989523410113129e-225,1.2672046046863419e-223
orf19.6408,1576.7442420376378,1.1662604285178175,0.12070734101697979,2.041011743690658e-22,1.1709554507460558e-21
orf19.6413,365.64727563961776,1.032933710398428,0.19765146392407332,9.21879834716257e-8,2.58229706418955e-7
orf19.6415.1,259.882754251402,-3.0246004342965285,0.27256721968626607,9.068636341535067e-30,6.706922754012072e-29
orf19.6417,1380.0512574002698,1.9532750750383352,0.1271671711434459,6.645201632002614e-54,7.8115534062072165e-53
orf19.6418,1393.2905456847568,2.8547915515365605,0.1321661874521444,2.444211342453138e-104,5.171785491387283e-103
orf19.6420,175.5396771670217,3.23223746189821,0.3219302377301488,9.170320938331063e-25,5.7298441738801295e-24
orf19.6431,186.8651717993428,1.1888065641389574,0.26172170108501597,2.431023776102098e-6,6.0649282215944426e-6
orf19.6435,1848.2691346209103,1.3142953798810397,0.11793018564170225,2.941108336258669e-29,2.1297445748174724e-28
orf19.6442,3429.1925184992647,1.1502399290442853,0.10468686286427956,2.278640621946331e-28,1.603525903290755e-27
orf19.6443,350.94290230776215,1.1759992782263182,0.19962826064312605,1.7881932107319507e-9,5.668817684808957e-9
orf19.6445,965.0869134080056,1.404816919693288,0.13927105484888633,2.6352417124783835e-24,1.6158328849990247e-23
orf19.6449,104.26204002158016,1.7694829033416508,0.3776482703796968,5.329886355484246e-7,1.4025780198538223e-6
orf19.646,16953.365304448063,-1.1194348740757485,0.09011387739061275,1.1614673236573048e-35,9.972323293354741e-35
orf19.6463,1424.1685733720105,1.6842868853183048,0.12588777368021845,2.1566787421750445e-41,2.0521324251000957e-40
orf19.6469,211.8487483869827,-1.0677062459335738,0.2563169050234215,1.508609811355646e-5,3.503252396756675e-5
orf19.6470,1976.86334863354,1.5904309699171857,0.11587318690122633,2.1074035617130467e-43,2.0946517567217894e-42
orf19.6472,28630.287832545713,1.134078171202697,0.09090406339592928,4.8396544845771886e-36,4.1908817130461645e-35
orf19.6477,425.5261995752643,1.1681323882157357,0.1955037510015772,9.8702137742632e-10,3.1856191509281746e-9
orf19.6481,748.9867319391706,-1.3844904306433334,0.15451255871010527,1.1091202913710735e-19,5.793413270910662e-19
orf19.6489,1104.2305526692255,4.749259280560836,0.1861454679337497,4.705181498815978e-145,1.4833203492731987e-143
orf19.6500,2650.519564547181,-1.7990828617092338,0.10899070411779159,6.829023528672045e-62,8.681622172295501e-61
orf19.6511,2261.9987363454366,-1.423219703102135,0.11483332479161022,9.66057747863137e-36,8.317424085740278e-35
orf19.6514,918.8909663337379,1.297028794598186,0.1413839898169643,2.119916862705408e-20,1.137792008341114e-19
orf19.6532,105.24407076916876,1.3082105642212116,0.34204563254868464,4.866483825999613e-5,1.0733778106674765e-4
orf19.6534.2,3559.0188768360686,-1.0076220818826842,0.1024550141625735,4.360167755779402e-23,2.555508650852115e-22
orf19.6536,2391.5029978771067,-2.064842469008824,0.13631284274869482,5.422487157859598e-53,6.2333636904897994e-52
orf19.6541,13832.062359259871,-4.209992672359677,0.09782995702042876,0,0
orf19.6548,2181.2475553686077,1.435249760590312,0.1124668271581614,9.746856685676351e-38,8.728820578478017e-37
orf19.655,52813.75667330937,8.825106988689479,0.12057484387808765,0,0
orf19.656,791.9487769815103,2.4875441096661195,0.15480365885536254,8.133197886765576e-59,1.0113032113384606e-57
orf19.6562,577.463752637402,-1.2754374041808108,0.16742143546858765,1.1141637670520846e-14,4.8062268375529454e-14
orf19.6566,375.1720932461218,-1.3783499981065088,0.1980196812209956,1.2306296366182543e-12,4.777108328215885e-12
orf19.6568,1235.499899246037,-1.3373748924570434,0.1293184156742976,1.8398684461915272e-25,1.1876379360007768e-24
orf19.657,15944.281569684823,2.315454520828129,0.09306946958617844,1.6563617674738285e-137,4.946894809842889e-136
orf19.6570,88.47607399763142,-1.2655250833687566,0.37179456313430675,2.569284789964297e-4,5.255023187481962e-4
orf19.6577,1477.5783241689305,1.2611549042174954,0.12401092905769538,1.1510082904787502e-24,7.170253242682993e-24
orf19.6579,245.62523991389435,-1.7273584945209286,0.24816805043899334,7.719381427665782e-13,3.0342807853583e-12
orf19.658,1495.4139776511129,-1.9092093996852555,0.12474886126775545,1.9224609597233347e-53,2.226345326640641e-52
orf19.6581,666.3136765305435,-1.1866460116286388,0.15702841490379746,1.8232631981584728e-14,7.763171134314588e-14
orf19.6584,2661.0805585671487,-1.3047610979960431,0.10803327334928736,5.531177962606446e-34,4.578993745701516e-33
orf19.6588,866.097335618286,1.0174421207100812,0.39593827057932063,0.004818329614483188,0.008382389479822758
orf19.6589,1182.4482905607615,3.1497639581216976,0.14125718091471715,4.729236880995496e-111,1.0618667845746003e-109
orf19.6592,368.8392144469827,1.7939944419263332,0.2002065120658373,8.031059243820744e-20,4.2196861784452093e-19
orf19.6601.1,2135.0521567831647,1.950149262388694,0.11658709761056535,1.9043840197899734e-63,2.4560258370927714e-62
orf19.6602,703.9751787705122,-1.2722627866305547,0.15679443185679262,1.8308631434335229e-16,8.440360222534749e-16
orf19.6606,192.31938465460138,-1.3031802367217487,0.260587621634847,2.171134807560388e-7,5.889710329766163e-7
orf19.661,1631.9536189375708,3.625097575093316,0.14513351273566966,3.7035047870733424e-139,1.1167766609136137e-137
orf19.6627,795.3175572611135,1.6211267121112416,0.15205306902091054,4.230844578919471e-27,2.8643093125396246e-26
orf19.6629,821.2009951109573,1.3037495889368944,0.1461135975921142,1.824059877933875e-19,9.488151465052706e-19
orf19.663,2533.931521861127,-1.1150178913605993,0.11079126799363266,3.381550270071127e-24,2.0653264956735786e-23
orf19.6632,7927.497040563394,-2.4938501222516494,0.09502575604309953,1.0596620571205403e-152,3.6543704754400065e-151
orf19.6644,20.36029281661803,-2.3414710957499176,0.8698462987507446,8.522143443691577e-4,0.0016312548106569402
orf19.6648,1512.6087796815575,3.349198793629267,0.13270496085698094,1.6877244914016893e-141,5.189544963216426e-140
orf19.6652,844.4587344630354,3.36379245097697,0.16122011162848685,1.25746283419923e-97,2.4151024649451054e-96
orf19.6653,707.874014555836,1.3346877807066102,0.15378311883713316,1.5437750083792756e-18,7.696680193533098e-18
orf19.6654,2323.766972376406,2.3499220598766577,0.11488588024112852,7.978317806772307e-94,1.4821624925557363e-92
orf19.6656,2744.982743509417,1.7511731621426487,0.10980535393872969,7.178911660997393e-58,8.769230252044174e-57
orf19.6659,1974.666621332806,1.0996640716051231,0.11414619712367358,3.402892737900868e-22,1.9398042438335358e-21
orf19.6662,48.925209805223446,-2.3008990393061146,0.536624259292039,2.6874275626317618e-6,6.672602564020468e-6
orf19.6663,6995.847646029102,-3.3870772316202555,0.10820465122664763,1.322531503061869e-216,7.715179104777744e-215
orf19.667.1,3253.768625702932,-2.659911471316069,0.1149820318823034,3.352942891795695e-119,8.04964212714951e-118
orf19.6675,225.66302050229166,3.065026809114838,0.2694377488439302,7.026152483601747e-31,5.3944949326743056e-30
orf19.6676,928.0418138766565,2.4432031713676823,0.1686779051841967,1.40277228143948e-48,1.5044853231521022e-47
orf19.6678,55.50593153037519,-1.4419789627973503,0.47255197554892053,6.715585613189319e-4,0.0013055954388479273
orf19.6679,495.8304176438955,1.0154660988762685,0.17481246378665358,3.385386804382651e-9,1.0497558088900401e-8
orf19.668,1828.07974588296,-1.7245096065247063,0.11998654164060886,1.5801300411717986e-47,1.663266731364986e-46
orf19.6681,438.5332431057473,1.5098157504584997,0.18577501752285697,1.392164565929436e-16,6.446506840156927e-16
orf19.6685,346.5271967680935,1.3176357906305018,0.20290328269821845,3.240928391956794e-11,1.1573155047250747e-10
orf19.6686,881.3795947884801,3.2994260892322393,0.15824935724674527,1.668837599238619e-97,3.1953632805053558e-96
orf19.6690,469.34701342097196,-1.8286540726643872,0.18299208960395286,3.763236255149152e-24,2.2961994823696e-23
orf19.6691,1186.2776197773335,1.1873496600908682,0.13049451491270217,4.6225273183224175e-20,2.4452386034719095e-19
orf19.6692,2040.7627697422918,-1.3393060931910785,0.11772459232080688,1.599236770685985e-30,1.2203466898070805e-29
orf19.670.2,15.524117519324015,-2.7173002808741726,1.1738302696566325,0.0014026080137824106,0.0026095616161042647
orf19.6701,5361.529015609923,-1.276546169922523,0.09897799660343416,2.4430945165375276e-38,2.2133230728921983e-37
orf19.6702,12723.520853789321,-3.051944740316336,0.09249564713324972,1.4317245513465694e-239,1.0155482556256008e-237
orf19.6703,810.404660501108,-1.9182862972841497,0.15750921912254226,7.420460411418864e-35,6.276221394048313e-34
orf19.6704,15.21816095590833,-3.5630853805911094,1.1913808373535602,3.091130501242904e-4,6.280871285403063e-4
orf19.6707,1052.3373071829656,1.7723156193207388,0.13700486956954544,7.044767761077735e-39,6.48575816587717e-38
orf19.6709,426.18627572249767,1.2797465141866795,0.18843604220618856,4.580431384416527e-12,1.717180342434112e-11
orf19.6710,1781.072950203708,1.8112506136705535,0.11880703002626153,4.285658393857088e-53,4.93562355986272e-52
orf19.6713,1601.8098374121985,-1.333115069478865,0.12092785150452036,9.68998283711191e-29,6.9046658526544e-28
orf19.6720,317.00810270812235,1.235686057262239,0.20856066934447423,1.331532581748986e-9,4.257902856187075e-9
orf19.6722,1085.4595704542132,1.4718100043386872,0.13506229930064356,4.6196068557620785e-28,3.2182573653646086e-27
orf19.6727,368.1315175880827,1.069170160252358,0.19613831944222312,2.58374722632494e-8,7.578829974962535e-8
orf19.673,416.9599968995494,1.3718114464735913,0.19130325581940227,3.185509215013175e-13,1.2770679845929505e-12
orf19.6730,646.5499654060507,1.9864105614475196,0.16923934062927742,1.67874091821699e-32,1.3503480427204192e-31
orf19.6731,84.47258971847103,1.8955995699752999,0.4006270516962858,4.395453767717208e-7,1.1650285527851725e-6
orf19.6731.1,513.6334519669364,1.5965218261861431,0.19909504865701183,2.205544888322342e-16,1.0130251061742501e-15
orf19.6732,327.35167617246776,1.2526677263620962,0.20797472693713806,6.325463349658264e-10,2.0672011637993136e-9
orf19.6734,3608.124620300807,-1.0643887891718231,0.10315084366368224,2.997967760704239e-25,1.9272208818038988e-24
orf19.674,1006.3390141982882,1.3128623464478697,0.14110192098260924,5.154228364391745e-21,2.844623647262005e-20
orf19.6747,1628.1835350760964,1.116722807343412,0.11967797587344935,5.3222021711565e-21,2.9347337413744586e-20
orf19.6749,9734.451853449638,-1.04287702892428,0.0954348383051846,3.890443831008532e-28,2.7163479186974557e-27
orf19.6755,2377.437421332737,-2.3846385205600127,0.11401099942181359,5.385584574564841e-98,1.0440005874047744e-96
orf19.6763,52443.561375086545,1.1557253723713277,0.0895096144601764,1.3156815231299411e-38,1.2006555654060077e-37
orf19.6766,911.0350688674707,4.555222356820985,0.18393755697397396,1.8881907722775848e-136,5.559474905922964e-135
orf19.6769,435.00075030362177,-3.1221524307677178,0.20564274536454427,7.907075942679943e-53,9.056140923707927e-52
orf19.677,2578.3644689319044,1.4183012303091822,0.10895728303495654,4.462750557326249e-39,4.1330102342478405e-38
orf19.6770,1282.1354034020937,-1.086055154658822,0.12920578154290707,2.1434138197701678e-17,1.024440203905466e-16
orf19.6779,2888.096540937165,-2.0899715535381063,0.10796173071789433,4.428979282983733e-84,7.431636743114103e-83
orf19.6783,2285.02147088308,-1.5914608177742067,0.11388759851644754,7.194051474546046e-45,7.325492545532858e-44
orf19.6785,4355.035705451283,-4.259104991101586,0.11028870557219494,0,0
orf19.6786,321.4667738088864,-1.5419195549187654,0.21146884937456253,8.205057252160162e-14,3.385060632384913e-13
orf19.6789,608.6823186651768,-1.3466743201788476,0.1659558335805106,1.7235914580113695e-16,7.951705750855113e-16
orf19.679,263.56356825602785,1.6429381074669525,0.22960828468954372,2.3090708843993997e-13,9.328945281825924e-13
orf19.6793,536.5674591589523,1.9077729765960927,0.19333488046467281,8.757407490773726e-24,5.2662560267253945e-23
orf19.68.2,89.02642951248275,1.379793953494116,0.37414657680538077,7.567586146132184e-5,1.6299818055264697e-4
orf19.6804,868.3722494807653,-1.0357059897969765,0.15159282599861443,4.12068909714047e-12,1.5466831836651122e-11
orf19.6807,2164.812358105675,1.5703924831485787,0.11436222508718953,2.0142117846785983e-43,2.0052168995157593e-42
orf19.6810,2410.9963025140382,-1.573153648852545,0.11423356246403198,1.5597126346045541e-43,1.5552278378916338e-42
orf19.6824,1750.4874204691323,8.478022782087317,0.3418110003249176,4.802236651708656e-135,1.40072715794231e-133
orf19.6826,558.1850555175496,1.707155457919618,0.17020804476092635,2.9516797230806073e-24,1.8063122383793284e-23
orf19.6827,273.4351228219431,1.2602314794579967,0.22223149433116604,5.874444932079346e-9,1.7869534730038633e-8
orf19.6828,893.0345165010244,4.983322724280186,0.1941638699913021,4.098777000733645e-146,1.3053350019683372e-144
orf19.6831,1188.8862960136703,2.1980525270786577,0.1341030916729069,3.903184282376159e-61,4.921954806180199e-60
orf19.6832,2614.748770090662,-1.1445856037850974,0.10877386765270192,4.2198585959686445e-26,2.7697536651983467e-25
orf19.6838,336.10742975776407,1.1339531473083613,0.20737340884708705,2.0916539384459e-8,6.158539567820428e-8
orf19.6840,616.9081736486092,1.0651206792646015,0.16049756070751836,1.6251477244389405e-11,5.904640335243228e-11
orf19.6844,1920.653997457232,-5.12093907503338,0.15145246199832665,1.6521191693089766e-251,1.305383272762865e-249
orf19.685.1,117.35290521380912,3.001830134059252,0.38641156158707435,6.442369450815082e-16,2.907684028343293e-15
orf19.6862,539.4122096173837,2.1356936510695057,0.17511957666334463,6.148948655204351e-35,5.222005102827967e-34
orf19.6863,4163.856159960656,-1.3345723148964177,0.1096324760693158,1.5483039174745741e-34,1.3007419990412237e-33
orf19.687.1,7865.1447287754945,-3.0583443600608713,0.09743413083537954,2.6902658045342302e-217,1.5842112407455343e-215
orf19.6873,14174.144629974882,-3.4832069805147903,0.09261859313800377,0,0
orf19.6882.1,4067.1293284437365,-3.780598227888719,0.10865087893679157,2.4604160792444927e-266,2.2257850966150903e-264
orf19.6886,1174.345068899001,4.036809779921472,0.1531610694776976,4.4278826454547395e-154,1.5440694677613678e-152
orf19.6887,1718.0843635953984,1.4852753631171889,0.1195421072244602,7.731766283638208e-36,6.665978610838356e-35
orf19.689,27309.64386217507,8.217671085522566,0.12251118923209564,0,0
orf19.6896,535.6023316206156,-1.6071903056593,0.17219086989516338,2.8698530563377156e-21,1.6037263005962418e-20
orf19.6899,459.2345929830138,-2.547460612764383,0.19327186504072197,1.3502118996127331e-40,1.2731152080638489e-39
orf19.69,39.83460849082138,-2.9977112660169953,0.6352698109571002,2.8294016883399366e-7,7.579882119578491e-7
orf19.6902,1149.5345860918549,3.4410265667187643,0.14551021291898078,1.3860373717564798e-124,3.6199352612987225e-123
orf19.6903,602.082355669382,1.7074893297784992,0.16489939513714755,1.1839988406991892e-25,7.674476390077195e-25
orf19.6906,8461.37658975103,-2.3714072925229095,0.09438328874648602,8.809966443811147e-141,2.695676987366136e-139
orf19.691,3570.9061953860555,1.0993219473675597,0.10896061165561849,2.8977253240647516e-24,1.7750344919344632e-23
orf19.6910,166.02939531309653,-1.768255720487469,0.28527817557617624,1.3932045769639402e-10,4.757321099239012e-10
orf19.6917,121.32320825880855,1.4284635427541197,0.322299816088229,3.066707571367753e-6,7.590162038254368e-6
orf19.6920,376.61440803872216,2.7394948932587084,0.21373626534056436,1.590205774980488e-38,1.4469481701790388e-37
orf19.6936,1000.4586414010327,-1.1660242177905658,0.13851532759556923,1.7245569919478024e-17,8.286901265387361e-17
orf19.6937,6429.18274633043,-1.5975523256198074,0.09676019394151629,6.3699907402398175e-62,8.114588204199376e-61
orf19.6938,1934.6975063280022,2.2135129739871378,0.12052858191307168,4.3219814589896846e-76,6.532156965378598e-75
orf19.6943,414.5006839100254,2.3561020458771957,0.20983791090177714,3.3412930957860285e-30,2.5249820222634853e-29
orf19.6947,2555.218847401884,1.343628846832797,0.10912616383424116,3.0069202453189603e-35,2.567605495387271e-34
orf19.6948,2106.320942109845,1.1348706848223764,0.112678535925209,5.088293018699169e-24,3.0806134842599624e-23
orf19.695,652.030193824403,1.7023390487740557,0.16250968420567524,2.965401431230365e-26,1.9545972263716938e-25
orf19.6955,1101.4957116026408,2.841037673505769,0.14283356164198663,5.444673006107747e-89,9.68252105530614e-88
orf19.6966,822.4519984139662,-1.5938635948032043,0.14771399145503572,1.1057014638532807e-27,7.643176674830762e-27
orf19.697,1027.575978263018,-1.152644243840754,0.13751005146274917,2.366812146264394e-17,1.1286204291048395e-16
orf19.6971,179.7958727398908,-1.393138214636605,0.2708140338142301,9.17870574961636e-8,2.572675405887082e-7
orf19.6973,1980.9337201877063,-2.392062130618552,0.11850001282572,1.414473528574103e-91,2.5968069898116326e-90
orf19.6975,10450.967978561072,-3.814254419455383,0.09558243199882759,0,0
orf19.6983,279.1679022223346,-2.323881866688091,0.23692906423891105,1.5018348541713534e-23,8.936561639406662e-23
orf19.6985,2258.3650134226646,-1.9608129230274538,0.11306639899852722,5.485417292440531e-68,7.395242924279438e-67
orf19.6986,267.1709783648904,-1.1349305359056774,0.22401499671545605,1.8851677378157852e-7,5.138522715915342e-7
orf19.6989,42.45252801792745,1.4452723239126752,0.5470552963150503,0.002261359045966146,0.004087866540666285
orf19.6990,454.90789844744626,1.0367194994027344,0.18012707585523094,4.23795131457309e-9,1.3024762238092186e-8
orf19.6994,19114.883916451865,-2.915387179964064,0.0895959177799226,5.058947153001468e-235,3.5480840594421537e-233
orf19.6997,31.643253300122534,1.7431929260863128,0.6397578458522285,0.0013186272914308536,0.0024643328003327507
orf19.700,909.3863779004078,-1.266885108919877,0.14188691209719742,1.7326162144249053e-19,9.020008682602384e-19
orf19.7009,86.19102875134932,1.0584138305053792,0.37972505098254083,0.0024612193094115014,0.004431188615329274
orf19.7011,1535.106893178627,3.0224087227940197,0.13367281512593288,3.077249179579911e-114,7.06183433049184e-113
orf19.7015,16971.9816519581,-3.732480553117862,0.09163436753672365,0,0
orf19.7016,3631.295935916731,1.6733785377725712,0.10475208090917905,6.2623719453191955e-58,7.664652094643611e-57
orf19.7018,7488.875909784889,-2.956727964027048,0.09703327985710147,6.147325478931712e-205,3.171207077643946e-203
orf19.7019,453.77388429207116,-1.0839882309081472,0.18200563405129855,1.284185975147338e-9,4.11493267806452e-9
orf19.7020,1686.9522758197147,-1.0486449577029422,0.11846370733757573,4.1001651863429947e-19,2.092659942203841e-18
orf19.7029,84.2362987296258,2.860092103830926,0.4231223794896356,1.7817804478464835e-12,6.831617663057586e-12
orf19.704,4468.5040977344615,1.196094807886311,0.10123960383481907,1.4526974887496837e-32,1.170030674164584e-31
orf19.7048.1,835.1079905427363,-3.265757109580923,0.16248761046823573,8.060094415978622e-91,1.4582930244793783e-89
orf19.7050,868.9466838967646,3.0289835254030995,0.15561731592283282,2.639388109970454e-85,4.4891173249143255e-84
orf19.7053,587.0507800637317,-1.5091319707123616,0.1713551934571379,3.765426691853814e-19,1.9297038924919137e-18
orf19.7056,165.31693532167253,2.0635126207062364,0.28996319001047444,2.0372112713069367e-13,8.278823408527278e-13
orf19.7057,3987.576005342247,-1.166496427876938,0.1043650527100252,3.3389984494636046e-29,2.415067012926051e-28
orf19.706,1610.4704450348488,2.114614481362454,0.1226133472307577,2.235544294025459e-67,2.9880658422498747e-66
orf19.7062,3079.771817010151,2.778027285619368,0.11891806806647413,6.78742930372307e-122,1.694685348553576e-120
orf19.7063,509.05906276296696,1.5528125409255775,0.17899411313217875,1.194657455970061e-18,5.9847928091212845e-18
orf19.7064,1947.2677708361161,-1.2402118919727676,0.11665705057628474,9.365315874819576e-27,6.272349966805128e-26
orf19.7068,700.0494254134594,2.5691507146219674,0.16253530596655377,4.113687920927752e-57,4.96666150917428e-56
orf19.7069,762.124044328851,1.048193492672092,0.15101745762373966,2.572391022613466e-12,9.737334604701791e-12
orf19.7071,1112.9494612626208,8.656260109319499,0.5728756768713051,4.7172888297463014e-52,5.353693977322984e-51
orf19.7077,1802.4019625179594,5.19793476501662,0.15494808414898562,1.3270102158437525e-247,9.860949722972266e-246
orf19.7078,850.0912387075881,2.174033681211949,0.1516852165696986,2.295860193160793e-47,2.4044898197499447e-46
orf19.708,518.1133936730416,-1.0166464102448884,0.17118294638225925,1.5270910810074071e-9,4.860837596964934e-9
orf19.7080,987.8079175920366,1.2575210371735523,0.14548600722741847,2.06335044089909e-18,1.0229891542567212e-17
orf19.7085,4983.735282448124,3.69883256411906,0.11656644408794962,1.2599092789358049e-222,7.786488830809202e-221
orf19.7088,593.1898359458895,1.8144378045867957,0.1702569576808177,3.5888584076405394e-27,2.4376119891721707e-26
orf19.7095,2595.9783789764547,-1.2699823462642148,0.11253633700346054,6.354170906687698e-30,4.738677992777134e-29
orf19.7098,4200.829306676782,-1.0994780962458537,0.09990149825836442,1.862468218165669e-28,1.3136188268689386e-27
orf19.7100,1401.4223780148404,-1.6439452171129463,0.12705204998031822,5.253986970430149e-39,4.858575802877777e-38
orf19.7107,1556.9336367156786,3.959153911954312,0.1408310826935942,6.139178521084535e-175,2.537798167457594e-173
orf19.7108,7349.881415444796,1.2569747308979597,0.09885282963393349,1.9014290897213628e-37,1.690700908552813e-36
orf19.7111.1,4406.2386215736415,7.041757432039123,0.17050410208744202,0,0
orf19.712,393.25411698565273,-1.80744125248081,0.19636910508635852,6.661365422157238e-21,3.657013453395381e-20
orf19.7153,1308.3856840014225,-1.2704279805584113,0.13948061582396187,2.1132861763553863e-20,1.1352093212401308e-19
orf19.7154,1503.0038461320607,2.755371304202783,0.1284969289419056,5.920128720301259e-103,1.2115883105613265e-101
orf19.716,978.4869624512532,-2.2161107388841312,0.14428706405605013,5.0081960279791195e-54,5.909481967229804e-53
orf19.7160,1251.55504352851,2.9284797406895704,0.14557100433482462,4.1061517969678907e-91,7.516304843599288e-90
orf19.7163,238.02659418570457,1.0186320915307543,0.23393662441860233,7.076818106717448e-6,1.690528075856499e-5
orf19.7166,4794.73987704283,3.491603445536803,0.10378201171912316,3.7561415875436894e-249,2.824799492704543e-247
orf19.7167,14.942601705656463,-4.099641143453549,1.2944514435581482,2.473607824385743e-4,5.069028246820686e-4
orf19.718,336.59078980892673,1.3163725431786886,0.2098040815880154,1.2766154330175233e-10,4.371164856223467e-10
orf19.7182,713.6695175919269,1.2327141347527368,0.15299270123925443,3.362541089652638e-16,1.5342822720476438e-15
orf19.7187,1429.7872493238651,1.8210155780660688,0.12559047416442568,2.936934636345088e-48,3.1337343589856475e-47
orf19.7188,2571.889284772456,-2.637064354916827,0.11345154442429538,2.348381830948222e-120,5.748470348540706e-119
orf19.7194,379.91366243360045,1.6939015769869141,0.20494160861549837,3.393441839137427e-17,1.6059032570049902e-16
orf19.7197,1268.303671780307,3.9878571532378575,0.1591027998874282,5.844060318857374e-140,1.7708070150634822e-138
orf19.7199,861.6748850968723,1.0087951951783072,0.14509598303542312,1.959530007810236e-12,7.476397499236854e-12
orf19.720,59.43552359093934,2.746361494946387,0.5219520309518837,1.379244792925225e-8,4.119256458104906e-8
orf19.7200,757.6195224976917,1.77004087189658,0.1554763137039363,1.1902366953736818e-30,9.093583173222182e-30
orf19.7209,22.591582979292383,2.259331290775276,0.8002692989145304,6.37511585946983e-4,0.0012439347669525064
orf19.7215,2255.2209256024676,2.0919469330927707,0.11572158020560816,8.440789598414002e-74,1.2455652168628888e-72
orf19.7215.3,1319.7488735903808,1.2031574582355586,0.13675702175361729,4.533566607936519e-19,2.3081992468792618e-18
orf19.7217,18042.80236425269,-2.5417027971384902,0.08955095220403501,8.057908279837058e-179,3.4687905850167525e-177
orf19.7221,5666.73790839724,-1.874467379429182,0.097151304822593,1.382109906790699e-83,2.2702973784704062e-82
orf19.7224,4571.686457469625,-1.6132844704283378,0.10132013409267393,1.1802804554218433e-57,1.4389278520982707e-56
orf19.7227,86.47500288846467,2.0584341105304786,0.40253644957292456,5.48808917275916e-8,1.5656605400531387e-7
orf19.7231,1359.1344659258682,5.7187368171948085,0.19510001107840944,8.731673933343758e-190,3.978329101600857e-188
orf19.7242,3051.517493330209,-1.2955849698768214,0.10542105472810229,4.0890399231388964e-35,3.4773552043914157e-34
orf19.7244,5072.017241470174,-2.19812837537949,0.10585749498923454,1.0607539438239533e-96,2.0125307347565702e-95
orf19.7247,2025.1537759014684,1.3384337988221162,0.1169960365629075,9.810930654835614e-31,7.523320534088932e-30
orf19.725,80.37299958192213,-1.2080332443617747,0.3921618142319846,8.041604776197691e-4,0.001545434021337007
orf19.7258,3047.0022643116386,1.7185386651019685,0.11361238599436112,2.2692101298496748e-52,2.5847462829419106e-51
orf19.7269,2883.0925251844046,-2.6971044002831692,0.12164273380708651,4.444425206063126e-110,9.837624871009232e-109
orf19.727,433.4069504049561,-1.4557943408801006,0.1921468706211418,1.0951378687975115e-14,4.727420869318165e-14
orf19.7271,1492.636519701679,1.0117992285735518,0.12276373468249209,1.1668462134206193e-16,5.4152074826553945e-16
orf19.7276.1,215.2321668356983,1.195046759228773,0.2461532007876034,5.286198904521787e-7,1.392255424558017e-6
orf19.7279.1,462.8231911921707,-1.891118284503452,0.1848128053623481,3.0767898071655777e-25,1.9751582624648967e-24
orf19.7283,24.15219145786819,2.0422891789804467,0.8016038976652646,0.0013316237371097748,0.0024863880846662323
orf19.7284,13803.618516830276,2.1399984878075093,0.090816167130006,2.0814056703346936e-123,5.324645161569327e-122
orf19.7285,1144.6211515888126,-1.0460365637399311,0.13253330686450968,1.4621937987467798e-15,6.5099955005544924e-15
orf19.7288,875.7902922123089,1.4347252205125547,0.1451240393306659,1.6129048708715222e-23,9.588335432361945e-23
orf19.7291,889.1558369951771,1.2326005050793731,0.14209482794017358,1.7969748198975626e-18,8.937622968765407e-18
orf19.7297,18372.586384000955,-1.642422986912071,0.08896100899928866,1.2528436015638854e-76,1.9073779904784812e-75
orf19.7306,1613.062315893467,2.3098803472476956,0.12481466000115093,2.9262355413047813e-77,4.5323975803534605e-76
orf19.7310,17052.72225536858,2.398146327888063,0.09192005652911883,4.0894535647191784e-151,1.3798037378906547e-149
orf19.7311,452.71683184166227,1.5831466089393524,0.1830948713524045,1.5746958319785949e-18,7.844574128659528e-18
orf19.7312,11299.21751429776,-2.838214112908991,0.0925925824519922,5.300754644743131e-208,2.804009363770053e-206
orf19.7313,502.6551670345299,-1.331776504463777,0.17608806124782284,1.4580740044013206e-14,6.25089143919852e-14
orf19.7314,486.6678004409583,1.7555276967818991,0.17901933214278712,2.6857837183128504e-23,1.5860607350717894e-22
orf19.7320,52.942278742018615,1.970887820013469,0.4982291653056612,1.4404298879290001e-5,3.352409903226256e-5
orf19.7322,1876.4068684515148,2.0951681249747716,0.11931157316775216,9.241041555946194e-70,1.2818351420492474e-68
orf19.7328,3017.217353128125,-1.4719912336353287,0.10617554664536794,3.262474016144554e-44,3.2898809061024728e-43
orf19.733,1872.4661644647751,3.012799254853305,0.12298737594049082,2.241295778056179e-133,6.447082141302613e-132
orf19.7330,39.63334823185517,3.217692339837608,0.6664725423635569,1.275967803794801e-7,3.5335363936500216e-7
orf19.7331,659.2659652737817,3.2018077076874847,0.17549815584711428,3.0080985979096826e-75,4.513594098113519e-74
orf19.7332,1747.4451358494719,1.2987555604079306,0.1184647761474463,2.296079500646558e-28,1.6139784057472766e-27
orf19.7341.1,300.4191691727435,1.2244051832800265,0.22200863490630549,1.4160612669920688e-8,4.22516942091993e-8
orf19.7344,450.36256331499794,-1.1257293705686005,0.1925132135246684,2.140558380174404e-9,6.748164348004359e-9
orf19.7350,29248.694362276565,2.3652391289810417,0.09523704435722238,3.9110429258648415e-137,1.1570014191112958e-135
orf19.7354,1173.628336657944,1.6163118839253747,0.13851238390708337,4.774261623215399e-32,3.78665070547783e-31
orf19.7366,515.2358530649299,2.0608972033305375,0.17787314754199368,9.511009567156606e-32,7.477043037555609e-31
orf19.7368,2395.316770154505,-1.1043817191477117,0.10992239320270612,4.5505927597860136e-24,2.7658033112545566e-23
orf19.7370,521.4356471973183,-2.3289199852786147,0.18084523857219353,9.523687469623172e-39,8.742184880204095e-38
orf19.7374,2811.6226318458544,-1.074008726989127,0.10698742323970437,4.756867648818467e-24,2.885555671907179e-23
orf19.7377,871.8093141848625,-1.3216748241971845,0.14379187857076586,1.4765010390666604e-20,7.993338669431131e-20
orf19.7381,881.6945386694671,-1.007742598291854,0.14323879314910715,1.0154159256991364e-12,3.953977671998758e-12
orf19.7384,1713.5992383735145,3.070865355879226,0.1427111735089472,4.081174960690041e-104,8.606315575887579e-103
orf19.7385,189.6011014528896,3.0507256709299853,0.29926797649889136,2.127148908715556e-25,1.3716594512605889e-24
orf19.7387,755.5240464101389,1.5016967253036217,0.15819780657719118,5.97143954759537e-22,3.397787206571586e-21
orf19.7394,2204.3066527978517,-1.1073617557524338,0.11362528960597244,8.849270629534599e-23,5.1431235818952475e-22
orf19.7396,1078.8789466073872,3.9504725701763697,0.16271380743952113,1.9490570488026794e-131,5.431256294029609e-130
orf19.74,665.8301290185366,-1.3122579813754158,0.15752860928905116,3.120205341260959e-17,1.4799636580661782e-16
orf19.7402,2102.8735789899442,-1.0117863151047528,0.11915668893914944,1.0845304648790754e-17,5.2315604032265755e-17
orf19.7410,1169.7924192556407,-1.0236530369288608,0.13405987571671604,1.8383241526874238e-14,7.821962754652284e-14
orf19.7411,194.8404320967985,1.4948357088704796,0.2647967591181966,5.0120208630227375e-9,1.53282872253738e-8
orf19.7417,13788.508340620803,1.3504572689477254,0.09291354709584042,3.219901802588834e-48,3.429799838184216e-47
orf19.742,76.91757170948935,1.0923544770742761,0.4098371657096336,0.0032597265235233155,0.005790328104676305
orf19.7420,1091.2449613934025,1.056664507797315,0.1425698605992692,6.041871375622671e-14,2.514224075109114e-13
orf19.7422,1470.8045634711493,3.1970178771005453,0.13272404355051687,3.3304816035369395e-129,9.198613349237865e-128
orf19.7424,2004.2245827326792,3.5972916749812005,0.3814161575176667,1.5548725685355023e-22,8.945174721473368e-22
orf19.7434,61.8851843127921,1.3417610016945574,0.4420353240248355,8.116322465020004e-4,0.0015573957831741428
orf19.7441,249.0934070460484,1.6236308469768759,0.23705828767758683,1.904108383449894e-12,7.278288138085877e-12
orf19.7442,462.776669744616,2.347550901105759,0.18788036352541837,1.4354453933294043e-36,1.260203958531947e-35
orf19.7448,12604.559778436904,-2.3577607979112556,0.09114831325634201,2.2854359673902086e-148,7.468948329031248e-147
orf19.7459,3186.483252915011,-1.5551263551692336,0.10799980647414031,1.379297864832513e-47,1.4543204851832003e-46
orf19.7460,314.3056956518387,1.1204786166402472,0.20843495041329138,3.716016418677993e-8,1.076351484240744e-7
orf19.7468,796.4699622400786,-1.4599103997987017,0.1508114797180877,1.1794171554693472e-22,6.835582065403588e-22
orf19.7469,8953.258490124235,-2.8304646005225758,0.09428954416093256,2.7427606923125913e-199,1.3375243938605621e-197
orf19.7473,579.0585150753925,-1.3115962234306116,0.16846218384227787,2.6076508024406776e-15,1.1503149334865518e-14
orf19.7475,2382.3113546292298,2.586760115484986,0.11678578442827238,1.2871057759850788e-109,2.8389096302822833e-108
orf19.7488,212.80659490188313,2.398348979646242,0.2660466526514835,2.966131708472082e-20,1.5783967710385962e-19
orf19.7491,418.78205343171817,-1.2967556991845148,0.18756859965648712,1.841566327279717e-12,7.0478583782219465e-12
orf19.7501,9049.752016938814,2.013437743961599,0.09592112344377077,1.563607427475102e-98,3.069194201981002e-97
orf19.7502,2222.557093966062,3.9275039796771085,0.12730712987104226,1.2141321892323662e-210,6.647906250165289e-209
orf19.7504,587.2850308763764,2.2018306846293436,0.17052877891194093,6.663085909152486e-39,6.143424260698644e-38
orf19.7507,612.0691599003075,-1.2057941554621223,0.18777991263389188,4.6275612298031004e-11,1.6402746846354885e-10
orf19.7509.1,5492.9061756502,1.335825901980966,0.10464720913092874,1.1318724082959838e-37,1.0107507256914924e-36
orf19.7509.2,1081.6541287138082,1.311316351053918,0.13616520648258942,2.3106783238647516e-22,1.323234320877411e-21
orf19.751,206.00536944677611,2.6932653746319177,0.2728220554249802,7.511295844324799e-24,4.525628249061331e-23
orf19.7512,594.0936415176218,1.1262018540401448,0.16278796257398234,2.211681504206346e-12,8.417875578814641e-12
orf19.7513,413.3578305894173,1.3555942858869674,0.18970534545243317,3.300192572378916e-13,1.32050013056341e-12
orf19.7514,376.6238232800497,2.0371188196904604,0.2045183166587388,3.9292630536419195e-24,2.3951621075032092e-23
orf19.7520,1580.006548340872,1.6766070546178145,0.1226267924503383,4.052239856415765e-43,4.002228035403039e-42
orf19.753,1484.6361587185943,1.1106675755910196,0.1262655468341452,6.7186423409096055e-19,3.4040394068147534e-18
orf19.7531,1279.988718495316,1.0571101406706254,0.12944071585890432,1.9353803906223708e-16,8.909029792230706e-16
orf19.7539,295.22675313064053,2.0717702741013766,0.22390474530195661,4.1942003961414735e-21,2.3271287886857848e-20
orf19.7544,3247.1412414984416,1.5987603011107967,0.11828844780886097,3.419089554251365e-42,3.29860231802736e-41
orf19.7546,507.3907040340127,1.4526919800847735,0.17432921747857685,2.5712426553299457e-17,1.2242331544294068e-16
orf19.7549,1056.2198975013544,-1.3640812289069382,0.13760990909245455,1.1776135742154825e-23,7.04086583357571e-23
orf19.7552,1688.9674288055678,2.84701806636802,0.1362604889792946,3.8175674208198104e-98,7.446642450236643e-97
orf19.756,267.623951931859,-2.9039384528269863,0.25938819377211014,3.549088852072309e-30,2.675532924472869e-29
orf19.7569,4896.9946320719755,2.3719597462933013,0.10024000544140498,1.1843364116696635e-124,3.119252270735038e-123
orf19.7576,122.2764160144595,1.4540670486698708,0.32375530177012385,2.224470323673927e-6,5.5741243518155975e-6
orf19.7583,2020.4331680088637,-1.0751113130463117,0.11460107644417014,3.464653687077192e-21,1.9292032394947217e-20
orf19.7596,4400.500663328571,7.21049897714606,0.16596921060628056,0,0
orf19.7597,49.57585380095707,5.411913831378594,0.8568156939239203,8.329439763086132e-11,2.9062248742975757e-10
orf19.7599,1147.1725696585836,2.2901466498137313,0.13581374912283925,1.4513823481314107e-64,1.891342091239304e-63
orf19.76,1909.1134328176715,3.435417959762464,0.12530295235449204,1.0214335396792636e-166,3.911526475262554e-165
orf19.7601,307.70608775618217,1.5013049188595113,0.2133629548325213,6.240378525176077e-13,2.4591188607417346e-12
orf19.7602,2225.1462591913146,1.0234684854438238,0.11111280044988983,1.7978429357766264e-20,9.682601902603711e-20
orf19.7603,411.8416302518573,2.11252995533246,0.19717787660520392,1.72790229854808e-27,1.1826278670545082e-26
orf19.7618,1032.8384150345473,3.237252691123562,0.15052794926947122,3.070994706522585e-103,6.347400317256283e-102
orf19.762,6465.304043325199,10.11171607839092,0.3112454552731918,1.8068428959694375e-230,1.1998205698554498e-228
orf19.7624,968.9619254807636,1.970136021627794,0.14306473471337056,7.926970546440755e-44,7.955008062842957e-43
orf19.7634,1240.5328896159904,-1.0767329311184874,0.12935444154096196,4.050023340887256e-17,1.9093841158473e-16
orf19.7635,1918.0520186866513,2.966804003355905,0.1232709795481731,6.151538839941144e-129,1.6915376845335956e-127
orf19.7637,2036.7853681068639,-2.647996072037174,0.12670194323607503,4.0374129026784804e-98,7.850944342217779e-97
orf19.7638,5766.195897339043,-1.9168917983257951,0.09741809195112233,2.224878137660808e-87,3.8470053560328984e-86
orf19.764,926.8497390438132,-1.027878506755754,0.1432942684681384,3.7808144418858487e-13,1.5089414160007332e-12
orf19.7645,6490.680543706737,-1.881906695944157,0.095794117921443,1.0434976025458459e-86,1.7993127168760137e-85
orf19.7650,950.3290549653273,2.8830493046140817,0.14923278914090723,4.662755071288318e-84,7.802926851201523e-83
orf19.7657,398.90761529211636,3.882450108224902,0.2295990881961814,4.741220235539654e-65,6.217373258453471e-64
orf19.7664,1036.9867071175381,3.3345537515916046,0.15356673199512616,1.3947031478391284e-105,2.9916622160865424e-104
orf19.7680,1995.7747305914797,1.7117064378413944,0.12508082674380863,2.6777712455243594e-43,2.657336743173776e-42
orf19.769,2202.11987173916,1.2636012879797276,0.11399850338570006,5.770064775854127e-29,4.144619600791882e-28
orf19.772.1,127.75623022889971,2.0084432413111846,0.3251818688726395,1.3481594354833725e-10,4.608549395557071e-10
orf19.773,305.9162230655365,2.4737842417296494,0.23447124349117032,6.339559937104884e-27,4.27800358134148e-26
orf19.787,1164.4443700999832,1.142762229271809,0.15561513914275582,7.876109591867011e-14,3.2536516262365244e-13
orf19.787.1,487.9616217664092,-1.0163629426153586,0.17480483800305188,3.2455015182081057e-9,1.008383298987307e-8
orf19.789,33983.56591925347,-2.4288962339206757,0.09602916582575069,3.0927662777201e-142,9.604501047526798e-141
orf19.792,173.0605433989915,1.217849406840981,0.2957989310969601,1.3923916502837399e-5,3.2442361631471085e-5
orf19.797,11727.21599808283,-3.6271202288411986,0.09360499053027814,0,0
orf19.8,329.4745144070458,-1.7775396905117002,0.2111863600373585,9.218157286483064e-18,4.4500957294839357e-17
orf19.804.1,1822.0216146253274,1.6769590299959378,0.11760719125761315,1.2268744798733334e-46,1.2737156612683529e-45
orf19.809,1093.5971178377722,3.6846063964442948,0.15374711044207934,6.742320267660887e-128,1.814032892704278e-126
orf19.813,4326.350020606342,3.012119743729933,0.10430203431016384,2.3428095339683707e-184,1.0445583650736122e-182
orf19.822,1485.7396169171657,5.367251192098661,0.17408867518073798,1.0612116045023684e-209,5.661609260943405e-208
orf19.827.1,4122.002351234508,-2.244300066312359,0.11160240783456922,4.572096465973697e-91,8.344744485557842e-90
orf19.8278,125.717734943519,4.732723700489411,0.9191600691974189,6.230687474160022e-9,1.8925523704966838e-8
orf19.828,621.1026240742777,-1.7217149417210609,0.16568412112922118,6.7715127340571e-26,4.416696184533377e-25
orf19.834,479.8819086398215,-1.9798452138457041,0.18269405308206982,4.728656483197984e-28,3.290554489199756e-27
orf19.836,171.05609931015744,-1.2398347394275797,0.2778303378429783,3.1917695470258555e-6,7.884062331830387e-6
orf19.836.1,183.59857035091406,1.8369707988202673,0.27198486294177987,3.0917391224737082e-12,1.1674915669982387e-11
orf19.838.1,5977.459783004596,-2.8027684435660056,0.09884573389680182,8.751151589385354e-178,3.741417001434478e-176
orf19.84,2656.102240674052,-1.7431897334600037,0.10882202940778422,2.9402664297497137e-58,3.6199493204137504e-57
orf19.840,8264.865921565428,-3.4629677044154223,0.09738207462730637,5.61245506298288e-278,5.560784841768117e-276
orf19.842,3003.1604394590854,1.9896819856751378,0.10775958550432294,8.136704074717262e-77,1.24789451681536e-75
orf19.85,1259.9063982780997,-2.3205641431964072,0.13289270400512115,4.110255271112262e-69,5.6387282202819204e-68
orf19.851,423.0139099671751,-1.300349189280457,0.1908366076119647,3.58043908937187e-12,1.346331373244531e-11
orf19.852,431.7049131177615,1.3363488498666367,0.18591927766543473,2.555019890081506e-13,1.0295954908901717e-12
orf19.853,110.47192309187673,1.2111913745364924,0.33438376110762624,1.206391807994732e-4,2.5448657848435206e-4
orf19.854,198.67185352122723,-1.2723374872246624,0.25741337704254436,3.037317172195105e-7,8.122936499075342e-7
orf19.86,2076.6619197346226,1.933258384125875,0.11561628952428853,1.7843146079812434e-63,2.305940327747189e-62
orf19.864,1660.4035491124703,-1.3168453358034002,0.12088122831405568,4.926286349234946e-28,3.424262738521663e-27
orf19.87,101.80243059349209,1.7658162803632955,0.357287124502252,1.828498602285731e-7,4.992777023389122e-7
orf19.88,22479.584383032947,-1.7556502189763639,0.08830713021550546,1.4311206028634328e-88,2.5163534656545204e-87
orf19.882,3753.373697494217,1.5192953635290154,0.10377783696531301,4.4836041747878584e-49,4.858794663025315e-48
orf19.898,2228.008285868143,-2.0844012457884964,0.11506265616845895,5.215826894056875e-74,7.714974282631046e-73
orf19.9,622.6034264120318,-1.2542328837041257,0.1610134492322963,2.7629348732205566e-15,1.2179547654408697e-14
orf19.906,2422.6821544272716,-1.467945111782551,0.11487887462476509,6.268197255764132e-38,5.645900039030262e-37
orf19.908,3157.150085348378,-2.489803855648772,0.10739860162365804,1.2348867129015285e-119,2.9992851602845683e-118
orf19.910,739.0883866621562,1.239071151393238,0.15467379945776827,4.4195483402972853e-16,2.0092367618452775e-15
orf19.913.2,1729.5508941146752,1.2201106022252535,0.12040173521719323,1.675535343111489e-24,1.0344897736599323e-23
orf19.920,787.4916538800946,1.9527826218945896,0.15979647557019044,3.9781896926149015e-35,3.3877026004505067e-34
orf19.921,480.73135194431825,-2.633360023431472,0.19496205566225797,1.6826634852291803e-42,1.6360101985670627e-41
orf19.922,16053.411884426338,-2.850112517636654,0.09200722016375436,1.1502232867063363e-211,6.410440853232991e-210
orf19.923,3805.140331758699,-2.992370472118348,0.10704585716135036,7.740046154230079e-173,3.157736476778049e-171
orf19.926,1534.4506961708569,-1.183585389570696,0.1216214988315784,9.02005720650444e-23,5.232639134107873e-22
orf19.93,4411.915065049687,3.081245319891606,0.10306458034609806,2.4621696145028332e-197,1.1822202102866682e-195
orf19.938,13.323136998853544,-2.217123345344341,1.1266327495530757,0.0050874787583575455,0.008811332522105383
orf19.94,1527.7981446917636,1.1352082578396359,0.12277161632554015,1.1244225055714894e-20,6.124472320922545e-20
orf19.940,830.9940517576806,-1.003621780057332,0.15991546791441427,1.7559311207296113e-10,5.956805464996866e-10
orf19.944,2910.094219133834,-2.4051694826657566,0.11026448547350318,4.705837403537147e-106,1.0128909335475472e-104
orf19.946,1475.1448837315588,-1.512797475577801,0.12689511146712043,2.4939931363339642e-33,2.0429796793958802e-32
orf19.951,417.68900067069774,-1.7354641783270959,0.1917832149873777,3.543260050706352e-20,1.882300360553962e-19
orf19.962,1081.2628461144227,4.180508230020129,0.16004382773040648,2.6044705866662853e-151,8.835383370636387e-150
orf19.966,786.2341665857973,1.5293535471631299,0.14938856173599355,4.246942769700652e-25,2.6995332758117588e-24
orf19.967,1125.6894498026227,1.3797140558255976,0.13571518390178847,1.0182347101379085e-24,6.349471589091732e-24
orf19.968,7902.200363589978,1.5999148672167796,0.09529696956122614,8.388785899973676e-64,1.0886237336306795e-62
orf19.969,5443.084077132058,2.2924378016810496,0.09812675090436526,9.998264766864e-122,2.476554312490678e-120
orf19.97,2746.0212597951136,-1.5717948645122637,0.11018366222993366,1.117513120954971e-46,1.1625861501668215e-45
orf19.970,622.645447579456,3.2488070950214394,0.17896291117972188,1.8611723575778625e-74,2.7726581995229158e-73
orf19.976,1685.872296198889,-1.0533856244942919,0.11847095291941014,3.2829290718748147e-19,1.6865879231804603e-18
orf19.984,39.13485130345875,1.8086085099972646,0.5755903248499435,3.367784503486937e-4,6.802397709743354e-4
orf19.985,721.3772538992198,-1.2950170604511737,0.15407024908242933,1.813744231477644e-17,8.702068787765915e-17
orf19.988,2033.22301838587,1.5561816219701157,0.11541696166776776,5.937672078428084e-42,5.693233350775438e-41
orf19.994,346.692432064274,1.779229211188936,0.20628112666864148,1.6173771810560164e-18,8.050772220216631e-18
orf19.996,332.972938249053,2.9854859009765593,0.23046033351573708,2.56473016236268e-39,2.3858488336017657e-38
RDN18,42029.749954398314,1.9033983172201792,0.30625023942608254,9.070716046640259e-11,3.150774043579772e-10
RDN25,126251.88666065953,1.5041282120423287,0.345848296950011,3.52979397439676e-6,8.694938432590598e-6
RDN5,67.18279622086536,1.6769429841317338,0.5319688187700385,2.1557948718273735e-4,4.4440130746190444e-4
RDN58,633.7968184941033,1.4678060430684203,0.1974061298629208,2.1507659914682683e-14,9.101750046606734e-14
RPR1,76.65252926931005,-1.1579623258531784,0.3987174741776402,0.001515704884920028,0.0028040989601869635
snR10c,301.1306125267277,-1.6252506272967502,0.22921951050189088,3.192359410750497e-13,1.2789927754752633e-12
snR17A,1586.839973594708,1.2464283019432134,0.121363109099227,5.638544789242737e-25,3.5659368363174434e-24
snR66,13.408745116280885,2.2601544690898545,1.2549094237732583,0.004714982897154409,0.008214045002522418
